<?xml version="1.0" encoding="utf-8"?><kml xmlns="http://www.opengis.net/kml/2.2" xmlns:xsi="http://www.w3.org/2001/XMLSchema-instance" xmlns:kmlx="http://www.google.com/kml/ext/2.2" xmlns:atom="http://www.w3.org/2005/Atom" xmlns:gpxx="http://www.garmin.com/xmlschemas/GpxExtensions/v3"><Document><Style id="point"><IconStyle><scale>0.9</scale><Icon><href>http://maps.google.com/mapfiles/kml/shapes/placemark_circle.png</href></Icon></IconStyle></Style><Folder><name>Tracks</name><Folder><name>[109] Outeniqua Pass</name><Folder><name>Points</name><Style><ListStyle><listItemType>checkHideChildren</listItemType></ListStyle></Style><Placemark><TimeSpan><begin>2020-02-24T09:06:29Z</begin><end>2020-02-24T09:06:29Z</end></TimeSpan><Style><IconStyle><scale>0.9</scale><Icon><href>http://connect.garmin.com/image/main/icons/kml/grn-play.png</href></Icon></IconStyle></Style><Point><altitudeMode>clampToGround</altitudeMode><coordinates>22.373309964314103,-33.873320007696748,638.45000000000005</coordinates></Point></Placemark><Placemark><TimeSpan><begin>2020-02-24T09:06:29Z</begin><end>2020-02-24T09:06:38Z</end></TimeSpan><styleUrl>#point</styleUrl><Point><altitudeMode>clampToGround</altitudeMode><coordinates>22.376151010394096,-33.874050993472338,653.35000000000002</coordinates></Point></Placemark><Placemark><TimeSpan><begin>2020-02-24T09:06:38Z</begin><end>2020-02-24T09:06:51Z</end></TimeSpan><styleUrl>#point</styleUrl><Point><altitudeMode>clampToGround</altitudeMode><coordinates>22.380532985553145,-33.874984988942742,657.20000000000005</coordinates></Point></Placemark><Placemark><TimeSpan><begin>2020-02-24T09:06:51Z</begin><end>2020-02-24T09:07:03Z</end></TimeSpan><styleUrl>#point</styleUrl><Point><altitudeMode>clampToGround</altitudeMode><coordinates>22.384341973811388,-33.875978998839855,666.80999999999995</coordinates></Point></Placemark><Placemark><TimeSpan><begin>2020-02-24T09:07:03Z</begin><end>2020-02-24T09:07:09Z</end></TimeSpan><styleUrl>#point</styleUrl><Point><altitudeMode>clampToGround</altitudeMode><coordinates>22.385702021420002,-33.877024976536632,677.38999999999999</coordinates></Point></Placemark><Placemark><TimeSpan><begin>2020-02-24T09:07:09Z</begin><end>2020-02-24T09:07:13Z</end></TimeSpan><styleUrl>#point</styleUrl><Point><altitudeMode>clampToGround</altitudeMode><coordinates>22.386609027162194,-33.877734001725912,684.60000000000002</coordinates></Point></Placemark><Placemark><TimeSpan><begin>2020-02-24T09:07:13Z</begin><end>2020-02-24T09:07:14Z</end></TimeSpan><styleUrl>#point</styleUrl><Point><altitudeMode>clampToGround</altitudeMode><coordinates>22.386878002434969,-33.877881020307541,685.55999999999995</coordinates></Point></Placemark><Placemark><TimeSpan><begin>2020-02-24T09:07:14Z</begin><end>2020-02-24T09:07:15Z</end></TimeSpan><styleUrl>#point</styleUrl><Point><altitudeMode>clampToGround</altitudeMode><coordinates>22.387156030163169,-33.878004988655448,687.48000000000002</coordinates></Point></Placemark><Placemark><TimeSpan><begin>2020-02-24T09:07:15Z</begin><end>2020-02-24T09:07:16Z</end></TimeSpan><styleUrl>#point</styleUrl><Point><altitudeMode>clampToGround</altitudeMode><coordinates>22.387444032356143,-33.878111019730568,689.39999999999998</coordinates></Point></Placemark><Placemark><TimeSpan><begin>2020-02-24T09:07:16Z</begin><end>2020-02-24T09:07:17Z</end></TimeSpan><styleUrl>#point</styleUrl><Point><altitudeMode>clampToGround</altitudeMode><coordinates>22.387744020670652,-33.878201963379979,690.84000000000003</coordinates></Point></Placemark><Placemark><TimeSpan><begin>2020-02-24T09:07:17Z</begin><end>2020-02-24T09:07:18Z</end></TimeSpan><styleUrl>#point</styleUrl><Point><altitudeMode>clampToGround</altitudeMode><coordinates>22.388049960136414,-33.878277987241745,692.28999999999996</coordinates></Point></Placemark><Placemark><TimeSpan><begin>2020-02-24T09:07:18Z</begin><end>2020-02-24T09:07:19Z</end></TimeSpan><styleUrl>#point</styleUrl><Point><altitudeMode>clampToGround</altitudeMode><coordinates>22.388366041705012,-33.878342024981976,694.21000000000004</coordinates></Point></Placemark><Placemark><TimeSpan><begin>2020-02-24T09:07:19Z</begin><end>2020-02-24T09:07:32Z</end></TimeSpan><styleUrl>#point</styleUrl><Point><altitudeMode>clampToGround</altitudeMode><coordinates>22.392635028809309,-33.87906395830214,718.24000000000001</coordinates></Point></Placemark><Placemark><TimeSpan><begin>2020-02-24T09:07:32Z</begin><end>2020-02-24T09:07:38Z</end></TimeSpan><styleUrl>#point</styleUrl><Point><altitudeMode>clampToGround</altitudeMode><coordinates>22.394495978951454,-33.879441982135177,728.34000000000003</coordinates></Point></Placemark><Placemark><TimeSpan><begin>2020-02-24T09:07:38Z</begin><end>2020-02-24T09:07:39Z</end></TimeSpan><styleUrl>#point</styleUrl><Point><altitudeMode>clampToGround</altitudeMode><coordinates>22.394738970324397,-33.879554970189929,729.77999999999997</coordinates></Point></Placemark><Placemark><TimeSpan><begin>2020-02-24T09:07:39Z</begin><end>2020-02-24T09:07:42Z</end></TimeSpan><styleUrl>#point</styleUrl><Point><altitudeMode>clampToGround</altitudeMode><coordinates>22.395339030772448,-33.879873985424638,732.65999999999997</coordinates></Point></Placemark><Placemark><TimeSpan><begin>2020-02-24T09:07:42Z</begin><end>2020-02-24T09:07:43Z</end></TimeSpan><styleUrl>#point</styleUrl><Point><altitudeMode>clampToGround</altitudeMode><coordinates>22.395542962476611,-33.879950009286404,734.10000000000002</coordinates></Point></Placemark><Placemark><TimeSpan><begin>2020-02-24T09:07:43Z</begin><end>2020-02-24T09:07:44Z</end></TimeSpan><styleUrl>#point</styleUrl><Point><altitudeMode>clampToGround</altitudeMode><coordinates>22.395752007141709,-33.879987979307771,734.10000000000002</coordinates></Point></Placemark><Placemark><TimeSpan><begin>2020-02-24T09:07:44Z</begin><end>2020-02-24T09:07:45Z</end></TimeSpan><styleUrl>#point</styleUrl><Point><altitudeMode>clampToGround</altitudeMode><coordinates>22.395978989079595,-33.880014969035983,735.54999999999995</coordinates></Point></Placemark><Placemark><TimeSpan><begin>2020-02-24T09:07:45Z</begin><end>2020-02-24T09:07:46Z</end></TimeSpan><styleUrl>#point</styleUrl><Point><altitudeMode>clampToGround</altitudeMode><coordinates>22.396215023472905,-33.880013963207603,737.47000000000003</coordinates></Point></Placemark><Placemark><TimeSpan><begin>2020-02-24T09:07:46Z</begin><end>2020-02-24T09:07:47Z</end></TimeSpan><styleUrl>#point</styleUrl><Point><altitudeMode>clampToGround</altitudeMode><coordinates>22.396465977653861,-33.879998037591577,738.90999999999997</coordinates></Point></Placemark><Placemark><TimeSpan><begin>2020-02-24T09:07:47Z</begin><end>2020-02-24T09:07:51Z</end></TimeSpan><styleUrl>#point</styleUrl><Point><altitudeMode>clampToGround</altitudeMode><coordinates>22.397454958409071,-33.879927964881063,744.67999999999995</coordinates></Point></Placemark><Placemark><TimeSpan><begin>2020-02-24T09:07:51Z</begin><end>2020-02-24T09:07:52Z</end></TimeSpan><styleUrl>#point</styleUrl><Point><altitudeMode>clampToGround</altitudeMode><coordinates>22.397671965882182,-33.879952020943165,746.12</coordinates></Point></Placemark><Placemark><TimeSpan><begin>2020-02-24T09:07:52Z</begin><end>2020-02-24T09:07:53Z</end></TimeSpan><styleUrl>#point</styleUrl><Point><altitudeMode>clampToGround</altitudeMode><coordinates>22.397869024425745,-33.880001977086067,747.08000000000004</coordinates></Point></Placemark><Placemark><TimeSpan><begin>2020-02-24T09:07:53Z</begin><end>2020-02-24T09:07:54Z</end></TimeSpan><styleUrl>#point</styleUrl><Point><altitudeMode>clampToGround</altitudeMode><coordinates>22.398040015250444,-33.880086969584227,747.55999999999995</coordinates></Point></Placemark><Placemark><TimeSpan><begin>2020-02-24T09:07:54Z</begin><end>2020-02-24T09:07:55Z</end></TimeSpan><styleUrl>#point</styleUrl><Point><altitudeMode>clampToGround</altitudeMode><coordinates>22.398193990811706,-33.880194006487727,748.51999999999998</coordinates></Point></Placemark><Placemark><TimeSpan><begin>2020-02-24T09:07:55Z</begin><end>2020-02-24T09:07:56Z</end></TimeSpan><styleUrl>#point</styleUrl><Point><altitudeMode>clampToGround</altitudeMode><coordinates>22.398329023271799,-33.880329038947821,749.49000000000001</coordinates></Point></Placemark><Placemark><TimeSpan><begin>2020-02-24T09:07:56Z</begin><end>2020-02-24T09:07:57Z</end></TimeSpan><styleUrl>#point</styleUrl><Point><altitudeMode>clampToGround</altitudeMode><coordinates>22.39843999966979,-33.880490977317095,750.45000000000005</coordinates></Point></Placemark><Placemark><TimeSpan><begin>2020-02-24T09:07:57Z</begin><end>2020-02-24T09:07:58Z</end></TimeSpan><styleUrl>#point</styleUrl><Point><altitudeMode>clampToGround</altitudeMode><coordinates>22.398521974682808,-33.880665991455317,750.92999999999995</coordinates></Point></Placemark><Placemark><TimeSpan><begin>2020-02-24T09:07:58Z</begin><end>2020-02-24T09:07:59Z</end></TimeSpan><styleUrl>#point</styleUrl><Point><altitudeMode>clampToGround</altitudeMode><coordinates>22.398544019088149,-33.880821978673339,752.37</coordinates></Point></Placemark><Placemark><TimeSpan><begin>2020-02-24T09:07:59Z</begin><end>2020-02-24T09:08:00Z</end></TimeSpan><styleUrl>#point</styleUrl><Point><altitudeMode>clampToGround</altitudeMode><coordinates>22.39852599799633,-33.880989030003548,753.80999999999995</coordinates></Point></Placemark><Placemark><TimeSpan><begin>2020-02-24T09:08:00Z</begin><end>2020-02-24T09:08:01Z</end></TimeSpan><styleUrl>#point</styleUrl><Point><altitudeMode>clampToGround</altitudeMode><coordinates>22.398474030196667,-33.881165971979499,754.76999999999998</coordinates></Point></Placemark><Placemark><TimeSpan><begin>2020-02-24T09:08:01Z</begin><end>2020-02-24T09:08:02Z</end></TimeSpan><styleUrl>#point</styleUrl><Point><altitudeMode>clampToGround</altitudeMode><coordinates>22.398388031870127,-33.88133998028934,756.21000000000004</coordinates></Point></Placemark><Placemark><TimeSpan><begin>2020-02-24T09:08:02Z</begin><end>2020-02-24T09:08:03Z</end></TimeSpan><styleUrl>#point</styleUrl><Point><altitudeMode>clampToGround</altitudeMode><coordinates>22.398282000795007,-33.881512982770801,757.17999999999995</coordinates></Point></Placemark><Placemark><TimeSpan><begin>2020-02-24T09:08:03Z</begin><end>2020-02-24T09:08:04Z</end></TimeSpan><styleUrl>#point</styleUrl><Point><altitudeMode>clampToGround</altitudeMode><coordinates>22.39816197194159,-33.881697971373796,758.62</coordinates></Point></Placemark><Placemark><TimeSpan><begin>2020-02-24T09:08:04Z</begin><end>2020-02-24T09:08:10Z</end></TimeSpan><styleUrl>#point</styleUrl><Point><altitudeMode>clampToGround</altitudeMode><coordinates>22.397488988935947,-33.882814021781087,769.66999999999996</coordinates></Point></Placemark><Placemark><TimeSpan><begin>2020-02-24T09:08:10Z</begin><end>2020-02-24T09:08:11Z</end></TimeSpan><styleUrl>#point</styleUrl><Point><altitudeMode>clampToGround</altitudeMode><coordinates>22.397426040843129,-33.882995992898941,771.11000000000001</coordinates></Point></Placemark><Placemark><TimeSpan><begin>2020-02-24T09:08:11Z</begin><end>2020-02-24T09:08:12Z</end></TimeSpan><styleUrl>#point</styleUrl><Point><altitudeMode>clampToGround</altitudeMode><coordinates>22.397393016144633,-33.883178969845176,770.63</coordinates></Point></Placemark><Placemark><TimeSpan><begin>2020-02-24T09:08:12Z</begin><end>2020-02-24T09:08:13Z</end></TimeSpan><styleUrl>#point</styleUrl><Point><altitudeMode>clampToGround</altitudeMode><coordinates>22.397394021973014,-33.883375022560358,772.08000000000004</coordinates></Point></Placemark><Placemark><TimeSpan><begin>2020-02-24T09:08:13Z</begin><end>2020-02-24T09:08:14Z</end></TimeSpan><styleUrl>#point</styleUrl><Point><altitudeMode>clampToGround</altitudeMode><coordinates>22.397417994216084,-33.883566968142986,773.03999999999996</coordinates></Point></Placemark><Placemark><TimeSpan><begin>2020-02-24T09:08:14Z</begin><end>2020-02-24T09:08:15Z</end></TimeSpan><styleUrl>#point</styleUrl><Point><altitudeMode>clampToGround</altitudeMode><coordinates>22.397456970065832,-33.883752962574363,774.96000000000004</coordinates></Point></Placemark><Placemark><TimeSpan><begin>2020-02-24T09:08:15Z</begin><end>2020-02-24T09:08:21Z</end></TimeSpan><styleUrl>#point</styleUrl><Point><altitudeMode>clampToGround</altitudeMode><coordinates>22.397757964208722,-33.884812016040087,782.16999999999996</coordinates></Point></Placemark><Placemark><TimeSpan><begin>2020-02-24T09:08:21Z</begin><end>2020-02-24T09:08:22Z</end></TimeSpan><styleUrl>#point</styleUrl><Point><altitudeMode>clampToGround</altitudeMode><coordinates>22.397877993062139,-33.884966997429729,783.13</coordinates></Point></Placemark><Placemark><TimeSpan><begin>2020-02-24T09:08:22Z</begin><end>2020-02-24T09:08:23Z</end></TimeSpan><styleUrl>#point</styleUrl><Point><altitudeMode>clampToGround</altitudeMode><coordinates>22.39803004078567,-33.8850980065763,784.57000000000005</coordinates></Point></Placemark><Placemark><TimeSpan><begin>2020-02-24T09:08:23Z</begin><end>2020-02-24T09:08:24Z</end></TimeSpan><styleUrl>#point</styleUrl><Point><altitudeMode>clampToGround</altitudeMode><coordinates>22.398208994418383,-33.885212000459433,785.52999999999997</coordinates></Point></Placemark><Placemark><TimeSpan><begin>2020-02-24T09:08:24Z</begin><end>2020-02-24T09:08:25Z</end></TimeSpan><styleUrl>#point</styleUrl><Point><altitudeMode>clampToGround</altitudeMode><coordinates>22.39839599467814,-33.885310990735888,786.98000000000002</coordinates></Point></Placemark><Placemark><TimeSpan><begin>2020-02-24T09:08:25Z</begin><end>2020-02-24T09:08:26Z</end></TimeSpan><styleUrl>#point</styleUrl><Point><altitudeMode>clampToGround</altitudeMode><coordinates>22.39859196357429,-33.885390032082796,787.94000000000005</coordinates></Point></Placemark><Placemark><TimeSpan><begin>2020-02-24T09:08:26Z</begin><end>2020-02-24T09:08:27Z</end></TimeSpan><styleUrl>#point</styleUrl><Point><altitudeMode>clampToGround</altitudeMode><coordinates>22.398781981319189,-33.885466977953911,788.89999999999998</coordinates></Point></Placemark><Placemark><TimeSpan><begin>2020-02-24T09:08:27Z</begin><end>2020-02-24T09:08:28Z</end></TimeSpan><styleUrl>#point</styleUrl><Point><altitudeMode>clampToGround</altitudeMode><coordinates>22.398961018770933,-33.885552976280451,789.38</coordinates></Point></Placemark><Placemark><TimeSpan><begin>2020-02-24T09:08:28Z</begin><end>2020-02-24T09:08:29Z</end></TimeSpan><styleUrl>#point</styleUrl><Point><altitudeMode>clampToGround</altitudeMode><coordinates>22.399113988503814,-33.885665964335203,789.86000000000001</coordinates></Point></Placemark><Placemark><TimeSpan><begin>2020-02-24T09:08:29Z</begin><end>2020-02-24T09:08:30Z</end></TimeSpan><styleUrl>#point</styleUrl><Point><altitudeMode>clampToGround</altitudeMode><coordinates>22.399240974336863,-33.885794961825013,790.82000000000005</coordinates></Point></Placemark><Placemark><TimeSpan><begin>2020-02-24T09:08:30Z</begin><end>2020-02-24T09:08:31Z</end></TimeSpan><styleUrl>#point</styleUrl><Point><altitudeMode>clampToGround</altitudeMode><coordinates>22.399333007633686,-33.885939968749881,791.29999999999995</coordinates></Point></Placemark><Placemark><TimeSpan><begin>2020-02-24T09:08:31Z</begin><end>2020-02-24T09:08:32Z</end></TimeSpan><styleUrl>#point</styleUrl><Point><altitudeMode>clampToGround</altitudeMode><coordinates>22.39938497543335,-33.886100985109806,791.77999999999997</coordinates></Point></Placemark><Placemark><TimeSpan><begin>2020-02-24T09:08:32Z</begin><end>2020-02-24T09:08:33Z</end></TimeSpan><styleUrl>#point</styleUrl><Point><altitudeMode>clampToGround</altitudeMode><coordinates>22.399401990696788,-33.886265018954873,792.25999999999999</coordinates></Point></Placemark><Placemark><TimeSpan><begin>2020-02-24T09:08:33Z</begin><end>2020-02-24T09:08:34Z</end></TimeSpan><styleUrl>#point</styleUrl><Point><altitudeMode>clampToGround</altitudeMode><coordinates>22.399377012625337,-33.886427963152528,792.25999999999999</coordinates></Point></Placemark><Placemark><TimeSpan><begin>2020-02-24T09:08:34Z</begin><end>2020-02-24T09:08:35Z</end></TimeSpan><styleUrl>#point</styleUrl><Point><altitudeMode>clampToGround</altitudeMode><coordinates>22.399323033168912,-33.886585962027311,792.25999999999999</coordinates></Point></Placemark><Placemark><TimeSpan><begin>2020-02-24T09:08:35Z</begin><end>2020-02-24T09:08:36Z</end></TimeSpan><styleUrl>#point</styleUrl><Point><altitudeMode>clampToGround</altitudeMode><coordinates>22.399226976558566,-33.886727029457688,791.77999999999997</coordinates></Point></Placemark><Placemark><TimeSpan><begin>2020-02-24T09:08:36Z</begin><end>2020-02-24T09:08:37Z</end></TimeSpan><styleUrl>#point</styleUrl><Point><altitudeMode>clampToGround</altitudeMode><coordinates>22.399096973240376,-33.886842029169202,791.29999999999995</coordinates></Point></Placemark><Placemark><TimeSpan><begin>2020-02-24T09:08:37Z</begin><end>2020-02-24T09:08:38Z</end></TimeSpan><styleUrl>#point</styleUrl><Point><altitudeMode>clampToGround</altitudeMode><coordinates>22.398936040699482,-33.886944958940148,790.82000000000005</coordinates></Point></Placemark><Placemark><TimeSpan><begin>2020-02-24T09:08:38Z</begin><end>2020-02-24T09:08:39Z</end></TimeSpan><styleUrl>#point</styleUrl><Point><altitudeMode>clampToGround</altitudeMode><coordinates>22.398749962449074,-33.887026011943817,790.34000000000003</coordinates></Point></Placemark><Placemark><TimeSpan><begin>2020-02-24T09:08:39Z</begin><end>2020-02-24T09:08:40Z</end></TimeSpan><styleUrl>#point</styleUrl><Point><altitudeMode>clampToGround</altitudeMode><coordinates>22.398542007431388,-33.887092983350158,790.34000000000003</coordinates></Point></Placemark><Placemark><TimeSpan><begin>2020-02-24T09:08:40Z</begin><end>2020-02-24T09:08:49Z</end></TimeSpan><styleUrl>#point</styleUrl><Point><altitudeMode>clampToGround</altitudeMode><coordinates>22.396545019000769,-33.88772196136415,781.69000000000005</coordinates></Point></Placemark><Placemark><TimeSpan><begin>2020-02-24T09:08:49Z</begin><end>2020-02-24T09:08:51Z</end></TimeSpan><styleUrl>#point</styleUrl><Point><altitudeMode>clampToGround</altitudeMode><coordinates>22.396176969632506,-33.88787099160254,779.28999999999996</coordinates></Point></Placemark><Placemark><TimeSpan><begin>2020-02-24T09:08:51Z</begin><end>2020-02-24T09:08:52Z</end></TimeSpan><styleUrl>#point</styleUrl><Point><altitudeMode>clampToGround</altitudeMode><coordinates>22.396026011556387,-33.887961013242602,776.88</coordinates></Point></Placemark><Placemark><TimeSpan><begin>2020-02-24T09:08:52Z</begin><end>2020-02-24T09:08:53Z</end></TimeSpan><styleUrl>#point</styleUrl><Point><altitudeMode>clampToGround</altitudeMode><coordinates>22.39590497687459,-33.888084981590509,776.39999999999998</coordinates></Point></Placemark><Placemark><TimeSpan><begin>2020-02-24T09:08:53Z</begin><end>2020-02-24T09:08:54Z</end></TimeSpan><styleUrl>#point</styleUrl><Point><altitudeMode>clampToGround</altitudeMode><coordinates>22.395823001861572,-33.888232000172138,774.48000000000002</coordinates></Point></Placemark><Placemark><TimeSpan><begin>2020-02-24T09:08:54Z</begin><end>2020-02-24T09:08:55Z</end></TimeSpan><styleUrl>#point</styleUrl><Point><altitudeMode>clampToGround</altitudeMode><coordinates>22.395768016576767,-33.888401985168457,772.55999999999995</coordinates></Point></Placemark><Placemark><TimeSpan><begin>2020-02-24T09:08:55Z</begin><end>2020-02-24T09:08:56Z</end></TimeSpan><styleUrl>#point</styleUrl><Point><altitudeMode>clampToGround</altitudeMode><coordinates>22.395742032676935,-33.888564007356763,771.60000000000002</coordinates></Point></Placemark><Placemark><TimeSpan><begin>2020-02-24T09:08:56Z</begin><end>2020-02-24T09:08:57Z</end></TimeSpan><styleUrl>#point</styleUrl><Point><altitudeMode>clampToGround</altitudeMode><coordinates>22.395751001313329,-33.888715971261263,768.71000000000004</coordinates></Point></Placemark><Placemark><TimeSpan><begin>2020-02-24T09:08:57Z</begin><end>2020-02-24T09:08:58Z</end></TimeSpan><styleUrl>#point</styleUrl><Point><altitudeMode>clampToGround</altitudeMode><coordinates>22.39579701796174,-33.888882016763091,766.78999999999996</coordinates></Point></Placemark><Placemark><TimeSpan><begin>2020-02-24T09:08:58Z</begin><end>2020-02-24T09:08:59Z</end></TimeSpan><styleUrl>#point</styleUrl><Point><altitudeMode>clampToGround</altitudeMode><coordinates>22.395885027945042,-33.889044038951397,763.89999999999998</coordinates></Point></Placemark><Placemark><TimeSpan><begin>2020-02-24T09:08:59Z</begin><end>2020-02-24T09:09:00Z</end></TimeSpan><styleUrl>#point</styleUrl><Point><altitudeMode>clampToGround</altitudeMode><coordinates>22.396007990464568,-33.889196002855897,761.01999999999998</coordinates></Point></Placemark><Placemark><TimeSpan><begin>2020-02-24T09:09:00Z</begin><end>2020-02-24T09:09:01Z</end></TimeSpan><styleUrl>#point</styleUrl><Point><altitudeMode>clampToGround</altitudeMode><coordinates>22.39616397768259,-33.889328017830849,758.62</coordinates></Point></Placemark><Placemark><TimeSpan><begin>2020-02-24T09:09:01Z</begin><end>2020-02-24T09:09:02Z</end></TimeSpan><styleUrl>#point</styleUrl><Point><altitudeMode>clampToGround</altitudeMode><coordinates>22.396347038447857,-33.889423990622163,756.21000000000004</coordinates></Point></Placemark><Placemark><TimeSpan><begin>2020-02-24T09:09:02Z</begin><end>2020-02-24T09:09:03Z</end></TimeSpan><styleUrl>#point</styleUrl><Point><altitudeMode>clampToGround</altitudeMode><coordinates>22.396557005122304,-33.889499008655548,755.73000000000002</coordinates></Point></Placemark><Placemark><TimeSpan><begin>2020-02-24T09:09:03Z</begin><end>2020-02-24T09:09:04Z</end></TimeSpan><styleUrl>#point</styleUrl><Point><altitudeMode>clampToGround</altitudeMode><coordinates>22.396780969575047,-33.889543013647199,753.33000000000004</coordinates></Point></Placemark><Placemark><TimeSpan><begin>2020-02-24T09:09:04Z</begin><end>2020-02-24T09:09:05Z</end></TimeSpan><styleUrl>#point</styleUrl><Point><altitudeMode>clampToGround</altitudeMode><coordinates>22.397019015625119,-33.889556005597115,752.37</coordinates></Point></Placemark><Placemark><TimeSpan><begin>2020-02-24T09:09:05Z</begin><end>2020-02-24T09:09:06Z</end></TimeSpan><styleUrl>#point</styleUrl><Point><altitudeMode>clampToGround</altitudeMode><coordinates>22.397253038361669,-33.889538990333676,751.88999999999999</coordinates></Point></Placemark><Placemark><TimeSpan><begin>2020-02-24T09:09:06Z</begin><end>2020-02-24T09:09:07Z</end></TimeSpan><styleUrl>#point</styleUrl><Point><altitudeMode>clampToGround</altitudeMode><coordinates>22.397499969229102,-33.889523986726999,750.45000000000005</coordinates></Point></Placemark><Placemark><TimeSpan><begin>2020-02-24T09:09:07Z</begin><end>2020-02-24T09:09:16Z</end></TimeSpan><styleUrl>#point</styleUrl><Point><altitudeMode>clampToGround</altitudeMode><coordinates>22.399665014818311,-33.889669999480247,737.47000000000003</coordinates></Point></Placemark><Placemark><TimeSpan><begin>2020-02-24T09:09:16Z</begin><end>2020-02-24T09:09:17Z</end></TimeSpan><styleUrl>#point</styleUrl><Point><altitudeMode>clampToGround</altitudeMode><coordinates>22.399884033948183,-33.889754991978407,736.02999999999997</coordinates></Point></Placemark><Placemark><TimeSpan><begin>2020-02-24T09:09:17Z</begin><end>2020-02-24T09:09:18Z</end></TimeSpan><styleUrl>#point</styleUrl><Point><altitudeMode>clampToGround</altitudeMode><coordinates>22.400085031986237,-33.889844007790089,734.58000000000004</coordinates></Point></Placemark><Placemark><TimeSpan><begin>2020-02-24T09:09:18Z</begin><end>2020-02-24T09:09:19Z</end></TimeSpan><styleUrl>#point</styleUrl><Point><altitudeMode>clampToGround</altitudeMode><coordinates>22.400271026417613,-33.889940986409783,733.13999999999999</coordinates></Point></Placemark><Placemark><TimeSpan><begin>2020-02-24T09:09:19Z</begin><end>2020-02-24T09:09:21Z</end></TimeSpan><styleUrl>#point</styleUrl><Point><altitudeMode>clampToGround</altitudeMode><coordinates>22.400623988360167,-33.890136033296585,730.25999999999999</coordinates></Point></Placemark><Placemark><TimeSpan><begin>2020-02-24T09:09:21Z</begin><end>2020-02-24T09:09:22Z</end></TimeSpan><styleUrl>#point</styleUrl><Point><altitudeMode>clampToGround</altitudeMode><coordinates>22.400806965306401,-33.890205016359687,729.29999999999995</coordinates></Point></Placemark><Placemark><TimeSpan><begin>2020-02-24T09:09:22Z</begin><end>2020-02-24T09:09:23Z</end></TimeSpan><styleUrl>#point</styleUrl><Point><altitudeMode>clampToGround</altitudeMode><coordinates>22.401002012193203,-33.890243992209435,728.34000000000003</coordinates></Point></Placemark><Placemark><TimeSpan><begin>2020-02-24T09:09:23Z</begin><end>2020-02-24T09:09:24Z</end></TimeSpan><styleUrl>#point</styleUrl><Point><altitudeMode>clampToGround</altitudeMode><coordinates>22.401190018281341,-33.89025597833097,727.86000000000001</coordinates></Point></Placemark><Placemark><TimeSpan><begin>2020-02-24T09:09:24Z</begin><end>2020-02-24T09:09:25Z</end></TimeSpan><styleUrl>#point</styleUrl><Point><altitudeMode>clampToGround</altitudeMode><coordinates>22.401382969692349,-33.890253966674209,726.88999999999999</coordinates></Point></Placemark><Placemark><TimeSpan><begin>2020-02-24T09:09:25Z</begin><end>2020-02-24T09:09:28Z</end></TimeSpan><styleUrl>#point</styleUrl><Point><altitudeMode>clampToGround</altitudeMode><coordinates>22.401935001835227,-33.89025698415935,724.00999999999999</coordinates></Point></Placemark><Placemark><TimeSpan><begin>2020-02-24T09:09:28Z</begin><end>2020-02-24T09:09:29Z</end></TimeSpan><styleUrl>#point</styleUrl><Point><altitudeMode>clampToGround</altitudeMode><coordinates>22.402102975174785,-33.890284979715943,723.52999999999997</coordinates></Point></Placemark><Placemark><TimeSpan><begin>2020-02-24T09:09:29Z</begin><end>2020-02-24T09:09:30Z</end></TimeSpan><styleUrl>#point</styleUrl><Point><altitudeMode>clampToGround</altitudeMode><coordinates>22.402259968221188,-33.890335019677877,722.57000000000005</coordinates></Point></Placemark><Placemark><TimeSpan><begin>2020-02-24T09:09:30Z</begin><end>2020-02-24T09:09:31Z</end></TimeSpan><styleUrl>#point</styleUrl><Point><altitudeMode>clampToGround</altitudeMode><coordinates>22.402408998459578,-33.890401991084218,721.61000000000001</coordinates></Point></Placemark><Placemark><TimeSpan><begin>2020-02-24T09:09:31Z</begin><end>2020-02-24T09:09:32Z</end></TimeSpan><styleUrl>#point</styleUrl><Point><altitudeMode>clampToGround</altitudeMode><coordinates>22.402540007606149,-33.890488995239139,720.64999999999998</coordinates></Point></Placemark><Placemark><TimeSpan><begin>2020-02-24T09:09:32Z</begin><end>2020-02-24T09:09:33Z</end></TimeSpan><styleUrl>#point</styleUrl><Point><altitudeMode>clampToGround</altitudeMode><coordinates>22.402648972347379,-33.890596032142639,719.67999999999995</coordinates></Point></Placemark><Placemark><TimeSpan><begin>2020-02-24T09:09:33Z</begin><end>2020-02-24T09:09:34Z</end></TimeSpan><styleUrl>#point</styleUrl><Point><altitudeMode>clampToGround</altitudeMode><coordinates>22.402734970673919,-33.890717988833785,719.20000000000005</coordinates></Point></Placemark><Placemark><TimeSpan><begin>2020-02-24T09:09:34Z</begin><end>2020-02-24T09:09:35Z</end></TimeSpan><styleUrl>#point</styleUrl><Point><altitudeMode>clampToGround</altitudeMode><coordinates>22.402792973443866,-33.890868024900556,718.24000000000001</coordinates></Point></Placemark><Placemark><TimeSpan><begin>2020-02-24T09:09:35Z</begin><end>2020-02-24T09:09:36Z</end></TimeSpan><styleUrl>#point</styleUrl><Point><altitudeMode>clampToGround</altitudeMode><coordinates>22.402810994535685,-33.891035998240113,716.79999999999995</coordinates></Point></Placemark><Placemark><TimeSpan><begin>2020-02-24T09:09:36Z</begin><end>2020-02-24T09:09:37Z</end></TimeSpan><styleUrl>#point</styleUrl><Point><altitudeMode>clampToGround</altitudeMode><coordinates>22.402802025899291,-33.89120195992291,715.84000000000003</coordinates></Point></Placemark><Placemark><TimeSpan><begin>2020-02-24T09:09:37Z</begin><end>2020-02-24T09:09:38Z</end></TimeSpan><styleUrl>#point</styleUrl><Point><altitudeMode>clampToGround</altitudeMode><coordinates>22.402766989544034,-33.89137496240437,715.36000000000001</coordinates></Point></Placemark><Placemark><TimeSpan><begin>2020-02-24T09:09:38Z</begin><end>2020-02-24T09:09:39Z</end></TimeSpan><styleUrl>#point</styleUrl><Point><altitudeMode>clampToGround</altitudeMode><coordinates>22.402723990380764,-33.891545031219721,714.88</coordinates></Point></Placemark><Placemark><TimeSpan><begin>2020-02-24T09:09:39Z</begin><end>2020-02-24T09:09:40Z</end></TimeSpan><styleUrl>#point</styleUrl><Point><altitudeMode>clampToGround</altitudeMode><coordinates>22.402689037844539,-33.891705041751266,714.39999999999998</coordinates></Point></Placemark><Placemark><TimeSpan><begin>2020-02-24T09:09:40Z</begin><end>2020-02-24T09:09:41Z</end></TimeSpan><styleUrl>#point</styleUrl><Point><altitudeMode>clampToGround</altitudeMode><coordinates>22.402684008702636,-33.891874020919204,713.44000000000005</coordinates></Point></Placemark><Placemark><TimeSpan><begin>2020-02-24T09:09:41Z</begin><end>2020-02-24T09:09:42Z</end></TimeSpan><styleUrl>#point</styleUrl><Point><altitudeMode>clampToGround</altitudeMode><coordinates>22.402702029794455,-33.892045011743903,711.99000000000001</coordinates></Point></Placemark><Placemark><TimeSpan><begin>2020-02-24T09:09:42Z</begin><end>2020-02-24T09:09:43Z</end></TimeSpan><styleUrl>#point</styleUrl><Point><altitudeMode>clampToGround</altitudeMode><coordinates>22.402765983715653,-33.892205022275448,711.02999999999997</coordinates></Point></Placemark><Placemark><TimeSpan><begin>2020-02-24T09:09:43Z</begin><end>2020-02-24T09:09:44Z</end></TimeSpan><styleUrl>#point</styleUrl><Point><altitudeMode>clampToGround</altitudeMode><coordinates>22.40286597982049,-33.892349023371935,708.63</coordinates></Point></Placemark><Placemark><TimeSpan><begin>2020-02-24T09:09:44Z</begin><end>2020-02-24T09:09:45Z</end></TimeSpan><styleUrl>#point</styleUrl><Point><altitudeMode>clampToGround</altitudeMode><coordinates>22.402999000623822,-33.892485983669758,706.23000000000002</coordinates></Point></Placemark><Placemark><TimeSpan><begin>2020-02-24T09:09:45Z</begin><end>2020-02-24T09:09:46Z</end></TimeSpan><styleUrl>#point</styleUrl><Point><altitudeMode>clampToGround</altitudeMode><coordinates>22.403161022812128,-33.892616992816329,704.29999999999995</coordinates></Point></Placemark><Placemark><TimeSpan><begin>2020-02-24T09:09:46Z</begin><end>2020-02-24T09:09:47Z</end></TimeSpan><styleUrl>#point</styleUrl><Point><altitudeMode>clampToGround</altitudeMode><coordinates>22.403342993929982,-33.892740039154887,702.86000000000001</coordinates></Point></Placemark><Placemark><TimeSpan><begin>2020-02-24T09:09:47Z</begin><end>2020-02-24T09:09:55Z</end></TimeSpan><styleUrl>#point</styleUrl><Point><altitudeMode>clampToGround</altitudeMode><coordinates>22.404912002384663,-33.893743017688394,693.25</coordinates></Point></Placemark><Placemark><TimeSpan><begin>2020-02-24T09:09:55Z</begin><end>2020-02-24T09:09:56Z</end></TimeSpan><styleUrl>#point</styleUrl><Point><altitudeMode>clampToGround</altitudeMode><coordinates>22.405048040673137,-33.893876960501075,692.28999999999996</coordinates></Point></Placemark><Placemark><TimeSpan><begin>2020-02-24T09:09:56Z</begin><end>2020-02-24T09:09:57Z</end></TimeSpan><styleUrl>#point</styleUrl><Point><altitudeMode>clampToGround</altitudeMode><coordinates>22.405153987929225,-33.894020039588213,691.33000000000004</coordinates></Point></Placemark><Placemark><TimeSpan><begin>2020-02-24T09:09:57Z</begin><end>2020-02-24T09:09:58Z</end></TimeSpan><styleUrl>#point</styleUrl><Point><altitudeMode>clampToGround</altitudeMode><coordinates>22.405225988477468,-33.894168986007571,689.39999999999998</coordinates></Point></Placemark><Placemark><TimeSpan><begin>2020-02-24T09:09:58Z</begin><end>2020-02-24T09:09:59Z</end></TimeSpan><styleUrl>#point</styleUrl><Point><altitudeMode>clampToGround</altitudeMode><coordinates>22.405278040096164,-33.894325979053974,687.96000000000004</coordinates></Point></Placemark><Placemark><TimeSpan><begin>2020-02-24T09:09:59Z</begin><end>2020-02-24T09:10:00Z</end></TimeSpan><styleUrl>#point</styleUrl><Point><altitudeMode>clampToGround</altitudeMode><coordinates>22.40529396571219,-33.894478026777506,687.48000000000002</coordinates></Point></Placemark><Placemark><TimeSpan><begin>2020-02-24T09:10:00Z</begin><end>2020-02-24T09:10:01Z</end></TimeSpan><styleUrl>#point</styleUrl><Point><altitudeMode>clampToGround</altitudeMode><coordinates>22.405289020389318,-33.894632002338767,686.51999999999998</coordinates></Point></Placemark><Placemark><TimeSpan><begin>2020-02-24T09:10:01Z</begin><end>2020-02-24T09:10:02Z</end></TimeSpan><styleUrl>#point</styleUrl><Point><altitudeMode>clampToGround</altitudeMode><coordinates>22.405243003740907,-33.894787989556789,685.08000000000004</coordinates></Point></Placemark><Placemark><TimeSpan><begin>2020-02-24T09:10:02Z</begin><end>2020-02-24T09:10:03Z</end></TimeSpan><styleUrl>#point</styleUrl><Point><altitudeMode>clampToGround</altitudeMode><coordinates>22.405177960172296,-33.894937019795179,684.60000000000002</coordinates></Point></Placemark><Placemark><TimeSpan><begin>2020-02-24T09:10:03Z</begin><end>2020-02-24T09:10:04Z</end></TimeSpan><styleUrl>#point</styleUrl><Point><altitudeMode>clampToGround</altitudeMode><coordinates>22.405087016522884,-33.895092001184821,683.63</coordinates></Point></Placemark><Placemark><TimeSpan><begin>2020-02-24T09:10:04Z</begin><end>2020-02-24T09:10:05Z</end></TimeSpan><styleUrl>#point</styleUrl><Point><altitudeMode>clampToGround</altitudeMode><coordinates>22.404967993497849,-33.895238013938069,682.66999999999996</coordinates></Point></Placemark><Placemark><TimeSpan><begin>2020-02-24T09:10:05Z</begin><end>2020-02-24T09:10:06Z</end></TimeSpan><styleUrl>#point</styleUrl><Point><altitudeMode>clampToGround</altitudeMode><coordinates>22.404826004058123,-33.895374974235892,681.23000000000002</coordinates></Point></Placemark><Placemark><TimeSpan><begin>2020-02-24T09:10:06Z</begin><end>2020-02-24T09:10:07Z</end></TimeSpan><styleUrl>#point</styleUrl><Point><altitudeMode>clampToGround</altitudeMode><coordinates>22.404664987698197,-33.895509000867605,679.78999999999996</coordinates></Point></Placemark><Placemark><TimeSpan><begin>2020-02-24T09:10:07Z</begin><end>2020-02-24T09:10:10Z</end></TimeSpan><styleUrl>#point</styleUrl><Point><altitudeMode>clampToGround</altitudeMode><coordinates>22.404136005789042,-33.895876966416836,676.41999999999996</coordinates></Point></Placemark><Placemark><TimeSpan><begin>2020-02-24T09:10:10Z</begin><end>2020-02-24T09:10:11Z</end></TimeSpan><styleUrl>#point</styleUrl><Point><altitudeMode>clampToGround</altitudeMode><coordinates>22.403936013579369,-33.89597000554204,674.98000000000002</coordinates></Point></Placemark><Placemark><TimeSpan><begin>2020-02-24T09:10:11Z</begin><end>2020-02-24T09:10:12Z</end></TimeSpan><styleUrl>#point</styleUrl><Point><altitudeMode>clampToGround</altitudeMode><coordinates>22.40372302941978,-33.896044017747045,674.01999999999998</coordinates></Point></Placemark><Placemark><TimeSpan><begin>2020-02-24T09:10:12Z</begin><end>2020-02-24T09:10:19Z</end></TimeSpan><styleUrl>#point</styleUrl><Point><altitudeMode>clampToGround</altitudeMode><coordinates>22.402333980426192,-33.896504016593099,668.25</coordinates></Point></Placemark><Placemark><TimeSpan><begin>2020-02-24T09:10:19Z</begin><end>2020-02-24T09:10:20Z</end></TimeSpan><styleUrl>#point</styleUrl><Point><altitudeMode>clampToGround</altitudeMode><coordinates>22.402199031785131,-33.896589009091258,667.76999999999998</coordinates></Point></Placemark><Placemark><TimeSpan><begin>2020-02-24T09:10:20Z</begin><end>2020-02-24T09:10:21Z</end></TimeSpan><styleUrl>#point</styleUrl><Point><altitudeMode>clampToGround</altitudeMode><coordinates>22.40206902846694,-33.896696968004107,667.28999999999996</coordinates></Point></Placemark><Placemark><TimeSpan><begin>2020-02-24T09:10:21Z</begin><end>2020-02-24T09:10:22Z</end></TimeSpan><styleUrl>#point</styleUrl><Point><altitudeMode>clampToGround</altitudeMode><coordinates>22.401960985735059,-33.896843986585736,667.76999999999998</coordinates></Point></Placemark><Placemark><TimeSpan><begin>2020-02-24T09:10:22Z</begin><end>2020-02-24T09:10:23Z</end></TimeSpan><styleUrl>#point</styleUrl><Point><altitudeMode>clampToGround</altitudeMode><coordinates>22.401888985186815,-33.897014977410436,666.33000000000004</coordinates></Point></Placemark><Placemark><TimeSpan><begin>2020-02-24T09:10:23Z</begin><end>2020-02-24T09:10:24Z</end></TimeSpan><styleUrl>#point</styleUrl><Point><altitudeMode>clampToGround</altitudeMode><coordinates>22.401851015165448,-33.897172976285219,664.88999999999999</coordinates></Point></Placemark><Placemark><TimeSpan><begin>2020-02-24T09:10:24Z</begin><end>2020-02-24T09:10:25Z</end></TimeSpan><styleUrl>#point</styleUrl><Point><altitudeMode>clampToGround</altitudeMode><coordinates>22.401855960488319,-33.897340027615428,663.45000000000005</coordinates></Point></Placemark><Placemark><TimeSpan><begin>2020-02-24T09:10:25Z</begin><end>2020-02-24T09:10:26Z</end></TimeSpan><styleUrl>#point</styleUrl><Point><altitudeMode>clampToGround</altitudeMode><coordinates>22.401913963258266,-33.897513030096889,662.00999999999999</coordinates></Point></Placemark><Placemark><TimeSpan><begin>2020-02-24T09:10:26Z</begin><end>2020-02-24T09:10:27Z</end></TimeSpan><styleUrl>#point</styleUrl><Point><altitudeMode>clampToGround</altitudeMode><coordinates>22.402018988505006,-33.897659964859486,661.51999999999998</coordinates></Point></Placemark><Placemark><TimeSpan><begin>2020-02-24T09:10:27Z</begin><end>2020-02-24T09:10:28Z</end></TimeSpan><styleUrl>#point</styleUrl><Point><altitudeMode>clampToGround</altitudeMode><coordinates>22.402151003479958,-33.897788962349296,661.51999999999998</coordinates></Point></Placemark><Placemark><TimeSpan><begin>2020-02-24T09:10:28Z</begin><end>2020-02-24T09:10:29Z</end></TimeSpan><styleUrl>#point</styleUrl><Point><altitudeMode>clampToGround</altitudeMode><coordinates>22.402315959334373,-33.897894993424416,661.51999999999998</coordinates></Point></Placemark><Placemark><TimeSpan><begin>2020-02-24T09:10:29Z</begin><end>2020-02-24T09:10:30Z</end></TimeSpan><styleUrl>#point</styleUrl><Point><altitudeMode>clampToGround</altitudeMode><coordinates>22.402502037584782,-33.897984009236097,662.00999999999999</coordinates></Point></Placemark><Placemark><TimeSpan><begin>2020-02-24T09:10:30Z</begin><end>2020-02-24T09:10:31Z</end></TimeSpan><styleUrl>#point</styleUrl><Point><altitudeMode>clampToGround</altitudeMode><coordinates>22.402683002874255,-33.89805399812758,662.00999999999999</coordinates></Point></Placemark><Placemark><TimeSpan><begin>2020-02-24T09:10:31Z</begin><end>2020-02-24T09:10:32Z</end></TimeSpan><styleUrl>#point</styleUrl><Point><altitudeMode>clampToGround</altitudeMode><coordinates>22.402853993698955,-33.898130021989346,663.45000000000005</coordinates></Point></Placemark><Placemark><TimeSpan><begin>2020-02-24T09:10:32Z</begin><end>2020-02-24T09:10:33Z</end></TimeSpan><styleUrl>#point</styleUrl><Point><altitudeMode>clampToGround</altitudeMode><coordinates>22.403006041422486,-33.898215014487505,663.92999999999995</coordinates></Point></Placemark><Placemark><TimeSpan><begin>2020-02-24T09:10:33Z</begin><end>2020-02-24T09:10:34Z</end></TimeSpan><styleUrl>#point</styleUrl><Point><altitudeMode>clampToGround</altitudeMode><coordinates>22.403141995891929,-33.898317022249103,664.40999999999997</coordinates></Point></Placemark><Placemark><TimeSpan><begin>2020-02-24T09:10:34Z</begin><end>2020-02-24T09:10:35Z</end></TimeSpan><styleUrl>#point</styleUrl><Point><altitudeMode>clampToGround</altitudeMode><coordinates>22.40325297228992,-33.898431016132236,665.37</coordinates></Point></Placemark><Placemark><TimeSpan><begin>2020-02-24T09:10:35Z</begin><end>2020-02-24T09:10:36Z</end></TimeSpan><styleUrl>#point</styleUrl><Point><altitudeMode>clampToGround</altitudeMode><coordinates>22.403336958959699,-33.89855096116662,665.85000000000002</coordinates></Point></Placemark><Placemark><TimeSpan><begin>2020-02-24T09:10:36Z</begin><end>2020-02-24T09:10:37Z</end></TimeSpan><styleUrl>#point</styleUrl><Point><altitudeMode>clampToGround</altitudeMode><coordinates>22.403390016406775,-33.898688005283475,665.85000000000002</coordinates></Point></Placemark><Placemark><TimeSpan><begin>2020-02-24T09:10:37Z</begin><end>2020-02-24T09:10:38Z</end></TimeSpan><styleUrl>#point</styleUrl><Point><altitudeMode>clampToGround</altitudeMode><coordinates>22.403423963114619,-33.898838041350245,666.33000000000004</coordinates></Point></Placemark><Placemark><TimeSpan><begin>2020-02-24T09:10:38Z</begin><end>2020-02-24T09:10:39Z</end></TimeSpan><styleUrl>#point</styleUrl><Point><altitudeMode>clampToGround</altitudeMode><coordinates>22.403411976993084,-33.898987993597984,666.33000000000004</coordinates></Point></Placemark><Placemark><TimeSpan><begin>2020-02-24T09:10:39Z</begin><end>2020-02-24T09:10:40Z</end></TimeSpan><styleUrl>#point</styleUrl><Point><altitudeMode>clampToGround</altitudeMode><coordinates>22.40336000919342,-33.899124031886458,666.80999999999995</coordinates></Point></Placemark><Placemark><TimeSpan><begin>2020-02-24T09:10:40Z</begin><end>2020-02-24T09:10:41Z</end></TimeSpan><styleUrl>#point</styleUrl><Point><altitudeMode>clampToGround</altitudeMode><coordinates>22.403278034180403,-33.899266021326184,666.33000000000004</coordinates></Point></Placemark><Placemark><TimeSpan><begin>2020-02-24T09:10:41Z</begin><end>2020-02-24T09:10:42Z</end></TimeSpan><styleUrl>#point</styleUrl><Point><altitudeMode>clampToGround</altitudeMode><coordinates>22.403160016983747,-33.899395018815994,666.33000000000004</coordinates></Point></Placemark><Placemark><TimeSpan><begin>2020-02-24T09:10:42Z</begin><end>2020-02-24T09:10:43Z</end></TimeSpan><styleUrl>#point</styleUrl><Point><altitudeMode>clampToGround</altitudeMode><coordinates>22.403017021715641,-33.899511024355888,666.33000000000004</coordinates></Point></Placemark><Placemark><TimeSpan><begin>2020-02-24T09:10:43Z</begin><end>2020-02-24T09:10:44Z</end></TimeSpan><styleUrl>#point</styleUrl><Point><altitudeMode>clampToGround</altitudeMode><coordinates>22.40284401923418,-33.89960004016757,665.85000000000002</coordinates></Point></Placemark><Placemark><TimeSpan><begin>2020-02-24T09:10:44Z</begin><end>2020-02-24T09:10:45Z</end></TimeSpan><styleUrl>#point</styleUrl><Point><altitudeMode>clampToGround</altitudeMode><coordinates>22.402656013146043,-33.899655025452375,666.33000000000004</coordinates></Point></Placemark><Placemark><TimeSpan><begin>2020-02-24T09:10:45Z</begin><end>2020-02-24T09:10:46Z</end></TimeSpan><styleUrl>#point</styleUrl><Point><altitudeMode>clampToGround</altitudeMode><coordinates>22.402448980137706,-33.8997090049088,665.85000000000002</coordinates></Point></Placemark><Placemark><TimeSpan><begin>2020-02-24T09:10:46Z</begin><end>2020-02-24T09:10:47Z</end></TimeSpan><styleUrl>#point</styleUrl><Point><altitudeMode>clampToGround</altitudeMode><coordinates>22.402233984321356,-33.89975099824369,665.37</coordinates></Point></Placemark><Placemark><TimeSpan><begin>2020-02-24T09:10:47Z</begin><end>2020-02-24T09:10:54Z</end></TimeSpan><styleUrl>#point</styleUrl><Point><altitudeMode>clampToGround</altitudeMode><coordinates>22.400857005268335,-33.90009499154985,658.63999999999999</coordinates></Point></Placemark><Placemark><TimeSpan><begin>2020-02-24T09:10:54Z</begin><end>2020-02-24T09:10:55Z</end></TimeSpan><styleUrl>#point</styleUrl><Point><altitudeMode>clampToGround</altitudeMode><coordinates>22.400705963373184,-33.900179984048009,657.67999999999995</coordinates></Point></Placemark><Placemark><TimeSpan><begin>2020-02-24T09:10:55Z</begin><end>2020-02-24T09:10:56Z</end></TimeSpan><styleUrl>#point</styleUrl><Point><altitudeMode>clampToGround</altitudeMode><coordinates>22.400577971711755,-33.900285009294748,656.72000000000003</coordinates></Point></Placemark><Placemark><TimeSpan><begin>2020-02-24T09:10:56Z</begin><end>2020-02-24T09:10:57Z</end></TimeSpan><styleUrl>#point</styleUrl><Point><altitudeMode>clampToGround</altitudeMode><coordinates>22.400466995313764,-33.900414006784558,656.24000000000001</coordinates></Point></Placemark><Placemark><TimeSpan><begin>2020-02-24T09:10:57Z</begin><end>2020-02-24T09:10:58Z</end></TimeSpan><styleUrl>#point</styleUrl><Point><altitudeMode>clampToGround</altitudeMode><coordinates>22.400384014472365,-33.900560019537807,655.27999999999997</coordinates></Point></Placemark><Placemark><TimeSpan><begin>2020-02-24T09:10:58Z</begin><end>2020-02-24T09:10:59Z</end></TimeSpan><styleUrl>#point</styleUrl><Point><altitudeMode>clampToGround</altitudeMode><coordinates>22.400315031409264,-33.900716006755829,653.83000000000004</coordinates></Point></Placemark><Placemark><TimeSpan><begin>2020-02-24T09:10:59Z</begin><end>2020-02-24T09:11:00Z</end></TimeSpan><styleUrl>#point</styleUrl><Point><altitudeMode>clampToGround</altitudeMode><coordinates>22.400254011154175,-33.900885991752148,652.87</coordinates></Point></Placemark><Placemark><TimeSpan><begin>2020-02-24T09:11:00Z</begin><end>2020-02-24T09:11:02Z</end></TimeSpan><styleUrl>#point</styleUrl><Point><altitudeMode>clampToGround</altitudeMode><coordinates>22.400187039747834,-33.90123400837183,649.99000000000001</coordinates></Point></Placemark><Placemark><TimeSpan><begin>2020-02-24T09:11:02Z</begin><end>2020-02-24T09:11:03Z</end></TimeSpan><styleUrl>#point</styleUrl><Point><altitudeMode>clampToGround</altitudeMode><coordinates>22.400218974798918,-33.901401981711388,647.10000000000002</coordinates></Point></Placemark><Placemark><TimeSpan><begin>2020-02-24T09:11:03Z</begin><end>2020-02-24T09:11:04Z</end></TimeSpan><styleUrl>#point</styleUrl><Point><altitudeMode>clampToGround</altitudeMode><coordinates>22.400293992832303,-33.901561992242932,644.70000000000005</coordinates></Point></Placemark><Placemark><TimeSpan><begin>2020-02-24T09:11:04Z</begin><end>2020-02-24T09:11:05Z</end></TimeSpan><styleUrl>#point</styleUrl><Point><altitudeMode>clampToGround</altitudeMode><coordinates>22.4004150275141,-33.901713034138083,643.74000000000001</coordinates></Point></Placemark><Placemark><TimeSpan><begin>2020-02-24T09:11:05Z</begin><end>2020-02-24T09:11:06Z</end></TimeSpan><styleUrl>#point</styleUrl><Point><altitudeMode>clampToGround</altitudeMode><coordinates>22.400574032217264,-33.901857035234571,642.29999999999995</coordinates></Point></Placemark><Placemark><TimeSpan><begin>2020-02-24T09:11:06Z</begin><end>2020-02-24T09:11:07Z</end></TimeSpan><styleUrl>#point</styleUrl><Point><altitudeMode>clampToGround</altitudeMode><coordinates>22.400753991678357,-33.901955019682646,641.34000000000003</coordinates></Point></Placemark><Placemark><TimeSpan><begin>2020-02-24T09:11:07Z</begin><end>2020-02-24T09:11:08Z</end></TimeSpan><styleUrl>#point</styleUrl><Point><altitudeMode>clampToGround</altitudeMode><coordinates>22.400940991938114,-33.902006987482309,639.88999999999999</coordinates></Point></Placemark><Placemark><TimeSpan><begin>2020-02-24T09:11:08Z</begin><end>2020-02-24T09:11:09Z</end></TimeSpan><styleUrl>#point</styleUrl><Point><altitudeMode>clampToGround</altitudeMode><coordinates>22.401142995804548,-33.902051998302341,638.45000000000005</coordinates></Point></Placemark><Placemark><TimeSpan><begin>2020-02-24T09:11:09Z</begin><end>2020-02-24T09:11:10Z</end></TimeSpan><styleUrl>#point</styleUrl><Point><altitudeMode>clampToGround</altitudeMode><coordinates>22.401341982185841,-33.902062978595495,637.00999999999999</coordinates></Point></Placemark><Placemark><TimeSpan><begin>2020-02-24T09:11:10Z</begin><end>2020-02-24T09:11:11Z</end></TimeSpan><styleUrl>#point</styleUrl><Point><altitudeMode>clampToGround</altitudeMode><coordinates>22.401537029072642,-33.902062978595495,635.57000000000005</coordinates></Point></Placemark><Placemark><TimeSpan><begin>2020-02-24T09:11:11Z</begin><end>2020-02-24T09:11:13Z</end></TimeSpan><styleUrl>#point</styleUrl><Point><altitudeMode>clampToGround</altitudeMode><coordinates>22.401917986571789,-33.90207203105092,633.16999999999996</coordinates></Point></Placemark><Placemark><TimeSpan><begin>2020-02-24T09:11:13Z</begin><end>2020-02-24T09:11:14Z</end></TimeSpan><styleUrl>#point</styleUrl><Point><altitudeMode>clampToGround</altitudeMode><coordinates>22.402106998488307,-33.90211503021419,632.20000000000005</coordinates></Point></Placemark><Placemark><TimeSpan><begin>2020-02-24T09:11:14Z</begin><end>2020-02-24T09:11:15Z</end></TimeSpan><styleUrl>#point</styleUrl><Point><altitudeMode>clampToGround</altitudeMode><coordinates>22.402282012626529,-33.902176972478628,630.27999999999997</coordinates></Point></Placemark><Placemark><TimeSpan><begin>2020-02-24T09:11:15Z</begin><end>2020-02-24T09:11:16Z</end></TimeSpan><styleUrl>#point</styleUrl><Point><altitudeMode>clampToGround</altitudeMode><coordinates>22.402453003451228,-33.902259031310678,629.32000000000005</coordinates></Point></Placemark><Placemark><TimeSpan><begin>2020-02-24T09:11:16Z</begin><end>2020-02-24T09:11:17Z</end></TimeSpan><styleUrl>#point</styleUrl><Point><altitudeMode>clampToGround</altitudeMode><coordinates>22.402618965134025,-33.902348969131708,628.36000000000001</coordinates></Point></Placemark><Placemark><TimeSpan><begin>2020-02-24T09:11:17Z</begin><end>2020-02-24T09:11:25Z</end></TimeSpan><styleUrl>#point</styleUrl><Point><altitudeMode>clampToGround</altitudeMode><coordinates>22.403971971943974,-33.903153967112303,620.19000000000005</coordinates></Point></Placemark><Placemark><TimeSpan><begin>2020-02-24T09:11:25Z</begin><end>2020-02-24T09:11:26Z</end></TimeSpan><styleUrl>#point</styleUrl><Point><altitudeMode>clampToGround</altitudeMode><coordinates>22.404099963605404,-33.903270978480577,619.23000000000002</coordinates></Point></Placemark><Placemark><TimeSpan><begin>2020-02-24T09:11:26Z</begin><end>2020-02-24T09:11:27Z</end></TimeSpan><styleUrl>#point</styleUrl><Point><altitudeMode>clampToGround</altitudeMode><coordinates>22.404200965538621,-33.903406010940671,618.75</coordinates></Point></Placemark><Placemark><TimeSpan><begin>2020-02-24T09:11:27Z</begin><end>2020-02-24T09:11:28Z</end></TimeSpan><styleUrl>#point</styleUrl><Point><altitudeMode>clampToGround</altitudeMode><coordinates>22.404271960258484,-33.903550012037158,617.77999999999997</coordinates></Point></Placemark><Placemark><TimeSpan><begin>2020-02-24T09:11:28Z</begin><end>2020-02-24T09:11:29Z</end></TimeSpan><styleUrl>#point</styleUrl><Point><altitudeMode>clampToGround</altitudeMode><coordinates>22.40430599078536,-33.903711028397083,616.82000000000005</coordinates></Point></Placemark><Placemark><TimeSpan><begin>2020-02-24T09:11:29Z</begin><end>2020-02-24T09:11:30Z</end></TimeSpan><styleUrl>#point</styleUrl><Point><altitudeMode>clampToGround</altitudeMode><coordinates>22.404314037412405,-33.903881013393402,614.89999999999998</coordinates></Point></Placemark><Placemark><TimeSpan><begin>2020-02-24T09:11:30Z</begin><end>2020-02-24T09:11:31Z</end></TimeSpan><styleUrl>#point</styleUrl><Point><altitudeMode>clampToGround</altitudeMode><coordinates>22.404301967471838,-33.904043035581708,614.41999999999996</coordinates></Point></Placemark><Placemark><TimeSpan><begin>2020-02-24T09:11:31Z</begin><end>2020-02-24T09:11:32Z</end></TimeSpan><styleUrl>#point</styleUrl><Point><altitudeMode>clampToGround</altitudeMode><coordinates>22.404271960258484,-33.904204973950982,612.98000000000002</coordinates></Point></Placemark><Placemark><TimeSpan><begin>2020-02-24T09:11:32Z</begin><end>2020-02-24T09:11:35Z</end></TimeSpan><styleUrl>#point</styleUrl><Point><altitudeMode>clampToGround</altitudeMode><coordinates>22.404243964701891,-33.904678970575333,610.09000000000003</coordinates></Point></Placemark><Placemark><TimeSpan><begin>2020-02-24T09:11:35Z</begin><end>2020-02-24T09:11:36Z</end></TimeSpan><styleUrl>#point</styleUrl><Point><altitudeMode>clampToGround</altitudeMode><coordinates>22.404285036027431,-33.904821965843439,609.61000000000001</coordinates></Point></Placemark><Placemark><TimeSpan><begin>2020-02-24T09:11:36Z</begin><end>2020-02-24T09:11:37Z</end></TimeSpan><styleUrl>#point</styleUrl><Point><altitudeMode>clampToGround</altitudeMode><coordinates>22.404357036575675,-33.904964961111546,608.64999999999998</coordinates></Point></Placemark><Placemark><TimeSpan><begin>2020-02-24T09:11:37Z</begin><end>2020-02-24T09:11:38Z</end></TimeSpan><styleUrl>#point</styleUrl><Point><altitudeMode>clampToGround</altitudeMode><coordinates>22.404458960518241,-33.905106028541923,607.21000000000004</coordinates></Point></Placemark><Placemark><TimeSpan><begin>2020-02-24T09:11:38Z</begin><end>2020-02-24T09:11:39Z</end></TimeSpan><styleUrl>#point</styleUrl><Point><altitudeMode>clampToGround</altitudeMode><coordinates>22.404594998806715,-33.90522999688983,606.25</coordinates></Point></Placemark><Placemark><TimeSpan><begin>2020-02-24T09:11:39Z</begin><end>2020-02-24T09:11:40Z</end></TimeSpan><styleUrl>#point</styleUrl><Point><altitudeMode>clampToGround</altitudeMode><coordinates>22.404751991853118,-33.90533602796495,606.73000000000002</coordinates></Point></Placemark><Placemark><TimeSpan><begin>2020-02-24T09:11:40Z</begin><end>2020-02-24T09:11:41Z</end></TimeSpan><styleUrl>#point</styleUrl><Point><altitudeMode>clampToGround</altitudeMode><coordinates>22.404916025698185,-33.905424037948251,605.28999999999996</coordinates></Point></Placemark><Placemark><TimeSpan><begin>2020-02-24T09:11:41Z</begin><end>2020-02-24T09:11:42Z</end></TimeSpan><styleUrl>#point</styleUrl><Point><altitudeMode>clampToGround</altitudeMode><coordinates>22.405089028179646,-33.905496960505843,604.80999999999995</coordinates></Point></Placemark><Placemark><TimeSpan><begin>2020-02-24T09:11:42Z</begin><end>2020-02-24T09:11:43Z</end></TimeSpan><styleUrl>#point</styleUrl><Point><altitudeMode>clampToGround</altitudeMode><coordinates>22.405265970155597,-33.905563009902835,603.85000000000002</coordinates></Point></Placemark><Placemark><TimeSpan><begin>2020-02-24T09:11:43Z</begin><end>2020-02-24T09:11:46Z</end></TimeSpan><styleUrl>#point</styleUrl><Point><altitudeMode>clampToGround</altitudeMode><coordinates>22.405740972608328,-33.905765013769269,601.91999999999996</coordinates></Point></Placemark><Placemark><TimeSpan><begin>2020-02-24T09:11:46Z</begin><end>2020-02-24T09:11:47Z</end></TimeSpan><styleUrl>#point</styleUrl><Point><altitudeMode>clampToGround</altitudeMode><coordinates>22.405855972319841,-33.905854029580951,600.96000000000004</coordinates></Point></Placemark><Placemark><TimeSpan><begin>2020-02-24T09:11:47Z</begin><end>2020-02-24T09:11:48Z</end></TimeSpan><styleUrl>#point</styleUrl><Point><altitudeMode>clampToGround</altitudeMode><coordinates>22.4059599917382,-33.905953019857407,600</coordinates></Point></Placemark><Placemark><TimeSpan><begin>2020-02-24T09:11:48Z</begin><end>2020-02-24T09:11:49Z</end></TimeSpan><styleUrl>#point</styleUrl><Point><altitudeMode>clampToGround</altitudeMode><coordinates>22.406054036691785,-33.906057039275765,600</coordinates></Point></Placemark><Placemark><TimeSpan><begin>2020-02-24T09:11:49Z</begin><end>2020-02-24T09:11:50Z</end></TimeSpan><styleUrl>#point</styleUrl><Point><altitudeMode>clampToGround</altitudeMode><coordinates>22.406139029189944,-33.906159969046712,599.03999999999996</coordinates></Point></Placemark><Placemark><TimeSpan><begin>2020-02-24T09:11:50Z</begin><end>2020-02-24T09:11:59Z</end></TimeSpan><styleUrl>#point</styleUrl><Point><altitudeMode>clampToGround</altitudeMode><coordinates>22.40705500356853,-33.907309966161847,585.10000000000002</coordinates></Point></Placemark><Placemark><TimeSpan><begin>2020-02-24T09:11:59Z</begin><end>2020-02-24T09:12:00Z</end></TimeSpan><styleUrl>#point</styleUrl><Point><altitudeMode>clampToGround</altitudeMode><coordinates>22.407136978581548,-33.907457990571856,584.62</coordinates></Point></Placemark><Placemark><TimeSpan><begin>2020-02-24T09:12:00Z</begin><end>2020-02-24T09:12:01Z</end></TimeSpan><styleUrl>#point</styleUrl><Point><altitudeMode>clampToGround</altitudeMode><coordinates>22.40718400105834,-33.907624036073685,583.17999999999995</coordinates></Point></Placemark><Placemark><TimeSpan><begin>2020-02-24T09:12:01Z</begin><end>2020-02-24T09:12:02Z</end></TimeSpan><styleUrl>#point</styleUrl><Point><altitudeMode>clampToGround</altitudeMode><coordinates>22.407202022150159,-33.907791003584862,582.22000000000003</coordinates></Point></Placemark><Placemark><TimeSpan><begin>2020-02-24T09:12:02Z</begin><end>2020-02-24T09:12:03Z</end></TimeSpan><styleUrl>#point</styleUrl><Point><altitudeMode>clampToGround</altitudeMode><coordinates>22.407187018543482,-33.907956965267658,581.25</coordinates></Point></Placemark><Placemark><TimeSpan><begin>2020-02-24T09:12:03Z</begin><end>2020-02-24T09:12:04Z</end></TimeSpan><styleUrl>#point</styleUrl><Point><altitudeMode>clampToGround</altitudeMode><coordinates>22.407135972753167,-33.908117981627584,580.76999999999998</coordinates></Point></Placemark><Placemark><TimeSpan><begin>2020-02-24T09:12:04Z</begin><end>2020-02-24T09:12:05Z</end></TimeSpan><styleUrl>#point</styleUrl><Point><altitudeMode>clampToGround</altitudeMode><coordinates>22.40705500356853,-33.908273968845606,579.33000000000004</coordinates></Point></Placemark><Placemark><TimeSpan><begin>2020-02-24T09:12:05Z</begin><end>2020-02-24T09:12:06Z</end></TimeSpan><styleUrl>#point</styleUrl><Point><altitudeMode>clampToGround</altitudeMode><coordinates>22.406936986371875,-33.908414030447602,578.85000000000002</coordinates></Point></Placemark><Placemark><TimeSpan><begin>2020-02-24T09:12:06Z</begin><end>2020-02-24T09:12:07Z</end></TimeSpan><styleUrl>#point</styleUrl><Point><altitudeMode>clampToGround</altitudeMode><coordinates>22.406805977225304,-33.908546967431903,577.88999999999999</coordinates></Point></Placemark><Placemark><TimeSpan><begin>2020-02-24T09:12:07Z</begin><end>2020-02-24T09:12:08Z</end></TimeSpan><styleUrl>#point</styleUrl><Point><altitudeMode>clampToGround</altitudeMode><coordinates>22.4066680110991,-33.908672025427222,576.92999999999995</coordinates></Point></Placemark><Placemark><TimeSpan><begin>2020-02-24T09:12:08Z</begin><end>2020-02-24T09:12:09Z</end></TimeSpan><styleUrl>#point</styleUrl><Point><altitudeMode>clampToGround</altitudeMode><coordinates>22.406529039144516,-33.90879699960351,575.49000000000001</coordinates></Point></Placemark><Placemark><TimeSpan><begin>2020-02-24T09:12:09Z</begin><end>2020-02-24T09:12:10Z</end></TimeSpan><styleUrl>#point</styleUrl><Point><altitudeMode>clampToGround</altitudeMode><coordinates>22.406404986977577,-33.908928008750081,574.52999999999997</coordinates></Point></Placemark><Placemark><TimeSpan><begin>2020-02-24T09:12:10Z</begin><end>2020-02-24T09:12:11Z</end></TimeSpan><styleUrl>#point</styleUrl><Point><altitudeMode>clampToGround</altitudeMode><coordinates>22.406309014186263,-33.909086007624865,572.60000000000002</coordinates></Point></Placemark><Placemark><TimeSpan><begin>2020-02-24T09:12:11Z</begin><end>2020-02-24T09:12:12Z</end></TimeSpan><styleUrl>#point</styleUrl><Point><altitudeMode>clampToGround</altitudeMode><coordinates>22.406248999759555,-33.909268984571099,570.20000000000005</coordinates></Point></Placemark><Placemark><TimeSpan><begin>2020-02-24T09:12:12Z</begin><end>2020-02-24T09:12:13Z</end></TimeSpan><styleUrl>#point</styleUrl><Point><altitudeMode>clampToGround</altitudeMode><coordinates>22.406233996152878,-33.909451961517334,567.32000000000005</coordinates></Point></Placemark><Placemark><TimeSpan><begin>2020-02-24T09:12:13Z</begin><end>2020-02-24T09:12:14Z</end></TimeSpan><styleUrl>#point</styleUrl><Point><altitudeMode>clampToGround</altitudeMode><coordinates>22.406256040558219,-33.909636028110981,564.90999999999997</coordinates></Point></Placemark><Placemark><TimeSpan><begin>2020-02-24T09:12:14Z</begin><end>2020-02-24T09:12:15Z</end></TimeSpan><styleUrl>#point</styleUrl><Point><altitudeMode>clampToGround</altitudeMode><coordinates>22.406314965337515,-33.909817999228835,562.99000000000001</coordinates></Point></Placemark><Placemark><TimeSpan><begin>2020-02-24T09:12:15Z</begin><end>2020-02-24T09:12:16Z</end></TimeSpan><styleUrl>#point</styleUrl><Point><altitudeMode>clampToGround</altitudeMode><coordinates>22.406405992805958,-33.909986978396773,561.07000000000005</coordinates></Point></Placemark><Placemark><TimeSpan><begin>2020-02-24T09:12:16Z</begin><end>2020-02-24T09:12:17Z</end></TimeSpan><styleUrl>#point</styleUrl><Point><altitudeMode>clampToGround</altitudeMode><coordinates>22.406524010002613,-33.910136008635163,560.11000000000001</coordinates></Point></Placemark><Placemark><TimeSpan><begin>2020-02-24T09:12:17Z</begin><end>2020-02-24T09:12:18Z</end></TimeSpan><styleUrl>#point</styleUrl><Point><altitudeMode>clampToGround</altitudeMode><coordinates>22.406670022755861,-33.910261988639832,559.13999999999999</coordinates></Point></Placemark><Placemark><TimeSpan><begin>2020-02-24T09:12:18Z</begin><end>2020-02-24T09:12:19Z</end></TimeSpan><styleUrl>#point</styleUrl><Point><altitudeMode>clampToGround</altitudeMode><coordinates>22.406831961125135,-33.910367013886571,557.70000000000005</coordinates></Point></Placemark><Placemark><TimeSpan><begin>2020-02-24T09:12:19Z</begin><end>2020-02-24T09:12:20Z</end></TimeSpan><styleUrl>#point</styleUrl><Point><altitudeMode>clampToGround</altitudeMode><coordinates>22.407003035768867,-33.910447983071208,556.74000000000001</coordinates></Point></Placemark><Placemark><TimeSpan><begin>2020-02-24T09:12:20Z</begin><end>2020-02-24T09:12:21Z</end></TimeSpan><styleUrl>#point</styleUrl><Point><altitudeMode>clampToGround</altitudeMode><coordinates>22.407181989401579,-33.910504980012774,555.29999999999995</coordinates></Point></Placemark><Placemark><TimeSpan><begin>2020-02-24T09:12:21Z</begin><end>2020-02-24T09:12:22Z</end></TimeSpan><styleUrl>#point</styleUrl><Point><altitudeMode>clampToGround</altitudeMode><coordinates>22.407361026853323,-33.910541022196412,554.82000000000005</coordinates></Point></Placemark><Placemark><TimeSpan><begin>2020-02-24T09:12:22Z</begin><end>2020-02-24T09:12:23Z</end></TimeSpan><styleUrl>#point</styleUrl><Point><altitudeMode>clampToGround</altitudeMode><coordinates>22.407531011849642,-33.910553008317947,554.34000000000003</coordinates></Point></Placemark><Placemark><TimeSpan><begin>2020-02-24T09:12:23Z</begin><end>2020-02-24T09:12:24Z</end></TimeSpan><styleUrl>#point</styleUrl><Point><altitudeMode>clampToGround</altitudeMode><coordinates>22.407694039866328,-33.910547979176044,553.86000000000001</coordinates></Point></Placemark><Placemark><TimeSpan><begin>2020-02-24T09:12:24Z</begin><end>2020-02-24T09:12:25Z</end></TimeSpan><styleUrl>#point</styleUrl><Point><altitudeMode>clampToGround</altitudeMode><coordinates>22.407854972407222,-33.910519983619452,554.34000000000003</coordinates></Point></Placemark><Placemark><TimeSpan><begin>2020-02-24T09:12:25Z</begin><end>2020-02-24T09:12:26Z</end></TimeSpan><styleUrl>#point</styleUrl><Point><altitudeMode>clampToGround</altitudeMode><coordinates>22.408012971282005,-33.910483019426465,553.38</coordinates></Point></Placemark><Placemark><TimeSpan><begin>2020-02-24T09:12:26Z</begin><end>2020-02-24T09:12:27Z</end></TimeSpan><styleUrl>#point</styleUrl><Point><altitudeMode>clampToGround</altitudeMode><coordinates>22.408174993470311,-33.910433985292912,552.89999999999998</coordinates></Point></Placemark><Placemark><TimeSpan><begin>2020-02-24T09:12:27Z</begin><end>2020-02-24T09:12:28Z</end></TimeSpan><styleUrl>#point</styleUrl><Point><altitudeMode>clampToGround</altitudeMode><coordinates>22.408341960981488,-33.910354021936655,551.92999999999995</coordinates></Point></Placemark><Placemark><TimeSpan><begin>2020-02-24T09:12:28Z</begin><end>2020-02-24T09:12:29Z</end></TimeSpan><styleUrl>#point</styleUrl><Point><altitudeMode>clampToGround</altitudeMode><coordinates>22.408531978726387,-33.910262994468212,550.49000000000001</coordinates></Point></Placemark><Placemark><TimeSpan><begin>2020-02-24T09:12:29Z</begin><end>2020-02-24T09:12:36Z</end></TimeSpan><styleUrl>#point</styleUrl><Point><altitudeMode>clampToGround</altitudeMode><coordinates>22.410021023824811,-33.909504013136029,538.96000000000004</coordinates></Point></Placemark><Placemark><TimeSpan><begin>2020-02-24T09:12:36Z</begin><end>2020-02-24T09:12:43Z</end></TimeSpan><styleUrl>#point</styleUrl><Point><altitudeMode>clampToGround</altitudeMode><coordinates>22.411386016756296,-33.908878974616528,529.82000000000005</coordinates></Point></Placemark><Placemark><TimeSpan><begin>2020-02-24T09:12:43Z</begin><end>2020-02-24T09:12:44Z</end></TimeSpan><styleUrl>#point</styleUrl><Point><altitudeMode>clampToGround</altitudeMode><coordinates>22.411583997309208,-33.908821977674961,529.82000000000005</coordinates></Point></Placemark><Placemark><TimeSpan><begin>2020-02-24T09:12:44Z</begin><end>2020-02-24T09:12:45Z</end></TimeSpan><styleUrl>#point</styleUrl><Point><altitudeMode>clampToGround</altitudeMode><coordinates>22.411780972033739,-33.908789036795497,528.86000000000001</coordinates></Point></Placemark><Placemark><TimeSpan><begin>2020-02-24T09:12:45Z</begin><end>2020-02-24T09:12:46Z</end></TimeSpan><styleUrl>#point</styleUrl><Point><altitudeMode>clampToGround</altitudeMode><coordinates>22.41197501309216,-33.908779984340072,527.89999999999998</coordinates></Point></Placemark><Placemark><TimeSpan><begin>2020-02-24T09:12:46Z</begin><end>2020-02-24T09:12:47Z</end></TimeSpan><styleUrl>#point</styleUrl><Point><altitudeMode>clampToGround</altitudeMode><coordinates>22.412177016958594,-33.908792976289988,526.46000000000004</coordinates></Point></Placemark><Placemark><TimeSpan><begin>2020-02-24T09:12:47Z</begin><end>2020-02-24T09:12:48Z</end></TimeSpan><styleUrl>#point</styleUrl><Point><altitudeMode>clampToGround</altitudeMode><coordinates>22.4123839661479,-33.908818960189819,525.5</coordinates></Point></Placemark><Placemark><TimeSpan><begin>2020-02-24T09:12:48Z</begin><end>2020-02-24T09:12:49Z</end></TimeSpan><styleUrl>#point</styleUrl><Point><altitudeMode>clampToGround</altitudeMode><coordinates>22.412592004984617,-33.908876040950418,524.53999999999996</coordinates></Point></Placemark><Placemark><TimeSpan><begin>2020-02-24T09:12:49Z</begin><end>2020-02-24T09:12:50Z</end></TimeSpan><styleUrl>#point</styleUrl><Point><altitudeMode>clampToGround</altitudeMode><coordinates>22.41279199719429,-33.908945024013519,523.58000000000004</coordinates></Point></Placemark><Placemark><TimeSpan><begin>2020-02-24T09:12:50Z</begin><end>2020-02-24T09:12:51Z</end></TimeSpan><styleUrl>#point</styleUrl><Point><altitudeMode>clampToGround</altitudeMode><coordinates>22.41298696026206,-33.909026999026537,521.64999999999998</coordinates></Point></Placemark><Placemark><TimeSpan><begin>2020-02-24T09:12:51Z</begin><end>2020-02-24T09:12:53Z</end></TimeSpan><styleUrl>#point</styleUrl><Point><altitudeMode>clampToGround</altitudeMode><coordinates>22.413352997973561,-33.909206036478281,519.25</coordinates></Point></Placemark><Placemark><TimeSpan><begin>2020-02-24T09:12:53Z</begin><end>2020-02-24T09:12:54Z</end></TimeSpan><styleUrl>#point</styleUrl><Point><altitudeMode>clampToGround</altitudeMode><coordinates>22.413502028211951,-33.909316007047892,518.28999999999996</coordinates></Point></Placemark><Placemark><TimeSpan><begin>2020-02-24T09:12:54Z</begin><end>2020-02-24T09:12:55Z</end></TimeSpan><styleUrl>#point</styleUrl><Point><altitudeMode>clampToGround</altitudeMode><coordinates>22.413618033751845,-33.909447016194463,517.33000000000004</coordinates></Point></Placemark><Placemark><TimeSpan><begin>2020-02-24T09:12:55Z</begin><end>2020-02-24T09:12:56Z</end></TimeSpan><styleUrl>#point</styleUrl><Point><altitudeMode>clampToGround</altitudeMode><coordinates>22.413695985451341,-33.909597974270582,516.37</coordinates></Point></Placemark><Placemark><TimeSpan><begin>2020-02-24T09:12:56Z</begin><end>2020-02-24T09:12:57Z</end></TimeSpan><styleUrl>#point</styleUrl><Point><altitudeMode>clampToGround</altitudeMode><coordinates>22.413731021806598,-33.909762008115649,515.88</coordinates></Point></Placemark><Placemark><TimeSpan><begin>2020-02-24T09:12:57Z</begin><end>2020-02-24T09:12:58Z</end></TimeSpan><styleUrl>#point</styleUrl><Point><altitudeMode>clampToGround</altitudeMode><coordinates>22.413734961301088,-33.909929981455207,515.39999999999998</coordinates></Point></Placemark><Placemark><TimeSpan><begin>2020-02-24T09:12:58Z</begin><end>2020-02-24T09:12:59Z</end></TimeSpan><styleUrl>#point</styleUrl><Point><altitudeMode>clampToGround</altitudeMode><coordinates>22.413711994886398,-33.910101978108287,513.48000000000002</coordinates></Point></Placemark><Placemark><TimeSpan><begin>2020-02-24T09:12:59Z</begin><end>2020-02-24T09:13:00Z</end></TimeSpan><styleUrl>#point</styleUrl><Point><altitudeMode>clampToGround</altitudeMode><coordinates>22.413670001551509,-33.910275986418128,512.51999999999998</coordinates></Point></Placemark><Placemark><TimeSpan><begin>2020-02-24T09:13:00Z</begin><end>2020-02-24T09:13:01Z</end></TimeSpan><styleUrl>#point</styleUrl><Point><altitudeMode>clampToGround</altitudeMode><coordinates>22.413619039580226,-33.91045100055635,511.56</coordinates></Point></Placemark><Placemark><TimeSpan><begin>2020-02-24T09:13:01Z</begin><end>2020-02-24T09:13:03Z</end></TimeSpan><styleUrl>#point</styleUrl><Point><altitudeMode>clampToGround</altitudeMode><coordinates>22.413470009341836,-33.910784013569355,508.67000000000002</coordinates></Point></Placemark><Placemark><TimeSpan><begin>2020-02-24T09:13:03Z</begin><end>2020-02-24T09:13:04Z</end></TimeSpan><styleUrl>#point</styleUrl><Point><altitudeMode>clampToGround</altitudeMode><coordinates>22.413360038772225,-33.910935977473855,507.70999999999998</coordinates></Point></Placemark><Placemark><TimeSpan><begin>2020-02-24T09:13:04Z</begin><end>2020-02-24T09:13:05Z</end></TimeSpan><styleUrl>#point</styleUrl><Point><altitudeMode>clampToGround</altitudeMode><coordinates>22.413225006312132,-33.911071009933949,506.75</coordinates></Point></Placemark><Placemark><TimeSpan><begin>2020-02-24T09:13:05Z</begin><end>2020-02-24T09:13:06Z</end></TimeSpan><styleUrl>#point</styleUrl><Point><altitudeMode>clampToGround</altitudeMode><coordinates>22.413060972467065,-33.911191038787365,505.79000000000002</coordinates></Point></Placemark><Placemark><TimeSpan><begin>2020-02-24T09:13:06Z</begin><end>2020-02-24T09:13:07Z</end></TimeSpan><styleUrl>#point</styleUrl><Point><altitudeMode>clampToGround</altitudeMode><coordinates>22.412881013005972,-33.911296986043453,504.82999999999998</coordinates></Point></Placemark><Placemark><TimeSpan><begin>2020-02-24T09:13:07Z</begin><end>2020-02-24T09:13:08Z</end></TimeSpan><styleUrl>#point</styleUrl><Point><altitudeMode>clampToGround</altitudeMode><coordinates>22.412696024402976,-33.911388013511896,503.87</coordinates></Point></Placemark><Placemark><TimeSpan><begin>2020-02-24T09:13:08Z</begin><end>2020-02-24T09:13:09Z</end></TimeSpan><styleUrl>#point</styleUrl><Point><altitudeMode>clampToGround</altitudeMode><coordinates>22.412509024143219,-33.911465965211391,502.91000000000003</coordinates></Point></Placemark><Placemark><TimeSpan><begin>2020-02-24T09:13:09Z</begin><end>2020-02-24T09:13:10Z</end></TimeSpan><styleUrl>#point</styleUrl><Point><altitudeMode>clampToGround</altitudeMode><coordinates>22.412321018055081,-33.911542994901538,502.43000000000001</coordinates></Point></Placemark><Placemark><TimeSpan><begin>2020-02-24T09:13:10Z</begin><end>2020-02-24T09:13:12Z</end></TimeSpan><styleUrl>#point</styleUrl><Point><altitudeMode>clampToGround</altitudeMode><coordinates>22.411970989778638,-33.911699987947941,500.5</coordinates></Point></Placemark><Placemark><TimeSpan><begin>2020-02-24T09:13:12Z</begin><end>2020-02-24T09:13:13Z</end></TimeSpan><styleUrl>#point</styleUrl><Point><altitudeMode>clampToGround</altitudeMode><coordinates>22.411813996732235,-33.911800989881158,499.54000000000002</coordinates></Point></Placemark><Placemark><TimeSpan><begin>2020-02-24T09:13:13Z</begin><end>2020-02-24T09:13:14Z</end></TimeSpan><styleUrl>#point</styleUrl><Point><altitudeMode>clampToGround</altitudeMode><coordinates>22.411688016727567,-33.91193300485611,499.06</coordinates></Point></Placemark><Placemark><TimeSpan><begin>2020-02-24T09:13:14Z</begin><end>2020-02-24T09:13:15Z</end></TimeSpan><styleUrl>#point</styleUrl><Point><altitudeMode>clampToGround</altitudeMode><coordinates>22.411589026451111,-33.912079017609358,498.10000000000002</coordinates></Point></Placemark><Placemark><TimeSpan><begin>2020-02-24T09:13:15Z</begin><end>2020-02-24T09:13:16Z</end></TimeSpan><styleUrl>#point</styleUrl><Point><altitudeMode>clampToGround</altitudeMode><coordinates>22.41152498871088,-33.912227964028716,497.62</coordinates></Point></Placemark><Placemark><TimeSpan><begin>2020-02-24T09:13:16Z</begin><end>2020-02-24T09:13:17Z</end></TimeSpan><styleUrl>#point</styleUrl><Point><altitudeMode>clampToGround</altitudeMode><coordinates>22.411492969840765,-33.912390992045403,496.66000000000003</coordinates></Point></Placemark><Placemark><TimeSpan><begin>2020-02-24T09:13:17Z</begin><end>2020-02-24T09:13:18Z</end></TimeSpan><styleUrl>#point</styleUrl><Point><altitudeMode>clampToGround</altitudeMode><coordinates>22.41148198954761,-33.912559971213341,495.69999999999999</coordinates></Point></Placemark><Placemark><TimeSpan><begin>2020-02-24T09:13:18Z</begin><end>2020-02-24T09:13:19Z</end></TimeSpan><styleUrl>#point</styleUrl><Point><altitudeMode>clampToGround</altitudeMode><coordinates>22.411477966234088,-33.912734985351563,494.25999999999999</coordinates></Point></Placemark><Placemark><TimeSpan><begin>2020-02-24T09:13:19Z</begin><end>2020-02-24T09:13:20Z</end></TimeSpan><styleUrl>#point</styleUrl><Point><altitudeMode>clampToGround</altitudeMode><coordinates>22.41145902313292,-33.912923997268081,494.25999999999999</coordinates></Point></Placemark><Placemark><TimeSpan><begin>2020-02-24T09:13:20Z</begin><end>2020-02-24T09:13:21Z</end></TimeSpan><styleUrl>#point</styleUrl><Point><altitudeMode>clampToGround</altitudeMode><coordinates>22.411413006484509,-33.913108985871077,493.76999999999998</coordinates></Point></Placemark><Placemark><TimeSpan><begin>2020-02-24T09:13:21Z</begin><end>2020-02-24T09:13:22Z</end></TimeSpan><styleUrl>#point</styleUrl><Point><altitudeMode>clampToGround</altitudeMode><coordinates>22.411345029249787,-33.913284000009298,493.29000000000002</coordinates></Point></Placemark><Placemark><TimeSpan><begin>2020-02-24T09:13:22Z</begin><end>2020-02-24T09:13:23Z</end></TimeSpan><styleUrl>#point</styleUrl><Point><altitudeMode>clampToGround</altitudeMode><coordinates>22.411246038973331,-33.913461025804281,491.85000000000002</coordinates></Point></Placemark><Placemark><TimeSpan><begin>2020-02-24T09:13:23Z</begin><end>2020-02-24T09:13:24Z</end></TimeSpan><styleUrl>#point</styleUrl><Point><altitudeMode>clampToGround</altitudeMode><coordinates>22.411134978756309,-33.913634028285742,489.93000000000001</coordinates></Point></Placemark><Placemark><TimeSpan><begin>2020-02-24T09:13:24Z</begin><end>2020-02-24T09:13:27Z</end></TimeSpan><styleUrl>#point</styleUrl><Point><altitudeMode>clampToGround</altitudeMode><coordinates>22.410843037068844,-33.914139959961176,485.60000000000002</coordinates></Point></Placemark><Placemark><TimeSpan><begin>2020-02-24T09:13:27Z</begin><end>2020-02-24T09:13:28Z</end></TimeSpan><styleUrl>#point</styleUrl><Point><altitudeMode>clampToGround</altitudeMode><coordinates>22.410795008763671,-33.914316985756159,484.63999999999999</coordinates></Point></Placemark><Placemark><TimeSpan><begin>2020-02-24T09:13:28Z</begin><end>2020-02-24T09:13:29Z</end></TimeSpan><styleUrl>#point</styleUrl><Point><altitudeMode>clampToGround</altitudeMode><coordinates>22.410796014592052,-33.914486970752478,481.27999999999997</coordinates></Point></Placemark><Placemark><TimeSpan><begin>2020-02-24T09:13:29Z</begin><end>2020-02-24T09:13:30Z</end></TimeSpan><styleUrl>#point</styleUrl><Point><altitudeMode>clampToGround</altitudeMode><coordinates>22.410845970734954,-33.914654022082686,478.38999999999999</coordinates></Point></Placemark><Placemark><TimeSpan><begin>2020-02-24T09:13:30Z</begin><end>2020-02-24T09:13:31Z</end></TimeSpan><styleUrl>#point</styleUrl><Point><altitudeMode>clampToGround</altitudeMode><coordinates>22.410944039002061,-33.914813026785851,475.50999999999999</coordinates></Point></Placemark><Placemark><TimeSpan><begin>2020-02-24T09:13:31Z</begin><end>2020-02-24T09:13:32Z</end></TimeSpan><styleUrl>#point</styleUrl><Point><altitudeMode>clampToGround</altitudeMode><coordinates>22.411080999299884,-33.914955016225576,474.06999999999999</coordinates></Point></Placemark><Placemark><TimeSpan><begin>2020-02-24T09:13:32Z</begin><end>2020-02-24T09:13:33Z</end></TimeSpan><styleUrl>#point</styleUrl><Point><altitudeMode>clampToGround</altitudeMode><coordinates>22.411248972639441,-33.915094994008541,471.66000000000003</coordinates></Point></Placemark><Placemark><TimeSpan><begin>2020-02-24T09:13:33Z</begin><end>2020-02-24T09:13:34Z</end></TimeSpan><styleUrl>#point</styleUrl><Point><altitudeMode>clampToGround</altitudeMode><coordinates>22.411421975120902,-33.915223991498351,469.74000000000001</coordinates></Point></Placemark><Placemark><TimeSpan><begin>2020-02-24T09:13:34Z</begin><end>2020-02-24T09:13:43Z</end></TimeSpan><styleUrl>#point</styleUrl><Point><altitudeMode>clampToGround</altitudeMode><coordinates>22.412872966378927,-33.916416987776756,454.83999999999997</coordinates></Point></Placemark><Placemark><TimeSpan><begin>2020-02-24T09:13:43Z</begin><end>2020-02-24T09:13:44Z</end></TimeSpan><styleUrl>#point</styleUrl><Point><altitudeMode>clampToGround</altitudeMode><coordinates>22.412978997454047,-33.916566018015146,453.88</coordinates></Point></Placemark><Placemark><TimeSpan><begin>2020-02-24T09:13:44Z</begin><end>2020-02-24T09:13:45Z</end></TimeSpan><styleUrl>#point</styleUrl><Point><altitudeMode>clampToGround</altitudeMode><coordinates>22.413056027144194,-33.916730973869562,452.44</coordinates></Point></Placemark><Placemark><TimeSpan><begin>2020-02-24T09:13:45Z</begin><end>2020-02-24T09:13:46Z</end></TimeSpan><styleUrl>#point</styleUrl><Point><altitudeMode>clampToGround</altitudeMode><coordinates>22.413093997165561,-33.916899031028152,451</coordinates></Point></Placemark><Placemark><TimeSpan><begin>2020-02-24T09:13:46Z</begin><end>2020-02-24T09:13:47Z</end></TimeSpan><styleUrl>#point</styleUrl><Point><altitudeMode>clampToGround</altitudeMode><coordinates>22.4130919855088,-33.917064992710948,449.55000000000001</coordinates></Point></Placemark><Placemark><TimeSpan><begin>2020-02-24T09:13:47Z</begin><end>2020-02-24T09:13:48Z</end></TimeSpan><styleUrl>#point</styleUrl><Point><altitudeMode>clampToGround</altitudeMode><coordinates>22.413058038800955,-33.917231038212776,449.06999999999999</coordinates></Point></Placemark><Placemark><TimeSpan><begin>2020-02-24T09:13:48Z</begin><end>2020-02-24T09:13:49Z</end></TimeSpan><styleUrl>#point</styleUrl><Point><altitudeMode>clampToGround</altitudeMode><coordinates>22.412997018545866,-33.917385013774037,448.11000000000001</coordinates></Point></Placemark><Placemark><TimeSpan><begin>2020-02-24T09:13:49Z</begin><end>2020-02-24T09:13:50Z</end></TimeSpan><styleUrl>#point</styleUrl><Point><altitudeMode>clampToGround</altitudeMode><coordinates>22.41290096193552,-33.917533038184047,446.67000000000002</coordinates></Point></Placemark><Placemark><TimeSpan><begin>2020-02-24T09:13:50Z</begin><end>2020-02-24T09:13:51Z</end></TimeSpan><styleUrl>#point</styleUrl><Point><altitudeMode>clampToGround</altitudeMode><coordinates>22.412785040214658,-33.917665975168347,446.19</coordinates></Point></Placemark><Placemark><TimeSpan><begin>2020-02-24T09:13:51Z</begin><end>2020-02-24T09:13:52Z</end></TimeSpan><styleUrl>#point</styleUrl><Point><altitudeMode>clampToGround</altitudeMode><coordinates>22.412641039118171,-33.917782986536622,445.23000000000002</coordinates></Point></Placemark><Placemark><TimeSpan><begin>2020-02-24T09:13:52Z</begin><end>2020-02-24T09:13:53Z</end></TimeSpan><styleUrl>#point</styleUrl><Point><altitudeMode>clampToGround</altitudeMode><coordinates>22.412466024979949,-33.917883988469839,444.26999999999998</coordinates></Point></Placemark><Placemark><TimeSpan><begin>2020-02-24T09:13:53Z</begin><end>2020-02-24T09:13:54Z</end></TimeSpan><styleUrl>#point</styleUrl><Point><altitudeMode>clampToGround</altitudeMode><coordinates>22.412279024720192,-33.917981972917914,443.79000000000002</coordinates></Point></Placemark><Placemark><TimeSpan><begin>2020-02-24T09:13:54Z</begin><end>2020-02-24T09:13:55Z</end></TimeSpan><styleUrl>#point</styleUrl><Point><altitudeMode>clampToGround</altitudeMode><coordinates>22.412070985883474,-33.918080041185021,443.31</coordinates></Point></Placemark><Placemark><TimeSpan><begin>2020-02-24T09:13:55Z</begin><end>2020-02-24T09:13:56Z</end></TimeSpan><styleUrl>#point</styleUrl><Point><altitudeMode>clampToGround</altitudeMode><coordinates>22.411852972581983,-33.91816302202642,441.38</coordinates></Point></Placemark><Placemark><TimeSpan><begin>2020-02-24T09:13:56Z</begin><end>2020-02-24T09:14:09Z</end></TimeSpan><styleUrl>#point</styleUrl><Point><altitudeMode>clampToGround</altitudeMode><coordinates>22.408940009772778,-33.919357024133205,426.48000000000002</coordinates></Point></Placemark><Placemark><TimeSpan><begin>2020-02-24T09:14:09Z</begin><end>2020-02-24T09:14:10Z</end></TimeSpan><styleUrl>#point</styleUrl><Point><altitudeMode>clampToGround</altitudeMode><coordinates>22.408801037818193,-33.919470012187958,424.56</coordinates></Point></Placemark><Placemark><TimeSpan><begin>2020-02-24T09:14:10Z</begin><end>2020-02-24T09:14:11Z</end></TimeSpan><styleUrl>#point</styleUrl><Point><altitudeMode>clampToGround</altitudeMode><coordinates>22.408684026449919,-33.919604038819671,423.12</coordinates></Point></Placemark><Placemark><TimeSpan><begin>2020-02-24T09:14:11Z</begin><end>2020-02-24T09:14:12Z</end></TimeSpan><styleUrl>#point</styleUrl><Point><altitudeMode>clampToGround</altitudeMode><coordinates>22.408603979274631,-33.919748039916158,421.68000000000001</coordinates></Point></Placemark><Placemark><TimeSpan><begin>2020-02-24T09:14:12Z</begin><end>2020-02-24T09:14:13Z</end></TimeSpan><styleUrl>#point</styleUrl><Point><altitudeMode>clampToGround</altitudeMode><coordinates>22.408554023131728,-33.919900003820658,420.70999999999998</coordinates></Point></Placemark><Placemark><TimeSpan><begin>2020-02-24T09:14:13Z</begin><end>2020-02-24T09:14:14Z</end></TimeSpan><styleUrl>#point</styleUrl><Point><altitudeMode>clampToGround</altitudeMode><coordinates>22.408543964847922,-33.920059008523822,419.26999999999998</coordinates></Point></Placemark><Placemark><TimeSpan><begin>2020-02-24T09:14:14Z</begin><end>2020-02-24T09:14:15Z</end></TimeSpan><styleUrl>#point</styleUrl><Point><altitudeMode>clampToGround</altitudeMode><coordinates>22.408567015081644,-33.920220024883747,416.87</coordinates></Point></Placemark><Placemark><TimeSpan><begin>2020-02-24T09:14:15Z</begin><end>2020-02-24T09:14:16Z</end></TimeSpan><styleUrl>#point</styleUrl><Point><altitudeMode>clampToGround</altitudeMode><coordinates>22.408629963174462,-33.920383974909782,414.47000000000003</coordinates></Point></Placemark><Placemark><TimeSpan><begin>2020-02-24T09:14:16Z</begin><end>2020-02-24T09:14:17Z</end></TimeSpan><styleUrl>#point</styleUrl><Point><altitudeMode>clampToGround</altitudeMode><coordinates>22.408733982592821,-33.920538034290075,411.57999999999998</coordinates></Point></Placemark><Placemark><TimeSpan><begin>2020-02-24T09:14:17Z</begin><end>2020-02-24T09:14:18Z</end></TimeSpan><styleUrl>#point</styleUrl><Point><altitudeMode>clampToGround</altitudeMode><coordinates>22.408861974254251,-33.920668959617615,408.22000000000003</coordinates></Point></Placemark><Placemark><TimeSpan><begin>2020-02-24T09:14:18Z</begin><end>2020-02-24T09:14:19Z</end></TimeSpan><styleUrl>#point</styleUrl><Point><altitudeMode>clampToGround</altitudeMode><coordinates>22.409039000049233,-33.920784965157509,407.74000000000001</coordinates></Point></Placemark><Placemark><TimeSpan><begin>2020-02-24T09:14:19Z</begin><end>2020-02-24T09:14:20Z</end></TimeSpan><styleUrl>#point</styleUrl><Point><altitudeMode>clampToGround</altitudeMode><coordinates>22.409235974773765,-33.920870963484049,407.74000000000001</coordinates></Point></Placemark><Placemark><TimeSpan><begin>2020-02-24T09:14:20Z</begin><end>2020-02-24T09:14:21Z</end></TimeSpan><styleUrl>#point</styleUrl><Point><altitudeMode>clampToGround</altitudeMode><coordinates>22.409450970590115,-33.920944975689054,407.25999999999999</coordinates></Point></Placemark><Placemark><TimeSpan><begin>2020-02-24T09:14:21Z</begin><end>2020-02-24T09:14:22Z</end></TimeSpan><styleUrl>#point</styleUrl><Point><altitudeMode>clampToGround</altitudeMode><coordinates>22.40967501886189,-33.921011025086045,405.81</coordinates></Point></Placemark><Placemark><TimeSpan><begin>2020-02-24T09:14:22Z</begin><end>2020-02-24T09:14:31Z</end></TimeSpan><styleUrl>#point</styleUrl><Point><altitudeMode>clampToGround</altitudeMode><coordinates>22.411773009225726,-33.92164696007967,394.27999999999997</coordinates></Point></Placemark><Placemark><TimeSpan><begin>2020-02-24T09:14:31Z</begin><end>2020-02-24T09:14:32Z</end></TimeSpan><styleUrl>#point</styleUrl><Point><altitudeMode>clampToGround</altitudeMode><coordinates>22.411959003657103,-33.921746034175158,393.31999999999999</coordinates></Point></Placemark><Placemark><TimeSpan><begin>2020-02-24T09:14:32Z</begin><end>2020-02-24T09:14:33Z</end></TimeSpan><styleUrl>#point</styleUrl><Point><altitudeMode>clampToGround</altitudeMode><coordinates>22.412118008360267,-33.921862961724401,391.87</coordinates></Point></Placemark><Placemark><TimeSpan><begin>2020-02-24T09:14:33Z</begin><end>2020-02-24T09:14:34Z</end></TimeSpan><styleUrl>#point</styleUrl><Point><altitudeMode>clampToGround</altitudeMode><coordinates>22.412247005850077,-33.921997994184494,390.43000000000001</coordinates></Point></Placemark><Placemark><TimeSpan><begin>2020-02-24T09:14:34Z</begin><end>2020-02-24T09:14:35Z</end></TimeSpan><styleUrl>#point</styleUrl><Point><altitudeMode>clampToGround</altitudeMode><coordinates>22.412349013611674,-33.922147024422884,388.99000000000001</coordinates></Point></Placemark><Placemark><TimeSpan><begin>2020-02-24T09:14:35Z</begin><end>2020-02-24T09:14:36Z</end></TimeSpan><styleUrl>#point</styleUrl><Point><altitudeMode>clampToGround</altitudeMode><coordinates>22.41242403164506,-33.922317009419203,387.55000000000001</coordinates></Point></Placemark><Placemark><TimeSpan><begin>2020-02-24T09:14:36Z</begin><end>2020-02-24T09:14:37Z</end></TimeSpan><styleUrl>#point</styleUrl><Point><altitudeMode>clampToGround</altitudeMode><coordinates>22.412471976131201,-33.922495041042566,385.63</coordinates></Point></Placemark><Placemark><TimeSpan><begin>2020-02-24T09:14:37Z</begin><end>2020-02-24T09:14:38Z</end></TimeSpan><styleUrl>#point</styleUrl><Point><altitudeMode>clampToGround</altitudeMode><coordinates>22.412493014708161,-33.922671983018517,384.66000000000003</coordinates></Point></Placemark><Placemark><TimeSpan><begin>2020-02-24T09:14:38Z</begin><end>2020-02-24T09:14:39Z</end></TimeSpan><styleUrl>#point</styleUrl><Point><altitudeMode>clampToGround</altitudeMode><coordinates>22.41248999722302,-33.922853032127023,383.69999999999999</coordinates></Point></Placemark><Placemark><TimeSpan><begin>2020-02-24T09:14:39Z</begin><end>2020-02-24T09:14:40Z</end></TimeSpan><styleUrl>#point</styleUrl><Point><altitudeMode>clampToGround</altitudeMode><coordinates>22.412477005273104,-33.923027962446213,382.25999999999999</coordinates></Point></Placemark><Placemark><TimeSpan><begin>2020-02-24T09:14:40Z</begin><end>2020-02-24T09:14:42Z</end></TimeSpan><styleUrl>#point</styleUrl><Point><altitudeMode>clampToGround</altitudeMode><coordinates>22.412471976131201,-33.92338695935905,378.42000000000002</coordinates></Point></Placemark><Placemark><TimeSpan><begin>2020-02-24T09:14:42Z</begin><end>2020-02-24T09:14:43Z</end></TimeSpan><styleUrl>#point</styleUrl><Point><altitudeMode>clampToGround</altitudeMode><coordinates>22.4125100299716,-33.923562979325652,376.49000000000001</coordinates></Point></Placemark><Placemark><TimeSpan><begin>2020-02-24T09:14:43Z</begin><end>2020-02-24T09:14:44Z</end></TimeSpan><styleUrl>#point</styleUrl><Point><altitudeMode>clampToGround</altitudeMode><coordinates>22.412587981671095,-33.9237280189991,375.05000000000001</coordinates></Point></Placemark><Placemark><TimeSpan><begin>2020-02-24T09:14:44Z</begin><end>2020-02-24T09:14:45Z</end></TimeSpan><styleUrl>#point</styleUrl><Point><altitudeMode>clampToGround</altitudeMode><coordinates>22.412708010524511,-33.923873025923967,373.61000000000001</coordinates></Point></Placemark><Placemark><TimeSpan><begin>2020-02-24T09:14:45Z</begin><end>2020-02-24T09:14:46Z</end></TimeSpan><styleUrl>#point</styleUrl><Point><altitudeMode>clampToGround</altitudeMode><coordinates>22.412856034934521,-33.923996994271874,371.69</coordinates></Point></Placemark><Placemark><TimeSpan><begin>2020-02-24T09:14:46Z</begin><end>2020-02-24T09:14:47Z</end></TimeSpan><styleUrl>#point</styleUrl><Point><altitudeMode>clampToGround</altitudeMode><coordinates>22.413025014102459,-33.924100007861853,370.73000000000002</coordinates></Point></Placemark><Placemark><TimeSpan><begin>2020-02-24T09:14:47Z</begin><end>2020-02-24T09:14:48Z</end></TimeSpan><styleUrl>#point</styleUrl><Point><altitudeMode>clampToGround</altitudeMode><coordinates>22.413206985220313,-33.924192041158676,369.75999999999999</coordinates></Point></Placemark><Placemark><TimeSpan><begin>2020-02-24T09:14:48Z</begin><end>2020-02-24T09:14:49Z</end></TimeSpan><styleUrl>#point</styleUrl><Point><altitudeMode>clampToGround</altitudeMode><coordinates>22.413400020450354,-33.924270998686552,369.27999999999997</coordinates></Point></Placemark><Placemark><TimeSpan><begin>2020-02-24T09:14:49Z</begin><end>2020-02-24T09:14:54Z</end></TimeSpan><styleUrl>#point</styleUrl><Point><altitudeMode>clampToGround</altitudeMode><coordinates>22.414252040907741,-33.92473803833127,366.88</coordinates></Point></Placemark><Placemark><TimeSpan><begin>2020-02-24T09:14:54Z</begin><end>2020-02-24T09:14:55Z</end></TimeSpan><styleUrl>#point</styleUrl><Point><altitudeMode>clampToGround</altitudeMode><coordinates>22.414375003427267,-33.924858989194036,365.44</coordinates></Point></Placemark><Placemark><TimeSpan><begin>2020-02-24T09:14:55Z</begin><end>2020-02-24T09:14:56Z</end></TimeSpan><styleUrl>#point</styleUrl><Point><altitudeMode>clampToGround</altitudeMode><coordinates>22.414478017017245,-33.924994021654129,364.48000000000002</coordinates></Point></Placemark><Placemark><TimeSpan><begin>2020-02-24T09:14:56Z</begin><end>2020-02-24T09:14:57Z</end></TimeSpan><styleUrl>#point</styleUrl><Point><altitudeMode>clampToGround</altitudeMode><coordinates>22.414554040879011,-33.92514699138701,363.04000000000002</coordinates></Point></Placemark><Placemark><TimeSpan><begin>2020-02-24T09:14:57Z</begin><end>2020-02-24T09:14:58Z</end></TimeSpan><styleUrl>#point</styleUrl><Point><altitudeMode>clampToGround</altitudeMode><coordinates>22.414603997021914,-33.925314964726567,362.06999999999999</coordinates></Point></Placemark><Placemark><TimeSpan><begin>2020-02-24T09:14:58Z</begin><end>2020-02-24T09:14:59Z</end></TimeSpan><styleUrl>#point</styleUrl><Point><altitudeMode>clampToGround</altitudeMode><coordinates>22.41461799480021,-33.925486961379647,361.11000000000001</coordinates></Point></Placemark><Placemark><TimeSpan><begin>2020-02-24T09:14:59Z</begin><end>2020-02-24T09:15:00Z</end></TimeSpan><styleUrl>#point</styleUrl><Point><altitudeMode>clampToGround</altitudeMode><coordinates>22.414607014507055,-33.925659041851759,360.14999999999998</coordinates></Point></Placemark><Placemark><TimeSpan><begin>2020-02-24T09:15:00Z</begin><end>2020-02-24T09:15:01Z</end></TimeSpan><styleUrl>#point</styleUrl><Point><altitudeMode>clampToGround</altitudeMode><coordinates>22.414568038657308,-33.925830032676458,359.19</coordinates></Point></Placemark><Placemark><TimeSpan><begin>2020-02-24T09:15:01Z</begin><end>2020-02-24T09:15:02Z</end></TimeSpan><styleUrl>#point</styleUrl><Point><altitudeMode>clampToGround</altitudeMode><coordinates>22.414507018402219,-33.925997000187635,358.23000000000002</coordinates></Point></Placemark><Placemark><TimeSpan><begin>2020-02-24T09:15:02Z</begin><end>2020-02-24T09:15:03Z</end></TimeSpan><styleUrl>#point</styleUrl><Point><altitudeMode>clampToGround</altitudeMode><coordinates>22.414434012025595,-33.926161034032702,356.79000000000002</coordinates></Point></Placemark><Placemark><TimeSpan><begin>2020-02-24T09:15:03Z</begin><end>2020-02-24T09:15:16Z</end></TimeSpan><styleUrl>#point</styleUrl><Point><altitudeMode>clampToGround</altitudeMode><coordinates>22.413378981873393,-33.928301017731428,341.88999999999999</coordinates></Point></Placemark><Placemark><TimeSpan><begin>2020-02-24T09:15:16Z</begin><end>2020-02-24T09:15:23Z</end></TimeSpan><styleUrl>#point</styleUrl><Point><altitudeMode>clampToGround</altitudeMode><coordinates>22.412564009428024,-33.929056981578469,334.68000000000001</coordinates></Point></Placemark><Placemark><TimeSpan><begin>2020-02-24T09:15:23Z</begin><end>2020-02-24T09:15:33Z</end></TimeSpan><styleUrl>#point</styleUrl><Point><altitudeMode>clampToGround</altitudeMode><coordinates>22.411783989518881,-33.929777992889285,326.99000000000001</coordinates></Point></Placemark><Placemark><TimeSpan><begin>2020-02-24T09:15:33Z</begin><end>2020-02-24T09:15:44Z</end></TimeSpan><styleUrl>#point</styleUrl><Point><altitudeMode>clampToGround</altitudeMode><coordinates>22.4113529920578,-33.93073596060276,318.81</coordinates></Point></Placemark><Placemark><TimeSpan><begin>2020-02-24T09:15:44Z</begin><end>2020-02-24T09:15:55Z</end></TimeSpan><styleUrl>#point</styleUrl><Point><altitudeMode>clampToGround</altitudeMode><coordinates>22.411332037299871,-33.931825021281838,312.08999999999997</coordinates></Point></Placemark><Placemark><TimeSpan><begin>2020-02-24T09:15:55Z</begin><end>2020-02-24T09:16:09Z</end></TimeSpan><styleUrl>#point</styleUrl><Point><altitudeMode>clampToGround</altitudeMode><coordinates>22.411236986517906,-33.933214992284775,303.43000000000001</coordinates></Point></Placemark><Placemark><TimeSpan><begin>2020-02-24T09:16:09Z</begin><end>2020-02-24T09:16:21Z</end></TimeSpan><styleUrl>#point</styleUrl><Point><altitudeMode>clampToGround</altitudeMode><coordinates>22.411323990672827,-33.934441013261676,294.77999999999997</coordinates></Point></Placemark><Placemark><TimeSpan><begin>2020-02-24T09:16:21Z</begin><end>2020-02-24T09:16:28Z</end></TimeSpan><styleUrl>#point</styleUrl><Point><altitudeMode>clampToGround</altitudeMode><coordinates>22.411707965657115,-33.935477016493678,288.05000000000001</coordinates></Point></Placemark><Placemark><TimeSpan><begin>2020-02-24T09:16:28Z</begin><end>2020-02-24T09:16:29Z</end></TimeSpan><styleUrl>#point</styleUrl><Point><altitudeMode>clampToGround</altitudeMode><coordinates>22.411732021719217,-33.935645995661616,287.08999999999997</coordinates></Point></Placemark><Placemark><TimeSpan><begin>2020-02-24T09:16:29Z</begin><end>2020-02-24T09:16:30Z</end></TimeSpan><styleUrl>#point</styleUrl><Point><altitudeMode>clampToGround</altitudeMode><coordinates>22.411726992577314,-33.935810029506683,285.17000000000002</coordinates></Point></Placemark><Placemark><TimeSpan><begin>2020-02-24T09:16:30Z</begin><end>2020-02-24T09:16:31Z</end></TimeSpan><styleUrl>#point</styleUrl><Point><altitudeMode>clampToGround</altitudeMode><coordinates>22.411709977313876,-33.935980014503002,284.69</coordinates></Point></Placemark><Placemark><TimeSpan><begin>2020-02-24T09:16:31Z</begin><end>2020-02-24T09:16:32Z</end></TimeSpan><styleUrl>#point</styleUrl><Point><altitudeMode>clampToGround</altitudeMode><coordinates>22.411691034212708,-33.936146982014179,283.25</coordinates></Point></Placemark><Placemark><TimeSpan><begin>2020-02-24T09:16:32Z</begin><end>2020-02-24T09:16:40Z</end></TimeSpan><styleUrl>#point</styleUrl><Point><altitudeMode>clampToGround</altitudeMode><coordinates>22.411761023104191,-33.937609037384391,273.63</coordinates></Point></Placemark><Placemark><TimeSpan><begin>2020-02-24T09:16:40Z</begin><end>2020-02-24T09:16:52Z</end></TimeSpan><styleUrl>#point</styleUrl><Point><altitudeMode>clampToGround</altitudeMode><coordinates>22.412779005244374,-33.939949013292789,257.29000000000002</coordinates></Point></Placemark><Placemark><TimeSpan><begin>2020-02-24T09:16:52Z</begin><end>2020-02-24T09:16:59Z</end></TimeSpan><styleUrl>#point</styleUrl><Point><altitudeMode>clampToGround</altitudeMode><coordinates>22.413992034271359,-33.94100496545434,245.27000000000001</coordinates></Point></Placemark><Placemark><TimeSpan><begin>2020-02-24T09:16:59Z</begin><end>2020-02-24T09:17:06Z</end></TimeSpan><styleUrl>#point</styleUrl><Point><altitudeMode>clampToGround</altitudeMode><coordinates>22.415373036637902,-33.941761013120413,235.18000000000001</coordinates></Point></Placemark><Placemark><TimeSpan><begin>2020-02-24T09:17:06Z</begin><end>2020-02-24T09:17:13Z</end></TimeSpan><styleUrl>#point</styleUrl><Point><altitudeMode>clampToGround</altitudeMode><coordinates>22.416842970997095,-33.942155968397856,226.53</coordinates></Point></Placemark><Placemark><TimeSpan><begin>2020-02-24T09:17:13Z</begin><end>2020-02-24T09:17:14Z</end></TimeSpan><styleUrl>#point</styleUrl><Point><altitudeMode>clampToGround</altitudeMode><coordinates>22.417042041197419,-33.942254036664963,224.61000000000001</coordinates></Point></Placemark><Placemark><TimeSpan><begin>2020-02-24T09:17:14Z</begin><end>2020-02-24T09:17:22Z</end></TimeSpan><styleUrl>#point</styleUrl><Point><altitudeMode>clampToGround</altitudeMode><coordinates>22.418772988021374,-33.94287396222353,213.55000000000001</coordinates></Point></Placemark></Folder><Placemark><name>[109] Outeniqua Pass</name><Style><LineStyle><color>ffff4040</color><width>4</width></LineStyle></Style><MultiGeometry><LineString><coordinates>22.373309964314103,-33.873320007696748,638.45000000000005 22.376151010394096,-33.874050993472338,653.35000000000002 22.380532985553145,-33.874984988942742,657.20000000000005 22.384341973811388,-33.875978998839855,666.80999999999995 22.385702021420002,-33.877024976536632,677.38999999999999 22.386609027162194,-33.877734001725912,684.60000000000002 22.386878002434969,-33.877881020307541,685.55999999999995 22.387156030163169,-33.878004988655448,687.48000000000002 22.387444032356143,-33.878111019730568,689.39999999999998 22.387744020670652,-33.878201963379979,690.84000000000003 22.388049960136414,-33.878277987241745,692.28999999999996 22.388366041705012,-33.878342024981976,694.21000000000004 22.392635028809309,-33.87906395830214,718.24000000000001 22.394495978951454,-33.879441982135177,728.34000000000003 22.394738970324397,-33.879554970189929,729.77999999999997 22.395339030772448,-33.879873985424638,732.65999999999997 22.395542962476611,-33.879950009286404,734.10000000000002 22.395752007141709,-33.879987979307771,734.10000000000002 22.395978989079595,-33.880014969035983,735.54999999999995 22.396215023472905,-33.880013963207603,737.47000000000003 22.396465977653861,-33.879998037591577,738.90999999999997 22.397454958409071,-33.879927964881063,744.67999999999995 22.397671965882182,-33.879952020943165,746.12 22.397869024425745,-33.880001977086067,747.08000000000004 22.398040015250444,-33.880086969584227,747.55999999999995 22.398193990811706,-33.880194006487727,748.51999999999998 22.398329023271799,-33.880329038947821,749.49000000000001 22.39843999966979,-33.880490977317095,750.45000000000005 22.398521974682808,-33.880665991455317,750.92999999999995 22.398544019088149,-33.880821978673339,752.37 22.39852599799633,-33.880989030003548,753.80999999999995 22.398474030196667,-33.881165971979499,754.76999999999998 22.398388031870127,-33.88133998028934,756.21000000000004 22.398282000795007,-33.881512982770801,757.17999999999995 22.39816197194159,-33.881697971373796,758.62 22.397488988935947,-33.882814021781087,769.66999999999996 22.397426040843129,-33.882995992898941,771.11000000000001 22.397393016144633,-33.883178969845176,770.63 22.397394021973014,-33.883375022560358,772.08000000000004 22.397417994216084,-33.883566968142986,773.03999999999996 22.397456970065832,-33.883752962574363,774.96000000000004 22.397757964208722,-33.884812016040087,782.16999999999996 22.397877993062139,-33.884966997429729,783.13 22.39803004078567,-33.8850980065763,784.57000000000005 22.398208994418383,-33.885212000459433,785.52999999999997 22.39839599467814,-33.885310990735888,786.98000000000002 22.39859196357429,-33.885390032082796,787.94000000000005 22.398781981319189,-33.885466977953911,788.89999999999998 22.398961018770933,-33.885552976280451,789.38 22.399113988503814,-33.885665964335203,789.86000000000001 22.399240974336863,-33.885794961825013,790.82000000000005 22.399333007633686,-33.885939968749881,791.29999999999995 22.39938497543335,-33.886100985109806,791.77999999999997 22.399401990696788,-33.886265018954873,792.25999999999999 22.399377012625337,-33.886427963152528,792.25999999999999 22.399323033168912,-33.886585962027311,792.25999999999999 22.399226976558566,-33.886727029457688,791.77999999999997 22.399096973240376,-33.886842029169202,791.29999999999995 22.398936040699482,-33.886944958940148,790.82000000000005 22.398749962449074,-33.887026011943817,790.34000000000003 22.398542007431388,-33.887092983350158,790.34000000000003 22.396545019000769,-33.88772196136415,781.69000000000005 22.396176969632506,-33.88787099160254,779.28999999999996 22.396026011556387,-33.887961013242602,776.88 22.39590497687459,-33.888084981590509,776.39999999999998 22.395823001861572,-33.888232000172138,774.48000000000002 22.395768016576767,-33.888401985168457,772.55999999999995 22.395742032676935,-33.888564007356763,771.60000000000002 22.395751001313329,-33.888715971261263,768.71000000000004 22.39579701796174,-33.888882016763091,766.78999999999996 22.395885027945042,-33.889044038951397,763.89999999999998 22.396007990464568,-33.889196002855897,761.01999999999998 22.39616397768259,-33.889328017830849,758.62 22.396347038447857,-33.889423990622163,756.21000000000004 22.396557005122304,-33.889499008655548,755.73000000000002 22.396780969575047,-33.889543013647199,753.33000000000004 22.397019015625119,-33.889556005597115,752.37 22.397253038361669,-33.889538990333676,751.88999999999999 22.397499969229102,-33.889523986726999,750.45000000000005 22.399665014818311,-33.889669999480247,737.47000000000003 22.399884033948183,-33.889754991978407,736.02999999999997 22.400085031986237,-33.889844007790089,734.58000000000004 22.400271026417613,-33.889940986409783,733.13999999999999 22.400623988360167,-33.890136033296585,730.25999999999999 22.400806965306401,-33.890205016359687,729.29999999999995 22.401002012193203,-33.890243992209435,728.34000000000003 22.401190018281341,-33.89025597833097,727.86000000000001 22.401382969692349,-33.890253966674209,726.88999999999999 22.401935001835227,-33.89025698415935,724.00999999999999 22.402102975174785,-33.890284979715943,723.52999999999997 22.402259968221188,-33.890335019677877,722.57000000000005 22.402408998459578,-33.890401991084218,721.61000000000001 22.402540007606149,-33.890488995239139,720.64999999999998 22.402648972347379,-33.890596032142639,719.67999999999995 22.402734970673919,-33.890717988833785,719.20000000000005 22.402792973443866,-33.890868024900556,718.24000000000001 22.402810994535685,-33.891035998240113,716.79999999999995 22.402802025899291,-33.89120195992291,715.84000000000003 22.402766989544034,-33.89137496240437,715.36000000000001 22.402723990380764,-33.891545031219721,714.88 22.402689037844539,-33.891705041751266,714.39999999999998 22.402684008702636,-33.891874020919204,713.44000000000005 22.402702029794455,-33.892045011743903,711.99000000000001 22.402765983715653,-33.892205022275448,711.02999999999997 22.40286597982049,-33.892349023371935,708.63 22.402999000623822,-33.892485983669758,706.23000000000002 22.403161022812128,-33.892616992816329,704.29999999999995 22.403342993929982,-33.892740039154887,702.86000000000001 22.404912002384663,-33.893743017688394,693.25 22.405048040673137,-33.893876960501075,692.28999999999996 22.405153987929225,-33.894020039588213,691.33000000000004 22.405225988477468,-33.894168986007571,689.39999999999998 22.405278040096164,-33.894325979053974,687.96000000000004 22.40529396571219,-33.894478026777506,687.48000000000002 22.405289020389318,-33.894632002338767,686.51999999999998 22.405243003740907,-33.894787989556789,685.08000000000004 22.405177960172296,-33.894937019795179,684.60000000000002 22.405087016522884,-33.895092001184821,683.63 22.404967993497849,-33.895238013938069,682.66999999999996 22.404826004058123,-33.895374974235892,681.23000000000002 22.404664987698197,-33.895509000867605,679.78999999999996 22.404136005789042,-33.895876966416836,676.41999999999996 22.403936013579369,-33.89597000554204,674.98000000000002 22.40372302941978,-33.896044017747045,674.01999999999998 22.402333980426192,-33.896504016593099,668.25 22.402199031785131,-33.896589009091258,667.76999999999998 22.40206902846694,-33.896696968004107,667.28999999999996 22.401960985735059,-33.896843986585736,667.76999999999998 22.401888985186815,-33.897014977410436,666.33000000000004 22.401851015165448,-33.897172976285219,664.88999999999999 22.401855960488319,-33.897340027615428,663.45000000000005 22.401913963258266,-33.897513030096889,662.00999999999999 22.402018988505006,-33.897659964859486,661.51999999999998 22.402151003479958,-33.897788962349296,661.51999999999998 22.402315959334373,-33.897894993424416,661.51999999999998 22.402502037584782,-33.897984009236097,662.00999999999999 22.402683002874255,-33.89805399812758,662.00999999999999 22.402853993698955,-33.898130021989346,663.45000000000005 22.403006041422486,-33.898215014487505,663.92999999999995 22.403141995891929,-33.898317022249103,664.40999999999997 22.40325297228992,-33.898431016132236,665.37 22.403336958959699,-33.89855096116662,665.85000000000002 22.403390016406775,-33.898688005283475,665.85000000000002 22.403423963114619,-33.898838041350245,666.33000000000004 22.403411976993084,-33.898987993597984,666.33000000000004 22.40336000919342,-33.899124031886458,666.80999999999995 22.403278034180403,-33.899266021326184,666.33000000000004 22.403160016983747,-33.899395018815994,666.33000000000004 22.403017021715641,-33.899511024355888,666.33000000000004 22.40284401923418,-33.89960004016757,665.85000000000002 22.402656013146043,-33.899655025452375,666.33000000000004 22.402448980137706,-33.8997090049088,665.85000000000002 22.402233984321356,-33.89975099824369,665.37 22.400857005268335,-33.90009499154985,658.63999999999999 22.400705963373184,-33.900179984048009,657.67999999999995 22.400577971711755,-33.900285009294748,656.72000000000003 22.400466995313764,-33.900414006784558,656.24000000000001 22.400384014472365,-33.900560019537807,655.27999999999997 22.400315031409264,-33.900716006755829,653.83000000000004 22.400254011154175,-33.900885991752148,652.87 22.400187039747834,-33.90123400837183,649.99000000000001 22.400218974798918,-33.901401981711388,647.10000000000002 22.400293992832303,-33.901561992242932,644.70000000000005 22.4004150275141,-33.901713034138083,643.74000000000001 22.400574032217264,-33.901857035234571,642.29999999999995 22.400753991678357,-33.901955019682646,641.34000000000003 22.400940991938114,-33.902006987482309,639.88999999999999 22.401142995804548,-33.902051998302341,638.45000000000005 22.401341982185841,-33.902062978595495,637.00999999999999 22.401537029072642,-33.902062978595495,635.57000000000005 22.401917986571789,-33.90207203105092,633.16999999999996 22.402106998488307,-33.90211503021419,632.20000000000005 22.402282012626529,-33.902176972478628,630.27999999999997 22.402453003451228,-33.902259031310678,629.32000000000005 22.402618965134025,-33.902348969131708,628.36000000000001 22.403971971943974,-33.903153967112303,620.19000000000005 22.404099963605404,-33.903270978480577,619.23000000000002 22.404200965538621,-33.903406010940671,618.75 22.404271960258484,-33.903550012037158,617.77999999999997 22.40430599078536,-33.903711028397083,616.82000000000005 22.404314037412405,-33.903881013393402,614.89999999999998 22.404301967471838,-33.904043035581708,614.41999999999996 22.404271960258484,-33.904204973950982,612.98000000000002 22.404243964701891,-33.904678970575333,610.09000000000003 22.404285036027431,-33.904821965843439,609.61000000000001 22.404357036575675,-33.904964961111546,608.64999999999998 22.404458960518241,-33.905106028541923,607.21000000000004 22.404594998806715,-33.90522999688983,606.25 22.404751991853118,-33.90533602796495,606.73000000000002 22.404916025698185,-33.905424037948251,605.28999999999996 22.405089028179646,-33.905496960505843,604.80999999999995 22.405265970155597,-33.905563009902835,603.85000000000002 22.405740972608328,-33.905765013769269,601.91999999999996 22.405855972319841,-33.905854029580951,600.96000000000004 22.4059599917382,-33.905953019857407,600 22.406054036691785,-33.906057039275765,600 22.406139029189944,-33.906159969046712,599.03999999999996 22.40705500356853,-33.907309966161847,585.10000000000002 22.407136978581548,-33.907457990571856,584.62 22.40718400105834,-33.907624036073685,583.17999999999995 22.407202022150159,-33.907791003584862,582.22000000000003 22.407187018543482,-33.907956965267658,581.25 22.407135972753167,-33.908117981627584,580.76999999999998 22.40705500356853,-33.908273968845606,579.33000000000004 22.406936986371875,-33.908414030447602,578.85000000000002 22.406805977225304,-33.908546967431903,577.88999999999999 22.4066680110991,-33.908672025427222,576.92999999999995 22.406529039144516,-33.90879699960351,575.49000000000001 22.406404986977577,-33.908928008750081,574.52999999999997 22.406309014186263,-33.909086007624865,572.60000000000002 22.406248999759555,-33.909268984571099,570.20000000000005 22.406233996152878,-33.909451961517334,567.32000000000005 22.406256040558219,-33.909636028110981,564.90999999999997 22.406314965337515,-33.909817999228835,562.99000000000001 22.406405992805958,-33.909986978396773,561.07000000000005 22.406524010002613,-33.910136008635163,560.11000000000001 22.406670022755861,-33.910261988639832,559.13999999999999 22.406831961125135,-33.910367013886571,557.70000000000005 22.407003035768867,-33.910447983071208,556.74000000000001 22.407181989401579,-33.910504980012774,555.29999999999995 22.407361026853323,-33.910541022196412,554.82000000000005 22.407531011849642,-33.910553008317947,554.34000000000003 22.407694039866328,-33.910547979176044,553.86000000000001 22.407854972407222,-33.910519983619452,554.34000000000003 22.408012971282005,-33.910483019426465,553.38 22.408174993470311,-33.910433985292912,552.89999999999998 22.408341960981488,-33.910354021936655,551.92999999999995 22.408531978726387,-33.910262994468212,550.49000000000001 22.410021023824811,-33.909504013136029,538.96000000000004 22.411386016756296,-33.908878974616528,529.82000000000005 22.411583997309208,-33.908821977674961,529.82000000000005 22.411780972033739,-33.908789036795497,528.86000000000001 22.41197501309216,-33.908779984340072,527.89999999999998 22.412177016958594,-33.908792976289988,526.46000000000004 22.4123839661479,-33.908818960189819,525.5 22.412592004984617,-33.908876040950418,524.53999999999996 22.41279199719429,-33.908945024013519,523.58000000000004 22.41298696026206,-33.909026999026537,521.64999999999998 22.413352997973561,-33.909206036478281,519.25 22.413502028211951,-33.909316007047892,518.28999999999996 22.413618033751845,-33.909447016194463,517.33000000000004 22.413695985451341,-33.909597974270582,516.37 22.413731021806598,-33.909762008115649,515.88 22.413734961301088,-33.909929981455207,515.39999999999998 22.413711994886398,-33.910101978108287,513.48000000000002 22.413670001551509,-33.910275986418128,512.51999999999998 22.413619039580226,-33.91045100055635,511.56 22.413470009341836,-33.910784013569355,508.67000000000002 22.413360038772225,-33.910935977473855,507.70999999999998 22.413225006312132,-33.911071009933949,506.75 22.413060972467065,-33.911191038787365,505.79000000000002 22.412881013005972,-33.911296986043453,504.82999999999998 22.412696024402976,-33.911388013511896,503.87 22.412509024143219,-33.911465965211391,502.91000000000003 22.412321018055081,-33.911542994901538,502.43000000000001 22.411970989778638,-33.911699987947941,500.5 22.411813996732235,-33.911800989881158,499.54000000000002 22.411688016727567,-33.91193300485611,499.06 22.411589026451111,-33.912079017609358,498.10000000000002 22.41152498871088,-33.912227964028716,497.62 22.411492969840765,-33.912390992045403,496.66000000000003 22.41148198954761,-33.912559971213341,495.69999999999999 22.411477966234088,-33.912734985351563,494.25999999999999 22.41145902313292,-33.912923997268081,494.25999999999999 22.411413006484509,-33.913108985871077,493.76999999999998 22.411345029249787,-33.913284000009298,493.29000000000002 22.411246038973331,-33.913461025804281,491.85000000000002 22.411134978756309,-33.913634028285742,489.93000000000001 22.410843037068844,-33.914139959961176,485.60000000000002 22.410795008763671,-33.914316985756159,484.63999999999999 22.410796014592052,-33.914486970752478,481.27999999999997 22.410845970734954,-33.914654022082686,478.38999999999999 22.410944039002061,-33.914813026785851,475.50999999999999 22.411080999299884,-33.914955016225576,474.06999999999999 22.411248972639441,-33.915094994008541,471.66000000000003 22.411421975120902,-33.915223991498351,469.74000000000001 22.412872966378927,-33.916416987776756,454.83999999999997 22.412978997454047,-33.916566018015146,453.88 22.413056027144194,-33.916730973869562,452.44 22.413093997165561,-33.916899031028152,451 22.4130919855088,-33.917064992710948,449.55000000000001 22.413058038800955,-33.917231038212776,449.06999999999999 22.412997018545866,-33.917385013774037,448.11000000000001 22.41290096193552,-33.917533038184047,446.67000000000002 22.412785040214658,-33.917665975168347,446.19 22.412641039118171,-33.917782986536622,445.23000000000002 22.412466024979949,-33.917883988469839,444.26999999999998 22.412279024720192,-33.917981972917914,443.79000000000002 22.412070985883474,-33.918080041185021,443.31 22.411852972581983,-33.91816302202642,441.38 22.408940009772778,-33.919357024133205,426.48000000000002 22.408801037818193,-33.919470012187958,424.56 22.408684026449919,-33.919604038819671,423.12 22.408603979274631,-33.919748039916158,421.68000000000001 22.408554023131728,-33.919900003820658,420.70999999999998 22.408543964847922,-33.920059008523822,419.26999999999998 22.408567015081644,-33.920220024883747,416.87 22.408629963174462,-33.920383974909782,414.47000000000003 22.408733982592821,-33.920538034290075,411.57999999999998 22.408861974254251,-33.920668959617615,408.22000000000003 22.409039000049233,-33.920784965157509,407.74000000000001 22.409235974773765,-33.920870963484049,407.74000000000001 22.409450970590115,-33.920944975689054,407.25999999999999 22.40967501886189,-33.921011025086045,405.81 22.411773009225726,-33.92164696007967,394.27999999999997 22.411959003657103,-33.921746034175158,393.31999999999999 22.412118008360267,-33.921862961724401,391.87 22.412247005850077,-33.921997994184494,390.43000000000001 22.412349013611674,-33.922147024422884,388.99000000000001 22.41242403164506,-33.922317009419203,387.55000000000001 22.412471976131201,-33.922495041042566,385.63 22.412493014708161,-33.922671983018517,384.66000000000003 22.41248999722302,-33.922853032127023,383.69999999999999 22.412477005273104,-33.923027962446213,382.25999999999999 22.412471976131201,-33.92338695935905,378.42000000000002 22.4125100299716,-33.923562979325652,376.49000000000001 22.412587981671095,-33.9237280189991,375.05000000000001 22.412708010524511,-33.923873025923967,373.61000000000001 22.412856034934521,-33.923996994271874,371.69 22.413025014102459,-33.924100007861853,370.73000000000002 22.413206985220313,-33.924192041158676,369.75999999999999 22.413400020450354,-33.924270998686552,369.27999999999997 22.414252040907741,-33.92473803833127,366.88 22.414375003427267,-33.924858989194036,365.44 22.414478017017245,-33.924994021654129,364.48000000000002 22.414554040879011,-33.92514699138701,363.04000000000002 22.414603997021914,-33.925314964726567,362.06999999999999 22.41461799480021,-33.925486961379647,361.11000000000001 22.414607014507055,-33.925659041851759,360.14999999999998 22.414568038657308,-33.925830032676458,359.19 22.414507018402219,-33.925997000187635,358.23000000000002 22.414434012025595,-33.926161034032702,356.79000000000002 22.413378981873393,-33.928301017731428,341.88999999999999 22.412564009428024,-33.929056981578469,334.68000000000001 22.411783989518881,-33.929777992889285,326.99000000000001 22.4113529920578,-33.93073596060276,318.81 22.411332037299871,-33.931825021281838,312.08999999999997 22.411236986517906,-33.933214992284775,303.43000000000001 22.411323990672827,-33.934441013261676,294.77999999999997 22.411707965657115,-33.935477016493678,288.05000000000001 22.411732021719217,-33.935645995661616,287.08999999999997 22.411726992577314,-33.935810029506683,285.17000000000002 22.411709977313876,-33.935980014503002,284.69 22.411691034212708,-33.936146982014179,283.25 22.411761023104191,-33.937609037384391,273.63 22.412779005244374,-33.939949013292789,257.29000000000002 22.413992034271359,-33.94100496545434,245.27000000000001 22.415373036637902,-33.941761013120413,235.18000000000001 22.416842970997095,-33.942155968397856,226.53 22.417042041197419,-33.942254036664963,224.61000000000001 22.418772988021374,-33.94287396222353,213.55000000000001 </coordinates></LineString></MultiGeometry></Placemark></Folder></Folder></Document></kml>