<?xml version="1.0" encoding="utf-8"?><kml xmlns="http://www.opengis.net/kml/2.2" xmlns:xsi="http://www.w3.org/2001/XMLSchema-instance" xmlns:kmlx="http://www.google.com/kml/ext/2.2" xmlns:atom="http://www.w3.org/2005/Atom" xmlns:gpxx="http://www.garmin.com/xmlschemas/GpxExtensions/v3"><Document><Style id="point"><IconStyle><scale>0.9</scale><Icon><href>http://maps.google.com/mapfiles/kml/shapes/placemark_circle.png</href></Icon></IconStyle></Style><Folder><name>Tracks</name><Folder><name>[122] Bains Kloof Pass</name><Folder><name>Points</name><Style><ListStyle><listItemType>checkHideChildren</listItemType></ListStyle></Style><Placemark><TimeSpan><begin>2020-03-03T11:33:30Z</begin><end>2020-03-03T11:33:30Z</end></TimeSpan><Style><IconStyle><scale>0.9</scale><Icon><href>http://connect.garmin.com/image/main/icons/kml/grn-play.png</href></Icon></IconStyle></Style><Point><altitudeMode>clampToGround</altitudeMode><coordinates>19.192521963268518,-33.513235040009022,264.01999999999998</coordinates></Point></Placemark><Placemark><TimeSpan><begin>2020-03-03T11:33:30Z</begin><end>2020-03-03T11:33:31Z</end></TimeSpan><styleUrl>#point</styleUrl><Point><altitudeMode>clampToGround</altitudeMode><coordinates>19.192462032660842,-33.513250965625048,264.01999999999998</coordinates></Point></Placemark><Placemark><TimeSpan><begin>2020-03-03T11:33:31Z</begin><end>2020-03-03T11:33:32Z</end></TimeSpan><styleUrl>#point</styleUrl><Point><altitudeMode>clampToGround</altitudeMode><coordinates>19.192389026284218,-33.513280972838402,263.54000000000002</coordinates></Point></Placemark><Placemark><TimeSpan><begin>2020-03-03T11:33:32Z</begin><end>2020-03-03T11:33:33Z</end></TimeSpan><styleUrl>#point</styleUrl><Point><altitudeMode>clampToGround</altitudeMode><coordinates>19.192305039614439,-33.513319026678801,263.54000000000002</coordinates></Point></Placemark><Placemark><TimeSpan><begin>2020-03-03T11:33:33Z</begin><end>2020-03-03T11:33:40Z</end></TimeSpan><styleUrl>#point</styleUrl><Point><altitudeMode>clampToGround</altitudeMode><coordinates>19.191461987793446,-33.513754969462752,258.73000000000002</coordinates></Point></Placemark><Placemark><TimeSpan><begin>2020-03-03T11:33:40Z</begin><end>2020-03-03T11:33:48Z</end></TimeSpan><styleUrl>#point</styleUrl><Point><altitudeMode>clampToGround</altitudeMode><coordinates>19.190550036728382,-33.514581006020308,252</coordinates></Point></Placemark><Placemark><TimeSpan><begin>2020-03-03T11:33:48Z</begin><end>2020-03-03T11:33:59Z</end></TimeSpan><styleUrl>#point</styleUrl><Point><altitudeMode>clampToGround</altitudeMode><coordinates>19.189338013529778,-33.516029985621572,243.34999999999999</coordinates></Point></Placemark><Placemark><TimeSpan><begin>2020-03-03T11:33:59Z</begin><end>2020-03-03T11:34:12Z</end></TimeSpan><styleUrl>#point</styleUrl><Point><altitudeMode>clampToGround</altitudeMode><coordinates>19.187906971201301,-33.517694966867566,239.99000000000001</coordinates></Point></Placemark><Placemark><TimeSpan><begin>2020-03-03T11:34:12Z</begin><end>2020-03-03T11:34:27Z</end></TimeSpan><styleUrl>#point</styleUrl><Point><altitudeMode>clampToGround</altitudeMode><coordinates>19.186224974691868,-33.519414011389017,239.02000000000001</coordinates></Point></Placemark><Placemark><TimeSpan><begin>2020-03-03T11:34:27Z</begin><end>2020-03-03T11:34:36Z</end></TimeSpan><styleUrl>#point</styleUrl><Point><altitudeMode>clampToGround</altitudeMode><coordinates>19.185474961996078,-33.520232001319528,240.47</coordinates></Point></Placemark><Placemark><TimeSpan><begin>2020-03-03T11:34:36Z</begin><end>2020-03-03T11:34:52Z</end></TimeSpan><styleUrl>#point</styleUrl><Point><altitudeMode>clampToGround</altitudeMode><coordinates>19.18438196182251,-33.52163496427238,238.53999999999999</coordinates></Point></Placemark><Placemark><TimeSpan><begin>2020-03-03T11:34:52Z</begin><end>2020-03-03T11:34:53Z</end></TimeSpan><styleUrl>#point</styleUrl><Point><altitudeMode>clampToGround</altitudeMode><coordinates>19.184342985972762,-33.521736972033978,238.06</coordinates></Point></Placemark><Placemark><TimeSpan><begin>2020-03-03T11:34:53Z</begin><end>2020-03-03T11:34:54Z</end></TimeSpan><styleUrl>#point</styleUrl><Point><altitudeMode>clampToGround</altitudeMode><coordinates>19.184344997629523,-33.521846020594239,238.06</coordinates></Point></Placemark><Placemark><TimeSpan><begin>2020-03-03T11:34:54Z</begin><end>2020-03-03T11:34:55Z</end></TimeSpan><styleUrl>#point</styleUrl><Point><altitudeMode>clampToGround</altitudeMode><coordinates>19.184381039813161,-33.521964037790895,237.09999999999999</coordinates></Point></Placemark><Placemark><TimeSpan><begin>2020-03-03T11:34:55Z</begin><end>2020-03-03T11:34:56Z</end></TimeSpan><styleUrl>#point</styleUrl><Point><altitudeMode>clampToGround</altitudeMode><coordinates>19.184448011219501,-33.52208498865366,237.58000000000001</coordinates></Point></Placemark><Placemark><TimeSpan><begin>2020-03-03T11:34:56Z</begin><end>2020-03-03T11:34:57Z</end></TimeSpan><styleUrl>#point</styleUrl><Point><altitudeMode>clampToGround</altitudeMode><coordinates>19.1845309920609,-33.522209040820599,237.09999999999999</coordinates></Point></Placemark><Placemark><TimeSpan><begin>2020-03-03T11:34:57Z</begin><end>2020-03-03T11:35:05Z</end></TimeSpan><styleUrl>#point</styleUrl><Point><altitudeMode>clampToGround</altitudeMode><coordinates>19.185072965919971,-33.523115962743759,236.62</coordinates></Point></Placemark><Placemark><TimeSpan><begin>2020-03-03T11:35:05Z</begin><end>2020-03-03T11:35:06Z</end></TimeSpan><styleUrl>#point</styleUrl><Point><altitudeMode>clampToGround</altitudeMode><coordinates>19.185087969526649,-33.523228028789163,236.13999999999999</coordinates></Point></Placemark><Placemark><TimeSpan><begin>2020-03-03T11:35:06Z</begin><end>2020-03-03T11:35:07Z</end></TimeSpan><styleUrl>#point</styleUrl><Point><altitudeMode>clampToGround</altitudeMode><coordinates>19.185094004496932,-33.52335199713707,236.13999999999999</coordinates></Point></Placemark><Placemark><TimeSpan><begin>2020-03-03T11:35:07Z</begin><end>2020-03-03T11:35:17Z</end></TimeSpan><styleUrl>#point</styleUrl><Point><altitudeMode>clampToGround</altitudeMode><coordinates>19.185007000342011,-33.52481103502214,237.58000000000001</coordinates></Point></Placemark><Placemark><TimeSpan><begin>2020-03-03T11:35:17Z</begin><end>2020-03-03T11:35:27Z</end></TimeSpan><styleUrl>#point</styleUrl><Point><altitudeMode>clampToGround</altitudeMode><coordinates>19.184732995927334,-33.526390017941594,240.94999999999999</coordinates></Point></Placemark><Placemark><TimeSpan><begin>2020-03-03T11:35:27Z</begin><end>2020-03-03T11:35:36Z</end></TimeSpan><styleUrl>#point</styleUrl><Point><altitudeMode>clampToGround</altitudeMode><coordinates>19.184472989290953,-33.527889037504792,239.99000000000001</coordinates></Point></Placemark><Placemark><TimeSpan><begin>2020-03-03T11:35:36Z</begin><end>2020-03-03T11:35:44Z</end></TimeSpan><styleUrl>#point</styleUrl><Point><altitudeMode>clampToGround</altitudeMode><coordinates>19.184149028733373,-33.529212037101388,239.50999999999999</coordinates></Point></Placemark><Placemark><TimeSpan><begin>2020-03-03T11:35:44Z</begin><end>2020-03-03T11:35:54Z</end></TimeSpan><styleUrl>#point</styleUrl><Point><altitudeMode>clampToGround</altitudeMode><coordinates>19.183609988540411,-33.53080602362752,239.02000000000001</coordinates></Point></Placemark><Placemark><TimeSpan><begin>2020-03-03T11:35:54Z</begin><end>2020-03-03T11:35:55Z</end></TimeSpan><styleUrl>#point</styleUrl><Point><altitudeMode>clampToGround</altitudeMode><coordinates>19.183523990213871,-33.530933009460568,239.02000000000001</coordinates></Point></Placemark><Placemark><TimeSpan><begin>2020-03-03T11:35:55Z</begin><end>2020-03-03T11:36:03Z</end></TimeSpan><styleUrl>#point</styleUrl><Point><altitudeMode>clampToGround</altitudeMode><coordinates>19.18279099278152,-33.53205400519073,240.94999999999999</coordinates></Point></Placemark><Placemark><TimeSpan><begin>2020-03-03T11:36:03Z</begin><end>2020-03-03T11:36:07Z</end></TimeSpan><styleUrl>#point</styleUrl><Point><altitudeMode>clampToGround</altitudeMode><coordinates>19.182571973651648,-33.532594973221421,241.91</coordinates></Point></Placemark><Placemark><TimeSpan><begin>2020-03-03T11:36:07Z</begin><end>2020-03-03T11:36:08Z</end></TimeSpan><styleUrl>#point</styleUrl><Point><altitudeMode>clampToGround</altitudeMode><coordinates>19.182477006688714,-33.53271902538836,241.91</coordinates></Point></Placemark><Placemark><TimeSpan><begin>2020-03-03T11:36:08Z</begin><end>2020-03-03T11:36:22Z</end></TimeSpan><styleUrl>#point</styleUrl><Point><altitudeMode>clampToGround</altitudeMode><coordinates>19.180918978527188,-33.53443899191916,242.38999999999999</coordinates></Point></Placemark><Placemark><TimeSpan><begin>2020-03-03T11:36:22Z</begin><end>2020-03-03T11:36:31Z</end></TimeSpan><styleUrl>#point</styleUrl><Point><altitudeMode>clampToGround</altitudeMode><coordinates>19.179706033319235,-33.535472983494401,241.91</coordinates></Point></Placemark><Placemark><TimeSpan><begin>2020-03-03T11:36:31Z</begin><end>2020-03-03T11:36:41Z</end></TimeSpan><styleUrl>#point</styleUrl><Point><altitudeMode>clampToGround</altitudeMode><coordinates>19.178468026220798,-33.536481996998191,243.34999999999999</coordinates></Point></Placemark><Placemark><TimeSpan><begin>2020-03-03T11:36:41Z</begin><end>2020-03-03T11:36:50Z</end></TimeSpan><styleUrl>#point</styleUrl><Point><altitudeMode>clampToGround</altitudeMode><coordinates>19.177059028297663,-33.537079961970448,245.27000000000001</coordinates></Point></Placemark><Placemark><TimeSpan><begin>2020-03-03T11:36:50Z</begin><end>2020-03-03T11:37:02Z</end></TimeSpan><styleUrl>#point</styleUrl><Point><altitudeMode>clampToGround</altitudeMode><coordinates>19.174989033490419,-33.537862999364734,244.78999999999999</coordinates></Point></Placemark><Placemark><TimeSpan><begin>2020-03-03T11:37:02Z</begin><end>2020-03-03T11:37:13Z</end></TimeSpan><styleUrl>#point</styleUrl><Point><altitudeMode>clampToGround</altitudeMode><coordinates>19.173179967328906,-33.538347976282239,243.34999999999999</coordinates></Point></Placemark><Placemark><TimeSpan><begin>2020-03-03T11:37:13Z</begin><end>2020-03-03T11:37:23Z</end></TimeSpan><styleUrl>#point</styleUrl><Point><altitudeMode>clampToGround</altitudeMode><coordinates>19.171461006626487,-33.538911994546652,238.53999999999999</coordinates></Point></Placemark><Placemark><TimeSpan><begin>2020-03-03T11:37:23Z</begin><end>2020-03-03T11:37:24Z</end></TimeSpan><styleUrl>#point</styleUrl><Point><altitudeMode>clampToGround</altitudeMode><coordinates>19.171288004145026,-33.539002016186714,240.94999999999999</coordinates></Point></Placemark><Placemark><TimeSpan><begin>2020-03-03T11:37:24Z</begin><end>2020-03-03T11:37:25Z</end></TimeSpan><styleUrl>#point</styleUrl><Point><altitudeMode>clampToGround</altitudeMode><coordinates>19.171130005270243,-33.539110980927944,241.43000000000001</coordinates></Point></Placemark><Placemark><TimeSpan><begin>2020-03-03T11:37:25Z</begin><end>2020-03-03T11:37:26Z</end></TimeSpan><styleUrl>#point</styleUrl><Point><altitudeMode>clampToGround</altitudeMode><coordinates>19.170982986688614,-33.539232015609741,241.43000000000001</coordinates></Point></Placemark><Placemark><TimeSpan><begin>2020-03-03T11:37:26Z</begin><end>2020-03-03T11:37:27Z</end></TimeSpan><styleUrl>#point</styleUrl><Point><altitudeMode>clampToGround</altitudeMode><coordinates>19.170838985592127,-33.539364030584693,242.38999999999999</coordinates></Point></Placemark><Placemark><TimeSpan><begin>2020-03-03T11:37:27Z</begin><end>2020-03-03T11:37:43Z</end></TimeSpan><styleUrl>#point</styleUrl><Point><altitudeMode>clampToGround</altitudeMode><coordinates>19.168672012165189,-33.5414669662714,243.83000000000001</coordinates></Point></Placemark><Placemark><TimeSpan><begin>2020-03-03T11:37:43Z</begin><end>2020-03-03T11:37:59Z</end></TimeSpan><styleUrl>#point</styleUrl><Point><altitudeMode>clampToGround</altitudeMode><coordinates>19.16646396741271,-33.543553976342082,245.75</coordinates></Point></Placemark><Placemark><TimeSpan><begin>2020-03-03T11:37:59Z</begin><end>2020-03-03T11:38:18Z</end></TimeSpan><styleUrl>#point</styleUrl><Point><altitudeMode>clampToGround</altitudeMode><coordinates>19.16388301178813,-33.545967964455485,257.76999999999998</coordinates></Point></Placemark><Placemark><TimeSpan><begin>2020-03-03T11:38:18Z</begin><end>2020-03-03T11:38:24Z</end></TimeSpan><styleUrl>#point</styleUrl><Point><altitudeMode>clampToGround</altitudeMode><coordinates>19.163168035447598,-33.546702973544598,257.76999999999998</coordinates></Point></Placemark><Placemark><TimeSpan><begin>2020-03-03T11:38:24Z</begin><end>2020-03-03T11:38:25Z</end></TimeSpan><styleUrl>#point</styleUrl><Point><altitudeMode>clampToGround</altitudeMode><coordinates>19.16306703351438,-33.546845968812704,258.73000000000002</coordinates></Point></Placemark><Placemark><TimeSpan><begin>2020-03-03T11:38:25Z</begin><end>2020-03-03T11:38:26Z</end></TimeSpan><styleUrl>#point</styleUrl><Point><altitudeMode>clampToGround</altitudeMode><coordinates>19.16298296302557,-33.546998016536236,259.20999999999998</coordinates></Point></Placemark><Placemark><TimeSpan><begin>2020-03-03T11:38:26Z</begin><end>2020-03-03T11:38:35Z</end></TimeSpan><styleUrl>#point</styleUrl><Point><altitudeMode>clampToGround</altitudeMode><coordinates>19.162397990003228,-33.548521008342505,259.69</coordinates></Point></Placemark><Placemark><TimeSpan><begin>2020-03-03T11:38:35Z</begin><end>2020-03-03T11:38:43Z</end></TimeSpan><styleUrl>#point</styleUrl><Point><altitudeMode>clampToGround</altitudeMode><coordinates>19.161969004198909,-33.549809977412224,259.69</coordinates></Point></Placemark><Placemark><TimeSpan><begin>2020-03-03T11:38:43Z</begin><end>2020-03-03T11:38:44Z</end></TimeSpan><styleUrl>#point</styleUrl><Point><altitudeMode>clampToGround</altitudeMode><coordinates>19.161960035562515,-33.549956995993853,259.69</coordinates></Point></Placemark><Placemark><TimeSpan><begin>2020-03-03T11:38:44Z</begin><end>2020-03-03T11:38:45Z</end></TimeSpan><styleUrl>#point</styleUrl><Point><altitudeMode>clampToGround</altitudeMode><coordinates>19.161966992542148,-33.55010099709034,260.17000000000002</coordinates></Point></Placemark><Placemark><TimeSpan><begin>2020-03-03T11:38:45Z</begin><end>2020-03-03T11:38:47Z</end></TimeSpan><styleUrl>#point</styleUrl><Point><altitudeMode>clampToGround</altitudeMode><coordinates>19.161973027512431,-33.550369972363114,260.17000000000002</coordinates></Point></Placemark><Placemark><TimeSpan><begin>2020-03-03T11:38:47Z</begin><end>2020-03-03T11:38:48Z</end></TimeSpan><styleUrl>#point</styleUrl><Point><altitudeMode>clampToGround</altitudeMode><coordinates>19.161945031955838,-33.550502993166447,260.17000000000002</coordinates></Point></Placemark><Placemark><TimeSpan><begin>2020-03-03T11:38:48Z</begin><end>2020-03-03T11:38:49Z</end></TimeSpan><styleUrl>#point</styleUrl><Point><altitudeMode>clampToGround</altitudeMode><coordinates>19.161895997822285,-33.550634002313018,259.69</coordinates></Point></Placemark><Placemark><TimeSpan><begin>2020-03-03T11:38:49Z</begin><end>2020-03-03T11:38:55Z</end></TimeSpan><styleUrl>#point</styleUrl><Point><altitudeMode>clampToGround</altitudeMode><coordinates>19.16147799231112,-33.55143497698009,259.69</coordinates></Point></Placemark><Placemark><TimeSpan><begin>2020-03-03T11:38:55Z</begin><end>2020-03-03T11:38:56Z</end></TimeSpan><styleUrl>#point</styleUrl><Point><altitudeMode>clampToGround</altitudeMode><coordinates>19.161359975114465,-33.55154000222683,260.17000000000002</coordinates></Point></Placemark><Placemark><TimeSpan><begin>2020-03-03T11:38:56Z</begin><end>2020-03-03T11:38:57Z</end></TimeSpan><styleUrl>#point</styleUrl><Point><altitudeMode>clampToGround</altitudeMode><coordinates>19.16124296374619,-33.551633041352034,260.17000000000002</coordinates></Point></Placemark><Placemark><TimeSpan><begin>2020-03-03T11:38:57Z</begin><end>2020-03-03T11:38:58Z</end></TimeSpan><styleUrl>#point</styleUrl><Point><altitudeMode>clampToGround</altitudeMode><coordinates>19.161116983741522,-33.551710993051529,260.17000000000002</coordinates></Point></Placemark><Placemark><TimeSpan><begin>2020-03-03T11:38:58Z</begin><end>2020-03-03T11:38:59Z</end></TimeSpan><styleUrl>#point</styleUrl><Point><altitudeMode>clampToGround</altitudeMode><coordinates>19.160986980423331,-33.551765978336334,260.64999999999998</coordinates></Point></Placemark><Placemark><TimeSpan><begin>2020-03-03T11:38:59Z</begin><end>2020-03-03T11:39:00Z</end></TimeSpan><styleUrl>#point</styleUrl><Point><altitudeMode>clampToGround</altitudeMode><coordinates>19.160848008468747,-33.551791962236166,260.64999999999998</coordinates></Point></Placemark><Placemark><TimeSpan><begin>2020-03-03T11:39:00Z</begin><end>2020-03-03T11:39:01Z</end></TimeSpan><styleUrl>#point</styleUrl><Point><altitudeMode>clampToGround</altitudeMode><coordinates>19.160696966573596,-33.551795985549688,260.17000000000002</coordinates></Point></Placemark><Placemark><TimeSpan><begin>2020-03-03T11:39:01Z</begin><end>2020-03-03T11:39:02Z</end></TimeSpan><styleUrl>#point</styleUrl><Point><altitudeMode>clampToGround</altitudeMode><coordinates>19.160529999062419,-33.551803026348352,261.13999999999999</coordinates></Point></Placemark><Placemark><TimeSpan><begin>2020-03-03T11:39:02Z</begin><end>2020-03-03T11:39:10Z</end></TimeSpan><styleUrl>#point</styleUrl><Point><altitudeMode>clampToGround</altitudeMode><coordinates>19.159122006967664,-33.552070995792747,262.10000000000002</coordinates></Point></Placemark><Placemark><TimeSpan><begin>2020-03-03T11:39:10Z</begin><end>2020-03-03T11:39:14Z</end></TimeSpan><styleUrl>#point</styleUrl><Point><altitudeMode>clampToGround</altitudeMode><coordinates>19.158511972054839,-33.552216002717614,262.57999999999998</coordinates></Point></Placemark><Placemark><TimeSpan><begin>2020-03-03T11:39:14Z</begin><end>2020-03-03T11:39:15Z</end></TimeSpan><styleUrl>#point</styleUrl><Point><altitudeMode>clampToGround</altitudeMode><coordinates>19.158365959301591,-33.552278028801084,262.57999999999998</coordinates></Point></Placemark><Placemark><TimeSpan><begin>2020-03-03T11:39:15Z</begin><end>2020-03-03T11:39:18Z</end></TimeSpan><styleUrl>#point</styleUrl><Point><altitudeMode>clampToGround</altitudeMode><coordinates>19.157908977940679,-33.552467040717602,263.06</coordinates></Point></Placemark><Placemark><TimeSpan><begin>2020-03-03T11:39:18Z</begin><end>2020-03-03T11:39:19Z</end></TimeSpan><styleUrl>#point</styleUrl><Point><altitudeMode>clampToGround</altitudeMode><coordinates>19.157736981287599,-33.552500987425447,262.57999999999998</coordinates></Point></Placemark><Placemark><TimeSpan><begin>2020-03-03T11:39:19Z</begin><end>2020-03-03T11:39:20Z</end></TimeSpan><styleUrl>#point</styleUrl><Point><altitudeMode>clampToGround</altitudeMode><coordinates>19.157555010169744,-33.552515991032124,262.57999999999998</coordinates></Point></Placemark><Placemark><TimeSpan><begin>2020-03-03T11:39:20Z</begin><end>2020-03-03T11:39:28Z</end></TimeSpan><styleUrl>#point</styleUrl><Point><altitudeMode>clampToGround</altitudeMode><coordinates>19.156040986999869,-33.552703997120261,265.45999999999998</coordinates></Point></Placemark><Placemark><TimeSpan><begin>2020-03-03T11:39:28Z</begin><end>2020-03-03T11:39:36Z</end></TimeSpan><styleUrl>#point</styleUrl><Point><altitudeMode>clampToGround</altitudeMode><coordinates>19.154698038473725,-33.553075985983014,265.45999999999998</coordinates></Point></Placemark><Placemark><TimeSpan><begin>2020-03-03T11:39:36Z</begin><end>2020-03-03T11:39:38Z</end></TimeSpan><styleUrl>#point</styleUrl><Point><altitudeMode>clampToGround</altitudeMode><coordinates>19.154368964955211,-33.55319500900805,265.45999999999998</coordinates></Point></Placemark><Placemark><TimeSpan><begin>2020-03-03T11:39:38Z</begin><end>2020-03-03T11:39:39Z</end></TimeSpan><styleUrl>#point</styleUrl><Point><altitudeMode>clampToGround</altitudeMode><coordinates>19.154219012707472,-33.553275978192687,265.45999999999998</coordinates></Point></Placemark><Placemark><TimeSpan><begin>2020-03-03T11:39:39Z</begin><end>2020-03-03T11:39:49Z</end></TimeSpan><styleUrl>#point</styleUrl><Point><altitudeMode>clampToGround</altitudeMode><coordinates>19.152757041156292,-33.554090028628707,264.98000000000002</coordinates></Point></Placemark><Placemark><TimeSpan><begin>2020-03-03T11:39:49Z</begin><end>2020-03-03T11:39:58Z</end></TimeSpan><styleUrl>#point</styleUrl><Point><altitudeMode>clampToGround</altitudeMode><coordinates>19.151610983535647,-33.554854961112142,265.94</coordinates></Point></Placemark><Placemark><TimeSpan><begin>2020-03-03T11:39:58Z</begin><end>2020-03-03T11:40:06Z</end></TimeSpan><styleUrl>#point</styleUrl><Point><altitudeMode>clampToGround</altitudeMode><coordinates>19.150730967521667,-33.555611008778214,265.94</coordinates></Point></Placemark><Placemark><TimeSpan><begin>2020-03-03T11:40:06Z</begin><end>2020-03-03T11:40:07Z</end></TimeSpan><styleUrl>#point</styleUrl><Point><altitudeMode>clampToGround</altitudeMode><coordinates>19.150600964203477,-33.5556669998914,265.45999999999998</coordinates></Point></Placemark><Placemark><TimeSpan><begin>2020-03-03T11:40:07Z</begin><end>2020-03-03T11:40:08Z</end></TimeSpan><styleUrl>#point</styleUrl><Point><altitudeMode>clampToGround</altitudeMode><coordinates>19.15045796893537,-33.555714022368193,265.45999999999998</coordinates></Point></Placemark><Placemark><TimeSpan><begin>2020-03-03T11:40:08Z</begin><end>2020-03-03T11:40:12Z</end></TimeSpan><styleUrl>#point</styleUrl><Point><altitudeMode>clampToGround</altitudeMode><coordinates>19.149863021448255,-33.555938992649317,265.45999999999998</coordinates></Point></Placemark><Placemark><TimeSpan><begin>2020-03-03T11:40:12Z</begin><end>2020-03-03T11:40:13Z</end></TimeSpan><styleUrl>#point</styleUrl><Point><altitudeMode>clampToGround</altitudeMode><coordinates>19.149737041443586,-33.556020967662334,264.98000000000002</coordinates></Point></Placemark><Placemark><TimeSpan><begin>2020-03-03T11:40:13Z</begin><end>2020-03-03T11:40:14Z</end></TimeSpan><styleUrl>#point</styleUrl><Point><altitudeMode>clampToGround</altitudeMode><coordinates>19.149621035903692,-33.556114006787539,264.98000000000002</coordinates></Point></Placemark><Placemark><TimeSpan><begin>2020-03-03T11:40:14Z</begin><end>2020-03-03T11:40:15Z</end></TimeSpan><styleUrl>#point</styleUrl><Point><altitudeMode>clampToGround</altitudeMode><coordinates>19.149515004828572,-33.55622598901391,264.98000000000002</coordinates></Point></Placemark><Placemark><TimeSpan><begin>2020-03-03T11:40:15Z</begin><end>2020-03-03T11:40:16Z</end></TimeSpan><styleUrl>#point</styleUrl><Point><altitudeMode>clampToGround</altitudeMode><coordinates>19.149412997066975,-33.556347023695707,264.98000000000002</coordinates></Point></Placemark><Placemark><TimeSpan><begin>2020-03-03T11:40:16Z</begin><end>2020-03-03T11:40:24Z</end></TimeSpan><styleUrl>#point</styleUrl><Point><altitudeMode>clampToGround</altitudeMode><coordinates>19.148844033479691,-33.55738596059382,268.35000000000002</coordinates></Point></Placemark><Placemark><TimeSpan><begin>2020-03-03T11:40:24Z</begin><end>2020-03-03T11:40:36Z</end></TimeSpan><styleUrl>#point</styleUrl><Point><altitudeMode>clampToGround</altitudeMode><coordinates>19.148583021014929,-33.558905012905598,267.86000000000001</coordinates></Point></Placemark><Placemark><TimeSpan><begin>2020-03-03T11:40:36Z</begin><end>2020-03-03T11:40:41Z</end></TimeSpan><styleUrl>#point</styleUrl><Point><altitudeMode>clampToGround</altitudeMode><coordinates>19.148411024361849,-33.559560980647802,268.35000000000002</coordinates></Point></Placemark><Placemark><TimeSpan><begin>2020-03-03T11:40:41Z</begin><end>2020-03-03T11:40:42Z</end></TimeSpan><styleUrl>#point</styleUrl><Point><altitudeMode>clampToGround</altitudeMode><coordinates>19.148345980793238,-33.559676986187696,268.35000000000002</coordinates></Point></Placemark><Placemark><TimeSpan><begin>2020-03-03T11:40:42Z</begin><end>2020-03-03T11:40:55Z</end></TimeSpan><styleUrl>#point</styleUrl><Point><altitudeMode>clampToGround</altitudeMode><coordinates>19.14746998809278,-33.561222022399306,270.75</coordinates></Point></Placemark><Placemark><TimeSpan><begin>2020-03-03T11:40:55Z</begin><end>2020-03-03T11:41:05Z</end></TimeSpan><styleUrl>#point</styleUrl><Point><altitudeMode>clampToGround</altitudeMode><coordinates>19.146927008405328,-33.56254099868238,272.67000000000002</coordinates></Point></Placemark><Placemark><TimeSpan><begin>2020-03-03T11:41:05Z</begin><end>2020-03-03T11:41:07Z</end></TimeSpan><styleUrl>#point</styleUrl><Point><altitudeMode>clampToGround</altitudeMode><coordinates>19.146837992593646,-33.562790025025606,272.67000000000002</coordinates></Point></Placemark><Placemark><TimeSpan><begin>2020-03-03T11:41:07Z</begin><end>2020-03-03T11:41:08Z</end></TimeSpan><styleUrl>#point</styleUrl><Point><altitudeMode>clampToGround</altitudeMode><coordinates>19.146821983158588,-33.562922040000558,272.67000000000002</coordinates></Point></Placemark><Placemark><TimeSpan><begin>2020-03-03T11:41:08Z</begin><end>2020-03-03T11:41:09Z</end></TimeSpan><styleUrl>#point</styleUrl><Point><altitudeMode>clampToGround</altitudeMode><coordinates>19.146821983158588,-33.563055982813239,273.14999999999998</coordinates></Point></Placemark><Placemark><TimeSpan><begin>2020-03-03T11:41:09Z</begin><end>2020-03-03T11:41:10Z</end></TimeSpan><styleUrl>#point</styleUrl><Point><altitudeMode>clampToGround</altitudeMode><coordinates>19.146821983158588,-33.563195038586855,273.63</coordinates></Point></Placemark><Placemark><TimeSpan><begin>2020-03-03T11:41:10Z</begin><end>2020-03-03T11:41:11Z</end></TimeSpan><styleUrl>#point</styleUrl><Point><altitudeMode>clampToGround</altitudeMode><coordinates>19.146815026178956,-33.563339039683342,273.63</coordinates></Point></Placemark><Placemark><TimeSpan><begin>2020-03-03T11:41:11Z</begin><end>2020-03-03T11:41:16Z</end></TimeSpan><styleUrl>#point</styleUrl><Point><altitudeMode>clampToGround</altitudeMode><coordinates>19.146849978715181,-33.564010011032224,274.11000000000001</coordinates></Point></Placemark><Placemark><TimeSpan><begin>2020-03-03T11:41:16Z</begin><end>2020-03-03T11:41:17Z</end></TimeSpan><styleUrl>#point</styleUrl><Point><altitudeMode>clampToGround</altitudeMode><coordinates>19.146898007020354,-33.564136996865273,273.63</coordinates></Point></Placemark><Placemark><TimeSpan><begin>2020-03-03T11:41:17Z</begin><end>2020-03-03T11:41:18Z</end></TimeSpan><styleUrl>#point</styleUrl><Point><altitudeMode>clampToGround</altitudeMode><coordinates>19.146966990083456,-33.56426096521318,273.63</coordinates></Point></Placemark><Placemark><TimeSpan><begin>2020-03-03T11:41:18Z</begin><end>2020-03-03T11:41:19Z</end></TimeSpan><styleUrl>#point</styleUrl><Point><altitudeMode>clampToGround</altitudeMode><coordinates>19.147050976753235,-33.564385017380118,273.63</coordinates></Point></Placemark><Placemark><TimeSpan><begin>2020-03-03T11:41:19Z</begin><end>2020-03-03T11:41:20Z</end></TimeSpan><styleUrl>#point</styleUrl><Point><altitudeMode>clampToGround</altitudeMode><coordinates>19.1471460275352,-33.564512003213167,274.11000000000001</coordinates></Point></Placemark><Placemark><TimeSpan><begin>2020-03-03T11:41:20Z</begin><end>2020-03-03T11:41:30Z</end></TimeSpan><styleUrl>#point</styleUrl><Point><altitudeMode>clampToGround</altitudeMode><coordinates>19.147852035239339,-33.565761996433139,274.11000000000001</coordinates></Point></Placemark><Placemark><TimeSpan><begin>2020-03-03T11:41:30Z</begin><end>2020-03-03T11:41:36Z</end></TimeSpan><styleUrl>#point</styleUrl><Point><altitudeMode>clampToGround</altitudeMode><coordinates>19.148052027449012,-33.566384017467499,273.63</coordinates></Point></Placemark><Placemark><TimeSpan><begin>2020-03-03T11:41:36Z</begin><end>2020-03-03T11:41:37Z</end></TimeSpan><styleUrl>#point</styleUrl><Point><altitudeMode>clampToGround</altitudeMode><coordinates>19.148038029670715,-33.5664720274508,273.63</coordinates></Point></Placemark><Placemark><TimeSpan><begin>2020-03-03T11:41:37Z</begin><end>2020-03-03T11:41:38Z</end></TimeSpan><styleUrl>#point</styleUrl><Point><altitudeMode>clampToGround</altitudeMode><coordinates>19.147996036335826,-33.566555008292198,273.63</coordinates></Point></Placemark><Placemark><TimeSpan><begin>2020-03-03T11:41:38Z</begin><end>2020-03-03T11:41:39Z</end></TimeSpan><styleUrl>#point</styleUrl><Point><altitudeMode>clampToGround</altitudeMode><coordinates>19.147918000817299,-33.566628014668822,274.11000000000001</coordinates></Point></Placemark><Placemark><TimeSpan><begin>2020-03-03T11:41:39Z</begin><end>2020-03-03T11:41:40Z</end></TimeSpan><styleUrl>#point</styleUrl><Point><altitudeMode>clampToGround</altitudeMode><coordinates>19.147795960307121,-33.566694986075163,274.58999999999997</coordinates></Point></Placemark><Placemark><TimeSpan><begin>2020-03-03T11:41:40Z</begin><end>2020-03-03T11:41:41Z</end></TimeSpan><styleUrl>#point</styleUrl><Point><altitudeMode>clampToGround</altitudeMode><coordinates>19.147668974474072,-33.566762963309884,275.06999999999999</coordinates></Point></Placemark><Placemark><TimeSpan><begin>2020-03-03T11:41:41Z</begin><end>2020-03-03T11:41:43Z</end></TimeSpan><styleUrl>#point</styleUrl><Point><altitudeMode>clampToGround</altitudeMode><coordinates>19.147362029179931,-33.566951975226402,275.56</coordinates></Point></Placemark><Placemark><TimeSpan><begin>2020-03-03T11:41:43Z</begin><end>2020-03-03T11:41:50Z</end></TimeSpan><styleUrl>#point</styleUrl><Point><altitudeMode>clampToGround</altitudeMode><coordinates>19.146507997065783,-33.567626969888806,274.58999999999997</coordinates></Point></Placemark><Placemark><TimeSpan><begin>2020-03-03T11:41:50Z</begin><end>2020-03-03T11:41:51Z</end></TimeSpan><styleUrl>#point</styleUrl><Point><altitudeMode>clampToGround</altitudeMode><coordinates>19.146430967375636,-33.567729983478785,274.11000000000001</coordinates></Point></Placemark><Placemark><TimeSpan><begin>2020-03-03T11:41:51Z</begin><end>2020-03-03T11:41:52Z</end></TimeSpan><styleUrl>#point</styleUrl><Point><altitudeMode>clampToGround</altitudeMode><coordinates>19.146363995969296,-33.567842971533537,274.58999999999997</coordinates></Point></Placemark><Placemark><TimeSpan><begin>2020-03-03T11:41:52Z</begin><end>2020-03-03T11:41:54Z</end></TimeSpan><styleUrl>#point</styleUrl><Point><altitudeMode>clampToGround</altitudeMode><coordinates>19.146238015964627,-33.568031983450055,274.11000000000001</coordinates></Point></Placemark><Placemark><TimeSpan><begin>2020-03-03T11:41:54Z</begin><end>2020-03-03T11:41:55Z</end></TimeSpan><styleUrl>#point</styleUrl><Point><altitudeMode>clampToGround</altitudeMode><coordinates>19.146155035123229,-33.568113958463073,273.63</coordinates></Point></Placemark><Placemark><TimeSpan><begin>2020-03-03T11:41:55Z</begin><end>2020-03-03T11:41:56Z</end></TimeSpan><styleUrl>#point</styleUrl><Point><altitudeMode>clampToGround</altitudeMode><coordinates>19.146043974906206,-33.5681729670614,273.63</coordinates></Point></Placemark><Placemark><TimeSpan><begin>2020-03-03T11:41:56Z</begin><end>2020-03-03T11:41:57Z</end></TimeSpan><styleUrl>#point</styleUrl><Point><altitudeMode>clampToGround</altitudeMode><coordinates>19.145925035700202,-33.568225018680096,273.14999999999998</coordinates></Point></Placemark><Placemark><TimeSpan><begin>2020-03-03T11:41:57Z</begin><end>2020-03-03T11:41:58Z</end></TimeSpan><styleUrl>#point</styleUrl><Point><altitudeMode>clampToGround</altitudeMode><coordinates>19.145790003240108,-33.568257037550211,273.14999999999998</coordinates></Point></Placemark><Placemark><TimeSpan><begin>2020-03-03T11:41:58Z</begin><end>2020-03-03T11:41:59Z</end></TimeSpan><styleUrl>#point</styleUrl><Point><altitudeMode>clampToGround</altitudeMode><coordinates>19.145649019628763,-33.568281009793282,273.14999999999998</coordinates></Point></Placemark><Placemark><TimeSpan><begin>2020-03-03T11:41:59Z</begin><end>2020-03-03T11:42:00Z</end></TimeSpan><styleUrl>#point</styleUrl><Point><altitudeMode>clampToGround</altitudeMode><coordinates>19.145493032410741,-33.568296013399959,272.67000000000002</coordinates></Point></Placemark><Placemark><TimeSpan><begin>2020-03-03T11:42:00Z</begin><end>2020-03-03T11:42:01Z</end></TimeSpan><styleUrl>#point</styleUrl><Point><altitudeMode>clampToGround</altitudeMode><coordinates>19.145316006615758,-33.568305987864733,272.67000000000002</coordinates></Point></Placemark><Placemark><TimeSpan><begin>2020-03-03T11:42:01Z</begin><end>2020-03-03T11:42:05Z</end></TimeSpan><styleUrl>#point</styleUrl><Point><altitudeMode>clampToGround</altitudeMode><coordinates>19.144701026380062,-33.568399026989937,271.23000000000002</coordinates></Point></Placemark><Placemark><TimeSpan><begin>2020-03-03T11:42:05Z</begin><end>2020-03-03T11:42:06Z</end></TimeSpan><styleUrl>#point</styleUrl><Point><altitudeMode>clampToGround</altitudeMode><coordinates>19.144570017233491,-33.568457029759884,270.75</coordinates></Point></Placemark><Placemark><TimeSpan><begin>2020-03-03T11:42:06Z</begin><end>2020-03-03T11:42:10Z</end></TimeSpan><styleUrl>#point</styleUrl><Point><altitudeMode>clampToGround</altitudeMode><coordinates>19.14407498203218,-33.568617040291429,269.79000000000002</coordinates></Point></Placemark><Placemark><TimeSpan><begin>2020-03-03T11:42:10Z</begin><end>2020-03-03T11:42:11Z</end></TimeSpan><styleUrl>#point</styleUrl><Point><altitudeMode>clampToGround</altitudeMode><coordinates>19.143901979550719,-33.568618968129158,269.79000000000002</coordinates></Point></Placemark><Placemark><TimeSpan><begin>2020-03-03T11:42:11Z</begin><end>2020-03-03T11:42:19Z</end></TimeSpan><styleUrl>#point</styleUrl><Point><altitudeMode>clampToGround</altitudeMode><coordinates>19.142729016020894,-33.568896995857358,267.38</coordinates></Point></Placemark><Placemark><TimeSpan><begin>2020-03-03T11:42:19Z</begin><end>2020-03-03T11:42:20Z</end></TimeSpan><styleUrl>#point</styleUrl><Point><altitudeMode>clampToGround</altitudeMode><coordinates>19.142604041844606,-33.568970002233982,267.38</coordinates></Point></Placemark><Placemark><TimeSpan><begin>2020-03-03T11:42:20Z</begin><end>2020-03-03T11:42:28Z</end></TimeSpan><styleUrl>#point</styleUrl><Point><altitudeMode>clampToGround</altitudeMode><coordinates>19.141611959785223,-33.569614989683032,267.38</coordinates></Point></Placemark><Placemark><TimeSpan><begin>2020-03-03T11:42:28Z</begin><end>2020-03-03T11:42:29Z</end></TimeSpan><styleUrl>#point</styleUrl><Point><altitudeMode>clampToGround</altitudeMode><coordinates>19.141501989215612,-33.569666035473347,268.35000000000002</coordinates></Point></Placemark><Placemark><TimeSpan><begin>2020-03-03T11:42:29Z</begin><end>2020-03-03T11:42:30Z</end></TimeSpan><styleUrl>#point</styleUrl><Point><altitudeMode>clampToGround</altitudeMode><coordinates>19.141386989504099,-33.569693025201559,268.82999999999998</coordinates></Point></Placemark><Placemark><TimeSpan><begin>2020-03-03T11:42:30Z</begin><end>2020-03-03T11:42:31Z</end></TimeSpan><styleUrl>#point</styleUrl><Point><altitudeMode>clampToGround</altitudeMode><coordinates>19.14123896509409,-33.569691013544798,270.26999999999998</coordinates></Point></Placemark><Placemark><TimeSpan><begin>2020-03-03T11:42:31Z</begin><end>2020-03-03T11:42:32Z</end></TimeSpan><styleUrl>#point</styleUrl><Point><altitudeMode>clampToGround</altitudeMode><coordinates>19.141097981482744,-33.569678021594882,270.75</coordinates></Point></Placemark><Placemark><TimeSpan><begin>2020-03-03T11:42:32Z</begin><end>2020-03-03T11:42:36Z</end></TimeSpan><styleUrl>#point</styleUrl><Point><altitudeMode>clampToGround</altitudeMode><coordinates>19.140532035380602,-33.569624964147806,277.95999999999998</coordinates></Point></Placemark><Placemark><TimeSpan><begin>2020-03-03T11:42:36Z</begin><end>2020-03-03T11:42:37Z</end></TimeSpan><styleUrl>#point</styleUrl><Point><altitudeMode>clampToGround</altitudeMode><coordinates>19.140402032062411,-33.569593029096723,279.88</coordinates></Point></Placemark><Placemark><TimeSpan><begin>2020-03-03T11:42:37Z</begin><end>2020-03-03T11:42:38Z</end></TimeSpan><styleUrl>#point</styleUrl><Point><altitudeMode>clampToGround</altitudeMode><coordinates>19.14027102291584,-33.569556986913085,280.83999999999997</coordinates></Point></Placemark><Placemark><TimeSpan><begin>2020-03-03T11:42:38Z</begin><end>2020-03-03T11:42:46Z</end></TimeSpan><styleUrl>#point</styleUrl><Point><altitudeMode>clampToGround</altitudeMode><coordinates>19.13928103633225,-33.569209976121783,285.64999999999998</coordinates></Point></Placemark><Placemark><TimeSpan><begin>2020-03-03T11:42:46Z</begin><end>2020-03-03T11:42:47Z</end></TimeSpan><styleUrl>#point</styleUrl><Point><altitudeMode>clampToGround</altitudeMode><coordinates>19.139166958630085,-33.569200001657009,286.13</coordinates></Point></Placemark><Placemark><TimeSpan><begin>2020-03-03T11:42:47Z</begin><end>2020-03-03T11:42:48Z</end></TimeSpan><styleUrl>#point</styleUrl><Point><altitudeMode>clampToGround</altitudeMode><coordinates>19.139052964746952,-33.569206036627293,286.61000000000001</coordinates></Point></Placemark><Placemark><TimeSpan><begin>2020-03-03T11:42:48Z</begin><end>2020-03-03T11:42:49Z</end></TimeSpan><styleUrl>#point</styleUrl><Point><altitudeMode>clampToGround</altitudeMode><coordinates>19.138952968642116,-33.569227997213602,286.61000000000001</coordinates></Point></Placemark><Placemark><TimeSpan><begin>2020-03-03T11:42:49Z</begin><end>2020-03-03T11:42:50Z</end></TimeSpan><styleUrl>#point</styleUrl><Point><altitudeMode>clampToGround</altitudeMode><coordinates>19.138866970315576,-33.569268984720111,286.61000000000001</coordinates></Point></Placemark><Placemark><TimeSpan><begin>2020-03-03T11:42:50Z</begin><end>2020-03-03T11:42:51Z</end></TimeSpan><styleUrl>#point</styleUrl><Point><altitudeMode>clampToGround</altitudeMode><coordinates>19.138793963938951,-33.569324975833297,286.61000000000001</coordinates></Point></Placemark><Placemark><TimeSpan><begin>2020-03-03T11:42:51Z</begin><end>2020-03-03T11:42:52Z</end></TimeSpan><styleUrl>#point</styleUrl><Point><altitudeMode>clampToGround</altitudeMode><coordinates>19.138732021674514,-33.569399993866682,286.61000000000001</coordinates></Point></Placemark><Placemark><TimeSpan><begin>2020-03-03T11:42:52Z</begin><end>2020-03-03T11:42:53Z</end></TimeSpan><styleUrl>#point</styleUrl><Point><altitudeMode>clampToGround</altitudeMode><coordinates>19.138679970055819,-33.569489009678364,287.56999999999999</coordinates></Point></Placemark><Placemark><TimeSpan><begin>2020-03-03T11:42:53Z</begin><end>2020-03-03T11:42:54Z</end></TimeSpan><styleUrl>#point</styleUrl><Point><altitudeMode>clampToGround</altitudeMode><coordinates>19.13863998837769,-33.56958799995482,287.56999999999999</coordinates></Point></Placemark><Placemark><TimeSpan><begin>2020-03-03T11:42:54Z</begin><end>2020-03-03T11:42:55Z</end></TimeSpan><styleUrl>#point</styleUrl><Point><altitudeMode>clampToGround</altitudeMode><coordinates>19.138607969507575,-33.569695958867669,288.05000000000001</coordinates></Point></Placemark><Placemark><TimeSpan><begin>2020-03-03T11:42:55Z</begin><end>2020-03-03T11:43:07Z</end></TimeSpan><styleUrl>#point</styleUrl><Point><altitudeMode>clampToGround</altitudeMode><coordinates>19.138446031138301,-33.571091964840889,293.33999999999997</coordinates></Point></Placemark><Placemark><TimeSpan><begin>2020-03-03T11:43:07Z</begin><end>2020-03-03T11:43:08Z</end></TimeSpan><styleUrl>#point</styleUrl><Point><altitudeMode>clampToGround</altitudeMode><coordinates>19.138409988954663,-33.57120000757277,293.81999999999999</coordinates></Point></Placemark><Placemark><TimeSpan><begin>2020-03-03T11:43:08Z</begin><end>2020-03-03T11:43:10Z</end></TimeSpan><styleUrl>#point</styleUrl><Point><altitudeMode>clampToGround</altitudeMode><coordinates>19.138309992849827,-33.571418020874262,295.74000000000001</coordinates></Point></Placemark><Placemark><TimeSpan><begin>2020-03-03T11:43:10Z</begin><end>2020-03-03T11:43:14Z</end></TimeSpan><styleUrl>#point</styleUrl><Point><altitudeMode>clampToGround</altitudeMode><coordinates>19.13810103200376,-33.571872990578413,297.18000000000001</coordinates></Point></Placemark><Placemark><TimeSpan><begin>2020-03-03T11:43:14Z</begin><end>2020-03-03T11:43:15Z</end></TimeSpan><styleUrl>#point</styleUrl><Point><altitudeMode>clampToGround</altitudeMode><coordinates>19.138013022020459,-33.571959994733334,298.63</coordinates></Point></Placemark><Placemark><TimeSpan><begin>2020-03-03T11:43:15Z</begin><end>2020-03-03T11:43:16Z</end></TimeSpan><styleUrl>#point</styleUrl><Point><altitudeMode>clampToGround</altitudeMode><coordinates>19.137921994552016,-33.572035012766719,299.11000000000001</coordinates></Point></Placemark><Placemark><TimeSpan><begin>2020-03-03T11:43:16Z</begin><end>2020-03-03T11:43:19Z</end></TimeSpan><styleUrl>#point</styleUrl><Point><altitudeMode>clampToGround</altitudeMode><coordinates>19.137706998735666,-33.572264006361365,300.55000000000001</coordinates></Point></Placemark><Placemark><TimeSpan><begin>2020-03-03T11:43:19Z</begin><end>2020-03-03T11:43:20Z</end></TimeSpan><styleUrl>#point</styleUrl><Point><altitudeMode>clampToGround</altitudeMode><coordinates>19.137685038149357,-33.572370037436485,300.55000000000001</coordinates></Point></Placemark><Placemark><TimeSpan><begin>2020-03-03T11:43:20Z</begin><end>2020-03-03T11:43:21Z</end></TimeSpan><styleUrl>#point</styleUrl><Point><altitudeMode>clampToGround</altitudeMode><coordinates>19.137669028714299,-33.572488976642489,301.50999999999999</coordinates></Point></Placemark><Placemark><TimeSpan><begin>2020-03-03T11:43:21Z</begin><end>2020-03-03T11:43:22Z</end></TimeSpan><styleUrl>#point</styleUrl><Point><altitudeMode>clampToGround</altitudeMode><coordinates>19.137636004015803,-33.572604982182384,302.47000000000003</coordinates></Point></Placemark><Placemark><TimeSpan><begin>2020-03-03T11:43:22Z</begin><end>2020-03-03T11:43:23Z</end></TimeSpan><styleUrl>#point</styleUrl><Point><altitudeMode>clampToGround</altitudeMode><coordinates>19.13758696988225,-33.572715958580375,302.94999999999999</coordinates></Point></Placemark><Placemark><TimeSpan><begin>2020-03-03T11:43:23Z</begin><end>2020-03-03T11:43:24Z</end></TimeSpan><styleUrl>#point</styleUrl><Point><altitudeMode>clampToGround</altitudeMode><coordinates>19.137504994869232,-33.572816960513592,304.88</coordinates></Point></Placemark><Placemark><TimeSpan><begin>2020-03-03T11:43:24Z</begin><end>2020-03-03T11:43:25Z</end></TimeSpan><styleUrl>#point</styleUrl><Point><altitudeMode>clampToGround</altitudeMode><coordinates>19.137439029291272,-33.572918968275189,305.36000000000001</coordinates></Point></Placemark><Placemark><TimeSpan><begin>2020-03-03T11:43:25Z</begin><end>2020-03-03T11:43:27Z</end></TimeSpan><styleUrl>#point</styleUrl><Point><altitudeMode>clampToGround</altitudeMode><coordinates>19.137354036793113,-33.573130024597049,306.31999999999999</coordinates></Point></Placemark><Placemark><TimeSpan><begin>2020-03-03T11:43:27Z</begin><end>2020-03-03T11:43:28Z</end></TimeSpan><styleUrl>#point</styleUrl><Point><altitudeMode>clampToGround</altitudeMode><coordinates>19.137351019307971,-33.573234966024756,306.80000000000001</coordinates></Point></Placemark><Placemark><TimeSpan><begin>2020-03-03T11:43:28Z</begin><end>2020-03-03T11:43:29Z</end></TimeSpan><styleUrl>#point</styleUrl><Point><altitudeMode>clampToGround</altitudeMode><coordinates>19.1373719740659,-33.573339991271496,307.27999999999997</coordinates></Point></Placemark><Placemark><TimeSpan><begin>2020-03-03T11:43:29Z</begin><end>2020-03-03T11:43:33Z</end></TimeSpan><styleUrl>#point</styleUrl><Point><altitudeMode>clampToGround</altitudeMode><coordinates>19.137411033734679,-33.573754979297519,309.19999999999999</coordinates></Point></Placemark><Placemark><TimeSpan><begin>2020-03-03T11:43:33Z</begin><end>2020-03-03T11:43:34Z</end></TimeSpan><styleUrl>#point</styleUrl><Point><altitudeMode>clampToGround</altitudeMode><coordinates>19.137364011257887,-33.573852041736245,309.19999999999999</coordinates></Point></Placemark><Placemark><TimeSpan><begin>2020-03-03T11:43:34Z</begin><end>2020-03-03T11:43:35Z</end></TimeSpan><styleUrl>#point</styleUrl><Point><altitudeMode>clampToGround</altitudeMode><coordinates>19.137302991002798,-33.573946002870798,310.16000000000003</coordinates></Point></Placemark><Placemark><TimeSpan><begin>2020-03-03T11:43:35Z</begin><end>2020-03-03T11:43:36Z</end></TimeSpan><styleUrl>#point</styleUrl><Point><altitudeMode>clampToGround</altitudeMode><coordinates>19.137245994061232,-33.574042981490493,310.63999999999999</coordinates></Point></Placemark><Placemark><TimeSpan><begin>2020-03-03T11:43:36Z</begin><end>2020-03-03T11:43:37Z</end></TimeSpan><styleUrl>#point</styleUrl><Point><altitudeMode>clampToGround</altitudeMode><coordinates>19.137195032089949,-33.574141971766949,311.60000000000002</coordinates></Point></Placemark><Placemark><TimeSpan><begin>2020-03-03T11:43:37Z</begin><end>2020-03-03T11:43:38Z</end></TimeSpan><styleUrl>#point</styleUrl><Point><altitudeMode>clampToGround</altitudeMode><coordinates>19.137172987684608,-33.57425102032721,312.08999999999997</coordinates></Point></Placemark><Placemark><TimeSpan><begin>2020-03-03T11:43:38Z</begin><end>2020-03-03T11:43:39Z</end></TimeSpan><styleUrl>#point</styleUrl><Point><altitudeMode>clampToGround</altitudeMode><coordinates>19.137152032926679,-33.574357973411679,313.52999999999997</coordinates></Point></Placemark><Placemark><TimeSpan><begin>2020-03-03T11:43:39Z</begin><end>2020-03-03T11:43:40Z</end></TimeSpan><styleUrl>#point</styleUrl><Point><altitudeMode>clampToGround</altitudeMode><coordinates>19.137145997956395,-33.574457969516516,314.00999999999999</coordinates></Point></Placemark><Placemark><TimeSpan><begin>2020-03-03T11:43:40Z</begin><end>2020-03-03T11:43:41Z</end></TimeSpan><styleUrl>#point</styleUrl><Point><altitudeMode>clampToGround</altitudeMode><coordinates>19.137141974642873,-33.5745520144701,314.49000000000001</coordinates></Point></Placemark><Placemark><TimeSpan><begin>2020-03-03T11:43:41Z</begin><end>2020-03-03T11:43:42Z</end></TimeSpan><styleUrl>#point</styleUrl><Point><altitudeMode>clampToGround</altitudeMode><coordinates>19.137133006006479,-33.574642958119512,314.49000000000001</coordinates></Point></Placemark><Placemark><TimeSpan><begin>2020-03-03T11:43:42Z</begin><end>2020-03-03T11:43:43Z</end></TimeSpan><styleUrl>#point</styleUrl><Point><altitudeMode>clampToGround</altitudeMode><coordinates>19.137105010449886,-33.574727028608322,315.44999999999999</coordinates></Point></Placemark><Placemark><TimeSpan><begin>2020-03-03T11:43:43Z</begin><end>2020-03-03T11:43:44Z</end></TimeSpan><styleUrl>#point</styleUrl><Point><altitudeMode>clampToGround</altitudeMode><coordinates>19.137057987973094,-33.574812021106482,315.93000000000001</coordinates></Point></Placemark><Placemark><TimeSpan><begin>2020-03-03T11:43:44Z</begin><end>2020-03-03T11:43:45Z</end></TimeSpan><styleUrl>#point</styleUrl><Point><altitudeMode>clampToGround</altitudeMode><coordinates>19.136989004909992,-33.574891984462738,316.88999999999999</coordinates></Point></Placemark><Placemark><TimeSpan><begin>2020-03-03T11:43:45Z</begin><end>2020-03-03T11:43:46Z</end></TimeSpan><styleUrl>#point</styleUrl><Point><altitudeMode>clampToGround</altitudeMode><coordinates>19.136923039332032,-33.574978988617659,317.37</coordinates></Point></Placemark><Placemark><TimeSpan><begin>2020-03-03T11:43:46Z</begin><end>2020-03-03T11:43:48Z</end></TimeSpan><styleUrl>#point</styleUrl><Point><altitudeMode>clampToGround</altitudeMode><coordinates>19.136816002428532,-33.575171018019319,318.81</coordinates></Point></Placemark><Placemark><TimeSpan><begin>2020-03-03T11:43:48Z</begin><end>2020-03-03T11:43:49Z</end></TimeSpan><styleUrl>#point</styleUrl><Point><altitudeMode>clampToGround</altitudeMode><coordinates>19.136783983558416,-33.575271014124155,319.30000000000001</coordinates></Point></Placemark><Placemark><TimeSpan><begin>2020-03-03T11:43:49Z</begin><end>2020-03-03T11:43:53Z</end></TimeSpan><styleUrl>#point</styleUrl><Point><altitudeMode>clampToGround</altitudeMode><coordinates>19.136658003553748,-33.575699999928474,320.74000000000001</coordinates></Point></Placemark><Placemark><TimeSpan><begin>2020-03-03T11:43:53Z</begin><end>2020-03-03T11:43:54Z</end></TimeSpan><styleUrl>#point</styleUrl><Point><altitudeMode>clampToGround</altitudeMode><coordinates>19.136589020490646,-33.575799996033311,322.18000000000001</coordinates></Point></Placemark><Placemark><TimeSpan><begin>2020-03-03T11:43:54Z</begin><end>2020-03-03T11:43:55Z</end></TimeSpan><styleUrl>#point</styleUrl><Point><altitudeMode>clampToGround</altitudeMode><coordinates>19.136530011892319,-33.575909966602921,322.66000000000003</coordinates></Point></Placemark><Placemark><TimeSpan><begin>2020-03-03T11:43:55Z</begin><end>2020-03-03T11:43:57Z</end></TimeSpan><styleUrl>#point</styleUrl><Point><altitudeMode>clampToGround</altitudeMode><coordinates>19.136459017172456,-33.576128985732794,324.10000000000002</coordinates></Point></Placemark><Placemark><TimeSpan><begin>2020-03-03T11:43:57Z</begin><end>2020-03-03T11:44:00Z</end></TimeSpan><styleUrl>#point</styleUrl><Point><altitudeMode>clampToGround</altitudeMode><coordinates>19.136363966390491,-33.576388992369175,326.01999999999998</coordinates></Point></Placemark><Placemark><TimeSpan><begin>2020-03-03T11:44:00Z</begin><end>2020-03-03T11:44:01Z</end></TimeSpan><styleUrl>#point</styleUrl><Point><altitudeMode>clampToGround</altitudeMode><coordinates>19.136292971670628,-33.57646401040256,326.5</coordinates></Point></Placemark><Placemark><TimeSpan><begin>2020-03-03T11:44:01Z</begin><end>2020-03-03T11:44:03Z</end></TimeSpan><styleUrl>#point</styleUrl><Point><altitudeMode>clampToGround</altitudeMode><coordinates>19.136148970574141,-33.576629972085357,327.94999999999999</coordinates></Point></Placemark><Placemark><TimeSpan><begin>2020-03-03T11:44:03Z</begin><end>2020-03-03T11:44:04Z</end></TimeSpan><styleUrl>#point</styleUrl><Point><altitudeMode>clampToGround</altitudeMode><coordinates>19.136088034138083,-33.576719993725419,328.43000000000001</coordinates></Point></Placemark><Placemark><TimeSpan><begin>2020-03-03T11:44:04Z</begin><end>2020-03-03T11:44:10Z</end></TimeSpan><styleUrl>#point</styleUrl><Point><altitudeMode>clampToGround</altitudeMode><coordinates>19.135719984769821,-33.577260039746761,332.26999999999998</coordinates></Point></Placemark><Placemark><TimeSpan><begin>2020-03-03T11:44:10Z</begin><end>2020-03-03T11:44:11Z</end></TimeSpan><styleUrl>#point</styleUrl><Point><altitudeMode>clampToGround</altitudeMode><coordinates>19.13567204028368,-33.577361041679978,332.75</coordinates></Point></Placemark><Placemark><TimeSpan><begin>2020-03-03T11:44:11Z</begin><end>2020-03-03T11:44:17Z</end></TimeSpan><styleUrl>#point</styleUrl><Point><altitudeMode>clampToGround</altitudeMode><coordinates>19.135417984798551,-33.577985996380448,336.60000000000002</coordinates></Point></Placemark><Placemark><TimeSpan><begin>2020-03-03T11:44:17Z</begin><end>2020-03-03T11:44:18Z</end></TimeSpan><styleUrl>#point</styleUrl><Point><altitudeMode>clampToGround</altitudeMode><coordinates>19.135392000898719,-33.578094039112329,337.07999999999998</coordinates></Point></Placemark><Placemark><TimeSpan><begin>2020-03-03T11:44:18Z</begin><end>2020-03-03T11:44:19Z</end></TimeSpan><styleUrl>#point</styleUrl><Point><altitudeMode>clampToGround</altitudeMode><coordinates>19.135390995070338,-33.578196968883276,337.56</coordinates></Point></Placemark><Placemark><TimeSpan><begin>2020-03-03T11:44:19Z</begin><end>2020-03-03T11:44:20Z</end></TimeSpan><styleUrl>#point</styleUrl><Point><altitudeMode>clampToGround</altitudeMode><coordinates>19.135412033647299,-33.578298976644874,338.04000000000002</coordinates></Point></Placemark><Placemark><TimeSpan><begin>2020-03-03T11:44:20Z</begin><end>2020-03-03T11:44:21Z</end></TimeSpan><styleUrl>#point</styleUrl><Point><altitudeMode>clampToGround</altitudeMode><coordinates>19.135442040860653,-33.578400984406471,338.51999999999998</coordinates></Point></Placemark><Placemark><TimeSpan><begin>2020-03-03T11:44:21Z</begin><end>2020-03-03T11:44:25Z</end></TimeSpan><styleUrl>#point</styleUrl><Point><altitudeMode>clampToGround</altitudeMode><coordinates>19.135509012266994,-33.578832987695932,340.44</coordinates></Point></Placemark><Placemark><TimeSpan><begin>2020-03-03T11:44:25Z</begin><end>2020-03-03T11:44:26Z</end></TimeSpan><styleUrl>#point</styleUrl><Point><altitudeMode>clampToGround</altitudeMode><coordinates>19.135476993396878,-33.578936001285911,340.44</coordinates></Point></Placemark><Placemark><TimeSpan><begin>2020-03-03T11:44:26Z</begin><end>2020-03-03T11:44:28Z</end></TimeSpan><styleUrl>#point</styleUrl><Point><altitudeMode>clampToGround</altitudeMode><coordinates>19.135396024212241,-33.579133981838822,340.92000000000002</coordinates></Point></Placemark><Placemark><TimeSpan><begin>2020-03-03T11:44:28Z</begin><end>2020-03-03T11:44:29Z</end></TimeSpan><styleUrl>#point</styleUrl><Point><altitudeMode>clampToGround</altitudeMode><coordinates>19.135306002572179,-33.579225009307265,341.41000000000003</coordinates></Point></Placemark><Placemark><TimeSpan><begin>2020-03-03T11:44:29Z</begin><end>2020-03-03T11:44:31Z</end></TimeSpan><styleUrl>#point</styleUrl><Point><altitudeMode>clampToGround</altitudeMode><coordinates>19.135145992040634,-33.579419972375035,342.37</coordinates></Point></Placemark><Placemark><TimeSpan><begin>2020-03-03T11:44:31Z</begin><end>2020-03-03T11:44:33Z</end></TimeSpan><styleUrl>#point</styleUrl><Point><altitudeMode>clampToGround</altitudeMode><coordinates>19.135057982057333,-33.579638991504908,343.32999999999998</coordinates></Point></Placemark><Placemark><TimeSpan><begin>2020-03-03T11:44:33Z</begin><end>2020-03-03T11:44:34Z</end></TimeSpan><styleUrl>#point</styleUrl><Point><altitudeMode>clampToGround</altitudeMode><coordinates>19.135039038956165,-33.579749967902899,343.32999999999998</coordinates></Point></Placemark><Placemark><TimeSpan><begin>2020-03-03T11:44:34Z</begin><end>2020-03-03T11:44:37Z</end></TimeSpan><styleUrl>#point</styleUrl><Point><altitudeMode>clampToGround</altitudeMode><coordinates>19.134959997609258,-33.58007401227951,344.76999999999998</coordinates></Point></Placemark><Placemark><TimeSpan><begin>2020-03-03T11:44:37Z</begin><end>2020-03-03T11:44:38Z</end></TimeSpan><styleUrl>#point</styleUrl><Point><altitudeMode>clampToGround</altitudeMode><coordinates>19.134909035637975,-33.580169985070825,344.76999999999998</coordinates></Point></Placemark><Placemark><TimeSpan><begin>2020-03-03T11:44:38Z</begin><end>2020-03-03T11:44:39Z</end></TimeSpan><styleUrl>#point</styleUrl><Point><altitudeMode>clampToGround</altitudeMode><coordinates>19.134841980412602,-33.580263024196029,345.25</coordinates></Point></Placemark><Placemark><TimeSpan><begin>2020-03-03T11:44:39Z</begin><end>2020-03-03T11:44:40Z</end></TimeSpan><styleUrl>#point</styleUrl><Point><altitudeMode>clampToGround</altitudeMode><coordinates>19.134753970429301,-33.580352962017059,346.20999999999998</coordinates></Point></Placemark><Placemark><TimeSpan><begin>2020-03-03T11:44:40Z</begin><end>2020-03-03T11:44:41Z</end></TimeSpan><styleUrl>#point</styleUrl><Point><altitudeMode>clampToGround</altitudeMode><coordinates>19.134660009294748,-33.580435020849109,346.20999999999998</coordinates></Point></Placemark><Placemark><TimeSpan><begin>2020-03-03T11:44:41Z</begin><end>2020-03-03T11:44:42Z</end></TimeSpan><styleUrl>#point</styleUrl><Point><altitudeMode>clampToGround</altitudeMode><coordinates>19.134550960734487,-33.580516995862126,346.69</coordinates></Point></Placemark><Placemark><TimeSpan><begin>2020-03-03T11:44:42Z</begin><end>2020-03-03T11:44:52Z</end></TimeSpan><styleUrl>#point</styleUrl><Point><altitudeMode>clampToGround</altitudeMode><coordinates>19.133531972765923,-33.581377984955907,352.45999999999998</coordinates></Point></Placemark><Placemark><TimeSpan><begin>2020-03-03T11:44:52Z</begin><end>2020-03-03T11:44:53Z</end></TimeSpan><styleUrl>#point</styleUrl><Point><altitudeMode>clampToGround</altitudeMode><coordinates>19.133463995531201,-33.581480998545885,352.94</coordinates></Point></Placemark><Placemark><TimeSpan><begin>2020-03-03T11:44:53Z</begin><end>2020-03-03T11:44:54Z</end></TimeSpan><styleUrl>#point</styleUrl><Point><altitudeMode>clampToGround</altitudeMode><coordinates>19.133413033559918,-33.581589963287115,353.42000000000002</coordinates></Point></Placemark><Placemark><TimeSpan><begin>2020-03-03T11:44:54Z</begin><end>2020-03-03T11:44:55Z</end></TimeSpan><styleUrl>#point</styleUrl><Point><altitudeMode>clampToGround</altitudeMode><coordinates>19.133379003033042,-33.581710997968912,354.38</coordinates></Point></Placemark><Placemark><TimeSpan><begin>2020-03-03T11:44:55Z</begin><end>2020-03-03T11:44:56Z</end></TimeSpan><styleUrl>#point</styleUrl><Point><altitudeMode>clampToGround</altitudeMode><coordinates>19.133339021354914,-33.581824991852045,354.38</coordinates></Point></Placemark><Placemark><TimeSpan><begin>2020-03-03T11:44:56Z</begin><end>2020-03-03T11:44:57Z</end></TimeSpan><styleUrl>#point</styleUrl><Point><altitudeMode>clampToGround</altitudeMode><coordinates>19.133281018584967,-33.581937979906797,354.86000000000001</coordinates></Point></Placemark><Placemark><TimeSpan><begin>2020-03-03T11:44:57Z</begin><end>2020-03-03T11:44:58Z</end></TimeSpan><styleUrl>#point</styleUrl><Point><altitudeMode>clampToGround</altitudeMode><coordinates>19.13320398889482,-33.582036970183253,355.33999999999997</coordinates></Point></Placemark><Placemark><TimeSpan><begin>2020-03-03T11:44:58Z</begin><end>2020-03-03T11:44:59Z</end></TimeSpan><styleUrl>#point</styleUrl><Point><altitudeMode>clampToGround</altitudeMode><coordinates>19.133113967254758,-33.582129003480077,355.82999999999998</coordinates></Point></Placemark><Placemark><TimeSpan><begin>2020-03-03T11:44:59Z</begin><end>2020-03-03T11:45:00Z</end></TimeSpan><styleUrl>#point</styleUrl><Point><altitudeMode>clampToGround</altitudeMode><coordinates>19.133038027212024,-33.582217013463378,356.31</coordinates></Point></Placemark><Placemark><TimeSpan><begin>2020-03-03T11:45:00Z</begin><end>2020-03-03T11:45:02Z</end></TimeSpan><styleUrl>#point</styleUrl><Point><altitudeMode>clampToGround</altitudeMode><coordinates>19.132941970601678,-33.582394039258361,358.23000000000002</coordinates></Point></Placemark><Placemark><TimeSpan><begin>2020-03-03T11:45:02Z</begin><end>2020-03-03T11:45:03Z</end></TimeSpan><styleUrl>#point</styleUrl><Point><altitudeMode>clampToGround</altitudeMode><coordinates>19.132946999743581,-33.582483977079391,358.70999999999998</coordinates></Point></Placemark><Placemark><TimeSpan><begin>2020-03-03T11:45:03Z</begin><end>2020-03-03T11:45:04Z</end></TimeSpan><styleUrl>#point</styleUrl><Point><altitudeMode>clampToGround</altitudeMode><coordinates>19.132981030270457,-33.582571987062693,359.19</coordinates></Point></Placemark><Placemark><TimeSpan><begin>2020-03-03T11:45:04Z</begin><end>2020-03-03T11:45:12Z</end></TimeSpan><styleUrl>#point</styleUrl><Point><altitudeMode>clampToGround</altitudeMode><coordinates>19.13331001996994,-33.583473041653633,366.39999999999998</coordinates></Point></Placemark><Placemark><TimeSpan><begin>2020-03-03T11:45:12Z</begin><end>2020-03-03T11:45:16Z</end></TimeSpan><styleUrl>#point</styleUrl><Point><altitudeMode>clampToGround</altitudeMode><coordinates>19.133408004418015,-33.583884006366134,368.31999999999999</coordinates></Point></Placemark><Placemark><TimeSpan><begin>2020-03-03T11:45:16Z</begin><end>2020-03-03T11:45:17Z</end></TimeSpan><styleUrl>#point</styleUrl><Point><altitudeMode>clampToGround</altitudeMode><coordinates>19.133382020518184,-33.583964975550771,369.27999999999997</coordinates></Point></Placemark><Placemark><TimeSpan><begin>2020-03-03T11:45:17Z</begin><end>2020-03-03T11:45:18Z</end></TimeSpan><styleUrl>#point</styleUrl><Point><altitudeMode>clampToGround</altitudeMode><coordinates>19.133336003869772,-33.584039993584156,369.75999999999999</coordinates></Point></Placemark><Placemark><TimeSpan><begin>2020-03-03T11:45:18Z</begin><end>2020-03-03T11:45:19Z</end></TimeSpan><styleUrl>#point</styleUrl><Point><altitudeMode>clampToGround</altitudeMode><coordinates>19.13324698805809,-33.584105037152767,371.69</coordinates></Point></Placemark><Placemark><TimeSpan><begin>2020-03-03T11:45:19Z</begin><end>2020-03-03T11:45:20Z</end></TimeSpan><styleUrl>#point</styleUrl><Point><altitudeMode>clampToGround</altitudeMode><coordinates>19.133140034973621,-33.584171002730727,373.13</coordinates></Point></Placemark><Placemark><TimeSpan><begin>2020-03-03T11:45:20Z</begin><end>2020-03-03T11:45:21Z</end></TimeSpan><styleUrl>#point</styleUrl><Point><altitudeMode>clampToGround</altitudeMode><coordinates>19.133021011948586,-33.584231017157435,375.05000000000001</coordinates></Point></Placemark><Placemark><TimeSpan><begin>2020-03-03T11:45:21Z</begin><end>2020-03-03T11:45:22Z</end></TimeSpan><styleUrl>#point</styleUrl><Point><altitudeMode>clampToGround</altitudeMode><coordinates>19.132909029722214,-33.584291031584144,376.00999999999999</coordinates></Point></Placemark><Placemark><TimeSpan><begin>2020-03-03T11:45:22Z</begin><end>2020-03-03T11:45:23Z</end></TimeSpan><styleUrl>#point</styleUrl><Point><altitudeMode>clampToGround</altitudeMode><coordinates>19.132786989212036,-33.58432799577713,376.49000000000001</coordinates></Point></Placemark><Placemark><TimeSpan><begin>2020-03-03T11:45:23Z</begin><end>2020-03-03T11:45:24Z</end></TimeSpan><styleUrl>#point</styleUrl><Point><altitudeMode>clampToGround</altitudeMode><coordinates>19.13266696035862,-33.584344005212188,376.97000000000003</coordinates></Point></Placemark><Placemark><TimeSpan><begin>2020-03-03T11:45:24Z</begin><end>2020-03-03T11:45:25Z</end></TimeSpan><styleUrl>#point</styleUrl><Point><altitudeMode>clampToGround</altitudeMode><coordinates>19.132537040859461,-33.584339981898665,377.94</coordinates></Point></Placemark><Placemark><TimeSpan><begin>2020-03-03T11:45:25Z</begin><end>2020-03-03T11:45:26Z</end></TimeSpan><styleUrl>#point</styleUrl><Point><altitudeMode>clampToGround</altitudeMode><coordinates>19.13240997120738,-33.584321960806847,378.42000000000002</coordinates></Point></Placemark><Placemark><TimeSpan><begin>2020-03-03T11:45:26Z</begin><end>2020-03-03T11:45:27Z</end></TimeSpan><styleUrl>#point</styleUrl><Point><altitudeMode>clampToGround</altitudeMode><coordinates>19.132276028394699,-33.584306035190821,379.86000000000001</coordinates></Point></Placemark><Placemark><TimeSpan><begin>2020-03-03T11:45:27Z</begin><end>2020-03-03T11:45:28Z</end></TimeSpan><styleUrl>#point</styleUrl><Point><altitudeMode>clampToGround</altitudeMode><coordinates>19.132173014804721,-33.584317015483975,380.33999999999997</coordinates></Point></Placemark><Placemark><TimeSpan><begin>2020-03-03T11:45:28Z</begin><end>2020-03-03T11:45:29Z</end></TimeSpan><styleUrl>#point</styleUrl><Point><altitudeMode>clampToGround</altitudeMode><coordinates>19.132080981507897,-33.584352973848581,381.77999999999997</coordinates></Point></Placemark><Placemark><TimeSpan><begin>2020-03-03T11:45:29Z</begin><end>2020-03-03T11:45:30Z</end></TimeSpan><styleUrl>#point</styleUrl><Point><altitudeMode>clampToGround</altitudeMode><coordinates>19.132007975131273,-33.584411982446909,382.74000000000001</coordinates></Point></Placemark><Placemark><TimeSpan><begin>2020-03-03T11:45:30Z</begin><end>2020-03-03T11:45:31Z</end></TimeSpan><styleUrl>#point</styleUrl><Point><altitudeMode>clampToGround</altitudeMode><coordinates>19.131955001503229,-33.584490017965436,383.69999999999999</coordinates></Point></Placemark><Placemark><TimeSpan><begin>2020-03-03T11:45:31Z</begin><end>2020-03-03T11:45:32Z</end></TimeSpan><styleUrl>#point</styleUrl><Point><altitudeMode>clampToGround</altitudeMode><coordinates>19.13191300816834,-33.58458599075675,384.66000000000003</coordinates></Point></Placemark><Placemark><TimeSpan><begin>2020-03-03T11:45:32Z</begin><end>2020-03-03T11:45:33Z</end></TimeSpan><styleUrl>#point</styleUrl><Point><altitudeMode>clampToGround</altitudeMode><coordinates>19.131873026490211,-33.584686992689967,385.14999999999998</coordinates></Point></Placemark><Placemark><TimeSpan><begin>2020-03-03T11:45:33Z</begin><end>2020-03-03T11:45:36Z</end></TimeSpan><styleUrl>#point</styleUrl><Point><altitudeMode>clampToGround</altitudeMode><coordinates>19.131746040657163,-33.584977006539702,387.06999999999999</coordinates></Point></Placemark><Placemark><TimeSpan><begin>2020-03-03T11:45:36Z</begin><end>2020-03-03T11:45:37Z</end></TimeSpan><styleUrl>#point</styleUrl><Point><altitudeMode>clampToGround</altitudeMode><coordinates>19.131674040108919,-33.585061999037862,387.55000000000001</coordinates></Point></Placemark><Placemark><TimeSpan><begin>2020-03-03T11:45:37Z</begin><end>2020-03-03T11:45:38Z</end></TimeSpan><styleUrl>#point</styleUrl><Point><altitudeMode>clampToGround</altitudeMode><coordinates>19.131576977670193,-33.585139028728008,388.50999999999999</coordinates></Point></Placemark><Placemark><TimeSpan><begin>2020-03-03T11:45:38Z</begin><end>2020-03-03T11:45:42Z</end></TimeSpan><styleUrl>#point</styleUrl><Point><altitudeMode>clampToGround</altitudeMode><coordinates>19.131153021007776,-33.585435999557376,390.91000000000003</coordinates></Point></Placemark><Placemark><TimeSpan><begin>2020-03-03T11:45:42Z</begin><end>2020-03-03T11:45:43Z</end></TimeSpan><styleUrl>#point</styleUrl><Point><altitudeMode>clampToGround</altitudeMode><coordinates>19.131065011024475,-33.585514035075903,390.91000000000003</coordinates></Point></Placemark><Placemark><TimeSpan><begin>2020-03-03T11:45:43Z</begin><end>2020-03-03T11:45:44Z</end></TimeSpan><styleUrl>#point</styleUrl><Point><altitudeMode>clampToGround</altitudeMode><coordinates>19.130994016304612,-33.585601039230824,391.87</coordinates></Point></Placemark><Placemark><TimeSpan><begin>2020-03-03T11:45:44Z</begin><end>2020-03-03T11:45:45Z</end></TimeSpan><styleUrl>#point</styleUrl><Point><altitudeMode>clampToGround</altitudeMode><coordinates>19.130930984392762,-33.585689971223474,392.36000000000001</coordinates></Point></Placemark><Placemark><TimeSpan><begin>2020-03-03T11:45:45Z</begin><end>2020-03-03T11:45:46Z</end></TimeSpan><styleUrl>#point</styleUrl><Point><altitudeMode>clampToGround</altitudeMode><coordinates>19.130870969966054,-33.585779992863536,393.31999999999999</coordinates></Point></Placemark><Placemark><TimeSpan><begin>2020-03-03T11:45:46Z</begin><end>2020-03-03T11:45:47Z</end></TimeSpan><styleUrl>#point</styleUrl><Point><altitudeMode>clampToGround</altitudeMode><coordinates>19.130806010216475,-33.585865991190076,393.80000000000001</coordinates></Point></Placemark><Placemark><TimeSpan><begin>2020-03-03T11:45:47Z</begin><end>2020-03-03T11:45:48Z</end></TimeSpan><styleUrl>#point</styleUrl><Point><altitudeMode>clampToGround</altitudeMode><coordinates>19.130727974697948,-33.585944026708603,394.75999999999999</coordinates></Point></Placemark><Placemark><TimeSpan><begin>2020-03-03T11:45:48Z</begin><end>2020-03-03T11:45:49Z</end></TimeSpan><styleUrl>#point</styleUrl><Point><altitudeMode>clampToGround</altitudeMode><coordinates>19.13062697276473,-33.586013009771705,395.72000000000003</coordinates></Point></Placemark><Placemark><TimeSpan><begin>2020-03-03T11:45:49Z</begin><end>2020-03-03T11:45:50Z</end></TimeSpan><styleUrl>#point</styleUrl><Point><altitudeMode>clampToGround</altitudeMode><coordinates>19.130519013851881,-33.586077969521284,396.19999999999999</coordinates></Point></Placemark><Placemark><TimeSpan><begin>2020-03-03T11:45:50Z</begin><end>2020-03-03T11:45:51Z</end></TimeSpan><styleUrl>#point</styleUrl><Point><altitudeMode>clampToGround</altitudeMode><coordinates>19.130405019968748,-33.586139995604753,397.16000000000003</coordinates></Point></Placemark><Placemark><TimeSpan><begin>2020-03-03T11:45:51Z</begin><end>2020-03-03T11:45:52Z</end></TimeSpan><styleUrl>#point</styleUrl><Point><altitudeMode>clampToGround</altitudeMode><coordinates>19.130295971408486,-33.586204033344984,397.16000000000003</coordinates></Point></Placemark><Placemark><TimeSpan><begin>2020-03-03T11:45:52Z</begin><end>2020-03-03T11:45:55Z</end></TimeSpan><styleUrl>#point</styleUrl><Point><altitudeMode>clampToGround</altitudeMode><coordinates>19.129987014457583,-33.586407965049148,398.60000000000002</coordinates></Point></Placemark><Placemark><TimeSpan><begin>2020-03-03T11:45:55Z</begin><end>2020-03-03T11:45:56Z</end></TimeSpan><styleUrl>#point</styleUrl><Point><altitudeMode>clampToGround</altitudeMode><coordinates>19.129921970888972,-33.586504021659493,401.00999999999999</coordinates></Point></Placemark><Placemark><TimeSpan><begin>2020-03-03T11:45:56Z</begin><end>2020-03-03T11:45:57Z</end></TimeSpan><styleUrl>#point</styleUrl><Point><altitudeMode>clampToGround</altitudeMode><coordinates>19.129876960068941,-33.58660502359271,401.49000000000001</coordinates></Point></Placemark><Placemark><TimeSpan><begin>2020-03-03T11:45:57Z</begin><end>2020-03-03T11:45:58Z</end></TimeSpan><styleUrl>#point</styleUrl><Point><altitudeMode>clampToGround</altitudeMode><coordinates>19.129853993654251,-33.586717005819082,402.93000000000001</coordinates></Point></Placemark><Placemark><TimeSpan><begin>2020-03-03T11:45:58Z</begin><end>2020-03-03T11:45:59Z</end></TimeSpan><styleUrl>#point</styleUrl><Point><altitudeMode>clampToGround</altitudeMode><coordinates>19.129824992269278,-33.586824964731932,403.41000000000003</coordinates></Point></Placemark><Placemark><TimeSpan><begin>2020-03-03T11:45:59Z</begin><end>2020-03-03T11:46:01Z</end></TimeSpan><styleUrl>#point</styleUrl><Point><altitudeMode>clampToGround</altitudeMode><coordinates>19.129744023084641,-33.587042978033423,404.37</coordinates></Point></Placemark><Placemark><TimeSpan><begin>2020-03-03T11:46:01Z</begin><end>2020-03-03T11:46:02Z</end></TimeSpan><styleUrl>#point</styleUrl><Point><altitudeMode>clampToGround</altitudeMode><coordinates>19.129680991172791,-33.58714297413826,405.32999999999998</coordinates></Point></Placemark><Placemark><TimeSpan><begin>2020-03-03T11:46:02Z</begin><end>2020-03-03T11:46:03Z</end></TimeSpan><styleUrl>#point</styleUrl><Point><altitudeMode>clampToGround</altitudeMode><coordinates>19.129603039473295,-33.587240036576986,405.81</coordinates></Point></Placemark><Placemark><TimeSpan><begin>2020-03-03T11:46:03Z</begin><end>2020-03-03T11:46:06Z</end></TimeSpan><styleUrl>#point</styleUrl><Point><altitudeMode>clampToGround</altitudeMode><coordinates>19.129402963444591,-33.587537007406354,409.18000000000001</coordinates></Point></Placemark><Placemark><TimeSpan><begin>2020-03-03T11:46:06Z</begin><end>2020-03-03T11:46:07Z</end></TimeSpan><styleUrl>#point</styleUrl><Point><altitudeMode>clampToGround</altitudeMode><coordinates>19.12935602478683,-33.587642032653093,409.18000000000001</coordinates></Point></Placemark><Placemark><TimeSpan><begin>2020-03-03T11:46:07Z</begin><end>2020-03-03T11:46:19Z</end></TimeSpan><styleUrl>#point</styleUrl><Point><altitudeMode>clampToGround</altitudeMode><coordinates>19.128841040655971,-33.588767973706126,416.87</coordinates></Point></Placemark><Placemark><TimeSpan><begin>2020-03-03T11:46:19Z</begin><end>2020-03-03T11:46:22Z</end></TimeSpan><styleUrl>#point</styleUrl><Point><altitudeMode>clampToGround</altitudeMode><coordinates>19.128625961020589,-33.588981041684747,417.82999999999998</coordinates></Point></Placemark><Placemark><TimeSpan><begin>2020-03-03T11:46:22Z</begin><end>2020-03-03T11:46:23Z</end></TimeSpan><styleUrl>#point</styleUrl><Point><altitudeMode>clampToGround</altitudeMode><coordinates>19.1285390406847,-33.58903300948441,418.31</coordinates></Point></Placemark><Placemark><TimeSpan><begin>2020-03-03T11:46:23Z</begin><end>2020-03-03T11:46:24Z</end></TimeSpan><styleUrl>#point</styleUrl><Point><altitudeMode>clampToGround</altitudeMode><coordinates>19.128442984074354,-33.589069973677397,418.79000000000002</coordinates></Point></Placemark><Placemark><TimeSpan><begin>2020-03-03T11:46:24Z</begin><end>2020-03-03T11:46:25Z</end></TimeSpan><styleUrl>#point</styleUrl><Point><altitudeMode>clampToGround</altitudeMode><coordinates>19.128337958827615,-33.589094029739499,419.75</coordinates></Point></Placemark><Placemark><TimeSpan><begin>2020-03-03T11:46:25Z</begin><end>2020-03-03T11:46:26Z</end></TimeSpan><styleUrl>#point</styleUrl><Point><altitudeMode>clampToGround</altitudeMode><coordinates>19.128235029056668,-33.589114984497428,420.23000000000002</coordinates></Point></Placemark><Placemark><TimeSpan><begin>2020-03-03T11:46:26Z</begin><end>2020-03-03T11:46:28Z</end></TimeSpan><styleUrl>#point</styleUrl><Point><altitudeMode>clampToGround</altitudeMode><coordinates>19.12802598439157,-33.589221015572548,421.68000000000001</coordinates></Point></Placemark><Placemark><TimeSpan><begin>2020-03-03T11:46:28Z</begin><end>2020-03-03T11:46:36Z</end></TimeSpan><styleUrl>#point</styleUrl><Point><altitudeMode>clampToGround</altitudeMode><coordinates>19.127214029431343,-33.589728036895394,426.95999999999998</coordinates></Point></Placemark><Placemark><TimeSpan><begin>2020-03-03T11:46:36Z</begin><end>2020-03-03T11:46:37Z</end></TimeSpan><styleUrl>#point</styleUrl><Point><altitudeMode>clampToGround</altitudeMode><coordinates>19.127112021669745,-33.589795008301735,427.92000000000002</coordinates></Point></Placemark><Placemark><TimeSpan><begin>2020-03-03T11:46:37Z</begin><end>2020-03-03T11:46:38Z</end></TimeSpan><styleUrl>#point</styleUrl><Point><altitudeMode>clampToGround</altitudeMode><coordinates>19.127019988372922,-33.589866003021598,428.88999999999999</coordinates></Point></Placemark><Placemark><TimeSpan><begin>2020-03-03T11:46:38Z</begin><end>2020-03-03T11:46:44Z</end></TimeSpan><styleUrl>#point</styleUrl><Point><altitudeMode>clampToGround</altitudeMode><coordinates>19.126605000346899,-33.590327007696033,432.25</coordinates></Point></Placemark><Placemark><TimeSpan><begin>2020-03-03T11:46:44Z</begin><end>2020-03-03T11:46:45Z</end></TimeSpan><styleUrl>#point</styleUrl><Point><altitudeMode>clampToGround</altitudeMode><coordinates>19.126567030325532,-33.59040898270905,432.73000000000002</coordinates></Point></Placemark><Placemark><TimeSpan><begin>2020-03-03T11:46:45Z</begin><end>2020-03-03T11:46:46Z</end></TimeSpan><styleUrl>#point</styleUrl><Point><altitudeMode>clampToGround</altitudeMode><coordinates>19.126550015062094,-33.590495986863971,433.20999999999998</coordinates></Point></Placemark><Placemark><TimeSpan><begin>2020-03-03T11:46:46Z</begin><end>2020-03-03T11:46:47Z</end></TimeSpan><styleUrl>#point</styleUrl><Point><altitudeMode>clampToGround</altitudeMode><coordinates>19.126559989526868,-33.590594977140427,434.64999999999998</coordinates></Point></Placemark><Placemark><TimeSpan><begin>2020-03-03T11:46:47Z</begin><end>2020-03-03T11:46:48Z</end></TimeSpan><styleUrl>#point</styleUrl><Point><altitudeMode>clampToGround</altitudeMode><coordinates>19.12658697925508,-33.590690027922392,434.64999999999998</coordinates></Point></Placemark><Placemark><TimeSpan><begin>2020-03-03T11:46:48Z</begin><end>2020-03-03T11:46:49Z</end></TimeSpan><styleUrl>#point</styleUrl><Point><altitudeMode>clampToGround</altitudeMode><coordinates>19.126614974811673,-33.59079203568399,436.10000000000002</coordinates></Point></Placemark><Placemark><TimeSpan><begin>2020-03-03T11:46:49Z</begin><end>2020-03-03T11:46:50Z</end></TimeSpan><styleUrl>#point</styleUrl><Point><altitudeMode>clampToGround</altitudeMode><coordinates>19.126623021438718,-33.590891025960445,436.57999999999998</coordinates></Point></Placemark><Placemark><TimeSpan><begin>2020-03-03T11:46:50Z</begin><end>2020-03-03T11:46:51Z</end></TimeSpan><styleUrl>#point</styleUrl><Point><altitudeMode>clampToGround</altitudeMode><coordinates>19.126605000346899,-33.590989010408521,437.06</coordinates></Point></Placemark><Placemark><TimeSpan><begin>2020-03-03T11:46:51Z</begin><end>2020-03-03T11:46:52Z</end></TimeSpan><styleUrl>#point</styleUrl><Point><altitudeMode>clampToGround</altitudeMode><coordinates>19.126560995355248,-33.591085989028215,437.54000000000002</coordinates></Point></Placemark><Placemark><TimeSpan><begin>2020-03-03T11:46:52Z</begin><end>2020-03-03T11:46:55Z</end></TimeSpan><styleUrl>#point</styleUrl><Point><altitudeMode>clampToGround</altitudeMode><coordinates>19.126439038664103,-33.591412967070937,438.01999999999998</coordinates></Point></Placemark><Placemark><TimeSpan><begin>2020-03-03T11:46:55Z</begin><end>2020-03-03T11:46:56Z</end></TimeSpan><styleUrl>#point</styleUrl><Point><altitudeMode>clampToGround</altitudeMode><coordinates>19.126398973166943,-33.591510029509664,439.45999999999998</coordinates></Point></Placemark><Placemark><TimeSpan><begin>2020-03-03T11:46:56Z</begin><end>2020-03-03T11:46:57Z</end></TimeSpan><styleUrl>#point</styleUrl><Point><altitudeMode>clampToGround</altitudeMode><coordinates>19.126357985660434,-33.591600973159075,439.94</coordinates></Point></Placemark><Placemark><TimeSpan><begin>2020-03-03T11:46:57Z</begin><end>2020-03-03T11:46:58Z</end></TimeSpan><styleUrl>#point</styleUrl><Point><altitudeMode>clampToGround</altitudeMode><coordinates>19.126293025910854,-33.591676997020841,440.42000000000002</coordinates></Point></Placemark><Placemark><TimeSpan><begin>2020-03-03T11:46:58Z</begin><end>2020-03-03T11:46:59Z</end></TimeSpan><styleUrl>#point</styleUrl><Point><altitudeMode>clampToGround</altitudeMode><coordinates>19.126207027584314,-33.591738017275929,440.89999999999998</coordinates></Point></Placemark><Placemark><TimeSpan><begin>2020-03-03T11:46:59Z</begin><end>2020-03-03T11:47:00Z</end></TimeSpan><styleUrl>#point</styleUrl><Point><altitudeMode>clampToGround</altitudeMode><coordinates>19.126103008165956,-33.591779004782438,441.38</coordinates></Point></Placemark><Placemark><TimeSpan><begin>2020-03-03T11:47:00Z</begin><end>2020-03-03T11:47:01Z</end></TimeSpan><styleUrl>#point</styleUrl><Point><altitudeMode>clampToGround</altitudeMode><coordinates>19.12598398514092,-33.59180498868227,441.38</coordinates></Point></Placemark><Placemark><TimeSpan><begin>2020-03-03T11:47:01Z</begin><end>2020-03-03T11:47:02Z</end></TimeSpan><styleUrl>#point</styleUrl><Point><altitudeMode>clampToGround</altitudeMode><coordinates>19.125847024843097,-33.591823009774089,442.33999999999997</coordinates></Point></Placemark><Placemark><TimeSpan><begin>2020-03-03T11:47:02Z</begin><end>2020-03-03T11:47:03Z</end></TimeSpan><styleUrl>#point</styleUrl><Point><altitudeMode>clampToGround</altitudeMode><coordinates>19.1257069632411,-33.591848993673921,442.81999999999999</coordinates></Point></Placemark><Placemark><TimeSpan><begin>2020-03-03T11:47:03Z</begin><end>2020-03-03T11:47:04Z</end></TimeSpan><styleUrl>#point</styleUrl><Point><altitudeMode>clampToGround</altitudeMode><coordinates>19.125570002943277,-33.591889981180429,443.79000000000002</coordinates></Point></Placemark><Placemark><TimeSpan><begin>2020-03-03T11:47:04Z</begin><end>2020-03-03T11:47:05Z</end></TimeSpan><styleUrl>#point</styleUrl><Point><altitudeMode>clampToGround</altitudeMode><coordinates>19.125439999625087,-33.591943960636854,444.26999999999998</coordinates></Point></Placemark><Placemark><TimeSpan><begin>2020-03-03T11:47:05Z</begin><end>2020-03-03T11:47:10Z</end></TimeSpan><styleUrl>#point</styleUrl><Point><altitudeMode>clampToGround</altitudeMode><coordinates>19.124828958883882,-33.592229029163718,445.70999999999998</coordinates></Point></Placemark><Placemark><TimeSpan><begin>2020-03-03T11:47:10Z</begin><end>2020-03-03T11:47:11Z</end></TimeSpan><styleUrl>#point</styleUrl><Point><altitudeMode>clampToGround</altitudeMode><coordinates>19.124686969444156,-33.592259036377072,445.23000000000002</coordinates></Point></Placemark><Placemark><TimeSpan><begin>2020-03-03T11:47:11Z</begin><end>2020-03-03T11:47:12Z</end></TimeSpan><styleUrl>#point</styleUrl><Point><altitudeMode>clampToGround</altitudeMode><coordinates>19.124546991661191,-33.592269010841846,445.23000000000002</coordinates></Point></Placemark><Placemark><TimeSpan><begin>2020-03-03T11:47:12Z</begin><end>2020-03-03T11:47:13Z</end></TimeSpan><styleUrl>#point</styleUrl><Point><altitudeMode>clampToGround</altitudeMode><coordinates>19.124408019706607,-33.592265993356705,445.70999999999998</coordinates></Point></Placemark><Placemark><TimeSpan><begin>2020-03-03T11:47:13Z</begin><end>2020-03-03T11:47:14Z</end></TimeSpan><styleUrl>#point</styleUrl><Point><altitudeMode>clampToGround</altitudeMode><coordinates>19.124276004731655,-33.59225501306355,445.70999999999998</coordinates></Point></Placemark><Placemark><TimeSpan><begin>2020-03-03T11:47:14Z</begin><end>2020-03-03T11:47:16Z</end></TimeSpan><styleUrl>#point</styleUrl><Point><altitudeMode>clampToGround</altitudeMode><coordinates>19.124033013358712,-33.592258030548692,444.75</coordinates></Point></Placemark><Placemark><TimeSpan><begin>2020-03-03T11:47:16Z</begin><end>2020-03-03T11:47:17Z</end></TimeSpan><styleUrl>#point</styleUrl><Point><altitudeMode>clampToGround</altitudeMode><coordinates>19.123926982283592,-33.592296000570059,444.75</coordinates></Point></Placemark><Placemark><TimeSpan><begin>2020-03-03T11:47:17Z</begin><end>2020-03-03T11:47:18Z</end></TimeSpan><styleUrl>#point</styleUrl><Point><altitudeMode>clampToGround</altitudeMode><coordinates>19.12383402697742,-33.592350985854864,444.75</coordinates></Point></Placemark><Placemark><TimeSpan><begin>2020-03-03T11:47:18Z</begin><end>2020-03-03T11:47:19Z</end></TimeSpan><styleUrl>#point</styleUrl><Point><altitudeMode>clampToGround</altitudeMode><coordinates>19.123768983408809,-33.592448970302939,445.23000000000002</coordinates></Point></Placemark><Placemark><TimeSpan><begin>2020-03-03T11:47:19Z</begin><end>2020-03-03T11:47:20Z</end></TimeSpan><styleUrl>#point</styleUrl><Point><altitudeMode>clampToGround</altitudeMode><coordinates>19.123716009780765,-33.592571010813117,445.70999999999998</coordinates></Point></Placemark><Placemark><TimeSpan><begin>2020-03-03T11:47:20Z</begin><end>2020-03-03T11:47:21Z</end></TimeSpan><styleUrl>#point</styleUrl><Point><altitudeMode>clampToGround</altitudeMode><coordinates>19.123668987303972,-33.592697996646166,446.67000000000002</coordinates></Point></Placemark><Placemark><TimeSpan><begin>2020-03-03T11:47:21Z</begin><end>2020-03-03T11:47:23Z</end></TimeSpan><styleUrl>#point</styleUrl><Point><altitudeMode>clampToGround</altitudeMode><coordinates>19.123563040047884,-33.59292296692729,448.11000000000001</coordinates></Point></Placemark><Placemark><TimeSpan><begin>2020-03-03T11:47:23Z</begin><end>2020-03-03T11:47:24Z</end></TimeSpan><styleUrl>#point</styleUrl><Point><altitudeMode>clampToGround</altitudeMode><coordinates>19.123481987044215,-33.593021035194397,448.58999999999997</coordinates></Point></Placemark><Placemark><TimeSpan><begin>2020-03-03T11:47:24Z</begin><end>2020-03-03T11:47:25Z</end></TimeSpan><styleUrl>#point</styleUrl><Point><altitudeMode>clampToGround</altitudeMode><coordinates>19.123386014252901,-33.593116002157331,449.06999999999999</coordinates></Point></Placemark><Placemark><TimeSpan><begin>2020-03-03T11:47:25Z</begin><end>2020-03-03T11:47:33Z</end></TimeSpan><styleUrl>#point</styleUrl><Point><altitudeMode>clampToGround</altitudeMode><coordinates>19.122492000460625,-33.593741962686181,451.95999999999998</coordinates></Point></Placemark><Placemark><TimeSpan><begin>2020-03-03T11:47:33Z</begin><end>2020-03-03T11:47:34Z</end></TimeSpan><styleUrl>#point</styleUrl><Point><altitudeMode>clampToGround</altitudeMode><coordinates>19.122418994084001,-33.593828966841102,451.95999999999998</coordinates></Point></Placemark><Placemark><TimeSpan><begin>2020-03-03T11:47:34Z</begin><end>2020-03-03T11:47:38Z</end></TimeSpan><styleUrl>#point</styleUrl><Point><altitudeMode>clampToGround</altitudeMode><coordinates>19.122098973020911,-33.594115041196346,452.92000000000002</coordinates></Point></Placemark><Placemark><TimeSpan><begin>2020-03-03T11:47:38Z</begin><end>2020-03-03T11:47:39Z</end></TimeSpan><styleUrl>#point</styleUrl><Point><altitudeMode>clampToGround</altitudeMode><coordinates>19.121973998844624,-33.594152005389333,452.92000000000002</coordinates></Point></Placemark><Placemark><TimeSpan><begin>2020-03-03T11:47:39Z</begin><end>2020-03-03T11:47:46Z</end></TimeSpan><styleUrl>#point</styleUrl><Point><altitudeMode>clampToGround</altitudeMode><coordinates>19.121218034997582,-33.594435984268785,454.83999999999997</coordinates></Point></Placemark><Placemark><TimeSpan><begin>2020-03-03T11:47:46Z</begin><end>2020-03-03T11:47:47Z</end></TimeSpan><styleUrl>#point</styleUrl><Point><altitudeMode>clampToGround</altitudeMode><coordinates>19.121152991428971,-33.594477977603674,455.31999999999999</coordinates></Point></Placemark><Placemark><TimeSpan><begin>2020-03-03T11:47:47Z</begin><end>2020-03-03T11:47:48Z</end></TimeSpan><styleUrl>#point</styleUrl><Point><altitudeMode>clampToGround</altitudeMode><coordinates>19.121103035286069,-33.594536986202002,456.27999999999997</coordinates></Point></Placemark><Placemark><TimeSpan><begin>2020-03-03T11:47:48Z</begin><end>2020-03-03T11:47:49Z</end></TimeSpan><styleUrl>#point</styleUrl><Point><altitudeMode>clampToGround</altitudeMode><coordinates>19.121089037507772,-33.594608986750245,456.27999999999997</coordinates></Point></Placemark><Placemark><TimeSpan><begin>2020-03-03T11:47:49Z</begin><end>2020-03-03T11:47:50Z</end></TimeSpan><styleUrl>#point</styleUrl><Point><altitudeMode>clampToGround</altitudeMode><coordinates>19.121115021407604,-33.594689033925533,457.24000000000001</coordinates></Point></Placemark><Placemark><TimeSpan><begin>2020-03-03T11:47:50Z</begin><end>2020-03-03T11:47:51Z</end></TimeSpan><styleUrl>#point</styleUrl><Point><altitudeMode>clampToGround</altitudeMode><coordinates>19.12117000669241,-33.594762962311506,456.75999999999999</coordinates></Point></Placemark><Placemark><TimeSpan><begin>2020-03-03T11:47:51Z</begin><end>2020-03-03T11:47:52Z</end></TimeSpan><styleUrl>#point</styleUrl><Point><altitudeMode>clampToGround</altitudeMode><coordinates>19.121241001412272,-33.594839992001653,457.72000000000003</coordinates></Point></Placemark><Placemark><TimeSpan><begin>2020-03-03T11:47:52Z</begin><end>2020-03-03T11:47:54Z</end></TimeSpan><styleUrl>#point</styleUrl><Point><altitudeMode>clampToGround</altitudeMode><coordinates>19.121337980031967,-33.595002014189959,458.20999999999998</coordinates></Point></Placemark><Placemark><TimeSpan><begin>2020-03-03T11:47:54Z</begin><end>2020-03-03T11:47:55Z</end></TimeSpan><styleUrl>#point</styleUrl><Point><altitudeMode>clampToGround</altitudeMode><coordinates>19.121335968375206,-33.595086000859737,458.69</coordinates></Point></Placemark><Placemark><TimeSpan><begin>2020-03-03T11:47:55Z</begin><end>2020-03-03T11:47:56Z</end></TimeSpan><styleUrl>#point</styleUrl><Point><altitudeMode>clampToGround</altitudeMode><coordinates>19.121304033324122,-33.595170993357897,459.17000000000002</coordinates></Point></Placemark><Placemark><TimeSpan><begin>2020-03-03T11:47:56Z</begin><end>2020-03-03T11:47:57Z</end></TimeSpan><styleUrl>#point</styleUrl><Point><altitudeMode>clampToGround</altitudeMode><coordinates>19.121245024725795,-33.595255985856056,460.13</coordinates></Point></Placemark><Placemark><TimeSpan><begin>2020-03-03T11:47:57Z</begin><end>2020-03-03T11:47:58Z</end></TimeSpan><styleUrl>#point</styleUrl><Point><altitudeMode>clampToGround</altitudeMode><coordinates>19.121182998642325,-33.595342990010977,460.61000000000001</coordinates></Point></Placemark><Placemark><TimeSpan><begin>2020-03-03T11:47:58Z</begin><end>2020-03-03T11:47:59Z</end></TimeSpan><styleUrl>#point</styleUrl><Point><altitudeMode>clampToGround</altitudeMode><coordinates>19.121112003922462,-33.595423959195614,461.08999999999997</coordinates></Point></Placemark><Placemark><TimeSpan><begin>2020-03-03T11:47:59Z</begin><end>2020-03-03T11:48:00Z</end></TimeSpan><styleUrl>#point</styleUrl><Point><altitudeMode>clampToGround</altitudeMode><coordinates>19.121028017252684,-33.595496965572238,462.05000000000001</coordinates></Point></Placemark><Placemark><TimeSpan><begin>2020-03-03T11:48:00Z</begin><end>2020-03-03T11:48:01Z</end></TimeSpan><styleUrl>#point</styleUrl><Point><altitudeMode>clampToGround</altitudeMode><coordinates>19.120943024754524,-33.59556301496923,462.52999999999997</coordinates></Point></Placemark><Placemark><TimeSpan><begin>2020-03-03T11:48:01Z</begin><end>2020-03-03T11:48:02Z</end></TimeSpan><styleUrl>#point</styleUrl><Point><altitudeMode>clampToGround</altitudeMode><coordinates>19.120845962315798,-33.595623029395938,463.00999999999999</coordinates></Point></Placemark><Placemark><TimeSpan><begin>2020-03-03T11:48:02Z</begin><end>2020-03-03T11:48:10Z</end></TimeSpan><styleUrl>#point</styleUrl><Point><altitudeMode>clampToGround</altitudeMode><coordinates>19.120124028995633,-33.596169026568532,469.25999999999999</coordinates></Point></Placemark><Placemark><TimeSpan><begin>2020-03-03T11:48:10Z</begin><end>2020-03-03T11:48:11Z</end></TimeSpan><styleUrl>#point</styleUrl><Point><altitudeMode>clampToGround</altitudeMode><coordinates>19.120071977376938,-33.596255024895072,469.74000000000001</coordinates></Point></Placemark><Placemark><TimeSpan><begin>2020-03-03T11:48:11Z</begin><end>2020-03-03T11:48:14Z</end></TimeSpan><styleUrl>#point</styleUrl><Point><altitudeMode>clampToGround</altitudeMode><coordinates>19.119892017915845,-33.59646700322628,471.66000000000003</coordinates></Point></Placemark><Placemark><TimeSpan><begin>2020-03-03T11:48:14Z</begin><end>2020-03-03T11:48:15Z</end></TimeSpan><styleUrl>#point</styleUrl><Point><altitudeMode>clampToGround</altitudeMode><coordinates>19.119813982397318,-33.596516959369183,472.13999999999999</coordinates></Point></Placemark><Placemark><TimeSpan><begin>2020-03-03T11:48:15Z</begin><end>2020-03-03T11:48:16Z</end></TimeSpan><styleUrl>#point</styleUrl><Point><altitudeMode>clampToGround</altitudeMode><coordinates>19.119728989899158,-33.596559036523104,473.11000000000001</coordinates></Point></Placemark><Placemark><TimeSpan><begin>2020-03-03T11:48:16Z</begin><end>2020-03-03T11:48:19Z</end></TimeSpan><styleUrl>#point</styleUrl><Point><altitudeMode>clampToGround</altitudeMode><coordinates>19.119477029889822,-33.596734972670674,475.50999999999999</coordinates></Point></Placemark><Placemark><TimeSpan><begin>2020-03-03T11:48:19Z</begin><end>2020-03-03T11:48:23Z</end></TimeSpan><styleUrl>#point</styleUrl><Point><altitudeMode>clampToGround</altitudeMode><coordinates>19.119158014655113,-33.597034038975835,477.91000000000003</coordinates></Point></Placemark><Placemark><TimeSpan><begin>2020-03-03T11:48:23Z</begin><end>2020-03-03T11:48:26Z</end></TimeSpan><styleUrl>#point</styleUrl><Point><altitudeMode>clampToGround</altitudeMode><coordinates>19.118903037160635,-33.597235959023237,479.35000000000002</coordinates></Point></Placemark><Placemark><TimeSpan><begin>2020-03-03T11:48:26Z</begin><end>2020-03-03T11:48:27Z</end></TimeSpan><styleUrl>#point</styleUrl><Point><altitudeMode>clampToGround</altitudeMode><coordinates>19.118819972500205,-33.597278036177158,479.83999999999997</coordinates></Point></Placemark><Placemark><TimeSpan><begin>2020-03-03T11:48:27Z</begin><end>2020-03-03T11:48:28Z</end></TimeSpan><styleUrl>#point</styleUrl><Point><altitudeMode>clampToGround</altitudeMode><coordinates>19.118733974173665,-33.597302008420229,480.31999999999999</coordinates></Point></Placemark><Placemark><TimeSpan><begin>2020-03-03T11:48:28Z</begin><end>2020-03-03T11:48:29Z</end></TimeSpan><styleUrl>#point</styleUrl><Point><altitudeMode>clampToGround</altitudeMode><coordinates>19.118625009432435,-33.597307037562132,480.80000000000001</coordinates></Point></Placemark><Placemark><TimeSpan><begin>2020-03-03T11:48:29Z</begin><end>2020-03-03T11:48:30Z</end></TimeSpan><styleUrl>#point</styleUrl><Point><altitudeMode>clampToGround</altitudeMode><coordinates>19.118510009720922,-33.597306031733751,481.27999999999997</coordinates></Point></Placemark><Placemark><TimeSpan><begin>2020-03-03T11:48:30Z</begin><end>2020-03-03T11:48:32Z</end></TimeSpan><styleUrl>#point</styleUrl><Point><altitudeMode>clampToGround</altitudeMode><coordinates>19.118301970884204,-33.597345007583499,482.24000000000001</coordinates></Point></Placemark><Placemark><TimeSpan><begin>2020-03-03T11:48:32Z</begin><end>2020-03-03T11:48:33Z</end></TimeSpan><styleUrl>#point</styleUrl><Point><altitudeMode>clampToGround</altitudeMode><coordinates>19.118210021406412,-33.597394963726401,483.19999999999999</coordinates></Point></Placemark><Placemark><TimeSpan><begin>2020-03-03T11:48:33Z</begin><end>2020-03-03T11:48:34Z</end></TimeSpan><styleUrl>#point</styleUrl><Point><altitudeMode>clampToGround</altitudeMode><coordinates>19.11814103834331,-33.597462018951774,483.68000000000001</coordinates></Point></Placemark><Placemark><TimeSpan><begin>2020-03-03T11:48:34Z</begin><end>2020-03-03T11:48:35Z</end></TimeSpan><styleUrl>#point</styleUrl><Point><altitudeMode>clampToGround</altitudeMode><coordinates>19.118082029744983,-33.597537958994508,484.16000000000003</coordinates></Point></Placemark><Placemark><TimeSpan><begin>2020-03-03T11:48:35Z</begin><end>2020-03-03T11:48:36Z</end></TimeSpan><styleUrl>#point</styleUrl><Point><altitudeMode>clampToGround</altitudeMode><coordinates>19.118025032803416,-33.597624041140079,484.63999999999999</coordinates></Point></Placemark><Placemark><TimeSpan><begin>2020-03-03T11:48:36Z</begin><end>2020-03-03T11:48:38Z</end></TimeSpan><styleUrl>#point</styleUrl><Point><altitudeMode>clampToGround</altitudeMode><coordinates>19.117864016443491,-33.597785979509354,485.60000000000002</coordinates></Point></Placemark><Placemark><TimeSpan><begin>2020-03-03T11:48:38Z</begin><end>2020-03-03T11:48:48Z</end></TimeSpan><styleUrl>#point</styleUrl><Point><altitudeMode>clampToGround</altitudeMode><coordinates>19.116858020424843,-33.598488969728351,492.81</coordinates></Point></Placemark><Placemark><TimeSpan><begin>2020-03-03T11:48:48Z</begin><end>2020-03-03T11:48:50Z</end></TimeSpan><styleUrl>#point</styleUrl><Point><altitudeMode>clampToGround</altitudeMode><coordinates>19.116668002679944,-33.598632970824838,494.25999999999999</coordinates></Point></Placemark><Placemark><TimeSpan><begin>2020-03-03T11:48:50Z</begin><end>2020-03-03T11:48:51Z</end></TimeSpan><styleUrl>#point</styleUrl><Point><altitudeMode>clampToGround</altitudeMode><coordinates>19.116562977433205,-33.598692985251546,495.22000000000003</coordinates></Point></Placemark><Placemark><TimeSpan><begin>2020-03-03T11:48:51Z</begin><end>2020-03-03T11:48:52Z</end></TimeSpan><styleUrl>#point</styleUrl><Point><altitudeMode>clampToGround</altitudeMode><coordinates>19.116454012691975,-33.598744031041861,495.69999999999999</coordinates></Point></Placemark><Placemark><TimeSpan><begin>2020-03-03T11:48:52Z</begin><end>2020-03-03T11:48:53Z</end></TimeSpan><styleUrl>#point</styleUrl><Point><altitudeMode>clampToGround</altitudeMode><coordinates>19.116349993273616,-33.598799016326666,496.66000000000003</coordinates></Point></Placemark><Placemark><TimeSpan><begin>2020-03-03T11:48:53Z</begin><end>2020-03-03T11:48:54Z</end></TimeSpan><styleUrl>#point</styleUrl><Point><altitudeMode>clampToGround</altitudeMode><coordinates>19.116245973855257,-33.598859030753374,497.13999999999999</coordinates></Point></Placemark><Placemark><TimeSpan><begin>2020-03-03T11:48:54Z</begin><end>2020-03-03T11:48:55Z</end></TimeSpan><styleUrl>#point</styleUrl><Point><altitudeMode>clampToGround</altitudeMode><coordinates>19.116171961650252,-33.59893798828125,498.10000000000002</coordinates></Point></Placemark><Placemark><TimeSpan><begin>2020-03-03T11:48:55Z</begin><end>2020-03-03T11:48:56Z</end></TimeSpan><styleUrl>#point</styleUrl><Point><altitudeMode>clampToGround</altitudeMode><coordinates>19.116108007729053,-33.599027004092932,499.06</coordinates></Point></Placemark><Placemark><TimeSpan><begin>2020-03-03T11:48:56Z</begin><end>2020-03-03T11:48:57Z</end></TimeSpan><styleUrl>#point</styleUrl><Point><altitudeMode>clampToGround</altitudeMode><coordinates>19.116046987473965,-33.599118031561375,499.54000000000002</coordinates></Point></Placemark><Placemark><TimeSpan><begin>2020-03-03T11:48:57Z</begin><end>2020-03-03T11:48:58Z</end></TimeSpan><styleUrl>#point</styleUrl><Point><altitudeMode>clampToGround</altitudeMode><coordinates>19.115973981097341,-33.599193971604109,500.01999999999998</coordinates></Point></Placemark><Placemark><TimeSpan><begin>2020-03-03T11:48:58Z</begin><end>2020-03-03T11:48:59Z</end></TimeSpan><styleUrl>#point</styleUrl><Point><altitudeMode>clampToGround</altitudeMode><coordinates>19.115893011912704,-33.599249040707946,500.98000000000002</coordinates></Point></Placemark><Placemark><TimeSpan><begin>2020-03-03T11:48:59Z</begin><end>2020-03-03T11:49:00Z</end></TimeSpan><styleUrl>#point</styleUrl><Point><altitudeMode>clampToGround</altitudeMode><coordinates>19.115803996101022,-33.599291034042835,501.45999999999998</coordinates></Point></Placemark><Placemark><TimeSpan><begin>2020-03-03T11:49:00Z</begin><end>2020-03-03T11:49:01Z</end></TimeSpan><styleUrl>#point</styleUrl><Point><altitudeMode>clampToGround</altitudeMode><coordinates>19.115690002217889,-33.599314000457525,502.43000000000001</coordinates></Point></Placemark><Placemark><TimeSpan><begin>2020-03-03T11:49:01Z</begin><end>2020-03-03T11:49:02Z</end></TimeSpan><styleUrl>#point</styleUrl><Point><altitudeMode>clampToGround</altitudeMode><coordinates>19.115569973364472,-33.599332021549344,502.91000000000003</coordinates></Point></Placemark><Placemark><TimeSpan><begin>2020-03-03T11:49:02Z</begin><end>2020-03-03T11:49:04Z</end></TimeSpan><styleUrl>#point</styleUrl><Point><altitudeMode>clampToGround</altitudeMode><coordinates>19.115334022790194,-33.599384995177388,504.82999999999998</coordinates></Point></Placemark><Placemark><TimeSpan><begin>2020-03-03T11:49:04Z</begin><end>2020-03-03T11:49:05Z</end></TimeSpan><styleUrl>#point</styleUrl><Point><altitudeMode>clampToGround</altitudeMode><coordinates>19.115242995321751,-33.599429000169039,505.31</coordinates></Point></Placemark><Placemark><TimeSpan><begin>2020-03-03T11:49:05Z</begin><end>2020-03-03T11:49:08Z</end></TimeSpan><styleUrl>#point</styleUrl><Point><altitudeMode>clampToGround</altitudeMode><coordinates>19.114981982856989,-33.599533019587398,507.23000000000002</coordinates></Point></Placemark><Placemark><TimeSpan><begin>2020-03-03T11:49:08Z</begin><end>2020-03-03T11:49:09Z</end></TimeSpan><styleUrl>#point</styleUrl><Point><altitudeMode>clampToGround</altitudeMode><coordinates>19.114873018115759,-33.599541988223791,508.19</coordinates></Point></Placemark><Placemark><TimeSpan><begin>2020-03-03T11:49:09Z</begin><end>2020-03-03T11:49:18Z</end></TimeSpan><styleUrl>#point</styleUrl><Point><altitudeMode>clampToGround</altitudeMode><coordinates>19.113652026280761,-33.599679032340646,515.39999999999998</coordinates></Point></Placemark><Placemark><TimeSpan><begin>2020-03-03T11:49:18Z</begin><end>2020-03-03T11:49:19Z</end></TimeSpan><styleUrl>#point</styleUrl><Point><altitudeMode>clampToGround</altitudeMode><coordinates>19.11352202296257,-33.599729994311929,515.88</coordinates></Point></Placemark><Placemark><TimeSpan><begin>2020-03-03T11:49:19Z</begin><end>2020-03-03T11:49:34Z</end></TimeSpan><styleUrl>#point</styleUrl><Point><altitudeMode>clampToGround</altitudeMode><coordinates>19.111750004813075,-33.600615039467812,527.41999999999996</coordinates></Point></Placemark><Placemark><TimeSpan><begin>2020-03-03T11:49:34Z</begin><end>2020-03-03T11:49:35Z</end></TimeSpan><styleUrl>#point</styleUrl><Point><altitudeMode>clampToGround</altitudeMode><coordinates>19.111641962081194,-33.600685028359294,527.41999999999996</coordinates></Point></Placemark><Placemark><TimeSpan><begin>2020-03-03T11:49:35Z</begin><end>2020-03-03T11:49:36Z</end></TimeSpan><styleUrl>#point</styleUrl><Point><altitudeMode>clampToGround</altitudeMode><coordinates>19.111554035916924,-33.600762980058789,528.38</coordinates></Point></Placemark><Placemark><TimeSpan><begin>2020-03-03T11:49:36Z</begin><end>2020-03-03T11:49:37Z</end></TimeSpan><styleUrl>#point</styleUrl><Point><altitudeMode>clampToGround</altitudeMode><coordinates>19.111469965428114,-33.600857025012374,530.29999999999995</coordinates></Point></Placemark><Placemark><TimeSpan><begin>2020-03-03T11:49:37Z</begin><end>2020-03-03T11:49:38Z</end></TimeSpan><styleUrl>#point</styleUrl><Point><altitudeMode>clampToGround</altitudeMode><coordinates>19.111398970708251,-33.600950986146927,530.78999999999996</coordinates></Point></Placemark><Placemark><TimeSpan><begin>2020-03-03T11:49:38Z</begin><end>2020-03-03T11:49:39Z</end></TimeSpan><styleUrl>#point</styleUrl><Point><altitudeMode>clampToGround</altitudeMode><coordinates>19.111345997080207,-33.601061962544918,532.71000000000004</coordinates></Point></Placemark><Placemark><TimeSpan><begin>2020-03-03T11:49:39Z</begin><end>2020-03-03T11:49:40Z</end></TimeSpan><styleUrl>#point</styleUrl><Point><altitudeMode>clampToGround</altitudeMode><coordinates>19.11128900013864,-33.601161036640406,533.66999999999996</coordinates></Point></Placemark><Placemark><TimeSpan><begin>2020-03-03T11:49:40Z</begin><end>2020-03-03T11:49:41Z</end></TimeSpan><styleUrl>#point</styleUrl><Point><altitudeMode>clampToGround</altitudeMode><coordinates>19.111253041774035,-33.601270001381636,534.63</coordinates></Point></Placemark><Placemark><TimeSpan><begin>2020-03-03T11:49:41Z</begin><end>2020-03-03T11:49:42Z</end></TimeSpan><styleUrl>#point</styleUrl><Point><altitudeMode>clampToGround</altitudeMode><coordinates>19.111212976276875,-33.601380977779627,535.59000000000003</coordinates></Point></Placemark><Placemark><TimeSpan><begin>2020-03-03T11:49:42Z</begin><end>2020-03-03T11:49:43Z</end></TimeSpan><styleUrl>#point</styleUrl><Point><altitudeMode>clampToGround</altitudeMode><coordinates>19.111166037619114,-33.601491032168269,536.07000000000005</coordinates></Point></Placemark><Placemark><TimeSpan><begin>2020-03-03T11:49:43Z</begin><end>2020-03-03T11:49:44Z</end></TimeSpan><styleUrl>#point</styleUrl><Point><altitudeMode>clampToGround</altitudeMode><coordinates>19.111105017364025,-33.601594967767596,536.07000000000005</coordinates></Point></Placemark><Placemark><TimeSpan><begin>2020-03-03T11:49:44Z</begin><end>2020-03-03T11:49:45Z</end></TimeSpan><styleUrl>#point</styleUrl><Point><altitudeMode>clampToGround</altitudeMode><coordinates>19.111024970188737,-33.601685995236039,537.02999999999997</coordinates></Point></Placemark><Placemark><TimeSpan><begin>2020-03-03T11:49:45Z</begin><end>2020-03-03T11:49:46Z</end></TimeSpan><styleUrl>#point</styleUrl><Point><altitudeMode>clampToGround</altitudeMode><coordinates>19.110935032367706,-33.601775011047721,537.99000000000001</coordinates></Point></Placemark><Placemark><TimeSpan><begin>2020-03-03T11:49:46Z</begin><end>2020-03-03T11:49:47Z</end></TimeSpan><styleUrl>#point</styleUrl><Point><altitudeMode>clampToGround</altitudeMode><coordinates>19.110823972150683,-33.601847011595964,539.44000000000005</coordinates></Point></Placemark><Placemark><TimeSpan><begin>2020-03-03T11:49:47Z</begin><end>2020-03-03T11:49:48Z</end></TimeSpan><styleUrl>#point</styleUrl><Point><altitudeMode>clampToGround</altitudeMode><coordinates>19.110725987702608,-33.601912977173924,539.91999999999996</coordinates></Point></Placemark><Placemark><TimeSpan><begin>2020-03-03T11:49:48Z</begin><end>2020-03-03T11:49:50Z</end></TimeSpan><styleUrl>#point</styleUrl><Point><altitudeMode>clampToGround</altitudeMode><coordinates>19.110563965514302,-33.60203099437058,540.88</coordinates></Point></Placemark><Placemark><TimeSpan><begin>2020-03-03T11:49:50Z</begin><end>2020-03-03T11:49:51Z</end></TimeSpan><styleUrl>#point</styleUrl><Point><altitudeMode>clampToGround</altitudeMode><coordinates>19.110518032684922,-33.602104000747204,541.36000000000001</coordinates></Point></Placemark><Placemark><TimeSpan><begin>2020-03-03T11:49:51Z</begin><end>2020-03-03T11:49:52Z</end></TimeSpan><styleUrl>#point</styleUrl><Point><altitudeMode>clampToGround</altitudeMode><coordinates>19.110510991886258,-33.602193016558886,541.36000000000001</coordinates></Point></Placemark><Placemark><TimeSpan><begin>2020-03-03T11:49:52Z</begin><end>2020-03-03T11:49:53Z</end></TimeSpan><styleUrl>#point</styleUrl><Point><altitudeMode>clampToGround</altitudeMode><coordinates>19.110530018806458,-33.602293012663722,542.32000000000005</coordinates></Point></Placemark><Placemark><TimeSpan><begin>2020-03-03T11:49:53Z</begin><end>2020-03-03T11:49:54Z</end></TimeSpan><styleUrl>#point</styleUrl><Point><altitudeMode>clampToGround</altitudeMode><coordinates>19.110552985221148,-33.602398037910461,542.32000000000005</coordinates></Point></Placemark><Placemark><TimeSpan><begin>2020-03-03T11:49:54Z</begin><end>2020-03-03T11:49:56Z</end></TimeSpan><styleUrl>#point</styleUrl><Point><altitudeMode>clampToGround</altitudeMode><coordinates>19.110540999099612,-33.602626025676727,543.75999999999999</coordinates></Point></Placemark><Placemark><TimeSpan><begin>2020-03-03T11:49:56Z</begin><end>2020-03-03T11:49:57Z</end></TimeSpan><styleUrl>#point</styleUrl><Point><altitudeMode>clampToGround</altitudeMode><coordinates>19.1104949824512,-33.602737002074718,544.24000000000001</coordinates></Point></Placemark><Placemark><TimeSpan><begin>2020-03-03T11:49:57Z</begin><end>2020-03-03T11:49:58Z</end></TimeSpan><styleUrl>#point</styleUrl><Point><altitudeMode>clampToGround</altitudeMode><coordinates>19.110427005216479,-33.602841021493077,544.72000000000003</coordinates></Point></Placemark><Placemark><TimeSpan><begin>2020-03-03T11:49:58Z</begin><end>2020-03-03T11:49:59Z</end></TimeSpan><styleUrl>#point</styleUrl><Point><altitudeMode>clampToGround</altitudeMode><coordinates>19.110336983576417,-33.602928025647998,545.20000000000005</coordinates></Point></Placemark><Placemark><TimeSpan><begin>2020-03-03T11:49:59Z</begin><end>2020-03-03T11:50:00Z</end></TimeSpan><styleUrl>#point</styleUrl><Point><altitudeMode>clampToGround</altitudeMode><coordinates>19.110230030491948,-33.603001032024622,546.16999999999996</coordinates></Point></Placemark><Placemark><TimeSpan><begin>2020-03-03T11:50:00Z</begin><end>2020-03-03T11:50:01Z</end></TimeSpan><styleUrl>#point</styleUrl><Point><altitudeMode>clampToGround</altitudeMode><coordinates>19.110118970274925,-33.603066997602582,547.13</coordinates></Point></Placemark><Placemark><TimeSpan><begin>2020-03-03T11:50:01Z</begin><end>2020-03-03T11:50:03Z</end></TimeSpan><styleUrl>#point</styleUrl><Point><altitudeMode>clampToGround</altitudeMode><coordinates>19.109933981671929,-33.603227008134127,548.57000000000005</coordinates></Point></Placemark><Placemark><TimeSpan><begin>2020-03-03T11:50:03Z</begin><end>2020-03-03T11:50:04Z</end></TimeSpan><styleUrl>#point</styleUrl><Point><altitudeMode>clampToGround</altitudeMode><coordinates>19.109895005822182,-33.60334200784564,549.04999999999995</coordinates></Point></Placemark><Placemark><TimeSpan><begin>2020-03-03T11:50:04Z</begin><end>2020-03-03T11:50:05Z</end></TimeSpan><styleUrl>#point</styleUrl><Point><altitudeMode>clampToGround</altitudeMode><coordinates>19.109855024144053,-33.603457007557154,550.49000000000001</coordinates></Point></Placemark><Placemark><TimeSpan><begin>2020-03-03T11:50:05Z</begin><end>2020-03-03T11:50:06Z</end></TimeSpan><styleUrl>#point</styleUrl><Point><altitudeMode>clampToGround</altitudeMode><coordinates>19.109833985567093,-33.603583993390203,551.45000000000005</coordinates></Point></Placemark><Placemark><TimeSpan><begin>2020-03-03T11:50:06Z</begin><end>2020-03-03T11:50:07Z</end></TimeSpan><styleUrl>#point</styleUrl><Point><altitudeMode>clampToGround</altitudeMode><coordinates>19.109816970303655,-33.603704022243619,551.92999999999995</coordinates></Point></Placemark><Placemark><TimeSpan><begin>2020-03-03T11:50:07Z</begin><end>2020-03-03T11:50:08Z</end></TimeSpan><styleUrl>#point</styleUrl><Point><altitudeMode>clampToGround</altitudeMode><coordinates>19.109795009717345,-33.603821033611894,552.89999999999998</coordinates></Point></Placemark><Placemark><TimeSpan><begin>2020-03-03T11:50:08Z</begin><end>2020-03-03T11:50:09Z</end></TimeSpan><styleUrl>#point</styleUrl><Point><altitudeMode>clampToGround</altitudeMode><coordinates>19.109757961705327,-33.603929998353124,553.38</coordinates></Point></Placemark><Placemark><TimeSpan><begin>2020-03-03T11:50:09Z</begin><end>2020-03-03T11:50:10Z</end></TimeSpan><styleUrl>#point</styleUrl><Point><altitudeMode>clampToGround</altitudeMode><coordinates>19.109702976420522,-33.604034017771482,553.86000000000001</coordinates></Point></Placemark><Placemark><TimeSpan><begin>2020-03-03T11:50:10Z</begin><end>2020-03-03T11:50:11Z</end></TimeSpan><styleUrl>#point</styleUrl><Point><altitudeMode>clampToGround</altitudeMode><coordinates>19.109629970043898,-33.604133008047938,554.34000000000003</coordinates></Point></Placemark><Placemark><TimeSpan><begin>2020-03-03T11:50:11Z</begin><end>2020-03-03T11:50:12Z</end></TimeSpan><styleUrl>#point</styleUrl><Point><altitudeMode>clampToGround</altitudeMode><coordinates>19.109560986980796,-33.604233004152775,555.29999999999995</coordinates></Point></Placemark><Placemark><TimeSpan><begin>2020-03-03T11:50:12Z</begin><end>2020-03-03T11:50:13Z</end></TimeSpan><styleUrl>#point</styleUrl><Point><altitudeMode>clampToGround</altitudeMode><coordinates>19.109506001695991,-33.604336017742753,555.77999999999997</coordinates></Point></Placemark><Placemark><TimeSpan><begin>2020-03-03T11:50:13Z</begin><end>2020-03-03T11:50:14Z</end></TimeSpan><styleUrl>#point</styleUrl><Point><altitudeMode>clampToGround</altitudeMode><coordinates>19.109478006139398,-33.604440959170461,556.74000000000001</coordinates></Point></Placemark><Placemark><TimeSpan><begin>2020-03-03T11:50:14Z</begin><end>2020-03-03T11:50:15Z</end></TimeSpan><styleUrl>#point</styleUrl><Point><altitudeMode>clampToGround</altitudeMode><coordinates>19.109469037503004,-33.60454497858882,557.22000000000003</coordinates></Point></Placemark><Placemark><TimeSpan><begin>2020-03-03T11:50:15Z</begin><end>2020-03-03T11:50:16Z</end></TimeSpan><styleUrl>#point</styleUrl><Point><altitudeMode>clampToGround</altitudeMode><coordinates>19.109469959512353,-33.604646986350417,557.70000000000005</coordinates></Point></Placemark><Placemark><TimeSpan><begin>2020-03-03T11:50:16Z</begin><end>2020-03-03T11:50:17Z</end></TimeSpan><styleUrl>#point</styleUrl><Point><altitudeMode>clampToGround</altitudeMode><coordinates>19.109485968947411,-33.604751005768776,559.13999999999999</coordinates></Point></Placemark><Placemark><TimeSpan><begin>2020-03-03T11:50:17Z</begin><end>2020-03-03T11:50:18Z</end></TimeSpan><styleUrl>#point</styleUrl><Point><altitudeMode>clampToGround</altitudeMode><coordinates>19.109528968110681,-33.604855025187135,560.11000000000001</coordinates></Point></Placemark><Placemark><TimeSpan><begin>2020-03-03T11:50:18Z</begin><end>2020-03-03T11:50:19Z</end></TimeSpan><styleUrl>#point</styleUrl><Point><altitudeMode>clampToGround</altitudeMode><coordinates>19.109583031386137,-33.604956027120352,560.59000000000003</coordinates></Point></Placemark><Placemark><TimeSpan><begin>2020-03-03T11:50:19Z</begin><end>2020-03-03T11:50:21Z</end></TimeSpan><styleUrl>#point</styleUrl><Point><altitudeMode>clampToGround</altitudeMode><coordinates>19.109670035541058,-33.605172028765082,562.02999999999997</coordinates></Point></Placemark><Placemark><TimeSpan><begin>2020-03-03T11:50:21Z</begin><end>2020-03-03T11:50:22Z</end></TimeSpan><styleUrl>#point</styleUrl><Point><altitudeMode>clampToGround</altitudeMode><coordinates>19.109689984470606,-33.605289040133357,562.99000000000001</coordinates></Point></Placemark><Placemark><TimeSpan><begin>2020-03-03T11:50:22Z</begin><end>2020-03-03T11:50:23Z</end></TimeSpan><styleUrl>#point</styleUrl><Point><altitudeMode>clampToGround</altitudeMode><coordinates>19.109708005562425,-33.605412002652884,562.99000000000001</coordinates></Point></Placemark><Placemark><TimeSpan><begin>2020-03-03T11:50:23Z</begin><end>2020-03-03T11:50:31Z</end></TimeSpan><styleUrl>#point</styleUrl><Point><altitudeMode>clampToGround</altitudeMode><coordinates>19.109814036637545,-33.606366030871868,567.32000000000005</coordinates></Point></Placemark><Placemark><TimeSpan><begin>2020-03-03T11:50:31Z</begin><end>2020-03-03T11:50:32Z</end></TimeSpan><styleUrl>#point</styleUrl><Point><altitudeMode>clampToGround</altitudeMode><coordinates>19.109806995838881,-33.606476001441479,568.27999999999997</coordinates></Point></Placemark><Placemark><TimeSpan><begin>2020-03-03T11:50:32Z</begin><end>2020-03-03T11:50:33Z</end></TimeSpan><styleUrl>#point</styleUrl><Point><altitudeMode>clampToGround</altitudeMode><coordinates>19.109784029424191,-33.606584966182709,568.75999999999999</coordinates></Point></Placemark><Placemark><TimeSpan><begin>2020-03-03T11:50:33Z</begin><end>2020-03-03T11:50:34Z</end></TimeSpan><styleUrl>#point</styleUrl><Point><altitudeMode>clampToGround</altitudeMode><coordinates>19.109748993068933,-33.606686973944306,569.24000000000001</coordinates></Point></Placemark><Placemark><TimeSpan><begin>2020-03-03T11:50:34Z</begin><end>2020-03-03T11:50:35Z</end></TimeSpan><styleUrl>#point</styleUrl><Point><altitudeMode>clampToGround</altitudeMode><coordinates>19.109717980027199,-33.606789987534285,569.72000000000003</coordinates></Point></Placemark><Placemark><TimeSpan><begin>2020-03-03T11:50:35Z</begin><end>2020-03-03T11:50:37Z</end></TimeSpan><styleUrl>#point</styleUrl><Point><altitudeMode>clampToGround</altitudeMode><coordinates>19.109714962542057,-33.607006995007396,569.72000000000003</coordinates></Point></Placemark><Placemark><TimeSpan><begin>2020-03-03T11:50:37Z</begin><end>2020-03-03T11:50:38Z</end></TimeSpan><styleUrl>#point</styleUrl><Point><altitudeMode>clampToGround</altitudeMode><coordinates>19.109739018604159,-33.607116965577006,569.72000000000003</coordinates></Point></Placemark><Placemark><TimeSpan><begin>2020-03-03T11:50:38Z</begin><end>2020-03-03T11:50:47Z</end></TimeSpan><styleUrl>#point</styleUrl><Point><altitudeMode>clampToGround</altitudeMode><coordinates>19.109830968081951,-33.608122039586306,572.60000000000002</coordinates></Point></Placemark><Placemark><TimeSpan><begin>2020-03-03T11:50:47Z</begin><end>2020-03-03T11:50:48Z</end></TimeSpan><styleUrl>#point</styleUrl><Point><altitudeMode>clampToGround</altitudeMode><coordinates>19.109847983345389,-33.608237961307168,573.08000000000004</coordinates></Point></Placemark><Placemark><TimeSpan><begin>2020-03-03T11:50:48Z</begin><end>2020-03-03T11:50:49Z</end></TimeSpan><styleUrl>#point</styleUrl><Point><altitudeMode>clampToGround</altitudeMode><coordinates>19.109880002215505,-33.608350027352571,573.55999999999995</coordinates></Point></Placemark><Placemark><TimeSpan><begin>2020-03-03T11:50:49Z</begin><end>2020-03-03T11:50:50Z</end></TimeSpan><styleUrl>#point</styleUrl><Point><altitudeMode>clampToGround</altitudeMode><coordinates>19.109929958358407,-33.608459997922182,574.03999999999996</coordinates></Point></Placemark><Placemark><TimeSpan><begin>2020-03-03T11:50:50Z</begin><end>2020-03-03T11:50:51Z</end></TimeSpan><styleUrl>#point</styleUrl><Point><altitudeMode>clampToGround</altitudeMode><coordinates>19.109984021633863,-33.608566028997302,574.52999999999997</coordinates></Point></Placemark><Placemark><TimeSpan><begin>2020-03-03T11:50:51Z</begin><end>2020-03-03T11:50:53Z</end></TimeSpan><styleUrl>#point</styleUrl><Point><altitudeMode>clampToGround</altitudeMode><coordinates>19.110079994425178,-33.608780018985271,575.49000000000001</coordinates></Point></Placemark><Placemark><TimeSpan><begin>2020-03-03T11:50:53Z</begin><end>2020-03-03T11:50:54Z</end></TimeSpan><styleUrl>#point</styleUrl><Point><altitudeMode>clampToGround</altitudeMode><coordinates>19.110102960839868,-33.608898036181927,575.97000000000003</coordinates></Point></Placemark><Placemark><TimeSpan><begin>2020-03-03T11:50:54Z</begin><end>2020-03-03T11:51:03Z</end></TimeSpan><styleUrl>#point</styleUrl><Point><altitudeMode>clampToGround</altitudeMode><coordinates>19.110349975526333,-33.61002397723496,580.76999999999998</coordinates></Point></Placemark><Placemark><TimeSpan><begin>2020-03-03T11:51:03Z</begin><end>2020-03-03T11:51:04Z</end></TimeSpan><styleUrl>#point</styleUrl><Point><altitudeMode>clampToGround</altitudeMode><coordinates>19.110381994396448,-33.610135037451982,581.73000000000002</coordinates></Point></Placemark><Placemark><TimeSpan><begin>2020-03-03T11:51:04Z</begin><end>2020-03-03T11:51:05Z</end></TimeSpan><styleUrl>#point</styleUrl><Point><altitudeMode>clampToGround</altitudeMode><coordinates>19.110387023538351,-33.6102360393852,582.22000000000003</coordinates></Point></Placemark><Placemark><TimeSpan><begin>2020-03-03T11:51:05Z</begin><end>2020-03-03T11:51:06Z</end></TimeSpan><styleUrl>#point</styleUrl><Point><altitudeMode>clampToGround</altitudeMode><coordinates>19.110371014103293,-33.610339974984527,582.70000000000005</coordinates></Point></Placemark><Placemark><TimeSpan><begin>2020-03-03T11:51:06Z</begin><end>2020-03-03T11:51:07Z</end></TimeSpan><styleUrl>#point</styleUrl><Point><altitudeMode>clampToGround</altitudeMode><coordinates>19.110318962484598,-33.610436031594872,583.17999999999995</coordinates></Point></Placemark><Placemark><TimeSpan><begin>2020-03-03T11:51:07Z</begin><end>2020-03-03T11:51:08Z</end></TimeSpan><styleUrl>#point</styleUrl><Point><altitudeMode>clampToGround</altitudeMode><coordinates>19.110246961936355,-33.61051800660789,584.13999999999999</coordinates></Point></Placemark><Placemark><TimeSpan><begin>2020-03-03T11:51:08Z</begin><end>2020-03-03T11:51:09Z</end></TimeSpan><styleUrl>#point</styleUrl><Point><altitudeMode>clampToGround</altitudeMode><coordinates>19.110141014680266,-33.610579026862979,584.62</coordinates></Point></Placemark><Placemark><TimeSpan><begin>2020-03-03T11:51:09Z</begin><end>2020-03-03T11:51:10Z</end></TimeSpan><styleUrl>#point</styleUrl><Point><altitudeMode>clampToGround</altitudeMode><coordinates>19.110015034675598,-33.610616996884346,585.58000000000004</coordinates></Point></Placemark><Placemark><TimeSpan><begin>2020-03-03T11:51:10Z</begin><end>2020-03-03T11:51:11Z</end></TimeSpan><styleUrl>#point</styleUrl><Point><altitudeMode>clampToGround</altitudeMode><coordinates>19.109864998608828,-33.610638035461307,586.05999999999995</coordinates></Point></Placemark><Placemark><TimeSpan><begin>2020-03-03T11:51:11Z</begin><end>2020-03-03T11:51:12Z</end></TimeSpan><styleUrl>#point</styleUrl><Point><altitudeMode>clampToGround</altitudeMode><coordinates>19.109709011390805,-33.610664019361138,586.53999999999996</coordinates></Point></Placemark><Placemark><TimeSpan><begin>2020-03-03T11:51:12Z</begin><end>2020-03-03T11:51:22Z</end></TimeSpan><styleUrl>#point</styleUrl><Point><altitudeMode>clampToGround</altitudeMode><coordinates>19.108037995174527,-33.611065009608865,589.90999999999997</coordinates></Point></Placemark><Placemark><TimeSpan><begin>2020-03-03T11:51:22Z</begin><end>2020-03-03T11:51:31Z</end></TimeSpan><styleUrl>#point</styleUrl><Point><altitudeMode>clampToGround</altitudeMode><coordinates>19.10656001418829,-33.611558033153415,591.35000000000002</coordinates></Point></Placemark><Placemark><TimeSpan><begin>2020-03-03T11:51:31Z</begin><end>2020-03-03T11:51:39Z</end></TimeSpan><styleUrl>#point</styleUrl><Point><altitudeMode>clampToGround</altitudeMode><coordinates>19.105151016265154,-33.611636990681291,594.23000000000002</coordinates></Point></Placemark><Placemark><TimeSpan><begin>2020-03-03T11:51:39Z</begin><end>2020-03-03T11:51:44Z</end></TimeSpan><styleUrl>#point</styleUrl><Point><altitudeMode>clampToGround</altitudeMode><coordinates>19.104345012456179,-33.611644031479955,594.71000000000004</coordinates></Point></Placemark><Placemark><TimeSpan><begin>2020-03-03T11:51:44Z</begin><end>2020-03-03T11:51:45Z</end></TimeSpan><styleUrl>#point</styleUrl><Point><altitudeMode>clampToGround</altitudeMode><coordinates>19.104230012744665,-33.611683007329702,594.23000000000002</coordinates></Point></Placemark><Placemark><TimeSpan><begin>2020-03-03T11:51:45Z</begin><end>2020-03-03T11:51:46Z</end></TimeSpan><styleUrl>#point</styleUrl><Point><altitudeMode>clampToGround</altitudeMode><coordinates>19.104142002761364,-33.611749978736043,594.71000000000004</coordinates></Point></Placemark><Placemark><TimeSpan><begin>2020-03-03T11:51:46Z</begin><end>2020-03-03T11:51:47Z</end></TimeSpan><styleUrl>#point</styleUrl><Point><altitudeMode>clampToGround</altitudeMode><coordinates>19.10406899638474,-33.611837988719344,594.23000000000002</coordinates></Point></Placemark><Placemark><TimeSpan><begin>2020-03-03T11:51:47Z</begin><end>2020-03-03T11:51:48Z</end></TimeSpan><styleUrl>#point</styleUrl><Point><altitudeMode>clampToGround</altitudeMode><coordinates>19.103990960866213,-33.611927004531026,594.23000000000002</coordinates></Point></Placemark><Placemark><TimeSpan><begin>2020-03-03T11:51:48Z</begin><end>2020-03-03T11:51:49Z</end></TimeSpan><styleUrl>#point</styleUrl><Point><altitudeMode>clampToGround</altitudeMode><coordinates>19.103885013610125,-33.612005962058902,595.19000000000005</coordinates></Point></Placemark><Placemark><TimeSpan><begin>2020-03-03T11:51:49Z</begin><end>2020-03-03T11:51:50Z</end></TimeSpan><styleUrl>#point</styleUrl><Point><altitudeMode>clampToGround</altitudeMode><coordinates>19.103760961443186,-33.612067988142371,595.19000000000005</coordinates></Point></Placemark><Placemark><TimeSpan><begin>2020-03-03T11:51:50Z</begin><end>2020-03-03T11:51:53Z</end></TimeSpan><styleUrl>#point</styleUrl><Point><altitudeMode>clampToGround</altitudeMode><coordinates>19.10336097702384,-33.612240990623832,595.19000000000005</coordinates></Point></Placemark><Placemark><TimeSpan><begin>2020-03-03T11:51:53Z</begin><end>2020-03-03T11:51:54Z</end></TimeSpan><styleUrl>#point</styleUrl><Point><altitudeMode>clampToGround</altitudeMode><coordinates>19.103261986747384,-33.612321959808469,594.71000000000004</coordinates></Point></Placemark><Placemark><TimeSpan><begin>2020-03-03T11:51:54Z</begin><end>2020-03-03T11:51:55Z</end></TimeSpan><styleUrl>#point</styleUrl><Point><altitudeMode>clampToGround</altitudeMode><coordinates>19.103176994249225,-33.612420028075576,594.23000000000002</coordinates></Point></Placemark><Placemark><TimeSpan><begin>2020-03-03T11:51:55Z</begin><end>2020-03-03T11:51:56Z</end></TimeSpan><styleUrl>#point</styleUrl><Point><altitudeMode>clampToGround</altitudeMode><coordinates>19.103096025064588,-33.612531004473567,594.23000000000002</coordinates></Point></Placemark><Placemark><TimeSpan><begin>2020-03-03T11:51:56Z</begin><end>2020-03-03T11:51:57Z</end></TimeSpan><styleUrl>#point</styleUrl><Point><altitudeMode>clampToGround</altitudeMode><coordinates>19.10301698371768,-33.612651033326983,594.23000000000002</coordinates></Point></Placemark><Placemark><TimeSpan><begin>2020-03-03T11:51:57Z</begin><end>2020-03-03T11:52:01Z</end></TimeSpan><styleUrl>#point</styleUrl><Point><altitudeMode>clampToGround</altitudeMode><coordinates>19.102590009570122,-33.61311798915267,594.23000000000002</coordinates></Point></Placemark><Placemark><TimeSpan><begin>2020-03-03T11:52:01Z</begin><end>2020-03-03T11:52:04Z</end></TimeSpan><styleUrl>#point</styleUrl><Point><altitudeMode>clampToGround</altitudeMode><coordinates>19.102216009050608,-33.613432981073856,594.23000000000002</coordinates></Point></Placemark><Placemark><TimeSpan><begin>2020-03-03T11:52:04Z</begin><end>2020-03-03T11:52:05Z</end></TimeSpan><styleUrl>#point</styleUrl><Point><altitudeMode>clampToGround</altitudeMode><coordinates>19.102123975753784,-33.613552004098892,593.75</coordinates></Point></Placemark><Placemark><TimeSpan><begin>2020-03-03T11:52:05Z</begin><end>2020-03-03T11:52:08Z</end></TimeSpan><styleUrl>#point</styleUrl><Point><altitudeMode>clampToGround</altitudeMode><coordinates>19.101855000481009,-33.613889962434769,593.75</coordinates></Point></Placemark><Placemark><TimeSpan><begin>2020-03-03T11:52:08Z</begin><end>2020-03-03T11:52:09Z</end></TimeSpan><styleUrl>#point</styleUrl><Point><altitudeMode>clampToGround</altitudeMode><coordinates>19.101758021861315,-33.613980989903212,593.75</coordinates></Point></Placemark><Placemark><TimeSpan><begin>2020-03-03T11:52:09Z</begin><end>2020-03-03T11:52:10Z</end></TimeSpan><styleUrl>#point</styleUrl><Point><altitudeMode>clampToGround</altitudeMode><coordinates>19.101652996614575,-33.614060031250119,594.23000000000002</coordinates></Point></Placemark><Placemark><TimeSpan><begin>2020-03-03T11:52:10Z</begin><end>2020-03-03T11:52:13Z</end></TimeSpan><styleUrl>#point</styleUrl><Point><altitudeMode>clampToGround</altitudeMode><coordinates>19.101386032998562,-33.614302016794682,592.78999999999996</coordinates></Point></Placemark><Placemark><TimeSpan><begin>2020-03-03T11:52:13Z</begin><end>2020-03-03T11:52:14Z</end></TimeSpan><styleUrl>#point</styleUrl><Point><altitudeMode>clampToGround</altitudeMode><coordinates>19.101329036056995,-33.614394972100854,592.78999999999996</coordinates></Point></Placemark><Placemark><TimeSpan><begin>2020-03-03T11:52:14Z</begin><end>2020-03-03T11:52:15Z</end></TimeSpan><styleUrl>#point</styleUrl><Point><altitudeMode>clampToGround</altitudeMode><coordinates>19.101301962509751,-33.614496979862452,592.78999999999996</coordinates></Point></Placemark><Placemark><TimeSpan><begin>2020-03-03T11:52:15Z</begin><end>2020-03-03T11:52:16Z</end></TimeSpan><styleUrl>#point</styleUrl><Point><altitudeMode>clampToGround</altitudeMode><coordinates>19.101295005530119,-33.614605022594333,592.78999999999996</coordinates></Point></Placemark><Placemark><TimeSpan><begin>2020-03-03T11:52:16Z</begin><end>2020-03-03T11:52:17Z</end></TimeSpan><styleUrl>#point</styleUrl><Point><altitudeMode>clampToGround</altitudeMode><coordinates>19.101309003308415,-33.614718010649085,592.78999999999996</coordinates></Point></Placemark><Placemark><TimeSpan><begin>2020-03-03T11:52:17Z</begin><end>2020-03-03T11:52:18Z</end></TimeSpan><styleUrl>#point</styleUrl><Point><altitudeMode>clampToGround</altitudeMode><coordinates>19.101332975551486,-33.614833010360599,592.30999999999995</coordinates></Point></Placemark><Placemark><TimeSpan><begin>2020-03-03T11:52:18Z</begin><end>2020-03-03T11:52:19Z</end></TimeSpan><styleUrl>#point</styleUrl><Point><altitudeMode>clampToGround</altitudeMode><coordinates>19.101366000249982,-33.614950021728873,591.83000000000004</coordinates></Point></Placemark><Placemark><TimeSpan><begin>2020-03-03T11:52:19Z</begin><end>2020-03-03T11:52:21Z</end></TimeSpan><styleUrl>#point</styleUrl><Point><altitudeMode>clampToGround</altitudeMode><coordinates>19.101408999413252,-33.615184966474771,591.35000000000002</coordinates></Point></Placemark><Placemark><TimeSpan><begin>2020-03-03T11:52:21Z</begin><end>2020-03-03T11:52:22Z</end></TimeSpan><styleUrl>#point</styleUrl><Point><altitudeMode>clampToGround</altitudeMode><coordinates>19.101411011070013,-33.615295020863414,590.87</coordinates></Point></Placemark><Placemark><TimeSpan><begin>2020-03-03T11:52:22Z</begin><end>2020-03-03T11:52:23Z</end></TimeSpan><styleUrl>#point</styleUrl><Point><altitudeMode>clampToGround</altitudeMode><coordinates>19.101401036605239,-33.615409014746547,590.38999999999999</coordinates></Point></Placemark><Placemark><TimeSpan><begin>2020-03-03T11:52:23Z</begin><end>2020-03-03T11:52:24Z</end></TimeSpan><styleUrl>#point</styleUrl><Point><altitudeMode>clampToGround</altitudeMode><coordinates>19.101376980543137,-33.615518985316157,589.90999999999997</coordinates></Point></Placemark><Placemark><TimeSpan><begin>2020-03-03T11:52:24Z</begin><end>2020-03-03T11:52:25Z</end></TimeSpan><styleUrl>#point</styleUrl><Point><altitudeMode>clampToGround</altitudeMode><coordinates>19.101328030228615,-33.615626022219658,589.42999999999995</coordinates></Point></Placemark><Placemark><TimeSpan><begin>2020-03-03T11:52:25Z</begin><end>2020-03-03T11:52:26Z</end></TimeSpan><styleUrl>#point</styleUrl><Point><altitudeMode>clampToGround</altitudeMode><coordinates>19.101256029680371,-33.615728029981256,588.95000000000005</coordinates></Point></Placemark><Placemark><TimeSpan><begin>2020-03-03T11:52:26Z</begin><end>2020-03-03T11:52:27Z</end></TimeSpan><styleUrl>#point</styleUrl><Point><altitudeMode>clampToGround</altitudeMode><coordinates>19.101170031353831,-33.615826014429331,588.46000000000004</coordinates></Point></Placemark><Placemark><TimeSpan><begin>2020-03-03T11:52:27Z</begin><end>2020-03-03T11:52:28Z</end></TimeSpan><styleUrl>#point</styleUrl><Point><altitudeMode>clampToGround</altitudeMode><coordinates>19.101071041077375,-33.615920981392264,588.46000000000004</coordinates></Point></Placemark><Placemark><TimeSpan><begin>2020-03-03T11:52:28Z</begin><end>2020-03-03T11:52:29Z</end></TimeSpan><styleUrl>#point</styleUrl><Point><altitudeMode>clampToGround</altitudeMode><coordinates>19.100966015830636,-33.616014020517468,587.5</coordinates></Point></Placemark><Placemark><TimeSpan><begin>2020-03-03T11:52:29Z</begin><end>2020-03-03T11:52:30Z</end></TimeSpan><styleUrl>#point</styleUrl><Point><altitudeMode>clampToGround</altitudeMode><coordinates>19.100853027775884,-33.61610303632915,587.5</coordinates></Point></Placemark><Placemark><TimeSpan><begin>2020-03-03T11:52:30Z</begin><end>2020-03-03T11:52:31Z</end></TimeSpan><styleUrl>#point</styleUrl><Point><altitudeMode>clampToGround</altitudeMode><coordinates>19.100731993094087,-33.61618802882731,587.01999999999998</coordinates></Point></Placemark><Placemark><TimeSpan><begin>2020-03-03T11:52:31Z</begin><end>2020-03-03T11:52:32Z</end></TimeSpan><styleUrl>#point</styleUrl><Point><altitudeMode>clampToGround</altitudeMode><coordinates>19.100605007261038,-33.616270003840327,586.53999999999996</coordinates></Point></Placemark><Placemark><TimeSpan><begin>2020-03-03T11:52:32Z</begin><end>2020-03-03T11:52:35Z</end></TimeSpan><styleUrl>#point</styleUrl><Point><altitudeMode>clampToGround</altitudeMode><coordinates>19.100231006741524,-33.616510983556509,584.62</coordinates></Point></Placemark><Placemark><TimeSpan><begin>2020-03-03T11:52:35Z</begin><end>2020-03-03T11:52:36Z</end></TimeSpan><styleUrl>#point</styleUrl><Point><altitudeMode>clampToGround</altitudeMode><coordinates>19.1001389734447,-33.616607040166855,583.65999999999997</coordinates></Point></Placemark><Placemark><TimeSpan><begin>2020-03-03T11:52:36Z</begin><end>2020-03-03T11:52:37Z</end></TimeSpan><styleUrl>#point</styleUrl><Point><altitudeMode>clampToGround</altitudeMode><coordinates>19.10005004145205,-33.61670795828104,583.65999999999997</coordinates></Point></Placemark><Placemark><TimeSpan><begin>2020-03-03T11:52:37Z</begin><end>2020-03-03T11:52:38Z</end></TimeSpan><styleUrl>#point</styleUrl><Point><altitudeMode>clampToGround</altitudeMode><coordinates>19.099991032853723,-33.616823963820934,582.70000000000005</coordinates></Point></Placemark><Placemark><TimeSpan><begin>2020-03-03T11:52:38Z</begin><end>2020-03-03T11:52:39Z</end></TimeSpan><styleUrl>#point</styleUrl><Point><altitudeMode>clampToGround</altitudeMode><coordinates>19.099945016205311,-33.616946004331112,582.70000000000005</coordinates></Point></Placemark><Placemark><TimeSpan><begin>2020-03-03T11:52:39Z</begin><end>2020-03-03T11:52:40Z</end></TimeSpan><styleUrl>#point</styleUrl><Point><altitudeMode>clampToGround</altitudeMode><coordinates>19.099904028698802,-33.617076007649302,582.70000000000005</coordinates></Point></Placemark><Placemark><TimeSpan><begin>2020-03-03T11:52:40Z</begin><end>2020-03-03T11:52:41Z</end></TimeSpan><styleUrl>#point</styleUrl><Point><altitudeMode>clampToGround</altitudeMode><coordinates>19.099869998171926,-33.617213973775506,582.70000000000005</coordinates></Point></Placemark><Placemark><TimeSpan><begin>2020-03-03T11:52:41Z</begin><end>2020-03-03T11:52:53Z</end></TimeSpan><styleUrl>#point</styleUrl><Point><altitudeMode>clampToGround</altitudeMode><coordinates>19.099444029852748,-33.618867974728346,586.05999999999995</coordinates></Point></Placemark><Placemark><TimeSpan><begin>2020-03-03T11:52:53Z</begin><end>2020-03-03T11:52:54Z</end></TimeSpan><styleUrl>#point</styleUrl><Point><altitudeMode>clampToGround</altitudeMode><coordinates>19.099388960748911,-33.618976017460227,586.53999999999996</coordinates></Point></Placemark><Placemark><TimeSpan><begin>2020-03-03T11:52:54Z</begin><end>2020-03-03T11:52:55Z</end></TimeSpan><styleUrl>#point</styleUrl><Point><altitudeMode>clampToGround</altitudeMode><coordinates>19.099308997392654,-33.619068972766399,587.5</coordinates></Point></Placemark><Placemark><TimeSpan><begin>2020-03-03T11:52:55Z</begin><end>2020-03-03T11:52:56Z</end></TimeSpan><styleUrl>#point</styleUrl><Point><altitudeMode>clampToGround</altitudeMode><coordinates>19.099217969924212,-33.619150025770068,587.98000000000002</coordinates></Point></Placemark><Placemark><TimeSpan><begin>2020-03-03T11:52:56Z</begin><end>2020-03-03T11:52:57Z</end></TimeSpan><styleUrl>#point</styleUrl><Point><altitudeMode>clampToGround</altitudeMode><coordinates>19.099110011011362,-33.619218003004789,587.98000000000002</coordinates></Point></Placemark><Placemark><TimeSpan><begin>2020-03-03T11:52:57Z</begin><end>2020-03-03T11:52:58Z</end></TimeSpan><styleUrl>#point</styleUrl><Point><altitudeMode>clampToGround</altitudeMode><coordinates>19.099000040441751,-33.619280029088259,588.46000000000004</coordinates></Point></Placemark><Placemark><TimeSpan><begin>2020-03-03T11:52:58Z</begin><end>2020-03-03T11:53:05Z</end></TimeSpan><styleUrl>#point</styleUrl><Point><altitudeMode>clampToGround</altitudeMode><coordinates>19.098238041624427,-33.619711026549339,589.42999999999995</coordinates></Point></Placemark><Placemark><TimeSpan><begin>2020-03-03T11:53:05Z</begin><end>2020-03-03T11:53:06Z</end></TimeSpan><styleUrl>#point</styleUrl><Point><altitudeMode>clampToGround</altitudeMode><coordinates>19.098152965307236,-33.619793001562357,589.42999999999995</coordinates></Point></Placemark><Placemark><TimeSpan><begin>2020-03-03T11:53:06Z</begin><end>2020-03-03T11:53:07Z</end></TimeSpan><styleUrl>#point</styleUrl><Point><altitudeMode>clampToGround</altitudeMode><coordinates>19.098080964758992,-33.619886040687561,589.42999999999995</coordinates></Point></Placemark><Placemark><TimeSpan><begin>2020-03-03T11:53:07Z</begin><end>2020-03-03T11:53:11Z</end></TimeSpan><styleUrl>#point</styleUrl><Point><altitudeMode>clampToGround</altitudeMode><coordinates>19.097864963114262,-33.620297005400062,590.38999999999999</coordinates></Point></Placemark><Placemark><TimeSpan><begin>2020-03-03T11:53:11Z</begin><end>2020-03-03T11:53:12Z</end></TimeSpan><styleUrl>#point</styleUrl><Point><altitudeMode>clampToGround</altitudeMode><coordinates>19.09783998504281,-33.620408987626433,590.87</coordinates></Point></Placemark><Placemark><TimeSpan><begin>2020-03-03T11:53:12Z</begin><end>2020-03-03T11:53:13Z</end></TimeSpan><styleUrl>#point</styleUrl><Point><altitudeMode>clampToGround</altitudeMode><coordinates>19.097832022234797,-33.620523987337947,591.35000000000002</coordinates></Point></Placemark><Placemark><TimeSpan><begin>2020-03-03T11:53:13Z</begin><end>2020-03-03T11:53:16Z</end></TimeSpan><styleUrl>#point</styleUrl><Point><altitudeMode>clampToGround</altitudeMode><coordinates>19.09781701862812,-33.620884995907545,592.30999999999995</coordinates></Point></Placemark><Placemark><TimeSpan><begin>2020-03-03T11:53:16Z</begin><end>2020-03-03T11:53:17Z</end></TimeSpan><styleUrl>#point</styleUrl><Point><altitudeMode>clampToGround</altitudeMode><coordinates>19.097784999758005,-33.6210030131042,592.78999999999996</coordinates></Point></Placemark><Placemark><TimeSpan><begin>2020-03-03T11:53:17Z</begin><end>2020-03-03T11:53:19Z</end></TimeSpan><styleUrl>#point</styleUrl><Point><altitudeMode>clampToGround</altitudeMode><coordinates>19.097708975896239,-33.621247010305524,593.75</coordinates></Point></Placemark><Placemark><TimeSpan><begin>2020-03-03T11:53:19Z</begin><end>2020-03-03T11:53:20Z</end></TimeSpan><styleUrl>#point</styleUrl><Point><altitudeMode>clampToGround</altitudeMode><coordinates>19.097692966461182,-33.621379025280476,594.23000000000002</coordinates></Point></Placemark><Placemark><TimeSpan><begin>2020-03-03T11:53:20Z</begin><end>2020-03-03T11:53:22Z</end></TimeSpan><styleUrl>#point</styleUrl><Point><altitudeMode>clampToGround</altitudeMode><coordinates>19.09768701530993,-33.621654035523534,595.19000000000005</coordinates></Point></Placemark><Placemark><TimeSpan><begin>2020-03-03T11:53:22Z</begin><end>2020-03-03T11:53:23Z</end></TimeSpan><styleUrl>#point</styleUrl><Point><altitudeMode>clampToGround</altitudeMode><coordinates>19.097662037238479,-33.621792001649737,595.66999999999996</coordinates></Point></Placemark><Placemark><TimeSpan><begin>2020-03-03T11:53:23Z</begin><end>2020-03-03T11:53:24Z</end></TimeSpan><styleUrl>#point</styleUrl><Point><altitudeMode>clampToGround</altitudeMode><coordinates>19.097611997276545,-33.621924016624689,595.66999999999996</coordinates></Point></Placemark><Placemark><TimeSpan><begin>2020-03-03T11:53:24Z</begin><end>2020-03-03T11:53:25Z</end></TimeSpan><styleUrl>#point</styleUrl><Point><altitudeMode>clampToGround</altitudeMode><coordinates>19.097535973414779,-33.622048990800977,596.14999999999998</coordinates></Point></Placemark><Placemark><TimeSpan><begin>2020-03-03T11:53:25Z</begin><end>2020-03-03T11:53:26Z</end></TimeSpan><styleUrl>#point</styleUrl><Point><altitudeMode>clampToGround</altitudeMode><coordinates>19.097444023936987,-33.622168013826013,596.63999999999999</coordinates></Point></Placemark><Placemark><TimeSpan><begin>2020-03-03T11:53:26Z</begin><end>2020-03-03T11:53:27Z</end></TimeSpan><styleUrl>#point</styleUrl><Point><altitudeMode>clampToGround</altitudeMode><coordinates>19.097336987033486,-33.622282007709146,597.60000000000002</coordinates></Point></Placemark><Placemark><TimeSpan><begin>2020-03-03T11:53:27Z</begin><end>2020-03-03T11:53:29Z</end></TimeSpan><styleUrl>#point</styleUrl><Point><altitudeMode>clampToGround</altitudeMode><coordinates>19.097180999815464,-33.622516030445695,597.60000000000002</coordinates></Point></Placemark><Placemark><TimeSpan><begin>2020-03-03T11:53:29Z</begin><end>2020-03-03T11:53:30Z</end></TimeSpan><styleUrl>#point</styleUrl><Point><altitudeMode>clampToGround</altitudeMode><coordinates>19.097134983167052,-33.622644022107124,597.60000000000002</coordinates></Point></Placemark><Placemark><TimeSpan><begin>2020-03-03T11:53:30Z</begin><end>2020-03-03T11:53:31Z</end></TimeSpan><styleUrl>#point</styleUrl><Point><altitudeMode>clampToGround</altitudeMode><coordinates>19.097116040065885,-33.622779976576567,597.60000000000002</coordinates></Point></Placemark><Placemark><TimeSpan><begin>2020-03-03T11:53:31Z</begin><end>2020-03-03T11:53:32Z</end></TimeSpan><styleUrl>#point</styleUrl><Point><altitudeMode>clampToGround</altitudeMode><coordinates>19.097110005095601,-33.622919032350183,598.08000000000004</coordinates></Point></Placemark><Placemark><TimeSpan><begin>2020-03-03T11:53:32Z</begin><end>2020-03-03T11:53:33Z</end></TimeSpan><styleUrl>#point</styleUrl><Point><altitudeMode>clampToGround</altitudeMode><coordinates>19.097117967903614,-33.623060015961528,599.03999999999996</coordinates></Point></Placemark><Placemark><TimeSpan><begin>2020-03-03T11:53:33Z</begin><end>2020-03-03T11:53:34Z</end></TimeSpan><styleUrl>#point</styleUrl><Point><altitudeMode>clampToGround</altitudeMode><coordinates>19.097146969288588,-33.62319597043097,599.51999999999998</coordinates></Point></Placemark><Placemark><TimeSpan><begin>2020-03-03T11:53:34Z</begin><end>2020-03-03T11:53:35Z</end></TimeSpan><styleUrl>#point</styleUrl><Point><altitudeMode>clampToGround</altitudeMode><coordinates>19.097187034785748,-33.623328991234303,600.48000000000002</coordinates></Point></Placemark><Placemark><TimeSpan><begin>2020-03-03T11:53:35Z</begin><end>2020-03-03T11:53:36Z</end></TimeSpan><styleUrl>#point</styleUrl><Point><altitudeMode>clampToGround</altitudeMode><coordinates>19.097216036170721,-33.623455977067351,600.96000000000004</coordinates></Point></Placemark><Placemark><TimeSpan><begin>2020-03-03T11:53:36Z</begin><end>2020-03-03T11:53:37Z</end></TimeSpan><styleUrl>#point</styleUrl><Point><altitudeMode>clampToGround</altitudeMode><coordinates>19.097229028120637,-33.623582040891051,600.96000000000004</coordinates></Point></Placemark><Placemark><TimeSpan><begin>2020-03-03T11:53:37Z</begin><end>2020-03-03T11:53:38Z</end></TimeSpan><styleUrl>#point</styleUrl><Point><altitudeMode>clampToGround</altitudeMode><coordinates>19.097231961786747,-33.623710032552481,600.48000000000002</coordinates></Point></Placemark><Placemark><TimeSpan><begin>2020-03-03T11:53:38Z</begin><end>2020-03-03T11:53:45Z</end></TimeSpan><styleUrl>#point</styleUrl><Point><altitudeMode>clampToGround</altitudeMode><coordinates>19.0973000228405,-33.624559035524726,596.63999999999999</coordinates></Point></Placemark><Placemark><TimeSpan><begin>2020-03-03T11:53:45Z</begin><end>2020-03-03T11:53:47Z</end></TimeSpan><styleUrl>#point</styleUrl><Point><altitudeMode>clampToGround</altitudeMode><coordinates>19.097298011183739,-33.624758021906018,597.60000000000002</coordinates></Point></Placemark><Placemark><TimeSpan><begin>2020-03-03T11:53:47Z</begin><end>2020-03-03T11:53:48Z</end></TimeSpan><styleUrl>#point</styleUrl><Point><altitudeMode>clampToGround</altitudeMode><coordinates>19.097332963719964,-33.624865980818868,596.63999999999999</coordinates></Point></Placemark><Placemark><TimeSpan><begin>2020-03-03T11:53:48Z</begin><end>2020-03-03T11:53:49Z</end></TimeSpan><styleUrl>#point</styleUrl><Point><altitudeMode>clampToGround</altitudeMode><coordinates>19.09738602116704,-33.624973017722368,596.63999999999999</coordinates></Point></Placemark><Placemark><TimeSpan><begin>2020-03-03T11:53:49Z</begin><end>2020-03-03T11:53:54Z</end></TimeSpan><styleUrl>#point</styleUrl><Point><altitudeMode>clampToGround</altitudeMode><coordinates>19.097754992544651,-33.625450031831861,595.66999999999996</coordinates></Point></Placemark><Placemark><TimeSpan><begin>2020-03-03T11:53:54Z</begin><end>2020-03-03T11:53:55Z</end></TimeSpan><styleUrl>#point</styleUrl><Point><altitudeMode>clampToGround</altitudeMode><coordinates>19.097853982821107,-33.625520020723343,595.19000000000005</coordinates></Point></Placemark><Placemark><TimeSpan><begin>2020-03-03T11:53:55Z</begin><end>2020-03-03T11:53:56Z</end></TimeSpan><styleUrl>#point</styleUrl><Point><altitudeMode>clampToGround</altitudeMode><coordinates>19.097963031381369,-33.625574000179768,594.71000000000004</coordinates></Point></Placemark><Placemark><TimeSpan><begin>2020-03-03T11:53:56Z</begin><end>2020-03-03T11:53:57Z</end></TimeSpan><styleUrl>#point</styleUrl><Point><altitudeMode>clampToGround</altitudeMode><coordinates>19.098091023042798,-33.625626973807812,593.75</coordinates></Point></Placemark><Placemark><TimeSpan><begin>2020-03-03T11:53:57Z</begin><end>2020-03-03T11:53:58Z</end></TimeSpan><styleUrl>#point</styleUrl><Point><altitudeMode>clampToGround</altitudeMode><coordinates>19.098223960027099,-33.625668967142701,593.26999999999998</coordinates></Point></Placemark><Placemark><TimeSpan><begin>2020-03-03T11:53:58Z</begin><end>2020-03-03T11:53:59Z</end></TimeSpan><styleUrl>#point</styleUrl><Point><altitudeMode>clampToGround</altitudeMode><coordinates>19.09835597500205,-33.625710038468242,592.78999999999996</coordinates></Point></Placemark><Placemark><TimeSpan><begin>2020-03-03T11:53:59Z</begin><end>2020-03-03T11:54:00Z</end></TimeSpan><styleUrl>#point</styleUrl><Point><altitudeMode>clampToGround</altitudeMode><coordinates>19.09848103299737,-33.625756977126002,592.78999999999996</coordinates></Point></Placemark><Placemark><TimeSpan><begin>2020-03-03T11:54:00Z</begin><end>2020-03-03T11:54:01Z</end></TimeSpan><styleUrl>#point</styleUrl><Point><altitudeMode>clampToGround</altitudeMode><coordinates>19.098598966374993,-33.625811040401459,591.83000000000004</coordinates></Point></Placemark><Placemark><TimeSpan><begin>2020-03-03T11:54:01Z</begin><end>2020-03-03T11:54:08Z</end></TimeSpan><styleUrl>#point</styleUrl><Point><altitudeMode>clampToGround</altitudeMode><coordinates>19.099378986284137,-33.62628998234868,588.95000000000005</coordinates></Point></Placemark><Placemark><TimeSpan><begin>2020-03-03T11:54:08Z</begin><end>2020-03-03T11:54:09Z</end></TimeSpan><styleUrl>#point</styleUrl><Point><altitudeMode>clampToGround</altitudeMode><coordinates>19.099480994045734,-33.626388972625136,587.98000000000002</coordinates></Point></Placemark><Placemark><TimeSpan><begin>2020-03-03T11:54:09Z</begin><end>2020-03-03T11:54:17Z</end></TimeSpan><styleUrl>#point</styleUrl><Point><altitudeMode>clampToGround</altitudeMode><coordinates>19.100117012858391,-33.627248033881187,583.17999999999995</coordinates></Point></Placemark><Placemark><TimeSpan><begin>2020-03-03T11:54:17Z</begin><end>2020-03-03T11:54:20Z</end></TimeSpan><styleUrl>#point</styleUrl><Point><altitudeMode>clampToGround</altitudeMode><coordinates>19.100247016176581,-33.627569982782006,582.22000000000003</coordinates></Point></Placemark><Placemark><TimeSpan><begin>2020-03-03T11:54:20Z</begin><end>2020-03-03T11:54:21Z</end></TimeSpan><styleUrl>#point</styleUrl><Point><altitudeMode>clampToGround</altitudeMode><coordinates>19.100263025611639,-33.627680037170649,581.73000000000002</coordinates></Point></Placemark><Placemark><TimeSpan><begin>2020-03-03T11:54:21Z</begin><end>2020-03-03T11:54:22Z</end></TimeSpan><styleUrl>#point</styleUrl><Point><altitudeMode>clampToGround</altitudeMode><coordinates>19.10026696510613,-33.627784978598356,580.76999999999998</coordinates></Point></Placemark><Placemark><TimeSpan><begin>2020-03-03T11:54:22Z</begin><end>2020-03-03T11:54:30Z</end></TimeSpan><styleUrl>#point</styleUrl><Point><altitudeMode>clampToGround</altitudeMode><coordinates>19.100188007578254,-33.628412028774619,578.37</coordinates></Point></Placemark><Placemark><TimeSpan><begin>2020-03-03T11:54:30Z</begin><end>2020-03-03T11:54:31Z</end></TimeSpan><styleUrl>#point</styleUrl><Point><altitudeMode>clampToGround</altitudeMode><coordinates>19.100170992314816,-33.628453016281128,578.85000000000002</coordinates></Point></Placemark><Placemark><TimeSpan><begin>2020-03-03T11:54:31Z</begin><end>2020-03-03T11:54:34Z</end></TimeSpan><styleUrl>#point</styleUrl><Point><altitudeMode>clampToGround</altitudeMode><coordinates>19.100155988708138,-33.628529040142894,578.37</coordinates></Point></Placemark><Placemark><TimeSpan><begin>2020-03-03T11:54:34Z</begin><end>2020-03-03T11:54:44Z</end></TimeSpan><styleUrl>#point</styleUrl><Point><altitudeMode>clampToGround</altitudeMode><coordinates>19.100167974829674,-33.628762979060411,574.03999999999996</coordinates></Point></Placemark><Placemark><TimeSpan><begin>2020-03-03T11:54:44Z</begin><end>2020-03-03T11:54:45Z</end></TimeSpan><styleUrl>#point</styleUrl><Point><altitudeMode>clampToGround</altitudeMode><coordinates>19.100184990093112,-33.628776976838708,573.55999999999995</coordinates></Point></Placemark><Placemark><TimeSpan><begin>2020-03-03T11:54:45Z</begin><end>2020-03-03T11:54:46Z</end></TimeSpan><styleUrl>#point</styleUrl><Point><altitudeMode>clampToGround</altitudeMode><coordinates>19.10020200535655,-33.628783011808991,573.08000000000004</coordinates></Point></Placemark><Placemark><TimeSpan><begin>2020-03-03T11:54:46Z</begin><end>2020-03-03T11:55:02Z</end></TimeSpan><styleUrl>#point</styleUrl><Point><altitudeMode>clampToGround</altitudeMode><coordinates>19.100199993699789,-33.628787035122514,574.03999999999996</coordinates></Point></Placemark><Placemark><TimeSpan><begin>2020-03-03T11:55:02Z</begin><end>2020-03-03T11:55:56Z</end></TimeSpan><styleUrl>#point</styleUrl><Point><altitudeMode>clampToGround</altitudeMode><coordinates>19.100204017013311,-33.628789968788624,573.08000000000004</coordinates></Point></Placemark><Placemark><TimeSpan><begin>2020-03-03T11:55:56Z</begin><end>2020-03-03T11:56:47Z</end></TimeSpan><styleUrl>#point</styleUrl><Point><altitudeMode>clampToGround</altitudeMode><coordinates>19.100203011184931,-33.628786029294133,573.08000000000004</coordinates></Point></Placemark><Placemark><TimeSpan><begin>2020-03-03T11:56:47Z</begin><end>2020-03-03T11:57:39Z</end></TimeSpan><styleUrl>#point</styleUrl><Point><altitudeMode>clampToGround</altitudeMode><coordinates>19.100204017013311,-33.628786029294133,572.60000000000002</coordinates></Point></Placemark><Placemark><TimeSpan><begin>2020-03-03T11:57:39Z</begin><end>2020-03-03T11:58:25Z</end></TimeSpan><styleUrl>#point</styleUrl><Point><altitudeMode>clampToGround</altitudeMode><coordinates>19.100206028670073,-33.628787035122514,573.08000000000004</coordinates></Point></Placemark><Placemark><TimeSpan><begin>2020-03-03T11:58:25Z</begin><end>2020-03-03T11:59:11Z</end></TimeSpan><styleUrl>#point</styleUrl><Point><altitudeMode>clampToGround</altitudeMode><coordinates>19.100207034498453,-33.628787035122514,573.08000000000004</coordinates></Point></Placemark><Placemark><TimeSpan><begin>2020-03-03T11:59:11Z</begin><end>2020-03-03T11:59:59Z</end></TimeSpan><styleUrl>#point</styleUrl><Point><altitudeMode>clampToGround</altitudeMode><coordinates>19.100208040326834,-33.628788962960243,573.08000000000004</coordinates></Point></Placemark><Placemark><TimeSpan><begin>2020-03-03T11:59:59Z</begin><end>2020-03-03T12:00:57Z</end></TimeSpan><styleUrl>#point</styleUrl><Point><altitudeMode>clampToGround</altitudeMode><coordinates>19.100209968164563,-33.628788962960243,572.60000000000002</coordinates></Point></Placemark><Placemark><TimeSpan><begin>2020-03-03T12:00:57Z</begin><end>2020-03-03T12:01:52Z</end></TimeSpan><styleUrl>#point</styleUrl><Point><altitudeMode>clampToGround</altitudeMode><coordinates>19.100208962336183,-33.628784017637372,573.55999999999995</coordinates></Point></Placemark><Placemark><TimeSpan><begin>2020-03-03T12:01:52Z</begin><end>2020-03-03T12:02:50Z</end></TimeSpan><styleUrl>#point</styleUrl><Point><altitudeMode>clampToGround</altitudeMode><coordinates>19.100209968164563,-33.628785023465753,574.52999999999997</coordinates></Point></Placemark><Placemark><TimeSpan><begin>2020-03-03T12:02:50Z</begin><end>2020-03-03T12:03:49Z</end></TimeSpan><styleUrl>#point</styleUrl><Point><altitudeMode>clampToGround</altitudeMode><coordinates>19.100211979821324,-33.628788040950894,574.03999999999996</coordinates></Point></Placemark><Placemark><TimeSpan><begin>2020-03-03T12:03:49Z</begin><end>2020-03-03T12:04:46Z</end></TimeSpan><styleUrl>#point</styleUrl><Point><altitudeMode>clampToGround</altitudeMode><coordinates>19.100213991478086,-33.628789968788624,574.52999999999997</coordinates></Point></Placemark><Placemark><TimeSpan><begin>2020-03-03T12:04:46Z</begin><end>2020-03-03T12:05:30Z</end></TimeSpan><styleUrl>#point</styleUrl><Point><altitudeMode>clampToGround</altitudeMode><coordinates>19.100216003134847,-33.628791980445385,574.03999999999996</coordinates></Point></Placemark><Placemark><TimeSpan><begin>2020-03-03T12:05:30Z</begin><end>2020-03-03T12:06:09Z</end></TimeSpan><styleUrl>#point</styleUrl><Point><altitudeMode>clampToGround</altitudeMode><coordinates>19.100214997306466,-33.628786029294133,574.52999999999997</coordinates></Point></Placemark><Placemark><TimeSpan><begin>2020-03-03T12:06:09Z</begin><end>2020-03-03T12:09:21Z</end></TimeSpan><styleUrl>#point</styleUrl><Point><altitudeMode>clampToGround</altitudeMode><coordinates>19.100292026996613,-33.628914020955563,544.72000000000003</coordinates></Point></Placemark><Placemark><TimeSpan><begin>2020-03-03T12:09:21Z</begin><end>2020-03-03T12:09:48Z</end></TimeSpan><styleUrl>#point</styleUrl><Point><altitudeMode>clampToGround</altitudeMode><coordinates>19.100754037499428,-33.629479967057705,582.22000000000003</coordinates></Point></Placemark><Placemark><TimeSpan><begin>2020-03-03T12:09:48Z</begin><end>2020-03-03T12:09:49Z</end></TimeSpan><styleUrl>#point</styleUrl><Point><altitudeMode>clampToGround</altitudeMode><coordinates>19.100799970328808,-33.629610976204276,581.73000000000002</coordinates></Point></Placemark><Placemark><TimeSpan><begin>2020-03-03T12:09:49Z</begin><end>2020-03-03T12:09:50Z</end></TimeSpan><styleUrl>#point</styleUrl><Point><altitudeMode>clampToGround</altitudeMode><coordinates>19.100830983370543,-33.629745002835989,581.73000000000002</coordinates></Point></Placemark><Placemark><TimeSpan><begin>2020-03-03T12:09:50Z</begin><end>2020-03-03T12:09:51Z</end></TimeSpan><styleUrl>#point</styleUrl><Point><altitudeMode>clampToGround</altitudeMode><coordinates>19.100855961441994,-33.629923034459352,576.92999999999995</coordinates></Point></Placemark><Placemark><TimeSpan><begin>2020-03-03T12:09:51Z</begin><end>2020-03-03T12:09:52Z</end></TimeSpan><styleUrl>#point</styleUrl><Point><altitudeMode>clampToGround</altitudeMode><coordinates>19.10086995922029,-33.630055971443653,574.52999999999997</coordinates></Point></Placemark><Placemark><TimeSpan><begin>2020-03-03T12:09:52Z</begin><end>2020-03-03T12:09:54Z</end></TimeSpan><styleUrl>#point</styleUrl><Point><altitudeMode>clampToGround</altitudeMode><coordinates>19.100911030545831,-33.63032897002995,571.63999999999999</coordinates></Point></Placemark><Placemark><TimeSpan><begin>2020-03-03T12:09:54Z</begin><end>2020-03-03T12:09:55Z</end></TimeSpan><styleUrl>#point</styleUrl><Point><altitudeMode>clampToGround</altitudeMode><coordinates>19.100951012223959,-33.630468025803566,570.67999999999995</coordinates></Point></Placemark><Placemark><TimeSpan><begin>2020-03-03T12:09:55Z</begin><end>2020-03-03T12:10:03Z</end></TimeSpan><styleUrl>#point</styleUrl><Point><altitudeMode>clampToGround</altitudeMode><coordinates>19.10125401802361,-33.631690023466945,565.38999999999999</coordinates></Point></Placemark><Placemark><TimeSpan><begin>2020-03-03T12:10:03Z</begin><end>2020-03-03T12:10:05Z</end></TimeSpan><styleUrl>#point</styleUrl><Point><altitudeMode>clampToGround</altitudeMode><coordinates>19.101283019408584,-33.631966961547732,563.47000000000003</coordinates></Point></Placemark><Placemark><TimeSpan><begin>2020-03-03T12:10:05Z</begin><end>2020-03-03T12:10:06Z</end></TimeSpan><styleUrl>#point</styleUrl><Point><altitudeMode>clampToGround</altitudeMode><coordinates>19.101320989429951,-33.632084978744388,563.47000000000003</coordinates></Point></Placemark><Placemark><TimeSpan><begin>2020-03-03T12:10:06Z</begin><end>2020-03-03T12:10:07Z</end></TimeSpan><styleUrl>#point</styleUrl><Point><altitudeMode>clampToGround</altitudeMode><coordinates>19.101391984149814,-33.632188998162746,562.99000000000001</coordinates></Point></Placemark><Placemark><TimeSpan><begin>2020-03-03T12:10:07Z</begin><end>2020-03-03T12:10:08Z</end></TimeSpan><styleUrl>#point</styleUrl><Point><altitudeMode>clampToGround</altitudeMode><coordinates>19.101487034931779,-33.632279019802809,562.99000000000001</coordinates></Point></Placemark><Placemark><TimeSpan><begin>2020-03-03T12:10:08Z</begin><end>2020-03-03T12:10:09Z</end></TimeSpan><styleUrl>#point</styleUrl><Point><altitudeMode>clampToGround</altitudeMode><coordinates>19.101587031036615,-33.632363006472588,562.99000000000001</coordinates></Point></Placemark><Placemark><TimeSpan><begin>2020-03-03T12:10:09Z</begin><end>2020-03-03T12:10:11Z</end></TimeSpan><styleUrl>#point</styleUrl><Point><altitudeMode>clampToGround</altitudeMode><coordinates>19.101720973849297,-33.632544977590442,562.50999999999999</coordinates></Point></Placemark><Placemark><TimeSpan><begin>2020-03-03T12:10:11Z</begin><end>2020-03-03T12:10:12Z</end></TimeSpan><styleUrl>#point</styleUrl><Point><altitudeMode>clampToGround</altitudeMode><coordinates>19.101742012426257,-33.632648997008801,562.50999999999999</coordinates></Point></Placemark><Placemark><TimeSpan><begin>2020-03-03T12:10:12Z</begin><end>2020-03-03T12:10:13Z</end></TimeSpan><styleUrl>#point</styleUrl><Point><altitudeMode>clampToGround</altitudeMode><coordinates>19.101731032133102,-33.632762990891933,562.50999999999999</coordinates></Point></Placemark><Placemark><TimeSpan><begin>2020-03-03T12:10:13Z</begin><end>2020-03-03T12:10:14Z</end></TimeSpan><styleUrl>#point</styleUrl><Point><altitudeMode>clampToGround</altitudeMode><coordinates>19.101681997999549,-33.632881008088589,562.50999999999999</coordinates></Point></Placemark><Placemark><TimeSpan><begin>2020-03-03T12:10:14Z</begin><end>2020-03-03T12:10:15Z</end></TimeSpan><styleUrl>#point</styleUrl><Point><altitudeMode>clampToGround</altitudeMode><coordinates>19.101615026593208,-33.633010005578399,561.07000000000005</coordinates></Point></Placemark><Placemark><TimeSpan><begin>2020-03-03T12:10:15Z</begin><end>2020-03-03T12:10:16Z</end></TimeSpan><styleUrl>#point</styleUrl><Point><altitudeMode>clampToGround</altitudeMode><coordinates>19.101541014388204,-33.633140008896589,560.59000000000003</coordinates></Point></Placemark><Placemark><TimeSpan><begin>2020-03-03T12:10:16Z</begin><end>2020-03-03T12:10:19Z</end></TimeSpan><styleUrl>#point</styleUrl><Point><altitudeMode>clampToGround</altitudeMode><coordinates>19.101370023563504,-33.633517026901245,557.22000000000003</coordinates></Point></Placemark><Placemark><TimeSpan><begin>2020-03-03T12:10:19Z</begin><end>2020-03-03T12:10:20Z</end></TimeSpan><styleUrl>#point</styleUrl><Point><altitudeMode>clampToGround</altitudeMode><coordinates>19.101359965279698,-33.633659016340971,556.74000000000001</coordinates></Point></Placemark><Placemark><TimeSpan><begin>2020-03-03T12:10:20Z</begin><end>2020-03-03T12:10:26Z</end></TimeSpan><styleUrl>#point</styleUrl><Point><altitudeMode>clampToGround</altitudeMode><coordinates>19.101376980543137,-33.634522017091513,552.40999999999997</coordinates></Point></Placemark><Placemark><TimeSpan><begin>2020-03-03T12:10:26Z</begin><end>2020-03-03T12:10:27Z</end></TimeSpan><styleUrl>#point</styleUrl><Point><altitudeMode>clampToGround</altitudeMode><coordinates>19.101413022726774,-33.634652020409703,551.92999999999995</coordinates></Point></Placemark><Placemark><TimeSpan><begin>2020-03-03T12:10:27Z</begin><end>2020-03-03T12:10:28Z</end></TimeSpan><styleUrl>#point</styleUrl><Point><altitudeMode>clampToGround</altitudeMode><coordinates>19.101463984698057,-33.634784035384655,551.45000000000005</coordinates></Point></Placemark><Placemark><TimeSpan><begin>2020-03-03T12:10:28Z</begin><end>2020-03-03T12:10:35Z</end></TimeSpan><styleUrl>#point</styleUrl><Point><altitudeMode>clampToGround</altitudeMode><coordinates>19.102017022669315,-33.635776033625007,547.61000000000001</coordinates></Point></Placemark><Placemark><TimeSpan><begin>2020-03-03T12:10:35Z</begin><end>2020-03-03T12:10:47Z</end></TimeSpan><styleUrl>#point</styleUrl><Point><altitudeMode>clampToGround</altitudeMode><coordinates>19.102945988997817,-33.637527013197541,541.36000000000001</coordinates></Point></Placemark><Placemark><TimeSpan><begin>2020-03-03T12:10:47Z</begin><end>2020-03-03T12:10:55Z</end></TimeSpan><styleUrl>#point</styleUrl><Point><altitudeMode>clampToGround</altitudeMode><coordinates>19.103649985045195,-33.638682039454579,539.44000000000005</coordinates></Point></Placemark><Placemark><TimeSpan><begin>2020-03-03T12:10:55Z</begin><end>2020-03-03T12:11:03Z</end></TimeSpan><styleUrl>#point</styleUrl><Point><altitudeMode>clampToGround</altitudeMode><coordinates>19.10426496528089,-33.63986799493432,534.14999999999998</coordinates></Point></Placemark><Placemark><TimeSpan><begin>2020-03-03T12:11:03Z</begin><end>2020-03-03T12:11:11Z</end></TimeSpan><styleUrl>#point</styleUrl><Point><altitudeMode>clampToGround</altitudeMode><coordinates>19.104340989142656,-33.640991002321243,537.02999999999997</coordinates></Point></Placemark><Placemark><TimeSpan><begin>2020-03-03T12:11:11Z</begin><end>2020-03-03T12:11:12Z</end></TimeSpan><styleUrl>#point</styleUrl><Point><altitudeMode>clampToGround</altitudeMode><coordinates>19.104321040213108,-33.641099967062473,535.59000000000003</coordinates></Point></Placemark><Placemark><TimeSpan><begin>2020-03-03T12:11:12Z</begin><end>2020-03-03T12:11:13Z</end></TimeSpan><styleUrl>#point</styleUrl><Point><altitudeMode>clampToGround</altitudeMode><coordinates>19.104282986372709,-33.641186971217394,536.07000000000005</coordinates></Point></Placemark><Placemark><TimeSpan><begin>2020-03-03T12:11:13Z</begin><end>2020-03-03T12:11:14Z</end></TimeSpan><styleUrl>#point</styleUrl><Point><altitudeMode>clampToGround</altitudeMode><coordinates>19.10421903245151,-33.641256038099527,536.54999999999995</coordinates></Point></Placemark><Placemark><TimeSpan><begin>2020-03-03T12:11:14Z</begin><end>2020-03-03T12:11:15Z</end></TimeSpan><styleUrl>#point</styleUrl><Point><altitudeMode>clampToGround</altitudeMode><coordinates>19.104125993326306,-33.641301970928907,537.99000000000001</coordinates></Point></Placemark><Placemark><TimeSpan><begin>2020-03-03T12:11:15Z</begin><end>2020-03-03T12:11:16Z</end></TimeSpan><styleUrl>#point</styleUrl><Point><altitudeMode>clampToGround</altitudeMode><coordinates>19.104019040241838,-33.641336001455784,537.99000000000001</coordinates></Point></Placemark><Placemark><TimeSpan><begin>2020-03-03T12:11:16Z</begin><end>2020-03-03T12:11:17Z</end></TimeSpan><styleUrl>#point</styleUrl><Point><altitudeMode>clampToGround</altitudeMode><coordinates>19.10389699973166,-33.641373971477151,537.50999999999999</coordinates></Point></Placemark><Placemark><TimeSpan><begin>2020-03-03T12:11:17Z</begin><end>2020-03-03T12:11:19Z</end></TimeSpan><styleUrl>#point</styleUrl><Point><altitudeMode>clampToGround</altitudeMode><coordinates>19.103627018630505,-33.641484025865793,536.07000000000005</coordinates></Point></Placemark><Placemark><TimeSpan><begin>2020-03-03T12:11:19Z</begin><end>2020-03-03T12:11:20Z</end></TimeSpan><styleUrl>#point</styleUrl><Point><altitudeMode>clampToGround</altitudeMode><coordinates>19.103490980342031,-33.64156499505043,535.11000000000001</coordinates></Point></Placemark><Placemark><TimeSpan><begin>2020-03-03T12:11:20Z</begin><end>2020-03-03T12:11:21Z</end></TimeSpan><styleUrl>#point</styleUrl><Point><altitudeMode>clampToGround</altitudeMode><coordinates>19.103363994508982,-33.641660967841744,534.14999999999998</coordinates></Point></Placemark><Placemark><TimeSpan><begin>2020-03-03T12:11:21Z</begin><end>2020-03-03T12:11:22Z</end></TimeSpan><styleUrl>#point</styleUrl><Point><altitudeMode>clampToGround</altitudeMode><coordinates>19.103259975090623,-33.641769010573626,533.19000000000005</coordinates></Point></Placemark><Placemark><TimeSpan><begin>2020-03-03T12:11:22Z</begin><end>2020-03-03T12:11:23Z</end></TimeSpan><styleUrl>#point</styleUrl><Point><altitudeMode>clampToGround</altitudeMode><coordinates>19.103186968713999,-33.641881998628378,532.71000000000004</coordinates></Point></Placemark><Placemark><TimeSpan><begin>2020-03-03T12:11:23Z</begin><end>2020-03-03T12:11:24Z</end></TimeSpan><styleUrl>#point</styleUrl><Point><altitudeMode>clampToGround</altitudeMode><coordinates>19.10314598120749,-33.642003033310175,532.23000000000002</coordinates></Point></Placemark><Placemark><TimeSpan><begin>2020-03-03T12:11:24Z</begin><end>2020-03-03T12:11:25Z</end></TimeSpan><styleUrl>#point</styleUrl><Point><altitudeMode>clampToGround</altitudeMode><coordinates>19.103126032277942,-33.642130019143224,532.23000000000002</coordinates></Point></Placemark><Placemark><TimeSpan><begin>2020-03-03T12:11:25Z</begin><end>2020-03-03T12:11:26Z</end></TimeSpan><styleUrl>#point</styleUrl><Point><altitudeMode>clampToGround</altitudeMode><coordinates>19.103110022842884,-33.642257004976273,531.26999999999998</coordinates></Point></Placemark><Placemark><TimeSpan><begin>2020-03-03T12:11:26Z</begin><end>2020-03-03T12:11:28Z</end></TimeSpan><styleUrl>#point</styleUrl><Point><altitudeMode>clampToGround</altitudeMode><coordinates>19.103020001202822,-33.642472000792623,529.34000000000003</coordinates></Point></Placemark><Placemark><TimeSpan><begin>2020-03-03T12:11:28Z</begin><end>2020-03-03T12:11:29Z</end></TimeSpan><styleUrl>#point</styleUrl><Point><altitudeMode>clampToGround</altitudeMode><coordinates>19.102936014533043,-33.642537966370583,528.86000000000001</coordinates></Point></Placemark><Placemark><TimeSpan><begin>2020-03-03T12:11:29Z</begin><end>2020-03-03T12:11:30Z</end></TimeSpan><styleUrl>#point</styleUrl><Point><altitudeMode>clampToGround</altitudeMode><coordinates>19.102821014821529,-33.642580965533853,527.41999999999996</coordinates></Point></Placemark><Placemark><TimeSpan><begin>2020-03-03T12:11:30Z</begin><end>2020-03-03T12:11:31Z</end></TimeSpan><styleUrl>#point</styleUrl><Point><altitudeMode>clampToGround</altitudeMode><coordinates>19.102681959047914,-33.642610972747207,526.94000000000005</coordinates></Point></Placemark><Placemark><TimeSpan><begin>2020-03-03T12:11:31Z</begin><end>2020-03-03T12:11:32Z</end></TimeSpan><styleUrl>#point</styleUrl><Point><altitudeMode>clampToGround</altitudeMode><coordinates>19.102529995143414,-33.642631005495787,525.98000000000002</coordinates></Point></Placemark><Placemark><TimeSpan><begin>2020-03-03T12:11:32Z</begin><end>2020-03-03T12:11:33Z</end></TimeSpan><styleUrl>#point</styleUrl><Point><altitudeMode>clampToGround</altitudeMode><coordinates>19.102365039288998,-33.642646009102464,524.53999999999996</coordinates></Point></Placemark><Placemark><TimeSpan><begin>2020-03-03T12:11:33Z</begin><end>2020-03-03T12:11:37Z</end></TimeSpan><styleUrl>#point</styleUrl><Point><altitudeMode>clampToGround</altitudeMode><coordinates>19.101622989401221,-33.642640979960561,520.69000000000005</coordinates></Point></Placemark><Placemark><TimeSpan><begin>2020-03-03T12:11:37Z</begin><end>2020-03-03T12:11:38Z</end></TimeSpan><styleUrl>#point</styleUrl><Point><altitudeMode>clampToGround</altitudeMode><coordinates>19.101438000798225,-33.642619019374251,519.25</coordinates></Point></Placemark><Placemark><TimeSpan><begin>2020-03-03T12:11:38Z</begin><end>2020-03-03T12:11:43Z</end></TimeSpan><styleUrl>#point</styleUrl><Point><altitudeMode>clampToGround</altitudeMode><coordinates>19.100617999210954,-33.642439981922507,513.48000000000002</coordinates></Point></Placemark><Placemark><TimeSpan><begin>2020-03-03T12:11:43Z</begin><end>2020-03-03T12:11:44Z</end></TimeSpan><styleUrl>#point</styleUrl><Point><altitudeMode>clampToGround</altitudeMode><coordinates>19.100487995892763,-33.642456997185946,512.03999999999996</coordinates></Point></Placemark><Placemark><TimeSpan><begin>2020-03-03T12:11:44Z</begin><end>2020-03-03T12:11:45Z</end></TimeSpan><styleUrl>#point</styleUrl><Point><altitudeMode>clampToGround</altitudeMode><coordinates>19.100370984524488,-33.642498990520835,512.03999999999996</coordinates></Point></Placemark><Placemark><TimeSpan><begin>2020-03-03T12:11:45Z</begin><end>2020-03-03T12:11:46Z</end></TimeSpan><styleUrl>#point</styleUrl><Point><altitudeMode>clampToGround</altitudeMode><coordinates>19.10026797093451,-33.642568979412317,511.56</coordinates></Point></Placemark><Placemark><TimeSpan><begin>2020-03-03T12:11:46Z</begin><end>2020-03-03T12:11:47Z</end></TimeSpan><styleUrl>#point</styleUrl><Point><altitudeMode>clampToGround</altitudeMode><coordinates>19.100177027285099,-33.642662018537521,509.63999999999999</coordinates></Point></Placemark><Placemark><TimeSpan><begin>2020-03-03T12:11:47Z</begin><end>2020-03-03T12:11:48Z</end></TimeSpan><styleUrl>#point</styleUrl><Point><altitudeMode>clampToGround</altitudeMode><coordinates>19.100089017301798,-33.642762014642358,509.16000000000003</coordinates></Point></Placemark><Placemark><TimeSpan><begin>2020-03-03T12:11:48Z</begin><end>2020-03-03T12:11:49Z</end></TimeSpan><styleUrl>#point</styleUrl><Point><altitudeMode>clampToGround</altitudeMode><coordinates>19.09996697679162,-33.64283200353384,513</coordinates></Point></Placemark><Placemark><TimeSpan><begin>2020-03-03T12:11:49Z</begin><end>2020-03-03T12:11:50Z</end></TimeSpan><styleUrl>#point</styleUrl><Point><altitudeMode>clampToGround</altitudeMode><coordinates>19.099860023707151,-33.642889000475407,513</coordinates></Point></Placemark><Placemark><TimeSpan><begin>2020-03-03T12:11:50Z</begin><end>2020-03-03T12:11:51Z</end></TimeSpan><styleUrl>#point</styleUrl><Point><altitudeMode>clampToGround</altitudeMode><coordinates>19.09975097514689,-33.642910961061716,512.51999999999998</coordinates></Point></Placemark><Placemark><TimeSpan><begin>2020-03-03T12:11:51Z</begin><end>2020-03-03T12:11:52Z</end></TimeSpan><styleUrl>#point</styleUrl><Point><altitudeMode>clampToGround</altitudeMode><coordinates>19.099659025669098,-33.642896041274071,511.07999999999998</coordinates></Point></Placemark><Placemark><TimeSpan><begin>2020-03-03T12:11:52Z</begin><end>2020-03-03T12:11:53Z</end></TimeSpan><styleUrl>#point</styleUrl><Point><altitudeMode>clampToGround</altitudeMode><coordinates>19.099576966837049,-33.642843989655375,510.60000000000002</coordinates></Point></Placemark><Placemark><TimeSpan><begin>2020-03-03T12:11:53Z</begin><end>2020-03-03T12:11:54Z</end></TimeSpan><styleUrl>#point</styleUrl><Point><altitudeMode>clampToGround</altitudeMode><coordinates>19.099504966288805,-33.64276796579361,511.07999999999998</coordinates></Point></Placemark><Placemark><TimeSpan><begin>2020-03-03T12:11:54Z</begin><end>2020-03-03T12:11:55Z</end></TimeSpan><styleUrl>#point</styleUrl><Point><altitudeMode>clampToGround</altitudeMode><coordinates>19.099441012367606,-33.642661012709141,510.60000000000002</coordinates></Point></Placemark><Placemark><TimeSpan><begin>2020-03-03T12:11:55Z</begin><end>2020-03-03T12:11:56Z</end></TimeSpan><styleUrl>#point</styleUrl><Point><altitudeMode>clampToGround</altitudeMode><coordinates>19.099376974627376,-33.642526986077428,510.12</coordinates></Point></Placemark><Placemark><TimeSpan><begin>2020-03-03T12:11:56Z</begin><end>2020-03-03T12:11:58Z</end></TimeSpan><styleUrl>#point</styleUrl><Point><altitudeMode>clampToGround</altitudeMode><coordinates>19.099214030429721,-33.642307966947556,508.67000000000002</coordinates></Point></Placemark><Placemark><TimeSpan><begin>2020-03-03T12:11:58Z</begin><end>2020-03-03T12:11:59Z</end></TimeSpan><styleUrl>#point</styleUrl><Point><altitudeMode>clampToGround</altitudeMode><coordinates>19.099115962162614,-33.642234038561583,508.19</coordinates></Point></Placemark><Placemark><TimeSpan><begin>2020-03-03T12:11:59Z</begin><end>2020-03-03T12:12:00Z</end></TimeSpan><styleUrl>#point</styleUrl><Point><altitudeMode>clampToGround</altitudeMode><coordinates>19.098981013521552,-33.642199002206326,508.19</coordinates></Point></Placemark><Placemark><TimeSpan><begin>2020-03-03T12:12:00Z</begin><end>2020-03-03T12:12:01Z</end></TimeSpan><styleUrl>#point</styleUrl><Point><altitudeMode>clampToGround</altitudeMode><coordinates>19.09882603213191,-33.642201013863087,507.23000000000002</coordinates></Point></Placemark><Placemark><TimeSpan><begin>2020-03-03T12:12:01Z</begin><end>2020-03-03T12:12:02Z</end></TimeSpan><styleUrl>#point</styleUrl><Point><altitudeMode>clampToGround</altitudeMode><coordinates>19.09865403547883,-33.642221968621016,506.26999999999998</coordinates></Point></Placemark><Placemark><TimeSpan><begin>2020-03-03T12:12:02Z</begin><end>2020-03-03T12:12:03Z</end></TimeSpan><styleUrl>#point</styleUrl><Point><altitudeMode>clampToGround</altitudeMode><coordinates>19.098476003855467,-33.642246024683118,505.79000000000002</coordinates></Point></Placemark><Placemark><TimeSpan><begin>2020-03-03T12:12:03Z</begin><end>2020-03-03T12:12:07Z</end></TimeSpan><styleUrl>#point</styleUrl><Point><altitudeMode>clampToGround</altitudeMode><coordinates>19.097802015021443,-33.642364963889122,501.94999999999999</coordinates></Point></Placemark><Placemark><TimeSpan><begin>2020-03-03T12:12:07Z</begin><end>2020-03-03T12:12:09Z</end></TimeSpan><styleUrl>#point</styleUrl><Point><altitudeMode>clampToGround</altitudeMode><coordinates>19.097512001171708,-33.642441993579268,500.5</coordinates></Point></Placemark><Placemark><TimeSpan><begin>2020-03-03T12:12:09Z</begin><end>2020-03-03T12:12:11Z</end></TimeSpan><styleUrl>#point</styleUrl><Point><altitudeMode>clampToGround</altitudeMode><coordinates>19.097239002585411,-33.642426989972591,499.54000000000002</coordinates></Point></Placemark><Placemark><TimeSpan><begin>2020-03-03T12:12:11Z</begin><end>2020-03-03T12:12:12Z</end></TimeSpan><styleUrl>#point</styleUrl><Point><altitudeMode>clampToGround</altitudeMode><coordinates>19.097101036459208,-33.64238197915256,498.57999999999998</coordinates></Point></Placemark><Placemark><TimeSpan><begin>2020-03-03T12:12:12Z</begin><end>2020-03-03T12:12:14Z</end></TimeSpan><styleUrl>#point</styleUrl><Point><altitudeMode>clampToGround</altitudeMode><coordinates>19.096789984032512,-33.642274020239711,496.66000000000003</coordinates></Point></Placemark><Placemark><TimeSpan><begin>2020-03-03T12:12:14Z</begin><end>2020-03-03T12:12:15Z</end></TimeSpan><styleUrl>#point</styleUrl><Point><altitudeMode>clampToGround</altitudeMode><coordinates>19.096621004864573,-33.642243007197976,495.69999999999999</coordinates></Point></Placemark><Placemark><TimeSpan><begin>2020-03-03T12:12:15Z</begin><end>2020-03-03T12:12:16Z</end></TimeSpan><styleUrl>#point</styleUrl><Point><altitudeMode>clampToGround</altitudeMode><coordinates>19.096444984897971,-33.642234960570931,495.22000000000003</coordinates></Point></Placemark><Placemark><TimeSpan><begin>2020-03-03T12:12:16Z</begin><end>2020-03-03T12:12:18Z</end></TimeSpan><styleUrl>#point</styleUrl><Point><altitudeMode>clampToGround</altitudeMode><coordinates>19.096110966056585,-33.642239989712834,493.76999999999998</coordinates></Point></Placemark><Placemark><TimeSpan><begin>2020-03-03T12:12:18Z</begin><end>2020-03-03T12:12:19Z</end></TimeSpan><styleUrl>#point</styleUrl><Point><altitudeMode>clampToGround</altitudeMode><coordinates>19.095956990495324,-33.642220962792635,492.81</coordinates></Point></Placemark><Placemark><TimeSpan><begin>2020-03-03T12:12:19Z</begin><end>2020-03-03T12:12:20Z</end></TimeSpan><styleUrl>#point</styleUrl><Point><altitudeMode>clampToGround</altitudeMode><coordinates>19.09581801854074,-33.642175029963255,491.85000000000002</coordinates></Point></Placemark><Placemark><TimeSpan><begin>2020-03-03T12:12:20Z</begin><end>2020-03-03T12:12:21Z</end></TimeSpan><styleUrl>#point</styleUrl><Point><altitudeMode>clampToGround</altitudeMode><coordinates>19.095687009394169,-33.642105041071773,490.88999999999999</coordinates></Point></Placemark><Placemark><TimeSpan><begin>2020-03-03T12:12:21Z</begin><end>2020-03-03T12:12:22Z</end></TimeSpan><styleUrl>#point</styleUrl><Point><altitudeMode>clampToGround</altitudeMode><coordinates>19.095567986369133,-33.64201501943171,490.41000000000003</coordinates></Point></Placemark><Placemark><TimeSpan><begin>2020-03-03T12:12:22Z</begin><end>2020-03-03T12:12:23Z</end></TimeSpan><styleUrl>#point</styleUrl><Point><altitudeMode>clampToGround</altitudeMode><coordinates>19.095436977222562,-33.641916029155254,489.93000000000001</coordinates></Point></Placemark><Placemark><TimeSpan><begin>2020-03-03T12:12:23Z</begin><end>2020-03-03T12:12:27Z</end></TimeSpan><styleUrl>#point</styleUrl><Point><altitudeMode>clampToGround</altitudeMode><coordinates>19.094833983108401,-33.641557032242417,485.12</coordinates></Point></Placemark><Placemark><TimeSpan><begin>2020-03-03T12:12:27Z</begin><end>2020-03-03T12:12:28Z</end></TimeSpan><styleUrl>#point</styleUrl><Point><altitudeMode>clampToGround</altitudeMode><coordinates>19.094711020588875,-33.641464998945594,484.16000000000003</coordinates></Point></Placemark><Placemark><TimeSpan><begin>2020-03-03T12:12:28Z</begin><end>2020-03-03T12:12:29Z</end></TimeSpan><styleUrl>#point</styleUrl><Point><altitudeMode>clampToGround</altitudeMode><coordinates>19.094601972028613,-33.641371037811041,484.16000000000003</coordinates></Point></Placemark><Placemark><TimeSpan><begin>2020-03-03T12:12:29Z</begin><end>2020-03-03T12:12:32Z</end></TimeSpan><styleUrl>#point</styleUrl><Point><altitudeMode>clampToGround</altitudeMode><coordinates>19.094331990927458,-33.641121005639434,481.75999999999999</coordinates></Point></Placemark><Placemark><TimeSpan><begin>2020-03-03T12:12:32Z</begin><end>2020-03-03T12:12:33Z</end></TimeSpan><styleUrl>#point</styleUrl><Point><altitudeMode>clampToGround</altitudeMode><coordinates>19.094224032014608,-33.641083035618067,480.80000000000001</coordinates></Point></Placemark><Placemark><TimeSpan><begin>2020-03-03T12:12:33Z</begin><end>2020-03-03T12:12:34Z</end></TimeSpan><styleUrl>#point</styleUrl><Point><altitudeMode>clampToGround</altitudeMode><coordinates>19.09410098567605,-33.641089992597699,479.83999999999997</coordinates></Point></Placemark><Placemark><TimeSpan><begin>2020-03-03T12:12:34Z</begin><end>2020-03-03T12:12:35Z</end></TimeSpan><styleUrl>#point</styleUrl><Point><altitudeMode>clampToGround</altitudeMode><coordinates>19.093982968479395,-33.641130980104208,479.35000000000002</coordinates></Point></Placemark><Placemark><TimeSpan><begin>2020-03-03T12:12:35Z</begin><end>2020-03-03T12:12:36Z</end></TimeSpan><styleUrl>#point</styleUrl><Point><altitudeMode>clampToGround</altitudeMode><coordinates>19.093870986253023,-33.641203986480832,478.87</coordinates></Point></Placemark><Placemark><TimeSpan><begin>2020-03-03T12:12:36Z</begin><end>2020-03-03T12:12:37Z</end></TimeSpan><styleUrl>#point</styleUrl><Point><altitudeMode>clampToGround</altitudeMode><coordinates>19.093762021511793,-33.641297025606036,477.91000000000003</coordinates></Point></Placemark><Placemark><TimeSpan><begin>2020-03-03T12:12:37Z</begin><end>2020-03-03T12:12:38Z</end></TimeSpan><styleUrl>#point</styleUrl><Point><altitudeMode>clampToGround</altitudeMode><coordinates>19.093649033457041,-33.641395010054111,476.47000000000003</coordinates></Point></Placemark><Placemark><TimeSpan><begin>2020-03-03T12:12:38Z</begin><end>2020-03-03T12:12:41Z</end></TimeSpan><styleUrl>#point</styleUrl><Point><altitudeMode>clampToGround</altitudeMode><coordinates>19.093336975201964,-33.64165099337697,473.11000000000001</coordinates></Point></Placemark><Placemark><TimeSpan><begin>2020-03-03T12:12:41Z</begin><end>2020-03-03T12:12:42Z</end></TimeSpan><styleUrl>#point</styleUrl><Point><altitudeMode>clampToGround</altitudeMode><coordinates>19.093233039602637,-33.641696004197001,472.13999999999999</coordinates></Point></Placemark><Placemark><TimeSpan><begin>2020-03-03T12:12:42Z</begin><end>2020-03-03T12:12:43Z</end></TimeSpan><styleUrl>#point</styleUrl><Point><altitudeMode>clampToGround</altitudeMode><coordinates>19.093117034062743,-33.641711007803679,470.69999999999999</coordinates></Point></Placemark><Placemark><TimeSpan><begin>2020-03-03T12:12:43Z</begin><end>2020-03-03T12:12:44Z</end></TimeSpan><styleUrl>#point</styleUrl><Point><altitudeMode>clampToGround</altitudeMode><coordinates>19.092992981895804,-33.641699021682143,470.22000000000003</coordinates></Point></Placemark><Placemark><TimeSpan><begin>2020-03-03T12:12:44Z</begin><end>2020-03-03T12:12:45Z</end></TimeSpan><styleUrl>#point</styleUrl><Point><altitudeMode>clampToGround</altitudeMode><coordinates>19.092868007719517,-33.641669014468789,469.25999999999999</coordinates></Point></Placemark><Placemark><TimeSpan><begin>2020-03-03T12:12:45Z</begin><end>2020-03-03T12:12:46Z</end></TimeSpan><styleUrl>#point</styleUrl><Point><altitudeMode>clampToGround</altitudeMode><coordinates>19.092726018279791,-33.641624003648758,468.30000000000001</coordinates></Point></Placemark><Placemark><TimeSpan><begin>2020-03-03T12:12:46Z</begin><end>2020-03-03T12:12:48Z</end></TimeSpan><styleUrl>#point</styleUrl><Point><altitudeMode>clampToGround</altitudeMode><coordinates>19.092413960024714,-33.641566000878811,468.30000000000001</coordinates></Point></Placemark><Placemark><TimeSpan><begin>2020-03-03T12:12:48Z</begin><end>2020-03-03T12:12:49Z</end></TimeSpan><styleUrl>#point</styleUrl><Point><altitudeMode>clampToGround</altitudeMode><coordinates>19.092269036918879,-33.641568012535572,467.81999999999999</coordinates></Point></Placemark><Placemark><TimeSpan><begin>2020-03-03T12:12:49Z</begin><end>2020-03-03T12:12:50Z</end></TimeSpan><styleUrl>#point</styleUrl><Point><altitudeMode>clampToGround</altitudeMode><coordinates>19.092126963660121,-33.641573963686824,467.33999999999997</coordinates></Point></Placemark><Placemark><TimeSpan><begin>2020-03-03T12:12:50Z</begin><end>2020-03-03T12:12:51Z</end></TimeSpan><styleUrl>#point</styleUrl><Point><altitudeMode>clampToGround</altitudeMode><coordinates>19.092001989483833,-33.641558038070798,466.86000000000001</coordinates></Point></Placemark><Placemark><TimeSpan><begin>2020-03-03T12:12:51Z</begin><end>2020-03-03T12:12:52Z</end></TimeSpan><styleUrl>#point</styleUrl><Point><altitudeMode>clampToGround</altitudeMode><coordinates>19.09191096201539,-33.641506992280483,465.89999999999998</coordinates></Point></Placemark><Placemark><TimeSpan><begin>2020-03-03T12:12:52Z</begin><end>2020-03-03T12:12:53Z</end></TimeSpan><styleUrl>#point</styleUrl><Point><altitudeMode>clampToGround</altitudeMode><coordinates>19.091838039457798,-33.641440020874143,465.42000000000002</coordinates></Point></Placemark><Placemark><TimeSpan><begin>2020-03-03T12:12:53Z</begin><end>2020-03-03T12:12:54Z</end></TimeSpan><styleUrl>#point</styleUrl><Point><altitudeMode>clampToGround</altitudeMode><coordinates>19.091766038909554,-33.641357962042093,464.44999999999999</coordinates></Point></Placemark><Placemark><TimeSpan><begin>2020-03-03T12:12:54Z</begin><end>2020-03-03T12:12:56Z</end></TimeSpan><styleUrl>#point</styleUrl><Point><altitudeMode>clampToGround</altitudeMode><coordinates>19.091590018942952,-33.641186971217394,463.97000000000003</coordinates></Point></Placemark><Placemark><TimeSpan><begin>2020-03-03T12:12:56Z</begin><end>2020-03-03T12:12:57Z</end></TimeSpan><styleUrl>#point</styleUrl><Point><altitudeMode>clampToGround</altitudeMode><coordinates>19.091467978432775,-33.641115976497531,463.49000000000001</coordinates></Point></Placemark><Placemark><TimeSpan><begin>2020-03-03T12:12:57Z</begin><end>2020-03-03T12:12:58Z</end></TimeSpan><styleUrl>#point</styleUrl><Point><altitudeMode>clampToGround</altitudeMode><coordinates>19.091334035620093,-33.641060991212726,463.00999999999999</coordinates></Point></Placemark><Placemark><TimeSpan><begin>2020-03-03T12:12:58Z</begin><end>2020-03-03T12:13:01Z</end></TimeSpan><styleUrl>#point</styleUrl><Point><altitudeMode>clampToGround</altitudeMode><coordinates>19.091012002900243,-33.640888994559646,461.56999999999999</coordinates></Point></Placemark><Placemark><TimeSpan><begin>2020-03-03T12:13:01Z</begin><end>2020-03-03T12:13:02Z</end></TimeSpan><styleUrl>#point</styleUrl><Point><altitudeMode>clampToGround</altitudeMode><coordinates>19.090962968766689,-33.640804002061486,461.08999999999997</coordinates></Point></Placemark><Placemark><TimeSpan><begin>2020-03-03T12:13:02Z</begin><end>2020-03-03T12:13:03Z</end></TimeSpan><styleUrl>#point</styleUrl><Point><altitudeMode>clampToGround</altitudeMode><coordinates>19.090960035100579,-33.640712974593043,460.61000000000001</coordinates></Point></Placemark><Placemark><TimeSpan><begin>2020-03-03T12:13:03Z</begin><end>2020-03-03T12:13:04Z</end></TimeSpan><styleUrl>#point</styleUrl><Point><altitudeMode>clampToGround</altitudeMode><coordinates>19.090980989858508,-33.640607027336955,460.13</coordinates></Point></Placemark><Placemark><TimeSpan><begin>2020-03-03T12:13:04Z</begin><end>2020-03-03T12:13:05Z</end></TimeSpan><styleUrl>#point</styleUrl><Point><altitudeMode>clampToGround</altitudeMode><coordinates>19.091018037870526,-33.640497978776693,459.17000000000002</coordinates></Point></Placemark><Placemark><TimeSpan><begin>2020-03-03T12:13:05Z</begin><end>2020-03-03T12:13:06Z</end></TimeSpan><styleUrl>#point</styleUrl><Point><altitudeMode>clampToGround</altitudeMode><coordinates>19.091048967093229,-33.640362024307251,458.20999999999998</coordinates></Point></Placemark><Placemark><TimeSpan><begin>2020-03-03T12:13:06Z</begin><end>2020-03-03T12:13:07Z</end></TimeSpan><styleUrl>#point</styleUrl><Point><altitudeMode>clampToGround</altitudeMode><coordinates>19.091043015941978,-33.640239983797073,457.24000000000001</coordinates></Point></Placemark><Placemark><TimeSpan><begin>2020-03-03T12:13:07Z</begin><end>2020-03-03T12:13:08Z</end></TimeSpan><styleUrl>#point</styleUrl><Point><altitudeMode>clampToGround</altitudeMode><coordinates>19.091014014557004,-33.640110986307263,456.75999999999999</coordinates></Point></Placemark><Placemark><TimeSpan><begin>2020-03-03T12:13:08Z</begin><end>2020-03-03T12:13:16Z</end></TimeSpan><styleUrl>#point</styleUrl><Point><altitudeMode>clampToGround</altitudeMode><coordinates>19.090548986569047,-33.639058973640203,454.83999999999997</coordinates></Point></Placemark><Placemark><TimeSpan><begin>2020-03-03T12:13:16Z</begin><end>2020-03-03T12:13:17Z</end></TimeSpan><styleUrl>#point</styleUrl><Point><altitudeMode>clampToGround</altitudeMode><coordinates>19.090473968535662,-33.638960989192128,454.83999999999997</coordinates></Point></Placemark><Placemark><TimeSpan><begin>2020-03-03T12:13:17Z</begin><end>2020-03-03T12:13:18Z</end></TimeSpan><styleUrl>#point</styleUrl><Point><altitudeMode>clampToGround</altitudeMode><coordinates>19.09038201905787,-33.638886976987123,454.83999999999997</coordinates></Point></Placemark><Placemark><TimeSpan><begin>2020-03-03T12:13:18Z</begin><end>2020-03-03T12:13:19Z</end></TimeSpan><styleUrl>#point</styleUrl><Point><altitudeMode>clampToGround</altitudeMode><coordinates>19.09027598798275,-33.638840960338712,454.83999999999997</coordinates></Point></Placemark><Placemark><TimeSpan><begin>2020-03-03T12:13:19Z</begin><end>2020-03-03T12:13:20Z</end></TimeSpan><styleUrl>#point</styleUrl><Point><altitudeMode>clampToGround</altitudeMode><coordinates>19.090161994099617,-33.638834003359079,454.83999999999997</coordinates></Point></Placemark><Placemark><TimeSpan><begin>2020-03-03T12:13:20Z</begin><end>2020-03-03T12:13:21Z</end></TimeSpan><styleUrl>#point</styleUrl><Point><altitudeMode>clampToGround</altitudeMode><coordinates>19.090055963024497,-33.638867028057575,455.31999999999999</coordinates></Point></Placemark><Placemark><TimeSpan><begin>2020-03-03T12:13:21Z</begin><end>2020-03-03T12:13:22Z</end></TimeSpan><styleUrl>#point</styleUrl><Point><altitudeMode>clampToGround</altitudeMode><coordinates>19.089975999668241,-33.638927964493632,455.80000000000001</coordinates></Point></Placemark><Placemark><TimeSpan><begin>2020-03-03T12:13:22Z</begin><end>2020-03-03T12:13:23Z</end></TimeSpan><styleUrl>#point</styleUrl><Point><altitudeMode>clampToGround</altitudeMode><coordinates>19.089936017990112,-33.63902997225523,456.27999999999997</coordinates></Point></Placemark><Placemark><TimeSpan><begin>2020-03-03T12:13:23Z</begin><end>2020-03-03T12:13:24Z</end></TimeSpan><styleUrl>#point</styleUrl><Point><altitudeMode>clampToGround</altitudeMode><coordinates>19.089925959706306,-33.639133991673589,456.75999999999999</coordinates></Point></Placemark><Placemark><TimeSpan><begin>2020-03-03T12:13:24Z</begin><end>2020-03-03T12:13:25Z</end></TimeSpan><styleUrl>#point</styleUrl><Point><altitudeMode>clampToGround</altitudeMode><coordinates>19.089924031868577,-33.639249997213483,457.24000000000001</coordinates></Point></Placemark><Placemark><TimeSpan><begin>2020-03-03T12:13:25Z</begin><end>2020-03-03T12:13:33Z</end></TimeSpan><styleUrl>#point</styleUrl><Point><altitudeMode>clampToGround</altitudeMode><coordinates>19.089683974161744,-33.640350038185716,456.75999999999999</coordinates></Point></Placemark><Placemark><TimeSpan><begin>2020-03-03T12:13:33Z</begin><end>2020-03-03T12:13:35Z</end></TimeSpan><styleUrl>#point</styleUrl><Point><altitudeMode>clampToGround</altitudeMode><coordinates>19.089611973613501,-33.64059898070991,457.24000000000001</coordinates></Point></Placemark><Placemark><TimeSpan><begin>2020-03-03T12:13:35Z</begin><end>2020-03-03T12:13:36Z</end></TimeSpan><styleUrl>#point</styleUrl><Point><altitudeMode>clampToGround</altitudeMode><coordinates>19.089548019692302,-33.640696965157986,456.27999999999997</coordinates></Point></Placemark><Placemark><TimeSpan><begin>2020-03-03T12:13:36Z</begin><end>2020-03-03T12:13:37Z</end></TimeSpan><styleUrl>#point</styleUrl><Point><altitudeMode>clampToGround</altitudeMode><coordinates>19.089456992223859,-33.640780029818416,455.31999999999999</coordinates></Point></Placemark><Placemark><TimeSpan><begin>2020-03-03T12:13:37Z</begin><end>2020-03-03T12:13:38Z</end></TimeSpan><styleUrl>#point</styleUrl><Point><altitudeMode>clampToGround</altitudeMode><coordinates>19.0893529728055,-33.640843983739614,455.31999999999999</coordinates></Point></Placemark><Placemark><TimeSpan><begin>2020-03-03T12:13:38Z</begin><end>2020-03-03T12:13:39Z</end></TimeSpan><styleUrl>#point</styleUrl><Point><altitudeMode>clampToGround</altitudeMode><coordinates>19.089229004457593,-33.64089603535831,455.31999999999999</coordinates></Point></Placemark><Placemark><TimeSpan><begin>2020-03-03T12:13:39Z</begin><end>2020-03-03T12:13:40Z</end></TimeSpan><styleUrl>#point</styleUrl><Point><altitudeMode>clampToGround</altitudeMode><coordinates>19.089095983654261,-33.640937022864819,454.83999999999997</coordinates></Point></Placemark><Placemark><TimeSpan><begin>2020-03-03T12:13:40Z</begin><end>2020-03-03T12:13:41Z</end></TimeSpan><styleUrl>#point</styleUrl><Point><altitudeMode>clampToGround</altitudeMode><coordinates>19.088959023356438,-33.640977004542947,453.88</coordinates></Point></Placemark><Placemark><TimeSpan><begin>2020-03-03T12:13:41Z</begin><end>2020-03-03T12:13:44Z</end></TimeSpan><styleUrl>#point</styleUrl><Point><altitudeMode>clampToGround</altitudeMode><coordinates>19.088532971218228,-33.641140032559633,451.95999999999998</coordinates></Point></Placemark><Placemark><TimeSpan><begin>2020-03-03T12:13:44Z</begin><end>2020-03-03T12:13:45Z</end></TimeSpan><styleUrl>#point</styleUrl><Point><altitudeMode>clampToGround</altitudeMode><coordinates>19.088415959849954,-33.641214966773987,451.48000000000002</coordinates></Point></Placemark><Placemark><TimeSpan><begin>2020-03-03T12:13:45Z</begin><end>2020-03-03T12:13:46Z</end></TimeSpan><styleUrl>#point</styleUrl><Point><altitudeMode>clampToGround</altitudeMode><coordinates>19.088332979008555,-33.641310017555952,451</coordinates></Point></Placemark><Placemark><TimeSpan><begin>2020-03-03T12:13:46Z</begin><end>2020-03-03T12:13:47Z</end></TimeSpan><styleUrl>#point</styleUrl><Point><altitudeMode>clampToGround</altitudeMode><coordinates>19.088289979845285,-33.641416970640421,450.02999999999997</coordinates></Point></Placemark><Placemark><TimeSpan><begin>2020-03-03T12:13:47Z</begin><end>2020-03-03T12:13:48Z</end></TimeSpan><styleUrl>#point</styleUrl><Point><altitudeMode>clampToGround</altitudeMode><coordinates>19.088286040350795,-33.641527025029063,449.55000000000001</coordinates></Point></Placemark><Placemark><TimeSpan><begin>2020-03-03T12:13:48Z</begin><end>2020-03-03T12:13:49Z</end></TimeSpan><styleUrl>#point</styleUrl><Point><altitudeMode>clampToGround</altitudeMode><coordinates>19.088324010372162,-33.641631966456771,449.06999999999999</coordinates></Point></Placemark><Placemark><TimeSpan><begin>2020-03-03T12:13:49Z</begin><end>2020-03-03T12:13:50Z</end></TimeSpan><styleUrl>#point</styleUrl><Point><altitudeMode>clampToGround</altitudeMode><coordinates>19.088377989828587,-33.641739003360271,449.06999999999999</coordinates></Point></Placemark><Placemark><TimeSpan><begin>2020-03-03T12:13:50Z</begin><end>2020-03-03T12:13:51Z</end></TimeSpan><styleUrl>#point</styleUrl><Point><altitudeMode>clampToGround</altitudeMode><coordinates>19.088441021740437,-33.641848973929882,449.06999999999999</coordinates></Point></Placemark><Placemark><TimeSpan><begin>2020-03-03T12:13:51Z</begin><end>2020-03-03T12:14:01Z</end></TimeSpan><styleUrl>#point</styleUrl><Point><altitudeMode>clampToGround</altitudeMode><coordinates>19.089073017239571,-33.642900986596942,446.67000000000002</coordinates></Point></Placemark><Placemark><TimeSpan><begin>2020-03-03T12:14:01Z</begin><end>2020-03-03T12:14:02Z</end></TimeSpan><styleUrl>#point</styleUrl><Point><altitudeMode>clampToGround</altitudeMode><coordinates>19.089093971997499,-33.642996959388256,446.67000000000002</coordinates></Point></Placemark><Placemark><TimeSpan><begin>2020-03-03T12:14:02Z</begin><end>2020-03-03T12:14:03Z</end></TimeSpan><styleUrl>#point</styleUrl><Point><altitudeMode>clampToGround</altitudeMode><coordinates>19.089097995311022,-33.643096033483744,446.67000000000002</coordinates></Point></Placemark><Placemark><TimeSpan><begin>2020-03-03T12:14:03Z</begin><end>2020-03-03T12:14:04Z</end></TimeSpan><styleUrl>#point</styleUrl><Point><altitudeMode>clampToGround</altitudeMode><coordinates>19.089081985875964,-33.643198041245341,446.67000000000002</coordinates></Point></Placemark><Placemark><TimeSpan><begin>2020-03-03T12:14:04Z</begin><end>2020-03-03T12:14:05Z</end></TimeSpan><styleUrl>#point</styleUrl><Point><altitudeMode>clampToGround</altitudeMode><coordinates>19.089027000591159,-33.643307005986571,446.67000000000002</coordinates></Point></Placemark><Placemark><TimeSpan><begin>2020-03-03T12:14:05Z</begin><end>2020-03-03T12:14:06Z</end></TimeSpan><styleUrl>#point</styleUrl><Point><altitudeMode>clampToGround</altitudeMode><coordinates>19.088953994214535,-33.643399039283395,446.67000000000002</coordinates></Point></Placemark><Placemark><TimeSpan><begin>2020-03-03T12:14:06Z</begin><end>2020-03-03T12:14:07Z</end></TimeSpan><styleUrl>#point</styleUrl><Point><altitudeMode>clampToGround</altitudeMode><coordinates>19.088869001716375,-33.64347699098289,446.67000000000002</coordinates></Point></Placemark><Placemark><TimeSpan><begin>2020-03-03T12:14:07Z</begin><end>2020-03-03T12:14:08Z</end></TimeSpan><styleUrl>#point</styleUrl><Point><altitudeMode>clampToGround</altitudeMode><coordinates>19.088759031146765,-33.643508004024625,447.63</coordinates></Point></Placemark><Placemark><TimeSpan><begin>2020-03-03T12:14:08Z</begin><end>2020-03-03T12:14:09Z</end></TimeSpan><styleUrl>#point</styleUrl><Point><altitudeMode>clampToGround</altitudeMode><coordinates>19.088631039485335,-33.643527030944824,447.63</coordinates></Point></Placemark><Placemark><TimeSpan><begin>2020-03-03T12:14:09Z</begin><end>2020-03-03T12:14:10Z</end></TimeSpan><styleUrl>#point</styleUrl><Point><altitudeMode>clampToGround</altitudeMode><coordinates>19.088495001196861,-33.643520995974541,447.14999999999998</coordinates></Point></Placemark><Placemark><TimeSpan><begin>2020-03-03T12:14:10Z</begin><end>2020-03-03T12:14:11Z</end></TimeSpan><styleUrl>#point</styleUrl><Point><altitudeMode>clampToGround</altitudeMode><coordinates>19.088345970958471,-33.643486965447664,447.63</coordinates></Point></Placemark><Placemark><TimeSpan><begin>2020-03-03T12:14:11Z</begin><end>2020-03-03T12:14:12Z</end></TimeSpan><styleUrl>#point</styleUrl><Point><altitudeMode>clampToGround</altitudeMode><coordinates>19.088218985125422,-33.643412031233311,447.63</coordinates></Point></Placemark><Placemark><TimeSpan><begin>2020-03-03T12:14:12Z</begin><end>2020-03-03T12:14:13Z</end></TimeSpan><styleUrl>#point</styleUrl><Point><altitudeMode>clampToGround</altitudeMode><coordinates>19.08812502399087,-33.64332402125001,447.14999999999998</coordinates></Point></Placemark><Placemark><TimeSpan><begin>2020-03-03T12:14:13Z</begin><end>2020-03-03T12:14:14Z</end></TimeSpan><styleUrl>#point</styleUrl><Point><altitudeMode>clampToGround</altitudeMode><coordinates>19.088053023442626,-33.643213966861367,446.67000000000002</coordinates></Point></Placemark><Placemark><TimeSpan><begin>2020-03-03T12:14:14Z</begin><end>2020-03-03T12:14:15Z</end></TimeSpan><styleUrl>#point</styleUrl><Point><altitudeMode>clampToGround</altitudeMode><coordinates>19.087993009015918,-33.643093015998602,446.19</coordinates></Point></Placemark><Placemark><TimeSpan><begin>2020-03-03T12:14:15Z</begin><end>2020-03-03T12:14:22Z</end></TimeSpan><styleUrl>#point</styleUrl><Point><altitudeMode>clampToGround</altitudeMode><coordinates>19.087290018796921,-33.642175029963255,438.01999999999998</coordinates></Point></Placemark><Placemark><TimeSpan><begin>2020-03-03T12:14:22Z</begin><end>2020-03-03T12:14:25Z</end></TimeSpan><styleUrl>#point</styleUrl><Point><altitudeMode>clampToGround</altitudeMode><coordinates>19.086905959993601,-33.64190798252821,436.10000000000002</coordinates></Point></Placemark><Placemark><TimeSpan><begin>2020-03-03T12:14:25Z</begin><end>2020-03-03T12:14:26Z</end></TimeSpan><styleUrl>#point</styleUrl><Point><altitudeMode>clampToGround</altitudeMode><coordinates>19.086768999695778,-33.641854003071785,434.17000000000002</coordinates></Point></Placemark><Placemark><TimeSpan><begin>2020-03-03T12:14:26Z</begin><end>2020-03-03T12:14:27Z</end></TimeSpan><styleUrl>#point</styleUrl><Point><altitudeMode>clampToGround</altitudeMode><coordinates>19.086617035791278,-33.641829025000334,433.69</coordinates></Point></Placemark><Placemark><TimeSpan><begin>2020-03-03T12:14:27Z</begin><end>2020-03-03T12:14:28Z</end></TimeSpan><styleUrl>#point</styleUrl><Point><altitudeMode>clampToGround</altitudeMode><coordinates>19.086459036916494,-33.641827013343573,433.20999999999998</coordinates></Point></Placemark><Placemark><TimeSpan><begin>2020-03-03T12:14:28Z</begin><end>2020-03-03T12:14:29Z</end></TimeSpan><styleUrl>#point</styleUrl><Point><altitudeMode>clampToGround</altitudeMode><coordinates>19.086309000849724,-33.641846962273121,432.25</coordinates></Point></Placemark><Placemark><TimeSpan><begin>2020-03-03T12:14:29Z</begin><end>2020-03-03T12:14:30Z</end></TimeSpan><styleUrl>#point</styleUrl><Point><altitudeMode>clampToGround</altitudeMode><coordinates>19.086174974218011,-33.641890967264771,431.29000000000002</coordinates></Point></Placemark><Placemark><TimeSpan><begin>2020-03-03T12:14:30Z</begin><end>2020-03-03T12:14:31Z</end></TimeSpan><styleUrl>#point</styleUrl><Point><altitudeMode>clampToGround</altitudeMode><coordinates>19.086057040840387,-33.641959028318524,431.29000000000002</coordinates></Point></Placemark><Placemark><TimeSpan><begin>2020-03-03T12:14:31Z</begin><end>2020-03-03T12:14:32Z</end></TimeSpan><styleUrl>#point</styleUrl><Point><altitudeMode>clampToGround</altitudeMode><coordinates>19.085961990058422,-33.642041003331542,430.81</coordinates></Point></Placemark><Placemark><TimeSpan><begin>2020-03-03T12:14:32Z</begin><end>2020-03-03T12:14:33Z</end></TimeSpan><styleUrl>#point</styleUrl><Point><altitudeMode>clampToGround</altitudeMode><coordinates>19.085879009217024,-33.642113003879786,430.81</coordinates></Point></Placemark><Placemark><TimeSpan><begin>2020-03-03T12:14:33Z</begin><end>2020-03-03T12:14:34Z</end></TimeSpan><styleUrl>#point</styleUrl><Point><altitudeMode>clampToGround</altitudeMode><coordinates>19.085787981748581,-33.642156003043056,430.32999999999998</coordinates></Point></Placemark><Placemark><TimeSpan><begin>2020-03-03T12:14:34Z</begin><end>2020-03-03T12:14:35Z</end></TimeSpan><styleUrl>#point</styleUrl><Point><altitudeMode>clampToGround</altitudeMode><coordinates>19.085689997300506,-33.642164971679449,429.85000000000002</coordinates></Point></Placemark><Placemark><TimeSpan><begin>2020-03-03T12:14:35Z</begin><end>2020-03-03T12:14:36Z</end></TimeSpan><styleUrl>#point</styleUrl><Point><altitudeMode>clampToGround</altitudeMode><coordinates>19.08559201285243,-33.642139993607998,429.37</coordinates></Point></Placemark><Placemark><TimeSpan><begin>2020-03-03T12:14:36Z</begin><end>2020-03-03T12:14:37Z</end></TimeSpan><styleUrl>#point</styleUrl><Point><altitudeMode>clampToGround</altitudeMode><coordinates>19.08550500869751,-33.642086014151573,428.88999999999999</coordinates></Point></Placemark><Placemark><TimeSpan><begin>2020-03-03T12:14:37Z</begin><end>2020-03-03T12:14:38Z</end></TimeSpan><styleUrl>#point</styleUrl><Point><altitudeMode>clampToGround</altitudeMode><coordinates>19.085429990664124,-33.642003033310175,428.88999999999999</coordinates></Point></Placemark><Placemark><TimeSpan><begin>2020-03-03T12:14:38Z</begin><end>2020-03-03T12:14:39Z</end></TimeSpan><styleUrl>#point</styleUrl><Point><altitudeMode>clampToGround</altitudeMode><coordinates>19.085365030914545,-33.641903959214687,427.44</coordinates></Point></Placemark><Placemark><TimeSpan><begin>2020-03-03T12:14:39Z</begin><end>2020-03-03T12:14:40Z</end></TimeSpan><styleUrl>#point</styleUrl><Point><altitudeMode>clampToGround</altitudeMode><coordinates>19.085318008437753,-33.641770016402006,426</coordinates></Point></Placemark><Placemark><TimeSpan><begin>2020-03-03T12:14:40Z</begin><end>2020-03-03T12:14:41Z</end></TimeSpan><styleUrl>#point</styleUrl><Point><altitudeMode>clampToGround</altitudeMode><coordinates>19.085274003446102,-33.64163096062839,425.04000000000002</coordinates></Point></Placemark><Placemark><TimeSpan><begin>2020-03-03T12:14:41Z</begin><end>2020-03-03T12:14:43Z</end></TimeSpan><styleUrl>#point</styleUrl><Point><altitudeMode>clampToGround</altitudeMode><coordinates>19.085199991241097,-33.641342036426067,421.68000000000001</coordinates></Point></Placemark><Placemark><TimeSpan><begin>2020-03-03T12:14:43Z</begin><end>2020-03-03T12:14:44Z</end></TimeSpan><styleUrl>#point</styleUrl><Point><altitudeMode>clampToGround</altitudeMode><coordinates>19.085127990692854,-33.64121999591589,420.70999999999998</coordinates></Point></Placemark><Placemark><TimeSpan><begin>2020-03-03T12:14:44Z</begin><end>2020-03-03T12:14:45Z</end></TimeSpan><styleUrl>#point</styleUrl><Point><altitudeMode>clampToGround</altitudeMode><coordinates>19.085024977102876,-33.641108013689518,419.26999999999998</coordinates></Point></Placemark><Placemark><TimeSpan><begin>2020-03-03T12:14:45Z</begin><end>2020-03-03T12:14:46Z</end></TimeSpan><styleUrl>#point</styleUrl><Point><altitudeMode>clampToGround</altitudeMode><coordinates>19.084892962127924,-33.64102503284812,417.82999999999998</coordinates></Point></Placemark><Placemark><TimeSpan><begin>2020-03-03T12:14:46Z</begin><end>2020-03-03T12:14:47Z</end></TimeSpan><styleUrl>#point</styleUrl><Point><altitudeMode>clampToGround</altitudeMode><coordinates>19.084737980738282,-33.640967030078173,416.38999999999999</coordinates></Point></Placemark><Placemark><TimeSpan><begin>2020-03-03T12:14:47Z</begin><end>2020-03-03T12:14:48Z</end></TimeSpan><styleUrl>#point</styleUrl><Point><altitudeMode>clampToGround</altitudeMode><coordinates>19.084569001570344,-33.640935011208057,414.94999999999999</coordinates></Point></Placemark><Placemark><TimeSpan><begin>2020-03-03T12:14:48Z</begin><end>2020-03-03T12:14:49Z</end></TimeSpan><styleUrl>#point</styleUrl><Point><altitudeMode>clampToGround</altitudeMode><coordinates>19.084397004917264,-33.640927970409393,412.54000000000002</coordinates></Point></Placemark><Placemark><TimeSpan><begin>2020-03-03T12:14:49Z</begin><end>2020-03-03T12:14:50Z</end></TimeSpan><styleUrl>#point</styleUrl><Point><altitudeMode>clampToGround</altitudeMode><coordinates>19.084221990779042,-33.640940962359309,411.57999999999998</coordinates></Point></Placemark><Placemark><TimeSpan><begin>2020-03-03T12:14:50Z</begin><end>2020-03-03T12:14:51Z</end></TimeSpan><styleUrl>#point</styleUrl><Point><altitudeMode>clampToGround</altitudeMode><coordinates>19.084047982469201,-33.640971975401044,411.57999999999998</coordinates></Point></Placemark><Placemark><TimeSpan><begin>2020-03-03T12:14:51Z</begin><end>2020-03-03T12:14:52Z</end></TimeSpan><styleUrl>#point</styleUrl><Point><altitudeMode>clampToGround</altitudeMode><coordinates>19.083886966109276,-33.641014974564314,410.62</coordinates></Point></Placemark><Placemark><TimeSpan><begin>2020-03-03T12:14:52Z</begin><end>2020-03-03T12:14:53Z</end></TimeSpan><styleUrl>#point</styleUrl><Point><altitudeMode>clampToGround</altitudeMode><coordinates>19.083732990548015,-33.6410709656775,409.18000000000001</coordinates></Point></Placemark><Placemark><TimeSpan><begin>2020-03-03T12:14:53Z</begin><end>2020-03-03T12:14:54Z</end></TimeSpan><styleUrl>#point</styleUrl><Point><altitudeMode>clampToGround</altitudeMode><coordinates>19.083586977794766,-33.64113399758935,408.22000000000003</coordinates></Point></Placemark><Placemark><TimeSpan><begin>2020-03-03T12:14:54Z</begin><end>2020-03-03T12:14:55Z</end></TimeSpan><styleUrl>#point</styleUrl><Point><altitudeMode>clampToGround</altitudeMode><coordinates>19.083439959213138,-33.641184959560633,407.25999999999999</coordinates></Point></Placemark><Placemark><TimeSpan><begin>2020-03-03T12:14:55Z</begin><end>2020-03-03T12:14:56Z</end></TimeSpan><styleUrl>#point</styleUrl><Point><altitudeMode>clampToGround</altitudeMode><coordinates>19.083283971995115,-33.641213960945606,406.76999999999998</coordinates></Point></Placemark><Placemark><TimeSpan><begin>2020-03-03T12:14:56Z</begin><end>2020-03-03T12:14:57Z</end></TimeSpan><styleUrl>#point</styleUrl><Point><altitudeMode>clampToGround</altitudeMode><coordinates>19.083118010312319,-33.641215972602367,405.32999999999998</coordinates></Point></Placemark><Placemark><TimeSpan><begin>2020-03-03T12:14:57Z</begin><end>2020-03-03T12:14:58Z</end></TimeSpan><styleUrl>#point</styleUrl><Point><altitudeMode>clampToGround</altitudeMode><coordinates>19.082957999780774,-33.64119803532958,403.88999999999999</coordinates></Point></Placemark><Placemark><TimeSpan><begin>2020-03-03T12:14:58Z</begin><end>2020-03-03T12:14:59Z</end></TimeSpan><styleUrl>#point</styleUrl><Point><altitudeMode>clampToGround</altitudeMode><coordinates>19.08279899507761,-33.641172973439097,402.93000000000001</coordinates></Point></Placemark><Placemark><TimeSpan><begin>2020-03-03T12:14:59Z</begin><end>2020-03-03T12:15:00Z</end></TimeSpan><styleUrl>#point</styleUrl><Point><altitudeMode>clampToGround</altitudeMode><coordinates>19.082648959010839,-33.641140032559633,401.97000000000003</coordinates></Point></Placemark><Placemark><TimeSpan><begin>2020-03-03T12:15:00Z</begin><end>2020-03-03T12:15:01Z</end></TimeSpan><styleUrl>#point</styleUrl><Point><altitudeMode>clampToGround</altitudeMode><coordinates>19.082519961521029,-33.641094015911222,401.00999999999999</coordinates></Point></Placemark><Placemark><TimeSpan><begin>2020-03-03T12:15:01Z</begin><end>2020-03-03T12:15:02Z</end></TimeSpan><styleUrl>#point</styleUrl><Point><altitudeMode>clampToGround</altitudeMode><coordinates>19.082422982901335,-33.641014974564314,400.05000000000001</coordinates></Point></Placemark><Placemark><TimeSpan><begin>2020-03-03T12:15:02Z</begin><end>2020-03-03T12:15:03Z</end></TimeSpan><styleUrl>#point</styleUrl><Point><altitudeMode>clampToGround</altitudeMode><coordinates>19.082329021766782,-33.640928976237774,399.07999999999998</coordinates></Point></Placemark><Placemark><TimeSpan><begin>2020-03-03T12:15:03Z</begin><end>2020-03-03T12:15:04Z</end></TimeSpan><styleUrl>#point</styleUrl><Point><altitudeMode>clampToGround</altitudeMode><coordinates>19.082235982641578,-33.64083300344646,398.12</coordinates></Point></Placemark><Placemark><TimeSpan><begin>2020-03-03T12:15:04Z</begin><end>2020-03-03T12:15:16Z</end></TimeSpan><styleUrl>#point</styleUrl><Point><altitudeMode>clampToGround</altitudeMode><coordinates>19.080966040492058,-33.639654004946351,384.66000000000003</coordinates></Point></Placemark><Placemark><TimeSpan><begin>2020-03-03T12:15:16Z</begin><end>2020-03-03T12:15:17Z</end></TimeSpan><styleUrl>#point</styleUrl><Point><altitudeMode>clampToGround</altitudeMode><coordinates>19.0808429941535,-33.639596002176404,382.74000000000001</coordinates></Point></Placemark><Placemark><TimeSpan><begin>2020-03-03T12:15:17Z</begin><end>2020-03-03T12:15:18Z</end></TimeSpan><styleUrl>#point</styleUrl><Point><altitudeMode>clampToGround</altitudeMode><coordinates>19.080710979178548,-33.639559959992766,380.81999999999999</coordinates></Point></Placemark><Placemark><TimeSpan><begin>2020-03-03T12:15:18Z</begin><end>2020-03-03T12:15:19Z</end></TimeSpan><styleUrl>#point</styleUrl><Point><altitudeMode>clampToGround</altitudeMode><coordinates>19.080558009445667,-33.639551997184753,379.86000000000001</coordinates></Point></Placemark><Placemark><TimeSpan><begin>2020-03-03T12:15:19Z</begin><end>2020-03-03T12:15:20Z</end></TimeSpan><styleUrl>#point</styleUrl><Point><altitudeMode>clampToGround</altitudeMode><coordinates>19.0803939756006,-33.639563983306289,378.89999999999998</coordinates></Point></Placemark><Placemark><TimeSpan><begin>2020-03-03T12:15:20Z</begin><end>2020-03-03T12:15:21Z</end></TimeSpan><styleUrl>#point</styleUrl><Point><altitudeMode>clampToGround</altitudeMode><coordinates>19.080219967290759,-33.639598013833165,377.44999999999999</coordinates></Point></Placemark><Placemark><TimeSpan><begin>2020-03-03T12:15:21Z</begin><end>2020-03-03T12:15:22Z</end></TimeSpan><styleUrl>#point</styleUrl><Point><altitudeMode>clampToGround</altitudeMode><coordinates>19.080036990344524,-33.639648975804448,376.49000000000001</coordinates></Point></Placemark><Placemark><TimeSpan><begin>2020-03-03T12:15:22Z</begin><end>2020-03-03T12:15:23Z</end></TimeSpan><styleUrl>#point</styleUrl><Point><altitudeMode>clampToGround</altitudeMode><coordinates>19.079867005348206,-33.639709996059537,375.52999999999997</coordinates></Point></Placemark><Placemark><TimeSpan><begin>2020-03-03T12:15:23Z</begin><end>2020-03-03T12:15:24Z</end></TimeSpan><styleUrl>#point</styleUrl><Point><altitudeMode>clampToGround</altitudeMode><coordinates>19.079706994816661,-33.63978199660778,374.56999999999999</coordinates></Point></Placemark><Placemark><TimeSpan><begin>2020-03-03T12:15:24Z</begin><end>2020-03-03T12:15:25Z</end></TimeSpan><styleUrl>#point</styleUrl><Point><altitudeMode>clampToGround</altitudeMode><coordinates>19.079563999548554,-33.639861037954688,374.08999999999997</coordinates></Point></Placemark><Placemark><TimeSpan><begin>2020-03-03T12:15:25Z</begin><end>2020-03-03T12:15:26Z</end></TimeSpan><styleUrl>#point</styleUrl><Point><altitudeMode>clampToGround</altitudeMode><coordinates>19.07942796126008,-33.639941001310945,373.61000000000001</coordinates></Point></Placemark><Placemark><TimeSpan><begin>2020-03-03T12:15:26Z</begin><end>2020-03-03T12:15:27Z</end></TimeSpan><styleUrl>#point</styleUrl><Point><altitudeMode>clampToGround</altitudeMode><coordinates>19.079302987083793,-33.640004033222795,373.13</coordinates></Point></Placemark><Placemark><TimeSpan><begin>2020-03-03T12:15:27Z</begin><end>2020-03-03T12:15:28Z</end></TimeSpan><styleUrl>#point</styleUrl><Point><altitudeMode>clampToGround</altitudeMode><coordinates>19.079173989593983,-33.640044014900923,372.17000000000002</coordinates></Point></Placemark><Placemark><TimeSpan><begin>2020-03-03T12:15:28Z</begin><end>2020-03-03T12:15:29Z</end></TimeSpan><styleUrl>#point</styleUrl><Point><altitudeMode>clampToGround</altitudeMode><coordinates>19.079041974619031,-33.640056001022458,371.20999999999998</coordinates></Point></Placemark><Placemark><TimeSpan><begin>2020-03-03T12:15:29Z</begin><end>2020-03-03T12:15:30Z</end></TimeSpan><styleUrl>#point</styleUrl><Point><altitudeMode>clampToGround</altitudeMode><coordinates>19.078922029584646,-33.640045020729303,370.24000000000001</coordinates></Point></Placemark><Placemark><TimeSpan><begin>2020-03-03T12:15:30Z</begin><end>2020-03-03T12:15:31Z</end></TimeSpan><styleUrl>#point</styleUrl><Point><altitudeMode>clampToGround</altitudeMode><coordinates>19.078800994902849,-33.640022976323962,369.27999999999997</coordinates></Point></Placemark><Placemark><TimeSpan><begin>2020-03-03T12:15:31Z</begin><end>2020-03-03T12:15:33Z</end></TimeSpan><styleUrl>#point</styleUrl><Point><altitudeMode>clampToGround</altitudeMode><coordinates>19.078539982438087,-33.640032028779387,368.31999999999999</coordinates></Point></Placemark><Placemark><TimeSpan><begin>2020-03-03T12:15:33Z</begin><end>2020-03-03T12:15:34Z</end></TimeSpan><styleUrl>#point</styleUrl><Point><altitudeMode>clampToGround</altitudeMode><coordinates>19.078406039625406,-33.640075027942657,367.83999999999997</coordinates></Point></Placemark><Placemark><TimeSpan><begin>2020-03-03T12:15:34Z</begin><end>2020-03-03T12:15:35Z</end></TimeSpan><styleUrl>#point</styleUrl><Point><altitudeMode>clampToGround</altitudeMode><coordinates>19.078273018822074,-33.640137976035476,366.88</coordinates></Point></Placemark><Placemark><TimeSpan><begin>2020-03-03T12:15:35Z</begin><end>2020-03-03T12:15:38Z</end></TimeSpan><styleUrl>#point</styleUrl><Point><altitudeMode>clampToGround</altitudeMode><coordinates>19.077923996374011,-33.640351966023445,364.95999999999998</coordinates></Point></Placemark><Placemark><TimeSpan><begin>2020-03-03T12:15:38Z</begin><end>2020-03-03T12:15:39Z</end></TimeSpan><styleUrl>#point</styleUrl><Point><altitudeMode>clampToGround</altitudeMode><coordinates>19.077844033017755,-33.640436958521605,364.95999999999998</coordinates></Point></Placemark><Placemark><TimeSpan><begin>2020-03-03T12:15:39Z</begin><end>2020-03-03T12:15:40Z</end></TimeSpan><styleUrl>#point</styleUrl><Point><altitudeMode>clampToGround</altitudeMode><coordinates>19.07779399305582,-33.640524968504906,364</coordinates></Point></Placemark><Placemark><TimeSpan><begin>2020-03-03T12:15:40Z</begin><end>2020-03-03T12:15:41Z</end></TimeSpan><styleUrl>#point</styleUrl><Point><altitudeMode>clampToGround</altitudeMode><coordinates>19.077775971964002,-33.640628987923265,363.51999999999998</coordinates></Point></Placemark><Placemark><TimeSpan><begin>2020-03-03T12:15:41Z</begin><end>2020-03-03T12:15:42Z</end></TimeSpan><styleUrl>#point</styleUrl><Point><altitudeMode>clampToGround</altitudeMode><coordinates>19.077784018591046,-33.640740970149636,363.04000000000002</coordinates></Point></Placemark><Placemark><TimeSpan><begin>2020-03-03T12:15:42Z</begin><end>2020-03-03T12:15:43Z</end></TimeSpan><styleUrl>#point</styleUrl><Point><altitudeMode>clampToGround</altitudeMode><coordinates>19.077818971127272,-33.640853958204389,362.55000000000001</coordinates></Point></Placemark><Placemark><TimeSpan><begin>2020-03-03T12:15:43Z</begin><end>2020-03-03T12:15:44Z</end></TimeSpan><styleUrl>#point</styleUrl><Point><altitudeMode>clampToGround</altitudeMode><coordinates>19.077876973897219,-33.64096300676465,362.55000000000001</coordinates></Point></Placemark><Placemark><TimeSpan><begin>2020-03-03T12:15:44Z</begin><end>2020-03-03T12:15:45Z</end></TimeSpan><styleUrl>#point</styleUrl><Point><altitudeMode>clampToGround</altitudeMode><coordinates>19.077957021072507,-33.641065014526248,362.06999999999999</coordinates></Point></Placemark><Placemark><TimeSpan><begin>2020-03-03T12:15:45Z</begin><end>2020-03-03T12:15:46Z</end></TimeSpan><styleUrl>#point</styleUrl><Point><altitudeMode>clampToGround</altitudeMode><coordinates>19.078062968328595,-33.64115403033793,362.06999999999999</coordinates></Point></Placemark><Placemark><TimeSpan><begin>2020-03-03T12:15:46Z</begin><end>2020-03-03T12:15:47Z</end></TimeSpan><styleUrl>#point</styleUrl><Point><altitudeMode>clampToGround</altitudeMode><coordinates>19.078177968040109,-33.641227958723903,362.06999999999999</coordinates></Point></Placemark><Placemark><TimeSpan><begin>2020-03-03T12:15:47Z</begin><end>2020-03-03T12:15:48Z</end></TimeSpan><styleUrl>#point</styleUrl><Point><altitudeMode>clampToGround</altitudeMode><coordinates>19.078294979408383,-33.641290990635753,361.58999999999997</coordinates></Point></Placemark><Placemark><TimeSpan><begin>2020-03-03T12:15:48Z</begin><end>2020-03-03T12:15:52Z</end></TimeSpan><styleUrl>#point</styleUrl><Point><altitudeMode>clampToGround</altitudeMode><coordinates>19.078694963827729,-33.641535993665457,361.11000000000001</coordinates></Point></Placemark><Placemark><TimeSpan><begin>2020-03-03T12:15:52Z</begin><end>2020-03-03T12:15:53Z</end></TimeSpan><styleUrl>#point</styleUrl><Point><altitudeMode>clampToGround</altitudeMode><coordinates>19.078764030709863,-33.641610005870461,361.11000000000001</coordinates></Point></Placemark><Placemark><TimeSpan><begin>2020-03-03T12:15:53Z</begin><end>2020-03-03T12:15:54Z</end></TimeSpan><styleUrl>#point</styleUrl><Point><altitudeMode>clampToGround</altitudeMode><coordinates>19.078811975196004,-33.64169399254024,361.11000000000001</coordinates></Point></Placemark><Placemark><TimeSpan><begin>2020-03-03T12:15:54Z</begin><end>2020-03-03T12:15:55Z</end></TimeSpan><styleUrl>#point</styleUrl><Point><altitudeMode>clampToGround</altitudeMode><coordinates>19.078851034864783,-33.641796000301838,361.11000000000001</coordinates></Point></Placemark><Placemark><TimeSpan><begin>2020-03-03T12:15:55Z</begin><end>2020-03-03T12:15:56Z</end></TimeSpan><styleUrl>#point</styleUrl><Point><altitudeMode>clampToGround</altitudeMode><coordinates>19.07888900488615,-33.641902031376958,360.63</coordinates></Point></Placemark><Placemark><TimeSpan><begin>2020-03-03T12:15:56Z</begin><end>2020-03-03T12:15:58Z</end></TimeSpan><styleUrl>#point</styleUrl><Point><altitudeMode>clampToGround</altitudeMode><coordinates>19.07899503596127,-33.642117027193308,360.63</coordinates></Point></Placemark><Placemark><TimeSpan><begin>2020-03-03T12:15:58Z</begin><end>2020-03-03T12:16:01Z</end></TimeSpan><styleUrl>#point</styleUrl><Point><altitudeMode>clampToGround</altitudeMode><coordinates>19.079171977937222,-33.64242397248745,359.67000000000002</coordinates></Point></Placemark><Placemark><TimeSpan><begin>2020-03-03T12:16:01Z</begin><end>2020-03-03T12:16:02Z</end></TimeSpan><styleUrl>#point</styleUrl><Point><altitudeMode>clampToGround</altitudeMode><coordinates>19.079214977100492,-33.642522962763906,359.67000000000002</coordinates></Point></Placemark><Placemark><TimeSpan><begin>2020-03-03T12:16:02Z</begin><end>2020-03-03T12:16:03Z</end></TimeSpan><styleUrl>#point</styleUrl><Point><altitudeMode>clampToGround</altitudeMode><coordinates>19.079238027334213,-33.642620025202632,359.67000000000002</coordinates></Point></Placemark><Placemark><TimeSpan><begin>2020-03-03T12:16:03Z</begin><end>2020-03-03T12:16:04Z</end></TimeSpan><styleUrl>#point</styleUrl><Point><altitudeMode>clampToGround</altitudeMode><coordinates>19.079240961000323,-33.642708035185933,359.67000000000002</coordinates></Point></Placemark><Placemark><TimeSpan><begin>2020-03-03T12:16:04Z</begin><end>2020-03-03T12:16:05Z</end></TimeSpan><styleUrl>#point</styleUrl><Point><altitudeMode>clampToGround</altitudeMode><coordinates>19.079223023727536,-33.642778024077415,359.67000000000002</coordinates></Point></Placemark><Placemark><TimeSpan><begin>2020-03-03T12:16:05Z</begin><end>2020-03-03T12:16:06Z</end></TimeSpan><styleUrl>#point</styleUrl><Point><altitudeMode>clampToGround</altitudeMode><coordinates>19.079176001250744,-33.642849018797278,360.14999999999998</coordinates></Point></Placemark><Placemark><TimeSpan><begin>2020-03-03T12:16:06Z</begin><end>2020-03-03T12:16:07Z</end></TimeSpan><styleUrl>#point</styleUrl><Point><altitudeMode>clampToGround</altitudeMode><coordinates>19.079092014580965,-33.64289503544569,360.14999999999998</coordinates></Point></Placemark><Placemark><TimeSpan><begin>2020-03-03T12:16:07Z</begin><end>2020-03-03T12:16:08Z</end></TimeSpan><styleUrl>#point</styleUrl><Point><altitudeMode>clampToGround</altitudeMode><coordinates>19.079000987112522,-33.642910961061716,360.14999999999998</coordinates></Point></Placemark><Placemark><TimeSpan><begin>2020-03-03T12:16:08Z</begin><end>2020-03-03T12:16:09Z</end></TimeSpan><styleUrl>#point</styleUrl><Point><altitudeMode>clampToGround</altitudeMode><coordinates>19.07891096547246,-33.642891012132168,359.67000000000002</coordinates></Point></Placemark><Placemark><TimeSpan><begin>2020-03-03T12:16:09Z</begin><end>2020-03-03T12:16:10Z</end></TimeSpan><styleUrl>#point</styleUrl><Point><altitudeMode>clampToGround</altitudeMode><coordinates>19.078842988237739,-33.642844995483756,358.70999999999998</coordinates></Point></Placemark><Placemark><TimeSpan><begin>2020-03-03T12:16:10Z</begin><end>2020-03-03T12:16:11Z</end></TimeSpan><styleUrl>#point</styleUrl><Point><altitudeMode>clampToGround</altitudeMode><coordinates>19.078765036538243,-33.642775006592274,358.23000000000002</coordinates></Point></Placemark><Placemark><TimeSpan><begin>2020-03-03T12:16:11Z</begin><end>2020-03-03T12:16:12Z</end></TimeSpan><styleUrl>#point</styleUrl><Point><altitudeMode>clampToGround</altitudeMode><coordinates>19.078688006848097,-33.64268196746707,358.23000000000002</coordinates></Point></Placemark><Placemark><TimeSpan><begin>2020-03-03T12:16:12Z</begin><end>2020-03-03T12:16:13Z</end></TimeSpan><styleUrl>#point</styleUrl><Point><altitudeMode>clampToGround</altitudeMode><coordinates>19.07860703766346,-33.642578031867743,356.31</coordinates></Point></Placemark><Placemark><TimeSpan><begin>2020-03-03T12:16:13Z</begin><end>2020-03-03T12:16:15Z</end></TimeSpan><styleUrl>#point</styleUrl><Point><altitudeMode>clampToGround</altitudeMode><coordinates>19.07839497551322,-33.642351971939206,354.86000000000001</coordinates></Point></Placemark><Placemark><TimeSpan><begin>2020-03-03T12:16:15Z</begin><end>2020-03-03T12:16:16Z</end></TimeSpan><styleUrl>#point</styleUrl><Point><altitudeMode>clampToGround</altitudeMode><coordinates>19.078262960538268,-33.642263961955905,354.38</coordinates></Point></Placemark><Placemark><TimeSpan><begin>2020-03-03T12:16:16Z</begin><end>2020-03-03T12:16:17Z</end></TimeSpan><styleUrl>#point</styleUrl><Point><altitudeMode>clampToGround</altitudeMode><coordinates>19.078102027997375,-33.642191039398313,352.45999999999998</coordinates></Point></Placemark><Placemark><TimeSpan><begin>2020-03-03T12:16:17Z</begin><end>2020-03-03T12:16:18Z</end></TimeSpan><styleUrl>#point</styleUrl><Point><altitudeMode>clampToGround</altitudeMode><coordinates>19.077929025515914,-33.642135970294476,351.5</coordinates></Point></Placemark><Placemark><TimeSpan><begin>2020-03-03T12:16:18Z</begin><end>2020-03-03T12:16:19Z</end></TimeSpan><styleUrl>#point</styleUrl><Point><altitudeMode>clampToGround</altitudeMode><coordinates>19.077753005549312,-33.642107974737883,350.06</coordinates></Point></Placemark><Placemark><TimeSpan><begin>2020-03-03T12:16:19Z</begin><end>2020-03-03T12:16:20Z</end></TimeSpan><styleUrl>#point</styleUrl><Point><altitudeMode>clampToGround</altitudeMode><coordinates>19.077568016946316,-33.642091965302825,349.57999999999998</coordinates></Point></Placemark><Placemark><TimeSpan><begin>2020-03-03T12:16:20Z</begin><end>2020-03-03T12:16:21Z</end></TimeSpan><styleUrl>#point</styleUrl><Point><altitudeMode>clampToGround</altitudeMode><coordinates>19.077386967837811,-33.642084002494812,349.10000000000002</coordinates></Point></Placemark><Placemark><TimeSpan><begin>2020-03-03T12:16:21Z</begin><end>2020-03-03T12:16:23Z</end></TimeSpan><styleUrl>#point</styleUrl><Point><altitudeMode>clampToGround</altitudeMode><coordinates>19.077015984803438,-33.642062963917851,347.17000000000002</coordinates></Point></Placemark><Placemark><TimeSpan><begin>2020-03-03T12:16:23Z</begin><end>2020-03-03T12:16:24Z</end></TimeSpan><styleUrl>#point</styleUrl><Point><altitudeMode>clampToGround</altitudeMode><coordinates>19.076833007857203,-33.642020970582962,346.69</coordinates></Point></Placemark><Placemark><TimeSpan><begin>2020-03-03T12:16:24Z</begin><end>2020-03-03T12:16:33Z</end></TimeSpan><styleUrl>#point</styleUrl><Point><altitudeMode>clampToGround</altitudeMode><coordinates>19.075303981080651,-33.641711007803679,337.56</coordinates></Point></Placemark><Placemark><TimeSpan><begin>2020-03-03T12:16:33Z</begin><end>2020-03-03T12:16:35Z</end></TimeSpan><styleUrl>#point</styleUrl><Point><altitudeMode>clampToGround</altitudeMode><coordinates>19.074996029958129,-33.641664991155267,335.16000000000003</coordinates></Point></Placemark><Placemark><TimeSpan><begin>2020-03-03T12:16:35Z</begin><end>2020-03-03T12:16:36Z</end></TimeSpan><styleUrl>#point</styleUrl><Point><altitudeMode>clampToGround</altitudeMode><coordinates>19.074853034690022,-33.641673037782311,333.70999999999998</coordinates></Point></Placemark><Placemark><TimeSpan><begin>2020-03-03T12:16:36Z</begin><end>2020-03-03T12:16:37Z</end></TimeSpan><styleUrl>#point</styleUrl><Point><altitudeMode>clampToGround</altitudeMode><coordinates>19.074701992794871,-33.641711007803679,332.75</coordinates></Point></Placemark><Placemark><TimeSpan><begin>2020-03-03T12:16:37Z</begin><end>2020-03-03T12:16:38Z</end></TimeSpan><styleUrl>#point</styleUrl><Point><altitudeMode>clampToGround</altitudeMode><coordinates>19.074555980041623,-33.6417789850384,332.26999999999998</coordinates></Point></Placemark><Placemark><TimeSpan><begin>2020-03-03T12:16:38Z</begin><end>2020-03-03T12:16:39Z</end></TimeSpan><styleUrl>#point</styleUrl><Point><altitudeMode>clampToGround</altitudeMode><coordinates>19.0744190197438,-33.641856014728546,330.82999999999998</coordinates></Point></Placemark><Placemark><TimeSpan><begin>2020-03-03T12:16:39Z</begin><end>2020-03-03T12:16:40Z</end></TimeSpan><styleUrl>#point</styleUrl><Point><altitudeMode>clampToGround</altitudeMode><coordinates>19.074293039739132,-33.641940001398325,330.35000000000002</coordinates></Point></Placemark><Placemark><TimeSpan><begin>2020-03-03T12:16:40Z</begin><end>2020-03-03T12:16:41Z</end></TimeSpan><styleUrl>#point</styleUrl><Point><altitudeMode>clampToGround</altitudeMode><coordinates>19.074181979522109,-33.642033962532878,329.87</coordinates></Point></Placemark><Placemark><TimeSpan><begin>2020-03-03T12:16:41Z</begin><end>2020-03-03T12:16:42Z</end></TimeSpan><styleUrl>#point</styleUrl><Point><altitudeMode>clampToGround</altitudeMode><coordinates>19.074094975367188,-33.64214401692152,329.38999999999999</coordinates></Point></Placemark><Placemark><TimeSpan><begin>2020-03-03T12:16:42Z</begin><end>2020-03-03T12:16:43Z</end></TimeSpan><styleUrl>#point</styleUrl><Point><altitudeMode>clampToGround</altitudeMode><coordinates>19.074034038931131,-33.64227200858295,328.91000000000003</coordinates></Point></Placemark><Placemark><TimeSpan><begin>2020-03-03T12:16:43Z</begin><end>2020-03-03T12:16:44Z</end></TimeSpan><styleUrl>#point</styleUrl><Point><altitudeMode>clampToGround</altitudeMode><coordinates>19.074008977040648,-33.642411986365914,327.94999999999999</coordinates></Point></Placemark><Placemark><TimeSpan><begin>2020-03-03T12:16:44Z</begin><end>2020-03-03T12:16:45Z</end></TimeSpan><styleUrl>#point</styleUrl><Point><altitudeMode>clampToGround</altitudeMode><coordinates>19.074019035324454,-33.642554981634021,326.99000000000001</coordinates></Point></Placemark><Placemark><TimeSpan><begin>2020-03-03T12:16:45Z</begin><end>2020-03-03T12:16:46Z</end></TimeSpan><styleUrl>#point</styleUrl><Point><altitudeMode>clampToGround</altitudeMode><coordinates>19.074062034487724,-33.642695965245366,326.5</coordinates></Point></Placemark><Placemark><TimeSpan><begin>2020-03-03T12:16:46Z</begin><end>2020-03-03T12:16:47Z</end></TimeSpan><styleUrl>#point</styleUrl><Point><altitudeMode>clampToGround</altitudeMode><coordinates>19.074129005894065,-33.642829991877079,325.54000000000002</coordinates></Point></Placemark><Placemark><TimeSpan><begin>2020-03-03T12:16:47Z</begin><end>2020-03-03T12:16:48Z</end></TimeSpan><styleUrl>#point</styleUrl><Point><altitudeMode>clampToGround</altitudeMode><coordinates>19.074213998392224,-33.642949014902115,325.06</coordinates></Point></Placemark><Placemark><TimeSpan><begin>2020-03-03T12:16:48Z</begin><end>2020-03-03T12:16:49Z</end></TimeSpan><styleUrl>#point</styleUrl><Point><altitudeMode>clampToGround</altitudeMode><coordinates>19.074306031689048,-33.643049011006951,324.10000000000002</coordinates></Point></Placemark><Placemark><TimeSpan><begin>2020-03-03T12:16:49Z</begin><end>2020-03-03T12:16:50Z</end></TimeSpan><styleUrl>#point</styleUrl><Point><altitudeMode>clampToGround</altitudeMode><coordinates>19.074389012530446,-33.643138026818633,323.62</coordinates></Point></Placemark><Placemark><TimeSpan><begin>2020-03-03T12:16:50Z</begin><end>2020-03-03T12:16:52Z</end></TimeSpan><styleUrl>#point</styleUrl><Point><altitudeMode>clampToGround</altitudeMode><coordinates>19.074507029727101,-33.643302982673049,322.18000000000001</coordinates></Point></Placemark><Placemark><TimeSpan><begin>2020-03-03T12:16:52Z</begin><end>2020-03-03T12:16:53Z</end></TimeSpan><styleUrl>#point</styleUrl><Point><altitudeMode>clampToGround</altitudeMode><coordinates>19.074522033333778,-33.643394010141492,321.69999999999999</coordinates></Point></Placemark><Placemark><TimeSpan><begin>2020-03-03T12:16:53Z</begin><end>2020-03-03T12:16:54Z</end></TimeSpan><styleUrl>#point</styleUrl><Point><altitudeMode>clampToGround</altitudeMode><coordinates>19.07450501807034,-33.643479002639651,321.69999999999999</coordinates></Point></Placemark><Placemark><TimeSpan><begin>2020-03-03T12:16:54Z</begin><end>2020-03-03T12:16:55Z</end></TimeSpan><styleUrl>#point</styleUrl><Point><altitudeMode>clampToGround</altitudeMode><coordinates>19.07446101307869,-33.643553014844656,321.22000000000003</coordinates></Point></Placemark><Placemark><TimeSpan><begin>2020-03-03T12:16:55Z</begin><end>2020-03-03T12:16:56Z</end></TimeSpan><styleUrl>#point</styleUrl><Point><altitudeMode>clampToGround</altitudeMode><coordinates>19.074381971731782,-33.643618980422616,320.74000000000001</coordinates></Point></Placemark><Placemark><TimeSpan><begin>2020-03-03T12:16:56Z</begin><end>2020-03-03T12:16:57Z</end></TimeSpan><styleUrl>#point</styleUrl><Point><altitudeMode>clampToGround</altitudeMode><coordinates>19.074284993112087,-33.643664997071028,320.25999999999999</coordinates></Point></Placemark><Placemark><TimeSpan><begin>2020-03-03T12:16:57Z</begin><end>2020-03-03T12:16:58Z</end></TimeSpan><styleUrl>#point</styleUrl><Point><altitudeMode>clampToGround</altitudeMode><coordinates>19.074169993400574,-33.643676983192563,319.77999999999997</coordinates></Point></Placemark><Placemark><TimeSpan><begin>2020-03-03T12:16:58Z</begin><end>2020-03-03T12:16:59Z</end></TimeSpan><styleUrl>#point</styleUrl><Point><altitudeMode>clampToGround</altitudeMode><coordinates>19.074047030881047,-33.643662985414267,319.77999999999997</coordinates></Point></Placemark><Placemark><TimeSpan><begin>2020-03-03T12:16:59Z</begin><end>2020-03-03T12:17:00Z</end></TimeSpan><styleUrl>#point</styleUrl><Point><altitudeMode>clampToGround</altitudeMode><coordinates>19.073927002027631,-33.64362602122128,319.30000000000001</coordinates></Point></Placemark><Placemark><TimeSpan><begin>2020-03-03T12:17:00Z</begin><end>2020-03-03T12:17:01Z</end></TimeSpan><styleUrl>#point</styleUrl><Point><altitudeMode>clampToGround</altitudeMode><coordinates>19.073777971789241,-33.643572041764855,319.30000000000001</coordinates></Point></Placemark><Placemark><TimeSpan><begin>2020-03-03T12:17:01Z</begin><end>2020-03-03T12:17:02Z</end></TimeSpan><styleUrl>#point</styleUrl><Point><altitudeMode>clampToGround</altitudeMode><coordinates>19.073614021763206,-33.643515966832638,318.81</coordinates></Point></Placemark><Placemark><TimeSpan><begin>2020-03-03T12:17:02Z</begin><end>2020-03-03T12:17:10Z</end></TimeSpan><styleUrl>#point</styleUrl><Point><altitudeMode>clampToGround</altitudeMode><coordinates>19.072170993313193,-33.643156969919801,317.37</coordinates></Point></Placemark><Placemark><TimeSpan><begin>2020-03-03T12:17:10Z</begin><end>2020-03-03T12:17:11Z</end></TimeSpan><styleUrl>#point</styleUrl><Point><altitudeMode>clampToGround</altitudeMode><coordinates>19.072006959468126,-33.643144983798265,317.37</coordinates></Point></Placemark><Placemark><TimeSpan><begin>2020-03-03T12:17:11Z</begin><end>2020-03-03T12:17:12Z</end></TimeSpan><styleUrl>#point</styleUrl><Point><altitudeMode>clampToGround</altitudeMode><coordinates>19.071860024705529,-33.643164010718465,317.37</coordinates></Point></Placemark><Placemark><TimeSpan><begin>2020-03-03T12:17:12Z</begin><end>2020-03-03T12:17:13Z</end></TimeSpan><styleUrl>#point</styleUrl><Point><altitudeMode>clampToGround</altitudeMode><coordinates>19.071747958660126,-33.643211033195257,316.88999999999999</coordinates></Point></Placemark><Placemark><TimeSpan><begin>2020-03-03T12:17:13Z</begin><end>2020-03-03T12:17:14Z</end></TimeSpan><styleUrl>#point</styleUrl><Point><altitudeMode>clampToGround</altitudeMode><coordinates>19.071663971990347,-33.643294014036655,316.41000000000003</coordinates></Point></Placemark><Placemark><TimeSpan><begin>2020-03-03T12:17:14Z</begin><end>2020-03-03T12:17:15Z</end></TimeSpan><styleUrl>#point</styleUrl><Point><altitudeMode>clampToGround</altitudeMode><coordinates>19.071601023897529,-33.643408007919788,316.41000000000003</coordinates></Point></Placemark><Placemark><TimeSpan><begin>2020-03-03T12:17:15Z</begin><end>2020-03-03T12:17:16Z</end></TimeSpan><styleUrl>#point</styleUrl><Point><altitudeMode>clampToGround</altitudeMode><coordinates>19.071556013077497,-33.643537005409598,315.93000000000001</coordinates></Point></Placemark><Placemark><TimeSpan><begin>2020-03-03T12:17:16Z</begin><end>2020-03-03T12:17:17Z</end></TimeSpan><styleUrl>#point</styleUrl><Point><altitudeMode>clampToGround</altitudeMode><coordinates>19.071546960622072,-33.643686035647988,314.97000000000003</coordinates></Point></Placemark><Placemark><TimeSpan><begin>2020-03-03T12:17:17Z</begin><end>2020-03-03T12:17:18Z</end></TimeSpan><styleUrl>#point</styleUrl><Point><altitudeMode>clampToGround</altitudeMode><coordinates>19.071549978107214,-33.643847974017262,314.00999999999999</coordinates></Point></Placemark><Placemark><TimeSpan><begin>2020-03-03T12:17:18Z</begin><end>2020-03-03T12:17:24Z</end></TimeSpan><styleUrl>#point</styleUrl><Point><altitudeMode>clampToGround</altitudeMode><coordinates>19.071536986157298,-33.644898980855942,311.60000000000002</coordinates></Point></Placemark><Placemark><TimeSpan><begin>2020-03-03T12:17:24Z</begin><end>2020-03-03T12:17:25Z</end></TimeSpan><styleUrl>#point</styleUrl><Point><altitudeMode>clampToGround</altitudeMode><coordinates>19.071488035842776,-33.645026972517371,311.12</coordinates></Point></Placemark><Placemark><TimeSpan><begin>2020-03-03T12:17:25Z</begin><end>2020-03-03T12:17:26Z</end></TimeSpan><styleUrl>#point</styleUrl><Point><altitudeMode>clampToGround</altitudeMode><coordinates>19.071421986445785,-33.645129986107349,310.63999999999999</coordinates></Point></Placemark><Placemark><TimeSpan><begin>2020-03-03T12:17:26Z</begin><end>2020-03-03T12:17:27Z</end></TimeSpan><styleUrl>#point</styleUrl><Point><altitudeMode>clampToGround</altitudeMode><coordinates>19.071334982290864,-33.645217996090651,310.16000000000003</coordinates></Point></Placemark><Placemark><TimeSpan><begin>2020-03-03T12:17:27Z</begin><end>2020-03-03T12:17:28Z</end></TimeSpan><styleUrl>#point</styleUrl><Point><altitudeMode>clampToGround</altitudeMode><coordinates>19.071228029206395,-33.645292008295655,310.63999999999999</coordinates></Point></Placemark><Placemark><TimeSpan><begin>2020-03-03T12:17:28Z</begin><end>2020-03-03T12:17:29Z</end></TimeSpan><styleUrl>#point</styleUrl><Point><altitudeMode>clampToGround</altitudeMode><coordinates>19.071073969826102,-33.645343976095319,309.19999999999999</coordinates></Point></Placemark><Placemark><TimeSpan><begin>2020-03-03T12:17:29Z</begin><end>2020-03-03T12:17:30Z</end></TimeSpan><styleUrl>#point</styleUrl><Point><altitudeMode>clampToGround</altitudeMode><coordinates>19.070897027850151,-33.645372977480292,308.72000000000003</coordinates></Point></Placemark><Placemark><TimeSpan><begin>2020-03-03T12:17:30Z</begin><end>2020-03-03T12:17:31Z</end></TimeSpan><styleUrl>#point</styleUrl><Point><altitudeMode>clampToGround</altitudeMode><coordinates>19.070713967084885,-33.64538898691535,308.72000000000003</coordinates></Point></Placemark><Placemark><TimeSpan><begin>2020-03-03T12:17:31Z</begin><end>2020-03-03T12:17:32Z</end></TimeSpan><styleUrl>#point</styleUrl><Point><altitudeMode>clampToGround</altitudeMode><coordinates>19.070525038987398,-33.645393010228872,308.24000000000001</coordinates></Point></Placemark><Placemark><TimeSpan><begin>2020-03-03T12:17:32Z</begin><end>2020-03-03T12:17:42Z</end></TimeSpan><styleUrl>#point</styleUrl><Point><altitudeMode>clampToGround</altitudeMode><coordinates>19.068394023925066,-33.645484959706664,300.55000000000001</coordinates></Point></Placemark><Placemark><TimeSpan><begin>2020-03-03T12:17:42Z</begin><end>2020-03-03T12:17:51Z</end></TimeSpan><styleUrl>#point</styleUrl><Point><altitudeMode>clampToGround</altitudeMode><coordinates>19.066783022135496,-33.645504992455244,293.81999999999999</coordinates></Point></Placemark><Placemark><TimeSpan><begin>2020-03-03T12:17:51Z</begin><end>2020-03-03T12:17:52Z</end></TimeSpan><styleUrl>#point</styleUrl><Point><altitudeMode>clampToGround</altitudeMode><coordinates>19.06666299328208,-33.645467022433877,293.33999999999997</coordinates></Point></Placemark><Placemark><TimeSpan><begin>2020-03-03T12:17:52Z</begin><end>2020-03-03T12:17:53Z</end></TimeSpan><styleUrl>#point</styleUrl><Point><altitudeMode>clampToGround</altitudeMode><coordinates>19.066531984135509,-33.645386975258589,292.86000000000001</coordinates></Point></Placemark><Placemark><TimeSpan><begin>2020-03-03T12:17:53Z</begin><end>2020-03-03T12:18:01Z</end></TimeSpan><styleUrl>#point</styleUrl><Point><altitudeMode>clampToGround</altitudeMode><coordinates>19.065311998128891,-33.64463503472507,293.81999999999999</coordinates></Point></Placemark><Placemark><TimeSpan><begin>2020-03-03T12:18:01Z</begin><end>2020-03-03T12:18:06Z</end></TimeSpan><styleUrl>#point</styleUrl><Point><altitudeMode>clampToGround</altitudeMode><coordinates>19.064457966014743,-33.644136982038617,294.77999999999997</coordinates></Point></Placemark><Placemark><TimeSpan><begin>2020-03-03T12:18:06Z</begin><end>2020-03-03T12:18:14Z</end></TimeSpan><styleUrl>#point</styleUrl><Point><altitudeMode>clampToGround</altitudeMode><coordinates>19.06281896866858,-33.64377798512578,295.74000000000001</coordinates></Point></Placemark><Placemark><TimeSpan><begin>2020-03-03T12:18:14Z</begin><end>2020-03-03T12:18:26Z</end></TimeSpan><styleUrl>#point</styleUrl><Point><altitudeMode>clampToGround</altitudeMode><coordinates>19.060417972505093,-33.643422005698085,285.17000000000002</coordinates></Point></Placemark><Placemark><TimeSpan><begin>2020-03-03T12:18:26Z</begin><end>2020-03-03T12:18:33Z</end></TimeSpan><styleUrl>#point</styleUrl><Point><altitudeMode>clampToGround</altitudeMode><coordinates>19.059041999280453,-33.64295999519527,276.51999999999998</coordinates></Point></Placemark><Placemark><TimeSpan><begin>2020-03-03T12:18:33Z</begin><end>2020-03-03T12:18:34Z</end></TimeSpan><styleUrl>#point</styleUrl><Point><altitudeMode>clampToGround</altitudeMode><coordinates>19.058831026777625,-33.642936022952199,274.58999999999997</coordinates></Point></Placemark><Placemark><TimeSpan><begin>2020-03-03T12:18:34Z</begin><end>2020-03-03T12:18:45Z</end></TimeSpan><styleUrl>#point</styleUrl><Point><altitudeMode>clampToGround</altitudeMode><coordinates>19.056547963991761,-33.642694037407637,257.29000000000002</coordinates></Point></Placemark><Placemark><TimeSpan><begin>2020-03-03T12:18:45Z</begin><end>2020-03-03T12:18:54Z</end></TimeSpan><styleUrl>#point</styleUrl><Point><altitudeMode>clampToGround</altitudeMode><coordinates>19.054685002192855,-33.642265973612666,244.31</coordinates></Point></Placemark><Placemark><TimeSpan><begin>2020-03-03T12:18:54Z</begin><end>2020-03-03T12:19:04Z</end></TimeSpan><styleUrl>#point</styleUrl><Point><altitudeMode>clampToGround</altitudeMode><coordinates>19.052677033469081,-33.64184302277863,229.41</coordinates></Point></Placemark><Placemark><TimeSpan><begin>2020-03-03T12:19:04Z</begin><end>2020-03-03T12:19:14Z</end></TimeSpan><styleUrl>#point</styleUrl><Point><altitudeMode>clampToGround</altitudeMode><coordinates>19.050621958449483,-33.641651999205351,214.03</coordinates></Point></Placemark><Placemark><TimeSpan><begin>2020-03-03T12:19:14Z</begin><end>2020-03-03T12:19:15Z</end></TimeSpan><styleUrl>#point</styleUrl><Point><altitudeMode>clampToGround</altitudeMode><coordinates>19.050405034795403,-33.641676977276802,212.59</coordinates></Point></Placemark><Placemark><TimeSpan><begin>2020-03-03T12:19:15Z</begin><end>2020-03-03T12:19:17Z</end></TimeSpan><styleUrl>#point</styleUrl><Point><altitudeMode>clampToGround</altitudeMode><coordinates>19.049961967393756,-33.64175702445209,210.66999999999999</coordinates></Point></Placemark><Placemark><TimeSpan><begin>2020-03-03T12:19:17Z</begin><end>2020-03-03T12:19:26Z</end></TimeSpan><styleUrl>#point</styleUrl><Point><altitudeMode>clampToGround</altitudeMode><coordinates>19.048028010874987,-33.642360018566251,205.38</coordinates></Point></Placemark><Placemark><TimeSpan><begin>2020-03-03T12:19:26Z</begin><end>2020-03-03T12:19:34Z</end></TimeSpan><styleUrl>#point</styleUrl><Point><altitudeMode>clampToGround</altitudeMode><coordinates>19.04629304073751,-33.642481975257397,206.81999999999999</coordinates></Point></Placemark><Placemark><TimeSpan><begin>2020-03-03T12:19:34Z</begin><end>2020-03-03T12:19:44Z</end></TimeSpan><styleUrl>#point</styleUrl><Point><altitudeMode>clampToGround</altitudeMode><coordinates>19.04427501372993,-33.642128007486463,206.81999999999999</coordinates></Point></Placemark><Placemark><TimeSpan><begin>2020-03-03T12:19:44Z</begin><end>2020-03-03T12:19:48Z</end></TimeSpan><styleUrl>#point</styleUrl><Point><altitudeMode>clampToGround</altitudeMode><coordinates>19.043543022125959,-33.641888033598661,206.34</coordinates></Point></Placemark><Placemark><TimeSpan><begin>2020-03-03T12:19:48Z</begin><end>2020-03-03T12:19:49Z</end></TimeSpan><styleUrl>#point</styleUrl><Point><altitudeMode>clampToGround</altitudeMode><coordinates>19.043373959138989,-33.641801029443741,206.34</coordinates></Point></Placemark><Placemark><TimeSpan><begin>2020-03-03T12:19:49Z</begin><end>2020-03-03T12:19:50Z</end></TimeSpan><styleUrl>#point</styleUrl><Point><altitudeMode>clampToGround</altitudeMode><coordinates>19.043213026598096,-33.641702039167285,206.34</coordinates></Point></Placemark><Placemark><TimeSpan><begin>2020-03-03T12:19:50Z</begin><end>2020-03-03T12:20:01Z</end></TimeSpan><styleUrl>#point</styleUrl><Point><altitudeMode>clampToGround</altitudeMode><coordinates>19.041473027318716,-33.640547012910247,203.94</coordinates></Point></Placemark><Placemark><TimeSpan><begin>2020-03-03T12:20:01Z</begin><end>2020-03-03T12:20:12Z</end></TimeSpan><styleUrl>#point</styleUrl><Point><altitudeMode>clampToGround</altitudeMode><coordinates>19.039396997541189,-33.63963003270328,203.94</coordinates></Point></Placemark><Placemark><TimeSpan><begin>2020-03-03T12:20:12Z</begin><end>2020-03-03T12:20:20Z</end></TimeSpan><styleUrl>#point</styleUrl><Point><altitudeMode>clampToGround</altitudeMode><coordinates>19.03815396130085,-33.638631999492645,200.56999999999999</coordinates></Point></Placemark><Placemark><TimeSpan><begin>2020-03-03T12:20:20Z</begin><end>2020-03-03T12:20:30Z</end></TimeSpan><styleUrl>#point</styleUrl><Point><altitudeMode>clampToGround</altitudeMode><coordinates>19.036603979766369,-33.637402961030602,190.47999999999999</coordinates></Point></Placemark><Placemark><TimeSpan><begin>2020-03-03T12:20:30Z</begin><end>2020-03-03T12:20:37Z</end></TimeSpan><styleUrl>#point</styleUrl><Point><altitudeMode>clampToGround</altitudeMode><coordinates>19.035238986834884,-33.63700800575316,185.66999999999999</coordinates></Point></Placemark></Folder><Placemark><name>[122] Bains Kloof Pass</name><Style><LineStyle><color>ffff4040</color><width>4</width></LineStyle></Style><MultiGeometry><LineString><coordinates>19.192521963268518,-33.513235040009022,264.01999999999998 19.192462032660842,-33.513250965625048,264.01999999999998 19.192389026284218,-33.513280972838402,263.54000000000002 19.192305039614439,-33.513319026678801,263.54000000000002 19.191461987793446,-33.513754969462752,258.73000000000002 19.190550036728382,-33.514581006020308,252 19.189338013529778,-33.516029985621572,243.34999999999999 19.187906971201301,-33.517694966867566,239.99000000000001 19.186224974691868,-33.519414011389017,239.02000000000001 19.185474961996078,-33.520232001319528,240.47 19.18438196182251,-33.52163496427238,238.53999999999999 19.184342985972762,-33.521736972033978,238.06 19.184344997629523,-33.521846020594239,238.06 19.184381039813161,-33.521964037790895,237.09999999999999 19.184448011219501,-33.52208498865366,237.58000000000001 19.1845309920609,-33.522209040820599,237.09999999999999 19.185072965919971,-33.523115962743759,236.62 19.185087969526649,-33.523228028789163,236.13999999999999 19.185094004496932,-33.52335199713707,236.13999999999999 19.185007000342011,-33.52481103502214,237.58000000000001 19.184732995927334,-33.526390017941594,240.94999999999999 19.184472989290953,-33.527889037504792,239.99000000000001 19.184149028733373,-33.529212037101388,239.50999999999999 19.183609988540411,-33.53080602362752,239.02000000000001 19.183523990213871,-33.530933009460568,239.02000000000001 19.18279099278152,-33.53205400519073,240.94999999999999 19.182571973651648,-33.532594973221421,241.91 19.182477006688714,-33.53271902538836,241.91 19.180918978527188,-33.53443899191916,242.38999999999999 19.179706033319235,-33.535472983494401,241.91 19.178468026220798,-33.536481996998191,243.34999999999999 19.177059028297663,-33.537079961970448,245.27000000000001 19.174989033490419,-33.537862999364734,244.78999999999999 19.173179967328906,-33.538347976282239,243.34999999999999 19.171461006626487,-33.538911994546652,238.53999999999999 19.171288004145026,-33.539002016186714,240.94999999999999 19.171130005270243,-33.539110980927944,241.43000000000001 19.170982986688614,-33.539232015609741,241.43000000000001 19.170838985592127,-33.539364030584693,242.38999999999999 19.168672012165189,-33.5414669662714,243.83000000000001 19.16646396741271,-33.543553976342082,245.75 19.16388301178813,-33.545967964455485,257.76999999999998 19.163168035447598,-33.546702973544598,257.76999999999998 19.16306703351438,-33.546845968812704,258.73000000000002 19.16298296302557,-33.546998016536236,259.20999999999998 19.162397990003228,-33.548521008342505,259.69 19.161969004198909,-33.549809977412224,259.69 19.161960035562515,-33.549956995993853,259.69 19.161966992542148,-33.55010099709034,260.17000000000002 19.161973027512431,-33.550369972363114,260.17000000000002 19.161945031955838,-33.550502993166447,260.17000000000002 19.161895997822285,-33.550634002313018,259.69 19.16147799231112,-33.55143497698009,259.69 19.161359975114465,-33.55154000222683,260.17000000000002 19.16124296374619,-33.551633041352034,260.17000000000002 19.161116983741522,-33.551710993051529,260.17000000000002 19.160986980423331,-33.551765978336334,260.64999999999998 19.160848008468747,-33.551791962236166,260.64999999999998 19.160696966573596,-33.551795985549688,260.17000000000002 19.160529999062419,-33.551803026348352,261.13999999999999 19.159122006967664,-33.552070995792747,262.10000000000002 19.158511972054839,-33.552216002717614,262.57999999999998 19.158365959301591,-33.552278028801084,262.57999999999998 19.157908977940679,-33.552467040717602,263.06 19.157736981287599,-33.552500987425447,262.57999999999998 19.157555010169744,-33.552515991032124,262.57999999999998 19.156040986999869,-33.552703997120261,265.45999999999998 19.154698038473725,-33.553075985983014,265.45999999999998 19.154368964955211,-33.55319500900805,265.45999999999998 19.154219012707472,-33.553275978192687,265.45999999999998 19.152757041156292,-33.554090028628707,264.98000000000002 19.151610983535647,-33.554854961112142,265.94 19.150730967521667,-33.555611008778214,265.94 19.150600964203477,-33.5556669998914,265.45999999999998 19.15045796893537,-33.555714022368193,265.45999999999998 19.149863021448255,-33.555938992649317,265.45999999999998 19.149737041443586,-33.556020967662334,264.98000000000002 19.149621035903692,-33.556114006787539,264.98000000000002 19.149515004828572,-33.55622598901391,264.98000000000002 19.149412997066975,-33.556347023695707,264.98000000000002 19.148844033479691,-33.55738596059382,268.35000000000002 19.148583021014929,-33.558905012905598,267.86000000000001 19.148411024361849,-33.559560980647802,268.35000000000002 19.148345980793238,-33.559676986187696,268.35000000000002 19.14746998809278,-33.561222022399306,270.75 19.146927008405328,-33.56254099868238,272.67000000000002 19.146837992593646,-33.562790025025606,272.67000000000002 19.146821983158588,-33.562922040000558,272.67000000000002 19.146821983158588,-33.563055982813239,273.14999999999998 19.146821983158588,-33.563195038586855,273.63 19.146815026178956,-33.563339039683342,273.63 19.146849978715181,-33.564010011032224,274.11000000000001 19.146898007020354,-33.564136996865273,273.63 19.146966990083456,-33.56426096521318,273.63 19.147050976753235,-33.564385017380118,273.63 19.1471460275352,-33.564512003213167,274.11000000000001 19.147852035239339,-33.565761996433139,274.11000000000001 19.148052027449012,-33.566384017467499,273.63 19.148038029670715,-33.5664720274508,273.63 19.147996036335826,-33.566555008292198,273.63 19.147918000817299,-33.566628014668822,274.11000000000001 19.147795960307121,-33.566694986075163,274.58999999999997 19.147668974474072,-33.566762963309884,275.06999999999999 19.147362029179931,-33.566951975226402,275.56 19.146507997065783,-33.567626969888806,274.58999999999997 19.146430967375636,-33.567729983478785,274.11000000000001 19.146363995969296,-33.567842971533537,274.58999999999997 19.146238015964627,-33.568031983450055,274.11000000000001 19.146155035123229,-33.568113958463073,273.63 19.146043974906206,-33.5681729670614,273.63 19.145925035700202,-33.568225018680096,273.14999999999998 19.145790003240108,-33.568257037550211,273.14999999999998 19.145649019628763,-33.568281009793282,273.14999999999998 19.145493032410741,-33.568296013399959,272.67000000000002 19.145316006615758,-33.568305987864733,272.67000000000002 19.144701026380062,-33.568399026989937,271.23000000000002 19.144570017233491,-33.568457029759884,270.75 19.14407498203218,-33.568617040291429,269.79000000000002 19.143901979550719,-33.568618968129158,269.79000000000002 19.142729016020894,-33.568896995857358,267.38 19.142604041844606,-33.568970002233982,267.38 19.141611959785223,-33.569614989683032,267.38 19.141501989215612,-33.569666035473347,268.35000000000002 19.141386989504099,-33.569693025201559,268.82999999999998 19.14123896509409,-33.569691013544798,270.26999999999998 19.141097981482744,-33.569678021594882,270.75 19.140532035380602,-33.569624964147806,277.95999999999998 19.140402032062411,-33.569593029096723,279.88 19.14027102291584,-33.569556986913085,280.83999999999997 19.13928103633225,-33.569209976121783,285.64999999999998 19.139166958630085,-33.569200001657009,286.13 19.139052964746952,-33.569206036627293,286.61000000000001 19.138952968642116,-33.569227997213602,286.61000000000001 19.138866970315576,-33.569268984720111,286.61000000000001 19.138793963938951,-33.569324975833297,286.61000000000001 19.138732021674514,-33.569399993866682,286.61000000000001 19.138679970055819,-33.569489009678364,287.56999999999999 19.13863998837769,-33.56958799995482,287.56999999999999 19.138607969507575,-33.569695958867669,288.05000000000001 19.138446031138301,-33.571091964840889,293.33999999999997 19.138409988954663,-33.57120000757277,293.81999999999999 19.138309992849827,-33.571418020874262,295.74000000000001 19.13810103200376,-33.571872990578413,297.18000000000001 19.138013022020459,-33.571959994733334,298.63 19.137921994552016,-33.572035012766719,299.11000000000001 19.137706998735666,-33.572264006361365,300.55000000000001 19.137685038149357,-33.572370037436485,300.55000000000001 19.137669028714299,-33.572488976642489,301.50999999999999 19.137636004015803,-33.572604982182384,302.47000000000003 19.13758696988225,-33.572715958580375,302.94999999999999 19.137504994869232,-33.572816960513592,304.88 19.137439029291272,-33.572918968275189,305.36000000000001 19.137354036793113,-33.573130024597049,306.31999999999999 19.137351019307971,-33.573234966024756,306.80000000000001 19.1373719740659,-33.573339991271496,307.27999999999997 19.137411033734679,-33.573754979297519,309.19999999999999 19.137364011257887,-33.573852041736245,309.19999999999999 19.137302991002798,-33.573946002870798,310.16000000000003 19.137245994061232,-33.574042981490493,310.63999999999999 19.137195032089949,-33.574141971766949,311.60000000000002 19.137172987684608,-33.57425102032721,312.08999999999997 19.137152032926679,-33.574357973411679,313.52999999999997 19.137145997956395,-33.574457969516516,314.00999999999999 19.137141974642873,-33.5745520144701,314.49000000000001 19.137133006006479,-33.574642958119512,314.49000000000001 19.137105010449886,-33.574727028608322,315.44999999999999 19.137057987973094,-33.574812021106482,315.93000000000001 19.136989004909992,-33.574891984462738,316.88999999999999 19.136923039332032,-33.574978988617659,317.37 19.136816002428532,-33.575171018019319,318.81 19.136783983558416,-33.575271014124155,319.30000000000001 19.136658003553748,-33.575699999928474,320.74000000000001 19.136589020490646,-33.575799996033311,322.18000000000001 19.136530011892319,-33.575909966602921,322.66000000000003 19.136459017172456,-33.576128985732794,324.10000000000002 19.136363966390491,-33.576388992369175,326.01999999999998 19.136292971670628,-33.57646401040256,326.5 19.136148970574141,-33.576629972085357,327.94999999999999 19.136088034138083,-33.576719993725419,328.43000000000001 19.135719984769821,-33.577260039746761,332.26999999999998 19.13567204028368,-33.577361041679978,332.75 19.135417984798551,-33.577985996380448,336.60000000000002 19.135392000898719,-33.578094039112329,337.07999999999998 19.135390995070338,-33.578196968883276,337.56 19.135412033647299,-33.578298976644874,338.04000000000002 19.135442040860653,-33.578400984406471,338.51999999999998 19.135509012266994,-33.578832987695932,340.44 19.135476993396878,-33.578936001285911,340.44 19.135396024212241,-33.579133981838822,340.92000000000002 19.135306002572179,-33.579225009307265,341.41000000000003 19.135145992040634,-33.579419972375035,342.37 19.135057982057333,-33.579638991504908,343.32999999999998 19.135039038956165,-33.579749967902899,343.32999999999998 19.134959997609258,-33.58007401227951,344.76999999999998 19.134909035637975,-33.580169985070825,344.76999999999998 19.134841980412602,-33.580263024196029,345.25 19.134753970429301,-33.580352962017059,346.20999999999998 19.134660009294748,-33.580435020849109,346.20999999999998 19.134550960734487,-33.580516995862126,346.69 19.133531972765923,-33.581377984955907,352.45999999999998 19.133463995531201,-33.581480998545885,352.94 19.133413033559918,-33.581589963287115,353.42000000000002 19.133379003033042,-33.581710997968912,354.38 19.133339021354914,-33.581824991852045,354.38 19.133281018584967,-33.581937979906797,354.86000000000001 19.13320398889482,-33.582036970183253,355.33999999999997 19.133113967254758,-33.582129003480077,355.82999999999998 19.133038027212024,-33.582217013463378,356.31 19.132941970601678,-33.582394039258361,358.23000000000002 19.132946999743581,-33.582483977079391,358.70999999999998 19.132981030270457,-33.582571987062693,359.19 19.13331001996994,-33.583473041653633,366.39999999999998 19.133408004418015,-33.583884006366134,368.31999999999999 19.133382020518184,-33.583964975550771,369.27999999999997 19.133336003869772,-33.584039993584156,369.75999999999999 19.13324698805809,-33.584105037152767,371.69 19.133140034973621,-33.584171002730727,373.13 19.133021011948586,-33.584231017157435,375.05000000000001 19.132909029722214,-33.584291031584144,376.00999999999999 19.132786989212036,-33.58432799577713,376.49000000000001 19.13266696035862,-33.584344005212188,376.97000000000003 19.132537040859461,-33.584339981898665,377.94 19.13240997120738,-33.584321960806847,378.42000000000002 19.132276028394699,-33.584306035190821,379.86000000000001 19.132173014804721,-33.584317015483975,380.33999999999997 19.132080981507897,-33.584352973848581,381.77999999999997 19.132007975131273,-33.584411982446909,382.74000000000001 19.131955001503229,-33.584490017965436,383.69999999999999 19.13191300816834,-33.58458599075675,384.66000000000003 19.131873026490211,-33.584686992689967,385.14999999999998 19.131746040657163,-33.584977006539702,387.06999999999999 19.131674040108919,-33.585061999037862,387.55000000000001 19.131576977670193,-33.585139028728008,388.50999999999999 19.131153021007776,-33.585435999557376,390.91000000000003 19.131065011024475,-33.585514035075903,390.91000000000003 19.130994016304612,-33.585601039230824,391.87 19.130930984392762,-33.585689971223474,392.36000000000001 19.130870969966054,-33.585779992863536,393.31999999999999 19.130806010216475,-33.585865991190076,393.80000000000001 19.130727974697948,-33.585944026708603,394.75999999999999 19.13062697276473,-33.586013009771705,395.72000000000003 19.130519013851881,-33.586077969521284,396.19999999999999 19.130405019968748,-33.586139995604753,397.16000000000003 19.130295971408486,-33.586204033344984,397.16000000000003 19.129987014457583,-33.586407965049148,398.60000000000002 19.129921970888972,-33.586504021659493,401.00999999999999 19.129876960068941,-33.58660502359271,401.49000000000001 19.129853993654251,-33.586717005819082,402.93000000000001 19.129824992269278,-33.586824964731932,403.41000000000003 19.129744023084641,-33.587042978033423,404.37 19.129680991172791,-33.58714297413826,405.32999999999998 19.129603039473295,-33.587240036576986,405.81 19.129402963444591,-33.587537007406354,409.18000000000001 19.12935602478683,-33.587642032653093,409.18000000000001 19.128841040655971,-33.588767973706126,416.87 19.128625961020589,-33.588981041684747,417.82999999999998 19.1285390406847,-33.58903300948441,418.31 19.128442984074354,-33.589069973677397,418.79000000000002 19.128337958827615,-33.589094029739499,419.75 19.128235029056668,-33.589114984497428,420.23000000000002 19.12802598439157,-33.589221015572548,421.68000000000001 19.127214029431343,-33.589728036895394,426.95999999999998 19.127112021669745,-33.589795008301735,427.92000000000002 19.127019988372922,-33.589866003021598,428.88999999999999 19.126605000346899,-33.590327007696033,432.25 19.126567030325532,-33.59040898270905,432.73000000000002 19.126550015062094,-33.590495986863971,433.20999999999998 19.126559989526868,-33.590594977140427,434.64999999999998 19.12658697925508,-33.590690027922392,434.64999999999998 19.126614974811673,-33.59079203568399,436.10000000000002 19.126623021438718,-33.590891025960445,436.57999999999998 19.126605000346899,-33.590989010408521,437.06 19.126560995355248,-33.591085989028215,437.54000000000002 19.126439038664103,-33.591412967070937,438.01999999999998 19.126398973166943,-33.591510029509664,439.45999999999998 19.126357985660434,-33.591600973159075,439.94 19.126293025910854,-33.591676997020841,440.42000000000002 19.126207027584314,-33.591738017275929,440.89999999999998 19.126103008165956,-33.591779004782438,441.38 19.12598398514092,-33.59180498868227,441.38 19.125847024843097,-33.591823009774089,442.33999999999997 19.1257069632411,-33.591848993673921,442.81999999999999 19.125570002943277,-33.591889981180429,443.79000000000002 19.125439999625087,-33.591943960636854,444.26999999999998 19.124828958883882,-33.592229029163718,445.70999999999998 19.124686969444156,-33.592259036377072,445.23000000000002 19.124546991661191,-33.592269010841846,445.23000000000002 19.124408019706607,-33.592265993356705,445.70999999999998 19.124276004731655,-33.59225501306355,445.70999999999998 19.124033013358712,-33.592258030548692,444.75 19.123926982283592,-33.592296000570059,444.75 19.12383402697742,-33.592350985854864,444.75 19.123768983408809,-33.592448970302939,445.23000000000002 19.123716009780765,-33.592571010813117,445.70999999999998 19.123668987303972,-33.592697996646166,446.67000000000002 19.123563040047884,-33.59292296692729,448.11000000000001 19.123481987044215,-33.593021035194397,448.58999999999997 19.123386014252901,-33.593116002157331,449.06999999999999 19.122492000460625,-33.593741962686181,451.95999999999998 19.122418994084001,-33.593828966841102,451.95999999999998 19.122098973020911,-33.594115041196346,452.92000000000002 19.121973998844624,-33.594152005389333,452.92000000000002 19.121218034997582,-33.594435984268785,454.83999999999997 19.121152991428971,-33.594477977603674,455.31999999999999 19.121103035286069,-33.594536986202002,456.27999999999997 19.121089037507772,-33.594608986750245,456.27999999999997 19.121115021407604,-33.594689033925533,457.24000000000001 19.12117000669241,-33.594762962311506,456.75999999999999 19.121241001412272,-33.594839992001653,457.72000000000003 19.121337980031967,-33.595002014189959,458.20999999999998 19.121335968375206,-33.595086000859737,458.69 19.121304033324122,-33.595170993357897,459.17000000000002 19.121245024725795,-33.595255985856056,460.13 19.121182998642325,-33.595342990010977,460.61000000000001 19.121112003922462,-33.595423959195614,461.08999999999997 19.121028017252684,-33.595496965572238,462.05000000000001 19.120943024754524,-33.59556301496923,462.52999999999997 19.120845962315798,-33.595623029395938,463.00999999999999 19.120124028995633,-33.596169026568532,469.25999999999999 19.120071977376938,-33.596255024895072,469.74000000000001 19.119892017915845,-33.59646700322628,471.66000000000003 19.119813982397318,-33.596516959369183,472.13999999999999 19.119728989899158,-33.596559036523104,473.11000000000001 19.119477029889822,-33.596734972670674,475.50999999999999 19.119158014655113,-33.597034038975835,477.91000000000003 19.118903037160635,-33.597235959023237,479.35000000000002 19.118819972500205,-33.597278036177158,479.83999999999997 19.118733974173665,-33.597302008420229,480.31999999999999 19.118625009432435,-33.597307037562132,480.80000000000001 19.118510009720922,-33.597306031733751,481.27999999999997 19.118301970884204,-33.597345007583499,482.24000000000001 19.118210021406412,-33.597394963726401,483.19999999999999 19.11814103834331,-33.597462018951774,483.68000000000001 19.118082029744983,-33.597537958994508,484.16000000000003 19.118025032803416,-33.597624041140079,484.63999999999999 19.117864016443491,-33.597785979509354,485.60000000000002 19.116858020424843,-33.598488969728351,492.81 19.116668002679944,-33.598632970824838,494.25999999999999 19.116562977433205,-33.598692985251546,495.22000000000003 19.116454012691975,-33.598744031041861,495.69999999999999 19.116349993273616,-33.598799016326666,496.66000000000003 19.116245973855257,-33.598859030753374,497.13999999999999 19.116171961650252,-33.59893798828125,498.10000000000002 19.116108007729053,-33.599027004092932,499.06 19.116046987473965,-33.599118031561375,499.54000000000002 19.115973981097341,-33.599193971604109,500.01999999999998 19.115893011912704,-33.599249040707946,500.98000000000002 19.115803996101022,-33.599291034042835,501.45999999999998 19.115690002217889,-33.599314000457525,502.43000000000001 19.115569973364472,-33.599332021549344,502.91000000000003 19.115334022790194,-33.599384995177388,504.82999999999998 19.115242995321751,-33.599429000169039,505.31 19.114981982856989,-33.599533019587398,507.23000000000002 19.114873018115759,-33.599541988223791,508.19 19.113652026280761,-33.599679032340646,515.39999999999998 19.11352202296257,-33.599729994311929,515.88 19.111750004813075,-33.600615039467812,527.41999999999996 19.111641962081194,-33.600685028359294,527.41999999999996 19.111554035916924,-33.600762980058789,528.38 19.111469965428114,-33.600857025012374,530.29999999999995 19.111398970708251,-33.600950986146927,530.78999999999996 19.111345997080207,-33.601061962544918,532.71000000000004 19.11128900013864,-33.601161036640406,533.66999999999996 19.111253041774035,-33.601270001381636,534.63 19.111212976276875,-33.601380977779627,535.59000000000003 19.111166037619114,-33.601491032168269,536.07000000000005 19.111105017364025,-33.601594967767596,536.07000000000005 19.111024970188737,-33.601685995236039,537.02999999999997 19.110935032367706,-33.601775011047721,537.99000000000001 19.110823972150683,-33.601847011595964,539.44000000000005 19.110725987702608,-33.601912977173924,539.91999999999996 19.110563965514302,-33.60203099437058,540.88 19.110518032684922,-33.602104000747204,541.36000000000001 19.110510991886258,-33.602193016558886,541.36000000000001 19.110530018806458,-33.602293012663722,542.32000000000005 19.110552985221148,-33.602398037910461,542.32000000000005 19.110540999099612,-33.602626025676727,543.75999999999999 19.1104949824512,-33.602737002074718,544.24000000000001 19.110427005216479,-33.602841021493077,544.72000000000003 19.110336983576417,-33.602928025647998,545.20000000000005 19.110230030491948,-33.603001032024622,546.16999999999996 19.110118970274925,-33.603066997602582,547.13 19.109933981671929,-33.603227008134127,548.57000000000005 19.109895005822182,-33.60334200784564,549.04999999999995 19.109855024144053,-33.603457007557154,550.49000000000001 19.109833985567093,-33.603583993390203,551.45000000000005 19.109816970303655,-33.603704022243619,551.92999999999995 19.109795009717345,-33.603821033611894,552.89999999999998 19.109757961705327,-33.603929998353124,553.38 19.109702976420522,-33.604034017771482,553.86000000000001 19.109629970043898,-33.604133008047938,554.34000000000003 19.109560986980796,-33.604233004152775,555.29999999999995 19.109506001695991,-33.604336017742753,555.77999999999997 19.109478006139398,-33.604440959170461,556.74000000000001 19.109469037503004,-33.60454497858882,557.22000000000003 19.109469959512353,-33.604646986350417,557.70000000000005 19.109485968947411,-33.604751005768776,559.13999999999999 19.109528968110681,-33.604855025187135,560.11000000000001 19.109583031386137,-33.604956027120352,560.59000000000003 19.109670035541058,-33.605172028765082,562.02999999999997 19.109689984470606,-33.605289040133357,562.99000000000001 19.109708005562425,-33.605412002652884,562.99000000000001 19.109814036637545,-33.606366030871868,567.32000000000005 19.109806995838881,-33.606476001441479,568.27999999999997 19.109784029424191,-33.606584966182709,568.75999999999999 19.109748993068933,-33.606686973944306,569.24000000000001 19.109717980027199,-33.606789987534285,569.72000000000003 19.109714962542057,-33.607006995007396,569.72000000000003 19.109739018604159,-33.607116965577006,569.72000000000003 19.109830968081951,-33.608122039586306,572.60000000000002 19.109847983345389,-33.608237961307168,573.08000000000004 19.109880002215505,-33.608350027352571,573.55999999999995 19.109929958358407,-33.608459997922182,574.03999999999996 19.109984021633863,-33.608566028997302,574.52999999999997 19.110079994425178,-33.608780018985271,575.49000000000001 19.110102960839868,-33.608898036181927,575.97000000000003 19.110349975526333,-33.61002397723496,580.76999999999998 19.110381994396448,-33.610135037451982,581.73000000000002 19.110387023538351,-33.6102360393852,582.22000000000003 19.110371014103293,-33.610339974984527,582.70000000000005 19.110318962484598,-33.610436031594872,583.17999999999995 19.110246961936355,-33.61051800660789,584.13999999999999 19.110141014680266,-33.610579026862979,584.62 19.110015034675598,-33.610616996884346,585.58000000000004 19.109864998608828,-33.610638035461307,586.05999999999995 19.109709011390805,-33.610664019361138,586.53999999999996 19.108037995174527,-33.611065009608865,589.90999999999997 19.10656001418829,-33.611558033153415,591.35000000000002 19.105151016265154,-33.611636990681291,594.23000000000002 19.104345012456179,-33.611644031479955,594.71000000000004 19.104230012744665,-33.611683007329702,594.23000000000002 19.104142002761364,-33.611749978736043,594.71000000000004 19.10406899638474,-33.611837988719344,594.23000000000002 19.103990960866213,-33.611927004531026,594.23000000000002 19.103885013610125,-33.612005962058902,595.19000000000005 19.103760961443186,-33.612067988142371,595.19000000000005 19.10336097702384,-33.612240990623832,595.19000000000005 19.103261986747384,-33.612321959808469,594.71000000000004 19.103176994249225,-33.612420028075576,594.23000000000002 19.103096025064588,-33.612531004473567,594.23000000000002 19.10301698371768,-33.612651033326983,594.23000000000002 19.102590009570122,-33.61311798915267,594.23000000000002 19.102216009050608,-33.613432981073856,594.23000000000002 19.102123975753784,-33.613552004098892,593.75 19.101855000481009,-33.613889962434769,593.75 19.101758021861315,-33.613980989903212,593.75 19.101652996614575,-33.614060031250119,594.23000000000002 19.101386032998562,-33.614302016794682,592.78999999999996 19.101329036056995,-33.614394972100854,592.78999999999996 19.101301962509751,-33.614496979862452,592.78999999999996 19.101295005530119,-33.614605022594333,592.78999999999996 19.101309003308415,-33.614718010649085,592.78999999999996 19.101332975551486,-33.614833010360599,592.30999999999995 19.101366000249982,-33.614950021728873,591.83000000000004 19.101408999413252,-33.615184966474771,591.35000000000002 19.101411011070013,-33.615295020863414,590.87 19.101401036605239,-33.615409014746547,590.38999999999999 19.101376980543137,-33.615518985316157,589.90999999999997 19.101328030228615,-33.615626022219658,589.42999999999995 19.101256029680371,-33.615728029981256,588.95000000000005 19.101170031353831,-33.615826014429331,588.46000000000004 19.101071041077375,-33.615920981392264,588.46000000000004 19.100966015830636,-33.616014020517468,587.5 19.100853027775884,-33.61610303632915,587.5 19.100731993094087,-33.61618802882731,587.01999999999998 19.100605007261038,-33.616270003840327,586.53999999999996 19.100231006741524,-33.616510983556509,584.62 19.1001389734447,-33.616607040166855,583.65999999999997 19.10005004145205,-33.61670795828104,583.65999999999997 19.099991032853723,-33.616823963820934,582.70000000000005 19.099945016205311,-33.616946004331112,582.70000000000005 19.099904028698802,-33.617076007649302,582.70000000000005 19.099869998171926,-33.617213973775506,582.70000000000005 19.099444029852748,-33.618867974728346,586.05999999999995 19.099388960748911,-33.618976017460227,586.53999999999996 19.099308997392654,-33.619068972766399,587.5 19.099217969924212,-33.619150025770068,587.98000000000002 19.099110011011362,-33.619218003004789,587.98000000000002 19.099000040441751,-33.619280029088259,588.46000000000004 19.098238041624427,-33.619711026549339,589.42999999999995 19.098152965307236,-33.619793001562357,589.42999999999995 19.098080964758992,-33.619886040687561,589.42999999999995 19.097864963114262,-33.620297005400062,590.38999999999999 19.09783998504281,-33.620408987626433,590.87 19.097832022234797,-33.620523987337947,591.35000000000002 19.09781701862812,-33.620884995907545,592.30999999999995 19.097784999758005,-33.6210030131042,592.78999999999996 19.097708975896239,-33.621247010305524,593.75 19.097692966461182,-33.621379025280476,594.23000000000002 19.09768701530993,-33.621654035523534,595.19000000000005 19.097662037238479,-33.621792001649737,595.66999999999996 19.097611997276545,-33.621924016624689,595.66999999999996 19.097535973414779,-33.622048990800977,596.14999999999998 19.097444023936987,-33.622168013826013,596.63999999999999 19.097336987033486,-33.622282007709146,597.60000000000002 19.097180999815464,-33.622516030445695,597.60000000000002 19.097134983167052,-33.622644022107124,597.60000000000002 19.097116040065885,-33.622779976576567,597.60000000000002 19.097110005095601,-33.622919032350183,598.08000000000004 19.097117967903614,-33.623060015961528,599.03999999999996 19.097146969288588,-33.62319597043097,599.51999999999998 19.097187034785748,-33.623328991234303,600.48000000000002 19.097216036170721,-33.623455977067351,600.96000000000004 19.097229028120637,-33.623582040891051,600.96000000000004 19.097231961786747,-33.623710032552481,600.48000000000002 19.0973000228405,-33.624559035524726,596.63999999999999 19.097298011183739,-33.624758021906018,597.60000000000002 19.097332963719964,-33.624865980818868,596.63999999999999 19.09738602116704,-33.624973017722368,596.63999999999999 19.097754992544651,-33.625450031831861,595.66999999999996 19.097853982821107,-33.625520020723343,595.19000000000005 19.097963031381369,-33.625574000179768,594.71000000000004 19.098091023042798,-33.625626973807812,593.75 19.098223960027099,-33.625668967142701,593.26999999999998 19.09835597500205,-33.625710038468242,592.78999999999996 19.09848103299737,-33.625756977126002,592.78999999999996 19.098598966374993,-33.625811040401459,591.83000000000004 19.099378986284137,-33.62628998234868,588.95000000000005 19.099480994045734,-33.626388972625136,587.98000000000002 19.100117012858391,-33.627248033881187,583.17999999999995 19.100247016176581,-33.627569982782006,582.22000000000003 19.100263025611639,-33.627680037170649,581.73000000000002 19.10026696510613,-33.627784978598356,580.76999999999998 19.100188007578254,-33.628412028774619,578.37 19.100170992314816,-33.628453016281128,578.85000000000002 19.100155988708138,-33.628529040142894,578.37 19.100167974829674,-33.628762979060411,574.03999999999996 19.100184990093112,-33.628776976838708,573.55999999999995 19.10020200535655,-33.628783011808991,573.08000000000004 19.100199993699789,-33.628787035122514,574.03999999999996 19.100204017013311,-33.628789968788624,573.08000000000004 19.100203011184931,-33.628786029294133,573.08000000000004 19.100204017013311,-33.628786029294133,572.60000000000002 19.100206028670073,-33.628787035122514,573.08000000000004 19.100207034498453,-33.628787035122514,573.08000000000004 19.100208040326834,-33.628788962960243,573.08000000000004 19.100209968164563,-33.628788962960243,572.60000000000002 19.100208962336183,-33.628784017637372,573.55999999999995 19.100209968164563,-33.628785023465753,574.52999999999997 19.100211979821324,-33.628788040950894,574.03999999999996 19.100213991478086,-33.628789968788624,574.52999999999997 19.100216003134847,-33.628791980445385,574.03999999999996 19.100214997306466,-33.628786029294133,574.52999999999997 19.100292026996613,-33.628914020955563,544.72000000000003 19.100754037499428,-33.629479967057705,582.22000000000003 19.100799970328808,-33.629610976204276,581.73000000000002 19.100830983370543,-33.629745002835989,581.73000000000002 19.100855961441994,-33.629923034459352,576.92999999999995 19.10086995922029,-33.630055971443653,574.52999999999997 19.100911030545831,-33.63032897002995,571.63999999999999 19.100951012223959,-33.630468025803566,570.67999999999995 19.10125401802361,-33.631690023466945,565.38999999999999 19.101283019408584,-33.631966961547732,563.47000000000003 19.101320989429951,-33.632084978744388,563.47000000000003 19.101391984149814,-33.632188998162746,562.99000000000001 19.101487034931779,-33.632279019802809,562.99000000000001 19.101587031036615,-33.632363006472588,562.99000000000001 19.101720973849297,-33.632544977590442,562.50999999999999 19.101742012426257,-33.632648997008801,562.50999999999999 19.101731032133102,-33.632762990891933,562.50999999999999 19.101681997999549,-33.632881008088589,562.50999999999999 19.101615026593208,-33.633010005578399,561.07000000000005 19.101541014388204,-33.633140008896589,560.59000000000003 19.101370023563504,-33.633517026901245,557.22000000000003 19.101359965279698,-33.633659016340971,556.74000000000001 19.101376980543137,-33.634522017091513,552.40999999999997 19.101413022726774,-33.634652020409703,551.92999999999995 19.101463984698057,-33.634784035384655,551.45000000000005 19.102017022669315,-33.635776033625007,547.61000000000001 19.102945988997817,-33.637527013197541,541.36000000000001 19.103649985045195,-33.638682039454579,539.44000000000005 19.10426496528089,-33.63986799493432,534.14999999999998 19.104340989142656,-33.640991002321243,537.02999999999997 19.104321040213108,-33.641099967062473,535.59000000000003 19.104282986372709,-33.641186971217394,536.07000000000005 19.10421903245151,-33.641256038099527,536.54999999999995 19.104125993326306,-33.641301970928907,537.99000000000001 19.104019040241838,-33.641336001455784,537.99000000000001 19.10389699973166,-33.641373971477151,537.50999999999999 19.103627018630505,-33.641484025865793,536.07000000000005 19.103490980342031,-33.64156499505043,535.11000000000001 19.103363994508982,-33.641660967841744,534.14999999999998 19.103259975090623,-33.641769010573626,533.19000000000005 19.103186968713999,-33.641881998628378,532.71000000000004 19.10314598120749,-33.642003033310175,532.23000000000002 19.103126032277942,-33.642130019143224,532.23000000000002 19.103110022842884,-33.642257004976273,531.26999999999998 19.103020001202822,-33.642472000792623,529.34000000000003 19.102936014533043,-33.642537966370583,528.86000000000001 19.102821014821529,-33.642580965533853,527.41999999999996 19.102681959047914,-33.642610972747207,526.94000000000005 19.102529995143414,-33.642631005495787,525.98000000000002 19.102365039288998,-33.642646009102464,524.53999999999996 19.101622989401221,-33.642640979960561,520.69000000000005 19.101438000798225,-33.642619019374251,519.25 19.100617999210954,-33.642439981922507,513.48000000000002 19.100487995892763,-33.642456997185946,512.03999999999996 19.100370984524488,-33.642498990520835,512.03999999999996 19.10026797093451,-33.642568979412317,511.56 19.100177027285099,-33.642662018537521,509.63999999999999 19.100089017301798,-33.642762014642358,509.16000000000003 19.09996697679162,-33.64283200353384,513 19.099860023707151,-33.642889000475407,513 19.09975097514689,-33.642910961061716,512.51999999999998 19.099659025669098,-33.642896041274071,511.07999999999998 19.099576966837049,-33.642843989655375,510.60000000000002 19.099504966288805,-33.64276796579361,511.07999999999998 19.099441012367606,-33.642661012709141,510.60000000000002 19.099376974627376,-33.642526986077428,510.12 19.099214030429721,-33.642307966947556,508.67000000000002 19.099115962162614,-33.642234038561583,508.19 19.098981013521552,-33.642199002206326,508.19 19.09882603213191,-33.642201013863087,507.23000000000002 19.09865403547883,-33.642221968621016,506.26999999999998 19.098476003855467,-33.642246024683118,505.79000000000002 19.097802015021443,-33.642364963889122,501.94999999999999 19.097512001171708,-33.642441993579268,500.5 19.097239002585411,-33.642426989972591,499.54000000000002 19.097101036459208,-33.64238197915256,498.57999999999998 19.096789984032512,-33.642274020239711,496.66000000000003 19.096621004864573,-33.642243007197976,495.69999999999999 19.096444984897971,-33.642234960570931,495.22000000000003 19.096110966056585,-33.642239989712834,493.76999999999998 19.095956990495324,-33.642220962792635,492.81 19.09581801854074,-33.642175029963255,491.85000000000002 19.095687009394169,-33.642105041071773,490.88999999999999 19.095567986369133,-33.64201501943171,490.41000000000003 19.095436977222562,-33.641916029155254,489.93000000000001 19.094833983108401,-33.641557032242417,485.12 19.094711020588875,-33.641464998945594,484.16000000000003 19.094601972028613,-33.641371037811041,484.16000000000003 19.094331990927458,-33.641121005639434,481.75999999999999 19.094224032014608,-33.641083035618067,480.80000000000001 19.09410098567605,-33.641089992597699,479.83999999999997 19.093982968479395,-33.641130980104208,479.35000000000002 19.093870986253023,-33.641203986480832,478.87 19.093762021511793,-33.641297025606036,477.91000000000003 19.093649033457041,-33.641395010054111,476.47000000000003 19.093336975201964,-33.64165099337697,473.11000000000001 19.093233039602637,-33.641696004197001,472.13999999999999 19.093117034062743,-33.641711007803679,470.69999999999999 19.092992981895804,-33.641699021682143,470.22000000000003 19.092868007719517,-33.641669014468789,469.25999999999999 19.092726018279791,-33.641624003648758,468.30000000000001 19.092413960024714,-33.641566000878811,468.30000000000001 19.092269036918879,-33.641568012535572,467.81999999999999 19.092126963660121,-33.641573963686824,467.33999999999997 19.092001989483833,-33.641558038070798,466.86000000000001 19.09191096201539,-33.641506992280483,465.89999999999998 19.091838039457798,-33.641440020874143,465.42000000000002 19.091766038909554,-33.641357962042093,464.44999999999999 19.091590018942952,-33.641186971217394,463.97000000000003 19.091467978432775,-33.641115976497531,463.49000000000001 19.091334035620093,-33.641060991212726,463.00999999999999 19.091012002900243,-33.640888994559646,461.56999999999999 19.090962968766689,-33.640804002061486,461.08999999999997 19.090960035100579,-33.640712974593043,460.61000000000001 19.090980989858508,-33.640607027336955,460.13 19.091018037870526,-33.640497978776693,459.17000000000002 19.091048967093229,-33.640362024307251,458.20999999999998 19.091043015941978,-33.640239983797073,457.24000000000001 19.091014014557004,-33.640110986307263,456.75999999999999 19.090548986569047,-33.639058973640203,454.83999999999997 19.090473968535662,-33.638960989192128,454.83999999999997 19.09038201905787,-33.638886976987123,454.83999999999997 19.09027598798275,-33.638840960338712,454.83999999999997 19.090161994099617,-33.638834003359079,454.83999999999997 19.090055963024497,-33.638867028057575,455.31999999999999 19.089975999668241,-33.638927964493632,455.80000000000001 19.089936017990112,-33.63902997225523,456.27999999999997 19.089925959706306,-33.639133991673589,456.75999999999999 19.089924031868577,-33.639249997213483,457.24000000000001 19.089683974161744,-33.640350038185716,456.75999999999999 19.089611973613501,-33.64059898070991,457.24000000000001 19.089548019692302,-33.640696965157986,456.27999999999997 19.089456992223859,-33.640780029818416,455.31999999999999 19.0893529728055,-33.640843983739614,455.31999999999999 19.089229004457593,-33.64089603535831,455.31999999999999 19.089095983654261,-33.640937022864819,454.83999999999997 19.088959023356438,-33.640977004542947,453.88 19.088532971218228,-33.641140032559633,451.95999999999998 19.088415959849954,-33.641214966773987,451.48000000000002 19.088332979008555,-33.641310017555952,451 19.088289979845285,-33.641416970640421,450.02999999999997 19.088286040350795,-33.641527025029063,449.55000000000001 19.088324010372162,-33.641631966456771,449.06999999999999 19.088377989828587,-33.641739003360271,449.06999999999999 19.088441021740437,-33.641848973929882,449.06999999999999 19.089073017239571,-33.642900986596942,446.67000000000002 19.089093971997499,-33.642996959388256,446.67000000000002 19.089097995311022,-33.643096033483744,446.67000000000002 19.089081985875964,-33.643198041245341,446.67000000000002 19.089027000591159,-33.643307005986571,446.67000000000002 19.088953994214535,-33.643399039283395,446.67000000000002 19.088869001716375,-33.64347699098289,446.67000000000002 19.088759031146765,-33.643508004024625,447.63 19.088631039485335,-33.643527030944824,447.63 19.088495001196861,-33.643520995974541,447.14999999999998 19.088345970958471,-33.643486965447664,447.63 19.088218985125422,-33.643412031233311,447.63 19.08812502399087,-33.64332402125001,447.14999999999998 19.088053023442626,-33.643213966861367,446.67000000000002 19.087993009015918,-33.643093015998602,446.19 19.087290018796921,-33.642175029963255,438.01999999999998 19.086905959993601,-33.64190798252821,436.10000000000002 19.086768999695778,-33.641854003071785,434.17000000000002 19.086617035791278,-33.641829025000334,433.69 19.086459036916494,-33.641827013343573,433.20999999999998 19.086309000849724,-33.641846962273121,432.25 19.086174974218011,-33.641890967264771,431.29000000000002 19.086057040840387,-33.641959028318524,431.29000000000002 19.085961990058422,-33.642041003331542,430.81 19.085879009217024,-33.642113003879786,430.81 19.085787981748581,-33.642156003043056,430.32999999999998 19.085689997300506,-33.642164971679449,429.85000000000002 19.08559201285243,-33.642139993607998,429.37 19.08550500869751,-33.642086014151573,428.88999999999999 19.085429990664124,-33.642003033310175,428.88999999999999 19.085365030914545,-33.641903959214687,427.44 19.085318008437753,-33.641770016402006,426 19.085274003446102,-33.64163096062839,425.04000000000002 19.085199991241097,-33.641342036426067,421.68000000000001 19.085127990692854,-33.64121999591589,420.70999999999998 19.085024977102876,-33.641108013689518,419.26999999999998 19.084892962127924,-33.64102503284812,417.82999999999998 19.084737980738282,-33.640967030078173,416.38999999999999 19.084569001570344,-33.640935011208057,414.94999999999999 19.084397004917264,-33.640927970409393,412.54000000000002 19.084221990779042,-33.640940962359309,411.57999999999998 19.084047982469201,-33.640971975401044,411.57999999999998 19.083886966109276,-33.641014974564314,410.62 19.083732990548015,-33.6410709656775,409.18000000000001 19.083586977794766,-33.64113399758935,408.22000000000003 19.083439959213138,-33.641184959560633,407.25999999999999 19.083283971995115,-33.641213960945606,406.76999999999998 19.083118010312319,-33.641215972602367,405.32999999999998 19.082957999780774,-33.64119803532958,403.88999999999999 19.08279899507761,-33.641172973439097,402.93000000000001 19.082648959010839,-33.641140032559633,401.97000000000003 19.082519961521029,-33.641094015911222,401.00999999999999 19.082422982901335,-33.641014974564314,400.05000000000001 19.082329021766782,-33.640928976237774,399.07999999999998 19.082235982641578,-33.64083300344646,398.12 19.080966040492058,-33.639654004946351,384.66000000000003 19.0808429941535,-33.639596002176404,382.74000000000001 19.080710979178548,-33.639559959992766,380.81999999999999 19.080558009445667,-33.639551997184753,379.86000000000001 19.0803939756006,-33.639563983306289,378.89999999999998 19.080219967290759,-33.639598013833165,377.44999999999999 19.080036990344524,-33.639648975804448,376.49000000000001 19.079867005348206,-33.639709996059537,375.52999999999997 19.079706994816661,-33.63978199660778,374.56999999999999 19.079563999548554,-33.639861037954688,374.08999999999997 19.07942796126008,-33.639941001310945,373.61000000000001 19.079302987083793,-33.640004033222795,373.13 19.079173989593983,-33.640044014900923,372.17000000000002 19.079041974619031,-33.640056001022458,371.20999999999998 19.078922029584646,-33.640045020729303,370.24000000000001 19.078800994902849,-33.640022976323962,369.27999999999997 19.078539982438087,-33.640032028779387,368.31999999999999 19.078406039625406,-33.640075027942657,367.83999999999997 19.078273018822074,-33.640137976035476,366.88 19.077923996374011,-33.640351966023445,364.95999999999998 19.077844033017755,-33.640436958521605,364.95999999999998 19.07779399305582,-33.640524968504906,364 19.077775971964002,-33.640628987923265,363.51999999999998 19.077784018591046,-33.640740970149636,363.04000000000002 19.077818971127272,-33.640853958204389,362.55000000000001 19.077876973897219,-33.64096300676465,362.55000000000001 19.077957021072507,-33.641065014526248,362.06999999999999 19.078062968328595,-33.64115403033793,362.06999999999999 19.078177968040109,-33.641227958723903,362.06999999999999 19.078294979408383,-33.641290990635753,361.58999999999997 19.078694963827729,-33.641535993665457,361.11000000000001 19.078764030709863,-33.641610005870461,361.11000000000001 19.078811975196004,-33.64169399254024,361.11000000000001 19.078851034864783,-33.641796000301838,361.11000000000001 19.07888900488615,-33.641902031376958,360.63 19.07899503596127,-33.642117027193308,360.63 19.079171977937222,-33.64242397248745,359.67000000000002 19.079214977100492,-33.642522962763906,359.67000000000002 19.079238027334213,-33.642620025202632,359.67000000000002 19.079240961000323,-33.642708035185933,359.67000000000002 19.079223023727536,-33.642778024077415,359.67000000000002 19.079176001250744,-33.642849018797278,360.14999999999998 19.079092014580965,-33.64289503544569,360.14999999999998 19.079000987112522,-33.642910961061716,360.14999999999998 19.07891096547246,-33.642891012132168,359.67000000000002 19.078842988237739,-33.642844995483756,358.70999999999998 19.078765036538243,-33.642775006592274,358.23000000000002 19.078688006848097,-33.64268196746707,358.23000000000002 19.07860703766346,-33.642578031867743,356.31 19.07839497551322,-33.642351971939206,354.86000000000001 19.078262960538268,-33.642263961955905,354.38 19.078102027997375,-33.642191039398313,352.45999999999998 19.077929025515914,-33.642135970294476,351.5 19.077753005549312,-33.642107974737883,350.06 19.077568016946316,-33.642091965302825,349.57999999999998 19.077386967837811,-33.642084002494812,349.10000000000002 19.077015984803438,-33.642062963917851,347.17000000000002 19.076833007857203,-33.642020970582962,346.69 19.075303981080651,-33.641711007803679,337.56 19.074996029958129,-33.641664991155267,335.16000000000003 19.074853034690022,-33.641673037782311,333.70999999999998 19.074701992794871,-33.641711007803679,332.75 19.074555980041623,-33.6417789850384,332.26999999999998 19.0744190197438,-33.641856014728546,330.82999999999998 19.074293039739132,-33.641940001398325,330.35000000000002 19.074181979522109,-33.642033962532878,329.87 19.074094975367188,-33.64214401692152,329.38999999999999 19.074034038931131,-33.64227200858295,328.91000000000003 19.074008977040648,-33.642411986365914,327.94999999999999 19.074019035324454,-33.642554981634021,326.99000000000001 19.074062034487724,-33.642695965245366,326.5 19.074129005894065,-33.642829991877079,325.54000000000002 19.074213998392224,-33.642949014902115,325.06 19.074306031689048,-33.643049011006951,324.10000000000002 19.074389012530446,-33.643138026818633,323.62 19.074507029727101,-33.643302982673049,322.18000000000001 19.074522033333778,-33.643394010141492,321.69999999999999 19.07450501807034,-33.643479002639651,321.69999999999999 19.07446101307869,-33.643553014844656,321.22000000000003 19.074381971731782,-33.643618980422616,320.74000000000001 19.074284993112087,-33.643664997071028,320.25999999999999 19.074169993400574,-33.643676983192563,319.77999999999997 19.074047030881047,-33.643662985414267,319.77999999999997 19.073927002027631,-33.64362602122128,319.30000000000001 19.073777971789241,-33.643572041764855,319.30000000000001 19.073614021763206,-33.643515966832638,318.81 19.072170993313193,-33.643156969919801,317.37 19.072006959468126,-33.643144983798265,317.37 19.071860024705529,-33.643164010718465,317.37 19.071747958660126,-33.643211033195257,316.88999999999999 19.071663971990347,-33.643294014036655,316.41000000000003 19.071601023897529,-33.643408007919788,316.41000000000003 19.071556013077497,-33.643537005409598,315.93000000000001 19.071546960622072,-33.643686035647988,314.97000000000003 19.071549978107214,-33.643847974017262,314.00999999999999 19.071536986157298,-33.644898980855942,311.60000000000002 19.071488035842776,-33.645026972517371,311.12 19.071421986445785,-33.645129986107349,310.63999999999999 19.071334982290864,-33.645217996090651,310.16000000000003 19.071228029206395,-33.645292008295655,310.63999999999999 19.071073969826102,-33.645343976095319,309.19999999999999 19.070897027850151,-33.645372977480292,308.72000000000003 19.070713967084885,-33.64538898691535,308.72000000000003 19.070525038987398,-33.645393010228872,308.24000000000001 19.068394023925066,-33.645484959706664,300.55000000000001 19.066783022135496,-33.645504992455244,293.81999999999999 19.06666299328208,-33.645467022433877,293.33999999999997 19.066531984135509,-33.645386975258589,292.86000000000001 19.065311998128891,-33.64463503472507,293.81999999999999 19.064457966014743,-33.644136982038617,294.77999999999997 19.06281896866858,-33.64377798512578,295.74000000000001 19.060417972505093,-33.643422005698085,285.17000000000002 19.059041999280453,-33.64295999519527,276.51999999999998 19.058831026777625,-33.642936022952199,274.58999999999997 19.056547963991761,-33.642694037407637,257.29000000000002 19.054685002192855,-33.642265973612666,244.31 19.052677033469081,-33.64184302277863,229.41 19.050621958449483,-33.641651999205351,214.03 19.050405034795403,-33.641676977276802,212.59 19.049961967393756,-33.64175702445209,210.66999999999999 19.048028010874987,-33.642360018566251,205.38 19.04629304073751,-33.642481975257397,206.81999999999999 19.04427501372993,-33.642128007486463,206.81999999999999 19.043543022125959,-33.641888033598661,206.34 19.043373959138989,-33.641801029443741,206.34 19.043213026598096,-33.641702039167285,206.34 19.041473027318716,-33.640547012910247,203.94 19.039396997541189,-33.63963003270328,203.94 19.03815396130085,-33.638631999492645,200.56999999999999 19.036603979766369,-33.637402961030602,190.47999999999999 19.035238986834884,-33.63700800575316,185.66999999999999 </coordinates></LineString></MultiGeometry></Placemark></Folder></Folder></Document></kml>