<?xml version="1.0" encoding="utf-8"?><kml xmlns="http://www.opengis.net/kml/2.2" xmlns:xsi="http://www.w3.org/2001/XMLSchema-instance" xmlns:kmlx="http://www.google.com/kml/ext/2.2" xmlns:atom="http://www.w3.org/2005/Atom" xmlns:gpxx="http://www.garmin.com/xmlschemas/GpxExtensions/v3"><Document><Style id="point"><IconStyle><scale>0.9</scale><Icon><href>http://maps.google.com/mapfiles/kml/shapes/placemark_circle.png</href></Icon></IconStyle></Style><Folder><name>Tracks</name><Folder><name>[123] Jan Phillips Mountain Road</name><Folder><name>Points</name><Style><ListStyle><listItemType>checkHideChildren</listItemType></ListStyle></Style><Placemark><TimeSpan><begin>2020-03-03T14:30:28Z</begin><end>2020-03-03T14:30:28Z</end></TimeSpan><Style><IconStyle><scale>0.9</scale><Icon><href>http://connect.garmin.com/image/main/icons/kml/grn-play.png</href></Icon></IconStyle></Style><Point><altitudeMode>clampToGround</altitudeMode><coordinates>18.950114976614714,-33.7030119728297,171.25</coordinates></Point></Placemark><Placemark><TimeSpan><begin>2020-03-03T14:30:28Z</begin><end>2020-03-03T14:30:39Z</end></TimeSpan><styleUrl>#point</styleUrl><Point><altitudeMode>clampToGround</altitudeMode><coordinates>18.950108019635081,-33.703324031084776,176.53999999999999</coordinates></Point></Placemark><Placemark><TimeSpan><begin>2020-03-03T14:30:39Z</begin><end>2020-03-03T14:30:49Z</end></TimeSpan><styleUrl>#point</styleUrl><Point><altitudeMode>clampToGround</altitudeMode><coordinates>18.950115982443094,-33.703455040231347,178.46000000000001</coordinates></Point></Placemark><Placemark><TimeSpan><begin>2020-03-03T14:30:49Z</begin><end>2020-03-03T14:31:06Z</end></TimeSpan><styleUrl>#point</styleUrl><Point><altitudeMode>clampToGround</altitudeMode><coordinates>18.950135009363294,-33.703628964722157,180.38</coordinates></Point></Placemark><Placemark><TimeSpan><begin>2020-03-03T14:31:06Z</begin><end>2020-03-03T14:31:15Z</end></TimeSpan><styleUrl>#point</styleUrl><Point><altitudeMode>clampToGround</altitudeMode><coordinates>18.950368026271462,-33.704093992710114,187.11000000000001</coordinates></Point></Placemark><Placemark><TimeSpan><begin>2020-03-03T14:31:15Z</begin><end>2020-03-03T14:31:16Z</end></TimeSpan><styleUrl>#point</styleUrl><Point><altitudeMode>clampToGround</altitudeMode><coordinates>18.950382024049759,-33.704142021015286,188.08000000000001</coordinates></Point></Placemark><Placemark><TimeSpan><begin>2020-03-03T14:31:16Z</begin><end>2020-03-03T14:31:17Z</end></TimeSpan><styleUrl>#point</styleUrl><Point><altitudeMode>clampToGround</altitudeMode><coordinates>18.95038696937263,-33.704188037663698,189.52000000000001</coordinates></Point></Placemark><Placemark><TimeSpan><begin>2020-03-03T14:31:17Z</begin><end>2020-03-03T14:31:18Z</end></TimeSpan><styleUrl>#point</styleUrl><Point><altitudeMode>clampToGround</altitudeMode><coordinates>18.950380012392998,-33.704231958836317,190.47999999999999</coordinates></Point></Placemark><Placemark><TimeSpan><begin>2020-03-03T14:31:18Z</begin><end>2020-03-03T14:31:19Z</end></TimeSpan><styleUrl>#point</styleUrl><Point><altitudeMode>clampToGround</altitudeMode><coordinates>18.950356962159276,-33.704270012676716,191.44</coordinates></Point></Placemark><Placemark><TimeSpan><begin>2020-03-03T14:31:19Z</begin><end>2020-03-03T14:31:20Z</end></TimeSpan><styleUrl>#point</styleUrl><Point><altitudeMode>clampToGround</altitudeMode><coordinates>18.950323015451431,-33.704299014061689,192.40000000000001</coordinates></Point></Placemark><Placemark><TimeSpan><begin>2020-03-03T14:31:20Z</begin><end>2020-03-03T14:31:21Z</end></TimeSpan><styleUrl>#point</styleUrl><Point><altitudeMode>clampToGround</altitudeMode><coordinates>18.950274987146258,-33.704306976869702,192.88</coordinates></Point></Placemark><Placemark><TimeSpan><begin>2020-03-03T14:31:21Z</begin><end>2020-03-03T14:31:22Z</end></TimeSpan><styleUrl>#point</styleUrl><Point><altitudeMode>clampToGround</altitudeMode><coordinates>18.950223019346595,-33.704308988526464,193.84</coordinates></Point></Placemark><Placemark><TimeSpan><begin>2020-03-03T14:31:22Z</begin><end>2020-03-03T14:31:23Z</end></TimeSpan><styleUrl>#point</styleUrl><Point><altitudeMode>clampToGround</altitudeMode><coordinates>18.950165016576648,-33.704298008233309,194.31999999999999</coordinates></Point></Placemark><Placemark><TimeSpan><begin>2020-03-03T14:31:23Z</begin><end>2020-03-03T14:31:24Z</end></TimeSpan><styleUrl>#point</styleUrl><Point><altitudeMode>clampToGround</altitudeMode><coordinates>18.950103996321559,-33.704277975484729,195.28</coordinates></Point></Placemark><Placemark><TimeSpan><begin>2020-03-03T14:31:24Z</begin><end>2020-03-03T14:31:25Z</end></TimeSpan><styleUrl>#point</styleUrl><Point><altitudeMode>clampToGround</altitudeMode><coordinates>18.950037024915218,-33.704251991584897,195.77000000000001</coordinates></Point></Placemark><Placemark><TimeSpan><begin>2020-03-03T14:31:25Z</begin><end>2020-03-03T14:31:40Z</end></TimeSpan><styleUrl>#point</styleUrl><Point><altitudeMode>clampToGround</altitudeMode><coordinates>18.949049971997738,-33.703911015763879,204.90000000000001</coordinates></Point></Placemark><Placemark><TimeSpan><begin>2020-03-03T14:31:40Z</begin><end>2020-03-03T14:31:42Z</end></TimeSpan><styleUrl>#point</styleUrl><Point><altitudeMode>clampToGround</altitudeMode><coordinates>18.948932038620114,-33.703863993287086,206.34</coordinates></Point></Placemark><Placemark><TimeSpan><begin>2020-03-03T14:31:42Z</begin><end>2020-03-03T14:31:43Z</end></TimeSpan><styleUrl>#point</styleUrl><Point><altitudeMode>clampToGround</altitudeMode><coordinates>18.948870012536645,-33.703851001337171,206.81999999999999</coordinates></Point></Placemark><Placemark><TimeSpan><begin>2020-03-03T14:31:43Z</begin><end>2020-03-03T14:31:44Z</end></TimeSpan><styleUrl>#point</styleUrl><Point><altitudeMode>clampToGround</altitudeMode><coordinates>18.94881502725184,-33.703847983852029,207.30000000000001</coordinates></Point></Placemark><Placemark><TimeSpan><begin>2020-03-03T14:31:44Z</begin><end>2020-03-03T14:31:45Z</end></TimeSpan><styleUrl>#point</styleUrl><Point><altitudeMode>clampToGround</altitudeMode><coordinates>18.948765993118286,-33.703857958316803,207.78</coordinates></Point></Placemark><Placemark><TimeSpan><begin>2020-03-03T14:31:45Z</begin><end>2020-03-03T14:31:46Z</end></TimeSpan><styleUrl>#point</styleUrl><Point><altitudeMode>clampToGround</altitudeMode><coordinates>18.948720982298255,-33.703874973580241,208.25999999999999</coordinates></Point></Placemark><Placemark><TimeSpan><begin>2020-03-03T14:31:46Z</begin><end>2020-03-03T14:31:47Z</end></TimeSpan><styleUrl>#point</styleUrl><Point><altitudeMode>clampToGround</altitudeMode><coordinates>18.94868602976203,-33.703901041299105,209.69999999999999</coordinates></Point></Placemark><Placemark><TimeSpan><begin>2020-03-03T14:31:47Z</begin><end>2020-03-03T14:31:48Z</end></TimeSpan><styleUrl>#point</styleUrl><Point><altitudeMode>clampToGround</altitudeMode><coordinates>18.948669014498591,-33.703925013542175,210.19</coordinates></Point></Placemark><Placemark><TimeSpan><begin>2020-03-03T14:31:48Z</begin><end>2020-03-03T14:31:49Z</end></TimeSpan><styleUrl>#point</styleUrl><Point><altitudeMode>clampToGround</altitudeMode><coordinates>18.948662979528308,-33.703958038240671,210.66999999999999</coordinates></Point></Placemark><Placemark><TimeSpan><begin>2020-03-03T14:31:49Z</begin><end>2020-03-03T14:31:50Z</end></TimeSpan><styleUrl>#point</styleUrl><Point><altitudeMode>clampToGround</altitudeMode><coordinates>18.948673959821463,-33.703995002433658,211.63</coordinates></Point></Placemark><Placemark><TimeSpan><begin>2020-03-03T14:31:50Z</begin><end>2020-03-03T14:31:51Z</end></TimeSpan><styleUrl>#point</styleUrl><Point><altitudeMode>clampToGround</altitudeMode><coordinates>18.948697010055184,-33.704032972455025,212.11000000000001</coordinates></Point></Placemark><Placemark><TimeSpan><begin>2020-03-03T14:31:51Z</begin><end>2020-03-03T14:31:52Z</end></TimeSpan><styleUrl>#point</styleUrl><Point><altitudeMode>clampToGround</altitudeMode><coordinates>18.948728023096919,-33.704068008810282,212.59</coordinates></Point></Placemark><Placemark><TimeSpan><begin>2020-03-03T14:31:52Z</begin><end>2020-03-03T14:31:53Z</end></TimeSpan><styleUrl>#point</styleUrl><Point><altitudeMode>clampToGround</altitudeMode><coordinates>18.948764987289906,-33.704102039337158,212.59</coordinates></Point></Placemark><Placemark><TimeSpan><begin>2020-03-03T14:31:53Z</begin><end>2020-03-03T14:32:06Z</end></TimeSpan><styleUrl>#point</styleUrl><Point><altitudeMode>clampToGround</altitudeMode><coordinates>18.949253987520933,-33.704735040664673,220.28</coordinates></Point></Placemark><Placemark><TimeSpan><begin>2020-03-03T14:32:06Z</begin><end>2020-03-03T14:32:17Z</end></TimeSpan><styleUrl>#point</styleUrl><Point><altitudeMode>clampToGround</altitudeMode><coordinates>18.949381979182363,-33.70533300563693,229.41</coordinates></Point></Placemark><Placemark><TimeSpan><begin>2020-03-03T14:32:17Z</begin><end>2020-03-03T14:32:18Z</end></TimeSpan><styleUrl>#point</styleUrl><Point><altitudeMode>clampToGround</altitudeMode><coordinates>18.949378961697221,-33.705393020063639,229.88999999999999</coordinates></Point></Placemark><Placemark><TimeSpan><begin>2020-03-03T14:32:18Z</begin><end>2020-03-03T14:32:23Z</end></TimeSpan><styleUrl>#point</styleUrl><Point><altitudeMode>clampToGround</altitudeMode><coordinates>18.949363958090544,-33.705679010599852,234.22</coordinates></Point></Placemark><Placemark><TimeSpan><begin>2020-03-03T14:32:23Z</begin><end>2020-03-03T14:32:24Z</end></TimeSpan><styleUrl>#point</styleUrl><Point><altitudeMode>clampToGround</altitudeMode><coordinates>18.949380973353982,-33.705727960914373,234.69999999999999</coordinates></Point></Placemark><Placemark><TimeSpan><begin>2020-03-03T14:32:24Z</begin><end>2020-03-03T14:32:25Z</end></TimeSpan><styleUrl>#point</styleUrl><Point><altitudeMode>clampToGround</altitudeMode><coordinates>18.949410980567336,-33.705770038068295,235.66</coordinates></Point></Placemark><Placemark><TimeSpan><begin>2020-03-03T14:32:25Z</begin><end>2020-03-03T14:32:26Z</end></TimeSpan><styleUrl>#point</styleUrl><Point><altitudeMode>clampToGround</altitudeMode><coordinates>18.949435036629438,-33.705811025574803,237.58000000000001</coordinates></Point></Placemark><Placemark><TimeSpan><begin>2020-03-03T14:32:26Z</begin><end>2020-03-03T14:32:27Z</end></TimeSpan><styleUrl>#point</styleUrl><Point><altitudeMode>clampToGround</altitudeMode><coordinates>18.949479963630438,-33.705843966454268,238.06</coordinates></Point></Placemark><Placemark><TimeSpan><begin>2020-03-03T14:32:27Z</begin><end>2020-03-03T14:32:28Z</end></TimeSpan><styleUrl>#point</styleUrl><Point><altitudeMode>clampToGround</altitudeMode><coordinates>18.949528997763991,-33.70586902834475,238.53999999999999</coordinates></Point></Placemark><Placemark><TimeSpan><begin>2020-03-03T14:32:28Z</begin><end>2020-03-03T14:32:29Z</end></TimeSpan><styleUrl>#point</styleUrl><Point><altitudeMode>clampToGround</altitudeMode><coordinates>18.949577026069164,-33.705899035558105,239.50999999999999</coordinates></Point></Placemark><Placemark><TimeSpan><begin>2020-03-03T14:32:29Z</begin><end>2020-03-03T14:32:31Z</end></TimeSpan><styleUrl>#point</styleUrl><Point><altitudeMode>clampToGround</altitudeMode><coordinates>18.949657995253801,-33.705975981429219,239.99000000000001</coordinates></Point></Placemark><Placemark><TimeSpan><begin>2020-03-03T14:32:31Z</begin><end>2020-03-03T14:32:32Z</end></TimeSpan><styleUrl>#point</styleUrl><Point><altitudeMode>clampToGround</altitudeMode><coordinates>18.949683979153633,-33.706012023612857,240.94999999999999</coordinates></Point></Placemark><Placemark><TimeSpan><begin>2020-03-03T14:32:32Z</begin><end>2020-03-03T14:32:33Z</end></TimeSpan><styleUrl>#point</styleUrl><Point><altitudeMode>clampToGround</altitudeMode><coordinates>18.949692025780678,-33.706061979755759,240.94999999999999</coordinates></Point></Placemark><Placemark><TimeSpan><begin>2020-03-03T14:32:33Z</begin><end>2020-03-03T14:32:34Z</end></TimeSpan><styleUrl>#point</styleUrl><Point><altitudeMode>clampToGround</altitudeMode><coordinates>18.949692025780678,-33.706117970868945,241.43000000000001</coordinates></Point></Placemark><Placemark><TimeSpan><begin>2020-03-03T14:32:34Z</begin><end>2020-03-03T14:32:35Z</end></TimeSpan><styleUrl>#point</styleUrl><Point><altitudeMode>clampToGround</altitudeMode><coordinates>18.949684984982014,-33.70617002248764,241.91</coordinates></Point></Placemark><Placemark><TimeSpan><begin>2020-03-03T14:32:35Z</begin><end>2020-03-03T14:32:36Z</end></TimeSpan><styleUrl>#point</styleUrl><Point><altitudeMode>clampToGround</altitudeMode><coordinates>18.949665036052465,-33.706222996115685,242.38999999999999</coordinates></Point></Placemark><Placemark><TimeSpan><begin>2020-03-03T14:32:36Z</begin><end>2020-03-03T14:32:37Z</end></TimeSpan><styleUrl>#point</styleUrl><Point><altitudeMode>clampToGround</altitudeMode><coordinates>18.949642991647124,-33.706279993057251,242.87</coordinates></Point></Placemark><Placemark><TimeSpan><begin>2020-03-03T14:32:37Z</begin><end>2020-03-03T14:32:39Z</end></TimeSpan><styleUrl>#point</styleUrl><Point><altitudeMode>clampToGround</altitudeMode><coordinates>18.949616001918912,-33.706375965848565,243.83000000000001</coordinates></Point></Placemark><Placemark><TimeSpan><begin>2020-03-03T14:32:39Z</begin><end>2020-03-03T14:32:40Z</end></TimeSpan><styleUrl>#point</styleUrl><Point><altitudeMode>clampToGround</altitudeMode><coordinates>18.949617007747293,-33.706411002203822,244.31</coordinates></Point></Placemark><Placemark><TimeSpan><begin>2020-03-03T14:32:40Z</begin><end>2020-03-03T14:32:41Z</end></TimeSpan><styleUrl>#point</styleUrl><Point><altitudeMode>clampToGround</altitudeMode><coordinates>18.949629999697208,-33.706445032730699,244.78999999999999</coordinates></Point></Placemark><Placemark><TimeSpan><begin>2020-03-03T14:32:41Z</begin><end>2020-03-03T14:32:42Z</end></TimeSpan><styleUrl>#point</styleUrl><Point><altitudeMode>clampToGround</altitudeMode><coordinates>18.949652966111898,-33.706476967781782,245.27000000000001</coordinates></Point></Placemark><Placemark><TimeSpan><begin>2020-03-03T14:32:42Z</begin><end>2020-03-03T14:32:43Z</end></TimeSpan><styleUrl>#point</styleUrl><Point><altitudeMode>clampToGround</altitudeMode><coordinates>18.949704011902213,-33.706502029672265,246.22999999999999</coordinates></Point></Placemark><Placemark><TimeSpan><begin>2020-03-03T14:32:43Z</begin><end>2020-03-03T14:32:44Z</end></TimeSpan><styleUrl>#point</styleUrl><Point><altitudeMode>clampToGround</altitudeMode><coordinates>18.949756985530257,-33.706546034663916,246.72</coordinates></Point></Placemark><Placemark><TimeSpan><begin>2020-03-03T14:32:44Z</begin><end>2020-03-03T14:32:52Z</end></TimeSpan><styleUrl>#point</styleUrl><Point><altitudeMode>clampToGround</altitudeMode><coordinates>18.95025503821671,-33.706791959702969,251.03999999999999</coordinates></Point></Placemark><Placemark><TimeSpan><begin>2020-03-03T14:32:52Z</begin><end>2020-03-03T14:32:53Z</end></TimeSpan><styleUrl>#point</styleUrl><Point><altitudeMode>clampToGround</altitudeMode><coordinates>18.950304994359612,-33.706826996058226,251.03999999999999</coordinates></Point></Placemark><Placemark><TimeSpan><begin>2020-03-03T14:32:53Z</begin><end>2020-03-03T14:32:54Z</end></TimeSpan><styleUrl>#point</styleUrl><Point><altitudeMode>clampToGround</altitudeMode><coordinates>18.950352016836405,-33.706869995221496,251.52000000000001</coordinates></Point></Placemark><Placemark><TimeSpan><begin>2020-03-03T14:32:54Z</begin><end>2020-03-03T14:32:55Z</end></TimeSpan><styleUrl>#point</styleUrl><Point><altitudeMode>clampToGround</altitudeMode><coordinates>18.95038403570652,-33.706931015476584,252</coordinates></Point></Placemark><Placemark><TimeSpan><begin>2020-03-03T14:32:55Z</begin><end>2020-03-03T14:32:56Z</end></TimeSpan><styleUrl>#point</styleUrl><Point><altitudeMode>clampToGround</altitudeMode><coordinates>18.950409013777971,-33.706991029903293,252.47999999999999</coordinates></Point></Placemark><Placemark><TimeSpan><begin>2020-03-03T14:32:56Z</begin><end>2020-03-03T14:32:57Z</end></TimeSpan><styleUrl>#point</styleUrl><Point><altitudeMode>clampToGround</altitudeMode><coordinates>18.950426029041409,-33.70705196633935,252.96000000000001</coordinates></Point></Placemark><Placemark><TimeSpan><begin>2020-03-03T14:32:57Z</begin><end>2020-03-03T14:32:58Z</end></TimeSpan><styleUrl>#point</styleUrl><Point><altitudeMode>clampToGround</altitudeMode><coordinates>18.950437009334564,-33.707107035443187,253.44</coordinates></Point></Placemark><Placemark><TimeSpan><begin>2020-03-03T14:32:58Z</begin><end>2020-03-03T14:32:59Z</end></TimeSpan><styleUrl>#point</styleUrl><Point><altitudeMode>clampToGround</altitudeMode><coordinates>18.950455030426383,-33.707152968272567,254.88999999999999</coordinates></Point></Placemark><Placemark><TimeSpan><begin>2020-03-03T14:32:59Z</begin><end>2020-03-03T14:33:00Z</end></TimeSpan><styleUrl>#point</styleUrl><Point><altitudeMode>clampToGround</altitudeMode><coordinates>18.950481014326215,-33.707195967435837,254.88999999999999</coordinates></Point></Placemark><Placemark><TimeSpan><begin>2020-03-03T14:33:00Z</begin><end>2020-03-03T14:33:01Z</end></TimeSpan><styleUrl>#point</styleUrl><Point><altitudeMode>clampToGround</altitudeMode><coordinates>18.95051496103406,-33.707238966599107,255.37</coordinates></Point></Placemark><Placemark><TimeSpan><begin>2020-03-03T14:33:01Z</begin><end>2020-03-03T14:33:17Z</end></TimeSpan><styleUrl>#point</styleUrl><Point><altitudeMode>clampToGround</altitudeMode><coordinates>18.951204037293792,-33.708075983449817,264.5</coordinates></Point></Placemark><Placemark><TimeSpan><begin>2020-03-03T14:33:17Z</begin><end>2020-03-03T14:33:28Z</end></TimeSpan><styleUrl>#point</styleUrl><Point><altitudeMode>clampToGround</altitudeMode><coordinates>18.95165397785604,-33.708775034174323,271.23000000000002</coordinates></Point></Placemark><Placemark><TimeSpan><begin>2020-03-03T14:33:28Z</begin><end>2020-03-03T14:33:29Z</end></TimeSpan><styleUrl>#point</styleUrl><Point><altitudeMode>clampToGround</altitudeMode><coordinates>18.951668981462717,-33.708827001973987,271.70999999999998</coordinates></Point></Placemark><Placemark><TimeSpan><begin>2020-03-03T14:33:29Z</begin><end>2020-03-03T14:33:30Z</end></TimeSpan><styleUrl>#point</styleUrl><Point><altitudeMode>clampToGround</altitudeMode><coordinates>18.951675016433001,-33.708893973380327,271.70999999999998</coordinates></Point></Placemark><Placemark><TimeSpan><begin>2020-03-03T14:33:30Z</begin><end>2020-03-03T14:33:34Z</end></TimeSpan><styleUrl>#point</styleUrl><Point><altitudeMode>clampToGround</altitudeMode><coordinates>18.951724972575903,-33.70917602442205,273.63</coordinates></Point></Placemark><Placemark><TimeSpan><begin>2020-03-03T14:33:34Z</begin><end>2020-03-03T14:33:35Z</end></TimeSpan><styleUrl>#point</styleUrl><Point><altitudeMode>clampToGround</altitudeMode><coordinates>18.951770989224315,-33.709245007485151,273.63</coordinates></Point></Placemark><Placemark><TimeSpan><begin>2020-03-03T14:33:35Z</begin><end>2020-03-03T14:33:42Z</end></TimeSpan><styleUrl>#point</styleUrl><Point><altitudeMode>clampToGround</altitudeMode><coordinates>18.952111965045333,-33.709587994962931,271.70999999999998</coordinates></Point></Placemark><Placemark><TimeSpan><begin>2020-03-03T14:33:42Z</begin><end>2020-03-03T14:33:43Z</end></TimeSpan><styleUrl>#point</styleUrl><Point><altitudeMode>clampToGround</altitudeMode><coordinates>18.95214700140059,-33.709634011611342,271.70999999999998</coordinates></Point></Placemark><Placemark><TimeSpan><begin>2020-03-03T14:33:43Z</begin><end>2020-03-03T14:33:44Z</end></TimeSpan><styleUrl>#point</styleUrl><Point><altitudeMode>clampToGround</altitudeMode><coordinates>18.952171979472041,-33.709681034088135,271.70999999999998</coordinates></Point></Placemark><Placemark><TimeSpan><begin>2020-03-03T14:33:44Z</begin><end>2020-03-03T14:33:45Z</end></TimeSpan><styleUrl>#point</styleUrl><Point><altitudeMode>clampToGround</altitudeMode><coordinates>18.952180026099086,-33.709734007716179,270.75</coordinates></Point></Placemark><Placemark><TimeSpan><begin>2020-03-03T14:33:45Z</begin><end>2020-03-03T14:33:46Z</end></TimeSpan><styleUrl>#point</styleUrl><Point><altitudeMode>clampToGround</altitudeMode><coordinates>18.952181031927466,-33.709802990779281,270.26999999999998</coordinates></Point></Placemark><Placemark><TimeSpan><begin>2020-03-03T14:33:46Z</begin><end>2020-03-03T14:33:47Z</end></TimeSpan><styleUrl>#point</styleUrl><Point><altitudeMode>clampToGround</altitudeMode><coordinates>18.95216996781528,-33.709854958578944,270.26999999999998</coordinates></Point></Placemark><Placemark><TimeSpan><begin>2020-03-03T14:33:47Z</begin><end>2020-03-03T14:33:48Z</end></TimeSpan><styleUrl>#point</styleUrl><Point><altitudeMode>clampToGround</altitudeMode><coordinates>18.952152030542493,-33.709912961348891,269.79000000000002</coordinates></Point></Placemark><Placemark><TimeSpan><begin>2020-03-03T14:33:48Z</begin><end>2020-03-03T14:33:51Z</end></TimeSpan><styleUrl>#point</styleUrl><Point><altitudeMode>clampToGround</altitudeMode><coordinates>18.952154964208603,-33.710083030164242,268.82999999999998</coordinates></Point></Placemark><Placemark><TimeSpan><begin>2020-03-03T14:33:51Z</begin><end>2020-03-03T14:33:52Z</end></TimeSpan><styleUrl>#point</styleUrl><Point><altitudeMode>clampToGround</altitudeMode><coordinates>18.952182959765196,-33.710143966600299,269.31</coordinates></Point></Placemark><Placemark><TimeSpan><begin>2020-03-03T14:33:52Z</begin><end>2020-03-03T14:33:53Z</end></TimeSpan><styleUrl>#point</styleUrl><Point><altitudeMode>clampToGround</altitudeMode><coordinates>18.952225036919117,-33.710196018218994,269.79000000000002</coordinates></Point></Placemark><Placemark><TimeSpan><begin>2020-03-03T14:33:53Z</begin><end>2020-03-03T14:33:54Z</end></TimeSpan><styleUrl>#point</styleUrl><Point><altitudeMode>clampToGround</altitudeMode><coordinates>18.952272981405258,-33.710249997675419,269.31</coordinates></Point></Placemark><Placemark><TimeSpan><begin>2020-03-03T14:33:54Z</begin><end>2020-03-03T14:33:55Z</end></TimeSpan><styleUrl>#point</styleUrl><Point><altitudeMode>clampToGround</altitudeMode><coordinates>18.952325033023953,-33.710301965475082,269.31</coordinates></Point></Placemark><Placemark><TimeSpan><begin>2020-03-03T14:33:55Z</begin><end>2020-03-03T14:33:57Z</end></TimeSpan><styleUrl>#point</styleUrl><Point><altitudeMode>clampToGround</altitudeMode><coordinates>18.952412037178874,-33.710413025692105,269.31</coordinates></Point></Placemark><Placemark><TimeSpan><begin>2020-03-03T14:33:57Z</begin><end>2020-03-03T14:33:58Z</end></TimeSpan><styleUrl>#point</styleUrl><Point><altitudeMode>clampToGround</altitudeMode><coordinates>18.952446989715099,-33.710484020411968,269.31</coordinates></Point></Placemark><Placemark><TimeSpan><begin>2020-03-03T14:33:58Z</begin><end>2020-03-03T14:33:59Z</end></TimeSpan><styleUrl>#point</styleUrl><Point><altitudeMode>clampToGround</altitudeMode><coordinates>18.952473979443312,-33.71055300347507,269.79000000000002</coordinates></Point></Placemark><Placemark><TimeSpan><begin>2020-03-03T14:33:59Z</begin><end>2020-03-03T14:34:00Z</end></TimeSpan><styleUrl>#point</styleUrl><Point><altitudeMode>clampToGround</altitudeMode><coordinates>18.952483031898737,-33.710617041215301,269.31</coordinates></Point></Placemark><Placemark><TimeSpan><begin>2020-03-03T14:34:00Z</begin><end>2020-03-03T14:34:01Z</end></TimeSpan><styleUrl>#point</styleUrl><Point><altitudeMode>clampToGround</altitudeMode><coordinates>18.95249099470675,-33.710688035935163,269.31</coordinates></Point></Placemark><Placemark><TimeSpan><begin>2020-03-03T14:34:01Z</begin><end>2020-03-03T14:34:05Z</end></TimeSpan><styleUrl>#point</styleUrl><Point><altitudeMode>clampToGround</altitudeMode><coordinates>18.952472973614931,-33.710991963744164,267.86000000000001</coordinates></Point></Placemark><Placemark><TimeSpan><begin>2020-03-03T14:34:05Z</begin><end>2020-03-03T14:34:06Z</end></TimeSpan><styleUrl>#point</styleUrl><Point><altitudeMode>clampToGround</altitudeMode><coordinates>18.952449001371861,-33.711067987605929,267.38</coordinates></Point></Placemark><Placemark><TimeSpan><begin>2020-03-03T14:34:06Z</begin><end>2020-03-03T14:34:07Z</end></TimeSpan><styleUrl>#point</styleUrl><Point><altitudeMode>clampToGround</altitudeMode><coordinates>18.952416982501745,-33.711147028952837,266.89999999999998</coordinates></Point></Placemark><Placemark><TimeSpan><begin>2020-03-03T14:34:07Z</begin><end>2020-03-03T14:34:08Z</end></TimeSpan><styleUrl>#point</styleUrl><Point><altitudeMode>clampToGround</altitudeMode><coordinates>18.952373983338475,-33.711230009794235,266.42000000000002</coordinates></Point></Placemark><Placemark><TimeSpan><begin>2020-03-03T14:34:08Z</begin><end>2020-03-03T14:34:09Z</end></TimeSpan><styleUrl>#point</styleUrl><Point><altitudeMode>clampToGround</altitudeMode><coordinates>18.952323021367192,-33.711317013949156,265.94</coordinates></Point></Placemark><Placemark><TimeSpan><begin>2020-03-03T14:34:09Z</begin><end>2020-03-03T14:34:13Z</end></TimeSpan><styleUrl>#point</styleUrl><Point><altitudeMode>clampToGround</altitudeMode><coordinates>18.952185977250338,-33.711572997272015,264.5</coordinates></Point></Placemark><Placemark><TimeSpan><begin>2020-03-03T14:34:13Z</begin><end>2020-03-03T14:34:14Z</end></TimeSpan><styleUrl>#point</styleUrl><Point><altitudeMode>clampToGround</altitudeMode><coordinates>18.952181031927466,-33.711622031405568,264.01999999999998</coordinates></Point></Placemark><Placemark><TimeSpan><begin>2020-03-03T14:34:14Z</begin><end>2020-03-03T14:34:15Z</end></TimeSpan><styleUrl>#point</styleUrl><Point><altitudeMode>clampToGround</altitudeMode><coordinates>18.952196035534143,-33.711666958406568,263.54000000000002</coordinates></Point></Placemark><Placemark><TimeSpan><begin>2020-03-03T14:34:15Z</begin><end>2020-03-03T14:34:16Z</end></TimeSpan><styleUrl>#point</styleUrl><Point><altitudeMode>clampToGround</altitudeMode><coordinates>18.952216990292072,-33.711700988933444,263.06</coordinates></Point></Placemark><Placemark><TimeSpan><begin>2020-03-03T14:34:16Z</begin><end>2020-03-03T14:34:17Z</end></TimeSpan><styleUrl>#point</styleUrl><Point><altitudeMode>clampToGround</altitudeMode><coordinates>18.952258983626962,-33.711733007803559,263.06</coordinates></Point></Placemark><Placemark><TimeSpan><begin>2020-03-03T14:34:17Z</begin><end>2020-03-03T14:34:18Z</end></TimeSpan><styleUrl>#point</styleUrl><Point><altitudeMode>clampToGround</altitudeMode><coordinates>18.95231899805367,-33.711753962561488,263.54000000000002</coordinates></Point></Placemark><Placemark><TimeSpan><begin>2020-03-03T14:34:18Z</begin><end>2020-03-03T14:34:19Z</end></TimeSpan><styleUrl>#point</styleUrl><Point><altitudeMode>clampToGround</altitudeMode><coordinates>18.952394016087055,-33.711783969774842,263.06</coordinates></Point></Placemark><Placemark><TimeSpan><begin>2020-03-03T14:34:19Z</begin><end>2020-03-03T14:34:20Z</end></TimeSpan><styleUrl>#point</styleUrl><Point><altitudeMode>clampToGround</altitudeMode><coordinates>18.952483031898737,-33.711807020008564,264.01999999999998</coordinates></Point></Placemark><Placemark><TimeSpan><begin>2020-03-03T14:34:20Z</begin><end>2020-03-03T14:34:22Z</end></TimeSpan><styleUrl>#point</styleUrl><Point><altitudeMode>clampToGround</altitudeMode><coordinates>18.952648993581533,-33.711878014728427,264.98000000000002</coordinates></Point></Placemark><Placemark><TimeSpan><begin>2020-03-03T14:34:22Z</begin><end>2020-03-03T14:34:23Z</end></TimeSpan><styleUrl>#point</styleUrl><Point><altitudeMode>clampToGround</altitudeMode><coordinates>18.952715964987874,-33.711911039426923,264.98000000000002</coordinates></Point></Placemark><Placemark><TimeSpan><begin>2020-03-03T14:34:23Z</begin><end>2020-03-03T14:34:24Z</end></TimeSpan><styleUrl>#point</styleUrl><Point><altitudeMode>clampToGround</altitudeMode><coordinates>18.952764999121428,-33.711948003619909,264.98000000000002</coordinates></Point></Placemark><Placemark><TimeSpan><begin>2020-03-03T14:34:24Z</begin><end>2020-03-03T14:34:25Z</end></TimeSpan><styleUrl>#point</styleUrl><Point><altitudeMode>clampToGround</altitudeMode><coordinates>18.952804980799556,-33.711988991126418,264.98000000000002</coordinates></Point></Placemark><Placemark><TimeSpan><begin>2020-03-03T14:34:25Z</begin><end>2020-03-03T14:34:26Z</end></TimeSpan><styleUrl>#point</styleUrl><Point><altitudeMode>clampToGround</altitudeMode><coordinates>18.952825013548136,-33.712034001946449,264.98000000000002</coordinates></Point></Placemark><Placemark><TimeSpan><begin>2020-03-03T14:34:26Z</begin><end>2020-03-03T14:34:27Z</end></TimeSpan><styleUrl>#point</styleUrl><Point><altitudeMode>clampToGround</altitudeMode><coordinates>18.952841022983193,-33.712090998888016,264.98000000000002</coordinates></Point></Placemark><Placemark><TimeSpan><begin>2020-03-03T14:34:27Z</begin><end>2020-03-03T14:34:28Z</end></TimeSpan><styleUrl>#point</styleUrl><Point><altitudeMode>clampToGround</altitudeMode><coordinates>18.952844962477684,-33.712154030799866,264.98000000000002</coordinates></Point></Placemark><Placemark><TimeSpan><begin>2020-03-03T14:34:28Z</begin><end>2020-03-03T14:34:29Z</end></TimeSpan><styleUrl>#point</styleUrl><Point><altitudeMode>clampToGround</altitudeMode><coordinates>18.952839011326432,-33.712216978892684,264.5</coordinates></Point></Placemark><Placemark><TimeSpan><begin>2020-03-03T14:34:29Z</begin><end>2020-03-03T14:34:30Z</end></TimeSpan><styleUrl>#point</styleUrl><Point><altitudeMode>clampToGround</altitudeMode><coordinates>18.952825013548136,-33.712285039946437,264.5</coordinates></Point></Placemark><Placemark><TimeSpan><begin>2020-03-03T14:34:30Z</begin><end>2020-03-03T14:34:31Z</end></TimeSpan><styleUrl>#point</styleUrl><Point><altitudeMode>clampToGround</altitudeMode><coordinates>18.952810009941459,-33.712355028837919,264.5</coordinates></Point></Placemark><Placemark><TimeSpan><begin>2020-03-03T14:34:31Z</begin><end>2020-03-03T14:34:33Z</end></TimeSpan><styleUrl>#point</styleUrl><Point><altitudeMode>clampToGround</altitudeMode><coordinates>18.952787965536118,-33.712511016055942,264.5</coordinates></Point></Placemark><Placemark><TimeSpan><begin>2020-03-03T14:34:33Z</begin><end>2020-03-03T14:34:34Z</end></TimeSpan><styleUrl>#point</styleUrl><Point><altitudeMode>clampToGround</altitudeMode><coordinates>18.952786959707737,-33.712591985240579,264.5</coordinates></Point></Placemark><Placemark><TimeSpan><begin>2020-03-03T14:34:34Z</begin><end>2020-03-03T14:34:45Z</end></TimeSpan><styleUrl>#point</styleUrl><Point><altitudeMode>clampToGround</altitudeMode><coordinates>18.952675983309746,-33.713372005149722,270.26999999999998</coordinates></Point></Placemark><Placemark><TimeSpan><begin>2020-03-03T14:34:45Z</begin><end>2020-03-03T14:34:46Z</end></TimeSpan><styleUrl>#point</styleUrl><Point><altitudeMode>clampToGround</altitudeMode><coordinates>18.952639019116759,-33.71343101374805,271.23000000000002</coordinates></Point></Placemark><Placemark><TimeSpan><begin>2020-03-03T14:34:46Z</begin><end>2020-03-03T14:34:47Z</end></TimeSpan><styleUrl>#point</styleUrl><Point><altitudeMode>clampToGround</altitudeMode><coordinates>18.95259702578187,-33.713489016517997,271.70999999999998</coordinates></Point></Placemark><Placemark><TimeSpan><begin>2020-03-03T14:34:47Z</begin><end>2020-03-03T14:34:49Z</end></TimeSpan><styleUrl>#point</styleUrl><Point><altitudeMode>clampToGround</altitudeMode><coordinates>18.95249099470675,-33.713595969602466,272.19</coordinates></Point></Placemark><Placemark><TimeSpan><begin>2020-03-03T14:34:49Z</begin><end>2020-03-03T14:34:53Z</end></TimeSpan><styleUrl>#point</styleUrl><Point><altitudeMode>clampToGround</altitudeMode><coordinates>18.952288990840316,-33.71381901204586,273.63</coordinates></Point></Placemark><Placemark><TimeSpan><begin>2020-03-03T14:34:53Z</begin><end>2020-03-03T14:34:55Z</end></TimeSpan><styleUrl>#point</styleUrl><Point><altitudeMode>clampToGround</altitudeMode><coordinates>18.952235011383891,-33.713911967352033,274.11000000000001</coordinates></Point></Placemark><Placemark><TimeSpan><begin>2020-03-03T14:34:55Z</begin><end>2020-03-03T14:34:56Z</end></TimeSpan><styleUrl>#point</styleUrl><Point><altitudeMode>clampToGround</altitudeMode><coordinates>18.952227970585227,-33.713952032849193,274.11000000000001</coordinates></Point></Placemark><Placemark><TimeSpan><begin>2020-03-03T14:34:56Z</begin><end>2020-03-03T14:34:57Z</end></TimeSpan><styleUrl>#point</styleUrl><Point><altitudeMode>clampToGround</altitudeMode><coordinates>18.952231993898749,-33.713988997042179,274.58999999999997</coordinates></Point></Placemark><Placemark><TimeSpan><begin>2020-03-03T14:34:57Z</begin><end>2020-03-03T14:34:58Z</end></TimeSpan><styleUrl>#point</styleUrl><Point><altitudeMode>clampToGround</altitudeMode><coordinates>18.952254960313439,-33.71403400786221,275.06999999999999</coordinates></Point></Placemark><Placemark><TimeSpan><begin>2020-03-03T14:34:58Z</begin><end>2020-03-03T14:34:59Z</end></TimeSpan><styleUrl>#point</styleUrl><Point><altitudeMode>clampToGround</altitudeMode><coordinates>18.952285973355174,-33.714082036167383,276.51999999999998</coordinates></Point></Placemark><Placemark><TimeSpan><begin>2020-03-03T14:34:59Z</begin><end>2020-03-03T14:35:05Z</end></TimeSpan><styleUrl>#point</styleUrl><Point><altitudeMode>clampToGround</altitudeMode><coordinates>18.952480014413595,-33.714408008381724,278.92000000000002</coordinates></Point></Placemark><Placemark><TimeSpan><begin>2020-03-03T14:35:05Z</begin><end>2020-03-03T14:35:06Z</end></TimeSpan><styleUrl>#point</styleUrl><Point><altitudeMode>clampToGround</altitudeMode><coordinates>18.95251102745533,-33.71444296091795,278.44</coordinates></Point></Placemark><Placemark><TimeSpan><begin>2020-03-03T14:35:06Z</begin><end>2020-03-03T14:35:07Z</end></TimeSpan><styleUrl>#point</styleUrl><Point><altitudeMode>clampToGround</altitudeMode><coordinates>18.952546985819936,-33.714474979788065,278.44</coordinates></Point></Placemark><Placemark><TimeSpan><begin>2020-03-03T14:35:07Z</begin><end>2020-03-03T14:35:08Z</end></TimeSpan><styleUrl>#point</styleUrl><Point><altitudeMode>clampToGround</altitudeMode><coordinates>18.952589984983206,-33.714500041678548,277.95999999999998</coordinates></Point></Placemark><Placemark><TimeSpan><begin>2020-03-03T14:35:08Z</begin><end>2020-03-03T14:35:09Z</end></TimeSpan><styleUrl>#point</styleUrl><Point><altitudeMode>clampToGround</altitudeMode><coordinates>18.95264295861125,-33.714516973122954,277.48000000000002</coordinates></Point></Placemark><Placemark><TimeSpan><begin>2020-03-03T14:35:09Z</begin><end>2020-03-03T14:35:10Z</end></TimeSpan><styleUrl>#point</styleUrl><Point><altitudeMode>clampToGround</altitudeMode><coordinates>18.952700961381197,-33.714537005871534,277</coordinates></Point></Placemark><Placemark><TimeSpan><begin>2020-03-03T14:35:10Z</begin><end>2020-03-03T14:35:12Z</end></TimeSpan><styleUrl>#point</styleUrl><Point><altitudeMode>clampToGround</altitudeMode><coordinates>18.952825013548136,-33.714589979499578,276.04000000000002</coordinates></Point></Placemark><Placemark><TimeSpan><begin>2020-03-03T14:35:12Z</begin><end>2020-03-03T14:35:13Z</end></TimeSpan><styleUrl>#point</styleUrl><Point><altitudeMode>clampToGround</altitudeMode><coordinates>18.95287798717618,-33.714629039168358,276.04000000000002</coordinates></Point></Placemark><Placemark><TimeSpan><begin>2020-03-03T14:35:13Z</begin><end>2020-03-03T14:35:14Z</end></TimeSpan><styleUrl>#point</styleUrl><Point><altitudeMode>clampToGround</altitudeMode><coordinates>18.952916041016579,-33.714675977826118,276.04000000000002</coordinates></Point></Placemark><Placemark><TimeSpan><begin>2020-03-03T14:35:14Z</begin><end>2020-03-03T14:35:15Z</end></TimeSpan><styleUrl>#point</styleUrl><Point><altitudeMode>clampToGround</altitudeMode><coordinates>18.952940013259649,-33.714732974767685,275.56</coordinates></Point></Placemark><Placemark><TimeSpan><begin>2020-03-03T14:35:15Z</begin><end>2020-03-03T14:35:16Z</end></TimeSpan><styleUrl>#point</styleUrl><Point><altitudeMode>clampToGround</altitudeMode><coordinates>18.9529649913311,-33.714796006679535,275.06999999999999</coordinates></Point></Placemark><Placemark><TimeSpan><begin>2020-03-03T14:35:16Z</begin><end>2020-03-03T14:35:17Z</end></TimeSpan><styleUrl>#point</styleUrl><Point><altitudeMode>clampToGround</altitudeMode><coordinates>18.952981000766158,-33.714860966429114,275.06999999999999</coordinates></Point></Placemark><Placemark><TimeSpan><begin>2020-03-03T14:35:17Z</begin><end>2020-03-03T14:35:18Z</end></TimeSpan><styleUrl>#point</styleUrl><Point><altitudeMode>clampToGround</altitudeMode><coordinates>18.953002039343119,-33.714926009997725,274.58999999999997</coordinates></Point></Placemark><Placemark><TimeSpan><begin>2020-03-03T14:35:18Z</begin><end>2020-03-03T14:35:19Z</end></TimeSpan><styleUrl>#point</styleUrl><Point><altitudeMode>clampToGround</altitudeMode><coordinates>18.953022994101048,-33.714990969747305,273.63</coordinates></Point></Placemark><Placemark><TimeSpan><begin>2020-03-03T14:35:19Z</begin><end>2020-03-03T14:35:20Z</end></TimeSpan><styleUrl>#point</styleUrl><Point><altitudeMode>clampToGround</altitudeMode><coordinates>18.953057024627924,-33.715057019144297,273.14999999999998</coordinates></Point></Placemark><Placemark><TimeSpan><begin>2020-03-03T14:35:20Z</begin><end>2020-03-03T14:35:21Z</end></TimeSpan><styleUrl>#point</styleUrl><Point><altitudeMode>clampToGround</altitudeMode><coordinates>18.953103041276336,-33.715112004429102,272.67000000000002</coordinates></Point></Placemark><Placemark><TimeSpan><begin>2020-03-03T14:35:21Z</begin><end>2020-03-03T14:35:22Z</end></TimeSpan><styleUrl>#point</styleUrl><Point><altitudeMode>clampToGround</altitudeMode><coordinates>18.953158026561141,-33.715158021077514,272.67000000000002</coordinates></Point></Placemark><Placemark><TimeSpan><begin>2020-03-03T14:35:22Z</begin><end>2020-03-03T14:35:23Z</end></TimeSpan><styleUrl>#point</styleUrl><Point><altitudeMode>clampToGround</altitudeMode><coordinates>18.953218962997198,-33.715192973613739,272.67000000000002</coordinates></Point></Placemark><Placemark><TimeSpan><begin>2020-03-03T14:35:23Z</begin><end>2020-03-03T14:35:24Z</end></TimeSpan><styleUrl>#point</styleUrl><Point><altitudeMode>clampToGround</altitudeMode><coordinates>18.953281994909048,-33.715230021625757,272.19</coordinates></Point></Placemark><Placemark><TimeSpan><begin>2020-03-03T14:35:24Z</begin><end>2020-03-03T14:35:25Z</end></TimeSpan><styleUrl>#point</styleUrl><Point><altitudeMode>clampToGround</altitudeMode><coordinates>18.953335974365473,-33.715270003303885,271.70999999999998</coordinates></Point></Placemark><Placemark><TimeSpan><begin>2020-03-03T14:35:25Z</begin><end>2020-03-03T14:35:26Z</end></TimeSpan><styleUrl>#point</styleUrl><Point><altitudeMode>clampToGround</altitudeMode><coordinates>18.953387020155787,-33.715317025780678,271.23000000000002</coordinates></Point></Placemark><Placemark><TimeSpan><begin>2020-03-03T14:35:26Z</begin><end>2020-03-03T14:35:27Z</end></TimeSpan><styleUrl>#point</styleUrl><Point><altitudeMode>clampToGround</altitudeMode><coordinates>18.953439993783832,-33.715368993580341,270.75</coordinates></Point></Placemark><Placemark><TimeSpan><begin>2020-03-03T14:35:27Z</begin><end>2020-03-03T14:35:37Z</end></TimeSpan><styleUrl>#point</styleUrl><Point><altitudeMode>clampToGround</altitudeMode><coordinates>18.953897980973125,-33.71594499796629,270.26999999999998</coordinates></Point></Placemark><Placemark><TimeSpan><begin>2020-03-03T14:35:37Z</begin><end>2020-03-03T14:35:38Z</end></TimeSpan><styleUrl>#point</styleUrl><Point><altitudeMode>clampToGround</altitudeMode><coordinates>18.953912984579802,-33.715999983251095,270.26999999999998</coordinates></Point></Placemark><Placemark><TimeSpan><begin>2020-03-03T14:35:38Z</begin><end>2020-03-03T14:35:39Z</end></TimeSpan><styleUrl>#point</styleUrl><Point><altitudeMode>clampToGround</altitudeMode><coordinates>18.953922037035227,-33.716056980192661,270.26999999999998</coordinates></Point></Placemark><Placemark><TimeSpan><begin>2020-03-03T14:35:39Z</begin><end>2020-03-03T14:35:40Z</end></TimeSpan><styleUrl>#point</styleUrl><Point><altitudeMode>clampToGround</altitudeMode><coordinates>18.953924970701337,-33.716119006276131,270.75</coordinates></Point></Placemark><Placemark><TimeSpan><begin>2020-03-03T14:35:40Z</begin><end>2020-03-03T14:35:41Z</end></TimeSpan><styleUrl>#point</styleUrl><Point><altitudeMode>clampToGround</altitudeMode><coordinates>18.953923964872956,-33.716178014874458,270.75</coordinates></Point></Placemark><Placemark><TimeSpan><begin>2020-03-03T14:35:41Z</begin><end>2020-03-03T14:35:42Z</end></TimeSpan><styleUrl>#point</styleUrl><Point><altitudeMode>clampToGround</altitudeMode><coordinates>18.953918013721704,-33.716242974624038,270.75</coordinates></Point></Placemark><Placemark><TimeSpan><begin>2020-03-03T14:35:42Z</begin><end>2020-03-03T14:35:56Z</end></TimeSpan><styleUrl>#point</styleUrl><Point><altitudeMode>clampToGround</altitudeMode><coordinates>18.953682985156775,-33.717165989801288,277</coordinates></Point></Placemark><Placemark><TimeSpan><begin>2020-03-03T14:35:56Z</begin><end>2020-03-03T14:36:12Z</end></TimeSpan><styleUrl>#point</styleUrl><Point><altitudeMode>clampToGround</altitudeMode><coordinates>18.952997010201216,-33.718023039400578,284.20999999999998</coordinates></Point></Placemark><Placemark><TimeSpan><begin>2020-03-03T14:36:12Z</begin><end>2020-03-03T14:36:25Z</end></TimeSpan><styleUrl>#point</styleUrl><Point><altitudeMode>clampToGround</altitudeMode><coordinates>18.952163010835648,-33.718511033803225,292.38</coordinates></Point></Placemark><Placemark><TimeSpan><begin>2020-03-03T14:36:25Z</begin><end>2020-03-03T14:36:38Z</end></TimeSpan><styleUrl>#point</styleUrl><Point><altitudeMode>clampToGround</altitudeMode><coordinates>18.951328005641699,-33.719075974076986,301.02999999999997</coordinates></Point></Placemark><Placemark><TimeSpan><begin>2020-03-03T14:36:38Z</begin><end>2020-03-03T14:36:39Z</end></TimeSpan><styleUrl>#point</styleUrl><Point><altitudeMode>clampToGround</altitudeMode><coordinates>18.951291041448712,-33.719115033745766,301.02999999999997</coordinates></Point></Placemark><Placemark><TimeSpan><begin>2020-03-03T14:36:39Z</begin><end>2020-03-03T14:36:40Z</end></TimeSpan><styleUrl>#point</styleUrl><Point><altitudeMode>clampToGround</altitudeMode><coordinates>18.951261034235358,-33.719149986281991,301.02999999999997</coordinates></Point></Placemark><Placemark><TimeSpan><begin>2020-03-03T14:36:40Z</begin><end>2020-03-03T14:36:41Z</end></TimeSpan><styleUrl>#point</styleUrl><Point><altitudeMode>clampToGround</altitudeMode><coordinates>18.951236978173256,-33.719180999323726,301.50999999999999</coordinates></Point></Placemark><Placemark><TimeSpan><begin>2020-03-03T14:36:41Z</begin><end>2020-03-03T14:36:42Z</end></TimeSpan><styleUrl>#point</styleUrl><Point><altitudeMode>clampToGround</altitudeMode><coordinates>18.951235972344875,-33.719221986830235,301.99000000000001</coordinates></Point></Placemark><Placemark><TimeSpan><begin>2020-03-03T14:36:42Z</begin><end>2020-03-03T14:36:43Z</end></TimeSpan><styleUrl>#point</styleUrl><Point><altitudeMode>clampToGround</altitudeMode><coordinates>18.951249970123172,-33.719272026792169,302.47000000000003</coordinates></Point></Placemark><Placemark><TimeSpan><begin>2020-03-03T14:36:43Z</begin><end>2020-03-03T14:36:44Z</end></TimeSpan><styleUrl>#point</styleUrl><Point><altitudeMode>clampToGround</altitudeMode><coordinates>18.951278971508145,-33.719317959621549,302.94999999999999</coordinates></Point></Placemark><Placemark><TimeSpan><begin>2020-03-03T14:36:44Z</begin><end>2020-03-03T14:36:45Z</end></TimeSpan><styleUrl>#point</styleUrl><Point><altitudeMode>clampToGround</altitudeMode><coordinates>18.951308978721499,-33.719365987926722,302.94999999999999</coordinates></Point></Placemark><Placemark><TimeSpan><begin>2020-03-03T14:36:45Z</begin><end>2020-03-03T14:36:47Z</end></TimeSpan><styleUrl>#point</styleUrl><Point><altitudeMode>clampToGround</altitudeMode><coordinates>18.951358012855053,-33.719461960718036,303.43000000000001</coordinates></Point></Placemark><Placemark><TimeSpan><begin>2020-03-03T14:36:47Z</begin><end>2020-03-03T14:36:48Z</end></TimeSpan><styleUrl>#point</styleUrl><Point><altitudeMode>clampToGround</altitudeMode><coordinates>18.95137301646173,-33.71951300650835,303.91000000000003</coordinates></Point></Placemark><Placemark><TimeSpan><begin>2020-03-03T14:36:48Z</begin><end>2020-03-03T14:36:49Z</end></TimeSpan><styleUrl>#point</styleUrl><Point><altitudeMode>clampToGround</altitudeMode><coordinates>18.951376033946872,-33.719562040641904,303.91000000000003</coordinates></Point></Placemark><Placemark><TimeSpan><begin>2020-03-03T14:36:49Z</begin><end>2020-03-03T14:36:50Z</end></TimeSpan><styleUrl>#point</styleUrl><Point><altitudeMode>clampToGround</altitudeMode><coordinates>18.951369998976588,-33.719614008441567,304.38999999999999</coordinates></Point></Placemark><Placemark><TimeSpan><begin>2020-03-03T14:36:50Z</begin><end>2020-03-03T14:36:51Z</end></TimeSpan><styleUrl>#point</styleUrl><Point><altitudeMode>clampToGround</altitudeMode><coordinates>18.951357007026672,-33.719666982069612,304.88</coordinates></Point></Placemark><Placemark><TimeSpan><begin>2020-03-03T14:36:51Z</begin><end>2020-03-03T14:36:52Z</end></TimeSpan><styleUrl>#point</styleUrl><Point><altitudeMode>clampToGround</altitudeMode><coordinates>18.951335968449712,-33.719721967354417,305.83999999999997</coordinates></Point></Placemark><Placemark><TimeSpan><begin>2020-03-03T14:36:52Z</begin><end>2020-03-03T14:36:53Z</end></TimeSpan><styleUrl>#point</styleUrl><Point><altitudeMode>clampToGround</altitudeMode><coordinates>18.951314007863402,-33.719776030629873,306.31999999999999</coordinates></Point></Placemark><Placemark><TimeSpan><begin>2020-03-03T14:36:53Z</begin><end>2020-03-03T14:36:54Z</end></TimeSpan><styleUrl>#point</styleUrl><Point><altitudeMode>clampToGround</altitudeMode><coordinates>18.951280983164907,-33.719830010086298,307.27999999999997</coordinates></Point></Placemark><Placemark><TimeSpan><begin>2020-03-03T14:36:54Z</begin><end>2020-03-03T14:36:55Z</end></TimeSpan><styleUrl>#point</styleUrl><Point><altitudeMode>clampToGround</altitudeMode><coordinates>18.951245024800301,-33.719881977885962,308.24000000000001</coordinates></Point></Placemark><Placemark><TimeSpan><begin>2020-03-03T14:36:55Z</begin><end>2020-03-03T14:37:05Z</end></TimeSpan><styleUrl>#point</styleUrl><Point><altitudeMode>clampToGround</altitudeMode><coordinates>18.950805980712175,-33.720511039718986,315.44999999999999</coordinates></Point></Placemark><Placemark><TimeSpan><begin>2020-03-03T14:37:05Z</begin><end>2020-03-03T14:37:10Z</end></TimeSpan><styleUrl>#point</styleUrl><Point><altitudeMode>clampToGround</altitudeMode><coordinates>18.950551003217697,-33.720766017213464,317.37</coordinates></Point></Placemark><Placemark><TimeSpan><begin>2020-03-03T14:37:10Z</begin><end>2020-03-03T14:37:11Z</end></TimeSpan><styleUrl>#point</styleUrl><Point><altitudeMode>clampToGround</altitudeMode><coordinates>18.950494006276131,-33.720799963921309,317.37</coordinates></Point></Placemark><Placemark><TimeSpan><begin>2020-03-03T14:37:11Z</begin><end>2020-03-03T14:37:12Z</end></TimeSpan><styleUrl>#point</styleUrl><Point><altitudeMode>clampToGround</altitudeMode><coordinates>18.950431980192661,-33.720828965306282,317.85000000000002</coordinates></Point></Placemark><Placemark><TimeSpan><begin>2020-03-03T14:37:12Z</begin><end>2020-03-03T14:37:13Z</end></TimeSpan><styleUrl>#point</styleUrl><Point><altitudeMode>clampToGround</altitudeMode><coordinates>18.950366014614701,-33.720848998054862,318.81</coordinates></Point></Placemark><Placemark><TimeSpan><begin>2020-03-03T14:37:13Z</begin><end>2020-03-03T14:37:14Z</end></TimeSpan><styleUrl>#point</styleUrl><Point><altitudeMode>clampToGround</altitudeMode><coordinates>18.950298959389329,-33.720862995833158,318.81</coordinates></Point></Placemark><Placemark><TimeSpan><begin>2020-03-03T14:37:14Z</begin><end>2020-03-03T14:37:15Z</end></TimeSpan><styleUrl>#point</styleUrl><Point><altitudeMode>clampToGround</altitudeMode><coordinates>18.950227964669466,-33.720874981954694,319.30000000000001</coordinates></Point></Placemark><Placemark><TimeSpan><begin>2020-03-03T14:37:15Z</begin><end>2020-03-03T14:37:22Z</end></TimeSpan><styleUrl>#point</styleUrl><Point><altitudeMode>clampToGround</altitudeMode><coordinates>18.949729995802045,-33.720985958352685,322.18000000000001</coordinates></Point></Placemark><Placemark><TimeSpan><begin>2020-03-03T14:37:22Z</begin><end>2020-03-03T14:37:23Z</end></TimeSpan><styleUrl>#point</styleUrl><Point><altitudeMode>clampToGround</altitudeMode><coordinates>18.949686996638775,-33.721004985272884,322.18000000000001</coordinates></Point></Placemark><Placemark><TimeSpan><begin>2020-03-03T14:37:23Z</begin><end>2020-03-03T14:37:24Z</end></TimeSpan><styleUrl>#point</styleUrl><Point><altitudeMode>clampToGround</altitudeMode><coordinates>18.949649026617408,-33.721031975001097,322.18000000000001</coordinates></Point></Placemark><Placemark><TimeSpan><begin>2020-03-03T14:37:24Z</begin><end>2020-03-03T14:37:25Z</end></TimeSpan><styleUrl>#point</styleUrl><Point><altitudeMode>clampToGround</altitudeMode><coordinates>18.949620025232434,-33.72106097638607,322.66000000000003</coordinates></Point></Placemark><Placemark><TimeSpan><begin>2020-03-03T14:37:25Z</begin><end>2020-03-03T14:37:26Z</end></TimeSpan><styleUrl>#point</styleUrl><Point><altitudeMode>clampToGround</altitudeMode><coordinates>18.949598986655474,-33.721094001084566,322.18000000000001</coordinates></Point></Placemark><Placemark><TimeSpan><begin>2020-03-03T14:37:26Z</begin><end>2020-03-03T14:37:27Z</end></TimeSpan><styleUrl>#point</styleUrl><Point><altitudeMode>clampToGround</altitudeMode><coordinates>18.9495890121907,-33.721131971105933,322.18000000000001</coordinates></Point></Placemark><Placemark><TimeSpan><begin>2020-03-03T14:37:27Z</begin><end>2020-03-03T14:37:28Z</end></TimeSpan><styleUrl>#point</styleUrl><Point><altitudeMode>clampToGround</altitudeMode><coordinates>18.949588006362319,-33.721163989976048,322.18000000000001</coordinates></Point></Placemark><Placemark><TimeSpan><begin>2020-03-03T14:37:28Z</begin><end>2020-03-03T14:37:29Z</end></TimeSpan><styleUrl>#point</styleUrl><Point><altitudeMode>clampToGround</altitudeMode><coordinates>18.949594041332603,-33.721191985532641,322.66000000000003</coordinates></Point></Placemark><Placemark><TimeSpan><begin>2020-03-03T14:37:29Z</begin><end>2020-03-03T14:37:30Z</end></TimeSpan><styleUrl>#point</styleUrl><Point><altitudeMode>clampToGround</altitudeMode><coordinates>18.94961298443377,-33.721221992745996,322.66000000000003</coordinates></Point></Placemark><Placemark><TimeSpan><begin>2020-03-03T14:37:30Z</begin><end>2020-03-03T14:37:31Z</end></TimeSpan><styleUrl>#point</styleUrl><Point><altitudeMode>clampToGround</altitudeMode><coordinates>18.949638968333602,-33.721260968595743,323.13999999999999</coordinates></Point></Placemark><Placemark><TimeSpan><begin>2020-03-03T14:37:31Z</begin><end>2020-03-03T14:37:32Z</end></TimeSpan><styleUrl>#point</styleUrl><Point><altitudeMode>clampToGround</altitudeMode><coordinates>18.94967601634562,-33.721305979415774,324.10000000000002</coordinates></Point></Placemark><Placemark><TimeSpan><begin>2020-03-03T14:37:32Z</begin><end>2020-03-03T14:37:36Z</end></TimeSpan><styleUrl>#point</styleUrl><Point><altitudeMode>clampToGround</altitudeMode><coordinates>18.949813982471824,-33.721489040181041,325.54000000000002</coordinates></Point></Placemark><Placemark><TimeSpan><begin>2020-03-03T14:37:36Z</begin><end>2020-03-03T14:37:37Z</end></TimeSpan><styleUrl>#point</styleUrl><Point><altitudeMode>clampToGround</altitudeMode><coordinates>18.949825968593359,-33.721536984667182,325.54000000000002</coordinates></Point></Placemark><Placemark><TimeSpan><begin>2020-03-03T14:37:37Z</begin><end>2020-03-03T14:37:38Z</end></TimeSpan><styleUrl>#point</styleUrl><Point><altitudeMode>clampToGround</altitudeMode><coordinates>18.949824962764978,-33.721588030457497,325.54000000000002</coordinates></Point></Placemark><Placemark><TimeSpan><begin>2020-03-03T14:37:38Z</begin><end>2020-03-03T14:37:39Z</end></TimeSpan><styleUrl>#point</styleUrl><Point><altitudeMode>clampToGround</altitudeMode><coordinates>18.949812976643443,-33.72163999825716,326.01999999999998</coordinates></Point></Placemark><Placemark><TimeSpan><begin>2020-03-03T14:37:39Z</begin><end>2020-03-03T14:37:40Z</end></TimeSpan><styleUrl>#point</styleUrl><Point><altitudeMode>clampToGround</altitudeMode><coordinates>18.949791016057134,-33.721695989370346,326.01999999999998</coordinates></Point></Placemark><Placemark><TimeSpan><begin>2020-03-03T14:37:40Z</begin><end>2020-03-03T14:37:41Z</end></TimeSpan><styleUrl>#point</styleUrl><Point><altitudeMode>clampToGround</altitudeMode><coordinates>18.949766037985682,-33.721753992140293,326.5</coordinates></Point></Placemark><Placemark><TimeSpan><begin>2020-03-03T14:37:41Z</begin><end>2020-03-03T14:37:53Z</end></TimeSpan><styleUrl>#point</styleUrl><Point><altitudeMode>clampToGround</altitudeMode><coordinates>18.949469989165664,-33.722625039517879,330.82999999999998</coordinates></Point></Placemark><Placemark><TimeSpan><begin>2020-03-03T14:37:53Z</begin><end>2020-03-03T14:38:08Z</end></TimeSpan><styleUrl>#point</styleUrl><Point><altitudeMode>clampToGround</altitudeMode><coordinates>18.948933966457844,-33.723686020821333,336.60000000000002</coordinates></Point></Placemark><Placemark><TimeSpan><begin>2020-03-03T14:38:08Z</begin><end>2020-03-03T14:38:09Z</end></TimeSpan><styleUrl>#point</styleUrl><Point><altitudeMode>clampToGround</altitudeMode><coordinates>18.94890102557838,-33.723736982792616,336.60000000000002</coordinates></Point></Placemark><Placemark><TimeSpan><begin>2020-03-03T14:38:09Z</begin><end>2020-03-03T14:38:10Z</end></TimeSpan><styleUrl>#point</styleUrl><Point><altitudeMode>clampToGround</altitudeMode><coordinates>18.948863977566361,-33.723779981955886,337.07999999999998</coordinates></Point></Placemark><Placemark><TimeSpan><begin>2020-03-03T14:38:10Z</begin><end>2020-03-03T14:38:11Z</end></TimeSpan><styleUrl>#point</styleUrl><Point><altitudeMode>clampToGround</altitudeMode><coordinates>18.94881603308022,-33.723821975290775,337.07999999999998</coordinates></Point></Placemark><Placemark><TimeSpan><begin>2020-03-03T14:38:11Z</begin><end>2020-03-03T14:38:12Z</end></TimeSpan><styleUrl>#point</styleUrl><Point><altitudeMode>clampToGround</altitudeMode><coordinates>18.948761969804764,-33.723860029131174,337.07999999999998</coordinates></Point></Placemark><Placemark><TimeSpan><begin>2020-03-03T14:38:12Z</begin><end>2020-03-03T14:38:13Z</end></TimeSpan><styleUrl>#point</styleUrl><Point><altitudeMode>clampToGround</altitudeMode><coordinates>18.948705978691578,-33.723894981667399,337.07999999999998</coordinates></Point></Placemark><Placemark><TimeSpan><begin>2020-03-03T14:38:13Z</begin><end>2020-03-03T14:38:14Z</end></TimeSpan><styleUrl>#point</styleUrl><Point><altitudeMode>clampToGround</altitudeMode><coordinates>18.948657028377056,-33.723934963345528,337.07999999999998</coordinates></Point></Placemark><Placemark><TimeSpan><begin>2020-03-03T14:38:14Z</begin><end>2020-03-03T14:38:15Z</end></TimeSpan><styleUrl>#point</styleUrl><Point><altitudeMode>clampToGround</altitudeMode><coordinates>18.948621992021799,-33.723976034671068,337.07999999999998</coordinates></Point></Placemark><Placemark><TimeSpan><begin>2020-03-03T14:38:15Z</begin><end>2020-03-03T14:38:16Z</end></TimeSpan><styleUrl>#point</styleUrl><Point><altitudeMode>clampToGround</altitudeMode><coordinates>18.948596008121967,-33.724021967500448,337.56</coordinates></Point></Placemark><Placemark><TimeSpan><begin>2020-03-03T14:38:16Z</begin><end>2020-03-03T14:38:17Z</end></TimeSpan><styleUrl>#point</styleUrl><Point><altitudeMode>clampToGround</altitudeMode><coordinates>18.948573963716626,-33.724074019119143,338.04000000000002</coordinates></Point></Placemark><Placemark><TimeSpan><begin>2020-03-03T14:38:17Z</begin><end>2020-03-03T14:38:18Z</end></TimeSpan><styleUrl>#point</styleUrl><Point><altitudeMode>clampToGround</altitudeMode><coordinates>18.948555020615458,-33.724132021889091,338.51999999999998</coordinates></Point></Placemark><Placemark><TimeSpan><begin>2020-03-03T14:38:18Z</begin><end>2020-03-03T14:38:21Z</end></TimeSpan><styleUrl>#point</styleUrl><Point><altitudeMode>clampToGround</altitudeMode><coordinates>18.948529958724976,-33.724326984956861,339.95999999999998</coordinates></Point></Placemark><Placemark><TimeSpan><begin>2020-03-03T14:38:21Z</begin><end>2020-03-03T14:38:28Z</end></TimeSpan><styleUrl>#point</styleUrl><Point><altitudeMode>clampToGround</altitudeMode><coordinates>18.948644958436489,-33.724873987957835,342.85000000000002</coordinates></Point></Placemark><Placemark><TimeSpan><begin>2020-03-03T14:38:28Z</begin><end>2020-03-03T14:38:29Z</end></TimeSpan><styleUrl>#point</styleUrl><Point><altitudeMode>clampToGround</altitudeMode><coordinates>18.948683012276888,-33.724929979071021,342.37</coordinates></Point></Placemark><Placemark><TimeSpan><begin>2020-03-03T14:38:29Z</begin><end>2020-03-03T14:38:30Z</end></TimeSpan><styleUrl>#point</styleUrl><Point><altitudeMode>clampToGround</altitudeMode><coordinates>18.948731040582061,-33.724982030689716,342.37</coordinates></Point></Placemark><Placemark><TimeSpan><begin>2020-03-03T14:38:30Z</begin><end>2020-03-03T14:38:31Z</end></TimeSpan><styleUrl>#point</styleUrl><Point><altitudeMode>clampToGround</altitudeMode><coordinates>18.948789965361357,-33.72503500431776,342.37</coordinates></Point></Placemark><Placemark><TimeSpan><begin>2020-03-03T14:38:31Z</begin><end>2020-03-03T14:38:32Z</end></TimeSpan><styleUrl>#point</styleUrl><Point><altitudeMode>clampToGround</altitudeMode><coordinates>18.94885802641511,-33.725087977945805,342.37</coordinates></Point></Placemark><Placemark><TimeSpan><begin>2020-03-03T14:38:32Z</begin><end>2020-03-03T14:38:35Z</end></TimeSpan><styleUrl>#point</styleUrl><Point><altitudeMode>clampToGround</altitudeMode><coordinates>18.949019964784384,-33.725233990699053,342.37</coordinates></Point></Placemark><Placemark><TimeSpan><begin>2020-03-03T14:38:35Z</begin><end>2020-03-03T14:38:36Z</end></TimeSpan><styleUrl>#point</styleUrl><Point><altitudeMode>clampToGround</altitudeMode><coordinates>18.949055001139641,-33.725284030660987,342.37</coordinates></Point></Placemark><Placemark><TimeSpan><begin>2020-03-03T14:38:36Z</begin><end>2020-03-03T14:38:37Z</end></TimeSpan><styleUrl>#point</styleUrl><Point><altitudeMode>clampToGround</altitudeMode><coordinates>18.949078973382711,-33.725346978753805,342.37</coordinates></Point></Placemark><Placemark><TimeSpan><begin>2020-03-03T14:38:37Z</begin><end>2020-03-03T14:38:38Z</end></TimeSpan><styleUrl>#point</styleUrl><Point><altitudeMode>clampToGround</altitudeMode><coordinates>18.94909598864615,-33.725417973473668,342.37</coordinates></Point></Placemark><Placemark><TimeSpan><begin>2020-03-03T14:38:38Z</begin><end>2020-03-03T14:38:39Z</end></TimeSpan><styleUrl>#point</styleUrl><Point><altitudeMode>clampToGround</altitudeMode><coordinates>18.94911602139473,-33.725501960143447,342.85000000000002</coordinates></Point></Placemark><Placemark><TimeSpan><begin>2020-03-03T14:38:39Z</begin><end>2020-03-03T14:38:41Z</end></TimeSpan><styleUrl>#point</styleUrl><Point><altitudeMode>clampToGround</altitudeMode><coordinates>18.949172012507915,-33.725673034787178,343.32999999999998</coordinates></Point></Placemark><Placemark><TimeSpan><begin>2020-03-03T14:38:41Z</begin><end>2020-03-03T14:38:42Z</end></TimeSpan><styleUrl>#point</styleUrl><Point><altitudeMode>clampToGround</altitudeMode><coordinates>18.949213000014424,-33.725741012021899,343.81</coordinates></Point></Placemark><Placemark><TimeSpan><begin>2020-03-03T14:38:42Z</begin><end>2020-03-03T14:38:43Z</end></TimeSpan><styleUrl>#point</styleUrl><Point><altitudeMode>clampToGround</altitudeMode><coordinates>18.949250970035791,-33.725799014791846,343.81</coordinates></Point></Placemark><Placemark><TimeSpan><begin>2020-03-03T14:38:43Z</begin><end>2020-03-03T14:38:44Z</end></TimeSpan><styleUrl>#point</styleUrl><Point><altitudeMode>clampToGround</altitudeMode><coordinates>18.949296986684203,-33.725846037268639,343.81</coordinates></Point></Placemark><Placemark><TimeSpan><begin>2020-03-03T14:38:44Z</begin><end>2020-03-03T14:38:45Z</end></TimeSpan><styleUrl>#point</styleUrl><Point><altitudeMode>clampToGround</altitudeMode><coordinates>18.949344009160995,-33.725886018946767,343.81</coordinates></Point></Placemark><Placemark><TimeSpan><begin>2020-03-03T14:38:45Z</begin><end>2020-03-03T14:38:46Z</end></TimeSpan><styleUrl>#point</styleUrl><Point><altitudeMode>clampToGround</altitudeMode><coordinates>18.949382985010743,-33.725920971482992,343.81</coordinates></Point></Placemark><Placemark><TimeSpan><begin>2020-03-03T14:38:46Z</begin><end>2020-03-03T14:38:47Z</end></TimeSpan><styleUrl>#point</styleUrl><Point><altitudeMode>clampToGround</altitudeMode><coordinates>18.949411986395717,-33.725959025323391,343.81</coordinates></Point></Placemark><Placemark><TimeSpan><begin>2020-03-03T14:38:47Z</begin><end>2020-03-03T14:38:48Z</end></TimeSpan><styleUrl>#point</styleUrl><Point><altitudeMode>clampToGround</altitudeMode><coordinates>18.949424978345633,-33.7260000128299,344.29000000000002</coordinates></Point></Placemark><Placemark><TimeSpan><begin>2020-03-03T14:38:48Z</begin><end>2020-03-03T14:38:49Z</end></TimeSpan><styleUrl>#point</styleUrl><Point><altitudeMode>clampToGround</altitudeMode><coordinates>18.949429001659155,-33.726036977022886,344.29000000000002</coordinates></Point></Placemark><Placemark><TimeSpan><begin>2020-03-03T14:38:49Z</begin><end>2020-03-03T14:38:50Z</end></TimeSpan><styleUrl>#point</styleUrl><Point><altitudeMode>clampToGround</altitudeMode><coordinates>18.949427995830774,-33.726072013378143,344.29000000000002</coordinates></Point></Placemark><Placemark><TimeSpan><begin>2020-03-03T14:38:50Z</begin><end>2020-03-03T14:38:51Z</end></TimeSpan><styleUrl>#point</styleUrl><Point><altitudeMode>clampToGround</altitudeMode><coordinates>18.949425984174013,-33.726105960085988,344.76999999999998</coordinates></Point></Placemark><Placemark><TimeSpan><begin>2020-03-03T14:38:51Z</begin><end>2020-03-03T14:38:55Z</end></TimeSpan><styleUrl>#point</styleUrl><Point><altitudeMode>clampToGround</altitudeMode><coordinates>18.949424978345633,-33.726293966174126,345.25</coordinates></Point></Placemark><Placemark><TimeSpan><begin>2020-03-03T14:38:55Z</begin><end>2020-03-03T14:38:56Z</end></TimeSpan><styleUrl>#point</styleUrl><Point><altitudeMode>clampToGround</altitudeMode><coordinates>18.949416009709239,-33.726349035277963,345.25</coordinates></Point></Placemark><Placemark><TimeSpan><begin>2020-03-03T14:38:56Z</begin><end>2020-03-03T14:38:57Z</end></TimeSpan><styleUrl>#point</styleUrl><Point><altitudeMode>clampToGround</altitudeMode><coordinates>18.94939798861742,-33.72640703804791,345.73000000000002</coordinates></Point></Placemark><Placemark><TimeSpan><begin>2020-03-03T14:38:57Z</begin><end>2020-03-03T14:39:08Z</end></TimeSpan><styleUrl>#point</styleUrl><Point><altitudeMode>clampToGround</altitudeMode><coordinates>18.948998004198074,-33.7271380238235,347.64999999999998</coordinates></Point></Placemark><Placemark><TimeSpan><begin>2020-03-03T14:39:08Z</begin><end>2020-03-03T14:39:23Z</end></TimeSpan><styleUrl>#point</styleUrl><Point><altitudeMode>clampToGround</altitudeMode><coordinates>18.94821303896606,-33.727925000712276,349.57999999999998</coordinates></Point></Placemark><Placemark><TimeSpan><begin>2020-03-03T14:39:23Z</begin><end>2020-03-03T14:39:26Z</end></TimeSpan><styleUrl>#point</styleUrl><Point><altitudeMode>clampToGround</altitudeMode><coordinates>18.948012962937355,-33.728034971281886,350.06</coordinates></Point></Placemark><Placemark><TimeSpan><begin>2020-03-03T14:39:26Z</begin><end>2020-03-03T14:39:35Z</end></TimeSpan><styleUrl>#point</styleUrl><Point><altitudeMode>clampToGround</altitudeMode><coordinates>18.947302009910345,-33.728266982361674,354.38</coordinates></Point></Placemark><Placemark><TimeSpan><begin>2020-03-03T14:39:35Z</begin><end>2020-03-03T14:39:36Z</end></TimeSpan><styleUrl>#point</styleUrl><Point><altitudeMode>clampToGround</altitudeMode><coordinates>18.94722699187696,-33.72827896848321,354.86000000000001</coordinates></Point></Placemark><Placemark><TimeSpan><begin>2020-03-03T14:39:36Z</begin><end>2020-03-03T14:39:37Z</end></TimeSpan><styleUrl>#point</styleUrl><Point><altitudeMode>clampToGround</altitudeMode><coordinates>18.947147028520703,-33.728281985968351,354.86000000000001</coordinates></Point></Placemark><Placemark><TimeSpan><begin>2020-03-03T14:39:37Z</begin><end>2020-03-03T14:39:40Z</end></TimeSpan><styleUrl>#point</styleUrl><Point><altitudeMode>clampToGround</altitudeMode><coordinates>18.946919962763786,-33.728292966261506,356.31</coordinates></Point></Placemark><Placemark><TimeSpan><begin>2020-03-03T14:39:40Z</begin><end>2020-03-03T14:39:41Z</end></TimeSpan><styleUrl>#point</styleUrl><Point><altitudeMode>clampToGround</altitudeMode><coordinates>18.946857014670968,-33.728324985131621,356.31</coordinates></Point></Placemark><Placemark><TimeSpan><begin>2020-03-03T14:39:41Z</begin><end>2020-03-03T14:39:42Z</end></TimeSpan><styleUrl>#point</styleUrl><Point><altitudeMode>clampToGround</altitudeMode><coordinates>18.946795994415879,-33.728367984294891,356.79000000000002</coordinates></Point></Placemark><Placemark><TimeSpan><begin>2020-03-03T14:39:42Z</begin><end>2020-03-03T14:39:47Z</end></TimeSpan><styleUrl>#point</styleUrl><Point><altitudeMode>clampToGround</altitudeMode><coordinates>18.946512015536427,-33.728612987324595,358.23000000000002</coordinates></Point></Placemark><Placemark><TimeSpan><begin>2020-03-03T14:39:47Z</begin><end>2020-03-03T14:39:48Z</end></TimeSpan><styleUrl>#point</styleUrl><Point><altitudeMode>clampToGround</altitudeMode><coordinates>18.946461975574493,-33.728649029508233,357.75</coordinates></Point></Placemark><Placemark><TimeSpan><begin>2020-03-03T14:39:48Z</begin><end>2020-03-03T14:39:49Z</end></TimeSpan><styleUrl>#point</styleUrl><Point><altitudeMode>clampToGround</altitudeMode><coordinates>18.946404978632927,-33.728682976216078,358.23000000000002</coordinates></Point></Placemark><Placemark><TimeSpan><begin>2020-03-03T14:39:49Z</begin><end>2020-03-03T14:39:50Z</end></TimeSpan><styleUrl>#point</styleUrl><Point><altitudeMode>clampToGround</altitudeMode><coordinates>18.946342030540109,-33.728710971772671,358.70999999999998</coordinates></Point></Placemark><Placemark><TimeSpan><begin>2020-03-03T14:39:50Z</begin><end>2020-03-03T14:39:51Z</end></TimeSpan><styleUrl>#point</styleUrl><Point><altitudeMode>clampToGround</altitudeMode><coordinates>18.946272963657975,-33.728731004521251,359.67000000000002</coordinates></Point></Placemark><Placemark><TimeSpan><begin>2020-03-03T14:39:51Z</begin><end>2020-03-03T14:39:52Z</end></TimeSpan><styleUrl>#point</styleUrl><Point><altitudeMode>clampToGround</altitudeMode><coordinates>18.946199035272002,-33.728741984814405,360.14999999999998</coordinates></Point></Placemark><Placemark><TimeSpan><begin>2020-03-03T14:39:52Z</begin><end>2020-03-03T14:39:53Z</end></TimeSpan><styleUrl>#point</styleUrl><Point><altitudeMode>clampToGround</altitudeMode><coordinates>18.946125023066998,-33.72874902561307,360.63</coordinates></Point></Placemark><Placemark><TimeSpan><begin>2020-03-03T14:39:53Z</begin><end>2020-03-03T14:39:55Z</end></TimeSpan><styleUrl>#point</styleUrl><Point><altitudeMode>clampToGround</altitudeMode><coordinates>18.946007005870342,-33.72877299785614,362.06999999999999</coordinates></Point></Placemark><Placemark><TimeSpan><begin>2020-03-03T14:39:55Z</begin><end>2020-03-03T14:39:56Z</end></TimeSpan><styleUrl>#point</styleUrl><Point><altitudeMode>clampToGround</altitudeMode><coordinates>18.945967024192214,-33.728803005069494,362.55000000000001</coordinates></Point></Placemark><Placemark><TimeSpan><begin>2020-03-03T14:39:56Z</begin><end>2020-03-03T14:39:57Z</end></TimeSpan><styleUrl>#point</styleUrl><Point><altitudeMode>clampToGround</altitudeMode><coordinates>18.945943973958492,-33.728842986747622,363.04000000000002</coordinates></Point></Placemark><Placemark><TimeSpan><begin>2020-03-03T14:39:57Z</begin><end>2020-03-03T14:39:58Z</end></TimeSpan><styleUrl>#point</styleUrl><Point><altitudeMode>clampToGround</altitudeMode><coordinates>18.94593802280724,-33.728896966204047,364.48000000000002</coordinates></Point></Placemark><Placemark><TimeSpan><begin>2020-03-03T14:39:58Z</begin><end>2020-03-03T14:39:59Z</end></TimeSpan><styleUrl>#point</styleUrl><Point><altitudeMode>clampToGround</altitudeMode><coordinates>18.945943973958492,-33.728954968973994,364.48000000000002</coordinates></Point></Placemark><Placemark><TimeSpan><begin>2020-03-03T14:39:59Z</begin><end>2020-03-03T14:40:00Z</end></TimeSpan><styleUrl>#point</styleUrl><Point><altitudeMode>clampToGround</altitudeMode><coordinates>18.945958977565169,-33.729012971743941,364.48000000000002</coordinates></Point></Placemark><Placemark><TimeSpan><begin>2020-03-03T14:40:00Z</begin><end>2020-03-03T14:40:01Z</end></TimeSpan><styleUrl>#point</styleUrl><Point><altitudeMode>clampToGround</altitudeMode><coordinates>18.945970041677356,-33.729067035019398,364.95999999999998</coordinates></Point></Placemark><Placemark><TimeSpan><begin>2020-03-03T14:40:01Z</begin><end>2020-03-03T14:40:02Z</end></TimeSpan><styleUrl>#point</styleUrl><Point><altitudeMode>clampToGround</altitudeMode><coordinates>18.945976998656988,-33.729111962020397,364.95999999999998</coordinates></Point></Placemark><Placemark><TimeSpan><begin>2020-03-03T14:40:02Z</begin><end>2020-03-03T14:40:03Z</end></TimeSpan><styleUrl>#point</styleUrl><Point><altitudeMode>clampToGround</altitudeMode><coordinates>18.945970041677356,-33.729156972840428,365.92000000000002</coordinates></Point></Placemark><Placemark><TimeSpan><begin>2020-03-03T14:40:03Z</begin><end>2020-03-03T14:40:04Z</end></TimeSpan><styleUrl>#point</styleUrl><Point><altitudeMode>clampToGround</altitudeMode><coordinates>18.945954032242298,-33.729205001145601,366.39999999999998</coordinates></Point></Placemark><Placemark><TimeSpan><begin>2020-03-03T14:40:04Z</begin><end>2020-03-03T14:40:06Z</end></TimeSpan><styleUrl>#point</styleUrl><Point><altitudeMode>clampToGround</altitudeMode><coordinates>18.945898963138461,-33.72930902056396,367.36000000000001</coordinates></Point></Placemark><Placemark><TimeSpan><begin>2020-03-03T14:40:06Z</begin><end>2020-03-03T14:40:07Z</end></TimeSpan><styleUrl>#point</styleUrl><Point><altitudeMode>clampToGround</altitudeMode><coordinates>18.945860993117094,-33.729358976706862,367.83999999999997</coordinates></Point></Placemark><Placemark><TimeSpan><begin>2020-03-03T14:40:07Z</begin><end>2020-03-03T14:40:08Z</end></TimeSpan><styleUrl>#point</styleUrl><Point><altitudeMode>clampToGround</altitudeMode><coordinates>18.945814976468682,-33.729408010840416,368.31999999999999</coordinates></Point></Placemark><Placemark><TimeSpan><begin>2020-03-03T14:40:08Z</begin><end>2020-03-03T14:40:09Z</end></TimeSpan><styleUrl>#point</styleUrl><Point><altitudeMode>clampToGround</altitudeMode><coordinates>18.94576602615416,-33.729452015832067,368.80000000000001</coordinates></Point></Placemark><Placemark><TimeSpan><begin>2020-03-03T14:40:09Z</begin><end>2020-03-03T14:40:10Z</end></TimeSpan><styleUrl>#point</styleUrl><Point><altitudeMode>clampToGround</altitudeMode><coordinates>18.945712968707085,-33.729490991681814,369.75999999999999</coordinates></Point></Placemark><Placemark><TimeSpan><begin>2020-03-03T14:40:10Z</begin><end>2020-03-03T14:40:11Z</end></TimeSpan><styleUrl>#point</styleUrl><Point><altitudeMode>clampToGround</altitudeMode><coordinates>18.945653960108757,-33.729526028037071,370.24000000000001</coordinates></Point></Placemark><Placemark><TimeSpan><begin>2020-03-03T14:40:11Z</begin><end>2020-03-03T14:40:12Z</end></TimeSpan><styleUrl>#point</styleUrl><Point><altitudeMode>clampToGround</altitudeMode><coordinates>18.945587994530797,-33.729562992230058,370.73000000000002</coordinates></Point></Placemark><Placemark><TimeSpan><begin>2020-03-03T14:40:12Z</begin><end>2020-03-03T14:40:13Z</end></TimeSpan><styleUrl>#point</styleUrl><Point><altitudeMode>clampToGround</altitudeMode><coordinates>18.945514988154173,-33.729596016928554,371.69</coordinates></Point></Placemark><Placemark><TimeSpan><begin>2020-03-03T14:40:13Z</begin><end>2020-03-03T14:40:29Z</end></TimeSpan><styleUrl>#point</styleUrl><Point><altitudeMode>clampToGround</altitudeMode><coordinates>18.944242028519511,-33.730204962193966,380.81999999999999</coordinates></Point></Placemark><Placemark><TimeSpan><begin>2020-03-03T14:40:29Z</begin><end>2020-03-03T14:40:32Z</end></TimeSpan><styleUrl>#point</styleUrl><Point><altitudeMode>clampToGround</altitudeMode><coordinates>18.944034995511174,-33.730285009369254,380.33999999999997</coordinates></Point></Placemark><Placemark><TimeSpan><begin>2020-03-03T14:40:32Z</begin><end>2020-03-03T14:40:33Z</end></TimeSpan><styleUrl>#point</styleUrl><Point><altitudeMode>clampToGround</altitudeMode><coordinates>18.943971041589975,-33.73031803406775,380.81999999999999</coordinates></Point></Placemark><Placemark><TimeSpan><begin>2020-03-03T14:40:33Z</begin><end>2020-03-03T14:40:34Z</end></TimeSpan><styleUrl>#point</styleUrl><Point><altitudeMode>clampToGround</altitudeMode><coordinates>18.943921001628041,-33.730359021574259,381.30000000000001</coordinates></Point></Placemark><Placemark><TimeSpan><begin>2020-03-03T14:40:34Z</begin><end>2020-03-03T14:40:35Z</end></TimeSpan><styleUrl>#point</styleUrl><Point><altitudeMode>clampToGround</altitudeMode><coordinates>18.943876996636391,-33.730403026565909,381.30000000000001</coordinates></Point></Placemark><Placemark><TimeSpan><begin>2020-03-03T14:40:35Z</begin><end>2020-03-03T14:40:36Z</end></TimeSpan><styleUrl>#point</styleUrl><Point><altitudeMode>clampToGround</altitudeMode><coordinates>18.943849001079798,-33.730448037385941,381.30000000000001</coordinates></Point></Placemark><Placemark><TimeSpan><begin>2020-03-03T14:40:36Z</begin><end>2020-03-03T14:40:37Z</end></TimeSpan><styleUrl>#point</styleUrl><Point><altitudeMode>clampToGround</altitudeMode><coordinates>18.943827040493488,-33.730491036549211,381.30000000000001</coordinates></Point></Placemark><Placemark><TimeSpan><begin>2020-03-03T14:40:37Z</begin><end>2020-03-03T14:40:38Z</end></TimeSpan><styleUrl>#point</styleUrl><Point><altitudeMode>clampToGround</altitudeMode><coordinates>18.943815976381302,-33.730535041540861,381.77999999999997</coordinates></Point></Placemark><Placemark><TimeSpan><begin>2020-03-03T14:40:38Z</begin><end>2020-03-03T14:40:39Z</end></TimeSpan><styleUrl>#point</styleUrl><Point><altitudeMode>clampToGround</altitudeMode><coordinates>18.943821005523205,-33.730577034875751,381.77999999999997</coordinates></Point></Placemark><Placemark><TimeSpan><begin>2020-03-03T14:40:39Z</begin><end>2020-03-03T14:40:40Z</end></TimeSpan><styleUrl>#point</styleUrl><Point><altitudeMode>clampToGround</altitudeMode><coordinates>18.943840032443404,-33.730612993240356,381.77999999999997</coordinates></Point></Placemark><Placemark><TimeSpan><begin>2020-03-03T14:40:40Z</begin><end>2020-03-03T14:40:41Z</end></TimeSpan><styleUrl>#point</styleUrl><Point><altitudeMode>clampToGround</altitudeMode><coordinates>18.94387498497963,-33.730646017938852,381.77999999999997</coordinates></Point></Placemark><Placemark><TimeSpan><begin>2020-03-03T14:40:41Z</begin><end>2020-03-03T14:40:42Z</end></TimeSpan><styleUrl>#point</styleUrl><Point><altitudeMode>clampToGround</altitudeMode><coordinates>18.943921001628041,-33.730672001838684,381.77999999999997</coordinates></Point></Placemark><Placemark><TimeSpan><begin>2020-03-03T14:40:42Z</begin><end>2020-03-03T14:40:43Z</end></TimeSpan><styleUrl>#point</styleUrl><Point><altitudeMode>clampToGround</altitudeMode><coordinates>18.943977998569608,-33.730692034587264,381.77999999999997</coordinates></Point></Placemark><Placemark><TimeSpan><begin>2020-03-03T14:40:43Z</begin><end>2020-03-03T14:40:44Z</end></TimeSpan><styleUrl>#point</styleUrl><Point><altitudeMode>clampToGround</altitudeMode><coordinates>18.944044969975948,-33.730709971860051,381.77999999999997</coordinates></Point></Placemark><Placemark><TimeSpan><begin>2020-03-03T14:40:44Z</begin><end>2020-03-03T14:40:45Z</end></TimeSpan><styleUrl>#point</styleUrl><Point><altitudeMode>clampToGround</altitudeMode><coordinates>18.944129040464759,-33.730726987123489,381.77999999999997</coordinates></Point></Placemark><Placemark><TimeSpan><begin>2020-03-03T14:40:45Z</begin><end>2020-03-03T14:40:53Z</end></TimeSpan><styleUrl>#point</styleUrl><Point><altitudeMode>clampToGround</altitudeMode><coordinates>18.944969996809959,-33.730958998203278,384.18000000000001</coordinates></Point></Placemark><Placemark><TimeSpan><begin>2020-03-03T14:40:53Z</begin><end>2020-03-03T14:40:56Z</end></TimeSpan><styleUrl>#point</styleUrl><Point><altitudeMode>clampToGround</altitudeMode><coordinates>18.945198990404606,-33.73104901984334,385.14999999999998</coordinates></Point></Placemark><Placemark><TimeSpan><begin>2020-03-03T14:40:56Z</begin><end>2020-03-03T14:40:57Z</end></TimeSpan><styleUrl>#point</styleUrl><Point><altitudeMode>clampToGround</altitudeMode><coordinates>18.945279037579894,-33.731062011793256,385.63</coordinates></Point></Placemark><Placemark><TimeSpan><begin>2020-03-03T14:40:57Z</begin><end>2020-03-03T14:40:58Z</end></TimeSpan><styleUrl>#point</styleUrl><Point><altitudeMode>clampToGround</altitudeMode><coordinates>18.945366041734815,-33.731067962944508,386.11000000000001</coordinates></Point></Placemark><Placemark><TimeSpan><begin>2020-03-03T14:40:58Z</begin><end>2020-03-03T14:40:59Z</end></TimeSpan><styleUrl>#point</styleUrl><Point><altitudeMode>clampToGround</altitudeMode><coordinates>18.945454973727465,-33.731069974601269,386.11000000000001</coordinates></Point></Placemark><Placemark><TimeSpan><begin>2020-03-03T14:40:59Z</begin><end>2020-03-03T14:41:00Z</end></TimeSpan><styleUrl>#point</styleUrl><Point><altitudeMode>clampToGround</altitudeMode><coordinates>18.945542983710766,-33.731067040935159,386.58999999999997</coordinates></Point></Placemark><Placemark><TimeSpan><begin>2020-03-03T14:41:00Z</begin><end>2020-03-03T14:41:09Z</end></TimeSpan><styleUrl>#point</styleUrl><Point><altitudeMode>clampToGround</altitudeMode><coordinates>18.946318980306387,-33.731090007349849,390.91000000000003</coordinates></Point></Placemark><Placemark><TimeSpan><begin>2020-03-03T14:41:09Z</begin><end>2020-03-03T14:41:10Z</end></TimeSpan><styleUrl>#point</styleUrl><Point><altitudeMode>clampToGround</altitudeMode><coordinates>18.946401039138436,-33.731107022613287,391.38999999999999</coordinates></Point></Placemark><Placemark><TimeSpan><begin>2020-03-03T14:41:10Z</begin><end>2020-03-03T14:41:11Z</end></TimeSpan><styleUrl>#point</styleUrl><Point><altitudeMode>clampToGround</altitudeMode><coordinates>18.946484019979835,-33.731129989027977,391.38999999999999</coordinates></Point></Placemark><Placemark><TimeSpan><begin>2020-03-03T14:41:11Z</begin><end>2020-03-03T14:41:12Z</end></TimeSpan><styleUrl>#point</styleUrl><Point><altitudeMode>clampToGround</altitudeMode><coordinates>18.946564989164472,-33.731161002069712,391.87</coordinates></Point></Placemark><Placemark><TimeSpan><begin>2020-03-03T14:41:12Z</begin><end>2020-03-03T14:41:13Z</end></TimeSpan><styleUrl>#point</styleUrl><Point><altitudeMode>clampToGround</altitudeMode><coordinates>18.946644030511379,-33.731194026768208,392.36000000000001</coordinates></Point></Placemark><Placemark><TimeSpan><begin>2020-03-03T14:41:13Z</begin><end>2020-03-03T14:41:14Z</end></TimeSpan><styleUrl>#point</styleUrl><Point><altitudeMode>clampToGround</altitudeMode><coordinates>18.946720976382494,-33.731234008446336,392.83999999999997</coordinates></Point></Placemark><Placemark><TimeSpan><begin>2020-03-03T14:41:14Z</begin><end>2020-03-03T14:41:23Z</end></TimeSpan><styleUrl>#point</styleUrl><Point><altitudeMode>clampToGround</altitudeMode><coordinates>18.947424972429872,-33.731698030605912,398.12</coordinates></Point></Placemark><Placemark><TimeSpan><begin>2020-03-03T14:41:23Z</begin><end>2020-03-03T14:41:24Z</end></TimeSpan><styleUrl>#point</styleUrl><Point><altitudeMode>clampToGround</altitudeMode><coordinates>18.947478029876947,-33.731751004233956,398.60000000000002</coordinates></Point></Placemark><Placemark><TimeSpan><begin>2020-03-03T14:41:24Z</begin><end>2020-03-03T14:41:33Z</end></TimeSpan><styleUrl>#point</styleUrl><Point><altitudeMode>clampToGround</altitudeMode><coordinates>18.947772989049554,-33.732025008648634,401.00999999999999</coordinates></Point></Placemark><Placemark><TimeSpan><begin>2020-03-03T14:41:33Z</begin><end>2020-03-03T14:41:47Z</end></TimeSpan><styleUrl>#point</styleUrl><Point><altitudeMode>clampToGround</altitudeMode><coordinates>18.947777012363076,-33.732048980891705,401.49000000000001</coordinates></Point></Placemark><Placemark><TimeSpan><begin>2020-03-03T14:41:47Z</begin><end>2020-03-03T14:42:23Z</end></TimeSpan><styleUrl>#point</styleUrl><Point><altitudeMode>clampToGround</altitudeMode><coordinates>18.947772989049554,-33.732083011418581,402.44999999999999</coordinates></Point></Placemark><Placemark><TimeSpan><begin>2020-03-03T14:42:23Z</begin><end>2020-03-03T14:42:24Z</end></TimeSpan><styleUrl>#point</styleUrl><Point><altitudeMode>clampToGround</altitudeMode><coordinates>18.947795033454895,-33.732097009196877,402.44999999999999</coordinates></Point></Placemark><Placemark><TimeSpan><begin>2020-03-03T14:42:24Z</begin><end>2020-03-03T14:42:25Z</end></TimeSpan><styleUrl>#point</styleUrl><Point><altitudeMode>clampToGround</altitudeMode><coordinates>18.94782998599112,-33.732119975611567,402.44999999999999</coordinates></Point></Placemark><Placemark><TimeSpan><begin>2020-03-03T14:42:25Z</begin><end>2020-03-03T14:42:29Z</end></TimeSpan><styleUrl>#point</styleUrl><Point><altitudeMode>clampToGround</altitudeMode><coordinates>18.947982033714652,-33.732246039435267,401.97000000000003</coordinates></Point></Placemark><Placemark><TimeSpan><begin>2020-03-03T14:42:29Z</begin><end>2020-03-03T14:42:30Z</end></TimeSpan><styleUrl>#point</styleUrl><Point><altitudeMode>clampToGround</altitudeMode><coordinates>18.94802201539278,-33.732293983921409,401.49000000000001</coordinates></Point></Placemark><Placemark><TimeSpan><begin>2020-03-03T14:42:30Z</begin><end>2020-03-03T14:42:31Z</end></TimeSpan><styleUrl>#point</styleUrl><Point><altitudeMode>clampToGround</altitudeMode><coordinates>18.948041964322329,-33.732337988913059,400.52999999999997</coordinates></Point></Placemark><Placemark><TimeSpan><begin>2020-03-03T14:42:31Z</begin><end>2020-03-03T14:42:32Z</end></TimeSpan><styleUrl>#point</styleUrl><Point><altitudeMode>clampToGround</altitudeMode><coordinates>18.948058979585767,-33.732390040531754,400.05000000000001</coordinates></Point></Placemark><Placemark><TimeSpan><begin>2020-03-03T14:42:32Z</begin><end>2020-03-03T14:42:33Z</end></TimeSpan><styleUrl>#point</styleUrl><Point><altitudeMode>clampToGround</altitudeMode><coordinates>18.948069037869573,-33.732434967532754,399.56999999999999</coordinates></Point></Placemark><Placemark><TimeSpan><begin>2020-03-03T14:42:33Z</begin><end>2020-03-03T14:42:34Z</end></TimeSpan><styleUrl>#point</styleUrl><Point><altitudeMode>clampToGround</altitudeMode><coordinates>18.948073983192444,-33.732492970302701,399.56999999999999</coordinates></Point></Placemark><Placemark><TimeSpan><begin>2020-03-03T14:42:34Z</begin><end>2020-03-03T14:42:35Z</end></TimeSpan><styleUrl>#point</styleUrl><Point><altitudeMode>clampToGround</altitudeMode><coordinates>18.94806501455605,-33.732560025528073,398.60000000000002</coordinates></Point></Placemark><Placemark><TimeSpan><begin>2020-03-03T14:42:35Z</begin><end>2020-03-03T14:42:36Z</end></TimeSpan><styleUrl>#point</styleUrl><Point><altitudeMode>clampToGround</altitudeMode><coordinates>18.948052022606134,-33.732630014419556,398.60000000000002</coordinates></Point></Placemark><Placemark><TimeSpan><begin>2020-03-03T14:42:36Z</begin><end>2020-03-03T14:42:37Z</end></TimeSpan><styleUrl>#point</styleUrl><Point><altitudeMode>clampToGround</altitudeMode><coordinates>18.948032995685935,-33.732702014967799,398.12</coordinates></Point></Placemark><Placemark><TimeSpan><begin>2020-03-03T14:42:37Z</begin><end>2020-03-03T14:42:48Z</end></TimeSpan><styleUrl>#point</styleUrl><Point><altitudeMode>clampToGround</altitudeMode><coordinates>18.947899974882603,-33.733480023220181,394.27999999999997</coordinates></Point></Placemark><Placemark><TimeSpan><begin>2020-03-03T14:42:48Z</begin><end>2020-03-03T14:42:49Z</end></TimeSpan><styleUrl>#point</styleUrl><Point><altitudeMode>clampToGround</altitudeMode><coordinates>18.947868039831519,-33.733540959656239,394.27999999999997</coordinates></Point></Placemark><Placemark><TimeSpan><begin>2020-03-03T14:42:49Z</begin><end>2020-03-03T14:42:59Z</end></TimeSpan><styleUrl>#point</styleUrl><Point><altitudeMode>clampToGround</altitudeMode><coordinates>18.947452967986465,-33.734171027317643,389.94999999999999</coordinates></Point></Placemark><Placemark><TimeSpan><begin>2020-03-03T14:42:59Z</begin><end>2020-03-03T14:43:07Z</end></TimeSpan><styleUrl>#point</styleUrl><Point><altitudeMode>clampToGround</altitudeMode><coordinates>18.947123978286982,-33.734473027288914,386.58999999999997</coordinates></Point></Placemark><Placemark><TimeSpan><begin>2020-03-03T14:43:07Z</begin><end>2020-03-03T14:43:08Z</end></TimeSpan><styleUrl>#point</styleUrl><Point><altitudeMode>clampToGround</altitudeMode><coordinates>18.947112997993827,-33.734516026452184,386.11000000000001</coordinates></Point></Placemark><Placemark><TimeSpan><begin>2020-03-03T14:43:08Z</begin><end>2020-03-03T14:43:09Z</end></TimeSpan><styleUrl>#point</styleUrl><Point><altitudeMode>clampToGround</altitudeMode><coordinates>18.947112997993827,-33.734557013958693,385.63</coordinates></Point></Placemark><Placemark><TimeSpan><begin>2020-03-03T14:43:09Z</begin><end>2020-03-03T14:43:10Z</end></TimeSpan><styleUrl>#point</styleUrl><Point><altitudeMode>clampToGround</altitudeMode><coordinates>18.947125989943743,-33.734590960666537,385.14999999999998</coordinates></Point></Placemark><Placemark><TimeSpan><begin>2020-03-03T14:43:10Z</begin><end>2020-03-03T14:43:11Z</end></TimeSpan><styleUrl>#point</styleUrl><Point><altitudeMode>clampToGround</altitudeMode><coordinates>18.947136970236897,-33.734610993415117,385.63</coordinates></Point></Placemark><Placemark><TimeSpan><begin>2020-03-03T14:43:11Z</begin><end>2020-03-03T14:43:12Z</end></TimeSpan><styleUrl>#point</styleUrl><Point><altitudeMode>clampToGround</altitudeMode><coordinates>18.947178041562438,-33.734633959829807,385.14999999999998</coordinates></Point></Placemark><Placemark><TimeSpan><begin>2020-03-03T14:43:12Z</begin><end>2020-03-03T14:43:13Z</end></TimeSpan><styleUrl>#point</styleUrl><Point><altitudeMode>clampToGround</altitudeMode><coordinates>18.947231015190482,-33.734647035598755,384.18000000000001</coordinates></Point></Placemark><Placemark><TimeSpan><begin>2020-03-03T14:43:13Z</begin><end>2020-03-03T14:43:14Z</end></TimeSpan><styleUrl>#point</styleUrl><Point><altitudeMode>clampToGround</altitudeMode><coordinates>18.947288012132049,-33.734667990356684,384.66000000000003</coordinates></Point></Placemark><Placemark><TimeSpan><begin>2020-03-03T14:43:14Z</begin><end>2020-03-03T14:43:16Z</end></TimeSpan><styleUrl>#point</styleUrl><Point><altitudeMode>clampToGround</altitudeMode><coordinates>18.947401000186801,-33.734716018661857,384.66000000000003</coordinates></Point></Placemark><Placemark><TimeSpan><begin>2020-03-03T14:43:16Z</begin><end>2020-03-03T14:43:28Z</end></TimeSpan><styleUrl>#point</styleUrl><Point><altitudeMode>clampToGround</altitudeMode><coordinates>18.948149001225829,-33.735082978382707,384.66000000000003</coordinates></Point></Placemark><Placemark><TimeSpan><begin>2020-03-03T14:43:28Z</begin><end>2020-03-03T14:43:37Z</end></TimeSpan><styleUrl>#point</styleUrl><Point><altitudeMode>clampToGround</altitudeMode><coordinates>18.948570024222136,-33.73545597307384,386.58999999999997</coordinates></Point></Placemark><Placemark><TimeSpan><begin>2020-03-03T14:43:37Z</begin><end>2020-03-03T14:43:38Z</end></TimeSpan><styleUrl>#point</styleUrl><Point><altitudeMode>clampToGround</altitudeMode><coordinates>18.94860103726387,-33.735510958358645,387.06999999999999</coordinates></Point></Placemark><Placemark><TimeSpan><begin>2020-03-03T14:43:38Z</begin><end>2020-03-03T14:43:39Z</end></TimeSpan><styleUrl>#point</styleUrl><Point><altitudeMode>clampToGround</altitudeMode><coordinates>18.948628026992083,-33.735566027462482,386.11000000000001</coordinates></Point></Placemark><Placemark><TimeSpan><begin>2020-03-03T14:43:39Z</begin><end>2020-03-03T14:43:44Z</end></TimeSpan><styleUrl>#point</styleUrl><Point><altitudeMode>clampToGround</altitudeMode><coordinates>18.948784014210105,-33.735814969986677,383.69999999999999</coordinates></Point></Placemark><Placemark><TimeSpan><begin>2020-03-03T14:43:44Z</begin><end>2020-03-03T14:43:45Z</end></TimeSpan><styleUrl>#point</styleUrl><Point><altitudeMode>clampToGround</altitudeMode><coordinates>18.948831958696246,-33.735851012170315,383.22000000000003</coordinates></Point></Placemark><Placemark><TimeSpan><begin>2020-03-03T14:43:45Z</begin><end>2020-03-03T14:43:46Z</end></TimeSpan><styleUrl>#point</styleUrl><Point><altitudeMode>clampToGround</altitudeMode><coordinates>18.948891973122954,-33.735872972756624,382.74000000000001</coordinates></Point></Placemark><Placemark><TimeSpan><begin>2020-03-03T14:43:46Z</begin><end>2020-03-03T14:43:47Z</end></TimeSpan><styleUrl>#point</styleUrl><Point><altitudeMode>clampToGround</altitudeMode><coordinates>18.948958022519946,-33.735887976363301,382.74000000000001</coordinates></Point></Placemark><Placemark><TimeSpan><begin>2020-03-03T14:43:47Z</begin><end>2020-03-03T14:43:48Z</end></TimeSpan><styleUrl>#point</styleUrl><Point><altitudeMode>clampToGround</altitudeMode><coordinates>18.94903396256268,-33.735890993848443,382.74000000000001</coordinates></Point></Placemark><Placemark><TimeSpan><begin>2020-03-03T14:43:48Z</begin><end>2020-03-03T14:43:49Z</end></TimeSpan><styleUrl>#point</styleUrl><Point><altitudeMode>clampToGround</altitudeMode><coordinates>18.949106968939304,-33.735891999676824,382.74000000000001</coordinates></Point></Placemark><Placemark><TimeSpan><begin>2020-03-03T14:43:49Z</begin><end>2020-03-03T14:43:50Z</end></TimeSpan><styleUrl>#point</styleUrl><Point><altitudeMode>clampToGround</altitudeMode><coordinates>18.949179975315928,-33.735894011333585,382.25999999999999</coordinates></Point></Placemark><Placemark><TimeSpan><begin>2020-03-03T14:43:50Z</begin><end>2020-03-03T14:43:52Z</end></TimeSpan><styleUrl>#point</styleUrl><Point><altitudeMode>clampToGround</altitudeMode><coordinates>18.949327999725938,-33.735881019383669,381.30000000000001</coordinates></Point></Placemark><Placemark><TimeSpan><begin>2020-03-03T14:43:52Z</begin><end>2020-03-03T14:43:53Z</end></TimeSpan><styleUrl>#point</styleUrl><Point><altitudeMode>clampToGround</altitudeMode><coordinates>18.949401006102562,-33.735857969149947,380.33999999999997</coordinates></Point></Placemark><Placemark><TimeSpan><begin>2020-03-03T14:43:53Z</begin><end>2020-03-03T14:43:54Z</end></TimeSpan><styleUrl>#point</styleUrl><Point><altitudeMode>clampToGround</altitudeMode><coordinates>18.949472000822425,-33.735828967764974,379.86000000000001</coordinates></Point></Placemark><Placemark><TimeSpan><begin>2020-03-03T14:43:54Z</begin><end>2020-03-03T14:43:55Z</end></TimeSpan><styleUrl>#point</styleUrl><Point><altitudeMode>clampToGround</altitudeMode><coordinates>18.949535032734275,-33.735794015228748,379.86000000000001</coordinates></Point></Placemark><Placemark><TimeSpan><begin>2020-03-03T14:43:55Z</begin><end>2020-03-03T14:43:56Z</end></TimeSpan><styleUrl>#point</styleUrl><Point><altitudeMode>clampToGround</altitudeMode><coordinates>18.949593035504222,-33.73575696721673,379.38</coordinates></Point></Placemark><Placemark><TimeSpan><begin>2020-03-03T14:43:56Z</begin><end>2020-03-03T14:44:02Z</end></TimeSpan><styleUrl>#point</styleUrl><Point><altitudeMode>clampToGround</altitudeMode><coordinates>18.949925964698195,-33.735484974458814,376.00999999999999</coordinates></Point></Placemark><Placemark><TimeSpan><begin>2020-03-03T14:44:02Z</begin><end>2020-03-03T14:44:03Z</end></TimeSpan><styleUrl>#point</styleUrl><Point><altitudeMode>clampToGround</altitudeMode><coordinates>18.949968041852117,-33.735426971688867,376.00999999999999</coordinates></Point></Placemark><Placemark><TimeSpan><begin>2020-03-03T14:44:03Z</begin><end>2020-03-03T14:44:04Z</end></TimeSpan><styleUrl>#point</styleUrl><Point><altitudeMode>clampToGround</altitudeMode><coordinates>18.950002994388342,-33.7353699747473,375.52999999999997</coordinates></Point></Placemark><Placemark><TimeSpan><begin>2020-03-03T14:44:04Z</begin><end>2020-03-03T14:44:07Z</end></TimeSpan><styleUrl>#point</styleUrl><Point><altitudeMode>clampToGround</altitudeMode><coordinates>18.950089998543262,-33.73523997142911,374.08999999999997</coordinates></Point></Placemark><Placemark><TimeSpan><begin>2020-03-03T14:44:07Z</begin><end>2020-03-03T14:44:08Z</end></TimeSpan><styleUrl>#point</styleUrl><Point><altitudeMode>clampToGround</altitudeMode><coordinates>18.950126962736249,-33.735208036378026,373.61000000000001</coordinates></Point></Placemark><Placemark><TimeSpan><begin>2020-03-03T14:44:08Z</begin><end>2020-03-03T14:44:09Z</end></TimeSpan><styleUrl>#point</styleUrl><Point><altitudeMode>clampToGround</altitudeMode><coordinates>18.95016903989017,-33.735181968659163,373.13</coordinates></Point></Placemark><Placemark><TimeSpan><begin>2020-03-03T14:44:09Z</begin><end>2020-03-03T14:44:10Z</end></TimeSpan><styleUrl>#point</styleUrl><Point><altitudeMode>clampToGround</altitudeMode><coordinates>18.950217990204692,-33.735170988366008,372.64999999999998</coordinates></Point></Placemark><Placemark><TimeSpan><begin>2020-03-03T14:44:10Z</begin><end>2020-03-03T14:44:11Z</end></TimeSpan><styleUrl>#point</styleUrl><Point><altitudeMode>clampToGround</altitudeMode><coordinates>18.950270041823387,-33.735166965052485,372.17000000000002</coordinates></Point></Placemark><Placemark><TimeSpan><begin>2020-03-03T14:44:11Z</begin><end>2020-03-03T14:44:12Z</end></TimeSpan><styleUrl>#point</styleUrl><Point><altitudeMode>clampToGround</altitudeMode><coordinates>18.950323015451431,-33.735167970880866,371.69</coordinates></Point></Placemark><Placemark><TimeSpan><begin>2020-03-03T14:44:12Z</begin><end>2020-03-03T14:44:13Z</end></TimeSpan><styleUrl>#point</styleUrl><Point><altitudeMode>clampToGround</altitudeMode><coordinates>18.950381018221378,-33.73517501167953,370.73000000000002</coordinates></Point></Placemark><Placemark><TimeSpan><begin>2020-03-03T14:44:13Z</begin><end>2020-03-03T14:44:14Z</end></TimeSpan><styleUrl>#point</styleUrl><Point><altitudeMode>clampToGround</altitudeMode><coordinates>18.950437009334564,-33.735184986144304,369.75999999999999</coordinates></Point></Placemark><Placemark><TimeSpan><begin>2020-03-03T14:44:14Z</begin><end>2020-03-03T14:44:15Z</end></TimeSpan><styleUrl>#point</styleUrl><Point><altitudeMode>clampToGround</altitudeMode><coordinates>18.950488977134228,-33.735202001407743,369.75999999999999</coordinates></Point></Placemark><Placemark><TimeSpan><begin>2020-03-03T14:44:15Z</begin><end>2020-03-03T14:44:16Z</end></TimeSpan><styleUrl>#point</styleUrl><Point><altitudeMode>clampToGround</altitudeMode><coordinates>18.950543040409684,-33.735221028327942,369.75999999999999</coordinates></Point></Placemark><Placemark><TimeSpan><begin>2020-03-03T14:44:16Z</begin><end>2020-03-03T14:44:19Z</end></TimeSpan><styleUrl>#point</styleUrl><Point><altitudeMode>clampToGround</altitudeMode><coordinates>18.950701039284468,-33.735284982249141,368.31999999999999</coordinates></Point></Placemark><Placemark><TimeSpan><begin>2020-03-03T14:44:19Z</begin><end>2020-03-03T14:44:20Z</end></TimeSpan><styleUrl>#point</styleUrl><Point><altitudeMode>clampToGround</altitudeMode><coordinates>18.950752001255751,-33.735312977805734,367.83999999999997</coordinates></Point></Placemark><Placemark><TimeSpan><begin>2020-03-03T14:44:20Z</begin><end>2020-03-03T14:44:21Z</end></TimeSpan><styleUrl>#point</styleUrl><Point><altitudeMode>clampToGround</altitudeMode><coordinates>18.950798017904162,-33.735342985019088,367.36000000000001</coordinates></Point></Placemark><Placemark><TimeSpan><begin>2020-03-03T14:44:21Z</begin><end>2020-03-03T14:44:22Z</end></TimeSpan><styleUrl>#point</styleUrl><Point><altitudeMode>clampToGround</altitudeMode><coordinates>18.950839005410671,-33.735377015545964,366.88</coordinates></Point></Placemark><Placemark><TimeSpan><begin>2020-03-03T14:44:22Z</begin><end>2020-03-03T14:44:23Z</end></TimeSpan><styleUrl>#point</styleUrl><Point><altitudeMode>clampToGround</altitudeMode><coordinates>18.950876975432038,-33.735414985567331,366.39999999999998</coordinates></Point></Placemark><Placemark><TimeSpan><begin>2020-03-03T14:44:23Z</begin><end>2020-03-03T14:44:24Z</end></TimeSpan><styleUrl>#point</styleUrl><Point><altitudeMode>clampToGround</altitudeMode><coordinates>18.950913017615676,-33.73545203357935,365.92000000000002</coordinates></Point></Placemark><Placemark><TimeSpan><begin>2020-03-03T14:44:24Z</begin><end>2020-03-03T14:44:26Z</end></TimeSpan><styleUrl>#point</styleUrl><Point><altitudeMode>clampToGround</altitudeMode><coordinates>18.950991975143552,-33.735524034127593,364.95999999999998</coordinates></Point></Placemark><Placemark><TimeSpan><begin>2020-03-03T14:44:26Z</begin><end>2020-03-03T14:44:27Z</end></TimeSpan><styleUrl>#point</styleUrl><Point><altitudeMode>clampToGround</altitudeMode><coordinates>18.951036985963583,-33.735544988885522,364.48000000000002</coordinates></Point></Placemark><Placemark><TimeSpan><begin>2020-03-03T14:44:27Z</begin><end>2020-03-03T14:44:28Z</end></TimeSpan><styleUrl>#point</styleUrl><Point><altitudeMode>clampToGround</altitudeMode><coordinates>18.951086020097136,-33.73556099832058,363.51999999999998</coordinates></Point></Placemark><Placemark><TimeSpan><begin>2020-03-03T14:44:28Z</begin><end>2020-03-03T14:44:29Z</end></TimeSpan><styleUrl>#point</styleUrl><Point><altitudeMode>clampToGround</altitudeMode><coordinates>18.951135976240039,-33.735570972785354,363.04000000000002</coordinates></Point></Placemark><Placemark><TimeSpan><begin>2020-03-03T14:44:29Z</begin><end>2020-03-03T14:44:30Z</end></TimeSpan><styleUrl>#point</styleUrl><Point><altitudeMode>clampToGround</altitudeMode><coordinates>18.951187022030354,-33.735580025240779,363.04000000000002</coordinates></Point></Placemark><Placemark><TimeSpan><begin>2020-03-03T14:44:30Z</begin><end>2020-03-03T14:44:31Z</end></TimeSpan><styleUrl>#point</styleUrl><Point><altitudeMode>clampToGround</altitudeMode><coordinates>18.951239995658398,-33.735587988048792,362.55000000000001</coordinates></Point></Placemark><Placemark><TimeSpan><begin>2020-03-03T14:44:31Z</begin><end>2020-03-03T14:44:42Z</end></TimeSpan><styleUrl>#point</styleUrl><Point><altitudeMode>clampToGround</altitudeMode><coordinates>18.951862016692758,-33.735615983605385,356.31</coordinates></Point></Placemark><Placemark><TimeSpan><begin>2020-03-03T14:44:42Z</begin><end>2020-03-03T14:44:43Z</end></TimeSpan><styleUrl>#point</styleUrl><Point><altitudeMode>clampToGround</altitudeMode><coordinates>18.951917001977563,-33.735606009140611,355.82999999999998</coordinates></Point></Placemark><Placemark><TimeSpan><begin>2020-03-03T14:44:43Z</begin><end>2020-03-03T14:44:52Z</end></TimeSpan><styleUrl>#point</styleUrl><Point><altitudeMode>clampToGround</altitudeMode><coordinates>18.952440032735467,-33.735482040792704,350.06</coordinates></Point></Placemark><Placemark><TimeSpan><begin>2020-03-03T14:44:52Z</begin><end>2020-03-03T14:44:53Z</end></TimeSpan><styleUrl>#point</styleUrl><Point><altitudeMode>clampToGround</altitudeMode><coordinates>18.952499041333795,-33.735478017479181,349.57999999999998</coordinates></Point></Placemark><Placemark><TimeSpan><begin>2020-03-03T14:44:53Z</begin><end>2020-03-03T14:44:54Z</end></TimeSpan><styleUrl>#point</styleUrl><Point><altitudeMode>clampToGround</altitudeMode><coordinates>18.952559977769852,-33.73547600582242,349.10000000000002</coordinates></Point></Placemark><Placemark><TimeSpan><begin>2020-03-03T14:44:54Z</begin><end>2020-03-03T14:44:55Z</end></TimeSpan><styleUrl>#point</styleUrl><Point><altitudeMode>clampToGround</altitudeMode><coordinates>18.952623009681702,-33.735480029135942,348.62</coordinates></Point></Placemark><Placemark><TimeSpan><begin>2020-03-03T14:44:55Z</begin><end>2020-03-03T14:44:56Z</end></TimeSpan><styleUrl>#point</styleUrl><Point><altitudeMode>clampToGround</altitudeMode><coordinates>18.952691992744803,-33.735490003600717,347.64999999999998</coordinates></Point></Placemark><Placemark><TimeSpan><begin>2020-03-03T14:44:56Z</begin><end>2020-03-03T14:44:57Z</end></TimeSpan><styleUrl>#point</styleUrl><Point><altitudeMode>clampToGround</altitudeMode><coordinates>18.952759969979525,-33.735507018864155,347.64999999999998</coordinates></Point></Placemark><Placemark><TimeSpan><begin>2020-03-03T14:44:57Z</begin><end>2020-03-03T14:44:58Z</end></TimeSpan><styleUrl>#point</styleUrl><Point><altitudeMode>clampToGround</altitudeMode><coordinates>18.952827025204897,-33.735526967793703,347.64999999999998</coordinates></Point></Placemark><Placemark><TimeSpan><begin>2020-03-03T14:44:58Z</begin><end>2020-03-03T14:44:59Z</end></TimeSpan><styleUrl>#point</styleUrl><Point><altitudeMode>clampToGround</altitudeMode><coordinates>18.952895002439618,-33.735551023855805,347.17000000000002</coordinates></Point></Placemark><Placemark><TimeSpan><begin>2020-03-03T14:44:59Z</begin><end>2020-03-03T14:45:00Z</end></TimeSpan><styleUrl>#point</styleUrl><Point><altitudeMode>clampToGround</altitudeMode><coordinates>18.952960968017578,-33.735577007755637,347.17000000000002</coordinates></Point></Placemark><Placemark><TimeSpan><begin>2020-03-03T14:45:00Z</begin><end>2020-03-03T14:45:05Z</end></TimeSpan><styleUrl>#point</styleUrl><Point><altitudeMode>clampToGround</altitudeMode><coordinates>18.953266991302371,-33.735714973881841,346.69</coordinates></Point></Placemark><Placemark><TimeSpan><begin>2020-03-03T14:45:05Z</begin><end>2020-03-03T14:45:06Z</end></TimeSpan><styleUrl>#point</styleUrl><Point><altitudeMode>clampToGround</altitudeMode><coordinates>18.953309990465641,-33.735745986923575,346.20999999999998</coordinates></Point></Placemark><Placemark><TimeSpan><begin>2020-03-03T14:45:06Z</begin><end>2020-03-03T14:45:07Z</end></TimeSpan><styleUrl>#point</styleUrl><Point><altitudeMode>clampToGround</altitudeMode><coordinates>18.95335198380053,-33.735783034935594,345.73000000000002</coordinates></Point></Placemark><Placemark><TimeSpan><begin>2020-03-03T14:45:07Z</begin><end>2020-03-03T14:45:08Z</end></TimeSpan><styleUrl>#point</styleUrl><Point><altitudeMode>clampToGround</altitudeMode><coordinates>18.953390037640929,-33.735826034098864,345.25</coordinates></Point></Placemark><Placemark><TimeSpan><begin>2020-03-03T14:45:08Z</begin><end>2020-03-03T14:45:09Z</end></TimeSpan><styleUrl>#point</styleUrl><Point><altitudeMode>clampToGround</altitudeMode><coordinates>18.953423984348774,-33.735873978585005,344.76999999999998</coordinates></Point></Placemark><Placemark><TimeSpan><begin>2020-03-03T14:45:09Z</begin><end>2020-03-03T14:45:10Z</end></TimeSpan><styleUrl>#point</styleUrl><Point><altitudeMode>clampToGround</altitudeMode><coordinates>18.953449968248606,-33.735931981354952,344.29000000000002</coordinates></Point></Placemark><Placemark><TimeSpan><begin>2020-03-03T14:45:10Z</begin><end>2020-03-03T14:45:11Z</end></TimeSpan><styleUrl>#point</styleUrl><Point><altitudeMode>clampToGround</altitudeMode><coordinates>18.953470000997186,-33.735989984124899,343.81</coordinates></Point></Placemark><Placemark><TimeSpan><begin>2020-03-03T14:45:11Z</begin><end>2020-03-03T14:45:12Z</end></TimeSpan><styleUrl>#point</styleUrl><Point><altitudeMode>clampToGround</altitudeMode><coordinates>18.953481987118721,-33.736048992723227,343.32999999999998</coordinates></Point></Placemark><Placemark><TimeSpan><begin>2020-03-03T14:45:12Z</begin><end>2020-03-03T14:45:13Z</end></TimeSpan><styleUrl>#point</styleUrl><Point><altitudeMode>clampToGround</altitudeMode><coordinates>18.953491961583495,-33.736110012978315,342.85000000000002</coordinates></Point></Placemark><Placemark><TimeSpan><begin>2020-03-03T14:45:13Z</begin><end>2020-03-03T14:45:14Z</end></TimeSpan><styleUrl>#point</styleUrl><Point><altitudeMode>clampToGround</altitudeMode><coordinates>18.95350101403892,-33.736170027405024,342.85000000000002</coordinates></Point></Placemark><Placemark><TimeSpan><begin>2020-03-03T14:45:14Z</begin><end>2020-03-03T14:45:27Z</end></TimeSpan><styleUrl>#point</styleUrl><Point><altitudeMode>clampToGround</altitudeMode><coordinates>18.953788010403514,-33.736992962658405,336.12</coordinates></Point></Placemark><Placemark><TimeSpan><begin>2020-03-03T14:45:27Z</begin><end>2020-03-03T14:45:40Z</end></TimeSpan><styleUrl>#point</styleUrl><Point><altitudeMode>clampToGround</altitudeMode><coordinates>18.953899992629886,-33.737662006169558,328.43000000000001</coordinates></Point></Placemark><Placemark><TimeSpan><begin>2020-03-03T14:45:40Z</begin><end>2020-03-03T14:45:54Z</end></TimeSpan><styleUrl>#point</styleUrl><Point><altitudeMode>clampToGround</altitudeMode><coordinates>18.953882977366447,-33.738428028300405,321.69999999999999</coordinates></Point></Placemark><Placemark><TimeSpan><begin>2020-03-03T14:45:54Z</begin><end>2020-03-03T14:46:08Z</end></TimeSpan><styleUrl>#point</styleUrl><Point><altitudeMode>clampToGround</altitudeMode><coordinates>18.953928994014859,-33.739230008795857,314.00999999999999</coordinates></Point></Placemark><Placemark><TimeSpan><begin>2020-03-03T14:46:08Z</begin><end>2020-03-03T14:46:22Z</end></TimeSpan><styleUrl>#point</styleUrl><Point><altitudeMode>clampToGround</altitudeMode><coordinates>18.954171985387802,-33.740032995119691,307.75999999999999</coordinates></Point></Placemark><Placemark><TimeSpan><begin>2020-03-03T14:46:22Z</begin><end>2020-03-03T14:46:23Z</end></TimeSpan><styleUrl>#point</styleUrl><Point><altitudeMode>clampToGround</altitudeMode><coordinates>18.954181037843227,-33.740097032859921,307.27999999999997</coordinates></Point></Placemark><Placemark><TimeSpan><begin>2020-03-03T14:46:23Z</begin><end>2020-03-03T14:46:24Z</end></TimeSpan><styleUrl>#point</styleUrl><Point><altitudeMode>clampToGround</altitudeMode><coordinates>18.954182965680957,-33.740156963467598,307.27999999999997</coordinates></Point></Placemark><Placemark><TimeSpan><begin>2020-03-03T14:46:24Z</begin><end>2020-03-03T14:46:28Z</end></TimeSpan><styleUrl>#point</styleUrl><Point><altitudeMode>clampToGround</altitudeMode><coordinates>18.954153964295983,-33.740384029224515,307.27999999999997</coordinates></Point></Placemark><Placemark><TimeSpan><begin>2020-03-03T14:46:28Z</begin><end>2020-03-03T14:46:29Z</end></TimeSpan><styleUrl>#point</styleUrl><Point><altitudeMode>clampToGround</altitudeMode><coordinates>18.954132003709674,-33.740432979539037,307.27999999999997</coordinates></Point></Placemark><Placemark><TimeSpan><begin>2020-03-03T14:46:29Z</begin><end>2020-03-03T14:46:30Z</end></TimeSpan><styleUrl>#point</styleUrl><Point><altitudeMode>clampToGround</altitudeMode><coordinates>18.954105013981462,-33.740478996187449,306.80000000000001</coordinates></Point></Placemark><Placemark><TimeSpan><begin>2020-03-03T14:46:30Z</begin><end>2020-03-03T14:46:33Z</end></TimeSpan><styleUrl>#point</styleUrl><Point><altitudeMode>clampToGround</altitudeMode><coordinates>18.954022033140063,-33.740621991455555,306.80000000000001</coordinates></Point></Placemark><Placemark><TimeSpan><begin>2020-03-03T14:46:33Z</begin><end>2020-03-03T14:46:37Z</end></TimeSpan><styleUrl>#point</styleUrl><Point><altitudeMode>clampToGround</altitudeMode><coordinates>18.953903010115027,-33.740813015028834,306.80000000000001</coordinates></Point></Placemark><Placemark><TimeSpan><begin>2020-03-03T14:46:37Z</begin><end>2020-03-03T14:46:39Z</end></TimeSpan><styleUrl>#point</styleUrl><Point><altitudeMode>clampToGround</altitudeMode><coordinates>18.953876020386815,-33.740921979770064,306.80000000000001</coordinates></Point></Placemark><Placemark><TimeSpan><begin>2020-03-03T14:46:39Z</begin><end>2020-03-03T14:46:40Z</end></TimeSpan><styleUrl>#point</styleUrl><Point><altitudeMode>clampToGround</altitudeMode><coordinates>18.953873002901673,-33.740980988368392,306.31999999999999</coordinates></Point></Placemark><Placemark><TimeSpan><begin>2020-03-03T14:46:40Z</begin><end>2020-03-03T14:46:41Z</end></TimeSpan><styleUrl>#point</styleUrl><Point><altitudeMode>clampToGround</altitudeMode><coordinates>18.953880965709686,-33.741042008623481,306.31999999999999</coordinates></Point></Placemark><Placemark><TimeSpan><begin>2020-03-03T14:46:41Z</begin><end>2020-03-03T14:46:58Z</end></TimeSpan><styleUrl>#point</styleUrl><Point><altitudeMode>clampToGround</altitudeMode><coordinates>18.95416603423655,-33.742120005190372,307.27999999999997</coordinates></Point></Placemark><Placemark><TimeSpan><begin>2020-03-03T14:46:58Z</begin><end>2020-03-03T14:47:05Z</end></TimeSpan><styleUrl>#point</styleUrl><Point><altitudeMode>clampToGround</altitudeMode><coordinates>18.954241974279284,-33.742599030956626,307.75999999999999</coordinates></Point></Placemark><Placemark><TimeSpan><begin>2020-03-03T14:47:05Z</begin><end>2020-03-03T14:47:06Z</end></TimeSpan><styleUrl>#point</styleUrl><Point><altitudeMode>clampToGround</altitudeMode><coordinates>18.954265024513006,-33.742668014019728,308.24000000000001</coordinates></Point></Placemark><Placemark><TimeSpan><begin>2020-03-03T14:47:06Z</begin><end>2020-03-03T14:47:16Z</end></TimeSpan><styleUrl>#point</styleUrl><Point><altitudeMode>clampToGround</altitudeMode><coordinates>18.9543810300529,-33.743307972326875,308.72000000000003</coordinates></Point></Placemark><Placemark><TimeSpan><begin>2020-03-03T14:47:16Z</begin><end>2020-03-03T14:47:30Z</end></TimeSpan><styleUrl>#point</styleUrl><Point><altitudeMode>clampToGround</altitudeMode><coordinates>18.954313974827528,-33.743917001411319,308.24000000000001</coordinates></Point></Placemark><Placemark><TimeSpan><begin>2020-03-03T14:47:30Z</begin><end>2020-03-03T14:47:42Z</end></TimeSpan><styleUrl>#point</styleUrl><Point><altitudeMode>clampToGround</altitudeMode><coordinates>18.954256977885962,-33.744526030495763,307.27999999999997</coordinates></Point></Placemark><Placemark><TimeSpan><begin>2020-03-03T14:47:42Z</begin><end>2020-03-03T14:47:53Z</end></TimeSpan><styleUrl>#point</styleUrl><Point><altitudeMode>clampToGround</altitudeMode><coordinates>18.954133009538054,-33.745150985196233,308.72000000000003</coordinates></Point></Placemark><Placemark><TimeSpan><begin>2020-03-03T14:47:53Z</begin><end>2020-03-03T14:47:55Z</end></TimeSpan><styleUrl>#point</styleUrl><Point><altitudeMode>clampToGround</altitudeMode><coordinates>18.954121023416519,-33.745265984907746,309.19999999999999</coordinates></Point></Placemark><Placemark><TimeSpan><begin>2020-03-03T14:47:55Z</begin><end>2020-03-03T14:47:56Z</end></TimeSpan><styleUrl>#point</styleUrl><Point><altitudeMode>clampToGround</altitudeMode><coordinates>18.954126974567771,-33.745318036526442,309.19999999999999</coordinates></Point></Placemark><Placemark><TimeSpan><begin>2020-03-03T14:47:56Z</begin><end>2020-03-03T14:48:00Z</end></TimeSpan><styleUrl>#point</styleUrl><Point><altitudeMode>clampToGround</altitudeMode><coordinates>18.954114988446236,-33.745514005422592,309.19999999999999</coordinates></Point></Placemark><Placemark><TimeSpan><begin>2020-03-03T14:48:00Z</begin><end>2020-03-03T14:48:11Z</end></TimeSpan><styleUrl>#point</styleUrl><Point><altitudeMode>clampToGround</altitudeMode><coordinates>18.953709974884987,-33.746167039498687,310.16000000000003</coordinates></Point></Placemark><Placemark><TimeSpan><begin>2020-03-03T14:48:11Z</begin><end>2020-03-03T14:48:16Z</end></TimeSpan><styleUrl>#point</styleUrl><Point><altitudeMode>clampToGround</altitudeMode><coordinates>18.953540995717049,-33.746457975357771,311.12</coordinates></Point></Placemark><Placemark><TimeSpan><begin>2020-03-03T14:48:16Z</begin><end>2020-03-03T14:48:21Z</end></TimeSpan><styleUrl>#point</styleUrl><Point><altitudeMode>clampToGround</altitudeMode><coordinates>18.953438987955451,-33.746720999479294,313.52999999999997</coordinates></Point></Placemark><Placemark><TimeSpan><begin>2020-03-03T14:48:21Z</begin><end>2020-03-03T14:48:22Z</end></TimeSpan><styleUrl>#point</styleUrl><Point><altitudeMode>clampToGround</altitudeMode><coordinates>18.953405041247606,-33.746766010299325,314.00999999999999</coordinates></Point></Placemark><Placemark><TimeSpan><begin>2020-03-03T14:48:22Z</begin><end>2020-03-03T14:48:23Z</end></TimeSpan><styleUrl>#point</styleUrl><Point><altitudeMode>clampToGround</altitudeMode><coordinates>18.953361958265305,-33.746812026947737,314.00999999999999</coordinates></Point></Placemark><Placemark><TimeSpan><begin>2020-03-03T14:48:23Z</begin><end>2020-03-03T14:48:35Z</end></TimeSpan><styleUrl>#point</styleUrl><Point><altitudeMode>clampToGround</altitudeMode><coordinates>18.952841022983193,-33.747457014396787,320.74000000000001</coordinates></Point></Placemark><Placemark><TimeSpan><begin>2020-03-03T14:48:35Z</begin><end>2020-03-03T14:48:37Z</end></TimeSpan><styleUrl>#point</styleUrl><Point><altitudeMode>clampToGround</altitudeMode><coordinates>18.952730968594551,-33.747531026601791,322.18000000000001</coordinates></Point></Placemark><Placemark><TimeSpan><begin>2020-03-03T14:48:37Z</begin><end>2020-03-03T14:48:40Z</end></TimeSpan><styleUrl>#point</styleUrl><Point><altitudeMode>clampToGround</altitudeMode><coordinates>18.95255696028471,-33.747619036585093,324.10000000000002</coordinates></Point></Placemark><Placemark><TimeSpan><begin>2020-03-03T14:48:40Z</begin><end>2020-03-03T14:48:41Z</end></TimeSpan><styleUrl>#point</styleUrl><Point><altitudeMode>clampToGround</altitudeMode><coordinates>18.952493006363511,-33.74763697385788,324.57999999999998</coordinates></Point></Placemark><Placemark><TimeSpan><begin>2020-03-03T14:48:41Z</begin><end>2020-03-03T14:48:44Z</end></TimeSpan><styleUrl>#point</styleUrl><Point><altitudeMode>clampToGround</altitudeMode><coordinates>18.952321009710431,-33.747715009376407,326.5</coordinates></Point></Placemark><Placemark><TimeSpan><begin>2020-03-03T14:48:44Z</begin><end>2020-03-03T14:48:47Z</end></TimeSpan><styleUrl>#point</styleUrl><Point><altitudeMode>clampToGround</altitudeMode><coordinates>18.952153958380222,-33.747817017138004,326.99000000000001</coordinates></Point></Placemark><Placemark><TimeSpan><begin>2020-03-03T14:48:47Z</begin><end>2020-03-03T14:48:51Z</end></TimeSpan><styleUrl>#point</styleUrl><Point><altitudeMode>clampToGround</altitudeMode><coordinates>18.951934017241001,-33.747987002134323,329.38999999999999</coordinates></Point></Placemark><Placemark><TimeSpan><begin>2020-03-03T14:48:51Z</begin><end>2020-03-03T14:48:53Z</end></TimeSpan><styleUrl>#point</styleUrl><Point><altitudeMode>clampToGround</altitudeMode><coordinates>18.951864028349519,-33.748080963268876,330.82999999999998</coordinates></Point></Placemark><Placemark><TimeSpan><begin>2020-03-03T14:48:53Z</begin><end>2020-03-03T14:48:54Z</end></TimeSpan><styleUrl>#point</styleUrl><Point><altitudeMode>clampToGround</altitudeMode><coordinates>18.951851036399603,-33.748132009059191,331.79000000000002</coordinates></Point></Placemark><Placemark><TimeSpan><begin>2020-03-03T14:48:54Z</begin><end>2020-03-03T14:48:55Z</end></TimeSpan><styleUrl>#point</styleUrl><Point><altitudeMode>clampToGround</altitudeMode><coordinates>18.951852964237332,-33.74819403514266,332.26999999999998</coordinates></Point></Placemark><Placemark><TimeSpan><begin>2020-03-03T14:48:55Z</begin><end>2020-03-03T14:48:56Z</end></TimeSpan><styleUrl>#point</styleUrl><Point><altitudeMode>clampToGround</altitudeMode><coordinates>18.951857993379235,-33.74823896214366,332.75</coordinates></Point></Placemark><Placemark><TimeSpan><begin>2020-03-03T14:48:56Z</begin><end>2020-03-03T14:48:57Z</end></TimeSpan><styleUrl>#point</styleUrl><Point><altitudeMode>clampToGround</altitudeMode><coordinates>18.951885988935828,-33.748283972963691,333.23000000000002</coordinates></Point></Placemark><Placemark><TimeSpan><begin>2020-03-03T14:48:57Z</begin><end>2020-03-03T14:48:58Z</end></TimeSpan><styleUrl>#point</styleUrl><Point><altitudeMode>clampToGround</altitudeMode><coordinates>18.951922031119466,-33.748327977955341,333.70999999999998</coordinates></Point></Placemark><Placemark><TimeSpan><begin>2020-03-03T14:48:58Z</begin><end>2020-03-03T14:48:59Z</end></TimeSpan><styleUrl>#point</styleUrl><Point><altitudeMode>clampToGround</altitudeMode><coordinates>18.951970981433988,-33.74836896546185,333.23000000000002</coordinates></Point></Placemark><Placemark><TimeSpan><begin>2020-03-03T14:48:59Z</begin><end>2020-03-03T14:49:00Z</end></TimeSpan><styleUrl>#point</styleUrl><Point><altitudeMode>clampToGround</altitudeMode><coordinates>18.952012974768877,-33.748394027352333,333.23000000000002</coordinates></Point></Placemark><Placemark><TimeSpan><begin>2020-03-03T14:49:00Z</begin><end>2020-03-03T14:49:01Z</end></TimeSpan><styleUrl>#point</styleUrl><Point><altitudeMode>clampToGround</altitudeMode><coordinates>18.952049016952515,-33.748416993767023,332.26999999999998</coordinates></Point></Placemark><Placemark><TimeSpan><begin>2020-03-03T14:49:01Z</begin><end>2020-03-03T14:49:04Z</end></TimeSpan><styleUrl>#point</styleUrl><Point><altitudeMode>clampToGround</altitudeMode><coordinates>18.952155970036983,-33.748525958508253,329.87</coordinates></Point></Placemark><Placemark><TimeSpan><begin>2020-03-03T14:49:04Z</begin><end>2020-03-03T14:49:05Z</end></TimeSpan><styleUrl>#point</styleUrl><Point><altitudeMode>clampToGround</altitudeMode><coordinates>18.952184971421957,-33.748574992641807,329.87</coordinates></Point></Placemark><Placemark><TimeSpan><begin>2020-03-03T14:49:05Z</begin><end>2020-03-03T14:49:06Z</end></TimeSpan><styleUrl>#point</styleUrl><Point><altitudeMode>clampToGround</altitudeMode><coordinates>18.952200980857015,-33.748628972098231,329.38999999999999</coordinates></Point></Placemark><Placemark><TimeSpan><begin>2020-03-03T14:49:06Z</begin><end>2020-03-03T14:49:07Z</end></TimeSpan><styleUrl>#point</styleUrl><Point><altitudeMode>clampToGround</altitudeMode><coordinates>18.952220007777214,-33.748677000403404,329.38999999999999</coordinates></Point></Placemark><Placemark><TimeSpan><begin>2020-03-03T14:49:07Z</begin><end>2020-03-03T14:49:08Z</end></TimeSpan><styleUrl>#point</styleUrl><Point><altitudeMode>clampToGround</altitudeMode><coordinates>18.952225958928466,-33.748739026486874,328.91000000000003</coordinates></Point></Placemark><Placemark><TimeSpan><begin>2020-03-03T14:49:08Z</begin><end>2020-03-03T14:49:09Z</end></TimeSpan><styleUrl>#point</styleUrl><Point><altitudeMode>clampToGround</altitudeMode><coordinates>18.95223299972713,-33.74879501760006,326.99000000000001</coordinates></Point></Placemark><Placemark><TimeSpan><begin>2020-03-03T14:49:09Z</begin><end>2020-03-03T14:49:10Z</end></TimeSpan><styleUrl>#point</styleUrl><Point><altitudeMode>clampToGround</altitudeMode><coordinates>18.952239034697413,-33.748862994834781,326.01999999999998</coordinates></Point></Placemark><Placemark><TimeSpan><begin>2020-03-03T14:49:10Z</begin><end>2020-03-03T14:49:24Z</end></TimeSpan><styleUrl>#point</styleUrl><Point><altitudeMode>clampToGround</altitudeMode><coordinates>18.952183965593576,-33.749747034162283,321.22000000000003</coordinates></Point></Placemark><Placemark><TimeSpan><begin>2020-03-03T14:49:24Z</begin><end>2020-03-03T14:49:36Z</end></TimeSpan><styleUrl>#point</styleUrl><Point><altitudeMode>clampToGround</altitudeMode><coordinates>18.951735030859709,-33.750416999682784,319.30000000000001</coordinates></Point></Placemark><Placemark><TimeSpan><begin>2020-03-03T14:49:36Z</begin><end>2020-03-03T14:49:42Z</end></TimeSpan><styleUrl>#point</styleUrl><Point><altitudeMode>clampToGround</altitudeMode><coordinates>18.951419033110142,-33.750769961625338,318.81</coordinates></Point></Placemark><Placemark><TimeSpan><begin>2020-03-03T14:49:42Z</begin><end>2020-03-03T14:49:50Z</end></TimeSpan><styleUrl>#point</styleUrl><Point><altitudeMode>clampToGround</altitudeMode><coordinates>18.950962973758578,-33.751152008771896,319.30000000000001</coordinates></Point></Placemark><Placemark><TimeSpan><begin>2020-03-03T14:49:50Z</begin><end>2020-03-03T14:49:51Z</end></TimeSpan><styleUrl>#point</styleUrl><Point><altitudeMode>clampToGround</altitudeMode><coordinates>18.950892984867096,-33.751192996278405,319.30000000000001</coordinates></Point></Placemark><Placemark><TimeSpan><begin>2020-03-03T14:49:51Z</begin><end>2020-03-03T14:49:54Z</end></TimeSpan><styleUrl>#point</styleUrl><Point><altitudeMode>clampToGround</altitudeMode><coordinates>18.950697015970945,-33.751295004040003,318.81</coordinates></Point></Placemark><Placemark><TimeSpan><begin>2020-03-03T14:49:54Z</begin><end>2020-03-03T14:49:55Z</end></TimeSpan><styleUrl>#point</styleUrl><Point><altitudeMode>clampToGround</altitudeMode><coordinates>18.95064496435225,-33.751338003203273,318.81</coordinates></Point></Placemark><Placemark><TimeSpan><begin>2020-03-03T14:49:55Z</begin><end>2020-03-03T14:49:56Z</end></TimeSpan><styleUrl>#point</styleUrl><Point><altitudeMode>clampToGround</altitudeMode><coordinates>18.95060196518898,-33.751387037336826,319.30000000000001</coordinates></Point></Placemark><Placemark><TimeSpan><begin>2020-03-03T14:49:56Z</begin><end>2020-03-03T14:49:57Z</end></TimeSpan><styleUrl>#point</styleUrl><Point><altitudeMode>clampToGround</altitudeMode><coordinates>18.950569024309516,-33.751444034278393,319.77999999999997</coordinates></Point></Placemark><Placemark><TimeSpan><begin>2020-03-03T14:49:57Z</begin><end>2020-03-03T14:49:58Z</end></TimeSpan><styleUrl>#point</styleUrl><Point><altitudeMode>clampToGround</altitudeMode><coordinates>18.950543040409684,-33.751507988199592,320.25999999999999</coordinates></Point></Placemark><Placemark><TimeSpan><begin>2020-03-03T14:49:58Z</begin><end>2020-03-03T14:49:59Z</end></TimeSpan><styleUrl>#point</styleUrl><Point><altitudeMode>clampToGround</altitudeMode><coordinates>18.950517978519201,-33.751570014283061,320.25999999999999</coordinates></Point></Placemark><Placemark><TimeSpan><begin>2020-03-03T14:49:59Z</begin><end>2020-03-03T14:50:01Z</end></TimeSpan><styleUrl>#point</styleUrl><Point><altitudeMode>clampToGround</altitudeMode><coordinates>18.950482020154595,-33.751681996509433,320.74000000000001</coordinates></Point></Placemark><Placemark><TimeSpan><begin>2020-03-03T14:50:01Z</begin><end>2020-03-03T14:50:02Z</end></TimeSpan><styleUrl>#point</styleUrl><Point><altitudeMode>clampToGround</altitudeMode><coordinates>18.950490988790989,-33.751732036471367,320.74000000000001</coordinates></Point></Placemark><Placemark><TimeSpan><begin>2020-03-03T14:50:02Z</begin><end>2020-03-03T14:50:03Z</end></TimeSpan><styleUrl>#point</styleUrl><Point><altitudeMode>clampToGround</altitudeMode><coordinates>18.950512027367949,-33.751767994835973,319.77999999999997</coordinates></Point></Placemark><Placemark><TimeSpan><begin>2020-03-03T14:50:03Z</begin><end>2020-03-03T14:50:04Z</end></TimeSpan><styleUrl>#point</styleUrl><Point><altitudeMode>clampToGround</altitudeMode><coordinates>18.950555026531219,-33.75180596485734,319.77999999999997</coordinates></Point></Placemark><Placemark><TimeSpan><begin>2020-03-03T14:50:04Z</begin><end>2020-03-03T14:50:05Z</end></TimeSpan><styleUrl>#point</styleUrl><Point><altitudeMode>clampToGround</altitudeMode><coordinates>18.950600037351251,-33.751834966242313,319.30000000000001</coordinates></Point></Placemark><Placemark><TimeSpan><begin>2020-03-03T14:50:05Z</begin><end>2020-03-03T14:50:06Z</end></TimeSpan><styleUrl>#point</styleUrl><Point><altitudeMode>clampToGround</altitudeMode><coordinates>18.950661979615688,-33.75187000259757,318.81</coordinates></Point></Placemark><Placemark><TimeSpan><begin>2020-03-03T14:50:06Z</begin><end>2020-03-03T14:50:21Z</end></TimeSpan><styleUrl>#point</styleUrl><Point><altitudeMode>clampToGround</altitudeMode><coordinates>18.951679961755872,-33.752425974234939,306.80000000000001</coordinates></Point></Placemark><Placemark><TimeSpan><begin>2020-03-03T14:50:21Z</begin><end>2020-03-03T14:50:33Z</end></TimeSpan><styleUrl>#point</styleUrl><Point><altitudeMode>clampToGround</altitudeMode><coordinates>18.952198969200253,-33.753028968349099,301.99000000000001</coordinates></Point></Placemark><Placemark><TimeSpan><begin>2020-03-03T14:50:33Z</begin><end>2020-03-03T14:50:50Z</end></TimeSpan><styleUrl>#point</styleUrl><Point><altitudeMode>clampToGround</altitudeMode><coordinates>18.952540028840303,-33.75408198684454,289.97000000000003</coordinates></Point></Placemark><Placemark><TimeSpan><begin>2020-03-03T14:50:50Z</begin><end>2020-03-03T14:51:01Z</end></TimeSpan><styleUrl>#point</styleUrl><Point><altitudeMode>clampToGround</altitudeMode><coordinates>18.952371971681714,-33.754634018987417,289.49000000000001</coordinates></Point></Placemark><Placemark><TimeSpan><begin>2020-03-03T14:51:01Z</begin><end>2020-03-03T14:51:10Z</end></TimeSpan><styleUrl>#point</styleUrl><Point><altitudeMode>clampToGround</altitudeMode><coordinates>18.951936028897762,-33.755213962867856,290.94</coordinates></Point></Placemark><Placemark><TimeSpan><begin>2020-03-03T14:51:10Z</begin><end>2020-03-03T14:51:21Z</end></TimeSpan><styleUrl>#point</styleUrl><Point><altitudeMode>clampToGround</altitudeMode><coordinates>18.951366981491446,-33.755797008052468,289.00999999999999</coordinates></Point></Placemark><Placemark><TimeSpan><begin>2020-03-03T14:51:21Z</begin><end>2020-03-03T14:51:22Z</end></TimeSpan><styleUrl>#point</styleUrl><Point><altitudeMode>clampToGround</altitudeMode><coordinates>18.951319037005305,-33.755854004994035,289.00999999999999</coordinates></Point></Placemark><Placemark><TimeSpan><begin>2020-03-03T14:51:22Z</begin><end>2020-03-03T14:51:31Z</end></TimeSpan><styleUrl>#point</styleUrl><Point><altitudeMode>clampToGround</altitudeMode><coordinates>18.950927015393972,-33.756464039906859,285.64999999999998</coordinates></Point></Placemark><Placemark><TimeSpan><begin>2020-03-03T14:51:31Z</begin><end>2020-03-03T14:51:32Z</end></TimeSpan><styleUrl>#point</styleUrl><Point><altitudeMode>clampToGround</altitudeMode><coordinates>18.950893990695477,-33.756534028798342,284.69</coordinates></Point></Placemark><Placemark><TimeSpan><begin>2020-03-03T14:51:32Z</begin><end>2020-03-03T14:51:39Z</end></TimeSpan><styleUrl>#point</styleUrl><Point><altitudeMode>clampToGround</altitudeMode><coordinates>18.950795000419021,-33.756986986845732,279.88</coordinates></Point></Placemark><Placemark><TimeSpan><begin>2020-03-03T14:51:39Z</begin><end>2020-03-03T14:51:40Z</end></TimeSpan><styleUrl>#point</styleUrl><Point><altitudeMode>clampToGround</altitudeMode><coordinates>18.950801035389304,-33.75704700127244,278.92000000000002</coordinates></Point></Placemark><Placemark><TimeSpan><begin>2020-03-03T14:51:40Z</begin><end>2020-03-03T14:51:44Z</end></TimeSpan><styleUrl>#point</styleUrl><Point><altitudeMode>clampToGround</altitudeMode><coordinates>18.950841017067432,-33.757274989038706,276.51999999999998</coordinates></Point></Placemark><Placemark><TimeSpan><begin>2020-03-03T14:51:44Z</begin><end>2020-03-03T14:51:45Z</end></TimeSpan><styleUrl>#point</styleUrl><Point><altitudeMode>clampToGround</altitudeMode><coordinates>18.950845962390304,-33.757327040657401,276.51999999999998</coordinates></Point></Placemark><Placemark><TimeSpan><begin>2020-03-03T14:51:45Z</begin><end>2020-03-03T14:51:46Z</end></TimeSpan><styleUrl>#point</styleUrl><Point><altitudeMode>clampToGround</altitudeMode><coordinates>18.950837999582291,-33.757376996800303,276.04000000000002</coordinates></Point></Placemark><Placemark><TimeSpan><begin>2020-03-03T14:51:46Z</begin><end>2020-03-03T14:51:47Z</end></TimeSpan><styleUrl>#point</styleUrl><Point><altitudeMode>clampToGround</altitudeMode><coordinates>18.950820984318852,-33.757429970428348,276.04000000000002</coordinates></Point></Placemark><Placemark><TimeSpan><begin>2020-03-03T14:51:47Z</begin><end>2020-03-03T14:51:48Z</end></TimeSpan><styleUrl>#point</styleUrl><Point><altitudeMode>clampToGround</altitudeMode><coordinates>18.950792988762259,-33.757484033703804,275.56</coordinates></Point></Placemark><Placemark><TimeSpan><begin>2020-03-03T14:51:48Z</begin><end>2020-03-03T14:51:49Z</end></TimeSpan><styleUrl>#point</styleUrl><Point><altitudeMode>clampToGround</altitudeMode><coordinates>18.950752001255751,-33.757532984018326,275.06999999999999</coordinates></Point></Placemark><Placemark><TimeSpan><begin>2020-03-03T14:51:49Z</begin><end>2020-03-03T14:51:50Z</end></TimeSpan><styleUrl>#point</styleUrl><Point><altitudeMode>clampToGround</altitudeMode><coordinates>18.950699027627707,-33.757576989009976,275.06999999999999</coordinates></Point></Placemark><Placemark><TimeSpan><begin>2020-03-03T14:51:50Z</begin><end>2020-03-03T14:51:51Z</end></TimeSpan><styleUrl>#point</styleUrl><Point><altitudeMode>clampToGround</altitudeMode><coordinates>18.950637001544237,-33.757613031193614,274.58999999999997</coordinates></Point></Placemark><Placemark><TimeSpan><begin>2020-03-03T14:51:51Z</begin><end>2020-03-03T14:51:52Z</end></TimeSpan><styleUrl>#point</styleUrl><Point><altitudeMode>clampToGround</altitudeMode><coordinates>18.950563995167613,-33.757640020921826,274.58999999999997</coordinates></Point></Placemark><Placemark><TimeSpan><begin>2020-03-03T14:51:52Z</begin><end>2020-03-03T14:51:53Z</end></TimeSpan><styleUrl>#point</styleUrl><Point><altitudeMode>clampToGround</altitudeMode><coordinates>18.95049300044775,-33.757660975679755,274.11000000000001</coordinates></Point></Placemark><Placemark><TimeSpan><begin>2020-03-03T14:51:53Z</begin><end>2020-03-03T14:51:54Z</end></TimeSpan><styleUrl>#point</styleUrl><Point><altitudeMode>clampToGround</altitudeMode><coordinates>18.950415970757604,-33.757677990943193,274.11000000000001</coordinates></Point></Placemark><Placemark><TimeSpan><begin>2020-03-03T14:51:54Z</begin><end>2020-03-03T14:51:55Z</end></TimeSpan><styleUrl>#point</styleUrl><Point><altitudeMode>clampToGround</altitudeMode><coordinates>18.950331984087825,-33.75769299454987,273.63</coordinates></Point></Placemark><Placemark><TimeSpan><begin>2020-03-03T14:51:55Z</begin><end>2020-03-03T14:52:09Z</end></TimeSpan><styleUrl>#point</styleUrl><Point><altitudeMode>clampToGround</altitudeMode><coordinates>18.949167989194393,-33.757826015353203,267.86000000000001</coordinates></Point></Placemark><Placemark><TimeSpan><begin>2020-03-03T14:52:09Z</begin><end>2020-03-03T14:52:13Z</end></TimeSpan><styleUrl>#point</styleUrl><Point><altitudeMode>clampToGround</altitudeMode><coordinates>18.9488619659096,-33.757814029231668,264.98000000000002</coordinates></Point></Placemark><Placemark><TimeSpan><begin>2020-03-03T14:52:13Z</begin><end>2020-03-03T14:52:25Z</end></TimeSpan><styleUrl>#point</styleUrl><Point><altitudeMode>clampToGround</altitudeMode><coordinates>18.947984967380762,-33.757715960964561,256.32999999999998</coordinates></Point></Placemark><Placemark><TimeSpan><begin>2020-03-03T14:52:25Z</begin><end>2020-03-03T14:52:29Z</end></TimeSpan><styleUrl>#point</styleUrl><Point><altitudeMode>clampToGround</altitudeMode><coordinates>18.947741976007819,-33.757638009265065,252.96000000000001</coordinates></Point></Placemark><Placemark><TimeSpan><begin>2020-03-03T14:52:29Z</begin><end>2020-03-03T14:52:39Z</end></TimeSpan><styleUrl>#point</styleUrl><Point><altitudeMode>clampToGround</altitudeMode><coordinates>18.947447016835213,-33.757514040917158,252</coordinates></Point></Placemark><Placemark><TimeSpan><begin>2020-03-03T14:52:39Z</begin><end>2020-03-03T14:53:12Z</end></TimeSpan><styleUrl>#point</styleUrl><Point><altitudeMode>clampToGround</altitudeMode><coordinates>18.947369987145066,-33.757515968754888,256.32999999999998</coordinates></Point></Placemark><Placemark><TimeSpan><begin>2020-03-03T14:53:12Z</begin><end>2020-03-03T14:53:13Z</end></TimeSpan><styleUrl>#point</styleUrl><Point><altitudeMode>clampToGround</altitudeMode><coordinates>18.947349032387137,-33.757549999281764,256.32999999999998</coordinates></Point></Placemark><Placemark><TimeSpan><begin>2020-03-03T14:53:13Z</begin><end>2020-03-03T14:53:22Z</end></TimeSpan><styleUrl>#point</styleUrl><Point><altitudeMode>clampToGround</altitudeMode><coordinates>18.946930021047592,-33.758031958714128,256.81</coordinates></Point></Placemark><Placemark><TimeSpan><begin>2020-03-03T14:53:22Z</begin><end>2020-03-03T14:53:27Z</end></TimeSpan><styleUrl>#point</styleUrl><Point><altitudeMode>clampToGround</altitudeMode><coordinates>18.946719970554113,-33.758300011977553,257.76999999999998</coordinates></Point></Placemark><Placemark><TimeSpan><begin>2020-03-03T14:53:27Z</begin><end>2020-03-03T14:53:28Z</end></TimeSpan><styleUrl>#point</styleUrl><Point><altitudeMode>clampToGround</altitudeMode><coordinates>18.946709996089339,-33.758362960070372,258.25</coordinates></Point></Placemark><Placemark><TimeSpan><begin>2020-03-03T14:53:28Z</begin><end>2020-03-03T14:53:29Z</end></TimeSpan><styleUrl>#point</styleUrl><Point><altitudeMode>clampToGround</altitudeMode><coordinates>18.946708990260959,-33.758429009467363,258.73000000000002</coordinates></Point></Placemark><Placemark><TimeSpan><begin>2020-03-03T14:53:29Z</begin><end>2020-03-03T14:53:30Z</end></TimeSpan><styleUrl>#point</styleUrl><Point><altitudeMode>clampToGround</altitudeMode><coordinates>18.94671100191772,-33.758494975045323,259.20999999999998</coordinates></Point></Placemark><Placemark><TimeSpan><begin>2020-03-03T14:53:30Z</begin><end>2020-03-03T14:53:31Z</end></TimeSpan><styleUrl>#point</styleUrl><Point><altitudeMode>clampToGround</altitudeMode><coordinates>18.946720976382494,-33.758567981421947,260.17000000000002</coordinates></Point></Placemark><Placemark><TimeSpan><begin>2020-03-03T14:53:31Z</begin><end>2020-03-03T14:53:32Z</end></TimeSpan><styleUrl>#point</styleUrl><Point><altitudeMode>clampToGround</altitudeMode><coordinates>18.946737991645932,-33.758648028597236,261.13999999999999</coordinates></Point></Placemark><Placemark><TimeSpan><begin>2020-03-03T14:53:32Z</begin><end>2020-03-03T14:53:44Z</end></TimeSpan><styleUrl>#point</styleUrl><Point><altitudeMode>clampToGround</altitudeMode><coordinates>18.946689963340759,-33.75953902490437,268.35000000000002</coordinates></Point></Placemark><Placemark><TimeSpan><begin>2020-03-03T14:53:44Z</begin><end>2020-03-03T14:53:48Z</end></TimeSpan><styleUrl>#point</styleUrl><Point><altitudeMode>clampToGround</altitudeMode><coordinates>18.946524001657963,-33.75979601405561,270.26999999999998</coordinates></Point></Placemark><Placemark><TimeSpan><begin>2020-03-03T14:53:48Z</begin><end>2020-03-03T14:53:49Z</end></TimeSpan><styleUrl>#point</styleUrl><Point><altitudeMode>clampToGround</altitudeMode><coordinates>18.946468010544777,-33.759847981855273,270.75</coordinates></Point></Placemark><Placemark><TimeSpan><begin>2020-03-03T14:53:49Z</begin><end>2020-03-03T14:53:50Z</end></TimeSpan><styleUrl>#point</styleUrl><Point><altitudeMode>clampToGround</altitudeMode><coordinates>18.946415036916733,-33.759895004332066,271.23000000000002</coordinates></Point></Placemark><Placemark><TimeSpan><begin>2020-03-03T14:53:50Z</begin><end>2020-03-03T14:53:51Z</end></TimeSpan><styleUrl>#point</styleUrl><Point><altitudeMode>clampToGround</altitudeMode><coordinates>18.946358039975166,-33.759933980181813,271.23000000000002</coordinates></Point></Placemark><Placemark><TimeSpan><begin>2020-03-03T14:53:51Z</begin><end>2020-03-03T14:53:52Z</end></TimeSpan><styleUrl>#point</styleUrl><Point><altitudeMode>clampToGround</altitudeMode><coordinates>18.946298025548458,-33.759971028193831,271.23000000000002</coordinates></Point></Placemark><Placemark><TimeSpan><begin>2020-03-03T14:53:52Z</begin><end>2020-03-03T14:53:53Z</end></TimeSpan><styleUrl>#point</styleUrl><Point><altitudeMode>clampToGround</altitudeMode><coordinates>18.946229964494705,-33.760003969073296,271.23000000000002</coordinates></Point></Placemark><Placemark><TimeSpan><begin>2020-03-03T14:53:53Z</begin><end>2020-03-03T14:53:54Z</end></TimeSpan><styleUrl>#point</styleUrl><Point><altitudeMode>clampToGround</altitudeMode><coordinates>18.946157963946462,-33.760039005428553,271.23000000000002</coordinates></Point></Placemark><Placemark><TimeSpan><begin>2020-03-03T14:53:54Z</begin><end>2020-03-03T14:54:07Z</end></TimeSpan><styleUrl>#point</styleUrl><Point><altitudeMode>clampToGround</altitudeMode><coordinates>18.945098994299769,-33.760401019826531,269.79000000000002</coordinates></Point></Placemark><Placemark><TimeSpan><begin>2020-03-03T14:54:07Z</begin><end>2020-03-03T14:54:27Z</end></TimeSpan><styleUrl>#point</styleUrl><Point><altitudeMode>clampToGround</altitudeMode><coordinates>18.943619001656771,-33.760839980095625,271.70999999999998</coordinates></Point></Placemark><Placemark><TimeSpan><begin>2020-03-03T14:54:27Z</begin><end>2020-03-03T14:54:33Z</end></TimeSpan><styleUrl>#point</styleUrl><Point><altitudeMode>clampToGround</altitudeMode><coordinates>18.943385984748602,-33.760985992848873,266.89999999999998</coordinates></Point></Placemark><Placemark><TimeSpan><begin>2020-03-03T14:54:33Z</begin><end>2020-03-03T14:54:40Z</end></TimeSpan><styleUrl>#point</styleUrl><Point><altitudeMode>clampToGround</altitudeMode><coordinates>18.94312103278935,-33.761266032233834,262.10000000000002</coordinates></Point></Placemark><Placemark><TimeSpan><begin>2020-03-03T14:54:40Z</begin><end>2020-03-03T14:54:41Z</end></TimeSpan><styleUrl>#point</styleUrl><Point><altitudeMode>clampToGround</altitudeMode><coordinates>18.943095970898867,-33.761306013911963,262.10000000000002</coordinates></Point></Placemark><Placemark><TimeSpan><begin>2020-03-03T14:54:41Z</begin><end>2020-03-03T14:54:42Z</end></TimeSpan><styleUrl>#point</styleUrl><Point><altitudeMode>clampToGround</altitudeMode><coordinates>18.943093959242105,-33.761357981711626,262.10000000000002</coordinates></Point></Placemark><Placemark><TimeSpan><begin>2020-03-03T14:54:42Z</begin><end>2020-03-03T14:54:43Z</end></TimeSpan><styleUrl>#point</styleUrl><Point><altitudeMode>clampToGround</altitudeMode><coordinates>18.943079961463809,-33.761397963389754,262.10000000000002</coordinates></Point></Placemark><Placemark><TimeSpan><begin>2020-03-03T14:54:43Z</begin><end>2020-03-03T14:54:44Z</end></TimeSpan><styleUrl>#point</styleUrl><Point><altitudeMode>clampToGround</altitudeMode><coordinates>18.943073004484177,-33.761444985866547,262.10000000000002</coordinates></Point></Placemark><Placemark><TimeSpan><begin>2020-03-03T14:54:44Z</begin><end>2020-03-03T14:54:45Z</end></TimeSpan><styleUrl>#point</styleUrl><Point><altitudeMode>clampToGround</altitudeMode><coordinates>18.943068981170654,-33.7614940200001,262.10000000000002</coordinates></Point></Placemark><Placemark><TimeSpan><begin>2020-03-03T14:54:45Z</begin><end>2020-03-03T14:54:46Z</end></TimeSpan><styleUrl>#point</styleUrl><Point><altitudeMode>clampToGround</altitudeMode><coordinates>18.943077027797699,-33.761542970314622,262.10000000000002</coordinates></Point></Placemark><Placemark><TimeSpan><begin>2020-03-03T14:54:46Z</begin><end>2020-03-03T14:54:47Z</end></TimeSpan><styleUrl>#point</styleUrl><Point><altitudeMode>clampToGround</altitudeMode><coordinates>18.943091025575995,-33.761590998619795,262.10000000000002</coordinates></Point></Placemark><Placemark><TimeSpan><begin>2020-03-03T14:54:47Z</begin><end>2020-03-03T14:54:49Z</end></TimeSpan><styleUrl>#point</styleUrl><Point><altitudeMode>clampToGround</altitudeMode><coordinates>18.943140981718898,-33.761701975017786,262.57999999999998</coordinates></Point></Placemark><Placemark><TimeSpan><begin>2020-03-03T14:54:49Z</begin><end>2020-03-03T14:54:58Z</end></TimeSpan><styleUrl>#point</styleUrl><Point><altitudeMode>clampToGround</altitudeMode><coordinates>18.943603998050094,-33.762360038235784,268.35000000000002</coordinates></Point></Placemark><Placemark><TimeSpan><begin>2020-03-03T14:54:58Z</begin><end>2020-03-03T14:55:12Z</end></TimeSpan><styleUrl>#point</styleUrl><Point><altitudeMode>clampToGround</altitudeMode><coordinates>18.944474039599299,-33.763315994292498,275.56</coordinates></Point></Placemark><Placemark><TimeSpan><begin>2020-03-03T14:55:12Z</begin><end>2020-03-03T14:55:21Z</end></TimeSpan><styleUrl>#point</styleUrl><Point><altitudeMode>clampToGround</altitudeMode><coordinates>18.945242995396256,-33.763929968699813,278.44</coordinates></Point></Placemark><Placemark><TimeSpan><begin>2020-03-03T14:55:21Z</begin><end>2020-03-03T14:55:22Z</end></TimeSpan><styleUrl>#point</styleUrl><Point><altitudeMode>clampToGround</altitudeMode><coordinates>18.945316001772881,-33.763960981741548,278.92000000000002</coordinates></Point></Placemark><Placemark><TimeSpan><begin>2020-03-03T14:55:22Z</begin><end>2020-03-03T14:55:23Z</end></TimeSpan><styleUrl>#point</styleUrl><Point><altitudeMode>clampToGround</altitudeMode><coordinates>18.945391019806266,-33.763979002833366,278.92000000000002</coordinates></Point></Placemark><Placemark><TimeSpan><begin>2020-03-03T14:55:23Z</begin><end>2020-03-03T14:55:25Z</end></TimeSpan><styleUrl>#point</styleUrl><Point><altitudeMode>clampToGround</altitudeMode><coordinates>18.945556981489062,-33.764034993946552,278.92000000000002</coordinates></Point></Placemark><Placemark><TimeSpan><begin>2020-03-03T14:55:25Z</begin><end>2020-03-03T14:55:26Z</end></TimeSpan><styleUrl>#point</styleUrl><Point><altitudeMode>clampToGround</altitudeMode><coordinates>18.945642979815602,-33.76405100338161,279.39999999999998</coordinates></Point></Placemark><Placemark><TimeSpan><begin>2020-03-03T14:55:26Z</begin><end>2020-03-03T14:55:37Z</end></TimeSpan><styleUrl>#point</styleUrl><Point><altitudeMode>clampToGround</altitudeMode><coordinates>18.946701027452946,-33.763994006440043,283.73000000000002</coordinates></Point></Placemark><Placemark><TimeSpan><begin>2020-03-03T14:55:37Z</begin><end>2020-03-03T14:55:43Z</end></TimeSpan><styleUrl>#point</styleUrl><Point><altitudeMode>clampToGround</altitudeMode><coordinates>18.947281977161765,-33.763938015326858,285.17000000000002</coordinates></Point></Placemark><Placemark><TimeSpan><begin>2020-03-03T14:55:43Z</begin><end>2020-03-03T14:55:44Z</end></TimeSpan><styleUrl>#point</styleUrl><Point><altitudeMode>clampToGround</altitudeMode><coordinates>18.94735598936677,-33.763934997841716,284.69</coordinates></Point></Placemark><Placemark><TimeSpan><begin>2020-03-03T14:55:44Z</begin><end>2020-03-03T14:55:45Z</end></TimeSpan><styleUrl>#point</styleUrl><Point><altitudeMode>clampToGround</altitudeMode><coordinates>18.947431007400155,-33.763946983963251,285.17000000000002</coordinates></Point></Placemark><Placemark><TimeSpan><begin>2020-03-03T14:55:45Z</begin><end>2020-03-03T14:55:46Z</end></TimeSpan><styleUrl>#point</styleUrl><Point><altitudeMode>clampToGround</altitudeMode><coordinates>18.947500996291637,-33.763957964256406,284.69</coordinates></Point></Placemark><Placemark><TimeSpan><begin>2020-03-03T14:55:46Z</begin><end>2020-03-03T14:55:47Z</end></TimeSpan><styleUrl>#point</styleUrl><Point><altitudeMode>clampToGround</altitudeMode><coordinates>18.94757098518312,-33.763986965641379,284.69</coordinates></Point></Placemark><Placemark><TimeSpan><begin>2020-03-03T14:55:47Z</begin><end>2020-03-03T14:55:48Z</end></TimeSpan><styleUrl>#point</styleUrl><Point><altitudeMode>clampToGround</altitudeMode><coordinates>18.947633011266589,-33.76403097063303,284.69</coordinates></Point></Placemark><Placemark><TimeSpan><begin>2020-03-03T14:55:48Z</begin><end>2020-03-03T14:55:49Z</end></TimeSpan><styleUrl>#point</styleUrl><Point><altitudeMode>clampToGround</altitudeMode><coordinates>18.947681039571762,-33.764080004766583,284.69</coordinates></Point></Placemark><Placemark><TimeSpan><begin>2020-03-03T14:55:49Z</begin><end>2020-03-03T14:55:50Z</end></TimeSpan><styleUrl>#point</styleUrl><Point><altitudeMode>clampToGround</altitudeMode><coordinates>18.947713980451226,-33.76413700170815,285.17000000000002</coordinates></Point></Placemark><Placemark><TimeSpan><begin>2020-03-03T14:55:50Z</begin><end>2020-03-03T14:55:51Z</end></TimeSpan><styleUrl>#point</styleUrl><Point><altitudeMode>clampToGround</altitudeMode><coordinates>18.947729989886284,-33.76420296728611,285.17000000000002</coordinates></Point></Placemark><Placemark><TimeSpan><begin>2020-03-03T14:55:51Z</begin><end>2020-03-03T14:55:52Z</end></TimeSpan><styleUrl>#point</styleUrl><Point><altitudeMode>clampToGround</altitudeMode><coordinates>18.947732001543045,-33.764271028339863,285.64999999999998</coordinates></Point></Placemark><Placemark><TimeSpan><begin>2020-03-03T14:55:52Z</begin><end>2020-03-03T14:55:53Z</end></TimeSpan><styleUrl>#point</styleUrl><Point><altitudeMode>clampToGround</altitudeMode><coordinates>18.947715992107987,-33.764339005574584,285.64999999999998</coordinates></Point></Placemark><Placemark><TimeSpan><begin>2020-03-03T14:55:53Z</begin><end>2020-03-03T14:55:54Z</end></TimeSpan><styleUrl>#point</styleUrl><Point><altitudeMode>clampToGround</altitudeMode><coordinates>18.947708029299974,-33.764400025829673,286.13</coordinates></Point></Placemark><Placemark><TimeSpan><begin>2020-03-03T14:55:54Z</begin><end>2020-03-03T14:56:06Z</end></TimeSpan><styleUrl>#point</styleUrl><Point><altitudeMode>clampToGround</altitudeMode><coordinates>18.947623958811164,-33.765024980530143,292.86000000000001</coordinates></Point></Placemark></Folder><Placemark><name>[123] Jan Phillips Mountain Road</name><Style><LineStyle><color>ff0000ff</color><width>4</width></LineStyle></Style><MultiGeometry><LineString><coordinates>18.950114976614714,-33.7030119728297,171.25 18.950108019635081,-33.703324031084776,176.53999999999999 18.950115982443094,-33.703455040231347,178.46000000000001 18.950135009363294,-33.703628964722157,180.38 18.950368026271462,-33.704093992710114,187.11000000000001 18.950382024049759,-33.704142021015286,188.08000000000001 18.95038696937263,-33.704188037663698,189.52000000000001 18.950380012392998,-33.704231958836317,190.47999999999999 18.950356962159276,-33.704270012676716,191.44 18.950323015451431,-33.704299014061689,192.40000000000001 18.950274987146258,-33.704306976869702,192.88 18.950223019346595,-33.704308988526464,193.84 18.950165016576648,-33.704298008233309,194.31999999999999 18.950103996321559,-33.704277975484729,195.28 18.950037024915218,-33.704251991584897,195.77000000000001 18.949049971997738,-33.703911015763879,204.90000000000001 18.948932038620114,-33.703863993287086,206.34 18.948870012536645,-33.703851001337171,206.81999999999999 18.94881502725184,-33.703847983852029,207.30000000000001 18.948765993118286,-33.703857958316803,207.78 18.948720982298255,-33.703874973580241,208.25999999999999 18.94868602976203,-33.703901041299105,209.69999999999999 18.948669014498591,-33.703925013542175,210.19 18.948662979528308,-33.703958038240671,210.66999999999999 18.948673959821463,-33.703995002433658,211.63 18.948697010055184,-33.704032972455025,212.11000000000001 18.948728023096919,-33.704068008810282,212.59 18.948764987289906,-33.704102039337158,212.59 18.949253987520933,-33.704735040664673,220.28 18.949381979182363,-33.70533300563693,229.41 18.949378961697221,-33.705393020063639,229.88999999999999 18.949363958090544,-33.705679010599852,234.22 18.949380973353982,-33.705727960914373,234.69999999999999 18.949410980567336,-33.705770038068295,235.66 18.949435036629438,-33.705811025574803,237.58000000000001 18.949479963630438,-33.705843966454268,238.06 18.949528997763991,-33.70586902834475,238.53999999999999 18.949577026069164,-33.705899035558105,239.50999999999999 18.949657995253801,-33.705975981429219,239.99000000000001 18.949683979153633,-33.706012023612857,240.94999999999999 18.949692025780678,-33.706061979755759,240.94999999999999 18.949692025780678,-33.706117970868945,241.43000000000001 18.949684984982014,-33.70617002248764,241.91 18.949665036052465,-33.706222996115685,242.38999999999999 18.949642991647124,-33.706279993057251,242.87 18.949616001918912,-33.706375965848565,243.83000000000001 18.949617007747293,-33.706411002203822,244.31 18.949629999697208,-33.706445032730699,244.78999999999999 18.949652966111898,-33.706476967781782,245.27000000000001 18.949704011902213,-33.706502029672265,246.22999999999999 18.949756985530257,-33.706546034663916,246.72 18.95025503821671,-33.706791959702969,251.03999999999999 18.950304994359612,-33.706826996058226,251.03999999999999 18.950352016836405,-33.706869995221496,251.52000000000001 18.95038403570652,-33.706931015476584,252 18.950409013777971,-33.706991029903293,252.47999999999999 18.950426029041409,-33.70705196633935,252.96000000000001 18.950437009334564,-33.707107035443187,253.44 18.950455030426383,-33.707152968272567,254.88999999999999 18.950481014326215,-33.707195967435837,254.88999999999999 18.95051496103406,-33.707238966599107,255.37 18.951204037293792,-33.708075983449817,264.5 18.95165397785604,-33.708775034174323,271.23000000000002 18.951668981462717,-33.708827001973987,271.70999999999998 18.951675016433001,-33.708893973380327,271.70999999999998 18.951724972575903,-33.70917602442205,273.63 18.951770989224315,-33.709245007485151,273.63 18.952111965045333,-33.709587994962931,271.70999999999998 18.95214700140059,-33.709634011611342,271.70999999999998 18.952171979472041,-33.709681034088135,271.70999999999998 18.952180026099086,-33.709734007716179,270.75 18.952181031927466,-33.709802990779281,270.26999999999998 18.95216996781528,-33.709854958578944,270.26999999999998 18.952152030542493,-33.709912961348891,269.79000000000002 18.952154964208603,-33.710083030164242,268.82999999999998 18.952182959765196,-33.710143966600299,269.31 18.952225036919117,-33.710196018218994,269.79000000000002 18.952272981405258,-33.710249997675419,269.31 18.952325033023953,-33.710301965475082,269.31 18.952412037178874,-33.710413025692105,269.31 18.952446989715099,-33.710484020411968,269.31 18.952473979443312,-33.71055300347507,269.79000000000002 18.952483031898737,-33.710617041215301,269.31 18.95249099470675,-33.710688035935163,269.31 18.952472973614931,-33.710991963744164,267.86000000000001 18.952449001371861,-33.711067987605929,267.38 18.952416982501745,-33.711147028952837,266.89999999999998 18.952373983338475,-33.711230009794235,266.42000000000002 18.952323021367192,-33.711317013949156,265.94 18.952185977250338,-33.711572997272015,264.5 18.952181031927466,-33.711622031405568,264.01999999999998 18.952196035534143,-33.711666958406568,263.54000000000002 18.952216990292072,-33.711700988933444,263.06 18.952258983626962,-33.711733007803559,263.06 18.95231899805367,-33.711753962561488,263.54000000000002 18.952394016087055,-33.711783969774842,263.06 18.952483031898737,-33.711807020008564,264.01999999999998 18.952648993581533,-33.711878014728427,264.98000000000002 18.952715964987874,-33.711911039426923,264.98000000000002 18.952764999121428,-33.711948003619909,264.98000000000002 18.952804980799556,-33.711988991126418,264.98000000000002 18.952825013548136,-33.712034001946449,264.98000000000002 18.952841022983193,-33.712090998888016,264.98000000000002 18.952844962477684,-33.712154030799866,264.98000000000002 18.952839011326432,-33.712216978892684,264.5 18.952825013548136,-33.712285039946437,264.5 18.952810009941459,-33.712355028837919,264.5 18.952787965536118,-33.712511016055942,264.5 18.952786959707737,-33.712591985240579,264.5 18.952675983309746,-33.713372005149722,270.26999999999998 18.952639019116759,-33.71343101374805,271.23000000000002 18.95259702578187,-33.713489016517997,271.70999999999998 18.95249099470675,-33.713595969602466,272.19 18.952288990840316,-33.71381901204586,273.63 18.952235011383891,-33.713911967352033,274.11000000000001 18.952227970585227,-33.713952032849193,274.11000000000001 18.952231993898749,-33.713988997042179,274.58999999999997 18.952254960313439,-33.71403400786221,275.06999999999999 18.952285973355174,-33.714082036167383,276.51999999999998 18.952480014413595,-33.714408008381724,278.92000000000002 18.95251102745533,-33.71444296091795,278.44 18.952546985819936,-33.714474979788065,278.44 18.952589984983206,-33.714500041678548,277.95999999999998 18.95264295861125,-33.714516973122954,277.48000000000002 18.952700961381197,-33.714537005871534,277 18.952825013548136,-33.714589979499578,276.04000000000002 18.95287798717618,-33.714629039168358,276.04000000000002 18.952916041016579,-33.714675977826118,276.04000000000002 18.952940013259649,-33.714732974767685,275.56 18.9529649913311,-33.714796006679535,275.06999999999999 18.952981000766158,-33.714860966429114,275.06999999999999 18.953002039343119,-33.714926009997725,274.58999999999997 18.953022994101048,-33.714990969747305,273.63 18.953057024627924,-33.715057019144297,273.14999999999998 18.953103041276336,-33.715112004429102,272.67000000000002 18.953158026561141,-33.715158021077514,272.67000000000002 18.953218962997198,-33.715192973613739,272.67000000000002 18.953281994909048,-33.715230021625757,272.19 18.953335974365473,-33.715270003303885,271.70999999999998 18.953387020155787,-33.715317025780678,271.23000000000002 18.953439993783832,-33.715368993580341,270.75 18.953897980973125,-33.71594499796629,270.26999999999998 18.953912984579802,-33.715999983251095,270.26999999999998 18.953922037035227,-33.716056980192661,270.26999999999998 18.953924970701337,-33.716119006276131,270.75 18.953923964872956,-33.716178014874458,270.75 18.953918013721704,-33.716242974624038,270.75 18.953682985156775,-33.717165989801288,277 18.952997010201216,-33.718023039400578,284.20999999999998 18.952163010835648,-33.718511033803225,292.38 18.951328005641699,-33.719075974076986,301.02999999999997 18.951291041448712,-33.719115033745766,301.02999999999997 18.951261034235358,-33.719149986281991,301.02999999999997 18.951236978173256,-33.719180999323726,301.50999999999999 18.951235972344875,-33.719221986830235,301.99000000000001 18.951249970123172,-33.719272026792169,302.47000000000003 18.951278971508145,-33.719317959621549,302.94999999999999 18.951308978721499,-33.719365987926722,302.94999999999999 18.951358012855053,-33.719461960718036,303.43000000000001 18.95137301646173,-33.71951300650835,303.91000000000003 18.951376033946872,-33.719562040641904,303.91000000000003 18.951369998976588,-33.719614008441567,304.38999999999999 18.951357007026672,-33.719666982069612,304.88 18.951335968449712,-33.719721967354417,305.83999999999997 18.951314007863402,-33.719776030629873,306.31999999999999 18.951280983164907,-33.719830010086298,307.27999999999997 18.951245024800301,-33.719881977885962,308.24000000000001 18.950805980712175,-33.720511039718986,315.44999999999999 18.950551003217697,-33.720766017213464,317.37 18.950494006276131,-33.720799963921309,317.37 18.950431980192661,-33.720828965306282,317.85000000000002 18.950366014614701,-33.720848998054862,318.81 18.950298959389329,-33.720862995833158,318.81 18.950227964669466,-33.720874981954694,319.30000000000001 18.949729995802045,-33.720985958352685,322.18000000000001 18.949686996638775,-33.721004985272884,322.18000000000001 18.949649026617408,-33.721031975001097,322.18000000000001 18.949620025232434,-33.72106097638607,322.66000000000003 18.949598986655474,-33.721094001084566,322.18000000000001 18.9495890121907,-33.721131971105933,322.18000000000001 18.949588006362319,-33.721163989976048,322.18000000000001 18.949594041332603,-33.721191985532641,322.66000000000003 18.94961298443377,-33.721221992745996,322.66000000000003 18.949638968333602,-33.721260968595743,323.13999999999999 18.94967601634562,-33.721305979415774,324.10000000000002 18.949813982471824,-33.721489040181041,325.54000000000002 18.949825968593359,-33.721536984667182,325.54000000000002 18.949824962764978,-33.721588030457497,325.54000000000002 18.949812976643443,-33.72163999825716,326.01999999999998 18.949791016057134,-33.721695989370346,326.01999999999998 18.949766037985682,-33.721753992140293,326.5 18.949469989165664,-33.722625039517879,330.82999999999998 18.948933966457844,-33.723686020821333,336.60000000000002 18.94890102557838,-33.723736982792616,336.60000000000002 18.948863977566361,-33.723779981955886,337.07999999999998 18.94881603308022,-33.723821975290775,337.07999999999998 18.948761969804764,-33.723860029131174,337.07999999999998 18.948705978691578,-33.723894981667399,337.07999999999998 18.948657028377056,-33.723934963345528,337.07999999999998 18.948621992021799,-33.723976034671068,337.07999999999998 18.948596008121967,-33.724021967500448,337.56 18.948573963716626,-33.724074019119143,338.04000000000002 18.948555020615458,-33.724132021889091,338.51999999999998 18.948529958724976,-33.724326984956861,339.95999999999998 18.948644958436489,-33.724873987957835,342.85000000000002 18.948683012276888,-33.724929979071021,342.37 18.948731040582061,-33.724982030689716,342.37 18.948789965361357,-33.72503500431776,342.37 18.94885802641511,-33.725087977945805,342.37 18.949019964784384,-33.725233990699053,342.37 18.949055001139641,-33.725284030660987,342.37 18.949078973382711,-33.725346978753805,342.37 18.94909598864615,-33.725417973473668,342.37 18.94911602139473,-33.725501960143447,342.85000000000002 18.949172012507915,-33.725673034787178,343.32999999999998 18.949213000014424,-33.725741012021899,343.81 18.949250970035791,-33.725799014791846,343.81 18.949296986684203,-33.725846037268639,343.81 18.949344009160995,-33.725886018946767,343.81 18.949382985010743,-33.725920971482992,343.81 18.949411986395717,-33.725959025323391,343.81 18.949424978345633,-33.7260000128299,344.29000000000002 18.949429001659155,-33.726036977022886,344.29000000000002 18.949427995830774,-33.726072013378143,344.29000000000002 18.949425984174013,-33.726105960085988,344.76999999999998 18.949424978345633,-33.726293966174126,345.25 18.949416009709239,-33.726349035277963,345.25 18.94939798861742,-33.72640703804791,345.73000000000002 18.948998004198074,-33.7271380238235,347.64999999999998 18.94821303896606,-33.727925000712276,349.57999999999998 18.948012962937355,-33.728034971281886,350.06 18.947302009910345,-33.728266982361674,354.38 18.94722699187696,-33.72827896848321,354.86000000000001 18.947147028520703,-33.728281985968351,354.86000000000001 18.946919962763786,-33.728292966261506,356.31 18.946857014670968,-33.728324985131621,356.31 18.946795994415879,-33.728367984294891,356.79000000000002 18.946512015536427,-33.728612987324595,358.23000000000002 18.946461975574493,-33.728649029508233,357.75 18.946404978632927,-33.728682976216078,358.23000000000002 18.946342030540109,-33.728710971772671,358.70999999999998 18.946272963657975,-33.728731004521251,359.67000000000002 18.946199035272002,-33.728741984814405,360.14999999999998 18.946125023066998,-33.72874902561307,360.63 18.946007005870342,-33.72877299785614,362.06999999999999 18.945967024192214,-33.728803005069494,362.55000000000001 18.945943973958492,-33.728842986747622,363.04000000000002 18.94593802280724,-33.728896966204047,364.48000000000002 18.945943973958492,-33.728954968973994,364.48000000000002 18.945958977565169,-33.729012971743941,364.48000000000002 18.945970041677356,-33.729067035019398,364.95999999999998 18.945976998656988,-33.729111962020397,364.95999999999998 18.945970041677356,-33.729156972840428,365.92000000000002 18.945954032242298,-33.729205001145601,366.39999999999998 18.945898963138461,-33.72930902056396,367.36000000000001 18.945860993117094,-33.729358976706862,367.83999999999997 18.945814976468682,-33.729408010840416,368.31999999999999 18.94576602615416,-33.729452015832067,368.80000000000001 18.945712968707085,-33.729490991681814,369.75999999999999 18.945653960108757,-33.729526028037071,370.24000000000001 18.945587994530797,-33.729562992230058,370.73000000000002 18.945514988154173,-33.729596016928554,371.69 18.944242028519511,-33.730204962193966,380.81999999999999 18.944034995511174,-33.730285009369254,380.33999999999997 18.943971041589975,-33.73031803406775,380.81999999999999 18.943921001628041,-33.730359021574259,381.30000000000001 18.943876996636391,-33.730403026565909,381.30000000000001 18.943849001079798,-33.730448037385941,381.30000000000001 18.943827040493488,-33.730491036549211,381.30000000000001 18.943815976381302,-33.730535041540861,381.77999999999997 18.943821005523205,-33.730577034875751,381.77999999999997 18.943840032443404,-33.730612993240356,381.77999999999997 18.94387498497963,-33.730646017938852,381.77999999999997 18.943921001628041,-33.730672001838684,381.77999999999997 18.943977998569608,-33.730692034587264,381.77999999999997 18.944044969975948,-33.730709971860051,381.77999999999997 18.944129040464759,-33.730726987123489,381.77999999999997 18.944969996809959,-33.730958998203278,384.18000000000001 18.945198990404606,-33.73104901984334,385.14999999999998 18.945279037579894,-33.731062011793256,385.63 18.945366041734815,-33.731067962944508,386.11000000000001 18.945454973727465,-33.731069974601269,386.11000000000001 18.945542983710766,-33.731067040935159,386.58999999999997 18.946318980306387,-33.731090007349849,390.91000000000003 18.946401039138436,-33.731107022613287,391.38999999999999 18.946484019979835,-33.731129989027977,391.38999999999999 18.946564989164472,-33.731161002069712,391.87 18.946644030511379,-33.731194026768208,392.36000000000001 18.946720976382494,-33.731234008446336,392.83999999999997 18.947424972429872,-33.731698030605912,398.12 18.947478029876947,-33.731751004233956,398.60000000000002 18.947772989049554,-33.732025008648634,401.00999999999999 18.947777012363076,-33.732048980891705,401.49000000000001 18.947772989049554,-33.732083011418581,402.44999999999999 18.947795033454895,-33.732097009196877,402.44999999999999 18.94782998599112,-33.732119975611567,402.44999999999999 18.947982033714652,-33.732246039435267,401.97000000000003 18.94802201539278,-33.732293983921409,401.49000000000001 18.948041964322329,-33.732337988913059,400.52999999999997 18.948058979585767,-33.732390040531754,400.05000000000001 18.948069037869573,-33.732434967532754,399.56999999999999 18.948073983192444,-33.732492970302701,399.56999999999999 18.94806501455605,-33.732560025528073,398.60000000000002 18.948052022606134,-33.732630014419556,398.60000000000002 18.948032995685935,-33.732702014967799,398.12 18.947899974882603,-33.733480023220181,394.27999999999997 18.947868039831519,-33.733540959656239,394.27999999999997 18.947452967986465,-33.734171027317643,389.94999999999999 18.947123978286982,-33.734473027288914,386.58999999999997 18.947112997993827,-33.734516026452184,386.11000000000001 18.947112997993827,-33.734557013958693,385.63 18.947125989943743,-33.734590960666537,385.14999999999998 18.947136970236897,-33.734610993415117,385.63 18.947178041562438,-33.734633959829807,385.14999999999998 18.947231015190482,-33.734647035598755,384.18000000000001 18.947288012132049,-33.734667990356684,384.66000000000003 18.947401000186801,-33.734716018661857,384.66000000000003 18.948149001225829,-33.735082978382707,384.66000000000003 18.948570024222136,-33.73545597307384,386.58999999999997 18.94860103726387,-33.735510958358645,387.06999999999999 18.948628026992083,-33.735566027462482,386.11000000000001 18.948784014210105,-33.735814969986677,383.69999999999999 18.948831958696246,-33.735851012170315,383.22000000000003 18.948891973122954,-33.735872972756624,382.74000000000001 18.948958022519946,-33.735887976363301,382.74000000000001 18.94903396256268,-33.735890993848443,382.74000000000001 18.949106968939304,-33.735891999676824,382.74000000000001 18.949179975315928,-33.735894011333585,382.25999999999999 18.949327999725938,-33.735881019383669,381.30000000000001 18.949401006102562,-33.735857969149947,380.33999999999997 18.949472000822425,-33.735828967764974,379.86000000000001 18.949535032734275,-33.735794015228748,379.86000000000001 18.949593035504222,-33.73575696721673,379.38 18.949925964698195,-33.735484974458814,376.00999999999999 18.949968041852117,-33.735426971688867,376.00999999999999 18.950002994388342,-33.7353699747473,375.52999999999997 18.950089998543262,-33.73523997142911,374.08999999999997 18.950126962736249,-33.735208036378026,373.61000000000001 18.95016903989017,-33.735181968659163,373.13 18.950217990204692,-33.735170988366008,372.64999999999998 18.950270041823387,-33.735166965052485,372.17000000000002 18.950323015451431,-33.735167970880866,371.69 18.950381018221378,-33.73517501167953,370.73000000000002 18.950437009334564,-33.735184986144304,369.75999999999999 18.950488977134228,-33.735202001407743,369.75999999999999 18.950543040409684,-33.735221028327942,369.75999999999999 18.950701039284468,-33.735284982249141,368.31999999999999 18.950752001255751,-33.735312977805734,367.83999999999997 18.950798017904162,-33.735342985019088,367.36000000000001 18.950839005410671,-33.735377015545964,366.88 18.950876975432038,-33.735414985567331,366.39999999999998 18.950913017615676,-33.73545203357935,365.92000000000002 18.950991975143552,-33.735524034127593,364.95999999999998 18.951036985963583,-33.735544988885522,364.48000000000002 18.951086020097136,-33.73556099832058,363.51999999999998 18.951135976240039,-33.735570972785354,363.04000000000002 18.951187022030354,-33.735580025240779,363.04000000000002 18.951239995658398,-33.735587988048792,362.55000000000001 18.951862016692758,-33.735615983605385,356.31 18.951917001977563,-33.735606009140611,355.82999999999998 18.952440032735467,-33.735482040792704,350.06 18.952499041333795,-33.735478017479181,349.57999999999998 18.952559977769852,-33.73547600582242,349.10000000000002 18.952623009681702,-33.735480029135942,348.62 18.952691992744803,-33.735490003600717,347.64999999999998 18.952759969979525,-33.735507018864155,347.64999999999998 18.952827025204897,-33.735526967793703,347.64999999999998 18.952895002439618,-33.735551023855805,347.17000000000002 18.952960968017578,-33.735577007755637,347.17000000000002 18.953266991302371,-33.735714973881841,346.69 18.953309990465641,-33.735745986923575,346.20999999999998 18.95335198380053,-33.735783034935594,345.73000000000002 18.953390037640929,-33.735826034098864,345.25 18.953423984348774,-33.735873978585005,344.76999999999998 18.953449968248606,-33.735931981354952,344.29000000000002 18.953470000997186,-33.735989984124899,343.81 18.953481987118721,-33.736048992723227,343.32999999999998 18.953491961583495,-33.736110012978315,342.85000000000002 18.95350101403892,-33.736170027405024,342.85000000000002 18.953788010403514,-33.736992962658405,336.12 18.953899992629886,-33.737662006169558,328.43000000000001 18.953882977366447,-33.738428028300405,321.69999999999999 18.953928994014859,-33.739230008795857,314.00999999999999 18.954171985387802,-33.740032995119691,307.75999999999999 18.954181037843227,-33.740097032859921,307.27999999999997 18.954182965680957,-33.740156963467598,307.27999999999997 18.954153964295983,-33.740384029224515,307.27999999999997 18.954132003709674,-33.740432979539037,307.27999999999997 18.954105013981462,-33.740478996187449,306.80000000000001 18.954022033140063,-33.740621991455555,306.80000000000001 18.953903010115027,-33.740813015028834,306.80000000000001 18.953876020386815,-33.740921979770064,306.80000000000001 18.953873002901673,-33.740980988368392,306.31999999999999 18.953880965709686,-33.741042008623481,306.31999999999999 18.95416603423655,-33.742120005190372,307.27999999999997 18.954241974279284,-33.742599030956626,307.75999999999999 18.954265024513006,-33.742668014019728,308.24000000000001 18.9543810300529,-33.743307972326875,308.72000000000003 18.954313974827528,-33.743917001411319,308.24000000000001 18.954256977885962,-33.744526030495763,307.27999999999997 18.954133009538054,-33.745150985196233,308.72000000000003 18.954121023416519,-33.745265984907746,309.19999999999999 18.954126974567771,-33.745318036526442,309.19999999999999 18.954114988446236,-33.745514005422592,309.19999999999999 18.953709974884987,-33.746167039498687,310.16000000000003 18.953540995717049,-33.746457975357771,311.12 18.953438987955451,-33.746720999479294,313.52999999999997 18.953405041247606,-33.746766010299325,314.00999999999999 18.953361958265305,-33.746812026947737,314.00999999999999 18.952841022983193,-33.747457014396787,320.74000000000001 18.952730968594551,-33.747531026601791,322.18000000000001 18.95255696028471,-33.747619036585093,324.10000000000002 18.952493006363511,-33.74763697385788,324.57999999999998 18.952321009710431,-33.747715009376407,326.5 18.952153958380222,-33.747817017138004,326.99000000000001 18.951934017241001,-33.747987002134323,329.38999999999999 18.951864028349519,-33.748080963268876,330.82999999999998 18.951851036399603,-33.748132009059191,331.79000000000002 18.951852964237332,-33.74819403514266,332.26999999999998 18.951857993379235,-33.74823896214366,332.75 18.951885988935828,-33.748283972963691,333.23000000000002 18.951922031119466,-33.748327977955341,333.70999999999998 18.951970981433988,-33.74836896546185,333.23000000000002 18.952012974768877,-33.748394027352333,333.23000000000002 18.952049016952515,-33.748416993767023,332.26999999999998 18.952155970036983,-33.748525958508253,329.87 18.952184971421957,-33.748574992641807,329.87 18.952200980857015,-33.748628972098231,329.38999999999999 18.952220007777214,-33.748677000403404,329.38999999999999 18.952225958928466,-33.748739026486874,328.91000000000003 18.95223299972713,-33.74879501760006,326.99000000000001 18.952239034697413,-33.748862994834781,326.01999999999998 18.952183965593576,-33.749747034162283,321.22000000000003 18.951735030859709,-33.750416999682784,319.30000000000001 18.951419033110142,-33.750769961625338,318.81 18.950962973758578,-33.751152008771896,319.30000000000001 18.950892984867096,-33.751192996278405,319.30000000000001 18.950697015970945,-33.751295004040003,318.81 18.95064496435225,-33.751338003203273,318.81 18.95060196518898,-33.751387037336826,319.30000000000001 18.950569024309516,-33.751444034278393,319.77999999999997 18.950543040409684,-33.751507988199592,320.25999999999999 18.950517978519201,-33.751570014283061,320.25999999999999 18.950482020154595,-33.751681996509433,320.74000000000001 18.950490988790989,-33.751732036471367,320.74000000000001 18.950512027367949,-33.751767994835973,319.77999999999997 18.950555026531219,-33.75180596485734,319.77999999999997 18.950600037351251,-33.751834966242313,319.30000000000001 18.950661979615688,-33.75187000259757,318.81 18.951679961755872,-33.752425974234939,306.80000000000001 18.952198969200253,-33.753028968349099,301.99000000000001 18.952540028840303,-33.75408198684454,289.97000000000003 18.952371971681714,-33.754634018987417,289.49000000000001 18.951936028897762,-33.755213962867856,290.94 18.951366981491446,-33.755797008052468,289.00999999999999 18.951319037005305,-33.755854004994035,289.00999999999999 18.950927015393972,-33.756464039906859,285.64999999999998 18.950893990695477,-33.756534028798342,284.69 18.950795000419021,-33.756986986845732,279.88 18.950801035389304,-33.75704700127244,278.92000000000002 18.950841017067432,-33.757274989038706,276.51999999999998 18.950845962390304,-33.757327040657401,276.51999999999998 18.950837999582291,-33.757376996800303,276.04000000000002 18.950820984318852,-33.757429970428348,276.04000000000002 18.950792988762259,-33.757484033703804,275.56 18.950752001255751,-33.757532984018326,275.06999999999999 18.950699027627707,-33.757576989009976,275.06999999999999 18.950637001544237,-33.757613031193614,274.58999999999997 18.950563995167613,-33.757640020921826,274.58999999999997 18.95049300044775,-33.757660975679755,274.11000000000001 18.950415970757604,-33.757677990943193,274.11000000000001 18.950331984087825,-33.75769299454987,273.63 18.949167989194393,-33.757826015353203,267.86000000000001 18.9488619659096,-33.757814029231668,264.98000000000002 18.947984967380762,-33.757715960964561,256.32999999999998 18.947741976007819,-33.757638009265065,252.96000000000001 18.947447016835213,-33.757514040917158,252 18.947369987145066,-33.757515968754888,256.32999999999998 18.947349032387137,-33.757549999281764,256.32999999999998 18.946930021047592,-33.758031958714128,256.81 18.946719970554113,-33.758300011977553,257.76999999999998 18.946709996089339,-33.758362960070372,258.25 18.946708990260959,-33.758429009467363,258.73000000000002 18.94671100191772,-33.758494975045323,259.20999999999998 18.946720976382494,-33.758567981421947,260.17000000000002 18.946737991645932,-33.758648028597236,261.13999999999999 18.946689963340759,-33.75953902490437,268.35000000000002 18.946524001657963,-33.75979601405561,270.26999999999998 18.946468010544777,-33.759847981855273,270.75 18.946415036916733,-33.759895004332066,271.23000000000002 18.946358039975166,-33.759933980181813,271.23000000000002 18.946298025548458,-33.759971028193831,271.23000000000002 18.946229964494705,-33.760003969073296,271.23000000000002 18.946157963946462,-33.760039005428553,271.23000000000002 18.945098994299769,-33.760401019826531,269.79000000000002 18.943619001656771,-33.760839980095625,271.70999999999998 18.943385984748602,-33.760985992848873,266.89999999999998 18.94312103278935,-33.761266032233834,262.10000000000002 18.943095970898867,-33.761306013911963,262.10000000000002 18.943093959242105,-33.761357981711626,262.10000000000002 18.943079961463809,-33.761397963389754,262.10000000000002 18.943073004484177,-33.761444985866547,262.10000000000002 18.943068981170654,-33.7614940200001,262.10000000000002 18.943077027797699,-33.761542970314622,262.10000000000002 18.943091025575995,-33.761590998619795,262.10000000000002 18.943140981718898,-33.761701975017786,262.57999999999998 18.943603998050094,-33.762360038235784,268.35000000000002 18.944474039599299,-33.763315994292498,275.56 18.945242995396256,-33.763929968699813,278.44 18.945316001772881,-33.763960981741548,278.92000000000002 18.945391019806266,-33.763979002833366,278.92000000000002 18.945556981489062,-33.764034993946552,278.92000000000002 18.945642979815602,-33.76405100338161,279.39999999999998 18.946701027452946,-33.763994006440043,283.73000000000002 18.947281977161765,-33.763938015326858,285.17000000000002 18.94735598936677,-33.763934997841716,284.69 18.947431007400155,-33.763946983963251,285.17000000000002 18.947500996291637,-33.763957964256406,284.69 18.94757098518312,-33.763986965641379,284.69 18.947633011266589,-33.76403097063303,284.69 18.947681039571762,-33.764080004766583,284.69 18.947713980451226,-33.76413700170815,285.17000000000002 18.947729989886284,-33.76420296728611,285.17000000000002 18.947732001543045,-33.764271028339863,285.64999999999998 18.947715992107987,-33.764339005574584,285.64999999999998 18.947708029299974,-33.764400025829673,286.13 18.947623958811164,-33.765024980530143,292.86000000000001 </coordinates></LineString></MultiGeometry></Placemark></Folder></Folder></Document></kml>