<?xml version="1.0" encoding="utf-8"?><kml xmlns="http://www.opengis.net/kml/2.2" xmlns:xsi="http://www.w3.org/2001/XMLSchema-instance" xmlns:kmlx="http://www.google.com/kml/ext/2.2" xmlns:atom="http://www.w3.org/2005/Atom" xmlns:gpxx="http://www.garmin.com/xmlschemas/GpxExtensions/v3"><Document><Style id="point"><IconStyle><scale>0.9</scale><Icon><href>http://maps.google.com/mapfiles/kml/shapes/placemark_circle.png</href></Icon></IconStyle></Style><Folder><name>Tracks</name><Folder><name>[168] Franschhoek Pass</name><Folder><name>Points</name><Style><ListStyle><listItemType>checkHideChildren</listItemType></ListStyle></Style><Placemark><TimeSpan><begin>2020-03-17T10:47:56Z</begin><end>2020-03-17T10:47:56Z</end></TimeSpan><Style><IconStyle><scale>0.9</scale><Icon><href>http://connect.garmin.com/image/main/icons/kml/grn-play.png</href></Icon></IconStyle></Style><Point><altitudeMode>clampToGround</altitudeMode><coordinates>19.122708002105355,-33.914121016860008,277.95999999999998</coordinates></Point></Placemark><Placemark><TimeSpan><begin>2020-03-17T10:47:56Z</begin><end>2020-03-17T10:47:57Z</end></TimeSpan><styleUrl>#point</styleUrl><Point><altitudeMode>clampToGround</altitudeMode><coordinates>19.122786037623882,-33.914101989939809,277.95999999999998</coordinates></Point></Placemark><Placemark><TimeSpan><begin>2020-03-17T10:47:57Z</begin><end>2020-03-17T10:47:58Z</end></TimeSpan><styleUrl>#point</styleUrl><Point><altitudeMode>clampToGround</altitudeMode><coordinates>19.122872035950422,-33.914066031575203,277.95999999999998</coordinates></Point></Placemark><Placemark><TimeSpan><begin>2020-03-17T10:47:58Z</begin><end>2020-03-17T10:47:59Z</end></TimeSpan><styleUrl>#point</styleUrl><Point><altitudeMode>clampToGround</altitudeMode><coordinates>19.122960967943072,-33.914020014926791,278.44</coordinates></Point></Placemark><Placemark><TimeSpan><begin>2020-03-17T10:47:59Z</begin><end>2020-03-17T10:48:00Z</end></TimeSpan><styleUrl>#point</styleUrl><Point><altitudeMode>clampToGround</altitudeMode><coordinates>19.123056018725038,-33.913967963308096,278.44</coordinates></Point></Placemark><Placemark><TimeSpan><begin>2020-03-17T10:48:00Z</begin><end>2020-03-17T10:48:12Z</end></TimeSpan><styleUrl>#point</styleUrl><Point><altitudeMode>clampToGround</altitudeMode><coordinates>19.124153964221478,-33.913292968645692,282.76999999999998</coordinates></Point></Placemark><Placemark><TimeSpan><begin>2020-03-17T10:48:12Z</begin><end>2020-03-17T10:48:25Z</end></TimeSpan><styleUrl>#point</styleUrl><Point><altitudeMode>clampToGround</altitudeMode><coordinates>19.125301027670503,-33.912659967318177,289.49000000000001</coordinates></Point></Placemark><Placemark><TimeSpan><begin>2020-03-17T10:48:25Z</begin><end>2020-03-17T10:48:32Z</end></TimeSpan><styleUrl>#point</styleUrl><Point><altitudeMode>clampToGround</altitudeMode><coordinates>19.126393022015691,-33.912285966798663,294.30000000000001</coordinates></Point></Placemark><Placemark><TimeSpan><begin>2020-03-17T10:48:32Z</begin><end>2020-03-17T10:48:39Z</end></TimeSpan><styleUrl>#point</styleUrl><Point><altitudeMode>clampToGround</altitudeMode><coordinates>19.128205021843314,-33.911743992939591,302.94999999999999</coordinates></Point></Placemark><Placemark><TimeSpan><begin>2020-03-17T10:48:39Z</begin><end>2020-03-17T10:48:47Z</end></TimeSpan><styleUrl>#point</styleUrl><Point><altitudeMode>clampToGround</altitudeMode><coordinates>19.130020961165428,-33.91118198633194,316.41000000000003</coordinates></Point></Placemark><Placemark><TimeSpan><begin>2020-03-17T10:48:47Z</begin><end>2020-03-17T10:48:54Z</end></TimeSpan><styleUrl>#point</styleUrl><Point><altitudeMode>clampToGround</altitudeMode><coordinates>19.131414033472538,-33.910871017724276,326.01999999999998</coordinates></Point></Placemark><Placemark><TimeSpan><begin>2020-03-17T10:48:54Z</begin><end>2020-03-17T10:48:55Z</end></TimeSpan><styleUrl>#point</styleUrl><Point><altitudeMode>clampToGround</altitudeMode><coordinates>19.131628023460507,-33.910875041037798,326.99000000000001</coordinates></Point></Placemark><Placemark><TimeSpan><begin>2020-03-17T10:48:55Z</begin><end>2020-03-17T10:48:56Z</end></TimeSpan><styleUrl>#point</styleUrl><Point><altitudeMode>clampToGround</altitudeMode><coordinates>19.131840001791716,-33.910891972482204,328.43000000000001</coordinates></Point></Placemark><Placemark><TimeSpan><begin>2020-03-17T10:48:56Z</begin><end>2020-03-17T10:48:57Z</end></TimeSpan><styleUrl>#point</styleUrl><Point><altitudeMode>clampToGround</altitudeMode><coordinates>19.132051980122924,-33.910918962210417,329.38999999999999</coordinates></Point></Placemark><Placemark><TimeSpan><begin>2020-03-17T10:48:57Z</begin><end>2020-03-17T10:48:58Z</end></TimeSpan><styleUrl>#point</styleUrl><Point><altitudeMode>clampToGround</altitudeMode><coordinates>19.132265970110893,-33.910955004394054,330.82999999999998</coordinates></Point></Placemark><Placemark><TimeSpan><begin>2020-03-17T10:48:58Z</begin><end>2020-03-17T10:48:59Z</end></TimeSpan><styleUrl>#point</styleUrl><Point><altitudeMode>clampToGround</altitudeMode><coordinates>19.132482977584004,-33.911006972193718,332.75</coordinates></Point></Placemark><Placemark><TimeSpan><begin>2020-03-17T10:48:59Z</begin><end>2020-03-17T10:49:00Z</end></TimeSpan><styleUrl>#point</styleUrl><Point><altitudeMode>clampToGround</altitudeMode><coordinates>19.132705014199018,-33.911079978570342,334.19999999999999</coordinates></Point></Placemark><Placemark><TimeSpan><begin>2020-03-17T10:49:00Z</begin><end>2020-03-17T10:49:01Z</end></TimeSpan><styleUrl>#point</styleUrl><Point><altitudeMode>clampToGround</altitudeMode><coordinates>19.132919004186988,-33.911174023523927,335.16000000000003</coordinates></Point></Placemark><Placemark><TimeSpan><begin>2020-03-17T10:49:01Z</begin><end>2020-03-17T10:49:02Z</end></TimeSpan><styleUrl>#point</styleUrl><Point><altitudeMode>clampToGround</altitudeMode><coordinates>19.133114973083138,-33.911280976608396,336.60000000000002</coordinates></Point></Placemark><Placemark><TimeSpan><begin>2020-03-17T10:49:02Z</begin><end>2020-03-17T10:49:03Z</end></TimeSpan><styleUrl>#point</styleUrl><Point><altitudeMode>clampToGround</altitudeMode><coordinates>19.133311025798321,-33.911404022946954,338.04000000000002</coordinates></Point></Placemark><Placemark><TimeSpan><begin>2020-03-17T10:49:03Z</begin><end>2020-03-17T10:49:04Z</end></TimeSpan><styleUrl>#point</styleUrl><Point><altitudeMode>clampToGround</altitudeMode><coordinates>19.133497020229697,-33.911541989073157,339.48000000000002</coordinates></Point></Placemark><Placemark><TimeSpan><begin>2020-03-17T10:49:04Z</begin><end>2020-03-17T10:49:05Z</end></TimeSpan><styleUrl>#point</styleUrl><Point><altitudeMode>clampToGround</altitudeMode><coordinates>19.133674968034029,-33.911688001826406,340.44</coordinates></Point></Placemark><Placemark><TimeSpan><begin>2020-03-17T10:49:05Z</begin><end>2020-03-17T10:49:06Z</end></TimeSpan><styleUrl>#point</styleUrl><Point><altitudeMode>clampToGround</altitudeMode><coordinates>19.133831961080432,-33.911835020408034,342.37</coordinates></Point></Placemark><Placemark><TimeSpan><begin>2020-03-17T10:49:06Z</begin><end>2020-03-17T10:49:07Z</end></TimeSpan><styleUrl>#point</styleUrl><Point><altitudeMode>clampToGround</altitudeMode><coordinates>19.133973028510809,-33.912002993747592,343.81</coordinates></Point></Placemark><Placemark><TimeSpan><begin>2020-03-17T10:49:07Z</begin><end>2020-03-17T10:49:08Z</end></TimeSpan><styleUrl>#point</styleUrl><Point><altitudeMode>clampToGround</altitudeMode><coordinates>19.134088028222322,-33.912172978743911,345.73000000000002</coordinates></Point></Placemark><Placemark><TimeSpan><begin>2020-03-17T10:49:08Z</begin><end>2020-03-17T10:49:09Z</end></TimeSpan><styleUrl>#point</styleUrl><Point><altitudeMode>clampToGround</altitudeMode><coordinates>19.134187018498778,-33.912353022024035,347.17000000000002</coordinates></Point></Placemark><Placemark><TimeSpan><begin>2020-03-17T10:49:09Z</begin><end>2020-03-17T10:49:10Z</end></TimeSpan><styleUrl>#point</styleUrl><Point><altitudeMode>clampToGround</altitudeMode><coordinates>19.134271005168557,-33.912538010627031,349.10000000000002</coordinates></Point></Placemark><Placemark><TimeSpan><begin>2020-03-17T10:49:10Z</begin><end>2020-03-17T10:49:11Z</end></TimeSpan><styleUrl>#point</styleUrl><Point><altitudeMode>clampToGround</altitudeMode><coordinates>19.13434099406004,-33.91273096203804,350.06</coordinates></Point></Placemark><Placemark><TimeSpan><begin>2020-03-17T10:49:11Z</begin><end>2020-03-17T10:49:12Z</end></TimeSpan><styleUrl>#point</styleUrl><Point><altitudeMode>clampToGround</altitudeMode><coordinates>19.134404025971889,-33.912926008924842,351.98000000000002</coordinates></Point></Placemark><Placemark><TimeSpan><begin>2020-03-17T10:49:12Z</begin><end>2020-03-17T10:49:21Z</end></TimeSpan><styleUrl>#point</styleUrl><Point><altitudeMode>clampToGround</altitudeMode><coordinates>19.135034009814262,-33.914573974907398,364.48000000000002</coordinates></Point></Placemark><Placemark><TimeSpan><begin>2020-03-17T10:49:21Z</begin><end>2020-03-17T10:49:22Z</end></TimeSpan><styleUrl>#point</styleUrl><Point><altitudeMode>clampToGround</altitudeMode><coordinates>19.13513601757586,-33.914712024852633,367.83999999999997</coordinates></Point></Placemark><Placemark><TimeSpan><begin>2020-03-17T10:49:22Z</begin><end>2020-03-17T10:49:23Z</end></TimeSpan><styleUrl>#point</styleUrl><Point><altitudeMode>clampToGround</altitudeMode><coordinates>19.135275995358825,-33.914849990978837,369.75999999999999</coordinates></Point></Placemark><Placemark><TimeSpan><begin>2020-03-17T10:49:23Z</begin><end>2020-03-17T10:49:24Z</end></TimeSpan><styleUrl>#point</styleUrl><Point><altitudeMode>clampToGround</altitudeMode><coordinates>19.135429970920086,-33.914977982640266,371.20999999999998</coordinates></Point></Placemark><Placemark><TimeSpan><begin>2020-03-17T10:49:24Z</begin><end>2020-03-17T10:49:25Z</end></TimeSpan><styleUrl>#point</styleUrl><Point><altitudeMode>clampToGround</altitudeMode><coordinates>19.135597022250295,-33.915104968473315,372.17000000000002</coordinates></Point></Placemark><Placemark><TimeSpan><begin>2020-03-17T10:49:25Z</begin><end>2020-03-17T10:49:28Z</end></TimeSpan><styleUrl>#point</styleUrl><Point><altitudeMode>clampToGround</altitudeMode><coordinates>19.136048974469304,-33.915472012013197,376.49000000000001</coordinates></Point></Placemark><Placemark><TimeSpan><begin>2020-03-17T10:49:28Z</begin><end>2020-03-17T10:49:29Z</end></TimeSpan><styleUrl>#point</styleUrl><Point><altitudeMode>clampToGround</altitudeMode><coordinates>19.136171014979482,-33.915612995624542,377.44999999999999</coordinates></Point></Placemark><Placemark><TimeSpan><begin>2020-03-17T10:49:29Z</begin><end>2020-03-17T10:49:30Z</end></TimeSpan><styleUrl>#point</styleUrl><Point><altitudeMode>clampToGround</altitudeMode><coordinates>19.13627503439784,-33.915760014206171,378.42000000000002</coordinates></Point></Placemark><Placemark><TimeSpan><begin>2020-03-17T10:49:30Z</begin><end>2020-03-17T10:49:31Z</end></TimeSpan><styleUrl>#point</styleUrl><Point><altitudeMode>clampToGround</altitudeMode><coordinates>19.136356003582478,-33.915923964232206,379.38</coordinates></Point></Placemark><Placemark><TimeSpan><begin>2020-03-17T10:49:31Z</begin><end>2020-03-17T10:49:32Z</end></TimeSpan><styleUrl>#point</styleUrl><Point><altitudeMode>clampToGround</altitudeMode><coordinates>19.136418029665947,-33.916090009734035,380.33999999999997</coordinates></Point></Placemark><Placemark><TimeSpan><begin>2020-03-17T10:49:32Z</begin><end>2020-03-17T10:49:33Z</end></TimeSpan><styleUrl>#point</styleUrl><Point><altitudeMode>clampToGround</altitudeMode><coordinates>19.136455999687314,-33.916267035529017,381.77999999999997</coordinates></Point></Placemark><Placemark><TimeSpan><begin>2020-03-17T10:49:33Z</begin><end>2020-03-17T10:49:34Z</end></TimeSpan><styleUrl>#point</styleUrl><Point><altitudeMode>clampToGround</altitudeMode><coordinates>19.136479971930385,-33.916456969454885,382.25999999999999</coordinates></Point></Placemark><Placemark><TimeSpan><begin>2020-03-17T10:49:34Z</begin><end>2020-03-17T10:49:44Z</end></TimeSpan><styleUrl>#point</styleUrl><Point><altitudeMode>clampToGround</altitudeMode><coordinates>19.136784989386797,-33.918462004512548,390.91000000000003</coordinates></Point></Placemark><Placemark><TimeSpan><begin>2020-03-17T10:49:44Z</begin><end>2020-03-17T10:49:47Z</end></TimeSpan><styleUrl>#point</styleUrl><Point><altitudeMode>clampToGround</altitudeMode><coordinates>19.136938964948058,-33.919047983363271,393.31999999999999</coordinates></Point></Placemark><Placemark><TimeSpan><begin>2020-03-17T10:49:47Z</begin><end>2020-03-17T10:49:48Z</end></TimeSpan><styleUrl>#point</styleUrl><Point><altitudeMode>clampToGround</altitudeMode><coordinates>19.137034015730023,-33.919232971966267,394.27999999999997</coordinates></Point></Placemark><Placemark><TimeSpan><begin>2020-03-17T10:49:48Z</begin><end>2020-03-17T10:49:50Z</end></TimeSpan><styleUrl>#point</styleUrl><Point><altitudeMode>clampToGround</altitudeMode><coordinates>19.137230990454555,-33.91960303299129,395.24000000000001</coordinates></Point></Placemark><Placemark><TimeSpan><begin>2020-03-17T10:49:50Z</begin><end>2020-03-17T10:49:51Z</end></TimeSpan><styleUrl>#point</styleUrl><Point><altitudeMode>clampToGround</altitudeMode><coordinates>19.137284969910979,-33.919805958867073,396.68000000000001</coordinates></Point></Placemark><Placemark><TimeSpan><begin>2020-03-17T10:49:51Z</begin><end>2020-03-17T10:49:55Z</end></TimeSpan><styleUrl>#point</styleUrl><Point><altitudeMode>clampToGround</altitudeMode><coordinates>19.137459984049201,-33.920540967956185,401.00999999999999</coordinates></Point></Placemark><Placemark><TimeSpan><begin>2020-03-17T10:49:55Z</begin><end>2020-03-17T10:49:56Z</end></TimeSpan><styleUrl>#point</styleUrl><Point><altitudeMode>clampToGround</altitudeMode><coordinates>19.137567020952702,-33.920694021508098,401.97000000000003</coordinates></Point></Placemark><Placemark><TimeSpan><begin>2020-03-17T10:49:56Z</begin><end>2020-03-17T10:50:01Z</end></TimeSpan><styleUrl>#point</styleUrl><Point><altitudeMode>clampToGround</altitudeMode><coordinates>19.138221982866526,-33.921368010342121,409.66000000000003</coordinates></Point></Placemark><Placemark><TimeSpan><begin>2020-03-17T10:50:01Z</begin><end>2020-03-17T10:50:02Z</end></TimeSpan><styleUrl>#point</styleUrl><Point><altitudeMode>clampToGround</altitudeMode><coordinates>19.138376964256167,-33.921471023932099,411.10000000000002</coordinates></Point></Placemark><Placemark><TimeSpan><begin>2020-03-17T10:50:02Z</begin><end>2020-03-17T10:50:03Z</end></TimeSpan><styleUrl>#point</styleUrl><Point><altitudeMode>clampToGround</altitudeMode><coordinates>19.138537980616093,-33.921563979238272,413.01999999999998</coordinates></Point></Placemark><Placemark><TimeSpan><begin>2020-03-17T10:50:03Z</begin><end>2020-03-17T10:50:04Z</end></TimeSpan><styleUrl>#point</styleUrl><Point><altitudeMode>clampToGround</altitudeMode><coordinates>19.138711988925934,-33.92164696007967,413.5</coordinates></Point></Placemark><Placemark><TimeSpan><begin>2020-03-17T10:50:04Z</begin><end>2020-03-17T10:50:05Z</end></TimeSpan><styleUrl>#point</styleUrl><Point><altitudeMode>clampToGround</altitudeMode><coordinates>19.138893038034439,-33.921718960627913,414.94999999999999</coordinates></Point></Placemark><Placemark><TimeSpan><begin>2020-03-17T10:50:05Z</begin><end>2020-03-17T10:50:07Z</end></TimeSpan><styleUrl>#point</styleUrl><Point><altitudeMode>clampToGround</altitudeMode><coordinates>19.139236025512218,-33.921856004744768,416.87</coordinates></Point></Placemark><Placemark><TimeSpan><begin>2020-03-17T10:50:07Z</begin><end>2020-03-17T10:50:08Z</end></TimeSpan><styleUrl>#point</styleUrl><Point><altitudeMode>clampToGround</altitudeMode><coordinates>19.139394024387002,-33.921934040263295,417.82999999999998</coordinates></Point></Placemark><Placemark><TimeSpan><begin>2020-03-17T10:50:08Z</begin><end>2020-03-17T10:50:09Z</end></TimeSpan><styleUrl>#point</styleUrl><Point><altitudeMode>clampToGround</altitudeMode><coordinates>19.139545988291502,-33.922037975862622,418.79000000000002</coordinates></Point></Placemark><Placemark><TimeSpan><begin>2020-03-17T10:50:09Z</begin><end>2020-03-17T10:50:10Z</end></TimeSpan><styleUrl>#point</styleUrl><Point><altitudeMode>clampToGround</altitudeMode><coordinates>19.139682026579976,-33.922165967524052,419.75</coordinates></Point></Placemark><Placemark><TimeSpan><begin>2020-03-17T10:50:10Z</begin><end>2020-03-17T10:50:11Z</end></TimeSpan><styleUrl>#point</styleUrl><Point><altitudeMode>clampToGround</altitudeMode><coordinates>19.139823010191321,-33.922325978055596,419.75</coordinates></Point></Placemark><Placemark><TimeSpan><begin>2020-03-17T10:50:11Z</begin><end>2020-03-17T10:50:12Z</end></TimeSpan><styleUrl>#point</styleUrl><Point><altitudeMode>clampToGround</altitudeMode><coordinates>19.139934992417693,-33.922503003850579,419.75</coordinates></Point></Placemark><Placemark><TimeSpan><begin>2020-03-17T10:50:12Z</begin><end>2020-03-17T10:50:13Z</end></TimeSpan><styleUrl>#point</styleUrl><Point><altitudeMode>clampToGround</altitudeMode><coordinates>19.140037000179291,-33.922687992453575,421.19</coordinates></Point></Placemark><Placemark><TimeSpan><begin>2020-03-17T10:50:13Z</begin><end>2020-03-17T10:50:22Z</end></TimeSpan><styleUrl>#point</styleUrl><Point><altitudeMode>clampToGround</altitudeMode><coordinates>19.141145003959537,-33.924379041418433,430.81</coordinates></Point></Placemark><Placemark><TimeSpan><begin>2020-03-17T10:50:22Z</begin><end>2020-03-17T10:50:28Z</end></TimeSpan><styleUrl>#point</styleUrl><Point><altitudeMode>clampToGround</altitudeMode><coordinates>19.141894010826945,-33.925169035792351,439.94</coordinates></Point></Placemark><Placemark><TimeSpan><begin>2020-03-17T10:50:28Z</begin><end>2020-03-17T10:50:32Z</end></TimeSpan><styleUrl>#point</styleUrl><Point><altitudeMode>clampToGround</altitudeMode><coordinates>19.142163991928101,-33.925556028261781,442.33999999999997</coordinates></Point></Placemark><Placemark><TimeSpan><begin>2020-03-17T10:50:32Z</begin><end>2020-03-17T10:50:33Z</end></TimeSpan><styleUrl>#point</styleUrl><Point><altitudeMode>clampToGround</altitudeMode><coordinates>19.142218977212906,-33.925606990233064,446.19</coordinates></Point></Placemark><Placemark><TimeSpan><begin>2020-03-17T10:50:33Z</begin><end>2020-03-17T10:50:34Z</end></TimeSpan><styleUrl>#point</styleUrl><Point><altitudeMode>clampToGround</altitudeMode><coordinates>19.142307993024588,-33.925639009103179,446.67000000000002</coordinates></Point></Placemark><Placemark><TimeSpan><begin>2020-03-17T10:50:34Z</begin><end>2020-03-17T10:50:35Z</end></TimeSpan><styleUrl>#point</styleUrl><Point><altitudeMode>clampToGround</altitudeMode><coordinates>19.142392985522747,-33.925645966082811,447.63</coordinates></Point></Placemark><Placemark><TimeSpan><begin>2020-03-17T10:50:35Z</begin><end>2020-03-17T10:50:36Z</end></TimeSpan><styleUrl>#point</styleUrl><Point><altitudeMode>clampToGround</altitudeMode><coordinates>19.142476972192526,-33.925603972747922,449.55000000000001</coordinates></Point></Placemark><Placemark><TimeSpan><begin>2020-03-17T10:50:36Z</begin><end>2020-03-17T10:50:37Z</end></TimeSpan><styleUrl>#point</styleUrl><Point><altitudeMode>clampToGround</altitudeMode><coordinates>19.142542015761137,-33.925538007169962,451.48000000000002</coordinates></Point></Placemark><Placemark><TimeSpan><begin>2020-03-17T10:50:37Z</begin><end>2020-03-17T10:50:38Z</end></TimeSpan><styleUrl>#point</styleUrl><Point><altitudeMode>clampToGround</altitudeMode><coordinates>19.142563976347446,-33.925443962216377,453.88</coordinates></Point></Placemark><Placemark><TimeSpan><begin>2020-03-17T10:50:38Z</begin><end>2020-03-17T10:50:39Z</end></TimeSpan><styleUrl>#point</styleUrl><Point><altitudeMode>clampToGround</altitudeMode><coordinates>19.142534974962473,-33.925337009131908,456.75999999999999</coordinates></Point></Placemark><Placemark><TimeSpan><begin>2020-03-17T10:50:39Z</begin><end>2020-03-17T10:50:40Z</end></TimeSpan><styleUrl>#point</styleUrl><Point><altitudeMode>clampToGround</altitudeMode><coordinates>19.142472026869655,-33.925248999148607,458.20999999999998</coordinates></Point></Placemark><Placemark><TimeSpan><begin>2020-03-17T10:50:40Z</begin><end>2020-03-17T10:50:41Z</end></TimeSpan><styleUrl>#point</styleUrl><Point><altitudeMode>clampToGround</altitudeMode><coordinates>19.142383011057973,-33.925158977508545,460.61000000000001</coordinates></Point></Placemark><Placemark><TimeSpan><begin>2020-03-17T10:50:41Z</begin><end>2020-03-17T10:50:42Z</end></TimeSpan><styleUrl>#point</styleUrl><Point><altitudeMode>clampToGround</altitudeMode><coordinates>19.142281003296375,-33.925069961696863,462.05000000000001</coordinates></Point></Placemark><Placemark><TimeSpan><begin>2020-03-17T10:50:42Z</begin><end>2020-03-17T10:50:43Z</end></TimeSpan><styleUrl>#point</styleUrl><Point><altitudeMode>clampToGround</altitudeMode><coordinates>19.142167009413242,-33.924979018047452,463.49000000000001</coordinates></Point></Placemark><Placemark><TimeSpan><begin>2020-03-17T10:50:43Z</begin><end>2020-03-17T10:50:47Z</end></TimeSpan><styleUrl>#point</styleUrl><Point><altitudeMode>clampToGround</altitudeMode><coordinates>19.141723020002246,-33.924551960080862,468.77999999999997</coordinates></Point></Placemark><Placemark><TimeSpan><begin>2020-03-17T10:50:47Z</begin><end>2020-03-17T10:50:48Z</end></TimeSpan><styleUrl>#point</styleUrl><Point><altitudeMode>clampToGround</altitudeMode><coordinates>19.141637021675706,-33.924413993954659,469.74000000000001</coordinates></Point></Placemark><Placemark><TimeSpan><begin>2020-03-17T10:50:48Z</begin><end>2020-03-17T10:50:49Z</end></TimeSpan><styleUrl>#point</styleUrl><Point><altitudeMode>clampToGround</altitudeMode><coordinates>19.141578013077378,-33.924272004514933,470.22000000000003</coordinates></Point></Placemark><Placemark><TimeSpan><begin>2020-03-17T10:50:49Z</begin><end>2020-03-17T10:50:50Z</end></TimeSpan><styleUrl>#point</styleUrl><Point><altitudeMode>clampToGround</altitudeMode><coordinates>19.14154096506536,-33.924123980104923,471.66000000000003</coordinates></Point></Placemark><Placemark><TimeSpan><begin>2020-03-17T10:50:50Z</begin><end>2020-03-17T10:50:51Z</end></TimeSpan><styleUrl>#point</styleUrl><Point><altitudeMode>clampToGround</altitudeMode><coordinates>19.141516992822289,-33.923970004543662,472.13999999999999</coordinates></Point></Placemark><Placemark><TimeSpan><begin>2020-03-17T10:50:51Z</begin><end>2020-03-17T10:50:52Z</end></TimeSpan><styleUrl>#point</styleUrl><Point><altitudeMode>clampToGround</altitudeMode><coordinates>19.141494026407599,-33.923809994012117,473.58999999999997</coordinates></Point></Placemark><Placemark><TimeSpan><begin>2020-03-17T10:50:52Z</begin><end>2020-03-17T10:50:53Z</end></TimeSpan><styleUrl>#point</styleUrl><Point><altitudeMode>clampToGround</altitudeMode><coordinates>19.141458990052342,-33.92364302650094,475.02999999999997</coordinates></Point></Placemark><Placemark><TimeSpan><begin>2020-03-17T10:50:53Z</begin><end>2020-03-17T10:50:54Z</end></TimeSpan><styleUrl>#point</styleUrl><Point><altitudeMode>clampToGround</altitudeMode><coordinates>19.141401993110776,-33.923486033454537,475.99000000000001</coordinates></Point></Placemark><Placemark><TimeSpan><begin>2020-03-17T10:50:54Z</begin><end>2020-03-17T10:50:58Z</end></TimeSpan><styleUrl>#point</styleUrl><Point><altitudeMode>clampToGround</altitudeMode><coordinates>19.141120025888085,-33.922826964408159,480.80000000000001</coordinates></Point></Placemark><Placemark><TimeSpan><begin>2020-03-17T10:50:58Z</begin><end>2020-03-17T10:50:59Z</end></TimeSpan><styleUrl>#point</styleUrl><Point><altitudeMode>clampToGround</altitudeMode><coordinates>19.14108800701797,-33.92265597358346,482.24000000000001</coordinates></Point></Placemark><Placemark><TimeSpan><begin>2020-03-17T10:50:59Z</begin><end>2020-03-17T10:51:00Z</end></TimeSpan><styleUrl>#point</styleUrl><Point><altitudeMode>clampToGround</altitudeMode><coordinates>19.141083983704448,-33.922480037435889,483.68000000000001</coordinates></Point></Placemark><Placemark><TimeSpan><begin>2020-03-17T10:51:00Z</begin><end>2020-03-17T10:51:01Z</end></TimeSpan><styleUrl>#point</styleUrl><Point><altitudeMode>clampToGround</altitudeMode><coordinates>19.141102004796267,-33.922305023297668,484.63999999999999</coordinates></Point></Placemark><Placemark><TimeSpan><begin>2020-03-17T10:51:01Z</begin><end>2020-03-17T10:51:02Z</end></TimeSpan><styleUrl>#point</styleUrl><Point><altitudeMode>clampToGround</altitudeMode><coordinates>19.141140980646014,-33.922126991674304,486.56</coordinates></Point></Placemark><Placemark><TimeSpan><begin>2020-03-17T10:51:02Z</begin><end>2020-03-17T10:51:03Z</end></TimeSpan><styleUrl>#point</styleUrl><Point><altitudeMode>clampToGround</altitudeMode><coordinates>19.141184985637665,-33.921949965879321,488.97000000000003</coordinates></Point></Placemark><Placemark><TimeSpan><begin>2020-03-17T10:51:03Z</begin><end>2020-03-17T10:51:05Z</end></TimeSpan><styleUrl>#point</styleUrl><Point><altitudeMode>clampToGround</altitudeMode><coordinates>19.141226978972554,-33.921591974794865,492.81</coordinates></Point></Placemark><Placemark><TimeSpan><begin>2020-03-17T10:51:05Z</begin><end>2020-03-17T10:51:06Z</end></TimeSpan><styleUrl>#point</styleUrl><Point><altitudeMode>clampToGround</altitudeMode><coordinates>19.14121700450778,-33.921417966485023,492.81</coordinates></Point></Placemark><Placemark><TimeSpan><begin>2020-03-17T10:51:06Z</begin><end>2020-03-17T10:51:07Z</end></TimeSpan><styleUrl>#point</styleUrl><Point><altitudeMode>clampToGround</altitudeMode><coordinates>19.141176017001271,-33.921253010630608,493.29000000000002</coordinates></Point></Placemark><Placemark><TimeSpan><begin>2020-03-17T10:51:07Z</begin><end>2020-03-17T10:51:08Z</end></TimeSpan><styleUrl>#point</styleUrl><Point><altitudeMode>clampToGround</altitudeMode><coordinates>19.141084989532828,-33.921100040897727,495.22000000000003</coordinates></Point></Placemark><Placemark><TimeSpan><begin>2020-03-17T10:51:08Z</begin><end>2020-03-17T10:51:09Z</end></TimeSpan><styleUrl>#point</styleUrl><Point><altitudeMode>clampToGround</altitudeMode><coordinates>19.140972001478076,-33.920957967638969,496.66000000000003</coordinates></Point></Placemark><Placemark><TimeSpan><begin>2020-03-17T10:51:09Z</begin><end>2020-03-17T10:51:10Z</end></TimeSpan><styleUrl>#point</styleUrl><Point><altitudeMode>clampToGround</altitudeMode><coordinates>19.140838980674744,-33.920821007341146,497.62</coordinates></Point></Placemark><Placemark><TimeSpan><begin>2020-03-17T10:51:10Z</begin><end>2020-03-17T10:51:16Z</end></TimeSpan><styleUrl>#point</styleUrl><Point><altitudeMode>clampToGround</altitudeMode><coordinates>19.140165997669101,-33.919958006590605,505.79000000000002</coordinates></Point></Placemark><Placemark><TimeSpan><begin>2020-03-17T10:51:16Z</begin><end>2020-03-17T10:51:17Z</end></TimeSpan><styleUrl>#point</styleUrl><Point><altitudeMode>clampToGround</altitudeMode><coordinates>19.14012199267745,-33.919805036857724,506.26999999999998</coordinates></Point></Placemark><Placemark><TimeSpan><begin>2020-03-17T10:51:17Z</begin><end>2020-03-17T10:51:18Z</end></TimeSpan><styleUrl>#point</styleUrl><Point><altitudeMode>clampToGround</altitudeMode><coordinates>19.140113024041057,-33.919647037982941,507.23000000000002</coordinates></Point></Placemark><Placemark><TimeSpan><begin>2020-03-17T10:51:18Z</begin><end>2020-03-17T10:51:19Z</end></TimeSpan><styleUrl>#point</styleUrl><Point><altitudeMode>clampToGround</altitudeMode><coordinates>19.140139007940888,-33.919483004137874,508.19</coordinates></Point></Placemark><Placemark><TimeSpan><begin>2020-03-17T10:51:19Z</begin><end>2020-03-17T10:51:20Z</end></TimeSpan><styleUrl>#point</styleUrl><Point><altitudeMode>clampToGround</altitudeMode><coordinates>19.140181001275778,-33.919314024969935,509.16000000000003</coordinates></Point></Placemark><Placemark><TimeSpan><begin>2020-03-17T10:51:20Z</begin><end>2020-03-17T10:51:22Z</end></TimeSpan><styleUrl>#point</styleUrl><Point><altitudeMode>clampToGround</altitudeMode><coordinates>19.140226012095809,-33.918953016400337,508.67000000000002</coordinates></Point></Placemark><Placemark><TimeSpan><begin>2020-03-17T10:51:22Z</begin><end>2020-03-17T10:51:23Z</end></TimeSpan><styleUrl>#point</styleUrl><Point><altitudeMode>clampToGround</altitudeMode><coordinates>19.140196004882455,-33.918768027797341,511.07999999999998</coordinates></Point></Placemark><Placemark><TimeSpan><begin>2020-03-17T10:51:23Z</begin><end>2020-03-17T10:51:24Z</end></TimeSpan><styleUrl>#point</styleUrl><Point><altitudeMode>clampToGround</altitudeMode><coordinates>19.140150994062424,-33.918592007830739,512.03999999999996</coordinates></Point></Placemark><Placemark><TimeSpan><begin>2020-03-17T10:51:24Z</begin><end>2020-03-17T10:51:25Z</end></TimeSpan><styleUrl>#point</styleUrl><Point><altitudeMode>clampToGround</altitudeMode><coordinates>19.140112018212676,-33.918414982035756,513.48000000000002</coordinates></Point></Placemark><Placemark><TimeSpan><begin>2020-03-17T10:51:25Z</begin><end>2020-03-17T10:51:26Z</end></TimeSpan><styleUrl>#point</styleUrl><Point><altitudeMode>clampToGround</altitudeMode><coordinates>19.14009902626276,-33.918236028403044,515.39999999999998</coordinates></Point></Placemark><Placemark><TimeSpan><begin>2020-03-17T10:51:26Z</begin><end>2020-03-17T10:51:27Z</end></TimeSpan><styleUrl>#point</styleUrl><Point><altitudeMode>clampToGround</altitudeMode><coordinates>19.140111012384295,-33.91805799677968,516.85000000000002</coordinates></Point></Placemark><Placemark><TimeSpan><begin>2020-03-17T10:51:27Z</begin><end>2020-03-17T10:51:34Z</end></TimeSpan><styleUrl>#point</styleUrl><Point><altitudeMode>clampToGround</altitudeMode><coordinates>19.140360038727522,-33.916776990517974,519.25</coordinates></Point></Placemark><Placemark><TimeSpan><begin>2020-03-17T10:51:34Z</begin><end>2020-03-17T10:51:35Z</end></TimeSpan><styleUrl>#point</styleUrl><Point><altitudeMode>clampToGround</altitudeMode><coordinates>19.140418963506818,-33.916626032441854,520.21000000000004</coordinates></Point></Placemark><Placemark><TimeSpan><begin>2020-03-17T10:51:35Z</begin><end>2020-03-17T10:51:36Z</end></TimeSpan><styleUrl>#point</styleUrl><Point><altitudeMode>clampToGround</altitudeMode><coordinates>19.140500016510487,-33.916481025516987,520.69000000000005</coordinates></Point></Placemark><Placemark><TimeSpan><begin>2020-03-17T10:51:36Z</begin><end>2020-03-17T10:51:47Z</end></TimeSpan><styleUrl>#point</styleUrl><Point><altitudeMode>clampToGround</altitudeMode><coordinates>19.141725031659007,-33.914990974590182,534.63</coordinates></Point></Placemark><Placemark><TimeSpan><begin>2020-03-17T10:51:47Z</begin><end>2020-03-17T10:51:48Z</end></TimeSpan><styleUrl>#point</styleUrl><Point><altitudeMode>clampToGround</altitudeMode><coordinates>19.14183902554214,-33.914846973493695,536.07000000000005</coordinates></Point></Placemark><Placemark><TimeSpan><begin>2020-03-17T10:51:48Z</begin><end>2020-03-17T10:51:49Z</end></TimeSpan><styleUrl>#point</styleUrl><Point><altitudeMode>clampToGround</altitudeMode><coordinates>19.141932986676693,-33.914694003760815,537.50999999999999</coordinates></Point></Placemark><Placemark><TimeSpan><begin>2020-03-17T10:51:49Z</begin><end>2020-03-17T10:51:50Z</end></TimeSpan><styleUrl>#point</styleUrl><Point><altitudeMode>clampToGround</altitudeMode><coordinates>19.142017979174852,-33.914529969915748,537.99000000000001</coordinates></Point></Placemark><Placemark><TimeSpan><begin>2020-03-17T10:51:50Z</begin><end>2020-03-17T10:51:57Z</end></TimeSpan><styleUrl>#point</styleUrl><Point><altitudeMode>clampToGround</altitudeMode><coordinates>19.142609992995858,-33.913452979177237,547.61000000000001</coordinates></Point></Placemark><Placemark><TimeSpan><begin>2020-03-17T10:51:57Z</begin><end>2020-03-17T10:51:58Z</end></TimeSpan><styleUrl>#point</styleUrl><Point><altitudeMode>clampToGround</altitudeMode><coordinates>19.142743013799191,-33.913325993344188,549.52999999999997</coordinates></Point></Placemark><Placemark><TimeSpan><begin>2020-03-17T10:51:58Z</begin><end>2020-03-17T10:51:59Z</end></TimeSpan><styleUrl>#point</styleUrl><Point><altitudeMode>clampToGround</altitudeMode><coordinates>19.142891960218549,-33.913210993632674,550.97000000000003</coordinates></Point></Placemark><Placemark><TimeSpan><begin>2020-03-17T10:51:59Z</begin><end>2020-03-17T10:52:00Z</end></TimeSpan><styleUrl>#point</styleUrl><Point><altitudeMode>clampToGround</altitudeMode><coordinates>19.143056999891996,-33.913102028891444,551.92999999999995</coordinates></Point></Placemark><Placemark><TimeSpan><begin>2020-03-17T10:52:00Z</begin><end>2020-03-17T10:52:01Z</end></TimeSpan><styleUrl>#point</styleUrl><Point><altitudeMode>clampToGround</altitudeMode><coordinates>19.143225979059935,-33.912997003644705,553.38</coordinates></Point></Placemark><Placemark><TimeSpan><begin>2020-03-17T10:52:01Z</begin><end>2020-03-17T10:52:10Z</end></TimeSpan><styleUrl>#point</styleUrl><Point><altitudeMode>clampToGround</altitudeMode><coordinates>19.144887020811439,-33.911966029554605,567.32000000000005</coordinates></Point></Placemark><Placemark><TimeSpan><begin>2020-03-17T10:52:10Z</begin><end>2020-03-17T10:52:11Z</end></TimeSpan><styleUrl>#point</styleUrl><Point><altitudeMode>clampToGround</altitudeMode><coordinates>19.145045019686222,-33.911818005144596,569.24000000000001</coordinates></Point></Placemark><Placemark><TimeSpan><begin>2020-03-17T10:52:11Z</begin><end>2020-03-17T10:52:21Z</end></TimeSpan><styleUrl>#point</styleUrl><Point><altitudeMode>clampToGround</altitudeMode><coordinates>19.14680496789515,-33.910410013049841,587.5</coordinates></Point></Placemark><Placemark><TimeSpan><begin>2020-03-17T10:52:21Z</begin><end>2020-03-17T10:52:31Z</end></TimeSpan><styleUrl>#point</styleUrl><Point><altitudeMode>clampToGround</altitudeMode><coordinates>19.148437008261681,-33.90918399207294,603.85000000000002</coordinates></Point></Placemark><Placemark><TimeSpan><begin>2020-03-17T10:52:31Z</begin><end>2020-03-17T10:52:32Z</end></TimeSpan><styleUrl>#point</styleUrl><Point><altitudeMode>clampToGround</altitudeMode><coordinates>19.148575980216265,-33.909096987918019,605.76999999999998</coordinates></Point></Placemark><Placemark><TimeSpan><begin>2020-03-17T10:52:32Z</begin><end>2020-03-17T10:52:33Z</end></TimeSpan><styleUrl>#point</styleUrl><Point><altitudeMode>clampToGround</altitudeMode><coordinates>19.148735990747809,-33.909025993198156,607.21000000000004</coordinates></Point></Placemark><Placemark><TimeSpan><begin>2020-03-17T10:52:33Z</begin><end>2020-03-17T10:52:34Z</end></TimeSpan><styleUrl>#point</styleUrl><Point><altitudeMode>clampToGround</altitudeMode><coordinates>19.148899018764496,-33.908976037055254,608.16999999999996</coordinates></Point></Placemark><Placemark><TimeSpan><begin>2020-03-17T10:52:34Z</begin><end>2020-03-17T10:52:35Z</end></TimeSpan><styleUrl>#point</styleUrl><Point><altitudeMode>clampToGround</altitudeMode><coordinates>19.149061962962151,-33.908943012356758,610.09000000000003</coordinates></Point></Placemark><Placemark><TimeSpan><begin>2020-03-17T10:52:35Z</begin><end>2020-03-17T10:52:36Z</end></TimeSpan><styleUrl>#point</styleUrl><Point><altitudeMode>clampToGround</altitudeMode><coordinates>19.149237982928753,-33.908933959901333,611.53999999999996</coordinates></Point></Placemark><Placemark><TimeSpan><begin>2020-03-17T10:52:36Z</begin><end>2020-03-17T10:52:37Z</end></TimeSpan><styleUrl>#point</styleUrl><Point><altitudeMode>clampToGround</altitudeMode><coordinates>19.149410985410213,-33.908933959901333,612.98000000000002</coordinates></Point></Placemark><Placemark><TimeSpan><begin>2020-03-17T10:52:37Z</begin><end>2020-03-17T10:52:38Z</end></TimeSpan><styleUrl>#point</styleUrl><Point><altitudeMode>clampToGround</altitudeMode><coordinates>19.149583987891674,-33.908922979608178,614.41999999999996</coordinates></Point></Placemark><Placemark><TimeSpan><begin>2020-03-17T10:52:38Z</begin><end>2020-03-17T10:52:39Z</end></TimeSpan><styleUrl>#point</styleUrl><Point><altitudeMode>clampToGround</altitudeMode><coordinates>19.149757996201515,-33.908890960738063,615.38</coordinates></Point></Placemark><Placemark><TimeSpan><begin>2020-03-17T10:52:39Z</begin><end>2020-03-17T10:52:40Z</end></TimeSpan><styleUrl>#point</styleUrl><Point><altitudeMode>clampToGround</altitudeMode><coordinates>19.149923035874963,-33.908833963796496,616.82000000000005</coordinates></Point></Placemark><Placemark><TimeSpan><begin>2020-03-17T10:52:40Z</begin><end>2020-03-17T10:52:41Z</end></TimeSpan><styleUrl>#point</styleUrl><Point><altitudeMode>clampToGround</altitudeMode><coordinates>19.150079023092985,-33.908757017925382,618.25999999999999</coordinates></Point></Placemark><Placemark><TimeSpan><begin>2020-03-17T10:52:41Z</begin><end>2020-03-17T10:52:42Z</end></TimeSpan><styleUrl>#point</styleUrl><Point><altitudeMode>clampToGround</altitudeMode><coordinates>19.150226963683963,-33.908672025427222,619.71000000000004</coordinates></Point></Placemark><Placemark><TimeSpan><begin>2020-03-17T10:52:42Z</begin><end>2020-03-17T10:52:43Z</end></TimeSpan><styleUrl>#point</styleUrl><Point><altitudeMode>clampToGround</altitudeMode><coordinates>19.150375993922353,-33.908588960766792,621.63</coordinates></Point></Placemark><Placemark><TimeSpan><begin>2020-03-17T10:52:43Z</begin><end>2020-03-17T10:52:44Z</end></TimeSpan><styleUrl>#point</styleUrl><Point><altitudeMode>clampToGround</altitudeMode><coordinates>19.150528041645885,-33.908526012673974,623.07000000000005</coordinates></Point></Placemark><Placemark><TimeSpan><begin>2020-03-17T10:52:44Z</begin><end>2020-03-17T10:52:45Z</end></TimeSpan><styleUrl>#point</styleUrl><Point><altitudeMode>clampToGround</altitudeMode><coordinates>19.150681011378765,-33.908484019339085,624.02999999999997</coordinates></Point></Placemark><Placemark><TimeSpan><begin>2020-03-17T10:52:45Z</begin><end>2020-03-17T10:52:46Z</end></TimeSpan><styleUrl>#point</styleUrl><Point><altitudeMode>clampToGround</altitudeMode><coordinates>19.150836998596787,-33.908455017954111,624.50999999999999</coordinates></Point></Placemark><Placemark><TimeSpan><begin>2020-03-17T10:52:46Z</begin><end>2020-03-17T10:52:47Z</end></TimeSpan><styleUrl>#point</styleUrl><Point><altitudeMode>clampToGround</altitudeMode><coordinates>19.150991979986429,-33.908436996862292,624.50999999999999</coordinates></Point></Placemark><Placemark><TimeSpan><begin>2020-03-17T10:52:47Z</begin><end>2020-03-17T10:52:48Z</end></TimeSpan><styleUrl>#point</styleUrl><Point><altitudeMode>clampToGround</altitudeMode><coordinates>19.1511420160532,-33.908399026840925,625.47000000000003</coordinates></Point></Placemark><Placemark><TimeSpan><begin>2020-03-17T10:52:48Z</begin><end>2020-03-17T10:52:49Z</end></TimeSpan><styleUrl>#point</styleUrl><Point><altitudeMode>clampToGround</altitudeMode><coordinates>19.151280988007784,-33.908342029899359,626.44000000000005</coordinates></Point></Placemark><Placemark><TimeSpan><begin>2020-03-17T10:52:49Z</begin><end>2020-03-17T10:52:50Z</end></TimeSpan><styleUrl>#point</styleUrl><Point><altitudeMode>clampToGround</altitudeMode><coordinates>19.151413002982736,-33.908262988552451,627.39999999999998</coordinates></Point></Placemark><Placemark><TimeSpan><begin>2020-03-17T10:52:50Z</begin><end>2020-03-17T10:52:51Z</end></TimeSpan><styleUrl>#point</styleUrl><Point><altitudeMode>clampToGround</altitudeMode><coordinates>19.151544012129307,-33.908169027417898,628.84000000000003</coordinates></Point></Placemark><Placemark><TimeSpan><begin>2020-03-17T10:52:51Z</begin><end>2020-03-17T10:52:52Z</end></TimeSpan><styleUrl>#point</styleUrl><Point><altitudeMode>clampToGround</altitudeMode><coordinates>19.151676027104259,-33.908070037141442,630.27999999999997</coordinates></Point></Placemark><Placemark><TimeSpan><begin>2020-03-17T10:52:52Z</begin><end>2020-03-17T10:52:55Z</end></TimeSpan><styleUrl>#point</styleUrl><Point><altitudeMode>clampToGround</altitudeMode><coordinates>19.152041980996728,-33.907720008864999,634.61000000000001</coordinates></Point></Placemark><Placemark><TimeSpan><begin>2020-03-17T10:52:55Z</begin><end>2020-03-17T10:52:56Z</end></TimeSpan><styleUrl>#point</styleUrl><Point><altitudeMode>clampToGround</altitudeMode><coordinates>19.152138959616423,-33.907567039132118,636.52999999999997</coordinates></Point></Placemark><Placemark><TimeSpan><begin>2020-03-17T10:52:56Z</begin><end>2020-03-17T10:53:02Z</end></TimeSpan><styleUrl>#point</styleUrl><Point><altitudeMode>clampToGround</altitudeMode><coordinates>19.152798028662801,-33.906685011461377,645.65999999999997</coordinates></Point></Placemark><Placemark><TimeSpan><begin>2020-03-17T10:53:02Z</begin><end>2020-03-17T10:53:03Z</end></TimeSpan><styleUrl>#point</styleUrl><Point><altitudeMode>clampToGround</altitudeMode><coordinates>19.152954015880823,-33.906560037285089,647.10000000000002</coordinates></Point></Placemark><Placemark><TimeSpan><begin>2020-03-17T10:53:03Z</begin><end>2020-03-17T10:53:04Z</end></TimeSpan><styleUrl>#point</styleUrl><Point><altitudeMode>clampToGround</altitudeMode><coordinates>19.153127018362284,-33.906446965411305,649.02999999999997</coordinates></Point></Placemark><Placemark><TimeSpan><begin>2020-03-17T10:53:04Z</begin><end>2020-03-17T10:53:12Z</end></TimeSpan><styleUrl>#point</styleUrl><Point><altitudeMode>clampToGround</altitudeMode><coordinates>19.154551019892097,-33.905512969940901,662.97000000000003</coordinates></Point></Placemark><Placemark><TimeSpan><begin>2020-03-17T10:53:12Z</begin><end>2020-03-17T10:53:16Z</end></TimeSpan><styleUrl>#point</styleUrl><Point><altitudeMode>clampToGround</altitudeMode><coordinates>19.155188966542482,-33.905133018270135,669.70000000000005</coordinates></Point></Placemark><Placemark><TimeSpan><begin>2020-03-17T10:53:16Z</begin><end>2020-03-17T10:53:17Z</end></TimeSpan><styleUrl>#point</styleUrl><Point><altitudeMode>clampToGround</altitudeMode><coordinates>19.155315030366182,-33.905024975538254,671.13999999999999</coordinates></Point></Placemark><Placemark><TimeSpan><begin>2020-03-17T10:53:17Z</begin><end>2020-03-17T10:53:18Z</end></TimeSpan><styleUrl>#point</styleUrl><Point><altitudeMode>clampToGround</altitudeMode><coordinates>19.155432963743806,-33.904916010797024,673.05999999999995</coordinates></Point></Placemark><Placemark><TimeSpan><begin>2020-03-17T10:53:18Z</begin><end>2020-03-17T10:53:22Z</end></TimeSpan><styleUrl>#point</styleUrl><Point><altitudeMode>clampToGround</altitudeMode><coordinates>19.155807970091701,-33.904483001679182,676.41999999999996</coordinates></Point></Placemark><Placemark><TimeSpan><begin>2020-03-17T10:53:22Z</begin><end>2020-03-17T10:53:23Z</end></TimeSpan><styleUrl>#point</styleUrl><Point><altitudeMode>clampToGround</altitudeMode><coordinates>19.155853986740112,-33.904362972825766,677.38999999999999</coordinates></Point></Placemark><Placemark><TimeSpan><begin>2020-03-17T10:53:23Z</begin><end>2020-03-17T10:53:24Z</end></TimeSpan><styleUrl>#point</styleUrl><Point><altitudeMode>clampToGround</altitudeMode><coordinates>19.155871002003551,-33.904236992821097,678.35000000000002</coordinates></Point></Placemark><Placemark><TimeSpan><begin>2020-03-17T10:53:24Z</begin><end>2020-03-17T10:53:25Z</end></TimeSpan><styleUrl>#point</styleUrl><Point><altitudeMode>clampToGround</altitudeMode><coordinates>19.155864967033267,-33.904101960361004,679.30999999999995</coordinates></Point></Placemark><Placemark><TimeSpan><begin>2020-03-17T10:53:25Z</begin><end>2020-03-17T10:53:26Z</end></TimeSpan><styleUrl>#point</styleUrl><Point><altitudeMode>clampToGround</altitudeMode><coordinates>19.155850969254971,-33.903965000063181,680.26999999999998</coordinates></Point></Placemark><Placemark><TimeSpan><begin>2020-03-17T10:53:26Z</begin><end>2020-03-17T10:53:28Z</end></TimeSpan><styleUrl>#point</styleUrl><Point><altitudeMode>clampToGround</altitudeMode><coordinates>19.155872007831931,-33.903697030618787,682.19000000000005</coordinates></Point></Placemark><Placemark><TimeSpan><begin>2020-03-17T10:53:28Z</begin><end>2020-03-17T10:53:29Z</end></TimeSpan><styleUrl>#point</styleUrl><Point><altitudeMode>clampToGround</altitudeMode><coordinates>19.155925987288356,-33.903565015643835,683.63</coordinates></Point></Placemark><Placemark><TimeSpan><begin>2020-03-17T10:53:29Z</begin><end>2020-03-17T10:53:30Z</end></TimeSpan><styleUrl>#point</styleUrl><Point><altitudeMode>clampToGround</altitudeMode><coordinates>19.156004022806883,-33.90344800427556,684.60000000000002</coordinates></Point></Placemark><Placemark><TimeSpan><begin>2020-03-17T10:53:30Z</begin><end>2020-03-17T10:53:33Z</end></TimeSpan><styleUrl>#point</styleUrl><Point><altitudeMode>clampToGround</altitudeMode><coordinates>19.1562569886446,-33.90310300514102,687.96000000000004</coordinates></Point></Placemark><Placemark><TimeSpan><begin>2020-03-17T10:53:33Z</begin><end>2020-03-17T10:53:34Z</end></TimeSpan><styleUrl>#point</styleUrl><Point><altitudeMode>clampToGround</altitudeMode><coordinates>19.156294036656618,-33.902969984337687,688.44000000000005</coordinates></Point></Placemark><Placemark><TimeSpan><begin>2020-03-17T10:53:34Z</begin><end>2020-03-17T10:53:35Z</end></TimeSpan><styleUrl>#point</styleUrl><Point><altitudeMode>clampToGround</altitudeMode><coordinates>19.15630099363625,-33.902826989069581,689.88</coordinates></Point></Placemark><Placemark><TimeSpan><begin>2020-03-17T10:53:35Z</begin><end>2020-03-17T10:53:39Z</end></TimeSpan><styleUrl>#point</styleUrl><Point><altitudeMode>clampToGround</altitudeMode><coordinates>19.156214995309711,-33.902315022423863,694.69000000000005</coordinates></Point></Placemark><Placemark><TimeSpan><begin>2020-03-17T10:53:39Z</begin><end>2020-03-17T10:53:40Z</end></TimeSpan><styleUrl>#point</styleUrl><Point><altitudeMode>clampToGround</altitudeMode><coordinates>19.156147018074989,-33.902221983298659,695.16999999999996</coordinates></Point></Placemark><Placemark><TimeSpan><begin>2020-03-17T10:53:40Z</begin><end>2020-03-17T10:53:41Z</end></TimeSpan><styleUrl>#point</styleUrl><Point><altitudeMode>clampToGround</altitudeMode><coordinates>19.156039981171489,-33.902169009670615,695.64999999999998</coordinates></Point></Placemark><Placemark><TimeSpan><begin>2020-03-17T10:53:41Z</begin><end>2020-03-17T10:53:42Z</end></TimeSpan><styleUrl>#point</styleUrl><Point><altitudeMode>clampToGround</altitudeMode><coordinates>19.155918024480343,-33.902148976922035,696.13</coordinates></Point></Placemark><Placemark><TimeSpan><begin>2020-03-17T10:53:42Z</begin><end>2020-03-17T10:53:43Z</end></TimeSpan><styleUrl>#point</styleUrl><Point><altitudeMode>clampToGround</altitudeMode><coordinates>19.155792966485023,-33.902134979143739,696.61000000000001</coordinates></Point></Placemark><Placemark><TimeSpan><begin>2020-03-17T10:53:43Z</begin><end>2020-03-17T10:53:45Z</end></TimeSpan><styleUrl>#point</styleUrl><Point><altitudeMode>clampToGround</altitudeMode><coordinates>19.155586017295718,-33.902075970545411,697.09000000000003</coordinates></Point></Placemark><Placemark><TimeSpan><begin>2020-03-17T10:53:45Z</begin><end>2020-03-17T10:53:46Z</end></TimeSpan><styleUrl>#point</styleUrl><Point><altitudeMode>clampToGround</altitudeMode><coordinates>19.155530026182532,-33.902011010795832,697.57000000000005</coordinates></Point></Placemark><Placemark><TimeSpan><begin>2020-03-17T10:53:46Z</begin><end>2020-03-17T10:53:47Z</end></TimeSpan><styleUrl>#point</styleUrl><Point><altitudeMode>clampToGround</altitudeMode><coordinates>19.155523991212249,-33.901935992762446,698.04999999999995</coordinates></Point></Placemark><Placemark><TimeSpan><begin>2020-03-17T10:53:47Z</begin><end>2020-03-17T10:53:48Z</end></TimeSpan><styleUrl>#point</styleUrl><Point><altitudeMode>clampToGround</altitudeMode><coordinates>19.155566990375519,-33.901869021356106,699.01999999999998</coordinates></Point></Placemark><Placemark><TimeSpan><begin>2020-03-17T10:53:48Z</begin><end>2020-03-17T10:53:49Z</end></TimeSpan><styleUrl>#point</styleUrl><Point><altitudeMode>clampToGround</altitudeMode><coordinates>19.155646031722426,-33.901831973344088,699.98000000000002</coordinates></Point></Placemark><Placemark><TimeSpan><begin>2020-03-17T10:53:49Z</begin><end>2020-03-17T10:53:50Z</end></TimeSpan><styleUrl>#point</styleUrl><Point><altitudeMode>clampToGround</altitudeMode><coordinates>19.155736975371838,-33.901824010536075,701.41999999999996</coordinates></Point></Placemark><Placemark><TimeSpan><begin>2020-03-17T10:53:50Z</begin><end>2020-03-17T10:53:51Z</end></TimeSpan><styleUrl>#point</styleUrl><Point><altitudeMode>clampToGround</altitudeMode><coordinates>19.155832026153803,-33.901849994435906,702.86000000000001</coordinates></Point></Placemark><Placemark><TimeSpan><begin>2020-03-17T10:53:51Z</begin><end>2020-03-17T10:53:52Z</end></TimeSpan><styleUrl>#point</styleUrl><Point><altitudeMode>clampToGround</altitudeMode><coordinates>19.155935039743781,-33.90190003439784,703.82000000000005</coordinates></Point></Placemark><Placemark><TimeSpan><begin>2020-03-17T10:53:52Z</begin><end>2020-03-17T10:53:53Z</end></TimeSpan><styleUrl>#point</styleUrl><Point><altitudeMode>clampToGround</altitudeMode><coordinates>19.156039981171489,-33.901965999975801,704.29999999999995</coordinates></Point></Placemark><Placemark><TimeSpan><begin>2020-03-17T10:53:53Z</begin><end>2020-03-17T10:53:54Z</end></TimeSpan><styleUrl>#point</styleUrl><Point><altitudeMode>clampToGround</altitudeMode><coordinates>19.156147018074989,-33.902035988867283,705.25999999999999</coordinates></Point></Placemark><Placemark><TimeSpan><begin>2020-03-17T10:53:54Z</begin><end>2020-03-17T10:53:55Z</end></TimeSpan><styleUrl>#point</styleUrl><Point><altitudeMode>clampToGround</altitudeMode><coordinates>19.156254976987839,-33.902116036042571,706.23000000000002</coordinates></Point></Placemark><Placemark><TimeSpan><begin>2020-03-17T10:53:55Z</begin><end>2020-03-17T10:53:56Z</end></TimeSpan><styleUrl>#point</styleUrl><Point><altitudeMode>clampToGround</altitudeMode><coordinates>19.156353967264295,-33.902205973863602,707.19000000000005</coordinates></Point></Placemark><Placemark><TimeSpan><begin>2020-03-17T10:53:56Z</begin><end>2020-03-17T10:53:57Z</end></TimeSpan><styleUrl>#point</styleUrl><Point><altitudeMode>clampToGround</altitudeMode><coordinates>19.156435020267963,-33.902313010767102,708.63</coordinates></Point></Placemark><Placemark><TimeSpan><begin>2020-03-17T10:53:57Z</begin><end>2020-03-17T10:53:58Z</end></TimeSpan><styleUrl>#point</styleUrl><Point><altitudeMode>clampToGround</altitudeMode><coordinates>19.15649201720953,-33.902435973286629,710.07000000000005</coordinates></Point></Placemark><Placemark><TimeSpan><begin>2020-03-17T10:53:58Z</begin><end>2020-03-17T10:53:59Z</end></TimeSpan><styleUrl>#point</styleUrl><Point><altitudeMode>clampToGround</altitudeMode><coordinates>19.156537028029561,-33.902564970776439,710.54999999999995</coordinates></Point></Placemark><Placemark><TimeSpan><begin>2020-03-17T10:53:59Z</begin><end>2020-03-17T10:54:00Z</end></TimeSpan><styleUrl>#point</styleUrl><Point><altitudeMode>clampToGround</altitudeMode><coordinates>19.156568041071296,-33.902704026550055,710.54999999999995</coordinates></Point></Placemark><Placemark><TimeSpan><begin>2020-03-17T10:54:00Z</begin><end>2020-03-17T10:54:01Z</end></TimeSpan><styleUrl>#point</styleUrl><Point><altitudeMode>clampToGround</altitudeMode><coordinates>19.156592013314366,-33.902847021818161,711.50999999999999</coordinates></Point></Placemark><Placemark><TimeSpan><begin>2020-03-17T10:54:01Z</begin><end>2020-03-17T10:54:03Z</end></TimeSpan><styleUrl>#point</styleUrl><Point><altitudeMode>clampToGround</altitudeMode><coordinates>19.156636018306017,-33.903134018182755,712.95000000000005</coordinates></Point></Placemark><Placemark><TimeSpan><begin>2020-03-17T10:54:03Z</begin><end>2020-03-17T10:54:04Z</end></TimeSpan><styleUrl>#point</styleUrl><Point><altitudeMode>clampToGround</altitudeMode><coordinates>19.156625038012862,-33.903280030936003,713.44000000000005</coordinates></Point></Placemark><Placemark><TimeSpan><begin>2020-03-17T10:54:04Z</begin><end>2020-03-17T10:54:05Z</end></TimeSpan><styleUrl>#point</styleUrl><Point><altitudeMode>clampToGround</altitudeMode><coordinates>19.156584972515702,-33.903428977355361,714.88</coordinates></Point></Placemark><Placemark><TimeSpan><begin>2020-03-17T10:54:05Z</begin><end>2020-03-17T10:54:07Z</end></TimeSpan><styleUrl>#point</styleUrl><Point><altitudeMode>clampToGround</altitudeMode><coordinates>19.156511966139078,-33.903733994811773,716.32000000000005</coordinates></Point></Placemark><Placemark><TimeSpan><begin>2020-03-17T10:54:07Z</begin><end>2020-03-17T10:54:08Z</end></TimeSpan><styleUrl>#point</styleUrl><Point><altitudeMode>clampToGround</altitudeMode><coordinates>19.156512971967459,-33.903901968151331,716.79999999999995</coordinates></Point></Placemark><Placemark><TimeSpan><begin>2020-03-17T10:54:08Z</begin><end>2020-03-17T10:54:09Z</end></TimeSpan><styleUrl>#point</styleUrl><Point><altitudeMode>clampToGround</altitudeMode><coordinates>19.156539961695671,-33.904074970632792,718.24000000000001</coordinates></Point></Placemark><Placemark><TimeSpan><begin>2020-03-17T10:54:09Z</begin><end>2020-03-17T10:54:11Z</end></TimeSpan><styleUrl>#point</styleUrl><Point><altitudeMode>clampToGround</altitudeMode><coordinates>19.156612968072295,-33.904441008344293,719.20000000000005</coordinates></Point></Placemark><Placemark><TimeSpan><begin>2020-03-17T10:54:11Z</begin><end>2020-03-17T10:54:12Z</end></TimeSpan><styleUrl>#point</styleUrl><Point><altitudeMode>clampToGround</altitudeMode><coordinates>19.156616991385818,-33.904633037745953,720.15999999999997</coordinates></Point></Placemark><Placemark><TimeSpan><begin>2020-03-17T10:54:12Z</begin><end>2020-03-17T10:54:20Z</end></TimeSpan><styleUrl>#point</styleUrl><Point><altitudeMode>clampToGround</altitudeMode><coordinates>19.156652027741075,-33.906164998188615,726.88999999999999</coordinates></Point></Placemark><Placemark><TimeSpan><begin>2020-03-17T10:54:20Z</begin><end>2020-03-17T10:54:26Z</end></TimeSpan><styleUrl>#point</styleUrl><Point><altitudeMode>clampToGround</altitudeMode><coordinates>19.15698504075408,-33.907064963132143,726.88999999999999</coordinates></Point></Placemark><Placemark><TimeSpan><begin>2020-03-17T10:54:26Z</begin><end>2020-03-17T10:54:32Z</end></TimeSpan><styleUrl>#point</styleUrl><Point><altitudeMode>clampToGround</altitudeMode><coordinates>19.15741897188127,-33.907940033823252,724.49000000000001</coordinates></Point></Placemark><Placemark><TimeSpan><begin>2020-03-17T10:54:32Z</begin><end>2020-03-17T10:54:39Z</end></TimeSpan><styleUrl>#point</styleUrl><Point><altitudeMode>clampToGround</altitudeMode><coordinates>19.157704962417483,-33.9093760214746,719.20000000000005</coordinates></Point></Placemark><Placemark><TimeSpan><begin>2020-03-17T10:54:39Z</begin><end>2020-03-17T10:54:47Z</end></TimeSpan><styleUrl>#point</styleUrl><Point><altitudeMode>clampToGround</altitudeMode><coordinates>19.157890034839511,-33.911024993285537,715.36000000000001</coordinates></Point></Placemark><Placemark><TimeSpan><begin>2020-03-17T10:54:47Z</begin><end>2020-03-17T10:54:48Z</end></TimeSpan><styleUrl>#point</styleUrl><Point><altitudeMode>clampToGround</altitudeMode><coordinates>19.15784602984786,-33.911217022687197,715.36000000000001</coordinates></Point></Placemark><Placemark><TimeSpan><begin>2020-03-17T10:54:48Z</begin><end>2020-03-17T10:54:49Z</end></TimeSpan><styleUrl>#point</styleUrl><Point><altitudeMode>clampToGround</altitudeMode><coordinates>19.15778299793601,-33.911404022946954,714.88</coordinates></Point></Placemark><Placemark><TimeSpan><begin>2020-03-17T10:54:49Z</begin><end>2020-03-17T10:54:50Z</end></TimeSpan><styleUrl>#point</styleUrl><Point><altitudeMode>clampToGround</altitudeMode><coordinates>19.157702028751373,-33.911583982408047,714.88</coordinates></Point></Placemark><Placemark><TimeSpan><begin>2020-03-17T10:54:50Z</begin><end>2020-03-17T10:54:51Z</end></TimeSpan><styleUrl>#point</styleUrl><Point><altitudeMode>clampToGround</altitudeMode><coordinates>19.157603960484266,-33.911760002374649,714.39999999999998</coordinates></Point></Placemark><Placemark><TimeSpan><begin>2020-03-17T10:54:51Z</begin><end>2020-03-17T10:54:52Z</end></TimeSpan><styleUrl>#point</styleUrl><Point><altitudeMode>clampToGround</altitudeMode><coordinates>19.157478986307979,-33.911929987370968,713.91999999999996</coordinates></Point></Placemark><Placemark><TimeSpan><begin>2020-03-17T10:54:52Z</begin><end>2020-03-17T10:54:53Z</end></TimeSpan><styleUrl>#point</styleUrl><Point><altitudeMode>clampToGround</altitudeMode><coordinates>19.15733196772635,-33.912087986245751,713.91999999999996</coordinates></Point></Placemark><Placemark><TimeSpan><begin>2020-03-17T10:54:53Z</begin><end>2020-03-17T10:54:54Z</end></TimeSpan><styleUrl>#point</styleUrl><Point><altitudeMode>clampToGround</altitudeMode><coordinates>19.157173968851566,-33.912241039797664,714.39999999999998</coordinates></Point></Placemark><Placemark><TimeSpan><begin>2020-03-17T10:54:54Z</begin><end>2020-03-17T10:54:56Z</end></TimeSpan><styleUrl>#point</styleUrl><Point><altitudeMode>clampToGround</altitudeMode><coordinates>19.156899964436889,-33.912580003961921,713.44000000000005</coordinates></Point></Placemark><Placemark><TimeSpan><begin>2020-03-17T10:54:56Z</begin><end>2020-03-17T10:54:57Z</end></TimeSpan><styleUrl>#point</styleUrl><Point><altitudeMode>clampToGround</altitudeMode><coordinates>19.1567940171808,-33.912761975079775,712.95000000000005</coordinates></Point></Placemark><Placemark><TimeSpan><begin>2020-03-17T10:54:57Z</begin><end>2020-03-17T10:55:00Z</end></TimeSpan><styleUrl>#point</styleUrl><Point><altitudeMode>clampToGround</altitudeMode><coordinates>19.15655898861587,-33.913316018879414,710.54999999999995</coordinates></Point></Placemark><Placemark><TimeSpan><begin>2020-03-17T10:55:00Z</begin><end>2020-03-17T10:55:01Z</end></TimeSpan><styleUrl>#point</styleUrl><Point><altitudeMode>clampToGround</altitudeMode><coordinates>19.156538033857942,-33.913506036624312,710.07000000000005</coordinates></Point></Placemark><Placemark><TimeSpan><begin>2020-03-17T10:55:01Z</begin><end>2020-03-17T10:55:02Z</end></TimeSpan><styleUrl>#point</styleUrl><Point><altitudeMode>clampToGround</altitudeMode><coordinates>19.156564017757773,-33.913694964721799,709.11000000000001</coordinates></Point></Placemark><Placemark><TimeSpan><begin>2020-03-17T10:55:02Z</begin><end>2020-03-17T10:55:03Z</end></TimeSpan><styleUrl>#point</styleUrl><Point><altitudeMode>clampToGround</altitudeMode><coordinates>19.156638029962778,-33.913875008001924,708.63</coordinates></Point></Placemark><Placemark><TimeSpan><begin>2020-03-17T10:55:03Z</begin><end>2020-03-17T10:55:04Z</end></TimeSpan><styleUrl>#point</styleUrl><Point><altitudeMode>clampToGround</altitudeMode><coordinates>19.156748000532389,-33.914044992998242,707.66999999999996</coordinates></Point></Placemark><Placemark><TimeSpan><begin>2020-03-17T10:55:04Z</begin><end>2020-03-17T10:55:05Z</end></TimeSpan><styleUrl>#point</styleUrl><Point><altitudeMode>clampToGround</altitudeMode><coordinates>19.156913040205836,-33.914207015186548,702.86000000000001</coordinates></Point></Placemark><Placemark><TimeSpan><begin>2020-03-17T10:55:05Z</begin><end>2020-03-17T10:55:06Z</end></TimeSpan><styleUrl>#point</styleUrl><Point><altitudeMode>clampToGround</altitudeMode><coordinates>19.15707103908062,-33.914351016283035,700.94000000000005</coordinates></Point></Placemark><Placemark><TimeSpan><begin>2020-03-17T10:55:06Z</begin><end>2020-03-17T10:55:07Z</end></TimeSpan><styleUrl>#point</styleUrl><Point><altitudeMode>clampToGround</altitudeMode><coordinates>19.157213028520346,-33.914489988237619,699.98000000000002</coordinates></Point></Placemark><Placemark><TimeSpan><begin>2020-03-17T10:55:07Z</begin><end>2020-03-17T10:55:08Z</end></TimeSpan><styleUrl>#point</styleUrl><Point><altitudeMode>clampToGround</altitudeMode><coordinates>19.15733196772635,-33.914639018476009,698.04999999999995</coordinates></Point></Placemark><Placemark><TimeSpan><begin>2020-03-17T10:55:08Z</begin><end>2020-03-17T10:55:09Z</end></TimeSpan><styleUrl>#point</styleUrl><Point><altitudeMode>clampToGround</altitudeMode><coordinates>19.157411009073257,-33.914799029007554,697.09000000000003</coordinates></Point></Placemark><Placemark><TimeSpan><begin>2020-03-17T10:55:09Z</begin><end>2020-03-17T10:55:10Z</end></TimeSpan><styleUrl>#point</styleUrl><Point><altitudeMode>clampToGround</altitudeMode><coordinates>19.15746096521616,-33.914965996518731,695.64999999999998</coordinates></Point></Placemark><Placemark><TimeSpan><begin>2020-03-17T10:55:10Z</begin><end>2020-03-17T10:55:11Z</end></TimeSpan><styleUrl>#point</styleUrl><Point><altitudeMode>clampToGround</altitudeMode><coordinates>19.157475968822837,-33.915131958201528,694.69000000000005</coordinates></Point></Placemark><Placemark><TimeSpan><begin>2020-03-17T10:55:11Z</begin><end>2020-03-17T10:55:12Z</end></TimeSpan><styleUrl>#point</styleUrl><Point><altitudeMode>clampToGround</altitudeMode><coordinates>19.157463982701302,-33.915300015360117,694.21000000000004</coordinates></Point></Placemark><Placemark><TimeSpan><begin>2020-03-17T10:55:12Z</begin><end>2020-03-17T10:55:13Z</end></TimeSpan><styleUrl>#point</styleUrl><Point><altitudeMode>clampToGround</altitudeMode><coordinates>19.157456019893289,-33.915462037548423,690.84000000000003</coordinates></Point></Placemark><Placemark><TimeSpan><begin>2020-03-17T10:55:13Z</begin><end>2020-03-17T10:55:14Z</end></TimeSpan><styleUrl>#point</styleUrl><Point><altitudeMode>clampToGround</altitudeMode><coordinates>19.157467000186443,-33.915621964260936,689.88</coordinates></Point></Placemark><Placemark><TimeSpan><begin>2020-03-17T10:55:14Z</begin><end>2020-03-17T10:55:15Z</end></TimeSpan><styleUrl>#point</styleUrl><Point><altitudeMode>clampToGround</altitudeMode><coordinates>19.157531037926674,-33.915764959529042,686.51999999999998</coordinates></Point></Placemark><Placemark><TimeSpan><begin>2020-03-17T10:55:15Z</begin><end>2020-03-17T10:55:16Z</end></TimeSpan><styleUrl>#point</styleUrl><Point><altitudeMode>clampToGround</altitudeMode><coordinates>19.157637991011143,-33.915883982554078,685.08000000000004</coordinates></Point></Placemark><Placemark><TimeSpan><begin>2020-03-17T10:55:16Z</begin><end>2020-03-17T10:55:17Z</end></TimeSpan><styleUrl>#point</styleUrl><Point><altitudeMode>clampToGround</altitudeMode><coordinates>19.157787021249533,-33.915980961173773,682.66999999999996</coordinates></Point></Placemark><Placemark><TimeSpan><begin>2020-03-17T10:55:17Z</begin><end>2020-03-17T10:55:18Z</end></TimeSpan><styleUrl>#point</styleUrl><Point><altitudeMode>clampToGround</altitudeMode><coordinates>19.157946025952697,-33.916048016399145,680.75</coordinates></Point></Placemark><Placemark><TimeSpan><begin>2020-03-17T10:55:18Z</begin><end>2020-03-17T10:55:19Z</end></TimeSpan><styleUrl>#point</styleUrl><Point><altitudeMode>clampToGround</altitudeMode><coordinates>19.158101007342339,-33.916111970320344,678.83000000000004</coordinates></Point></Placemark><Placemark><TimeSpan><begin>2020-03-17T10:55:19Z</begin><end>2020-03-17T10:55:20Z</end></TimeSpan><styleUrl>#point</styleUrl><Point><altitudeMode>clampToGround</altitudeMode><coordinates>19.15823302231729,-33.916192017495632,677.87</coordinates></Point></Placemark><Placemark><TimeSpan><begin>2020-03-17T10:55:20Z</begin><end>2020-03-17T10:55:21Z</end></TimeSpan><styleUrl>#point</styleUrl><Point><altitudeMode>clampToGround</altitudeMode><coordinates>19.158334024250507,-33.916293019428849,676.90999999999997</coordinates></Point></Placemark><Placemark><TimeSpan><begin>2020-03-17T10:55:21Z</begin><end>2020-03-17T10:55:22Z</end></TimeSpan><styleUrl>#point</styleUrl><Point><altitudeMode>clampToGround</altitudeMode><coordinates>19.158394960686564,-33.916422016918659,676.41999999999996</coordinates></Point></Placemark><Placemark><TimeSpan><begin>2020-03-17T10:55:22Z</begin><end>2020-03-17T10:55:23Z</end></TimeSpan><styleUrl>#point</styleUrl><Point><altitudeMode>clampToGround</altitudeMode><coordinates>19.158411975950003,-33.916567023843527,675.46000000000004</coordinates></Point></Placemark><Placemark><TimeSpan><begin>2020-03-17T10:55:23Z</begin><end>2020-03-17T10:55:24Z</end></TimeSpan><styleUrl>#point</styleUrl><Point><altitudeMode>clampToGround</altitudeMode><coordinates>19.158406024798751,-33.916726028546691,675.94000000000005</coordinates></Point></Placemark><Placemark><TimeSpan><begin>2020-03-17T10:55:24Z</begin><end>2020-03-17T10:55:25Z</end></TimeSpan><styleUrl>#point</styleUrl><Point><altitudeMode>clampToGround</altitudeMode><coordinates>19.158402001485229,-33.91689701937139,674.5</coordinates></Point></Placemark><Placemark><TimeSpan><begin>2020-03-17T10:55:25Z</begin><end>2020-03-17T10:55:26Z</end></TimeSpan><styleUrl>#point</styleUrl><Point><altitudeMode>clampToGround</altitudeMode><coordinates>19.158422034233809,-33.917076978832483,674.01999999999998</coordinates></Point></Placemark><Placemark><TimeSpan><begin>2020-03-17T10:55:26Z</begin><end>2020-03-17T10:55:27Z</end></TimeSpan><styleUrl>#point</styleUrl><Point><altitudeMode>clampToGround</altitudeMode><coordinates>19.158466961234808,-33.91726003959775,673.05999999999995</coordinates></Point></Placemark><Placemark><TimeSpan><begin>2020-03-17T10:55:27Z</begin><end>2020-03-17T10:55:28Z</end></TimeSpan><styleUrl>#point</styleUrl><Point><altitudeMode>clampToGround</altitudeMode><coordinates>19.158529993146658,-33.917446034029126,672.10000000000002</coordinates></Point></Placemark><Placemark><TimeSpan><begin>2020-03-17T10:55:28Z</begin><end>2020-03-17T10:55:37Z</end></TimeSpan><styleUrl>#point</styleUrl><Point><altitudeMode>clampToGround</altitudeMode><coordinates>19.159141033887863,-33.919080002233386,662.00999999999999</coordinates></Point></Placemark><Placemark><TimeSpan><begin>2020-03-17T10:55:37Z</begin><end>2020-03-17T10:55:38Z</end></TimeSpan><styleUrl>#point</styleUrl><Point><altitudeMode>clampToGround</altitudeMode><coordinates>19.159148996695876,-33.919247975572944,661.51999999999998</coordinates></Point></Placemark><Placemark><TimeSpan><begin>2020-03-17T10:55:38Z</begin><end>2020-03-17T10:55:39Z</end></TimeSpan><styleUrl>#point</styleUrl><Point><altitudeMode>clampToGround</altitudeMode><coordinates>19.159127036109567,-33.919418966397643,661.03999999999996</coordinates></Point></Placemark><Placemark><TimeSpan><begin>2020-03-17T10:55:39Z</begin><end>2020-03-17T10:55:42Z</end></TimeSpan><styleUrl>#point</styleUrl><Point><altitudeMode>clampToGround</altitudeMode><coordinates>19.159035002812743,-33.919954989105463,656.72000000000003</coordinates></Point></Placemark><Placemark><TimeSpan><begin>2020-03-17T10:55:42Z</begin><end>2020-03-17T10:55:43Z</end></TimeSpan><styleUrl>#point</styleUrl><Point><altitudeMode>clampToGround</altitudeMode><coordinates>19.159043971449137,-33.920144001021981,656.24000000000001</coordinates></Point></Placemark><Placemark><TimeSpan><begin>2020-03-17T10:55:43Z</begin><end>2020-03-17T10:55:44Z</end></TimeSpan><styleUrl>#point</styleUrl><Point><altitudeMode>clampToGround</altitudeMode><coordinates>19.159089988097548,-33.920326977968216,654.30999999999995</coordinates></Point></Placemark><Placemark><TimeSpan><begin>2020-03-17T10:55:44Z</begin><end>2020-03-17T10:55:45Z</end></TimeSpan><styleUrl>#point</styleUrl><Point><altitudeMode>clampToGround</altitudeMode><coordinates>19.159167017787695,-33.920500986278057,651.90999999999997</coordinates></Point></Placemark><Placemark><TimeSpan><begin>2020-03-17T10:55:45Z</begin><end>2020-03-17T10:55:46Z</end></TimeSpan><styleUrl>#point</styleUrl><Point><altitudeMode>clampToGround</altitudeMode><coordinates>19.159229965880513,-33.920668959617615,650.95000000000005</coordinates></Point></Placemark><Placemark><TimeSpan><begin>2020-03-17T10:55:46Z</begin><end>2020-03-17T10:55:47Z</end></TimeSpan><styleUrl>#point</styleUrl><Point><altitudeMode>clampToGround</altitudeMode><coordinates>19.159282017499208,-33.920838022604585,649.50999999999999</coordinates></Point></Placemark><Placemark><TimeSpan><begin>2020-03-17T10:55:47Z</begin><end>2020-03-17T10:55:48Z</end></TimeSpan><styleUrl>#point</styleUrl><Point><altitudeMode>clampToGround</altitudeMode><coordinates>19.159311018884182,-33.921013958752155,647.59000000000003</coordinates></Point></Placemark><Placemark><TimeSpan><begin>2020-03-17T10:55:48Z</begin><end>2020-03-17T10:55:49Z</end></TimeSpan><styleUrl>#point</styleUrl><Point><altitudeMode>clampToGround</altitudeMode><coordinates>19.159314958378673,-33.921188972890377,646.13999999999999</coordinates></Point></Placemark><Placemark><TimeSpan><begin>2020-03-17T10:55:49Z</begin><end>2020-03-17T10:55:50Z</end></TimeSpan><styleUrl>#point</styleUrl><Point><altitudeMode>clampToGround</altitudeMode><coordinates>19.159292997792363,-33.921363987028599,645.65999999999997</coordinates></Point></Placemark><Placemark><TimeSpan><begin>2020-03-17T10:55:50Z</begin><end>2020-03-17T10:55:51Z</end></TimeSpan><styleUrl>#point</styleUrl><Point><altitudeMode>clampToGround</altitudeMode><coordinates>19.159251004457474,-33.921535983681679,644.22000000000003</coordinates></Point></Placemark><Placemark><TimeSpan><begin>2020-03-17T10:55:51Z</begin><end>2020-03-17T10:55:52Z</end></TimeSpan><styleUrl>#point</styleUrl><Point><altitudeMode>clampToGround</altitudeMode><coordinates>19.159187972545624,-33.921698005869985,643.74000000000001</coordinates></Point></Placemark><Placemark><TimeSpan><begin>2020-03-17T10:55:52Z</begin><end>2020-03-17T10:55:53Z</end></TimeSpan><styleUrl>#point</styleUrl><Point><altitudeMode>clampToGround</altitudeMode><coordinates>19.159109015017748,-33.921854998916388,642.77999999999997</coordinates></Point></Placemark><Placemark><TimeSpan><begin>2020-03-17T10:55:53Z</begin><end>2020-03-17T10:55:54Z</end></TimeSpan><styleUrl>#point</styleUrl><Point><altitudeMode>clampToGround</altitudeMode><coordinates>19.159015975892544,-33.921994976699352,642.29999999999995</coordinates></Point></Placemark><Placemark><TimeSpan><begin>2020-03-17T10:55:54Z</begin><end>2020-03-17T10:55:55Z</end></TimeSpan><styleUrl>#point</styleUrl><Point><altitudeMode>clampToGround</altitudeMode><coordinates>19.15892100892961,-33.922129003331065,641.34000000000003</coordinates></Point></Placemark><Placemark><TimeSpan><begin>2020-03-17T10:55:55Z</begin><end>2020-03-17T10:55:56Z</end></TimeSpan><styleUrl>#point</styleUrl><Point><altitudeMode>clampToGround</altitudeMode><coordinates>19.158836016431451,-33.922258000820875,639.88999999999999</coordinates></Point></Placemark><Placemark><TimeSpan><begin>2020-03-17T10:55:56Z</begin><end>2020-03-17T10:55:57Z</end></TimeSpan><styleUrl>#point</styleUrl><Point><altitudeMode>clampToGround</altitudeMode><coordinates>19.1587920114398,-33.922383980825543,636.04999999999995</coordinates></Point></Placemark><Placemark><TimeSpan><begin>2020-03-17T10:55:57Z</begin><end>2020-03-17T10:55:58Z</end></TimeSpan><styleUrl>#point</styleUrl><Point><altitudeMode>clampToGround</altitudeMode><coordinates>19.158786982297897,-33.922503003850579,635.09000000000003</coordinates></Point></Placemark><Placemark><TimeSpan><begin>2020-03-17T10:55:58Z</begin><end>2020-03-17T10:55:59Z</end></TimeSpan><styleUrl>#point</styleUrl><Point><altitudeMode>clampToGround</altitudeMode><coordinates>19.158843979239464,-33.922614986076951,632.67999999999995</coordinates></Point></Placemark><Placemark><TimeSpan><begin>2020-03-17T10:55:59Z</begin><end>2020-03-17T10:56:00Z</end></TimeSpan><styleUrl>#point</styleUrl><Point><altitudeMode>clampToGround</altitudeMode><coordinates>19.158938024193048,-33.922702996060252,629.79999999999995</coordinates></Point></Placemark><Placemark><TimeSpan><begin>2020-03-17T10:56:00Z</begin><end>2020-03-17T10:56:01Z</end></TimeSpan><styleUrl>#point</styleUrl><Point><altitudeMode>clampToGround</altitudeMode><coordinates>19.15905000641942,-33.922758987173438,628.84000000000003</coordinates></Point></Placemark><Placemark><TimeSpan><begin>2020-03-17T10:56:01Z</begin><end>2020-03-17T10:56:02Z</end></TimeSpan><styleUrl>#point</styleUrl><Point><altitudeMode>clampToGround</altitudeMode><coordinates>19.159181015565991,-33.922777008265257,627.88</coordinates></Point></Placemark><Placemark><TimeSpan><begin>2020-03-17T10:56:02Z</begin><end>2020-03-17T10:56:03Z</end></TimeSpan><styleUrl>#point</styleUrl><Point><altitudeMode>clampToGround</altitudeMode><coordinates>19.159316970035434,-33.922754041850567,626.91999999999996</coordinates></Point></Placemark><Placemark><TimeSpan><begin>2020-03-17T10:56:03Z</begin><end>2020-03-17T10:56:04Z</end></TimeSpan><styleUrl>#point</styleUrl><Point><altitudeMode>clampToGround</altitudeMode><coordinates>19.159441022202373,-33.92269897274673,625.47000000000003</coordinates></Point></Placemark><Placemark><TimeSpan><begin>2020-03-17T10:56:04Z</begin><end>2020-03-17T10:56:05Z</end></TimeSpan><styleUrl>#point</styleUrl><Point><altitudeMode>clampToGround</altitudeMode><coordinates>19.15954302996397,-33.92261398024857,624.50999999999999</coordinates></Point></Placemark><Placemark><TimeSpan><begin>2020-03-17T10:56:05Z</begin><end>2020-03-17T10:56:06Z</end></TimeSpan><styleUrl>#point</styleUrl><Point><altitudeMode>clampToGround</altitudeMode><coordinates>19.159644031897187,-33.922519013285637,623.54999999999995</coordinates></Point></Placemark><Placemark><TimeSpan><begin>2020-03-17T10:56:06Z</begin><end>2020-03-17T10:56:07Z</end></TimeSpan><styleUrl>#point</styleUrl><Point><altitudeMode>clampToGround</altitudeMode><coordinates>19.159735981374979,-33.922408036887646,623.54999999999995</coordinates></Point></Placemark><Placemark><TimeSpan><begin>2020-03-17T10:56:07Z</begin><end>2020-03-17T10:56:16Z</end></TimeSpan><styleUrl>#point</styleUrl><Point><altitudeMode>clampToGround</altitudeMode><coordinates>19.160707024857402,-33.921147985383868,619.71000000000004</coordinates></Point></Placemark><Placemark><TimeSpan><begin>2020-03-17T10:56:16Z</begin><end>2020-03-17T10:56:23Z</end></TimeSpan><styleUrl>#point</styleUrl><Point><altitudeMode>clampToGround</altitudeMode><coordinates>19.161474974825978,-33.920182976871729,615.86000000000001</coordinates></Point></Placemark><Placemark><TimeSpan><begin>2020-03-17T10:56:23Z</begin><end>2020-03-17T10:56:24Z</end></TimeSpan><styleUrl>#point</styleUrl><Point><altitudeMode>clampToGround</altitudeMode><coordinates>19.161595003679395,-33.920081974938512,615.38</coordinates></Point></Placemark><Placemark><TimeSpan><begin>2020-03-17T10:56:24Z</begin><end>2020-03-17T10:56:25Z</end></TimeSpan><styleUrl>#point</styleUrl><Point><altitudeMode>clampToGround</altitudeMode><coordinates>19.161724001169205,-33.919999999925494,614.41999999999996</coordinates></Point></Placemark><Placemark><TimeSpan><begin>2020-03-17T10:56:25Z</begin><end>2020-03-17T10:56:26Z</end></TimeSpan><styleUrl>#point</styleUrl><Point><altitudeMode>clampToGround</altitudeMode><coordinates>19.161861967295408,-33.919946020469069,614.41999999999996</coordinates></Point></Placemark><Placemark><TimeSpan><begin>2020-03-17T10:56:26Z</begin><end>2020-03-17T10:56:27Z</end></TimeSpan><styleUrl>#point</styleUrl><Point><altitudeMode>clampToGround</altitudeMode><coordinates>19.162009991705418,-33.919919030740857,613.46000000000004</coordinates></Point></Placemark><Placemark><TimeSpan><begin>2020-03-17T10:56:27Z</begin><end>2020-03-17T10:56:28Z</end></TimeSpan><styleUrl>#point</styleUrl><Point><altitudeMode>clampToGround</altitudeMode><coordinates>19.162159021943808,-33.919920036569238,613.46000000000004</coordinates></Point></Placemark><Placemark><TimeSpan><begin>2020-03-17T10:56:28Z</begin><end>2020-03-17T10:56:29Z</end></TimeSpan><styleUrl>#point</styleUrl><Point><altitudeMode>clampToGround</altitudeMode><coordinates>19.162307968363166,-33.919943002983928,612.98000000000002</coordinates></Point></Placemark><Placemark><TimeSpan><begin>2020-03-17T10:56:29Z</begin><end>2020-03-17T10:56:30Z</end></TimeSpan><styleUrl>#point</styleUrl><Point><altitudeMode>clampToGround</altitudeMode><coordinates>19.162469990551472,-33.920005029067397,612.01999999999998</coordinates></Point></Placemark><Placemark><TimeSpan><begin>2020-03-17T10:56:30Z</begin><end>2020-03-17T10:56:31Z</end></TimeSpan><styleUrl>#point</styleUrl><Point><altitudeMode>clampToGround</altitudeMode><coordinates>19.162613991647959,-33.920079041272402,611.53999999999996</coordinates></Point></Placemark><Placemark><TimeSpan><begin>2020-03-17T10:56:31Z</begin><end>2020-03-17T10:56:32Z</end></TimeSpan><styleUrl>#point</styleUrl><Point><altitudeMode>clampToGround</altitudeMode><coordinates>19.162740977481008,-33.920173002406955,610.57000000000005</coordinates></Point></Placemark><Placemark><TimeSpan><begin>2020-03-17T10:56:32Z</begin><end>2020-03-17T10:56:33Z</end></TimeSpan><styleUrl>#point</styleUrl><Point><altitudeMode>clampToGround</altitudeMode><coordinates>19.162842985242605,-33.920284984633327,610.09000000000003</coordinates></Point></Placemark><Placemark><TimeSpan><begin>2020-03-17T10:56:33Z</begin><end>2020-03-17T10:56:34Z</end></TimeSpan><styleUrl>#point</styleUrl><Point><altitudeMode>clampToGround</altitudeMode><coordinates>19.162911968305707,-33.920416999608278,609.61000000000001</coordinates></Point></Placemark><Placemark><TimeSpan><begin>2020-03-17T10:56:34Z</begin><end>2020-03-17T10:56:35Z</end></TimeSpan><styleUrl>#point</styleUrl><Point><altitudeMode>clampToGround</altitudeMode><coordinates>19.162947004660964,-33.920565024018288,609.13</coordinates></Point></Placemark><Placemark><TimeSpan><begin>2020-03-17T10:56:35Z</begin><end>2020-03-17T10:56:36Z</end></TimeSpan><styleUrl>#point</styleUrl><Point><altitudeMode>clampToGround</altitudeMode><coordinates>19.162952033802867,-33.920717993751168,608.64999999999998</coordinates></Point></Placemark><Placemark><TimeSpan><begin>2020-03-17T10:56:36Z</begin><end>2020-03-17T10:56:37Z</end></TimeSpan><styleUrl>#point</styleUrl><Point><altitudeMode>clampToGround</altitudeMode><coordinates>19.162910962477326,-33.920867023989558,608.16999999999996</coordinates></Point></Placemark><Placemark><TimeSpan><begin>2020-03-17T10:56:37Z</begin><end>2020-03-17T10:56:38Z</end></TimeSpan><styleUrl>#point</styleUrl><Point><altitudeMode>clampToGround</altitudeMode><coordinates>19.162838961929083,-33.921008007600904,607.21000000000004</coordinates></Point></Placemark><Placemark><TimeSpan><begin>2020-03-17T10:56:38Z</begin><end>2020-03-17T10:56:39Z</end></TimeSpan><styleUrl>#point</styleUrl><Point><altitudeMode>clampToGround</altitudeMode><coordinates>19.16272496804595,-33.921127030625939,606.73000000000002</coordinates></Point></Placemark><Placemark><TimeSpan><begin>2020-03-17T10:56:39Z</begin><end>2020-03-17T10:56:40Z</end></TimeSpan><styleUrl>#point</styleUrl><Point><altitudeMode>clampToGround</altitudeMode><coordinates>19.16257300414145,-33.921218980103731,606.25</coordinates></Point></Placemark><Placemark><TimeSpan><begin>2020-03-17T10:56:40Z</begin><end>2020-03-17T10:56:41Z</end></TimeSpan><styleUrl>#point</styleUrl><Point><altitudeMode>clampToGround</altitudeMode><coordinates>19.162406958639622,-33.921287963166833,605.28999999999996</coordinates></Point></Placemark><Placemark><TimeSpan><begin>2020-03-17T10:56:41Z</begin><end>2020-03-17T10:56:42Z</end></TimeSpan><styleUrl>#point</styleUrl><Point><altitudeMode>clampToGround</altitudeMode><coordinates>19.16222901083529,-33.921340014785528,604.33000000000004</coordinates></Point></Placemark><Placemark><TimeSpan><begin>2020-03-17T10:56:42Z</begin><end>2020-03-17T10:56:43Z</end></TimeSpan><styleUrl>#point</styleUrl><Point><altitudeMode>clampToGround</altitudeMode><coordinates>19.162053996697068,-33.921383013948798,603.85000000000002</coordinates></Point></Placemark><Placemark><TimeSpan><begin>2020-03-17T10:56:43Z</begin><end>2020-03-17T10:56:46Z</end></TimeSpan><styleUrl>#point</styleUrl><Point><altitudeMode>clampToGround</altitudeMode><coordinates>19.161534989252687,-33.921559033915401,600</coordinates></Point></Placemark><Placemark><TimeSpan><begin>2020-03-17T10:56:46Z</begin><end>2020-03-17T10:56:47Z</end></TimeSpan><styleUrl>#point</styleUrl><Point><altitudeMode>clampToGround</altitudeMode><coordinates>19.161373972892761,-33.921650983393192,599.51999999999998</coordinates></Point></Placemark><Placemark><TimeSpan><begin>2020-03-17T10:56:47Z</begin><end>2020-03-17T10:56:48Z</end></TimeSpan><styleUrl>#point</styleUrl><Point><altitudeMode>clampToGround</altitudeMode><coordinates>19.161227038130164,-33.921761959791183,598.55999999999995</coordinates></Point></Placemark><Placemark><TimeSpan><begin>2020-03-17T10:56:48Z</begin><end>2020-03-17T10:56:49Z</end></TimeSpan><styleUrl>#point</styleUrl><Point><altitudeMode>clampToGround</altitudeMode><coordinates>19.161101980134845,-33.921899003908038,598.08000000000004</coordinates></Point></Placemark><Placemark><TimeSpan><begin>2020-03-17T10:56:49Z</begin><end>2020-03-17T10:56:50Z</end></TimeSpan><styleUrl>#point</styleUrl><Point><altitudeMode>clampToGround</altitudeMode><coordinates>19.161007013171911,-33.922050967812538,597.12</coordinates></Point></Placemark><Placemark><TimeSpan><begin>2020-03-17T10:56:50Z</begin><end>2020-03-17T10:56:51Z</end></TimeSpan><styleUrl>#point</styleUrl><Point><altitudeMode>clampToGround</altitudeMode><coordinates>19.160924032330513,-33.922213995829225,596.14999999999998</coordinates></Point></Placemark><Placemark><TimeSpan><begin>2020-03-17T10:56:51Z</begin><end>2020-03-17T10:56:52Z</end></TimeSpan><styleUrl>#point</styleUrl><Point><altitudeMode>clampToGround</altitudeMode><coordinates>19.160844990983605,-33.922388004139066,596.14999999999998</coordinates></Point></Placemark><Placemark><TimeSpan><begin>2020-03-17T10:56:52Z</begin><end>2020-03-17T10:56:58Z</end></TimeSpan><styleUrl>#point</styleUrl><Point><altitudeMode>clampToGround</altitudeMode><coordinates>19.160333024337888,-33.923423001542687,591.83000000000004</coordinates></Point></Placemark><Placemark><TimeSpan><begin>2020-03-17T10:56:58Z</begin><end>2020-03-17T10:56:59Z</end></TimeSpan><styleUrl>#point</styleUrl><Point><altitudeMode>clampToGround</altitudeMode><coordinates>19.160200003534555,-33.923581000417471,591.83000000000004</coordinates></Point></Placemark><Placemark><TimeSpan><begin>2020-03-17T10:56:59Z</begin><end>2020-03-17T10:57:00Z</end></TimeSpan><styleUrl>#point</styleUrl><Point><altitudeMode>clampToGround</altitudeMode><coordinates>19.160050973296165,-33.923732964321971,590.87</coordinates></Point></Placemark><Placemark><TimeSpan><begin>2020-03-17T10:57:00Z</begin><end>2020-03-17T10:57:01Z</end></TimeSpan><styleUrl>#point</styleUrl><Point><altitudeMode>clampToGround</altitudeMode><coordinates>19.159870008006692,-33.923871014267206,589.90999999999997</coordinates></Point></Placemark><Placemark><TimeSpan><begin>2020-03-17T10:57:01Z</begin><end>2020-03-17T10:57:02Z</end></TimeSpan><styleUrl>#point</styleUrl><Point><altitudeMode>clampToGround</altitudeMode><coordinates>19.159664986655116,-33.924006968736649,589.42999999999995</coordinates></Point></Placemark><Placemark><TimeSpan><begin>2020-03-17T10:57:02Z</begin><end>2020-03-17T10:57:09Z</end></TimeSpan><styleUrl>#point</styleUrl><Point><altitudeMode>clampToGround</altitudeMode><coordinates>19.158423040062189,-33.924954039976001,580.76999999999998</coordinates></Point></Placemark><Placemark><TimeSpan><begin>2020-03-17T10:57:09Z</begin><end>2020-03-17T10:57:10Z</end></TimeSpan><styleUrl>#point</styleUrl><Point><altitudeMode>clampToGround</altitudeMode><coordinates>19.158331006765366,-33.925077002495527,579.33000000000004</coordinates></Point></Placemark><Placemark><TimeSpan><begin>2020-03-17T10:57:10Z</begin><end>2020-03-17T10:57:11Z</end></TimeSpan><styleUrl>#point</styleUrl><Point><altitudeMode>clampToGround</altitudeMode><coordinates>19.158296976238489,-33.925213040784001,578.85000000000002</coordinates></Point></Placemark><Placemark><TimeSpan><begin>2020-03-17T10:57:11Z</begin><end>2020-03-17T10:57:12Z</end></TimeSpan><styleUrl>#point</styleUrl><Point><altitudeMode>clampToGround</altitudeMode><coordinates>19.158326983451843,-33.925350001081824,578.37</coordinates></Point></Placemark><Placemark><TimeSpan><begin>2020-03-17T10:57:12Z</begin><end>2020-03-17T10:57:13Z</end></TimeSpan><styleUrl>#point</styleUrl><Point><altitudeMode>clampToGround</altitudeMode><coordinates>19.158414993435144,-33.925478998571634,577.40999999999997</coordinates></Point></Placemark><Placemark><TimeSpan><begin>2020-03-17T10:57:13Z</begin><end>2020-03-17T10:57:14Z</end></TimeSpan><styleUrl>#point</styleUrl><Point><altitudeMode>clampToGround</altitudeMode><coordinates>19.15855597704649,-33.925595004111528,574.52999999999997</coordinates></Point></Placemark><Placemark><TimeSpan><begin>2020-03-17T10:57:14Z</begin><end>2020-03-17T10:57:15Z</end></TimeSpan><styleUrl>#point</styleUrl><Point><altitudeMode>clampToGround</altitudeMode><coordinates>19.158702995628119,-33.9257069863379,573.55999999999995</coordinates></Point></Placemark><Placemark><TimeSpan><begin>2020-03-17T10:57:15Z</begin><end>2020-03-17T10:57:17Z</end></TimeSpan><styleUrl>#point</styleUrl><Point><altitudeMode>clampToGround</altitudeMode><coordinates>19.158979011699557,-33.925954001024365,571.15999999999997</coordinates></Point></Placemark><Placemark><TimeSpan><begin>2020-03-17T10:57:17Z</begin><end>2020-03-17T10:57:18Z</end></TimeSpan><styleUrl>#point</styleUrl><Point><altitudeMode>clampToGround</altitudeMode><coordinates>19.15909199975431,-33.926100013777614,569.72000000000003</coordinates></Point></Placemark><Placemark><TimeSpan><begin>2020-03-17T10:57:18Z</begin><end>2020-03-17T10:57:19Z</end></TimeSpan><styleUrl>#point</styleUrl><Point><altitudeMode>clampToGround</altitudeMode><coordinates>19.159186966717243,-33.926261030137539,568.75999999999999</coordinates></Point></Placemark><Placemark><TimeSpan><begin>2020-03-17T10:57:19Z</begin><end>2020-03-17T10:57:20Z</end></TimeSpan><styleUrl>#point</styleUrl><Point><altitudeMode>clampToGround</altitudeMode><coordinates>19.159253016114235,-33.926438977941871,567.79999999999995</coordinates></Point></Placemark><Placemark><TimeSpan><begin>2020-03-17T10:57:20Z</begin><end>2020-03-17T10:57:21Z</end></TimeSpan><styleUrl>#point</styleUrl><Point><altitudeMode>clampToGround</altitudeMode><coordinates>19.159301966428757,-33.926639975979924,566.83000000000004</coordinates></Point></Placemark><Placemark><TimeSpan><begin>2020-03-17T10:57:21Z</begin><end>2020-03-17T10:57:22Z</end></TimeSpan><styleUrl>#point</styleUrl><Point><altitudeMode>clampToGround</altitudeMode><coordinates>19.159333985298872,-33.926843991503119,565.38999999999999</coordinates></Point></Placemark><Placemark><TimeSpan><begin>2020-03-17T10:57:22Z</begin><end>2020-03-17T10:57:24Z</end></TimeSpan><styleUrl>#point</styleUrl><Point><altitudeMode>clampToGround</altitudeMode><coordinates>19.159441022202373,-33.927279012277722,564.42999999999995</coordinates></Point></Placemark><Placemark><TimeSpan><begin>2020-03-17T10:57:24Z</begin><end>2020-03-17T10:57:25Z</end></TimeSpan><styleUrl>#point</styleUrl><Point><altitudeMode>clampToGround</altitudeMode><coordinates>19.159527020528913,-33.92748998478055,562.99000000000001</coordinates></Point></Placemark><Placemark><TimeSpan><begin>2020-03-17T10:57:25Z</begin><end>2020-03-17T10:57:31Z</end></TimeSpan><styleUrl>#point</styleUrl><Point><altitudeMode>clampToGround</altitudeMode><coordinates>19.160022977739573,-33.9285200368613,556.74000000000001</coordinates></Point></Placemark><Placemark><TimeSpan><begin>2020-03-17T10:57:31Z</begin><end>2020-03-17T10:57:32Z</end></TimeSpan><styleUrl>#point</styleUrl><Point><altitudeMode>clampToGround</altitudeMode><coordinates>19.160105958580971,-33.928635036572814,555.77999999999997</coordinates></Point></Placemark><Placemark><TimeSpan><begin>2020-03-17T10:57:32Z</begin><end>2020-03-17T10:57:33Z</end></TimeSpan><styleUrl>#point</styleUrl><Point><altitudeMode>clampToGround</altitudeMode><coordinates>19.160240991041064,-33.928722040727735,552.89999999999998</coordinates></Point></Placemark><Placemark><TimeSpan><begin>2020-03-17T10:57:33Z</begin><end>2020-03-17T10:57:34Z</end></TimeSpan><styleUrl>#point</styleUrl><Point><altitudeMode>clampToGround</altitudeMode><coordinates>19.160392032936215,-33.928787000477314,550.97000000000003</coordinates></Point></Placemark><Placemark><TimeSpan><begin>2020-03-17T10:57:34Z</begin><end>2020-03-17T10:57:35Z</end></TimeSpan><styleUrl>#point</styleUrl><Point><altitudeMode>clampToGround</altitudeMode><coordinates>19.160548020154238,-33.928806027397513,550.49000000000001</coordinates></Point></Placemark><Placemark><TimeSpan><begin>2020-03-17T10:57:35Z</begin><end>2020-03-17T10:57:36Z</end></TimeSpan><styleUrl>#point</styleUrl><Point><altitudeMode>clampToGround</altitudeMode><coordinates>19.160707024857402,-33.928794041275978,548.57000000000005</coordinates></Point></Placemark><Placemark><TimeSpan><begin>2020-03-17T10:57:36Z</begin><end>2020-03-17T10:57:37Z</end></TimeSpan><styleUrl>#point</styleUrl><Point><altitudeMode>clampToGround</altitudeMode><coordinates>19.160864017903805,-33.928797980770469,547.61000000000001</coordinates></Point></Placemark><Placemark><TimeSpan><begin>2020-03-17T10:57:37Z</begin><end>2020-03-17T10:57:38Z</end></TimeSpan><styleUrl>#point</styleUrl><Point><altitudeMode>clampToGround</altitudeMode><coordinates>19.161018999293447,-33.928824970498681,547.13</coordinates></Point></Placemark><Placemark><TimeSpan><begin>2020-03-17T10:57:38Z</begin><end>2020-03-17T10:57:39Z</end></TimeSpan><styleUrl>#point</styleUrl><Point><altitudeMode>clampToGround</altitudeMode><coordinates>19.161179009824991,-33.92888699658215,544.24000000000001</coordinates></Point></Placemark><Placemark><TimeSpan><begin>2020-03-17T10:57:39Z</begin><end>2020-03-17T10:57:43Z</end></TimeSpan><styleUrl>#point</styleUrl><Point><altitudeMode>clampToGround</altitudeMode><coordinates>19.161754008382559,-33.929211962968111,540.39999999999998</coordinates></Point></Placemark><Placemark><TimeSpan><begin>2020-03-17T10:57:43Z</begin><end>2020-03-17T10:57:44Z</end></TimeSpan><styleUrl>#point</styleUrl><Point><altitudeMode>clampToGround</altitudeMode><coordinates>19.161851992830634,-33.929313970729709,539.44000000000005</coordinates></Point></Placemark><Placemark><TimeSpan><begin>2020-03-17T10:57:44Z</begin><end>2020-03-17T10:57:45Z</end></TimeSpan><styleUrl>#point</styleUrl><Point><altitudeMode>clampToGround</altitudeMode><coordinates>19.161919970065355,-33.929430982097983,538.48000000000002</coordinates></Point></Placemark><Placemark><TimeSpan><begin>2020-03-17T10:57:45Z</begin><end>2020-03-17T10:57:46Z</end></TimeSpan><styleUrl>#point</styleUrl><Point><altitudeMode>clampToGround</altitudeMode><coordinates>19.161963975057006,-33.929575989022851,537.02999999999997</coordinates></Point></Placemark><Placemark><TimeSpan><begin>2020-03-17T10:57:46Z</begin><end>2020-03-17T10:57:47Z</end></TimeSpan><styleUrl>#point</styleUrl><Point><altitudeMode>clampToGround</altitudeMode><coordinates>19.161991970613599,-33.929720995947719,536.07000000000005</coordinates></Point></Placemark><Placemark><TimeSpan><begin>2020-03-17T10:57:47Z</begin><end>2020-03-17T10:57:48Z</end></TimeSpan><styleUrl>#point</styleUrl><Point><altitudeMode>clampToGround</altitudeMode><coordinates>19.162033963948488,-33.929872959852219,535.11000000000001</coordinates></Point></Placemark><Placemark><TimeSpan><begin>2020-03-17T10:57:48Z</begin><end>2020-03-17T10:57:49Z</end></TimeSpan><styleUrl>#point</styleUrl><Point><altitudeMode>clampToGround</altitudeMode><coordinates>19.162104036659002,-33.930019978433847,533.66999999999996</coordinates></Point></Placemark><Placemark><TimeSpan><begin>2020-03-17T10:57:49Z</begin><end>2020-03-17T10:57:50Z</end></TimeSpan><styleUrl>#point</styleUrl><Point><altitudeMode>clampToGround</altitudeMode><coordinates>19.162197997793555,-33.930164985358715,533.66999999999996</coordinates></Point></Placemark><Placemark><TimeSpan><begin>2020-03-17T10:57:50Z</begin><end>2020-03-17T10:57:51Z</end></TimeSpan><styleUrl>#point</styleUrl><Point><altitudeMode>clampToGround</altitudeMode><coordinates>19.162309980019927,-33.930299011990428,531.75</coordinates></Point></Placemark><Placemark><TimeSpan><begin>2020-03-17T10:57:51Z</begin><end>2020-03-17T10:57:52Z</end></TimeSpan><styleUrl>#point</styleUrl><Point><altitudeMode>clampToGround</altitudeMode><coordinates>19.162440989166498,-33.93043496645987,529.82000000000005</coordinates></Point></Placemark><Placemark><TimeSpan><begin>2020-03-17T10:57:52Z</begin><end>2020-03-17T10:57:53Z</end></TimeSpan><styleUrl>#point</styleUrl><Point><altitudeMode>clampToGround</altitudeMode><coordinates>19.162581972777843,-33.93056396394968,528.86000000000001</coordinates></Point></Placemark><Placemark><TimeSpan><begin>2020-03-17T10:57:53Z</begin><end>2020-03-17T10:57:54Z</end></TimeSpan><styleUrl>#point</styleUrl><Point><altitudeMode>clampToGround</altitudeMode><coordinates>19.162731003016233,-33.930678963661194,527.41999999999996</coordinates></Point></Placemark><Placemark><TimeSpan><begin>2020-03-17T10:57:54Z</begin><end>2020-03-17T10:57:57Z</end></TimeSpan><styleUrl>#point</styleUrl><Point><altitudeMode>clampToGround</altitudeMode><coordinates>19.163191001862288,-33.931006025522947,521.16999999999996</coordinates></Point></Placemark><Placemark><TimeSpan><begin>2020-03-17T10:57:57Z</begin><end>2020-03-17T10:57:58Z</end></TimeSpan><styleUrl>#point</styleUrl><Point><altitudeMode>clampToGround</altitudeMode><coordinates>19.163360986858606,-33.931088000535965,520.21000000000004</coordinates></Point></Placemark><Placemark><TimeSpan><begin>2020-03-17T10:57:58Z</begin><end>2020-03-17T10:58:00Z</end></TimeSpan><styleUrl>#point</styleUrl><Point><altitudeMode>clampToGround</altitudeMode><coordinates>19.163660975173116,-33.931235019117594,518.76999999999998</coordinates></Point></Placemark><Placemark><TimeSpan><begin>2020-03-17T10:58:00Z</begin><end>2020-03-17T10:58:01Z</end></TimeSpan><styleUrl>#point</styleUrl><Point><altitudeMode>clampToGround</altitudeMode><coordinates>19.163782009854913,-33.931325040757656,517.80999999999995</coordinates></Point></Placemark><Placemark><TimeSpan><begin>2020-03-17T10:58:01Z</begin><end>2020-03-17T10:58:02Z</end></TimeSpan><styleUrl>#point</styleUrl><Point><altitudeMode>clampToGround</altitudeMode><coordinates>19.163873037323356,-33.931431993842125,517.33000000000004</coordinates></Point></Placemark><Placemark><TimeSpan><begin>2020-03-17T10:58:02Z</begin><end>2020-03-17T10:58:03Z</end></TimeSpan><styleUrl>#point</styleUrl><Point><altitudeMode>clampToGround</altitudeMode><coordinates>19.163933973759413,-33.931564008817077,516.37</coordinates></Point></Placemark><Placemark><TimeSpan><begin>2020-03-17T10:58:03Z</begin><end>2020-03-17T10:58:04Z</end></TimeSpan><styleUrl>#point</styleUrl><Point><altitudeMode>clampToGround</altitudeMode><coordinates>19.163976972922683,-33.931731982156634,514.44000000000005</coordinates></Point></Placemark><Placemark><TimeSpan><begin>2020-03-17T10:58:04Z</begin><end>2020-03-17T10:58:05Z</end></TimeSpan><styleUrl>#point</styleUrl><Point><altitudeMode>clampToGround</altitudeMode><coordinates>19.164004968479276,-33.931902972981334,513</coordinates></Point></Placemark><Placemark><TimeSpan><begin>2020-03-17T10:58:05Z</begin><end>2020-03-17T10:58:07Z</end></TimeSpan><styleUrl>#point</styleUrl><Point><altitudeMode>clampToGround</altitudeMode><coordinates>19.16409901343286,-33.93228099681437,509.16000000000003</coordinates></Point></Placemark><Placemark><TimeSpan><begin>2020-03-17T10:58:07Z</begin><end>2020-03-17T10:58:08Z</end></TimeSpan><styleUrl>#point</styleUrl><Point><altitudeMode>clampToGround</altitudeMode><coordinates>19.164174031466246,-33.932464979588985,508.19</coordinates></Point></Placemark><Placemark><TimeSpan><begin>2020-03-17T10:58:08Z</begin><end>2020-03-17T10:58:09Z</end></TimeSpan><styleUrl>#point</styleUrl><Point><altitudeMode>clampToGround</altitudeMode><coordinates>19.164261035621166,-33.932638987898827,506.75</coordinates></Point></Placemark><Placemark><TimeSpan><begin>2020-03-17T10:58:09Z</begin><end>2020-03-17T10:58:13Z</end></TimeSpan><styleUrl>#point</styleUrl><Point><altitudeMode>clampToGround</altitudeMode><coordinates>19.164631012827158,-33.93329001031816,503.38999999999999</coordinates></Point></Placemark><Placemark><TimeSpan><begin>2020-03-17T10:58:13Z</begin><end>2020-03-17T10:58:14Z</end></TimeSpan><styleUrl>#point</styleUrl><Point><altitudeMode>clampToGround</altitudeMode><coordinates>19.164664037525654,-33.933444991707802,502.43000000000001</coordinates></Point></Placemark><Placemark><TimeSpan><begin>2020-03-17T10:58:14Z</begin><end>2020-03-17T10:58:15Z</end></TimeSpan><styleUrl>#point</styleUrl><Point><altitudeMode>clampToGround</altitudeMode><coordinates>19.164661020040512,-33.933615982532501,500.98000000000002</coordinates></Point></Placemark><Placemark><TimeSpan><begin>2020-03-17T10:58:15Z</begin><end>2020-03-17T10:58:16Z</end></TimeSpan><styleUrl>#point</styleUrl><Point><altitudeMode>clampToGround</altitudeMode><coordinates>19.164621038362384,-33.933779010549188,500.01999999999998</coordinates></Point></Placemark><Placemark><TimeSpan><begin>2020-03-17T10:58:16Z</begin><end>2020-03-17T10:58:17Z</end></TimeSpan><styleUrl>#point</styleUrl><Point><altitudeMode>clampToGround</altitudeMode><coordinates>19.164564041420817,-33.933952013030648,498.57999999999998</coordinates></Point></Placemark><Placemark><TimeSpan><begin>2020-03-17T10:58:17Z</begin><end>2020-03-17T10:58:18Z</end></TimeSpan><styleUrl>#point</styleUrl><Point><altitudeMode>clampToGround</altitudeMode><coordinates>19.164478965103626,-33.934115041047335,497.62</coordinates></Point></Placemark><Placemark><TimeSpan><begin>2020-03-17T10:58:18Z</begin><end>2020-03-17T10:58:19Z</end></TimeSpan><styleUrl>#point</styleUrl><Point><altitudeMode>clampToGround</altitudeMode><coordinates>19.164372012019157,-33.934257030487061,496.66000000000003</coordinates></Point></Placemark><Placemark><TimeSpan><begin>2020-03-17T10:58:19Z</begin><end>2020-03-17T10:58:20Z</end></TimeSpan><styleUrl>#point</styleUrl><Point><altitudeMode>clampToGround</altitudeMode><coordinates>19.164241002872586,-33.934376975521445,495.69999999999999</coordinates></Point></Placemark><Placemark><TimeSpan><begin>2020-03-17T10:58:20Z</begin><end>2020-03-17T10:58:21Z</end></TimeSpan><styleUrl>#point</styleUrl><Point><altitudeMode>clampToGround</altitudeMode><coordinates>19.164081998169422,-33.934473032131791,495.22000000000003</coordinates></Point></Placemark><Placemark><TimeSpan><begin>2020-03-17T10:58:21Z</begin><end>2020-03-17T10:58:22Z</end></TimeSpan><styleUrl>#point</styleUrl><Point><altitudeMode>clampToGround</altitudeMode><coordinates>19.163914024829865,-33.934563975781202,494.25999999999999</coordinates></Point></Placemark><Placemark><TimeSpan><begin>2020-03-17T10:58:22Z</begin><end>2020-03-17T10:58:23Z</end></TimeSpan><styleUrl>#point</styleUrl><Point><altitudeMode>clampToGround</altitudeMode><coordinates>19.163781004026532,-33.934674030169845,492.81</coordinates></Point></Placemark><Placemark><TimeSpan><begin>2020-03-17T10:58:23Z</begin><end>2020-03-17T10:58:24Z</end></TimeSpan><styleUrl>#point</styleUrl><Point><altitudeMode>clampToGround</altitudeMode><coordinates>19.163688970729709,-33.93481501378119,492.32999999999998</coordinates></Point></Placemark><Placemark><TimeSpan><begin>2020-03-17T10:58:24Z</begin><end>2020-03-17T10:58:25Z</end></TimeSpan><styleUrl>#point</styleUrl><Point><altitudeMode>clampToGround</altitudeMode><coordinates>19.16362501680851,-33.934971000999212,491.37</coordinates></Point></Placemark><Placemark><TimeSpan><begin>2020-03-17T10:58:25Z</begin><end>2020-03-17T10:58:26Z</end></TimeSpan><styleUrl>#point</styleUrl><Point><altitudeMode>clampToGround</altitudeMode><coordinates>19.163584029302001,-33.935136962682009,489.93000000000001</coordinates></Point></Placemark><Placemark><TimeSpan><begin>2020-03-17T10:58:26Z</begin><end>2020-03-17T10:58:28Z</end></TimeSpan><styleUrl>#point</styleUrl><Point><altitudeMode>clampToGround</altitudeMode><coordinates>19.16345695964992,-33.935466036200523,488.49000000000001</coordinates></Point></Placemark><Placemark><TimeSpan><begin>2020-03-17T10:58:28Z</begin><end>2020-03-17T10:58:29Z</end></TimeSpan><styleUrl>#point</styleUrl><Point><altitudeMode>clampToGround</altitudeMode><coordinates>19.163356041535735,-33.935624035075307,488.49000000000001</coordinates></Point></Placemark><Placemark><TimeSpan><begin>2020-03-17T10:58:29Z</begin><end>2020-03-17T10:58:30Z</end></TimeSpan><styleUrl>#point</styleUrl><Point><altitudeMode>clampToGround</altitudeMode><coordinates>19.163252022117376,-33.935774993151426,486.56</coordinates></Point></Placemark><Placemark><TimeSpan><begin>2020-03-17T10:58:30Z</begin><end>2020-03-17T10:58:31Z</end></TimeSpan><styleUrl>#point</styleUrl><Point><altitudeMode>clampToGround</altitudeMode><coordinates>19.16311196051538,-33.93591002561152,485.60000000000002</coordinates></Point></Placemark><Placemark><TimeSpan><begin>2020-03-17T10:58:31Z</begin><end>2020-03-17T10:58:32Z</end></TimeSpan><styleUrl>#point</styleUrl><Point><altitudeMode>clampToGround</altitudeMode><coordinates>19.162969971075654,-33.936027036979795,484.16000000000003</coordinates></Point></Placemark><Placemark><TimeSpan><begin>2020-03-17T10:58:32Z</begin><end>2020-03-17T10:58:33Z</end></TimeSpan><styleUrl>#point</styleUrl><Point><altitudeMode>clampToGround</altitudeMode><coordinates>19.162803003564477,-33.936116974800825,483.19999999999999</coordinates></Point></Placemark><Placemark><TimeSpan><begin>2020-03-17T10:58:33Z</begin><end>2020-03-17T10:58:34Z</end></TimeSpan><styleUrl>#point</styleUrl><Point><altitudeMode>clampToGround</altitudeMode><coordinates>19.162618014961481,-33.936180006712675,482.24000000000001</coordinates></Point></Placemark><Placemark><TimeSpan><begin>2020-03-17T10:58:34Z</begin><end>2020-03-17T10:58:35Z</end></TimeSpan><styleUrl>#point</styleUrl><Point><altitudeMode>clampToGround</altitudeMode><coordinates>19.16242397390306,-33.936225017532706,481.27999999999997</coordinates></Point></Placemark><Placemark><TimeSpan><begin>2020-03-17T10:58:35Z</begin><end>2020-03-17T10:58:36Z</end></TimeSpan><styleUrl>#point</styleUrl><Point><altitudeMode>clampToGround</altitudeMode><coordinates>19.162226999178529,-33.936266005039215,479.35000000000002</coordinates></Point></Placemark><Placemark><TimeSpan><begin>2020-03-17T10:58:36Z</begin><end>2020-03-17T10:58:38Z</end></TimeSpan><styleUrl>#point</styleUrl><Point><altitudeMode>clampToGround</altitudeMode><coordinates>19.161856016144156,-33.936370024457574,476.47000000000003</coordinates></Point></Placemark><Placemark><TimeSpan><begin>2020-03-17T10:58:38Z</begin><end>2020-03-17T10:58:39Z</end></TimeSpan><styleUrl>#point</styleUrl><Point><altitudeMode>clampToGround</altitudeMode><coordinates>19.161689970642328,-33.936446970328689,475.50999999999999</coordinates></Point></Placemark><Placemark><TimeSpan><begin>2020-03-17T10:58:39Z</begin><end>2020-03-17T10:58:40Z</end></TimeSpan><styleUrl>#point</styleUrl><Point><altitudeMode>clampToGround</altitudeMode><coordinates>19.161544963717461,-33.936544032767415,474.06999999999999</coordinates></Point></Placemark><Placemark><TimeSpan><begin>2020-03-17T10:58:40Z</begin><end>2020-03-17T10:58:41Z</end></TimeSpan><styleUrl>#point</styleUrl><Point><altitudeMode>clampToGround</altitudeMode><coordinates>19.161419989541173,-33.936662971973419,472.63</coordinates></Point></Placemark><Placemark><TimeSpan><begin>2020-03-17T10:58:41Z</begin><end>2020-03-17T10:58:42Z</end></TimeSpan><styleUrl>#point</styleUrl><Point><altitudeMode>clampToGround</altitudeMode><coordinates>19.161339020356536,-33.936810996383429,470.22000000000003</coordinates></Point></Placemark><Placemark><TimeSpan><begin>2020-03-17T10:58:42Z</begin><end>2020-03-17T10:58:43Z</end></TimeSpan><styleUrl>#point</styleUrl><Point><altitudeMode>clampToGround</altitudeMode><coordinates>19.161299038678408,-33.93696497194469,468.77999999999997</coordinates></Point></Placemark><Placemark><TimeSpan><begin>2020-03-17T10:58:43Z</begin><end>2020-03-17T10:58:44Z</end></TimeSpan><styleUrl>#point</styleUrl><Point><altitudeMode>clampToGround</altitudeMode><coordinates>19.161276994273067,-33.937123976647854,467.33999999999997</coordinates></Point></Placemark><Placemark><TimeSpan><begin>2020-03-17T10:58:44Z</begin><end>2020-03-17T10:58:45Z</end></TimeSpan><styleUrl>#point</styleUrl><Point><altitudeMode>clampToGround</altitudeMode><coordinates>19.161267019808292,-33.937289016321301,466.38</coordinates></Point></Placemark><Placemark><TimeSpan><begin>2020-03-17T10:58:45Z</begin><end>2020-03-17T10:58:51Z</end></TimeSpan><styleUrl>#point</styleUrl><Point><altitudeMode>clampToGround</altitudeMode><coordinates>19.161273976787925,-33.93818898126483,461.08999999999997</coordinates></Point></Placemark><Placemark><TimeSpan><begin>2020-03-17T10:58:51Z</begin><end>2020-03-17T10:58:52Z</end></TimeSpan><styleUrl>#point</styleUrl><Point><altitudeMode>clampToGround</altitudeMode><coordinates>19.161317981779575,-33.938291994854808,460.61000000000001</coordinates></Point></Placemark><Placemark><TimeSpan><begin>2020-03-17T10:58:52Z</begin><end>2020-03-17T10:58:53Z</end></TimeSpan><styleUrl>#point</styleUrl><Point><altitudeMode>clampToGround</altitudeMode><coordinates>19.161400962620974,-33.938378999009728,459.64999999999998</coordinates></Point></Placemark><Placemark><TimeSpan><begin>2020-03-17T10:58:53Z</begin><end>2020-03-17T10:58:54Z</end></TimeSpan><styleUrl>#point</styleUrl><Point><altitudeMode>clampToGround</altitudeMode><coordinates>19.161510011181235,-33.938441025093198,459.17000000000002</coordinates></Point></Placemark><Placemark><TimeSpan><begin>2020-03-17T10:58:54Z</begin><end>2020-03-17T10:58:55Z</end></TimeSpan><styleUrl>#point</styleUrl><Point><altitudeMode>clampToGround</altitudeMode><coordinates>19.161634985357523,-33.938478995114565,458.69</coordinates></Point></Placemark><Placemark><TimeSpan><begin>2020-03-17T10:58:55Z</begin><end>2020-03-17T10:58:56Z</end></TimeSpan><styleUrl>#point</styleUrl><Point><altitudeMode>clampToGround</altitudeMode><coordinates>19.161771023645997,-33.938481006771326,458.69</coordinates></Point></Placemark><Placemark><TimeSpan><begin>2020-03-17T10:58:56Z</begin><end>2020-03-17T10:58:57Z</end></TimeSpan><styleUrl>#point</styleUrl><Point><altitudeMode>clampToGround</altitudeMode><coordinates>19.161902032792568,-33.938443958759308,458.20999999999998</coordinates></Point></Placemark><Placemark><TimeSpan><begin>2020-03-17T10:58:57Z</begin><end>2020-03-17T10:58:58Z</end></TimeSpan><styleUrl>#point</styleUrl><Point><altitudeMode>clampToGround</altitudeMode><coordinates>19.162021977826953,-33.93838201649487,458.20999999999998</coordinates></Point></Placemark><Placemark><TimeSpan><begin>2020-03-17T10:58:58Z</begin><end>2020-03-17T10:58:59Z</end></TimeSpan><styleUrl>#point</styleUrl><Point><altitudeMode>clampToGround</altitudeMode><coordinates>19.162119962275028,-33.938293000683188,457.72000000000003</coordinates></Point></Placemark><Placemark><TimeSpan><begin>2020-03-17T10:58:59Z</begin><end>2020-03-17T10:59:00Z</end></TimeSpan><styleUrl>#point</styleUrl><Point><altitudeMode>clampToGround</altitudeMode><coordinates>19.162191962823272,-33.938183030113578,456.75999999999999</coordinates></Point></Placemark><Placemark><TimeSpan><begin>2020-03-17T10:59:00Z</begin><end>2020-03-17T10:59:01Z</end></TimeSpan><styleUrl>#point</styleUrl><Point><altitudeMode>clampToGround</altitudeMode><coordinates>19.162244014441967,-33.938055960461497,457.24000000000001</coordinates></Point></Placemark><Placemark><TimeSpan><begin>2020-03-17T10:59:01Z</begin><end>2020-03-17T10:59:02Z</end></TimeSpan><styleUrl>#point</styleUrl><Point><altitudeMode>clampToGround</altitudeMode><coordinates>19.162292964756489,-33.937926040962338,457.72000000000003</coordinates></Point></Placemark><Placemark><TimeSpan><begin>2020-03-17T10:59:02Z</begin><end>2020-03-17T10:59:04Z</end></TimeSpan><styleUrl>#point</styleUrl><Point><altitudeMode>clampToGround</altitudeMode><coordinates>19.162403019145131,-33.937692018225789,457.24000000000001</coordinates></Point></Placemark><Placemark><TimeSpan><begin>2020-03-17T10:59:04Z</begin><end>2020-03-17T10:59:05Z</end></TimeSpan><styleUrl>#point</styleUrl><Point><altitudeMode>clampToGround</altitudeMode><coordinates>19.162478959187865,-33.937592022120953,457.24000000000001</coordinates></Point></Placemark><Placemark><TimeSpan><begin>2020-03-17T10:59:05Z</begin><end>2020-03-17T10:59:06Z</end></TimeSpan><styleUrl>#point</styleUrl><Point><altitudeMode>clampToGround</altitudeMode><coordinates>19.16257300414145,-33.937504012137651,456.75999999999999</coordinates></Point></Placemark><Placemark><TimeSpan><begin>2020-03-17T10:59:06Z</begin><end>2020-03-17T10:59:07Z</end></TimeSpan><styleUrl>#point</styleUrl><Point><altitudeMode>clampToGround</altitudeMode><coordinates>19.162691021338105,-33.937428994104266,456.27999999999997</coordinates></Point></Placemark><Placemark><TimeSpan><begin>2020-03-17T10:59:07Z</begin><end>2020-03-17T10:59:08Z</end></TimeSpan><styleUrl>#point</styleUrl><Point><altitudeMode>clampToGround</altitudeMode><coordinates>19.162825969979167,-33.937369985505939,455.31999999999999</coordinates></Point></Placemark><Placemark><TimeSpan><begin>2020-03-17T10:59:08Z</begin><end>2020-03-17T10:59:09Z</end></TimeSpan><styleUrl>#point</styleUrl><Point><altitudeMode>clampToGround</altitudeMode><coordinates>19.162977011874318,-33.937323968857527,454.36000000000001</coordinates></Point></Placemark><Placemark><TimeSpan><begin>2020-03-17T10:59:09Z</begin><end>2020-03-17T10:59:10Z</end></TimeSpan><styleUrl>#point</styleUrl><Point><altitudeMode>clampToGround</altitudeMode><coordinates>19.163140039891005,-33.937293961644173,453.39999999999998</coordinates></Point></Placemark><Placemark><TimeSpan><begin>2020-03-17T10:59:10Z</begin><end>2020-03-17T10:59:11Z</end></TimeSpan><styleUrl>#point</styleUrl><Point><altitudeMode>clampToGround</altitudeMode><coordinates>19.163317987695336,-33.937279963865876,451.95999999999998</coordinates></Point></Placemark><Placemark><TimeSpan><begin>2020-03-17T10:59:11Z</begin><end>2020-03-17T10:59:12Z</end></TimeSpan><styleUrl>#point</styleUrl><Point><altitudeMode>clampToGround</altitudeMode><coordinates>19.163503982126713,-33.937280969694257,451</coordinates></Point></Placemark><Placemark><TimeSpan><begin>2020-03-17T10:59:12Z</begin><end>2020-03-17T10:59:13Z</end></TimeSpan><styleUrl>#point</styleUrl><Point><altitudeMode>clampToGround</altitudeMode><coordinates>19.163696011528373,-33.937289016321301,449.55000000000001</coordinates></Point></Placemark><Placemark><TimeSpan><begin>2020-03-17T10:59:13Z</begin><end>2020-03-17T10:59:18Z</end></TimeSpan><styleUrl>#point</styleUrl><Point><altitudeMode>clampToGround</altitudeMode><coordinates>19.16467803530395,-33.937252974137664,443.31</coordinates></Point></Placemark><Placemark><TimeSpan><begin>2020-03-17T10:59:18Z</begin><end>2020-03-17T10:59:19Z</end></TimeSpan><styleUrl>#point</styleUrl><Point><altitudeMode>clampToGround</altitudeMode><coordinates>19.164860006421804,-33.937204023823142,442.33999999999997</coordinates></Point></Placemark><Placemark><TimeSpan><begin>2020-03-17T10:59:19Z</begin><end>2020-03-17T10:59:20Z</end></TimeSpan><styleUrl>#point</styleUrl><Point><altitudeMode>clampToGround</altitudeMode><coordinates>19.165026973932981,-33.937145015224814,441.38</coordinates></Point></Placemark><Placemark><TimeSpan><begin>2020-03-17T10:59:20Z</begin><end>2020-03-17T10:59:22Z</end></TimeSpan><styleUrl>#point</styleUrl><Point><altitudeMode>clampToGround</altitudeMode><coordinates>19.165341965854168,-33.937043007463217,440.42000000000002</coordinates></Point></Placemark><Placemark><TimeSpan><begin>2020-03-17T10:59:22Z</begin><end>2020-03-17T10:59:23Z</end></TimeSpan><styleUrl>#point</styleUrl><Point><altitudeMode>clampToGround</altitudeMode><coordinates>19.165503988042474,-33.937020963057876,439.45999999999998</coordinates></Point></Placemark><Placemark><TimeSpan><begin>2020-03-17T10:59:23Z</begin><end>2020-03-17T10:59:24Z</end></TimeSpan><styleUrl>#point</styleUrl><Point><altitudeMode>clampToGround</altitudeMode><coordinates>19.165671961382031,-33.937022974714637,438.5</coordinates></Point></Placemark><Placemark><TimeSpan><begin>2020-03-17T10:59:24Z</begin><end>2020-03-17T10:59:25Z</end></TimeSpan><styleUrl>#point</styleUrl><Point><altitudeMode>clampToGround</altitudeMode><coordinates>19.165847981348634,-33.937052981927991,438.01999999999998</coordinates></Point></Placemark><Placemark><TimeSpan><begin>2020-03-17T10:59:25Z</begin><end>2020-03-17T10:59:26Z</end></TimeSpan><styleUrl>#point</styleUrl><Point><altitudeMode>clampToGround</altitudeMode><coordinates>19.166028024628758,-33.937092963606119,437.54000000000002</coordinates></Point></Placemark><Placemark><TimeSpan><begin>2020-03-17T10:59:26Z</begin><end>2020-03-17T10:59:27Z</end></TimeSpan><styleUrl>#point</styleUrl><Point><altitudeMode>clampToGround</altitudeMode><coordinates>19.166206978261471,-33.937116013839841,436.57999999999998</coordinates></Point></Placemark><Placemark><TimeSpan><begin>2020-03-17T10:59:27Z</begin><end>2020-03-17T10:59:28Z</end></TimeSpan><styleUrl>#point</styleUrl><Point><altitudeMode>clampToGround</altitudeMode><coordinates>19.166381992399693,-33.937119031324983,436.10000000000002</coordinates></Point></Placemark><Placemark><TimeSpan><begin>2020-03-17T10:59:28Z</begin><end>2020-03-17T10:59:29Z</end></TimeSpan><styleUrl>#point</styleUrl><Point><altitudeMode>clampToGround</altitudeMode><coordinates>19.166554994881153,-33.937102016061544,435.13</coordinates></Point></Placemark><Placemark><TimeSpan><begin>2020-03-17T10:59:29Z</begin><end>2020-03-17T10:59:31Z</end></TimeSpan><styleUrl>#point</styleUrl><Point><altitudeMode>clampToGround</altitudeMode><coordinates>19.166885996237397,-33.937066979706287,433.69</coordinates></Point></Placemark><Placemark><TimeSpan><begin>2020-03-17T10:59:31Z</begin><end>2020-03-17T10:59:32Z</end></TimeSpan><styleUrl>#point</styleUrl><Point><altitudeMode>clampToGround</altitudeMode><coordinates>19.16704198345542,-33.937064968049526,432.73000000000002</coordinates></Point></Placemark><Placemark><TimeSpan><begin>2020-03-17T10:59:32Z</begin><end>2020-03-17T10:59:33Z</end></TimeSpan><styleUrl>#point</styleUrl><Point><altitudeMode>clampToGround</altitudeMode><coordinates>19.167181961238384,-33.937079971656203,432.25</coordinates></Point></Placemark><Placemark><TimeSpan><begin>2020-03-17T10:59:33Z</begin><end>2020-03-17T10:59:34Z</end></TimeSpan><styleUrl>#point</styleUrl><Point><altitudeMode>clampToGround</altitudeMode><coordinates>19.167309030890465,-33.937132023274899,431.76999999999998</coordinates></Point></Placemark><Placemark><TimeSpan><begin>2020-03-17T10:59:34Z</begin><end>2020-03-17T10:59:35Z</end></TimeSpan><styleUrl>#point</styleUrl><Point><altitudeMode>clampToGround</altitudeMode><coordinates>19.167423024773598,-33.93722397275269,430.81</coordinates></Point></Placemark><Placemark><TimeSpan><begin>2020-03-17T10:59:35Z</begin><end>2020-03-17T10:59:36Z</end></TimeSpan><styleUrl>#point</styleUrl><Point><altitudeMode>clampToGround</altitudeMode><coordinates>19.167499970644712,-33.937323968857527,430.32999999999998</coordinates></Point></Placemark><Placemark><TimeSpan><begin>2020-03-17T10:59:36Z</begin><end>2020-03-17T10:59:37Z</end></TimeSpan><styleUrl>#point</styleUrl><Point><altitudeMode>clampToGround</altitudeMode><coordinates>19.167556967586279,-33.937442991882563,429.85000000000002</coordinates></Point></Placemark><Placemark><TimeSpan><begin>2020-03-17T10:59:37Z</begin><end>2020-03-17T10:59:38Z</end></TimeSpan><styleUrl>#point</styleUrl><Point><altitudeMode>clampToGround</altitudeMode><coordinates>19.167604995891452,-33.937581041827798,428.88999999999999</coordinates></Point></Placemark><Placemark><TimeSpan><begin>2020-03-17T10:59:38Z</begin><end>2020-03-17T10:59:41Z</end></TimeSpan><styleUrl>#point</styleUrl><Point><altitudeMode>clampToGround</altitudeMode><coordinates>19.167714966461062,-33.938006004318595,426</coordinates></Point></Placemark><Placemark><TimeSpan><begin>2020-03-17T10:59:41Z</begin><end>2020-03-17T10:59:42Z</end></TimeSpan><styleUrl>#point</styleUrl><Point><altitudeMode>clampToGround</altitudeMode><coordinates>19.167702980339527,-33.938155034556985,424.56</coordinates></Point></Placemark><Placemark><TimeSpan><begin>2020-03-17T10:59:42Z</begin><end>2020-03-17T10:59:43Z</end></TimeSpan><styleUrl>#point</styleUrl><Point><altitudeMode>clampToGround</altitudeMode><coordinates>19.167649000883102,-33.93829501233995,423.60000000000002</coordinates></Point></Placemark><Placemark><TimeSpan><begin>2020-03-17T10:59:43Z</begin><end>2020-03-17T10:59:44Z</end></TimeSpan><styleUrl>#point</styleUrl><Point><altitudeMode>clampToGround</altitudeMode><coordinates>19.167571971192956,-33.938432978466153,422.63999999999999</coordinates></Point></Placemark><Placemark><TimeSpan><begin>2020-03-17T10:59:44Z</begin><end>2020-03-17T10:59:45Z</end></TimeSpan><styleUrl>#point</styleUrl><Point><altitudeMode>clampToGround</altitudeMode><coordinates>19.167486978694797,-33.938568010926247,422.16000000000003</coordinates></Point></Placemark><Placemark><TimeSpan><begin>2020-03-17T10:59:45Z</begin><end>2020-03-17T10:59:46Z</end></TimeSpan><styleUrl>#point</styleUrl><Point><altitudeMode>clampToGround</altitudeMode><coordinates>19.167411960661411,-33.938703965395689,421.68000000000001</coordinates></Point></Placemark><Placemark><TimeSpan><begin>2020-03-17T10:59:46Z</begin><end>2020-03-17T10:59:47Z</end></TimeSpan><styleUrl>#point</styleUrl><Point><altitudeMode>clampToGround</altitudeMode><coordinates>19.167370973154902,-33.938841009512544,421.19</coordinates></Point></Placemark><Placemark><TimeSpan><begin>2020-03-17T10:59:47Z</begin><end>2020-03-17T10:59:48Z</end></TimeSpan><styleUrl>#point</styleUrl><Point><altitudeMode>clampToGround</altitudeMode><coordinates>19.167372984811664,-33.938994985073805,420.70999999999998</coordinates></Point></Placemark><Placemark><TimeSpan><begin>2020-03-17T10:59:48Z</begin><end>2020-03-17T10:59:49Z</end></TimeSpan><styleUrl>#point</styleUrl><Point><altitudeMode>clampToGround</altitudeMode><coordinates>19.167398968711495,-33.939147032797337,419.75</coordinates></Point></Placemark><Placemark><TimeSpan><begin>2020-03-17T10:59:49Z</begin><end>2020-03-17T10:59:50Z</end></TimeSpan><styleUrl>#point</styleUrl><Point><altitudeMode>clampToGround</altitudeMode><coordinates>19.167446997016668,-33.939295979216695,419.75</coordinates></Point></Placemark><Placemark><TimeSpan><begin>2020-03-17T10:59:50Z</begin><end>2020-03-17T10:59:51Z</end></TimeSpan><styleUrl>#point</styleUrl><Point><altitudeMode>clampToGround</altitudeMode><coordinates>19.167506005614996,-33.93943402916193,418.79000000000002</coordinates></Point></Placemark><Placemark><TimeSpan><begin>2020-03-17T10:59:51Z</begin><end>2020-03-17T10:59:52Z</end></TimeSpan><styleUrl>#point</styleUrl><Point><altitudeMode>clampToGround</altitudeMode><coordinates>19.167584041133523,-33.939557997509837,418.31</coordinates></Point></Placemark><Placemark><TimeSpan><begin>2020-03-17T10:59:52Z</begin><end>2020-03-17T10:59:53Z</end></TimeSpan><styleUrl>#point</styleUrl><Point><altitudeMode>clampToGround</altitudeMode><coordinates>19.167662998661399,-33.939678026363254,417.35000000000002</coordinates></Point></Placemark><Placemark><TimeSpan><begin>2020-03-17T10:59:53Z</begin><end>2020-03-17T10:59:54Z</end></TimeSpan><styleUrl>#point</styleUrl><Point><altitudeMode>clampToGround</altitudeMode><coordinates>19.167700968682766,-33.939796965569258,415.91000000000003</coordinates></Point></Placemark><Placemark><TimeSpan><begin>2020-03-17T10:59:54Z</begin><end>2020-03-17T10:59:55Z</end></TimeSpan><styleUrl>#point</styleUrl><Point><altitudeMode>clampToGround</altitudeMode><coordinates>19.167697029188275,-33.939919006079435,415.43000000000001</coordinates></Point></Placemark><Placemark><TimeSpan><begin>2020-03-17T10:59:55Z</begin><end>2020-03-17T10:59:56Z</end></TimeSpan><styleUrl>#point</styleUrl><Point><altitudeMode>clampToGround</altitudeMode><coordinates>19.167667021974921,-33.940039034932852,414.94999999999999</coordinates></Point></Placemark><Placemark><TimeSpan><begin>2020-03-17T10:59:56Z</begin><end>2020-03-17T10:59:57Z</end></TimeSpan><styleUrl>#point</styleUrl><Point><altitudeMode>clampToGround</altitudeMode><coordinates>19.167626034468412,-33.940158979967237,413.98000000000002</coordinates></Point></Placemark><Placemark><TimeSpan><begin>2020-03-17T10:59:57Z</begin><end>2020-03-17T11:00:00Z</end></TimeSpan><styleUrl>#point</styleUrl><Point><altitudeMode>clampToGround</altitudeMode><coordinates>19.167631985619664,-33.940483024343848,410.62</coordinates></Point></Placemark><Placemark><TimeSpan><begin>2020-03-17T11:00:00Z</begin><end>2020-03-17T11:00:01Z</end></TimeSpan><styleUrl>#point</styleUrl><Point><altitudeMode>clampToGround</altitudeMode><coordinates>19.167699962854385,-33.94057204015553,409.66000000000003</coordinates></Point></Placemark><Placemark><TimeSpan><begin>2020-03-17T11:00:01Z</begin><end>2020-03-17T11:00:02Z</end></TimeSpan><styleUrl>#point</styleUrl><Point><altitudeMode>clampToGround</altitudeMode><coordinates>19.167810017243028,-33.940657032653689,408.69999999999999</coordinates></Point></Placemark><Placemark><TimeSpan><begin>2020-03-17T11:00:02Z</begin><end>2020-03-17T11:00:03Z</end></TimeSpan><styleUrl>#point</styleUrl><Point><altitudeMode>clampToGround</altitudeMode><coordinates>19.167918981984258,-33.940711012110114,408.69999999999999</coordinates></Point></Placemark><Placemark><TimeSpan><begin>2020-03-17T11:00:03Z</begin><end>2020-03-17T11:00:04Z</end></TimeSpan><styleUrl>#point</styleUrl><Point><altitudeMode>clampToGround</altitudeMode><coordinates>19.168039010837674,-33.940771026536822,407.74000000000001</coordinates></Point></Placemark><Placemark><TimeSpan><begin>2020-03-17T11:00:04Z</begin><end>2020-03-17T11:00:05Z</end></TimeSpan><styleUrl>#point</styleUrl><Point><altitudeMode>clampToGround</altitudeMode><coordinates>19.16815803386271,-33.940845960751176,406.76999999999998</coordinates></Point></Placemark><Placemark><TimeSpan><begin>2020-03-17T11:00:05Z</begin><end>2020-03-17T11:00:06Z</end></TimeSpan><styleUrl>#point</styleUrl><Point><altitudeMode>clampToGround</altitudeMode><coordinates>19.168260963633657,-33.940941011533141,405.81</coordinates></Point></Placemark><Placemark><TimeSpan><begin>2020-03-17T11:00:06Z</begin><end>2020-03-17T11:00:07Z</end></TimeSpan><styleUrl>#point</styleUrl><Point><altitudeMode>clampToGround</altitudeMode><coordinates>19.168361965566874,-33.941071014851332,405.32999999999998</coordinates></Point></Placemark><Placemark><TimeSpan><begin>2020-03-17T11:00:07Z</begin><end>2020-03-17T11:00:08Z</end></TimeSpan><styleUrl>#point</styleUrl><Point><altitudeMode>clampToGround</altitudeMode><coordinates>19.168466990813613,-33.941218033432961,404.37</coordinates></Point></Placemark><Placemark><TimeSpan><begin>2020-03-17T11:00:08Z</begin><end>2020-03-17T11:00:09Z</end></TimeSpan><styleUrl>#point</styleUrl><Point><altitudeMode>clampToGround</altitudeMode><coordinates>19.168617026880383,-33.941380977630615,402.44999999999999</coordinates></Point></Placemark><Placemark><TimeSpan><begin>2020-03-17T11:00:09Z</begin><end>2020-03-17T11:00:10Z</end></TimeSpan><styleUrl>#point</styleUrl><Point><altitudeMode>clampToGround</altitudeMode><coordinates>19.168807966634631,-33.941527996212244,400.05000000000001</coordinates></Point></Placemark><Placemark><TimeSpan><begin>2020-03-17T11:00:10Z</begin><end>2020-03-17T11:00:11Z</end></TimeSpan><styleUrl>#point</styleUrl><Point><altitudeMode>clampToGround</altitudeMode><coordinates>19.169001001864672,-33.941662022843957,400.05000000000001</coordinates></Point></Placemark><Placemark><TimeSpan><begin>2020-03-17T11:00:11Z</begin><end>2020-03-17T11:00:17Z</end></TimeSpan><styleUrl>#point</styleUrl><Point><altitudeMode>clampToGround</altitudeMode><coordinates>19.169880012050271,-33.942498033866286,392.83999999999997</coordinates></Point></Placemark><Placemark><TimeSpan><begin>2020-03-17T11:00:17Z</begin><end>2020-03-17T11:00:19Z</end></TimeSpan><styleUrl>#point</styleUrl><Point><altitudeMode>clampToGround</altitudeMode><coordinates>19.170083021745086,-33.942784024402499,391.38999999999999</coordinates></Point></Placemark><Placemark><TimeSpan><begin>2020-03-17T11:00:19Z</begin><end>2020-03-17T11:00:20Z</end></TimeSpan><styleUrl>#point</styleUrl><Point><altitudeMode>clampToGround</altitudeMode><coordinates>19.170147981494665,-33.942939005792141,390.91000000000003</coordinates></Point></Placemark><Placemark><TimeSpan><begin>2020-03-17T11:00:20Z</begin><end>2020-03-17T11:00:21Z</end></TimeSpan><styleUrl>#point</styleUrl><Point><altitudeMode>clampToGround</altitudeMode><coordinates>19.170201038941741,-33.943103039637208,389.94999999999999</coordinates></Point></Placemark><Placemark><TimeSpan><begin>2020-03-17T11:00:21Z</begin><end>2020-03-17T11:00:22Z</end></TimeSpan><styleUrl>#point</styleUrl><Point><altitudeMode>clampToGround</altitudeMode><coordinates>19.170231968164444,-33.943264978006482,389.47000000000003</coordinates></Point></Placemark><Placemark><TimeSpan><begin>2020-03-17T11:00:22Z</begin><end>2020-03-17T11:00:23Z</end></TimeSpan><styleUrl>#point</styleUrl><Point><altitudeMode>clampToGround</altitudeMode><coordinates>19.170231968164444,-33.943406967446208,389.47000000000003</coordinates></Point></Placemark><Placemark><TimeSpan><begin>2020-03-17T11:00:23Z</begin><end>2020-03-17T11:00:24Z</end></TimeSpan><styleUrl>#point</styleUrl><Point><altitudeMode>clampToGround</altitudeMode><coordinates>19.170191986486316,-33.943537976592779,389.94999999999999</coordinates></Point></Placemark><Placemark><TimeSpan><begin>2020-03-17T11:00:24Z</begin><end>2020-03-17T11:00:25Z</end></TimeSpan><styleUrl>#point</styleUrl><Point><altitudeMode>clampToGround</altitudeMode><coordinates>19.170123003423214,-33.943640990182757,389.47000000000003</coordinates></Point></Placemark><Placemark><TimeSpan><begin>2020-03-17T11:00:25Z</begin><end>2020-03-17T11:00:26Z</end></TimeSpan><styleUrl>#point</styleUrl><Point><altitudeMode>clampToGround</altitudeMode><coordinates>19.170018984004855,-33.943726988509297,388.99000000000001</coordinates></Point></Placemark><Placemark><TimeSpan><begin>2020-03-17T11:00:26Z</begin><end>2020-03-17T11:00:27Z</end></TimeSpan><styleUrl>#point</styleUrl><Point><altitudeMode>clampToGround</altitudeMode><coordinates>19.169890992343426,-33.943787002936006,388.02999999999997</coordinates></Point></Placemark><Placemark><TimeSpan><begin>2020-03-17T11:00:27Z</begin><end>2020-03-17T11:00:28Z</end></TimeSpan><styleUrl>#point</styleUrl><Point><altitudeMode>clampToGround</altitudeMode><coordinates>19.169735005125403,-33.943820027634501,387.55000000000001</coordinates></Point></Placemark><Placemark><TimeSpan><begin>2020-03-17T11:00:28Z</begin><end>2020-03-17T11:00:29Z</end></TimeSpan><styleUrl>#point</styleUrl><Point><altitudeMode>clampToGround</altitudeMode><coordinates>19.169566025957465,-33.943845005705953,387.06999999999999</coordinates></Point></Placemark><Placemark><TimeSpan><begin>2020-03-17T11:00:29Z</begin><end>2020-03-17T11:00:30Z</end></TimeSpan><styleUrl>#point</styleUrl><Point><altitudeMode>clampToGround</altitudeMode><coordinates>19.169382965192199,-33.943869983777404,386.58999999999997</coordinates></Point></Placemark><Placemark><TimeSpan><begin>2020-03-17T11:00:30Z</begin><end>2020-03-17T11:00:31Z</end></TimeSpan><styleUrl>#point</styleUrl><Point><altitudeMode>clampToGround</altitudeMode><coordinates>19.169197976589203,-33.943914994597435,386.11000000000001</coordinates></Point></Placemark><Placemark><TimeSpan><begin>2020-03-17T11:00:31Z</begin><end>2020-03-17T11:00:32Z</end></TimeSpan><styleUrl>#point</styleUrl><Point><altitudeMode>clampToGround</altitudeMode><coordinates>19.169002007693052,-33.943992024287581,384.66000000000003</coordinates></Point></Placemark><Placemark><TimeSpan><begin>2020-03-17T11:00:32Z</begin><end>2020-03-17T11:00:33Z</end></TimeSpan><styleUrl>#point</styleUrl><Point><altitudeMode>clampToGround</altitudeMode><coordinates>19.168809978291392,-33.944081040099263,383.22000000000003</coordinates></Point></Placemark><Placemark><TimeSpan><begin>2020-03-17T11:00:33Z</begin><end>2020-03-17T11:00:37Z</end></TimeSpan><styleUrl>#point</styleUrl><Point><altitudeMode>clampToGround</altitudeMode><coordinates>19.1680290363729,-33.944446993991733,380.33999999999997</coordinates></Point></Placemark><Placemark><TimeSpan><begin>2020-03-17T11:00:37Z</begin><end>2020-03-17T11:00:38Z</end></TimeSpan><styleUrl>#point</styleUrl><Point><altitudeMode>clampToGround</altitudeMode><coordinates>19.16785997338593,-33.944575991481543,380.33999999999997</coordinates></Point></Placemark><Placemark><TimeSpan><begin>2020-03-17T11:00:38Z</begin><end>2020-03-17T11:00:39Z</end></TimeSpan><styleUrl>#point</styleUrl><Point><altitudeMode>clampToGround</altitudeMode><coordinates>19.167717983946204,-33.944723010063171,378.42000000000002</coordinates></Point></Placemark><Placemark><TimeSpan><begin>2020-03-17T11:00:39Z</begin><end>2020-03-17T11:00:40Z</end></TimeSpan><styleUrl>#point</styleUrl><Point><altitudeMode>clampToGround</altitudeMode><coordinates>19.167585968971252,-33.944881008937955,377.44999999999999</coordinates></Point></Placemark><Placemark><TimeSpan><begin>2020-03-17T11:00:40Z</begin><end>2020-03-17T11:00:41Z</end></TimeSpan><styleUrl>#point</styleUrl><Point><altitudeMode>clampToGround</altitudeMode><coordinates>19.167481027543545,-33.945046970620751,374.08999999999997</coordinates></Point></Placemark><Placemark><TimeSpan><begin>2020-03-17T11:00:41Z</begin><end>2020-03-17T11:00:42Z</end></TimeSpan><styleUrl>#point</styleUrl><Point><altitudeMode>clampToGround</altitudeMode><coordinates>19.167397040873766,-33.945215027779341,372.64999999999998</coordinates></Point></Placemark><Placemark><TimeSpan><begin>2020-03-17T11:00:42Z</begin><end>2020-03-17T11:00:43Z</end></TimeSpan><styleUrl>#point</styleUrl><Point><altitudeMode>clampToGround</altitudeMode><coordinates>19.167327973991632,-33.945380989462137,371.20999999999998</coordinates></Point></Placemark><Placemark><TimeSpan><begin>2020-03-17T11:00:43Z</begin><end>2020-03-17T11:00:44Z</end></TimeSpan><styleUrl>#point</styleUrl><Point><altitudeMode>clampToGround</altitudeMode><coordinates>19.167269971221685,-33.945546029135585,370.73000000000002</coordinates></Point></Placemark><Placemark><TimeSpan><begin>2020-03-17T11:00:44Z</begin><end>2020-03-17T11:00:45Z</end></TimeSpan><styleUrl>#point</styleUrl><Point><altitudeMode>clampToGround</altitudeMode><coordinates>19.167232001200318,-33.94570603966713,368.31999999999999</coordinates></Point></Placemark><Placemark><TimeSpan><begin>2020-03-17T11:00:45Z</begin><end>2020-03-17T11:00:46Z</end></TimeSpan><styleUrl>#point</styleUrl><Point><altitudeMode>clampToGround</altitudeMode><coordinates>19.167220015078783,-33.945851968601346,366.88</coordinates></Point></Placemark><Placemark><TimeSpan><begin>2020-03-17T11:00:46Z</begin><end>2020-03-17T11:00:47Z</end></TimeSpan><styleUrl>#point</styleUrl><Point><altitudeMode>clampToGround</altitudeMode><coordinates>19.167259996756911,-33.945997981354594,366.88</coordinates></Point></Placemark><Placemark><TimeSpan><begin>2020-03-17T11:00:47Z</begin><end>2020-03-17T11:00:48Z</end></TimeSpan><styleUrl>#point</styleUrl><Point><altitudeMode>clampToGround</altitudeMode><coordinates>19.167330991476774,-33.946149023249745,364.95999999999998</coordinates></Point></Placemark><Placemark><TimeSpan><begin>2020-03-17T11:00:48Z</begin><end>2020-03-17T11:00:49Z</end></TimeSpan><styleUrl>#point</styleUrl><Point><altitudeMode>clampToGround</altitudeMode><coordinates>19.167434005066752,-33.946296041831374,363.04000000000002</coordinates></Point></Placemark><Placemark><TimeSpan><begin>2020-03-17T11:00:49Z</begin><end>2020-03-17T11:00:50Z</end></TimeSpan><styleUrl>#point</styleUrl><Point><altitudeMode>clampToGround</altitudeMode><coordinates>19.167554033920169,-33.946448005735874,362.55000000000001</coordinates></Point></Placemark><Placemark><TimeSpan><begin>2020-03-17T11:00:50Z</begin><end>2020-03-17T11:00:52Z</end></TimeSpan><styleUrl>#point</styleUrl><Point><altitudeMode>clampToGround</altitudeMode><coordinates>19.167787972837687,-33.946779007092118,360.14999999999998</coordinates></Point></Placemark><Placemark><TimeSpan><begin>2020-03-17T11:00:52Z</begin><end>2020-03-17T11:00:53Z</end></TimeSpan><styleUrl>#point</styleUrl><Point><altitudeMode>clampToGround</altitudeMode><coordinates>19.16788000613451,-33.946970030665398,358.23000000000002</coordinates></Point></Placemark><Placemark><TimeSpan><begin>2020-03-17T11:00:53Z</begin><end>2020-03-17T11:00:56Z</end></TimeSpan><styleUrl>#point</styleUrl><Point><altitudeMode>clampToGround</altitudeMode><coordinates>19.16816096752882,-33.947547962889075,355.33999999999997</coordinates></Point></Placemark><Placemark><TimeSpan><begin>2020-03-17T11:00:56Z</begin><end>2020-03-17T11:00:57Z</end></TimeSpan><styleUrl>#point</styleUrl><Point><altitudeMode>clampToGround</altitudeMode><coordinates>19.168280996382236,-33.947710990905762,354.86000000000001</coordinates></Point></Placemark></Folder><Placemark><name>[168] Franschhoek Pass</name><Style><LineStyle><color>ffff4040</color><width>4</width></LineStyle></Style><MultiGeometry><LineString><coordinates>19.122708002105355,-33.914121016860008,277.95999999999998 19.122786037623882,-33.914101989939809,277.95999999999998 19.122872035950422,-33.914066031575203,277.95999999999998 19.122960967943072,-33.914020014926791,278.44 19.123056018725038,-33.913967963308096,278.44 19.124153964221478,-33.913292968645692,282.76999999999998 19.125301027670503,-33.912659967318177,289.49000000000001 19.126393022015691,-33.912285966798663,294.30000000000001 19.128205021843314,-33.911743992939591,302.94999999999999 19.130020961165428,-33.91118198633194,316.41000000000003 19.131414033472538,-33.910871017724276,326.01999999999998 19.131628023460507,-33.910875041037798,326.99000000000001 19.131840001791716,-33.910891972482204,328.43000000000001 19.132051980122924,-33.910918962210417,329.38999999999999 19.132265970110893,-33.910955004394054,330.82999999999998 19.132482977584004,-33.911006972193718,332.75 19.132705014199018,-33.911079978570342,334.19999999999999 19.132919004186988,-33.911174023523927,335.16000000000003 19.133114973083138,-33.911280976608396,336.60000000000002 19.133311025798321,-33.911404022946954,338.04000000000002 19.133497020229697,-33.911541989073157,339.48000000000002 19.133674968034029,-33.911688001826406,340.44 19.133831961080432,-33.911835020408034,342.37 19.133973028510809,-33.912002993747592,343.81 19.134088028222322,-33.912172978743911,345.73000000000002 19.134187018498778,-33.912353022024035,347.17000000000002 19.134271005168557,-33.912538010627031,349.10000000000002 19.13434099406004,-33.91273096203804,350.06 19.134404025971889,-33.912926008924842,351.98000000000002 19.135034009814262,-33.914573974907398,364.48000000000002 19.13513601757586,-33.914712024852633,367.83999999999997 19.135275995358825,-33.914849990978837,369.75999999999999 19.135429970920086,-33.914977982640266,371.20999999999998 19.135597022250295,-33.915104968473315,372.17000000000002 19.136048974469304,-33.915472012013197,376.49000000000001 19.136171014979482,-33.915612995624542,377.44999999999999 19.13627503439784,-33.915760014206171,378.42000000000002 19.136356003582478,-33.915923964232206,379.38 19.136418029665947,-33.916090009734035,380.33999999999997 19.136455999687314,-33.916267035529017,381.77999999999997 19.136479971930385,-33.916456969454885,382.25999999999999 19.136784989386797,-33.918462004512548,390.91000000000003 19.136938964948058,-33.919047983363271,393.31999999999999 19.137034015730023,-33.919232971966267,394.27999999999997 19.137230990454555,-33.91960303299129,395.24000000000001 19.137284969910979,-33.919805958867073,396.68000000000001 19.137459984049201,-33.920540967956185,401.00999999999999 19.137567020952702,-33.920694021508098,401.97000000000003 19.138221982866526,-33.921368010342121,409.66000000000003 19.138376964256167,-33.921471023932099,411.10000000000002 19.138537980616093,-33.921563979238272,413.01999999999998 19.138711988925934,-33.92164696007967,413.5 19.138893038034439,-33.921718960627913,414.94999999999999 19.139236025512218,-33.921856004744768,416.87 19.139394024387002,-33.921934040263295,417.82999999999998 19.139545988291502,-33.922037975862622,418.79000000000002 19.139682026579976,-33.922165967524052,419.75 19.139823010191321,-33.922325978055596,419.75 19.139934992417693,-33.922503003850579,419.75 19.140037000179291,-33.922687992453575,421.19 19.141145003959537,-33.924379041418433,430.81 19.141894010826945,-33.925169035792351,439.94 19.142163991928101,-33.925556028261781,442.33999999999997 19.142218977212906,-33.925606990233064,446.19 19.142307993024588,-33.925639009103179,446.67000000000002 19.142392985522747,-33.925645966082811,447.63 19.142476972192526,-33.925603972747922,449.55000000000001 19.142542015761137,-33.925538007169962,451.48000000000002 19.142563976347446,-33.925443962216377,453.88 19.142534974962473,-33.925337009131908,456.75999999999999 19.142472026869655,-33.925248999148607,458.20999999999998 19.142383011057973,-33.925158977508545,460.61000000000001 19.142281003296375,-33.925069961696863,462.05000000000001 19.142167009413242,-33.924979018047452,463.49000000000001 19.141723020002246,-33.924551960080862,468.77999999999997 19.141637021675706,-33.924413993954659,469.74000000000001 19.141578013077378,-33.924272004514933,470.22000000000003 19.14154096506536,-33.924123980104923,471.66000000000003 19.141516992822289,-33.923970004543662,472.13999999999999 19.141494026407599,-33.923809994012117,473.58999999999997 19.141458990052342,-33.92364302650094,475.02999999999997 19.141401993110776,-33.923486033454537,475.99000000000001 19.141120025888085,-33.922826964408159,480.80000000000001 19.14108800701797,-33.92265597358346,482.24000000000001 19.141083983704448,-33.922480037435889,483.68000000000001 19.141102004796267,-33.922305023297668,484.63999999999999 19.141140980646014,-33.922126991674304,486.56 19.141184985637665,-33.921949965879321,488.97000000000003 19.141226978972554,-33.921591974794865,492.81 19.14121700450778,-33.921417966485023,492.81 19.141176017001271,-33.921253010630608,493.29000000000002 19.141084989532828,-33.921100040897727,495.22000000000003 19.140972001478076,-33.920957967638969,496.66000000000003 19.140838980674744,-33.920821007341146,497.62 19.140165997669101,-33.919958006590605,505.79000000000002 19.14012199267745,-33.919805036857724,506.26999999999998 19.140113024041057,-33.919647037982941,507.23000000000002 19.140139007940888,-33.919483004137874,508.19 19.140181001275778,-33.919314024969935,509.16000000000003 19.140226012095809,-33.918953016400337,508.67000000000002 19.140196004882455,-33.918768027797341,511.07999999999998 19.140150994062424,-33.918592007830739,512.03999999999996 19.140112018212676,-33.918414982035756,513.48000000000002 19.14009902626276,-33.918236028403044,515.39999999999998 19.140111012384295,-33.91805799677968,516.85000000000002 19.140360038727522,-33.916776990517974,519.25 19.140418963506818,-33.916626032441854,520.21000000000004 19.140500016510487,-33.916481025516987,520.69000000000005 19.141725031659007,-33.914990974590182,534.63 19.14183902554214,-33.914846973493695,536.07000000000005 19.141932986676693,-33.914694003760815,537.50999999999999 19.142017979174852,-33.914529969915748,537.99000000000001 19.142609992995858,-33.913452979177237,547.61000000000001 19.142743013799191,-33.913325993344188,549.52999999999997 19.142891960218549,-33.913210993632674,550.97000000000003 19.143056999891996,-33.913102028891444,551.92999999999995 19.143225979059935,-33.912997003644705,553.38 19.144887020811439,-33.911966029554605,567.32000000000005 19.145045019686222,-33.911818005144596,569.24000000000001 19.14680496789515,-33.910410013049841,587.5 19.148437008261681,-33.90918399207294,603.85000000000002 19.148575980216265,-33.909096987918019,605.76999999999998 19.148735990747809,-33.909025993198156,607.21000000000004 19.148899018764496,-33.908976037055254,608.16999999999996 19.149061962962151,-33.908943012356758,610.09000000000003 19.149237982928753,-33.908933959901333,611.53999999999996 19.149410985410213,-33.908933959901333,612.98000000000002 19.149583987891674,-33.908922979608178,614.41999999999996 19.149757996201515,-33.908890960738063,615.38 19.149923035874963,-33.908833963796496,616.82000000000005 19.150079023092985,-33.908757017925382,618.25999999999999 19.150226963683963,-33.908672025427222,619.71000000000004 19.150375993922353,-33.908588960766792,621.63 19.150528041645885,-33.908526012673974,623.07000000000005 19.150681011378765,-33.908484019339085,624.02999999999997 19.150836998596787,-33.908455017954111,624.50999999999999 19.150991979986429,-33.908436996862292,624.50999999999999 19.1511420160532,-33.908399026840925,625.47000000000003 19.151280988007784,-33.908342029899359,626.44000000000005 19.151413002982736,-33.908262988552451,627.39999999999998 19.151544012129307,-33.908169027417898,628.84000000000003 19.151676027104259,-33.908070037141442,630.27999999999997 19.152041980996728,-33.907720008864999,634.61000000000001 19.152138959616423,-33.907567039132118,636.52999999999997 19.152798028662801,-33.906685011461377,645.65999999999997 19.152954015880823,-33.906560037285089,647.10000000000002 19.153127018362284,-33.906446965411305,649.02999999999997 19.154551019892097,-33.905512969940901,662.97000000000003 19.155188966542482,-33.905133018270135,669.70000000000005 19.155315030366182,-33.905024975538254,671.13999999999999 19.155432963743806,-33.904916010797024,673.05999999999995 19.155807970091701,-33.904483001679182,676.41999999999996 19.155853986740112,-33.904362972825766,677.38999999999999 19.155871002003551,-33.904236992821097,678.35000000000002 19.155864967033267,-33.904101960361004,679.30999999999995 19.155850969254971,-33.903965000063181,680.26999999999998 19.155872007831931,-33.903697030618787,682.19000000000005 19.155925987288356,-33.903565015643835,683.63 19.156004022806883,-33.90344800427556,684.60000000000002 19.1562569886446,-33.90310300514102,687.96000000000004 19.156294036656618,-33.902969984337687,688.44000000000005 19.15630099363625,-33.902826989069581,689.88 19.156214995309711,-33.902315022423863,694.69000000000005 19.156147018074989,-33.902221983298659,695.16999999999996 19.156039981171489,-33.902169009670615,695.64999999999998 19.155918024480343,-33.902148976922035,696.13 19.155792966485023,-33.902134979143739,696.61000000000001 19.155586017295718,-33.902075970545411,697.09000000000003 19.155530026182532,-33.902011010795832,697.57000000000005 19.155523991212249,-33.901935992762446,698.04999999999995 19.155566990375519,-33.901869021356106,699.01999999999998 19.155646031722426,-33.901831973344088,699.98000000000002 19.155736975371838,-33.901824010536075,701.41999999999996 19.155832026153803,-33.901849994435906,702.86000000000001 19.155935039743781,-33.90190003439784,703.82000000000005 19.156039981171489,-33.901965999975801,704.29999999999995 19.156147018074989,-33.902035988867283,705.25999999999999 19.156254976987839,-33.902116036042571,706.23000000000002 19.156353967264295,-33.902205973863602,707.19000000000005 19.156435020267963,-33.902313010767102,708.63 19.15649201720953,-33.902435973286629,710.07000000000005 19.156537028029561,-33.902564970776439,710.54999999999995 19.156568041071296,-33.902704026550055,710.54999999999995 19.156592013314366,-33.902847021818161,711.50999999999999 19.156636018306017,-33.903134018182755,712.95000000000005 19.156625038012862,-33.903280030936003,713.44000000000005 19.156584972515702,-33.903428977355361,714.88 19.156511966139078,-33.903733994811773,716.32000000000005 19.156512971967459,-33.903901968151331,716.79999999999995 19.156539961695671,-33.904074970632792,718.24000000000001 19.156612968072295,-33.904441008344293,719.20000000000005 19.156616991385818,-33.904633037745953,720.15999999999997 19.156652027741075,-33.906164998188615,726.88999999999999 19.15698504075408,-33.907064963132143,726.88999999999999 19.15741897188127,-33.907940033823252,724.49000000000001 19.157704962417483,-33.9093760214746,719.20000000000005 19.157890034839511,-33.911024993285537,715.36000000000001 19.15784602984786,-33.911217022687197,715.36000000000001 19.15778299793601,-33.911404022946954,714.88 19.157702028751373,-33.911583982408047,714.88 19.157603960484266,-33.911760002374649,714.39999999999998 19.157478986307979,-33.911929987370968,713.91999999999996 19.15733196772635,-33.912087986245751,713.91999999999996 19.157173968851566,-33.912241039797664,714.39999999999998 19.156899964436889,-33.912580003961921,713.44000000000005 19.1567940171808,-33.912761975079775,712.95000000000005 19.15655898861587,-33.913316018879414,710.54999999999995 19.156538033857942,-33.913506036624312,710.07000000000005 19.156564017757773,-33.913694964721799,709.11000000000001 19.156638029962778,-33.913875008001924,708.63 19.156748000532389,-33.914044992998242,707.66999999999996 19.156913040205836,-33.914207015186548,702.86000000000001 19.15707103908062,-33.914351016283035,700.94000000000005 19.157213028520346,-33.914489988237619,699.98000000000002 19.15733196772635,-33.914639018476009,698.04999999999995 19.157411009073257,-33.914799029007554,697.09000000000003 19.15746096521616,-33.914965996518731,695.64999999999998 19.157475968822837,-33.915131958201528,694.69000000000005 19.157463982701302,-33.915300015360117,694.21000000000004 19.157456019893289,-33.915462037548423,690.84000000000003 19.157467000186443,-33.915621964260936,689.88 19.157531037926674,-33.915764959529042,686.51999999999998 19.157637991011143,-33.915883982554078,685.08000000000004 19.157787021249533,-33.915980961173773,682.66999999999996 19.157946025952697,-33.916048016399145,680.75 19.158101007342339,-33.916111970320344,678.83000000000004 19.15823302231729,-33.916192017495632,677.87 19.158334024250507,-33.916293019428849,676.90999999999997 19.158394960686564,-33.916422016918659,676.41999999999996 19.158411975950003,-33.916567023843527,675.46000000000004 19.158406024798751,-33.916726028546691,675.94000000000005 19.158402001485229,-33.91689701937139,674.5 19.158422034233809,-33.917076978832483,674.01999999999998 19.158466961234808,-33.91726003959775,673.05999999999995 19.158529993146658,-33.917446034029126,672.10000000000002 19.159141033887863,-33.919080002233386,662.00999999999999 19.159148996695876,-33.919247975572944,661.51999999999998 19.159127036109567,-33.919418966397643,661.03999999999996 19.159035002812743,-33.919954989105463,656.72000000000003 19.159043971449137,-33.920144001021981,656.24000000000001 19.159089988097548,-33.920326977968216,654.30999999999995 19.159167017787695,-33.920500986278057,651.90999999999997 19.159229965880513,-33.920668959617615,650.95000000000005 19.159282017499208,-33.920838022604585,649.50999999999999 19.159311018884182,-33.921013958752155,647.59000000000003 19.159314958378673,-33.921188972890377,646.13999999999999 19.159292997792363,-33.921363987028599,645.65999999999997 19.159251004457474,-33.921535983681679,644.22000000000003 19.159187972545624,-33.921698005869985,643.74000000000001 19.159109015017748,-33.921854998916388,642.77999999999997 19.159015975892544,-33.921994976699352,642.29999999999995 19.15892100892961,-33.922129003331065,641.34000000000003 19.158836016431451,-33.922258000820875,639.88999999999999 19.1587920114398,-33.922383980825543,636.04999999999995 19.158786982297897,-33.922503003850579,635.09000000000003 19.158843979239464,-33.922614986076951,632.67999999999995 19.158938024193048,-33.922702996060252,629.79999999999995 19.15905000641942,-33.922758987173438,628.84000000000003 19.159181015565991,-33.922777008265257,627.88 19.159316970035434,-33.922754041850567,626.91999999999996 19.159441022202373,-33.92269897274673,625.47000000000003 19.15954302996397,-33.92261398024857,624.50999999999999 19.159644031897187,-33.922519013285637,623.54999999999995 19.159735981374979,-33.922408036887646,623.54999999999995 19.160707024857402,-33.921147985383868,619.71000000000004 19.161474974825978,-33.920182976871729,615.86000000000001 19.161595003679395,-33.920081974938512,615.38 19.161724001169205,-33.919999999925494,614.41999999999996 19.161861967295408,-33.919946020469069,614.41999999999996 19.162009991705418,-33.919919030740857,613.46000000000004 19.162159021943808,-33.919920036569238,613.46000000000004 19.162307968363166,-33.919943002983928,612.98000000000002 19.162469990551472,-33.920005029067397,612.01999999999998 19.162613991647959,-33.920079041272402,611.53999999999996 19.162740977481008,-33.920173002406955,610.57000000000005 19.162842985242605,-33.920284984633327,610.09000000000003 19.162911968305707,-33.920416999608278,609.61000000000001 19.162947004660964,-33.920565024018288,609.13 19.162952033802867,-33.920717993751168,608.64999999999998 19.162910962477326,-33.920867023989558,608.16999999999996 19.162838961929083,-33.921008007600904,607.21000000000004 19.16272496804595,-33.921127030625939,606.73000000000002 19.16257300414145,-33.921218980103731,606.25 19.162406958639622,-33.921287963166833,605.28999999999996 19.16222901083529,-33.921340014785528,604.33000000000004 19.162053996697068,-33.921383013948798,603.85000000000002 19.161534989252687,-33.921559033915401,600 19.161373972892761,-33.921650983393192,599.51999999999998 19.161227038130164,-33.921761959791183,598.55999999999995 19.161101980134845,-33.921899003908038,598.08000000000004 19.161007013171911,-33.922050967812538,597.12 19.160924032330513,-33.922213995829225,596.14999999999998 19.160844990983605,-33.922388004139066,596.14999999999998 19.160333024337888,-33.923423001542687,591.83000000000004 19.160200003534555,-33.923581000417471,591.83000000000004 19.160050973296165,-33.923732964321971,590.87 19.159870008006692,-33.923871014267206,589.90999999999997 19.159664986655116,-33.924006968736649,589.42999999999995 19.158423040062189,-33.924954039976001,580.76999999999998 19.158331006765366,-33.925077002495527,579.33000000000004 19.158296976238489,-33.925213040784001,578.85000000000002 19.158326983451843,-33.925350001081824,578.37 19.158414993435144,-33.925478998571634,577.40999999999997 19.15855597704649,-33.925595004111528,574.52999999999997 19.158702995628119,-33.9257069863379,573.55999999999995 19.158979011699557,-33.925954001024365,571.15999999999997 19.15909199975431,-33.926100013777614,569.72000000000003 19.159186966717243,-33.926261030137539,568.75999999999999 19.159253016114235,-33.926438977941871,567.79999999999995 19.159301966428757,-33.926639975979924,566.83000000000004 19.159333985298872,-33.926843991503119,565.38999999999999 19.159441022202373,-33.927279012277722,564.42999999999995 19.159527020528913,-33.92748998478055,562.99000000000001 19.160022977739573,-33.9285200368613,556.74000000000001 19.160105958580971,-33.928635036572814,555.77999999999997 19.160240991041064,-33.928722040727735,552.89999999999998 19.160392032936215,-33.928787000477314,550.97000000000003 19.160548020154238,-33.928806027397513,550.49000000000001 19.160707024857402,-33.928794041275978,548.57000000000005 19.160864017903805,-33.928797980770469,547.61000000000001 19.161018999293447,-33.928824970498681,547.13 19.161179009824991,-33.92888699658215,544.24000000000001 19.161754008382559,-33.929211962968111,540.39999999999998 19.161851992830634,-33.929313970729709,539.44000000000005 19.161919970065355,-33.929430982097983,538.48000000000002 19.161963975057006,-33.929575989022851,537.02999999999997 19.161991970613599,-33.929720995947719,536.07000000000005 19.162033963948488,-33.929872959852219,535.11000000000001 19.162104036659002,-33.930019978433847,533.66999999999996 19.162197997793555,-33.930164985358715,533.66999999999996 19.162309980019927,-33.930299011990428,531.75 19.162440989166498,-33.93043496645987,529.82000000000005 19.162581972777843,-33.93056396394968,528.86000000000001 19.162731003016233,-33.930678963661194,527.41999999999996 19.163191001862288,-33.931006025522947,521.16999999999996 19.163360986858606,-33.931088000535965,520.21000000000004 19.163660975173116,-33.931235019117594,518.76999999999998 19.163782009854913,-33.931325040757656,517.80999999999995 19.163873037323356,-33.931431993842125,517.33000000000004 19.163933973759413,-33.931564008817077,516.37 19.163976972922683,-33.931731982156634,514.44000000000005 19.164004968479276,-33.931902972981334,513 19.16409901343286,-33.93228099681437,509.16000000000003 19.164174031466246,-33.932464979588985,508.19 19.164261035621166,-33.932638987898827,506.75 19.164631012827158,-33.93329001031816,503.38999999999999 19.164664037525654,-33.933444991707802,502.43000000000001 19.164661020040512,-33.933615982532501,500.98000000000002 19.164621038362384,-33.933779010549188,500.01999999999998 19.164564041420817,-33.933952013030648,498.57999999999998 19.164478965103626,-33.934115041047335,497.62 19.164372012019157,-33.934257030487061,496.66000000000003 19.164241002872586,-33.934376975521445,495.69999999999999 19.164081998169422,-33.934473032131791,495.22000000000003 19.163914024829865,-33.934563975781202,494.25999999999999 19.163781004026532,-33.934674030169845,492.81 19.163688970729709,-33.93481501378119,492.32999999999998 19.16362501680851,-33.934971000999212,491.37 19.163584029302001,-33.935136962682009,489.93000000000001 19.16345695964992,-33.935466036200523,488.49000000000001 19.163356041535735,-33.935624035075307,488.49000000000001 19.163252022117376,-33.935774993151426,486.56 19.16311196051538,-33.93591002561152,485.60000000000002 19.162969971075654,-33.936027036979795,484.16000000000003 19.162803003564477,-33.936116974800825,483.19999999999999 19.162618014961481,-33.936180006712675,482.24000000000001 19.16242397390306,-33.936225017532706,481.27999999999997 19.162226999178529,-33.936266005039215,479.35000000000002 19.161856016144156,-33.936370024457574,476.47000000000003 19.161689970642328,-33.936446970328689,475.50999999999999 19.161544963717461,-33.936544032767415,474.06999999999999 19.161419989541173,-33.936662971973419,472.63 19.161339020356536,-33.936810996383429,470.22000000000003 19.161299038678408,-33.93696497194469,468.77999999999997 19.161276994273067,-33.937123976647854,467.33999999999997 19.161267019808292,-33.937289016321301,466.38 19.161273976787925,-33.93818898126483,461.08999999999997 19.161317981779575,-33.938291994854808,460.61000000000001 19.161400962620974,-33.938378999009728,459.64999999999998 19.161510011181235,-33.938441025093198,459.17000000000002 19.161634985357523,-33.938478995114565,458.69 19.161771023645997,-33.938481006771326,458.69 19.161902032792568,-33.938443958759308,458.20999999999998 19.162021977826953,-33.93838201649487,458.20999999999998 19.162119962275028,-33.938293000683188,457.72000000000003 19.162191962823272,-33.938183030113578,456.75999999999999 19.162244014441967,-33.938055960461497,457.24000000000001 19.162292964756489,-33.937926040962338,457.72000000000003 19.162403019145131,-33.937692018225789,457.24000000000001 19.162478959187865,-33.937592022120953,457.24000000000001 19.16257300414145,-33.937504012137651,456.75999999999999 19.162691021338105,-33.937428994104266,456.27999999999997 19.162825969979167,-33.937369985505939,455.31999999999999 19.162977011874318,-33.937323968857527,454.36000000000001 19.163140039891005,-33.937293961644173,453.39999999999998 19.163317987695336,-33.937279963865876,451.95999999999998 19.163503982126713,-33.937280969694257,451 19.163696011528373,-33.937289016321301,449.55000000000001 19.16467803530395,-33.937252974137664,443.31 19.164860006421804,-33.937204023823142,442.33999999999997 19.165026973932981,-33.937145015224814,441.38 19.165341965854168,-33.937043007463217,440.42000000000002 19.165503988042474,-33.937020963057876,439.45999999999998 19.165671961382031,-33.937022974714637,438.5 19.165847981348634,-33.937052981927991,438.01999999999998 19.166028024628758,-33.937092963606119,437.54000000000002 19.166206978261471,-33.937116013839841,436.57999999999998 19.166381992399693,-33.937119031324983,436.10000000000002 19.166554994881153,-33.937102016061544,435.13 19.166885996237397,-33.937066979706287,433.69 19.16704198345542,-33.937064968049526,432.73000000000002 19.167181961238384,-33.937079971656203,432.25 19.167309030890465,-33.937132023274899,431.76999999999998 19.167423024773598,-33.93722397275269,430.81 19.167499970644712,-33.937323968857527,430.32999999999998 19.167556967586279,-33.937442991882563,429.85000000000002 19.167604995891452,-33.937581041827798,428.88999999999999 19.167714966461062,-33.938006004318595,426 19.167702980339527,-33.938155034556985,424.56 19.167649000883102,-33.93829501233995,423.60000000000002 19.167571971192956,-33.938432978466153,422.63999999999999 19.167486978694797,-33.938568010926247,422.16000000000003 19.167411960661411,-33.938703965395689,421.68000000000001 19.167370973154902,-33.938841009512544,421.19 19.167372984811664,-33.938994985073805,420.70999999999998 19.167398968711495,-33.939147032797337,419.75 19.167446997016668,-33.939295979216695,419.75 19.167506005614996,-33.93943402916193,418.79000000000002 19.167584041133523,-33.939557997509837,418.31 19.167662998661399,-33.939678026363254,417.35000000000002 19.167700968682766,-33.939796965569258,415.91000000000003 19.167697029188275,-33.939919006079435,415.43000000000001 19.167667021974921,-33.940039034932852,414.94999999999999 19.167626034468412,-33.940158979967237,413.98000000000002 19.167631985619664,-33.940483024343848,410.62 19.167699962854385,-33.94057204015553,409.66000000000003 19.167810017243028,-33.940657032653689,408.69999999999999 19.167918981984258,-33.940711012110114,408.69999999999999 19.168039010837674,-33.940771026536822,407.74000000000001 19.16815803386271,-33.940845960751176,406.76999999999998 19.168260963633657,-33.940941011533141,405.81 19.168361965566874,-33.941071014851332,405.32999999999998 19.168466990813613,-33.941218033432961,404.37 19.168617026880383,-33.941380977630615,402.44999999999999 19.168807966634631,-33.941527996212244,400.05000000000001 19.169001001864672,-33.941662022843957,400.05000000000001 19.169880012050271,-33.942498033866286,392.83999999999997 19.170083021745086,-33.942784024402499,391.38999999999999 19.170147981494665,-33.942939005792141,390.91000000000003 19.170201038941741,-33.943103039637208,389.94999999999999 19.170231968164444,-33.943264978006482,389.47000000000003 19.170231968164444,-33.943406967446208,389.47000000000003 19.170191986486316,-33.943537976592779,389.94999999999999 19.170123003423214,-33.943640990182757,389.47000000000003 19.170018984004855,-33.943726988509297,388.99000000000001 19.169890992343426,-33.943787002936006,388.02999999999997 19.169735005125403,-33.943820027634501,387.55000000000001 19.169566025957465,-33.943845005705953,387.06999999999999 19.169382965192199,-33.943869983777404,386.58999999999997 19.169197976589203,-33.943914994597435,386.11000000000001 19.169002007693052,-33.943992024287581,384.66000000000003 19.168809978291392,-33.944081040099263,383.22000000000003 19.1680290363729,-33.944446993991733,380.33999999999997 19.16785997338593,-33.944575991481543,380.33999999999997 19.167717983946204,-33.944723010063171,378.42000000000002 19.167585968971252,-33.944881008937955,377.44999999999999 19.167481027543545,-33.945046970620751,374.08999999999997 19.167397040873766,-33.945215027779341,372.64999999999998 19.167327973991632,-33.945380989462137,371.20999999999998 19.167269971221685,-33.945546029135585,370.73000000000002 19.167232001200318,-33.94570603966713,368.31999999999999 19.167220015078783,-33.945851968601346,366.88 19.167259996756911,-33.945997981354594,366.88 19.167330991476774,-33.946149023249745,364.95999999999998 19.167434005066752,-33.946296041831374,363.04000000000002 19.167554033920169,-33.946448005735874,362.55000000000001 19.167787972837687,-33.946779007092118,360.14999999999998 19.16788000613451,-33.946970030665398,358.23000000000002 19.16816096752882,-33.947547962889075,355.33999999999997 19.168280996382236,-33.947710990905762,354.86000000000001 </coordinates></LineString></MultiGeometry></Placemark></Folder></Folder></Document></kml>