<?xml version="1.0" encoding="utf-8"?><kml xmlns="http://www.opengis.net/kml/2.2" xmlns:xsi="http://www.w3.org/2001/XMLSchema-instance" xmlns:kmlx="http://www.google.com/kml/ext/2.2" xmlns:atom="http://www.w3.org/2005/Atom" xmlns:gpxx="http://www.garmin.com/xmlschemas/GpxExtensions/v3"><Document><Style id="point"><IconStyle><scale>0.9</scale><Icon><href>http://maps.google.com/mapfiles/kml/shapes/placemark_circle.png</href></Icon></IconStyle></Style><Folder><name>Tracks</name><Folder><name>[331] Thaba-Tseka to Katse Highlights1(SN)</name><Folder><name>Points</name><Style><ListStyle><listItemType>checkHideChildren</listItemType></ListStyle></Style><Placemark><Style><IconStyle><scale>0.9</scale><Icon><href>http://connect.garmin.com/image/main/icons/kml/grn-play.png</href></Icon></IconStyle></Style><Point><altitudeMode>clampToGround</altitudeMode><coordinates>28.590420177206397,-29.515957301482558</coordinates></Point></Placemark><Placemark><styleUrl>#point</styleUrl><Point><altitudeMode>clampToGround</altitudeMode><coordinates>28.590165954083204,-29.515990410000086</coordinates></Point></Placemark><Placemark><styleUrl>#point</styleUrl><Point><altitudeMode>clampToGround</altitudeMode><coordinates>28.590099737048149,-29.515981525182724</coordinates></Point></Placemark><Placemark><styleUrl>#point</styleUrl><Point><altitudeMode>clampToGround</altitudeMode><coordinates>28.590048691257834,-29.515955038368702</coordinates></Point></Placemark><Placemark><styleUrl>#point</styleUrl><Point><altitudeMode>clampToGround</altitudeMode><coordinates>28.590014576911926,-29.515908434987068</coordinates></Point></Placemark><Placemark><styleUrl>#point</styleUrl><Point><altitudeMode>clampToGround</altitudeMode><coordinates>28.589997561648488,-29.5158601552248</coordinates></Point></Placemark><Placemark><styleUrl>#point</styleUrl><Point><altitudeMode>clampToGround</altitudeMode><coordinates>28.58997568488121,-29.51579469256103</coordinates></Point></Placemark><Placemark><styleUrl>#point</styleUrl><Point><altitudeMode>clampToGround</altitudeMode><coordinates>28.589558517560363,-29.514890452846885</coordinates></Point></Placemark><Placemark><styleUrl>#point</styleUrl><Point><altitudeMode>clampToGround</altitudeMode><coordinates>28.588938340544701,-29.513741042464972</coordinates></Point></Placemark><Placemark><styleUrl>#point</styleUrl><Point><altitudeMode>clampToGround</altitudeMode><coordinates>28.588672550395131,-29.513143831863999</coordinates></Point></Placemark><Placemark><styleUrl>#point</styleUrl><Point><altitudeMode>clampToGround</altitudeMode><coordinates>28.588571129366755,-29.512661034241319</coordinates></Point></Placemark><Placemark><styleUrl>#point</styleUrl><Point><altitudeMode>clampToGround</altitudeMode><coordinates>28.588583199307323,-29.512556260451674</coordinates></Point></Placemark><Placemark><styleUrl>#point</styleUrl><Point><altitudeMode>clampToGround</altitudeMode><coordinates>28.588609853759408,-29.512451235204935</coordinates></Point></Placemark><Placemark><styleUrl>#point</styleUrl><Point><altitudeMode>clampToGround</altitudeMode><coordinates>28.588649667799473,-29.512348305433989</coordinates></Point></Placemark><Placemark><styleUrl>#point</styleUrl><Point><altitudeMode>clampToGround</altitudeMode><coordinates>28.588697696104646,-29.512245878577232</coordinates></Point></Placemark><Placemark><styleUrl>#point</styleUrl><Point><altitudeMode>clampToGround</altitudeMode><coordinates>28.589011514559388,-29.511549761518836</coordinates></Point></Placemark><Placemark><styleUrl>#point</styleUrl><Point><altitudeMode>clampToGround</altitudeMode><coordinates>28.58922709710896,-29.510899996384978</coordinates></Point></Placemark><Placemark><styleUrl>#point</styleUrl><Point><altitudeMode>clampToGround</altitudeMode><coordinates>28.589400099590421,-29.510455084964633</coordinates></Point></Placemark><Placemark><styleUrl>#point</styleUrl><Point><altitudeMode>clampToGround</altitudeMode><coordinates>28.589418204501271,-29.510372774675488</coordinates></Point></Placemark><Placemark><styleUrl>#point</styleUrl><Point><altitudeMode>clampToGround</altitudeMode><coordinates>28.589430944994092,-29.510281411930919</coordinates></Point></Placemark><Placemark><styleUrl>#point</styleUrl><Point><altitudeMode>clampToGround</altitudeMode><coordinates>28.589437399059534,-29.510193737223744</coordinates></Point></Placemark><Placemark><styleUrl>#point</styleUrl><Point><altitudeMode>clampToGround</altitudeMode><coordinates>28.589438404887915,-29.510104386135936</coordinates></Point></Placemark><Placemark><styleUrl>#point</styleUrl><Point><altitudeMode>clampToGround</altitudeMode><coordinates>28.589180074632168,-29.509219760075212</coordinates></Point></Placemark><Placemark><styleUrl>#point</styleUrl><Point><altitudeMode>clampToGround</altitudeMode><coordinates>28.588699959218502,-29.508079485967755</coordinates></Point></Placemark><Placemark><styleUrl>#point</styleUrl><Point><altitudeMode>clampToGround</altitudeMode><coordinates>28.588641537353396,-29.507938586175442</coordinates></Point></Placemark><Placemark><styleUrl>#point</styleUrl><Point><altitudeMode>clampToGround</altitudeMode><coordinates>28.588627874851227,-29.507874883711338</coordinates></Point></Placemark><Placemark><styleUrl>#point</styleUrl><Point><altitudeMode>clampToGround</altitudeMode><coordinates>28.588623683899641,-29.507805062457919</coordinates></Point></Placemark><Placemark><styleUrl>#point</styleUrl><Point><altitudeMode>clampToGround</altitudeMode><coordinates>28.588628880679607,-29.50773230753839</coordinates></Point></Placemark><Placemark><styleUrl>#point</styleUrl><Point><altitudeMode>clampToGround</altitudeMode><coordinates>28.588642543181777,-29.507657289505005</coordinates></Point></Placemark><Placemark><styleUrl>#point</styleUrl><Point><altitudeMode>clampToGround</altitudeMode><coordinates>28.588668694719672,-29.507581852376461</coordinates></Point></Placemark><Placemark><styleUrl>#point</styleUrl><Point><altitudeMode>clampToGround</altitudeMode><coordinates>28.588709933683276,-29.507508678361773</coordinates></Point></Placemark><Placemark><styleUrl>#point</styleUrl><Point><altitudeMode>clampToGround</altitudeMode><coordinates>28.588762991130352,-29.507440198212862</coordinates></Point></Placemark><Placemark><styleUrl>#point</styleUrl><Point><altitudeMode>clampToGround</altitudeMode><coordinates>28.588823257014155,-29.507378339767456</coordinates></Point></Placemark><Placemark><styleUrl>#point</styleUrl><Point><altitudeMode>clampToGround</altitudeMode><coordinates>28.588887546211481,-29.507325869053602</coordinates></Point></Placemark><Placemark><styleUrl>#point</styleUrl><Point><altitudeMode>clampToGround</altitudeMode><coordinates>28.588956696912646,-29.507282534614205</coordinates></Point></Placemark><Placemark><styleUrl>#point</styleUrl><Point><altitudeMode>clampToGround</altitudeMode><coordinates>28.589031044393778,-29.507245318964124</coordinates></Point></Placemark><Placemark><styleUrl>#point</styleUrl><Point><altitudeMode>clampToGround</altitudeMode><coordinates>28.589106732979417,-29.507211707532406</coordinates></Point></Placemark><Placemark><styleUrl>#point</styleUrl><Point><altitudeMode>clampToGround</altitudeMode><coordinates>28.589188707992435,-29.507180023938417</coordinates></Point></Placemark><Placemark><styleUrl>#point</styleUrl><Point><altitudeMode>clampToGround</altitudeMode><coordinates>28.589277220889926,-29.507153453305364</coordinates></Point></Placemark><Placemark><styleUrl>#point</styleUrl><Point><altitudeMode>clampToGround</altitudeMode><coordinates>28.590409783646464,-29.506855979561806</coordinates></Point></Placemark><Placemark><styleUrl>#point</styleUrl><Point><altitudeMode>clampToGround</altitudeMode><coordinates>28.591816853731871,-29.506564121693373</coordinates></Point></Placemark><Placemark><styleUrl>#point</styleUrl><Point><altitudeMode>clampToGround</altitudeMode><coordinates>28.593715438619256,-29.506132956594229</coordinates></Point></Placemark><Placemark><styleUrl>#point</styleUrl><Point><altitudeMode>clampToGround</altitudeMode><coordinates>28.594664186239243,-29.506029272451997</coordinates></Point></Placemark><Placemark><styleUrl>#point</styleUrl><Point><altitudeMode>clampToGround</altitudeMode><coordinates>28.595037013292313,-29.505979735404253</coordinates></Point></Placemark><Placemark><styleUrl>#point</styleUrl><Point><altitudeMode>clampToGround</altitudeMode><coordinates>28.595130555331707,-29.505949895828962</coordinates></Point></Placemark><Placemark><styleUrl>#point</styleUrl><Point><altitudeMode>clampToGround</altitudeMode><coordinates>28.595221834257245,-29.505910081788898</coordinates></Point></Placemark><Placemark><styleUrl>#point</styleUrl><Point><altitudeMode>clampToGround</altitudeMode><coordinates>28.595676133409142,-29.505678741261363</coordinates></Point></Placemark><Placemark><styleUrl>#point</styleUrl><Point><altitudeMode>clampToGround</altitudeMode><coordinates>28.595757186412811,-29.505622666329145</coordinates></Point></Placemark><Placemark><styleUrl>#point</styleUrl><Point><altitudeMode>clampToGround</altitudeMode><coordinates>28.596831159666181,-29.504866367205977</coordinates></Point></Placemark><Placemark><styleUrl>#point</styleUrl><Point><altitudeMode>clampToGround</altitudeMode><coordinates>28.597297864034772,-29.504280220717192</coordinates></Point></Placemark><Placemark><styleUrl>#point</styleUrl><Point><altitudeMode>clampToGround</altitudeMode><coordinates>28.59737254679203,-29.504178296774626</coordinates></Point></Placemark><Placemark><styleUrl>#point</styleUrl><Point><altitudeMode>clampToGround</altitudeMode><coordinates>28.597419317811728,-29.504133202135563</coordinates></Point></Placemark><Placemark><styleUrl>#point</styleUrl><Point><altitudeMode>clampToGround</altitudeMode><coordinates>28.597467597573996,-29.504084084182978</coordinates></Point></Placemark><Placemark><styleUrl>#point</styleUrl><Point><altitudeMode>clampToGround</altitudeMode><coordinates>28.597515039145947,-29.504024907946587</coordinates></Point></Placemark><Placemark><styleUrl>#point</styleUrl><Point><altitudeMode>clampToGround</altitudeMode><coordinates>28.597562480717897,-29.503960115835071</coordinates></Point></Placemark><Placemark><styleUrl>#point</styleUrl><Point><altitudeMode>clampToGround</altitudeMode><coordinates>28.597614280879498,-29.503896245732903</coordinates></Point></Placemark><Placemark><styleUrl>#point</styleUrl><Point><altitudeMode>clampToGround</altitudeMode><coordinates>28.598339566960931,-29.503044476732612</coordinates></Point></Placemark><Placemark><styleUrl>#point</styleUrl><Point><altitudeMode>clampToGround</altitudeMode><coordinates>28.598448531702161,-29.502841718494892</coordinates></Point></Placemark><Placemark><styleUrl>#point</styleUrl><Point><altitudeMode>clampToGround</altitudeMode><coordinates>28.59846412204206,-29.502772148698568</coordinates></Point></Placemark><Placemark><styleUrl>#point</styleUrl><Point><altitudeMode>clampToGround</altitudeMode><coordinates>28.598468899726868,-29.502702578902245</coordinates></Point></Placemark><Placemark><styleUrl>#point</styleUrl><Point><altitudeMode>clampToGround</altitudeMode><coordinates>28.598464876413345,-29.50262663885951</coordinates></Point></Placemark><Placemark><styleUrl>#point</styleUrl><Point><altitudeMode>clampToGround</altitudeMode><coordinates>28.598450208082795,-29.502549944445491</coordinates></Point></Placemark><Placemark><styleUrl>#point</styleUrl><Point><altitudeMode>clampToGround</altitudeMode><coordinates>28.598428498953581,-29.502474339678884</coordinates></Point></Placemark><Placemark><styleUrl>#point</styleUrl><Point><altitudeMode>clampToGround</altitudeMode><coordinates>28.598374351859093,-29.502344587817788</coordinates></Point></Placemark><Placemark><styleUrl>#point</styleUrl><Point><altitudeMode>clampToGround</altitudeMode><coordinates>28.59832925722003,-29.502276945859194</coordinates></Point></Placemark><Placemark><styleUrl>#point</styleUrl><Point><altitudeMode>clampToGround</altitudeMode><coordinates>28.597935726866126,-29.501723991706967</coordinates></Point></Placemark><Placemark><styleUrl>#point</styleUrl><Point><altitudeMode>clampToGround</altitudeMode><coordinates>28.597746463492513,-29.501331048086286</coordinates></Point></Placemark><Placemark><styleUrl>#point</styleUrl><Point><altitudeMode>clampToGround</altitudeMode><coordinates>28.597697932273149,-29.50126483105123</coordinates></Point></Placemark><Placemark><styleUrl>#point</styleUrl><Point><altitudeMode>clampToGround</altitudeMode><coordinates>28.597641438245773,-29.501205319538713</coordinates></Point></Placemark><Placemark><styleUrl>#point</styleUrl><Point><altitudeMode>clampToGround</altitudeMode><coordinates>28.597575472667813,-29.501148238778114</coordinates></Point></Placemark><Placemark><styleUrl>#point</styleUrl><Point><altitudeMode>clampToGround</altitudeMode><coordinates>28.597500454634428,-29.501089984551072</coordinates></Point></Placemark><Placemark><styleUrl>#point</styleUrl><Point><altitudeMode>clampToGround</altitudeMode><coordinates>28.596707107499242,-29.500368051230907</coordinates></Point></Placemark><Placemark><styleUrl>#point</styleUrl><Point><altitudeMode>clampToGround</altitudeMode><coordinates>28.596048541367054,-29.499649722129107</coordinates></Point></Placemark><Placemark><styleUrl>#point</styleUrl><Point><altitudeMode>clampToGround</altitudeMode><coordinates>28.596016187220812,-29.499569423496723</coordinates></Point></Placemark><Placemark><styleUrl>#point</styleUrl><Point><altitudeMode>clampToGround</altitudeMode><coordinates>28.595988191664219,-29.499479318037629</coordinates></Point></Placemark><Placemark><styleUrl>#point</styleUrl><Point><altitudeMode>clampToGround</altitudeMode><coordinates>28.595965811982751,-29.499390302225947</coordinates></Point></Placemark><Placemark><styleUrl>#point</styleUrl><Point><altitudeMode>clampToGround</altitudeMode><coordinates>28.595941588282585,-29.499286282807589</coordinates></Point></Placemark><Placemark><styleUrl>#point</styleUrl><Point><altitudeMode>clampToGround</altitudeMode><coordinates>28.595704464241862,-29.498627884313464</coordinates></Point></Placemark><Placemark><styleUrl>#point</styleUrl><Point><altitudeMode>clampToGround</altitudeMode><coordinates>28.595153437927365,-29.497703444212675</coordinates></Point></Placemark><Placemark><styleUrl>#point</styleUrl><Point><altitudeMode>clampToGround</altitudeMode><coordinates>28.595085963606834,-29.497644435614347</coordinates></Point></Placemark><Placemark><styleUrl>#point</styleUrl><Point><altitudeMode>clampToGround</altitudeMode><coordinates>28.595007257536054,-29.497589031234384</coordinates></Point></Placemark><Placemark><styleUrl>#point</styleUrl><Point><altitudeMode>clampToGround</altitudeMode><coordinates>28.594920923933387,-29.497540416195989</coordinates></Point></Placemark><Placemark><styleUrl>#point</styleUrl><Point><altitudeMode>clampToGround</altitudeMode><coordinates>28.594823274761438,-29.497494818642735</coordinates></Point></Placemark><Placemark><styleUrl>#point</styleUrl><Point><altitudeMode>clampToGround</altitudeMode><coordinates>28.594722608104348,-29.497450897470117</coordinates></Point></Placemark><Placemark><styleUrl>#point</styleUrl><Point><altitudeMode>clampToGround</altitudeMode><coordinates>28.593691550195217,-29.49700640514493</coordinates></Point></Placemark><Placemark><styleUrl>#point</styleUrl><Point><altitudeMode>clampToGround</altitudeMode><coordinates>28.592879427596927,-29.496666518971324</coordinates></Point></Placemark><Placemark><styleUrl>#point</styleUrl><Point><altitudeMode>clampToGround</altitudeMode><coordinates>28.592722350731492,-29.496587058529258</coordinates></Point></Placemark><Placemark><styleUrl>#point</styleUrl><Point><altitudeMode>clampToGround</altitudeMode><coordinates>28.591645862907171,-29.49606386013329</coordinates></Point></Placemark><Placemark><styleUrl>#point</styleUrl><Point><altitudeMode>clampToGround</altitudeMode><coordinates>28.591081341728568,-29.495739229023457</coordinates></Point></Placemark><Placemark><styleUrl>#point</styleUrl><Point><altitudeMode>clampToGround</altitudeMode><coordinates>28.591010179370642,-29.495686423033476</coordinates></Point></Placemark><Placemark><styleUrl>#point</styleUrl><Point><altitudeMode>clampToGround</altitudeMode><coordinates>28.590325294062495,-29.495089547708631</coordinates></Point></Placemark><Placemark><styleUrl>#point</styleUrl><Point><altitudeMode>clampToGround</altitudeMode><coordinates>28.58988281339407,-29.494698196649551</coordinates></Point></Placemark><Placemark><styleUrl>#point</styleUrl><Point><altitudeMode>clampToGround</altitudeMode><coordinates>28.589535718783736,-29.494279101490974</coordinates></Point></Placemark><Placemark><styleUrl>#point</styleUrl><Point><altitudeMode>clampToGround</altitudeMode><coordinates>28.589088125154376,-29.493637718260288</coordinates></Point></Placemark><Placemark><styleUrl>#point</styleUrl><Point><altitudeMode>clampToGround</altitudeMode><coordinates>28.588459650054574,-29.492745464667678</coordinates></Point></Placemark><Placemark><styleUrl>#point</styleUrl><Point><altitudeMode>clampToGround</altitudeMode><coordinates>28.588021276518703,-29.492269121110439</coordinates></Point></Placemark><Placemark><styleUrl>#point</styleUrl><Point><altitudeMode>clampToGround</altitudeMode><coordinates>28.587931506335735,-29.492211537435651</coordinates></Point></Placemark><Placemark><styleUrl>#point</styleUrl><Point><altitudeMode>clampToGround</altitudeMode><coordinates>28.587822625413537,-29.492154037579894</coordinates></Point></Placemark><Placemark><styleUrl>#point</styleUrl><Point><altitudeMode>clampToGround</altitudeMode><coordinates>28.587734615430236,-29.492114977911115</coordinates></Point></Placemark><Placemark><styleUrl>#point</styleUrl><Point><altitudeMode>clampToGround</altitudeMode><coordinates>28.587633864954114,-29.492077259346843</coordinates></Point></Placemark><Placemark><styleUrl>#point</styleUrl><Point><altitudeMode>clampToGround</altitudeMode><coordinates>28.587525067850947,-29.492043312638998</coordinates></Point></Placemark><Placemark><styleUrl>#point</styleUrl><Point><altitudeMode>clampToGround</altitudeMode><coordinates>28.587417444214225,-29.492016490548849</coordinates></Point></Placemark><Placemark><styleUrl>#point</styleUrl><Point><altitudeMode>clampToGround</altitudeMode><coordinates>28.58729992993176,-29.491995703428984</coordinates></Point></Placemark><Placemark><styleUrl>#point</styleUrl><Point><altitudeMode>clampToGround</altitudeMode><coordinates>28.587185181677341,-29.491985477507114</coordinates></Point></Placemark><Placemark><styleUrl>#point</styleUrl><Point><altitudeMode>clampToGround</altitudeMode><coordinates>28.587072361260653,-29.491985896602273</coordinates></Point></Placemark><Placemark><styleUrl>#point</styleUrl><Point><altitudeMode>clampToGround</altitudeMode><coordinates>28.586956523358822,-29.491988914087415</coordinates></Point></Placemark><Placemark><styleUrl>#point</styleUrl><Point><altitudeMode>clampToGround</altitudeMode><coordinates>28.5856625251472,-29.492039959877729</coordinates></Point></Placemark><Placemark><styleUrl>#point</styleUrl><Point><altitudeMode>clampToGround</altitudeMode><coordinates>28.584950650110841,-29.492387473583221</coordinates></Point></Placemark><Placemark><styleUrl>#point</styleUrl><Point><altitudeMode>clampToGround</altitudeMode><coordinates>28.584070717915893,-29.493131786584854</coordinates></Point></Placemark><Placemark><styleUrl>#point</styleUrl><Point><altitudeMode>clampToGround</altitudeMode><coordinates>28.583075534552336,-29.494034433737397</coordinates></Point></Placemark><Placemark><styleUrl>#point</styleUrl><Point><altitudeMode>clampToGround</altitudeMode><coordinates>28.583033960312605,-29.49409025721252</coordinates></Point></Placemark><Placemark><styleUrl>#point</styleUrl><Point><altitudeMode>clampToGround</altitudeMode><coordinates>28.582949722185731,-29.49419679120183</coordinates></Point></Placemark><Placemark><styleUrl>#point</styleUrl><Point><altitudeMode>clampToGround</altitudeMode><coordinates>28.58289984986186,-29.494243143126369</coordinates></Point></Placemark><Placemark><styleUrl>#point</styleUrl><Point><altitudeMode>clampToGround</altitudeMode><coordinates>28.58284511603415,-29.494284130632877</coordinates></Point></Placemark><Placemark><styleUrl>#point</styleUrl><Point><altitudeMode>clampToGround</altitudeMode><coordinates>28.582791304215789,-29.494315562769771</coordinates></Point></Placemark><Placemark><styleUrl>#point</styleUrl><Point><altitudeMode>clampToGround</altitudeMode><coordinates>28.582732379436493,-29.494341798126698</coordinates></Point></Placemark><Placemark><styleUrl>#point</styleUrl><Point><altitudeMode>clampToGround</altitudeMode><coordinates>28.582668174058199,-29.494363255798817</coordinates></Point></Placemark><Placemark><styleUrl>#point</styleUrl><Point><altitudeMode>clampToGround</altitudeMode><coordinates>28.582596424967051,-29.494382282719016</coordinates></Point></Placemark><Placemark><styleUrl>#point</styleUrl><Point><altitudeMode>clampToGround</altitudeMode><coordinates>28.582528280094266,-29.494394352659583</coordinates></Point></Placemark><Placemark><styleUrl>#point</styleUrl><Point><altitudeMode>clampToGround</altitudeMode><coordinates>28.582463907077909,-29.494398208335042</coordinates></Point></Placemark><Placemark><styleUrl>#point</styleUrl><Point><altitudeMode>clampToGround</altitudeMode><coordinates>28.582396600395441,-29.494395693764091</coordinates></Point></Placemark><Placemark><styleUrl>#point</styleUrl><Point><altitudeMode>clampToGround</altitudeMode><coordinates>28.582320660352707,-29.494384042918682</coordinates></Point></Placemark><Placemark><styleUrl>#point</styleUrl><Point><altitudeMode>clampToGround</altitudeMode><coordinates>28.582243463024497,-29.494364177808166</coordinates></Point></Placemark><Placemark><styleUrl>#point</styleUrl><Point><altitudeMode>clampToGround</altitudeMode><coordinates>28.582163415849209,-29.494332578033209</coordinates></Point></Placemark><Placemark><styleUrl>#point</styleUrl><Point><altitudeMode>clampToGround</altitudeMode><coordinates>28.582084206864238,-29.494291841983795</coordinates></Point></Placemark><Placemark><styleUrl>#point</styleUrl><Point><altitudeMode>clampToGround</altitudeMode><coordinates>28.581996615976095,-29.494232246652246</coordinates></Point></Placemark><Placemark><styleUrl>#point</styleUrl><Point><altitudeMode>clampToGround</altitudeMode><coordinates>28.581934003159404,-29.494174076244235</coordinates></Point></Placemark><Placemark><styleUrl>#point</styleUrl><Point><altitudeMode>clampToGround</altitudeMode><coordinates>28.581873904913664,-29.494097633287311</coordinates></Point></Placemark><Placemark><styleUrl>#point</styleUrl><Point><altitudeMode>clampToGround</altitudeMode><coordinates>28.581823026761413,-29.494009707123041</coordinates></Point></Placemark><Placemark><styleUrl>#point</styleUrl><Point><altitudeMode>clampToGround</altitudeMode><coordinates>28.581774244084954,-29.493910716846585</coordinates></Point></Placemark><Placemark><styleUrl>#point</styleUrl><Point><altitudeMode>clampToGround</altitudeMode><coordinates>28.581492863595486,-29.493049308657646</coordinates></Point></Placemark><Placemark><styleUrl>#point</styleUrl><Point><altitudeMode>clampToGround</altitudeMode><coordinates>28.581473836675286,-29.492824422195554</coordinates></Point></Placemark><Placemark><styleUrl>#point</styleUrl><Point><altitudeMode>clampToGround</altitudeMode><coordinates>28.581483894959092,-29.49274898506701</coordinates></Point></Placemark><Placemark><styleUrl>#point</styleUrl><Point><altitudeMode>clampToGround</altitudeMode><coordinates>28.581687659025192,-29.491993021219969</coordinates></Point></Placemark><Placemark><styleUrl>#point</styleUrl><Point><altitudeMode>clampToGround</altitudeMode><coordinates>28.581803496927023,-29.491559760645032</coordinates></Point></Placemark><Placemark><styleUrl>#point</styleUrl><Point><altitudeMode>clampToGround</altitudeMode><coordinates>28.581808777526021,-29.491472002118826</coordinates></Point></Placemark><Placemark><styleUrl>#point</styleUrl><Point><altitudeMode>clampToGround</altitudeMode><coordinates>28.581803077831864,-29.491389021277428</coordinates></Point></Placemark><Placemark><styleUrl>#point</styleUrl><Point><altitudeMode>clampToGround</altitudeMode><coordinates>28.581784972921014,-29.491306710988283</coordinates></Point></Placemark><Placemark><styleUrl>#point</styleUrl><Point><altitudeMode>clampToGround</altitudeMode><coordinates>28.581754295155406,-29.491226663812995</coordinates></Point></Placemark><Placemark><styleUrl>#point</styleUrl><Point><altitudeMode>clampToGround</altitudeMode><coordinates>28.581712888553739,-29.491147119551897</coordinates></Point></Placemark><Placemark><styleUrl>#point</styleUrl><Point><altitudeMode>clampToGround</altitudeMode><coordinates>28.581667207181454,-29.49107495136559</coordinates></Point></Placemark><Placemark><styleUrl>#point</styleUrl><Point><altitudeMode>clampToGround</altitudeMode><coordinates>28.581609539687634,-29.491002196446061</coordinates></Point></Placemark><Placemark><styleUrl>#point</styleUrl><Point><altitudeMode>clampToGround</altitudeMode><coordinates>28.581538461148739,-29.490930112078786</coordinates></Point></Placemark><Placemark><styleUrl>#point</styleUrl><Point><altitudeMode>clampToGround</altitudeMode><coordinates>28.581475932151079,-29.490871857851744</coordinates></Point></Placemark><Placemark><styleUrl>#point</styleUrl><Point><altitudeMode>clampToGround</altitudeMode><coordinates>28.580836476758122,-29.490261236205697</coordinates></Point></Placemark><Placemark><styleUrl>#point</styleUrl><Point><altitudeMode>clampToGround</altitudeMode><coordinates>28.580724326893687,-29.490151684731245</coordinates></Point></Placemark><Placemark><styleUrl>#point</styleUrl><Point><altitudeMode>clampToGround</altitudeMode><coordinates>28.580073639750481,-29.489421369507909</coordinates></Point></Placemark><Placemark><styleUrl>#point</styleUrl><Point><altitudeMode>clampToGround</altitudeMode><coordinates>28.57952143996954,-29.489064300432801</coordinates></Point></Placemark><Placemark><styleUrl>#point</styleUrl><Point><altitudeMode>clampToGround</altitudeMode><coordinates>28.579164119437337,-29.488826924934983</coordinates></Point></Placemark><Placemark><styleUrl>#point</styleUrl><Point><altitudeMode>clampToGround</altitudeMode><coordinates>28.579115588217974,-29.488796582445502</coordinates></Point></Placemark><Placemark><styleUrl>#point</styleUrl><Point><altitudeMode>clampToGround</altitudeMode><coordinates>28.578290641307831,-29.488319149240851</coordinates></Point></Placemark><Placemark><styleUrl>#point</styleUrl><Point><altitudeMode>clampToGround</altitudeMode><coordinates>28.577745817601681,-29.488001223653555</coordinates></Point></Placemark><Placemark><styleUrl>#point</styleUrl><Point><altitudeMode>clampToGround</altitudeMode><coordinates>28.57767348177731,-29.487935425713658</coordinates></Point></Placemark><Placemark><styleUrl>#point</styleUrl><Point><altitudeMode>clampToGround</altitudeMode><coordinates>28.577647916972637,-29.487904328852892</coordinates></Point></Placemark><Placemark><styleUrl>#point</styleUrl><Point><altitudeMode>clampToGround</altitudeMode><coordinates>28.577622184529901,-29.487864514812827</coordinates></Point></Placemark><Placemark><styleUrl>#point</styleUrl><Point><altitudeMode>clampToGround</altitudeMode><coordinates>28.577602151781321,-29.487826377153397</coordinates></Point></Placemark><Placemark><styleUrl>#point</styleUrl><Point><altitudeMode>clampToGround</altitudeMode><coordinates>28.577582621946931,-29.487776840105653</coordinates></Point></Placemark><Placemark><styleUrl>#point</styleUrl><Point><altitudeMode>clampToGround</altitudeMode><coordinates>28.577263271436095,-29.487268393859267</coordinates></Point></Placemark><Placemark><styleUrl>#point</styleUrl><Point><altitudeMode>clampToGround</altitudeMode><coordinates>28.577243909239769,-29.487214246764779</coordinates></Point></Placemark><Placemark><styleUrl>#point</styleUrl><Point><altitudeMode>clampToGround</altitudeMode><coordinates>28.577222116291523,-29.487159764394164</coordinates></Point></Placemark><Placemark><styleUrl>#point</styleUrl><Point><altitudeMode>clampToGround</altitudeMode><coordinates>28.576913326978683,-29.486554507166147</coordinates></Point></Placemark><Placemark><styleUrl>#point</styleUrl><Point><altitudeMode>clampToGround</altitudeMode><coordinates>28.576525496318936,-29.485922176390886</coordinates></Point></Placemark><Placemark><styleUrl>#point</styleUrl><Point><altitudeMode>clampToGround</altitudeMode><coordinates>28.576119560748339,-29.485137294977903</coordinates></Point></Placemark><Placemark><styleUrl>#point</styleUrl><Point><altitudeMode>clampToGround</altitudeMode><coordinates>28.576079495251179,-29.485074514523149</coordinates></Point></Placemark><Placemark><styleUrl>#point</styleUrl><Point><altitudeMode>clampToGround</altitudeMode><coordinates>28.576033813878894,-29.485016092658043</coordinates></Point></Placemark><Placemark><styleUrl>#point</styleUrl><Point><altitudeMode>clampToGround</altitudeMode><coordinates>28.575816052034497,-29.484820542857051</coordinates></Point></Placemark><Placemark><styleUrl>#point</styleUrl><Point><altitudeMode>clampToGround</altitudeMode><coordinates>28.575753942131996,-29.484790451824665</coordinates></Point></Placemark><Placemark><styleUrl>#point</styleUrl><Point><altitudeMode>clampToGround</altitudeMode><coordinates>28.575680516660213,-29.484766228124499</coordinates></Point></Placemark><Placemark><styleUrl>#point</styleUrl><Point><altitudeMode>clampToGround</altitudeMode><coordinates>28.575597954913974,-29.484750889241695</coordinates></Point></Placemark><Placemark><styleUrl>#point</styleUrl><Point><altitudeMode>clampToGround</altitudeMode><coordinates>28.575513884425163,-29.484747536480427</coordinates></Point></Placemark><Placemark><styleUrl>#point</styleUrl><Point><altitudeMode>clampToGround</altitudeMode><coordinates>28.575425958260894,-29.484753822907805</coordinates></Point></Placemark><Placemark><styleUrl>#point</styleUrl><Point><altitudeMode>clampToGround</altitudeMode><coordinates>28.575331829488277,-29.484771676361561</coordinates></Point></Placemark><Placemark><styleUrl>#point</styleUrl><Point><altitudeMode>clampToGround</altitudeMode><coordinates>28.575241807848215,-29.48479849845171</coordinates></Point></Placemark><Placemark><styleUrl>#point</styleUrl><Point><altitudeMode>clampToGround</altitudeMode><coordinates>28.575145248323679,-29.484837725758553</coordinates></Point></Placemark><Placemark><styleUrl>#point</styleUrl><Point><altitudeMode>clampToGround</altitudeMode><coordinates>28.575069392099977,-29.484878294169903</coordinates></Point></Placemark><Placemark><styleUrl>#point</styleUrl><Point><altitudeMode>clampToGround</altitudeMode><coordinates>28.574996553361416,-29.484926071017981</coordinates></Point></Placemark><Placemark><styleUrl>#point</styleUrl><Point><altitudeMode>clampToGround</altitudeMode><coordinates>28.574925307184458,-29.484983989968896</coordinates></Point></Placemark><Placemark><styleUrl>#point</styleUrl><Point><altitudeMode>clampToGround</altitudeMode><coordinates>28.574863029643893,-29.485041489824653</coordinates></Point></Placemark><Placemark><styleUrl>#point</styleUrl><Point><altitudeMode>clampToGround</altitudeMode><coordinates>28.574478216469288,-29.48531842790544</coordinates></Point></Placemark><Placemark><styleUrl>#point</styleUrl><Point><altitudeMode>clampToGround</altitudeMode><coordinates>28.574411915615201,-29.485346172004938</coordinates></Point></Placemark><Placemark><styleUrl>#point</styleUrl><Point><altitudeMode>clampToGround</altitudeMode><coordinates>28.574346620589495,-29.485369138419628</coordinates></Point></Placemark><Placemark><styleUrl>#point</styleUrl><Point><altitudeMode>clampToGround</altitudeMode><coordinates>28.574274452403188,-29.485384309664369</coordinates></Point></Placemark><Placemark><styleUrl>#point</styleUrl><Point><altitudeMode>clampToGround</altitudeMode><coordinates>28.574205553159118,-29.485385147854686</coordinates></Point></Placemark><Placemark><styleUrl>#point</styleUrl><Point><altitudeMode>clampToGround</altitudeMode><coordinates>28.574134893715382,-29.485372994095087</coordinates></Point></Placemark><Placemark><styleUrl>#point</styleUrl><Point><altitudeMode>clampToGround</altitudeMode><coordinates>28.574057947844267,-29.485349943861365</coordinates></Point></Placemark><Placemark><styleUrl>#point</styleUrl><Point><altitudeMode>clampToGround</altitudeMode><coordinates>28.573978822678328,-29.485319936648011</coordinates></Point></Placemark><Placemark><styleUrl>#point</styleUrl><Point><altitudeMode>clampToGround</altitudeMode><coordinates>28.573897518217564,-29.485284145921469</coordinates></Point></Placemark><Placemark><styleUrl>#point</styleUrl><Point><altitudeMode>clampToGround</altitudeMode><coordinates>28.573822751641273,-29.485242571681738</coordinates></Point></Placemark><Placemark><styleUrl>#point</styleUrl><Point><altitudeMode>clampToGround</altitudeMode><coordinates>28.573755612596869,-29.48518842458725</coordinates></Point></Placemark><Placemark><styleUrl>#point</styleUrl><Point><altitudeMode>clampToGround</altitudeMode><coordinates>28.573706829920411,-29.485130254179239</coordinates></Point></Placemark><Placemark><styleUrl>#point</styleUrl><Point><altitudeMode>clampToGround</altitudeMode><coordinates>28.573669781908393,-29.485064037144184</coordinates></Point></Placemark><Placemark><styleUrl>#point</styleUrl><Point><altitudeMode>clampToGround</altitudeMode><coordinates>28.573649330064654,-29.484994886443019</coordinates></Point></Placemark><Placemark><styleUrl>#point</styleUrl><Point><altitudeMode>clampToGround</altitudeMode><coordinates>28.573639020323753,-29.484920706599951</coordinates></Point></Placemark><Placemark><styleUrl>#point</styleUrl><Point><altitudeMode>clampToGround</altitudeMode><coordinates>28.573638433590531,-29.484837725758553</coordinates></Point></Placemark><Placemark><styleUrl>#point</styleUrl><Point><altitudeMode>clampToGround</altitudeMode><coordinates>28.573644636198878,-29.484752146527171</coordinates></Point></Placemark><Placemark><styleUrl>#point</styleUrl><Point><altitudeMode>clampToGround</altitudeMode><coordinates>28.573729712516069,-29.483987297862768</coordinates></Point></Placemark><Placemark><styleUrl>#point</styleUrl><Point><altitudeMode>clampToGround</altitudeMode><coordinates>28.57391051016748,-29.482772340998054</coordinates></Point></Placemark><Placemark><styleUrl>#point</styleUrl><Point><altitudeMode>clampToGround</altitudeMode><coordinates>28.57406347990036,-29.481909172609448</coordinates></Point></Placemark><Placemark><styleUrl>#point</styleUrl><Point><altitudeMode>clampToGround</altitudeMode><coordinates>28.574289791285992,-29.481604574248195</coordinates></Point></Placemark><Placemark><styleUrl>#point</styleUrl><Point><altitudeMode>clampToGround</altitudeMode><coordinates>28.574320133775473,-29.481552606448531</coordinates></Point></Placemark><Placemark><styleUrl>#point</styleUrl><Point><altitudeMode>clampToGround</altitudeMode><coordinates>28.574464553967118,-29.481267873197794</coordinates></Point></Placemark><Placemark><styleUrl>#point</styleUrl><Point><altitudeMode>clampToGround</altitudeMode><coordinates>28.574531525373459,-29.480988588184118</coordinates></Point></Placemark><Placemark><styleUrl>#point</styleUrl><Point><altitudeMode>clampToGround</altitudeMode><coordinates>28.574527837336063,-29.480936452746391</coordinates></Point></Placemark><Placemark><styleUrl>#point</styleUrl><Point><altitudeMode>clampToGround</altitudeMode><coordinates>28.57451057061553,-29.480884568765759</coordinates></Point></Placemark><Placemark><styleUrl>#point</styleUrl><Point><altitudeMode>clampToGround</altitudeMode><coordinates>28.574482658877969,-29.480841653421521</coordinates></Point></Placemark><Placemark><styleUrl>#point</styleUrl><Point><altitudeMode>clampToGround</altitudeMode><coordinates>28.574449298903346,-29.480802593752742</coordinates></Point></Placemark><Placemark><styleUrl>#point</styleUrl><Point><altitudeMode>clampToGround</altitudeMode><coordinates>28.574410490691662,-29.480759762227535</coordinates></Point></Placemark><Placemark><styleUrl>#point</styleUrl><Point><altitudeMode>clampToGround</altitudeMode><coordinates>28.574373861774802,-29.480718355625868</coordinates></Point></Placemark><Placemark><styleUrl>#point</styleUrl><Point><altitudeMode>clampToGround</altitudeMode><coordinates>28.574329689145088,-29.480678038671613</coordinates></Point></Placemark><Placemark><styleUrl>#point</styleUrl><Point><altitudeMode>clampToGround</altitudeMode><coordinates>28.574282582849264,-29.48064174503088</coordinates></Point></Placemark><Placemark><styleUrl>#point</styleUrl><Point><altitudeMode>clampToGround</altitudeMode><coordinates>28.574230363592505,-29.480609307065606</coordinates></Point></Placemark><Placemark><styleUrl>#point</styleUrl><Point><altitudeMode>clampToGround</altitudeMode><coordinates>28.574167499318719,-29.480581060051918</coordinates></Point></Placemark><Placemark><styleUrl>#point</styleUrl><Point><altitudeMode>clampToGround</altitudeMode><coordinates>28.574107065796852,-29.480561446398497</coordinates></Point></Placemark><Placemark><styleUrl>#point</styleUrl><Point><altitudeMode>clampToGround</altitudeMode><coordinates>28.574045291170478,-29.480547364801168</coordinates></Point></Placemark><Placemark><styleUrl>#point</styleUrl><Point><altitudeMode>clampToGround</altitudeMode><coordinates>28.573975302278996,-29.480537474155426</coordinates></Point></Placemark><Placemark><styleUrl>#point</styleUrl><Point><altitudeMode>clampToGround</altitudeMode><coordinates>28.573908414691687,-29.480535797774792</coordinates></Point></Placemark><Placemark><styleUrl>#point</styleUrl><Point><altitudeMode>clampToGround</altitudeMode><coordinates>28.573836330324411,-29.480543592944741</coordinates></Point></Placemark><Placemark><styleUrl>#point</styleUrl><Point><altitudeMode>clampToGround</altitudeMode><coordinates>28.573768772184849,-29.480558596551418</coordinates></Point></Placemark><Placemark><styleUrl>#point</styleUrl><Point><altitudeMode>clampToGround</altitudeMode><coordinates>28.573679085820913,-29.480587681755424</coordinates></Point></Placemark><Placemark><styleUrl>#point</styleUrl><Point><altitudeMode>clampToGround</altitudeMode><coordinates>28.573576575145125,-29.48062707670033</coordinates></Point></Placemark><Placemark><styleUrl>#point</styleUrl><Point><altitudeMode>clampToGround</altitudeMode><coordinates>28.572689015418291,-29.481045166030526</coordinates></Point></Placemark><Placemark><styleUrl>#point</styleUrl><Point><altitudeMode>clampToGround</altitudeMode><coordinates>28.572537638247013,-29.481079531833529</coordinates></Point></Placemark><Placemark><styleUrl>#point</styleUrl><Point><altitudeMode>clampToGround</altitudeMode><coordinates>28.572462284937501,-29.481085315346718</coordinates></Point></Placemark><Placemark><styleUrl>#point</styleUrl><Point><altitudeMode>clampToGround</altitudeMode><coordinates>28.572381483390927,-29.481080621480942</coordinates></Point></Placemark><Placemark><styleUrl>#point</styleUrl><Point><altitudeMode>clampToGround</altitudeMode><coordinates>28.57230294495821,-29.481059163808823</coordinates></Point></Placemark><Placemark><styleUrl>#point</styleUrl><Point><altitudeMode>clampToGround</altitudeMode><coordinates>28.572223149240017,-29.481023205444217</coordinates></Point></Placemark><Placemark><styleUrl>#point</styleUrl><Point><altitudeMode>clampToGround</altitudeMode><coordinates>28.5721514839679,-29.480985570698977</coordinates></Point></Placemark><Placemark><styleUrl>#point</styleUrl><Point><altitudeMode>clampToGround</altitudeMode><coordinates>28.572081411257386,-29.480941230431199</coordinates></Point></Placemark><Placemark><styleUrl>#point</styleUrl><Point><altitudeMode>clampToGround</altitudeMode><coordinates>28.572028772905469,-29.480898566544056</coordinates></Point></Placemark><Placemark><styleUrl>#point</styleUrl><Point><altitudeMode>clampToGround</altitudeMode><coordinates>28.571997592225671,-29.480864871293306</coordinates></Point></Placemark><Placemark><styleUrl>#point</styleUrl><Point><altitudeMode>clampToGround</altitudeMode><coordinates>28.571967585012317,-29.480819692835212</coordinates></Point></Placemark><Placemark><styleUrl>#point</styleUrl><Point><altitudeMode>clampToGround</altitudeMode><coordinates>28.571948390454054,-29.480764791369438</coordinates></Point></Placemark><Placemark><styleUrl>#point</styleUrl><Point><altitudeMode>clampToGround</altitudeMode><coordinates>28.571942774578929,-29.480710895732045</coordinates></Point></Placemark><Placemark><styleUrl>#point</styleUrl><Point><altitudeMode>clampToGround</altitudeMode><coordinates>28.57194822281599,-29.480648618191481</coordinates></Point></Placemark><Placemark><styleUrl>#point</styleUrl><Point><altitudeMode>clampToGround</altitudeMode><coordinates>28.571965908631682,-29.480577288195491</coordinates></Point></Placemark><Placemark><styleUrl>#point</styleUrl><Point><altitudeMode>clampToGround</altitudeMode><coordinates>28.571992814540863,-29.480510232970119</coordinates></Point></Placemark><Placemark><styleUrl>#point</styleUrl><Point><altitudeMode>clampToGround</altitudeMode><coordinates>28.57203614898026,-29.48043798096478</coordinates></Point></Placemark><Placemark><styleUrl>#point</styleUrl><Point><altitudeMode>clampToGround</altitudeMode><coordinates>28.572095409035683,-29.480366399511695</coordinates></Point></Placemark><Placemark><styleUrl>#point</styleUrl><Point><altitudeMode>clampToGround</altitudeMode><coordinates>28.572171684354544,-29.480293560773134</coordinates></Point></Placemark><Placemark><styleUrl>#point</styleUrl><Point><altitudeMode>clampToGround</altitudeMode><coordinates>28.572246953845024,-29.480230193585157</coordinates></Point></Placemark><Placemark><styleUrl>#point</styleUrl><Point><altitudeMode>clampToGround</altitudeMode><coordinates>28.572330437600613,-29.480168921872973</coordinates></Point></Placemark><Placemark><styleUrl>#point</styleUrl><Point><altitudeMode>clampToGround</altitudeMode><coordinates>28.572419118136168,-29.480106057599187</coordinates></Point></Placemark><Placemark><styleUrl>#point</styleUrl><Point><altitudeMode>clampToGround</altitudeMode><coordinates>28.572493633255363,-29.480042606592178</coordinates></Point></Placemark><Placemark><styleUrl>#point</styleUrl><Point><altitudeMode>clampToGround</altitudeMode><coordinates>28.572559263557196,-29.479974629357457</coordinates></Point></Placemark><Placemark><styleUrl>#point</styleUrl><Point><altitudeMode>clampToGround</altitudeMode><coordinates>28.573133926838636,-29.479346908628941</coordinates></Point></Placemark><Placemark><styleUrl>#point</styleUrl><Point><altitudeMode>clampToGround</altitudeMode><coordinates>28.573784613981843,-29.478735532611609</coordinates></Point></Placemark><Placemark><styleUrl>#point</styleUrl><Point><altitudeMode>clampToGround</altitudeMode><coordinates>28.573893578723073,-29.478626484051347</coordinates></Point></Placemark><Placemark><styleUrl>#point</styleUrl><Point><altitudeMode>clampToGround</altitudeMode><coordinates>28.57396524399519,-29.478571834042668</coordinates></Point></Placemark><Placemark><styleUrl>#point</styleUrl><Point><altitudeMode>clampToGround</altitudeMode><coordinates>28.574054343625903,-29.478519195690751</coordinates></Point></Placemark><Placemark><styleUrl>#point</styleUrl><Point><altitudeMode>clampToGround</altitudeMode><coordinates>28.574151322245598,-29.478470077738166</coordinates></Point></Placemark><Placemark><styleUrl>#point</styleUrl><Point><altitudeMode>clampToGround</altitudeMode><coordinates>28.574255174025893,-29.478424899280071</coordinates></Point></Placemark><Placemark><styleUrl>#point</styleUrl><Point><altitudeMode>clampToGround</altitudeMode><coordinates>28.574367826804519,-29.478387264534831</coordinates></Point></Placemark><Placemark><styleUrl>#point</styleUrl><Point><altitudeMode>clampToGround</altitudeMode><coordinates>28.574468325823545,-29.478365806862712</coordinates></Point></Placemark><Placemark><styleUrl>#point</styleUrl><Point><altitudeMode>clampToGround</altitudeMode><coordinates>28.574563125148416,-29.478354072198272</coordinates></Point></Placemark><Placemark><styleUrl>#point</styleUrl><Point><altitudeMode>clampToGround</altitudeMode><coordinates>28.574661528691649,-29.478347450494766</coordinates></Point></Placemark><Placemark><styleUrl>#point</styleUrl><Point><altitudeMode>clampToGround</altitudeMode><coordinates>28.574942741543055,-29.478341080248356</coordinates></Point></Placemark><Placemark><styleUrl>#point</styleUrl><Point><altitudeMode>clampToGround</altitudeMode><coordinates>28.575020274147391,-29.478358346968889</coordinates></Point></Placemark><Placemark><styleUrl>#point</styleUrl><Point><altitudeMode>clampToGround</altitudeMode><coordinates>28.575088838115335,-29.47838332504034</coordinates></Point></Placemark><Placemark><styleUrl>#point</styleUrl><Point><altitudeMode>clampToGround</altitudeMode><coordinates>28.575470549985766,-29.478579377755523</coordinates></Point></Placemark><Placemark><styleUrl>#point</styleUrl><Point><altitudeMode>clampToGround</altitudeMode><coordinates>28.575537772849202,-29.478631177917123</coordinates></Point></Placemark><Placemark><styleUrl>#point</styleUrl><Point><altitudeMode>clampToGround</altitudeMode><coordinates>28.575749415904284,-29.478775262832642</coordinates></Point></Placemark><Placemark><styleUrl>#point</styleUrl><Point><altitudeMode>clampToGround</altitudeMode><coordinates>28.57583424076438,-29.478807784616947</coordinates></Point></Placemark><Placemark><styleUrl>#point</styleUrl><Point><altitudeMode>clampToGround</altitudeMode><coordinates>28.575918981805444,-29.478828487917781</coordinates></Point></Placemark><Placemark><styleUrl>#point</styleUrl><Point><altitudeMode>clampToGround</altitudeMode><coordinates>28.576004980131984,-29.47883770801127</coordinates></Point></Placemark><Placemark><styleUrl>#point</styleUrl><Point><altitudeMode>clampToGround</altitudeMode><coordinates>28.576090224087238,-29.478835025802255</coordinates></Point></Placemark><Placemark><styleUrl>#point</styleUrl><Point><altitudeMode>clampToGround</altitudeMode><coordinates>28.576165493577719,-29.478825973346829</coordinates></Point></Placemark><Placemark><styleUrl>#point</styleUrl><Point><altitudeMode>clampToGround</altitudeMode><coordinates>28.576229028403759,-29.478815663605928</coordinates></Point></Placemark><Placemark><styleUrl>#point</styleUrl><Point><altitudeMode>clampToGround</altitudeMode><coordinates>28.576276134699583,-29.478804850950837</coordinates></Point></Placemark><Placemark><styleUrl>#point</styleUrl><Point><altitudeMode>clampToGround</altitudeMode><coordinates>28.576312595978379,-29.478794876486063</coordinates></Point></Placemark><Placemark><styleUrl>#point</styleUrl><Point><altitudeMode>clampToGround</altitudeMode><coordinates>28.576521221548319,-29.478716505691409</coordinates></Point></Placemark><Placemark><styleUrl>#point</styleUrl><Point><altitudeMode>clampToGround</altitudeMode><coordinates>28.577090855687857,-29.478473262861371</coordinates></Point></Placemark><Placemark><styleUrl>#point</styleUrl><Point><altitudeMode>clampToGround</altitudeMode><coordinates>28.577240472659469,-29.478427413851023</coordinates></Point></Placemark><Placemark><styleUrl>#point</styleUrl><Point><altitudeMode>clampToGround</altitudeMode><coordinates>28.577300487086177,-29.478417690843344</coordinates></Point></Placemark><Placemark><styleUrl>#point</styleUrl><Point><altitudeMode>clampToGround</altitudeMode><coordinates>28.577363099902868,-29.478413918986917</coordinates></Point></Placemark><Placemark><styleUrl>#point</styleUrl><Point><altitudeMode>clampToGround</altitudeMode><coordinates>28.577432669699192,-29.478418696671724</coordinates></Point></Placemark><Placemark><styleUrl>#point</styleUrl><Point><altitudeMode>clampToGround</altitudeMode><coordinates>28.577504837885499,-29.478431772440672</coordinates></Point></Placemark><Placemark><styleUrl>#point</styleUrl><Point><altitudeMode>clampToGround</altitudeMode><coordinates>28.577577089890838,-29.478453481569886</coordinates></Point></Placemark><Placemark><styleUrl>#point</styleUrl><Point><altitudeMode>clampToGround</altitudeMode><coordinates>28.577648252248764,-29.478484662249684</coordinates></Point></Placemark><Placemark><styleUrl>#point</styleUrl><Point><altitudeMode>clampToGround</altitudeMode><coordinates>28.577714469283819,-29.478520872071385</coordinates></Point></Placemark><Placemark><styleUrl>#point</styleUrl><Point><altitudeMode>clampToGround</altitudeMode><coordinates>28.577777249738574,-29.478563535958529</coordinates></Point></Placemark><Placemark><styleUrl>#point</styleUrl><Point><altitudeMode>clampToGround</altitudeMode><coordinates>28.577833659946918,-29.478607708588243</coordinates></Point></Placemark><Placemark><styleUrl>#point</styleUrl><Point><altitudeMode>clampToGround</altitudeMode><coordinates>28.578571770340204,-29.479192178696394</coordinates></Point></Placemark><Placemark><styleUrl>#point</styleUrl><Point><altitudeMode>clampToGround</altitudeMode><coordinates>28.579275598749518,-29.479746473953128</coordinates></Point></Placemark><Placemark><styleUrl>#point</styleUrl><Point><altitudeMode>clampToGround</altitudeMode><coordinates>28.579536443576217,-29.479918805882335</coordinates></Point></Placemark><Placemark><styleUrl>#point</styleUrl><Point><altitudeMode>clampToGround</altitudeMode><coordinates>28.579588914290071,-29.479961050674319</coordinates></Point></Placemark><Placemark><styleUrl>#point</styleUrl><Point><altitudeMode>clampToGround</altitudeMode><coordinates>28.579638954252005,-29.48001142591238</coordinates></Point></Placemark><Placemark><styleUrl>#point</styleUrl><Point><altitudeMode>clampToGround</altitudeMode><coordinates>28.580120326951146,-29.480505539104342</coordinates></Point></Placemark><Placemark><styleUrl>#point</styleUrl><Point><altitudeMode>clampToGround</altitudeMode><coordinates>28.58019283041358,-29.480554657056928</coordinates></Point></Placemark><Placemark><styleUrl>#point</styleUrl><Point><altitudeMode>clampToGround</altitudeMode><coordinates>28.580276817083359,-29.480593968182802</coordinates></Point></Placemark><Placemark><styleUrl>#point</styleUrl><Point><altitudeMode>clampToGround</altitudeMode><coordinates>28.580370023846626,-29.480625903233886</coordinates></Point></Placemark><Placemark><styleUrl>#point</styleUrl><Point><altitudeMode>clampToGround</altitudeMode><coordinates>28.580470606684685,-29.480649624019861</coordinates></Point></Placemark><Placemark><styleUrl>#point</styleUrl><Point><altitudeMode>clampToGround</altitudeMode><coordinates>28.580575631931424,-29.480664376169443</coordinates></Point></Placemark><Placemark><styleUrl>#point</styleUrl><Point><altitudeMode>clampToGround</altitudeMode><coordinates>28.580681830644608,-29.480667477473617</coordinates></Point></Placemark><Placemark><styleUrl>#point</styleUrl><Point><altitudeMode>clampToGround</altitudeMode><coordinates>28.580802194774151,-29.480660520493984</coordinates></Point></Placemark><Placemark><styleUrl>#point</styleUrl><Point><altitudeMode>clampToGround</altitudeMode><coordinates>28.580889031291008,-29.480647696182132</coordinates></Point></Placemark><Placemark><styleUrl>#point</styleUrl><Point><altitudeMode>clampToGround</altitudeMode><coordinates>28.580979974940419,-29.480633027851582</coordinates></Point></Placemark><Placemark><styleUrl>#point</styleUrl><Point><altitudeMode>clampToGround</altitudeMode><coordinates>28.581821266561747,-29.480558931827545</coordinates></Point></Placemark><Placemark><styleUrl>#point</styleUrl><Point><altitudeMode>clampToGround</altitudeMode><coordinates>28.581931823864579,-29.480572929605842</coordinates></Point></Placemark><Placemark><styleUrl>#point</styleUrl><Point><altitudeMode>clampToGround</altitudeMode><coordinates>28.583090119063854,-29.48076437227428</coordinates></Point></Placemark><Placemark><styleUrl>#point</styleUrl><Point><altitudeMode>clampToGround</altitudeMode><coordinates>28.583528157323599,-29.480835031718016</coordinates></Point></Placemark><Placemark><styleUrl>#point</styleUrl><Point><altitudeMode>clampToGround</altitudeMode><coordinates>28.583629326894879,-29.48086260817945</coordinates></Point></Placemark><Placemark><styleUrl>#point</styleUrl><Point><altitudeMode>clampToGround</altitudeMode><coordinates>28.583727478981018,-29.480901416391134</coordinates></Point></Placemark><Placemark><styleUrl>#point</styleUrl><Point><altitudeMode>clampToGround</altitudeMode><coordinates>28.583828816190362,-29.48095447383821</coordinates></Point></Placemark><Placemark><styleUrl>#point</styleUrl><Point><altitudeMode>clampToGround</altitudeMode><coordinates>28.583941804245114,-29.481016080826521</coordinates></Point></Placemark><Placemark><styleUrl>#point</styleUrl><Point><altitudeMode>clampToGround</altitudeMode><coordinates>28.584216143935919,-29.481134014204144</coordinates></Point></Placemark><Placemark><styleUrl>#point</styleUrl><Point><altitudeMode>clampToGround</altitudeMode><coordinates>28.585479212924838,-29.481553193181753</coordinates></Point></Placemark><Placemark><styleUrl>#point</styleUrl><Point><altitudeMode>clampToGround</altitudeMode><coordinates>28.586283959448338,-29.481844548135996</coordinates></Point></Placemark><Placemark><styleUrl>#point</styleUrl><Point><altitudeMode>clampToGround</altitudeMode><coordinates>28.586381357163191,-29.481872711330652</coordinates></Point></Placemark><Placemark><styleUrl>#point</styleUrl><Point><altitudeMode>clampToGround</altitudeMode><coordinates>28.58647707849741,-29.481890145689249</coordinates></Point></Placemark><Placemark><styleUrl>#point</styleUrl><Point><altitudeMode>clampToGround</altitudeMode><coordinates>28.587090885266662,-29.481969103217125</coordinates></Point></Placemark><Placemark><styleUrl>#point</styleUrl><Point><altitudeMode>clampToGround</altitudeMode><coordinates>28.587146624922752,-29.481981592252851</coordinates></Point></Placemark><Placemark><styleUrl>#point</styleUrl><Point><altitudeMode>clampToGround</altitudeMode><coordinates>28.58761852607131,-29.482145961374044</coordinates></Point></Placemark><Placemark><styleUrl>#point</styleUrl><Point><altitudeMode>clampToGround</altitudeMode><coordinates>28.587697483599186,-29.482193905860186</coordinates></Point></Placemark><Placemark><styleUrl>#point</styleUrl><Point><altitudeMode>clampToGround</altitudeMode><coordinates>28.587781554087996,-29.482251321896911</coordinates></Point></Placemark><Placemark><styleUrl>#point</styleUrl><Point><altitudeMode>clampToGround</altitudeMode><coordinates>28.588541876524687,-29.482652144506574</coordinates></Point></Placemark><Placemark><styleUrl>#point</styleUrl><Point><altitudeMode>clampToGround</altitudeMode><coordinates>28.588672298938036,-29.482684666290879</coordinates></Point></Placemark><Placemark><styleUrl>#point</styleUrl><Point><altitudeMode>clampToGround</altitudeMode><coordinates>28.588806828483939,-29.482707800343633</coordinates></Point></Placemark><Placemark><styleUrl>#point</styleUrl><Point><altitudeMode>clampToGround</altitudeMode><coordinates>28.588934987783432,-29.482719618827105</coordinates></Point></Placemark><Placemark><styleUrl>#point</styleUrl><Point><altitudeMode>clampToGround</altitudeMode><coordinates>28.589056525379419,-29.48271693661809</coordinates></Point></Placemark><Placemark><styleUrl>#point</styleUrl><Point><altitudeMode>clampToGround</altitudeMode><coordinates>28.589170016348362,-29.482702435925603</coordinates></Point></Placemark><Placemark><styleUrl>#point</styleUrl><Point><altitudeMode>clampToGround</altitudeMode><coordinates>28.589276550337672,-29.482676032930613</coordinates></Point></Placemark><Placemark><styleUrl>#point</styleUrl><Point><altitudeMode>clampToGround</altitudeMode><coordinates>28.589376043528318,-29.482639404013753</coordinates></Point></Placemark><Placemark><styleUrl>#point</styleUrl><Point><altitudeMode>clampToGround</altitudeMode><coordinates>28.589468328282237,-29.482594644650817</coordinates></Point></Placemark><Placemark><styleUrl>#point</styleUrl><Point><altitudeMode>clampToGround</altitudeMode><coordinates>28.589551728218794,-29.482547035440803</coordinates></Point></Placemark><Placemark><styleUrl>#point</styleUrl><Point><altitudeMode>clampToGround</altitudeMode><coordinates>28.590232422575355,-29.482120061293244</coordinates></Point></Placemark><Placemark><styleUrl>#point</styleUrl><Point><altitudeMode>clampToGround</altitudeMode><coordinates>28.590901046991348,-29.481589822098613</coordinates></Point></Placemark><Placemark><styleUrl>#point</styleUrl><Point><altitudeMode>clampToGround</altitudeMode><coordinates>28.591359117999673,-29.481307100504637</coordinates></Point></Placemark><Placemark><styleUrl>#point</styleUrl><Point><altitudeMode>clampToGround</altitudeMode><coordinates>28.591435980051756,-29.481283044442534</coordinates></Point></Placemark><Placemark><styleUrl>#point</styleUrl><Point><altitudeMode>clampToGround</altitudeMode><coordinates>28.591519966721535,-29.481269884854555</coordinates></Point></Placemark><Placemark><styleUrl>#point</styleUrl><Point><altitudeMode>clampToGround</altitudeMode><coordinates>28.591607976704836,-29.481272399425507</coordinates></Point></Placemark><Placemark><styleUrl>#point</styleUrl><Point><altitudeMode>clampToGround</altitudeMode><coordinates>28.591702776029706,-29.481287989765406</coordinates></Point></Placemark><Placemark><styleUrl>#point</styleUrl><Point><altitudeMode>clampToGround</altitudeMode><coordinates>28.591806460171938,-29.481312967836857</coordinates></Point></Placemark><Placemark><styleUrl>#point</styleUrl><Point><altitudeMode>clampToGround</altitudeMode><coordinates>28.592021455988288,-29.481352362781763</coordinates></Point></Placemark><Placemark><styleUrl>#point</styleUrl><Point><altitudeMode>clampToGround</altitudeMode><coordinates>28.592194793745875,-29.481373149901628</coordinates></Point></Placemark><Placemark><styleUrl>#point</styleUrl><Point><altitudeMode>clampToGround</altitudeMode><coordinates>28.592682033777237,-29.481493178755045</coordinates></Point></Placemark><Placemark><styleUrl>#point</styleUrl><Point><altitudeMode>clampToGround</altitudeMode><coordinates>28.592738443985581,-29.481500219553709</coordinates></Point></Placemark><Placemark><styleUrl>#point</styleUrl><Point><altitudeMode>clampToGround</altitudeMode><coordinates>28.592974478378892,-29.481494100764394</coordinates></Point></Placemark><Placemark><styleUrl>#point</styleUrl><Point><altitudeMode>clampToGround</altitudeMode><coordinates>28.593358704820275,-29.481526706367731</coordinates></Point></Placemark><Placemark><styleUrl>#point</styleUrl><Point><altitudeMode>clampToGround</altitudeMode><coordinates>28.593431962653995,-29.481545565649867</coordinates></Point></Placemark><Placemark><styleUrl>#point</styleUrl><Point><altitudeMode>clampToGround</altitudeMode><coordinates>28.593511423096061,-29.481572639197111</coordinates></Point></Placemark><Placemark><styleUrl>#point</styleUrl><Point><altitudeMode>clampToGround</altitudeMode><coordinates>28.59417493455112,-29.481854438781738</coordinates></Point></Placemark><Placemark><styleUrl>#point</styleUrl><Point><altitudeMode>clampToGround</altitudeMode><coordinates>28.595036342740059,-29.482210669666529</coordinates></Point></Placemark><Placemark><styleUrl>#point</styleUrl><Point><altitudeMode>clampToGround</altitudeMode><coordinates>28.595159389078617,-29.482230534777045</coordinates></Point></Placemark><Placemark><styleUrl>#point</styleUrl><Point><altitudeMode>clampToGround</altitudeMode><coordinates>28.595287967473269,-29.482240844517946</coordinates></Point></Placemark><Placemark><styleUrl>#point</styleUrl><Point><altitudeMode>clampToGround</altitudeMode><coordinates>28.595410259440541,-29.482244113460183</coordinates></Point></Placemark><Placemark><styleUrl>#point</styleUrl><Point><altitudeMode>clampToGround</altitudeMode><coordinates>28.595532132312655,-29.4822380784899</coordinates></Point></Placemark><Placemark><styleUrl>#point</styleUrl><Point><altitudeMode>clampToGround</altitudeMode><coordinates>28.595645958557725,-29.482216034084558</coordinates></Point></Placemark><Placemark><styleUrl>#point</styleUrl><Point><altitudeMode>clampToGround</altitudeMode><coordinates>28.595743691548705,-29.482180410996079</coordinates></Point></Placemark><Placemark><styleUrl>#point</styleUrl><Point><altitudeMode>clampToGround</altitudeMode><coordinates>28.595833880826831,-29.48213498108089</coordinates></Point></Placemark><Placemark><styleUrl>#point</styleUrl><Point><altitudeMode>clampToGround</altitudeMode><coordinates>28.595914514735341,-29.482082091271877</coordinates></Point></Placemark><Placemark><styleUrl>#point</styleUrl><Point><altitudeMode>clampToGround</altitudeMode><coordinates>28.595992550253868,-29.482024423778057</coordinates></Point></Placemark><Placemark><styleUrl>#point</styleUrl><Point><altitudeMode>clampToGround</altitudeMode><coordinates>28.596067484468222,-29.481964157894254</coordinates></Point></Placemark><Placemark><styleUrl>#point</styleUrl><Point><altitudeMode>clampToGround</altitudeMode><coordinates>28.596822107210755,-29.481414472684264</coordinates></Point></Placemark><Placemark><styleUrl>#point</styleUrl><Point><altitudeMode>clampToGround</altitudeMode><coordinates>28.597525600343943,-29.480823129415512</coordinates></Point></Placemark><Placemark><styleUrl>#point</styleUrl><Point><altitudeMode>clampToGround</altitudeMode><coordinates>28.598246024921536,-29.480149056762457</coordinates></Point></Placemark><Placemark><styleUrl>#point</styleUrl><Point><altitudeMode>clampToGround</altitudeMode><coordinates>28.598724715411663,-29.479801626875997</coordinates></Point></Placemark><Placemark><styleUrl>#point</styleUrl><Point><altitudeMode>clampToGround</altitudeMode><coordinates>28.598805768415332,-29.479721076786518</coordinates></Point></Placemark><Placemark><styleUrl>#point</styleUrl><Point><altitudeMode>clampToGround</altitudeMode><coordinates>28.598877936601639,-29.479631138965487</coordinates></Point></Placemark><Placemark><styleUrl>#point</styleUrl><Point><altitudeMode>clampToGround</altitudeMode><coordinates>28.598939878866076,-29.479532232508063</coordinates></Point></Placemark><Placemark><styleUrl>#point</styleUrl><Point><altitudeMode>clampToGround</altitudeMode><coordinates>28.598999977111816,-29.479426871985197</coordinates></Point></Placemark><Placemark><styleUrl>#point</styleUrl><Point><altitudeMode>clampToGround</altitudeMode><coordinates>28.599561480805278,-29.478527912870049</coordinates></Point></Placemark><Placemark><styleUrl>#point</styleUrl><Point><altitudeMode>clampToGround</altitudeMode><coordinates>28.599708583205938,-29.47828802280128</coordinates></Point></Placemark><Placemark><styleUrl>#point</styleUrl><Point><altitudeMode>clampToGround</altitudeMode><coordinates>28.599796760827303,-29.47803245857358</coordinates></Point></Placemark><Placemark><styleUrl>#point</styleUrl><Point><altitudeMode>clampToGround</altitudeMode><coordinates>28.599808746948838,-29.477936569601297</coordinates></Point></Placemark><Placemark><styleUrl>#point</styleUrl><Point><altitudeMode>clampToGround</altitudeMode><coordinates>28.599806064739823,-29.477853421121836</coordinates></Point></Placemark><Placemark><styleUrl>#point</styleUrl><Point><altitudeMode>clampToGround</altitudeMode><coordinates>28.599791144952178,-29.477759376168251</coordinates></Point></Placemark><Placemark><styleUrl>#point</styleUrl><Point><altitudeMode>clampToGround</altitudeMode><coordinates>28.599771531298757,-29.477676479145885</coordinates></Point></Placemark><Placemark><styleUrl>#point</styleUrl><Point><altitudeMode>clampToGround</altitudeMode><coordinates>28.599749403074384,-29.477592073380947</coordinates></Point></Placemark><Placemark><styleUrl>#point</styleUrl><Point><altitudeMode>clampToGround</altitudeMode><coordinates>28.599524181336164,-29.476662185043097</coordinates></Point></Placemark><Placemark><styleUrl>#point</styleUrl><Point><altitudeMode>clampToGround</altitudeMode><coordinates>28.599087232723832,-29.475832795724273</coordinates></Point></Placemark><Placemark><styleUrl>#point</styleUrl><Point><altitudeMode>clampToGround</altitudeMode><coordinates>28.598750699311495,-29.475346645340323</coordinates></Point></Placemark><Placemark><styleUrl>#point</styleUrl><Point><altitudeMode>clampToGround</altitudeMode><coordinates>28.598716584965587,-29.4752511754632</coordinates></Point></Placemark><Placemark><styleUrl>#point</styleUrl><Point><altitudeMode>clampToGround</altitudeMode><coordinates>28.598699485883117,-29.475150676444173</coordinates></Point></Placemark><Placemark><styleUrl>#point</styleUrl><Point><altitudeMode>clampToGround</altitudeMode><coordinates>28.5986986476928,-29.47504498064518</coordinates></Point></Placemark><Placemark><styleUrl>#point</styleUrl><Point><altitudeMode>clampToGround</altitudeMode><coordinates>28.598711472004652,-29.47493065148592</coordinates></Point></Placemark><Placemark><styleUrl>#point</styleUrl><Point><altitudeMode>clampToGround</altitudeMode><coordinates>28.59873435460031,-29.474806766957045</coordinates></Point></Placemark><Placemark><styleUrl>#point</styleUrl><Point><altitudeMode>clampToGround</altitudeMode><coordinates>28.599104080349207,-29.473702199757099</coordinates></Point></Placemark><Placemark><styleUrl>#point</styleUrl><Point><altitudeMode>clampToGround</altitudeMode><coordinates>28.599654771387577,-29.472220279276371</coordinates></Point></Placemark><Placemark><styleUrl>#point</styleUrl><Point><altitudeMode>clampToGround</altitudeMode><coordinates>28.600108399987221,-29.471378400921822</coordinates></Point></Placemark><Placemark><styleUrl>#point</styleUrl><Point><altitudeMode>clampToGround</altitudeMode><coordinates>28.600925300270319,-29.470005529001355</coordinates></Point></Placemark><Placemark><styleUrl>#point</styleUrl><Point><altitudeMode>clampToGround</altitudeMode><coordinates>28.601024206727743,-29.469872089102864</coordinates></Point></Placemark><Placemark><styleUrl>#point</styleUrl><Point><altitudeMode>clampToGround</altitudeMode><coordinates>28.601081119850278,-29.469816349446774</coordinates></Point></Placemark><Placemark><styleUrl>#point</styleUrl><Point><altitudeMode>clampToGround</altitudeMode><coordinates>28.601379515603185,-29.469549134373665</coordinates></Point></Placemark><Placemark><styleUrl>#point</styleUrl><Point><altitudeMode>clampToGround</altitudeMode><coordinates>28.601434668526053,-29.469490544870496</coordinates></Point></Placemark><Placemark><styleUrl>#point</styleUrl><Point><altitudeMode>clampToGround</altitudeMode><coordinates>28.601497197523713,-29.469435308128595</coordinates></Point></Placemark><Placemark><styleUrl>#point</styleUrl><Point><altitudeMode>clampToGround</altitudeMode><coordinates>28.601631056517363,-29.469331372529268</coordinates></Point></Placemark><Placemark><styleUrl>#point</styleUrl><Point><altitudeMode>clampToGround</altitudeMode><coordinates>28.601704314351082,-29.469284852966666</coordinates></Point></Placemark><Placemark><styleUrl>#point</styleUrl><Point><altitudeMode>clampToGround</altitudeMode><coordinates>28.602490955963731,-29.468828877434134</coordinates></Point></Placemark><Placemark><styleUrl>#point</styleUrl><Point><altitudeMode>clampToGround</altitudeMode><coordinates>28.603474572300911,-29.468079954385757</coordinates></Point></Placemark><Placemark><styleUrl>#point</styleUrl><Point><altitudeMode>clampToGround</altitudeMode><coordinates>28.603566773235798,-29.467988675460219</coordinates></Point></Placemark><Placemark><styleUrl>#point</styleUrl><Point><altitudeMode>clampToGround</altitudeMode><coordinates>28.603643216192722,-29.467896893620491</coordinates></Point></Placemark><Placemark><styleUrl>#point</styleUrl><Point><altitudeMode>clampToGround</altitudeMode><coordinates>28.603704404085875,-29.467798909172416</coordinates></Point></Placemark><Placemark><styleUrl>#point</styleUrl><Point><altitudeMode>clampToGround</altitudeMode><coordinates>28.603751258924603,-29.467695476487279</coordinates></Point></Placemark><Placemark><styleUrl>#point</styleUrl><Point><altitudeMode>clampToGround</altitudeMode><coordinates>28.603780344128609,-29.467592462897301</coordinates></Point></Placemark><Placemark><styleUrl>#point</styleUrl><Point><altitudeMode>clampToGround</altitudeMode><coordinates>28.603794593364,-29.467480648308992</coordinates></Point></Placemark><Placemark><styleUrl>#point</styleUrl><Point><altitudeMode>clampToGround</altitudeMode><coordinates>28.603788809850812,-29.467382412403822</coordinates></Point></Placemark><Placemark><styleUrl>#point</styleUrl><Point><altitudeMode>clampToGround</altitudeMode><coordinates>28.603766765445471,-29.46727336384356</coordinates></Point></Placemark><Placemark><styleUrl>#point</styleUrl><Point><altitudeMode>clampToGround</altitudeMode><coordinates>28.603735165670514,-29.467159202322364</coordinates></Point></Placemark><Placemark><styleUrl>#point</styleUrl><Point><altitudeMode>clampToGround</altitudeMode><coordinates>28.603234179317951,-29.46596335619688</coordinates></Point></Placemark><Placemark><styleUrl>#point</styleUrl><Point><altitudeMode>clampToGround</altitudeMode><coordinates>28.602374196052551,-29.464789470657706</coordinates></Point></Placemark><Placemark><styleUrl>#point</styleUrl><Point><altitudeMode>clampToGround</altitudeMode><coordinates>28.601308185607195,-29.463662104681134</coordinates></Point></Placemark><Placemark><styleUrl>#point</styleUrl><Point><altitudeMode>clampToGround</altitudeMode><coordinates>28.600366562604904,-29.463140331208706</coordinates></Point></Placemark><Placemark><styleUrl>#point</styleUrl><Point><altitudeMode>clampToGround</altitudeMode><coordinates>28.5994584672153,-29.462639847770333</coordinates></Point></Placemark><Placemark><styleUrl>#point</styleUrl><Point><altitudeMode>clampToGround</altitudeMode><coordinates>28.598148291930556,-29.462126875296235</coordinates></Point></Placemark><Placemark><styleUrl>#point</styleUrl><Point><altitudeMode>clampToGround</altitudeMode><coordinates>28.59692788682878,-29.461746755987406</coordinates></Point></Placemark><Placemark><styleUrl>#point</styleUrl><Point><altitudeMode>clampToGround</altitudeMode><coordinates>28.595810662955046,-29.461459591984749</coordinates></Point></Placemark><Placemark><styleUrl>#point</styleUrl><Point><altitudeMode>clampToGround</altitudeMode><coordinates>28.595764059573412,-29.461440565064549</coordinates></Point></Placemark><Placemark><styleUrl>#point</styleUrl><Point><altitudeMode>clampToGround</altitudeMode><coordinates>28.595720808953047,-29.461417933925986</coordinates></Point></Placemark><Placemark><styleUrl>#point</styleUrl><Point><altitudeMode>clampToGround</altitudeMode><coordinates>28.595139272511005,-29.461044436320662</coordinates></Point></Placemark><Placemark><styleUrl>#point</styleUrl><Point><altitudeMode>clampToGround</altitudeMode><coordinates>28.594084912911057,-29.460420738905668</coordinates></Point></Placemark><Placemark><styleUrl>#point</styleUrl><Point><altitudeMode>clampToGround</altitudeMode><coordinates>28.593318220227957,-29.460022179409862</coordinates></Point></Placemark><Placemark><styleUrl>#point</styleUrl><Point><altitudeMode>clampToGround</altitudeMode><coordinates>28.592807594686747,-29.459778349846601</coordinates></Point></Placemark><Placemark><styleUrl>#point</styleUrl><Point><altitudeMode>clampToGround</altitudeMode><coordinates>28.592311386018991,-29.459572657942772</coordinates></Point></Placemark><Placemark><styleUrl>#point</styleUrl><Point><altitudeMode>clampToGround</altitudeMode><coordinates>28.591611748561263,-29.459331091493368</coordinates></Point></Placemark><Placemark><styleUrl>#point</styleUrl><Point><altitudeMode>clampToGround</altitudeMode><coordinates>28.591532204300165,-29.459292953833938</coordinates></Point></Placemark><Placemark><styleUrl>#point</styleUrl><Point><altitudeMode>clampToGround</altitudeMode><coordinates>28.591449474915862,-29.459245009347796</coordinates></Point></Placemark><Placemark><styleUrl>#point</styleUrl><Point><altitudeMode>clampToGround</altitudeMode><coordinates>28.591378647834063,-29.459194717928767</coordinates></Point></Placemark><Placemark><styleUrl>#point</styleUrl><Point><altitudeMode>clampToGround</altitudeMode><coordinates>28.591302372515202,-29.4591308478266</coordinates></Point></Placemark><Placemark><styleUrl>#point</styleUrl><Point><altitudeMode>clampToGround</altitudeMode><coordinates>28.591239005327225,-29.45907318033278</coordinates></Point></Placemark><Placemark><styleUrl>#point</styleUrl><Point><altitudeMode>clampToGround</altitudeMode><coordinates>28.590767774730921,-29.458777969703078</coordinates></Point></Placemark><Placemark><styleUrl>#point</styleUrl><Point><altitudeMode>clampToGround</altitudeMode><coordinates>28.589515518397093,-29.458444034680724</coordinates></Point></Placemark><Placemark><styleUrl>#point</styleUrl><Point><altitudeMode>clampToGround</altitudeMode><coordinates>28.588597783818841,-29.458261141553521</coordinates></Point></Placemark><Placemark><styleUrl>#point</styleUrl><Point><altitudeMode>clampToGround</altitudeMode><coordinates>28.588153123855591,-29.45820682682097</coordinates></Point></Placemark><Placemark><styleUrl>#point</styleUrl><Point><altitudeMode>clampToGround</altitudeMode><coordinates>28.588086823001504,-29.458192996680737</coordinates></Point></Placemark><Placemark><styleUrl>#point</styleUrl><Point><altitudeMode>clampToGround</altitudeMode><coordinates>28.588021527975798,-29.458170365542173</coordinates></Point></Placemark><Placemark><styleUrl>#point</styleUrl><Point><altitudeMode>clampToGround</altitudeMode><coordinates>28.587957071140409,-29.458141783252358</coordinates></Point></Placemark><Placemark><styleUrl>#point</styleUrl><Point><altitudeMode>clampToGround</altitudeMode><coordinates>28.587895547971129,-29.458109680563211</coordinates></Point></Placemark><Placemark><styleUrl>#point</styleUrl><Point><altitudeMode>clampToGround</altitudeMode><coordinates>28.587837042286992,-29.458072548732162</coordinates></Point></Placemark><Placemark><styleUrl>#point</styleUrl><Point><altitudeMode>clampToGround</altitudeMode><coordinates>28.587785409763455,-29.458025610074401</coordinates></Point></Placemark><Placemark><styleUrl>#point</styleUrl><Point><altitudeMode>clampToGround</altitudeMode><coordinates>28.587745428085327,-29.457967942580581</coordinates></Point></Placemark><Placemark><styleUrl>#point</styleUrl><Point><altitudeMode>clampToGround</altitudeMode><coordinates>28.587724305689335,-29.45790097117424</coordinates></Point></Placemark><Placemark><styleUrl>#point</styleUrl><Point><altitudeMode>clampToGround</altitudeMode><coordinates>28.587713744491339,-29.457828216254711</coordinates></Point></Placemark><Placemark><styleUrl>#point</styleUrl><Point><altitudeMode>clampToGround</altitudeMode><coordinates>28.587717013433576,-29.457752276211977</coordinates></Point></Placemark><Placemark><styleUrl>#point</styleUrl><Point><altitudeMode>clampToGround</altitudeMode><coordinates>28.587732519954443,-29.457678934559226</coordinates></Point></Placemark><Placemark><styleUrl>#point</styleUrl><Point><altitudeMode>clampToGround</altitudeMode><coordinates>28.587758587673306,-29.457610119134188</coordinates></Point></Placemark><Placemark><styleUrl>#point</styleUrl><Point><altitudeMode>clampToGround</altitudeMode><coordinates>28.587798485532403,-29.457542225718498</coordinates></Point></Placemark><Placemark><styleUrl>#point</styleUrl><Point><altitudeMode>clampToGround</altitudeMode><coordinates>28.587843077257276,-29.457488413900137</coordinates></Point></Placemark><Placemark><styleUrl>#point</styleUrl><Point><altitudeMode>clampToGround</altitudeMode><coordinates>28.587900996208191,-29.457440385594964</coordinates></Point></Placemark><Placemark><styleUrl>#point</styleUrl><Point><altitudeMode>clampToGround</altitudeMode><coordinates>28.587963692843914,-29.457404091954231</coordinates></Point></Placemark><Placemark><styleUrl>#point</styleUrl><Point><altitudeMode>clampToGround</altitudeMode><coordinates>28.588026473298669,-29.45738204754889</coordinates></Point></Placemark><Placemark><styleUrl>#point</styleUrl><Point><altitudeMode>clampToGround</altitudeMode><coordinates>28.588088247925043,-29.457372408360243</coordinates></Point></Placemark><Placemark><styleUrl>#point</styleUrl><Point><altitudeMode>clampToGround</altitudeMode><coordinates>28.588151279836893,-29.457370229065418</coordinates></Point></Placemark><Placemark><styleUrl>#point</styleUrl><Point><altitudeMode>clampToGround</altitudeMode><coordinates>28.588219257071614,-29.457365954294801</coordinates></Point></Placemark><Placemark><styleUrl>#point</styleUrl><Point><altitudeMode>clampToGround</altitudeMode><coordinates>28.588290838524699,-29.45735807530582</coordinates></Point></Placemark><Placemark><styleUrl>#point</styleUrl><Point><altitudeMode>clampToGround</altitudeMode><coordinates>28.588371304795146,-29.457345586270094</coordinates></Point></Placemark><Placemark><styleUrl>#point</styleUrl><Point><altitudeMode>clampToGround</altitudeMode><coordinates>28.588464260101318,-29.457337204366922</coordinates></Point></Placemark><Placemark><styleUrl>#point</styleUrl><Point><altitudeMode>clampToGround</altitudeMode><coordinates>28.588538020849228,-29.457346675917506</coordinates></Point></Placemark><Placemark><styleUrl>#point</styleUrl><Point><altitudeMode>clampToGround</altitudeMode><coordinates>28.588593089953065,-29.457361176609993</coordinates></Point></Placemark><Placemark><styleUrl>#point</styleUrl><Point><altitudeMode>clampToGround</altitudeMode><coordinates>28.588674981147051,-29.457385819405317</coordinates></Point></Placemark><Placemark><styleUrl>#point</styleUrl><Point><altitudeMode>clampToGround</altitudeMode><coordinates>28.588762320578098,-29.457416329532862</coordinates></Point></Placemark><Placemark><styleUrl>#point</styleUrl><Point><altitudeMode>clampToGround</altitudeMode><coordinates>28.589725736528635,-29.457677006721497</coordinates></Point></Placemark><Placemark><styleUrl>#point</styleUrl><Point><altitudeMode>clampToGround</altitudeMode><coordinates>28.590345494449139,-29.457766860723495</coordinates></Point></Placemark><Placemark><styleUrl>#point</styleUrl><Point><altitudeMode>clampToGround</altitudeMode><coordinates>28.590462757274508,-29.457766190171242</coordinates></Point></Placemark><Placemark><styleUrl>#point</styleUrl><Point><altitudeMode>clampToGround</altitudeMode><coordinates>28.591007916256785,-29.457721346989274</coordinates></Point></Placemark><Placemark><styleUrl>#point</styleUrl><Point><altitudeMode>clampToGround</altitudeMode><coordinates>28.592070573940873,-29.457777757197618</coordinates></Point></Placemark><Placemark><styleUrl>#point</styleUrl><Point><altitudeMode>clampToGround</altitudeMode><coordinates>28.592602154240012,-29.457811955362558</coordinates></Point></Placemark><Placemark><styleUrl>#point</styleUrl><Point><altitudeMode>clampToGround</altitudeMode><coordinates>28.592737521976233,-29.457822935655713</coordinates></Point></Placemark><Placemark><styleUrl>#point</styleUrl><Point><altitudeMode>clampToGround</altitudeMode><coordinates>28.592846905812621,-29.457851853221655</coordinates></Point></Placemark><Placemark><styleUrl>#point</styleUrl><Point><altitudeMode>clampToGround</altitudeMode><coordinates>28.592909267172217,-29.457880267873406</coordinates></Point></Placemark><Placemark><styleUrl>#point</styleUrl><Point><altitudeMode>clampToGround</altitudeMode><coordinates>28.592973640188575,-29.457922764122486</coordinates></Point></Placemark><Placemark><styleUrl>#point</styleUrl><Point><altitudeMode>clampToGround</altitudeMode><coordinates>28.593033570796251,-29.457975821569562</coordinates></Point></Placemark><Placemark><styleUrl>#point</styleUrl><Point><altitudeMode>clampToGround</altitudeMode><coordinates>28.593103224411607,-29.458037093281746</coordinates></Point></Placemark><Placemark><styleUrl>#point</styleUrl><Point><altitudeMode>clampToGround</altitudeMode><coordinates>28.593189809471369,-29.458101969212294</coordinates></Point></Placemark><Placemark><styleUrl>#point</styleUrl><Point><altitudeMode>clampToGround</altitudeMode><coordinates>28.593288715928793,-29.458164582028985</coordinates></Point></Placemark><Placemark><styleUrl>#point</styleUrl><Point><altitudeMode>clampToGround</altitudeMode><coordinates>28.593401871621609,-29.458218980580568</coordinates></Point></Placemark><Placemark><styleUrl>#point</styleUrl><Point><altitudeMode>clampToGround</altitudeMode><coordinates>28.593525923788548,-29.458263739943504</coordinates></Point></Placemark><Placemark><styleUrl>#point</styleUrl><Point><altitudeMode>clampToGround</altitudeMode><coordinates>28.59365307725966,-29.458301039412618</coordinates></Point></Placemark><Placemark><styleUrl>#point</styleUrl><Point><altitudeMode>clampToGround</altitudeMode><coordinates>28.593773860484362,-29.458327777683735</coordinates></Point></Placemark><Placemark><styleUrl>#point</styleUrl><Point><altitudeMode>clampToGround</altitudeMode><coordinates>28.593878047540784,-29.458343954756856</coordinates></Point></Placemark><Placemark><styleUrl>#point</styleUrl><Point><altitudeMode>clampToGround</altitudeMode><coordinates>28.593966560438275,-29.45835149846971</coordinates></Point></Placemark><Placemark><styleUrl>#point</styleUrl><Point><altitudeMode>clampToGround</altitudeMode><coordinates>28.594039482995868,-29.458351582288742</coordinates></Point></Placemark><Placemark><styleUrl>#point</styleUrl><Point><altitudeMode>clampToGround</altitudeMode><coordinates>28.594102011993527,-29.458349067717791</coordinates></Point></Placemark><Placemark><styleUrl>#point</styleUrl><Point><altitudeMode>clampToGround</altitudeMode><coordinates>28.594161188229918,-29.458348816260695</coordinates></Point></Placemark><Placemark><styleUrl>#point</styleUrl><Point><altitudeMode>clampToGround</altitudeMode><coordinates>28.594222795218229,-29.458356527611613</coordinates></Point></Placemark><Placemark><styleUrl>#point</styleUrl><Point><altitudeMode>clampToGround</altitudeMode><coordinates>28.594602243974805,-29.458425845950842</coordinates></Point></Placemark><Placemark><styleUrl>#point</styleUrl><Point><altitudeMode>clampToGround</altitudeMode><coordinates>28.594665192067623,-29.458450824022293</coordinates></Point></Placemark><Placemark><styleUrl>#point</styleUrl><Point><altitudeMode>clampToGround</altitudeMode><coordinates>28.594725960865617,-29.458483597263694</coordinates></Point></Placemark><Placemark><styleUrl>#point</styleUrl><Point><altitudeMode>clampToGround</altitudeMode><coordinates>28.59486929140985,-29.458559872582555</coordinates></Point></Placemark><Placemark><styleUrl>#point</styleUrl><Point><altitudeMode>clampToGround</altitudeMode><coordinates>28.594954703003168,-29.45859239436686</coordinates></Point></Placemark><Placemark><styleUrl>#point</styleUrl><Point><altitudeMode>clampToGround</altitudeMode><coordinates>28.595036510378122,-29.458618210628629</coordinates></Point></Placemark><Placemark><styleUrl>#point</styleUrl><Point><altitudeMode>clampToGround</altitudeMode><coordinates>28.595328200608492,-29.458681242540479</coordinates></Point></Placemark><Placemark><styleUrl>#point</styleUrl><Point><altitudeMode>clampToGround</altitudeMode><coordinates>28.595317052677274,-29.458676716312766</coordinates></Point></Placemark><Placemark><styleUrl>#point</styleUrl><Point><altitudeMode>clampToGround</altitudeMode><coordinates>28.595314119011164,-29.45866565220058</coordinates></Point></Placemark><Placemark><styleUrl>#point</styleUrl><Point><altitudeMode>clampToGround</altitudeMode><coordinates>28.595311688259244,-29.458667496219277</coordinates></Point></Placemark><Placemark><styleUrl>#point</styleUrl><Point><altitudeMode>clampToGround</altitudeMode><coordinates>28.595309257507324,-29.458659281954169</coordinates></Point></Placemark><Placemark><styleUrl>#point</styleUrl><Point><altitudeMode>clampToGround</altitudeMode><coordinates>28.595298696309328,-29.458663389086723</coordinates></Point></Placemark><Placemark><styleUrl>#point</styleUrl><Point><altitudeMode>clampToGround</altitudeMode><coordinates>28.595306826755404,-29.458659617230296</coordinates></Point></Placemark><Placemark><styleUrl>#point</styleUrl><Point><altitudeMode>clampToGround</altitudeMode><coordinates>28.595302551984787,-29.458670262247324</coordinates></Point></Placemark><Placemark><styleUrl>#point</styleUrl><Point><altitudeMode>clampToGround</altitudeMode><coordinates>28.5953657515347,-29.458648469299078</coordinates></Point></Placemark><Placemark><styleUrl>#point</styleUrl><Point><altitudeMode>clampToGround</altitudeMode><coordinates>28.595401206985116,-29.45863438770175</coordinates></Point></Placemark><Placemark><styleUrl>#point</styleUrl><Point><altitudeMode>clampToGround</altitudeMode><coordinates>28.595428951084614,-29.458621647208929</coordinates></Point></Placemark><Placemark><styleUrl>#point</styleUrl><Point><altitudeMode>clampToGround</altitudeMode><coordinates>28.59545954503119,-29.458608403801918</coordinates></Point></Placemark><Placemark><styleUrl>#point</styleUrl><Point><altitudeMode>clampToGround</altitudeMode><coordinates>28.595490390434861,-29.458600021898746</coordinates></Point></Placemark><Placemark><styleUrl>#point</styleUrl><Point><altitudeMode>clampToGround</altitudeMode><coordinates>28.595522493124008,-29.45859482511878</coordinates></Point></Placemark><Placemark><styleUrl>#point</styleUrl><Point><altitudeMode>clampToGround</altitudeMode><coordinates>28.595558535307646,-29.458591975271702</coordinates></Point></Placemark><Placemark><styleUrl>#point</styleUrl><Point><altitudeMode>clampToGround</altitudeMode><coordinates>28.596088439226151,-29.458571271970868</coordinates></Point></Placemark><Placemark><styleUrl>#point</styleUrl><Point><altitudeMode>clampToGround</altitudeMode><coordinates>28.596659833565354,-29.458476472645998</coordinates></Point></Placemark><Placemark><styleUrl>#point</styleUrl><Point><altitudeMode>clampToGround</altitudeMode><coordinates>28.596727140247822,-29.458442023023963</coordinates></Point></Placemark><Placemark><styleUrl>#point</styleUrl><Point><altitudeMode>clampToGround</altitudeMode><coordinates>28.596788160502911,-29.458399275317788</coordinates></Point></Placemark><Placemark><styleUrl>#point</styleUrl><Point><altitudeMode>clampToGround</altitudeMode><coordinates>28.596846079453826,-29.458347894251347</coordinates></Point></Placemark><Placemark><styleUrl>#point</styleUrl><Point><altitudeMode>clampToGround</altitudeMode><coordinates>28.596903160214424,-29.458293998613954</coordinates></Point></Placemark><Placemark><styleUrl>#point</styleUrl><Point><altitudeMode>clampToGround</altitudeMode><coordinates>28.597651747986674,-29.457717072218657</coordinates></Point></Placemark><Placemark><styleUrl>#point</styleUrl><Point><altitudeMode>clampToGround</altitudeMode><coordinates>28.597729448229074,-29.45769477635622</coordinates></Point></Placemark><Placemark><styleUrl>#point</styleUrl><Point><altitudeMode>clampToGround</altitudeMode><coordinates>28.598382817581296,-29.457555133849382</coordinates></Point></Placemark><Placemark><styleUrl>#point</styleUrl><Point><altitudeMode>clampToGround</altitudeMode><coordinates>28.598697306588292,-29.457498220726848</coordinates></Point></Placemark><Placemark><styleUrl>#point</styleUrl><Point><altitudeMode>clampToGround</altitudeMode><coordinates>28.598802918568254,-29.457494951784611</coordinates></Point></Placemark><Placemark><styleUrl>#point</styleUrl><Point><altitudeMode>clampToGround</altitudeMode><coordinates>28.598906770348549,-29.457502663135529</coordinates></Point></Placemark><Placemark><styleUrl>#point</styleUrl><Point><altitudeMode>clampToGround</altitudeMode><coordinates>28.599007101729512,-29.457521103322506</coordinates></Point></Placemark><Placemark><styleUrl>#point</styleUrl><Point><altitudeMode>clampToGround</altitudeMode><coordinates>28.599106846377254,-29.457554798573256</coordinates></Point></Placemark><Placemark><styleUrl>#point</styleUrl><Point><altitudeMode>clampToGround</altitudeMode><coordinates>28.59918437898159,-29.457594696432352</coordinates></Point></Placemark><Placemark><styleUrl>#point</styleUrl><Point><altitudeMode>clampToGround</altitudeMode><coordinates>28.599260989576578,-29.457647670060396</coordinates></Point></Placemark><Placemark><styleUrl>#point</styleUrl><Point><altitudeMode>clampToGround</altitudeMode><coordinates>28.599334498867393,-29.457715228199959</coordinates></Point></Placemark><Placemark><styleUrl>#point</styleUrl><Point><altitudeMode>clampToGround</altitudeMode><coordinates>28.599411193281412,-29.457797287032008</coordinates></Point></Placemark><Placemark><styleUrl>#point</styleUrl><Point><altitudeMode>clampToGround</altitudeMode><coordinates>28.59958553686738,-29.457962326705456</coordinates></Point></Placemark><Placemark><styleUrl>#point</styleUrl><Point><altitudeMode>clampToGround</altitudeMode><coordinates>28.59968276694417,-29.458034075796604</coordinates></Point></Placemark><Placemark><styleUrl>#point</styleUrl><Point><altitudeMode>clampToGround</altitudeMode><coordinates>28.600484915077686,-29.458482004702091</coordinates></Point></Placemark><Placemark><styleUrl>#point</styleUrl><Point><altitudeMode>clampToGround</altitudeMode><coordinates>28.600581893697381,-29.458509748801589</coordinates></Point></Placemark><Placemark><styleUrl>#point</styleUrl><Point><altitudeMode>clampToGround</altitudeMode><coordinates>28.600919432938099,-29.458575882017612</coordinates></Point></Placemark><Placemark><styleUrl>#point</styleUrl><Point><altitudeMode>clampToGround</altitudeMode><coordinates>28.60114180482924,-29.45862365886569</coordinates></Point></Placemark><Placemark><styleUrl>#point</styleUrl><Point><altitudeMode>clampToGround</altitudeMode><coordinates>28.601202741265297,-29.458648217841983</coordinates></Point></Placemark><Placemark><styleUrl>#point</styleUrl><Point><altitudeMode>clampToGround</altitudeMode><coordinates>28.601260157302022,-29.458687696605921</coordinates></Point></Placemark><Placemark><styleUrl>#point</styleUrl><Point><altitudeMode>clampToGround</altitudeMode><coordinates>28.601325200870633,-29.458740586414933</coordinates></Point></Placemark><Placemark><styleUrl>#point</styleUrl><Point><altitudeMode>clampToGround</altitudeMode><coordinates>28.601400051265955,-29.458802277222276</coordinates></Point></Placemark><Placemark><styleUrl>#point</styleUrl><Point><altitudeMode>clampToGround</altitudeMode><coordinates>28.601480349898338,-29.458856759592891</coordinates></Point></Placemark><Placemark><styleUrl>#point</styleUrl><Point><altitudeMode>clampToGround</altitudeMode><coordinates>28.601561738178134,-29.458902776241302</coordinates></Point></Placemark><Placemark><styleUrl>#point</styleUrl><Point><altitudeMode>clampToGround</altitudeMode><coordinates>28.601649580523372,-29.458938650786877</coordinates></Point></Placemark><Placemark><styleUrl>#point</styleUrl><Point><altitudeMode>clampToGround</altitudeMode><coordinates>28.601749576628208,-29.458960946649313</coordinates></Point></Placemark><Placemark><styleUrl>#point</styleUrl><Point><altitudeMode>clampToGround</altitudeMode><coordinates>28.601863738149405,-29.458967903628945</coordinates></Point></Placemark><Placemark><styleUrl>#point</styleUrl><Point><altitudeMode>clampToGround</altitudeMode><coordinates>28.601995334029198,-29.458960946649313</coordinates></Point></Placemark><Placemark><styleUrl>#point</styleUrl><Point><altitudeMode>clampToGround</altitudeMode><coordinates>28.60214008949697,-29.458948457613587</coordinates></Point></Placemark><Placemark><styleUrl>#point</styleUrl><Point><altitudeMode>clampToGround</altitudeMode><coordinates>28.603355884552002,-29.458910571411252</coordinates></Point></Placemark><Placemark><styleUrl>#point</styleUrl><Point><altitudeMode>clampToGround</altitudeMode><coordinates>28.604179238900542,-29.458839660510421</coordinates></Point></Placemark><Placemark><styleUrl>#point</styleUrl><Point><altitudeMode>clampToGround</altitudeMode><coordinates>28.604236571118236,-29.458832368254662</coordinates></Point></Placemark><Placemark><styleUrl>#point</styleUrl><Point><altitudeMode>clampToGround</altitudeMode><coordinates>28.604288371279836,-29.458831110969186</coordinates></Point></Placemark><Placemark><styleUrl>#point</styleUrl><Point><altitudeMode>clampToGround</altitudeMode><coordinates>28.604333968833089,-29.458836810663342</coordinates></Point></Placemark><Placemark><styleUrl>#point</styleUrl><Point><altitudeMode>clampToGround</altitudeMode><coordinates>28.604579223319888,-29.458917193114758</coordinates></Point></Placemark><Placemark><styleUrl>#point</styleUrl><Point><altitudeMode>clampToGround</altitudeMode><coordinates>28.604649882763624,-29.458959521725774</coordinates></Point></Placemark><Placemark><styleUrl>#point</styleUrl><Point><altitudeMode>clampToGround</altitudeMode><coordinates>28.604721799492836,-29.459014507010579</coordinates></Point></Placemark><Placemark><styleUrl>#point</styleUrl><Point><altitudeMode>clampToGround</altitudeMode><coordinates>28.604988595470786,-29.459236627444625</coordinates></Point></Placemark><Placemark><styleUrl>#point</styleUrl><Point><altitudeMode>clampToGround</altitudeMode><coordinates>28.605084232985973,-29.459295552223921</coordinates></Point></Placemark><Placemark><styleUrl>#point</styleUrl><Point><altitudeMode>clampToGround</altitudeMode><coordinates>28.605187078937888,-29.459341652691364</coordinates></Point></Placemark><Placemark><styleUrl>#point</styleUrl><Point><altitudeMode>clampToGround</altitudeMode><coordinates>28.605295205488801,-29.459379874169827</coordinates></Point></Placemark><Placemark><styleUrl>#point</styleUrl><Point><altitudeMode>clampToGround</altitudeMode><coordinates>28.605410624295473,-29.45941423997283</coordinates></Point></Placemark><Placemark><styleUrl>#point</styleUrl><Point><altitudeMode>clampToGround</altitudeMode><coordinates>28.605531491339207,-29.459441564977169</coordinates></Point></Placemark><Placemark><styleUrl>#point</styleUrl><Point><altitudeMode>clampToGround</altitudeMode><coordinates>28.605651268735528,-29.459456903859973</coordinates></Point></Placemark><Placemark><styleUrl>#point</styleUrl><Point><altitudeMode>clampToGround</altitudeMode><coordinates>28.605773979797959,-29.459459921345115</coordinates></Point></Placemark><Placemark><styleUrl>#point</styleUrl><Point><altitudeMode>clampToGround</altitudeMode><coordinates>28.605899708345532,-29.459450868889689</coordinates></Point></Placemark><Placemark><styleUrl>#point</styleUrl><Point><altitudeMode>clampToGround</altitudeMode><coordinates>28.606028370559216,-29.459433518350124</coordinates></Point></Placemark><Placemark><styleUrl>#point</styleUrl><Point><altitudeMode>clampToGround</altitudeMode><coordinates>28.60616541467607,-29.459407618269324</coordinates></Point></Placemark><Placemark><styleUrl>#point</styleUrl><Point><altitudeMode>clampToGround</altitudeMode><coordinates>28.606282342225313,-29.459380796179175</coordinates></Point></Placemark><Placemark><styleUrl>#point</styleUrl><Point><altitudeMode>clampToGround</altitudeMode><coordinates>28.606740664690733,-29.459224306046963</coordinates></Point></Placemark><Placemark><styleUrl>#point</styleUrl><Point><altitudeMode>clampToGround</altitudeMode><coordinates>28.606834122911096,-29.459168901666999</coordinates></Point></Placemark><Placemark><styleUrl>#point</styleUrl><Point><altitudeMode>clampToGround</altitudeMode><coordinates>28.606919450685382,-29.459109473973513</coordinates></Point></Placemark><Placemark><styleUrl>#point</styleUrl><Point><altitudeMode>clampToGround</altitudeMode><coordinates>28.607238465920091,-29.458899004384875</coordinates></Point></Placemark><Placemark><styleUrl>#point</styleUrl><Point><altitudeMode>clampToGround</altitudeMode><coordinates>28.607317926362157,-29.458865895867348</coordinates></Point></Placemark><Placemark><styleUrl>#point</styleUrl><Point><altitudeMode>clampToGround</altitudeMode><coordinates>28.607390932738781,-29.458845108747482</coordinates></Point></Placemark><Placemark><styleUrl>#point</styleUrl><Point><altitudeMode>clampToGround</altitudeMode><coordinates>28.607465531677008,-29.458832535892725</coordinates></Point></Placemark><Placemark><styleUrl>#point</styleUrl><Point><altitudeMode>clampToGround</altitudeMode><coordinates>28.607551194727421,-29.458825662732124</coordinates></Point></Placemark><Placemark><styleUrl>#point</styleUrl><Point><altitudeMode>clampToGround</altitudeMode><coordinates>28.607646413147449,-29.458825746551156</coordinates></Point></Placemark><Placemark><styleUrl>#point</styleUrl><Point><altitudeMode>clampToGround</altitudeMode><coordinates>28.607738865539432,-29.458838235586882</coordinates></Point></Placemark><Placemark><styleUrl>#point</styleUrl><Point><altitudeMode>clampToGround</altitudeMode><coordinates>28.607832156121731,-29.458864638581872</coordinates></Point></Placemark><Placemark><styleUrl>#point</styleUrl><Point><altitudeMode>clampToGround</altitudeMode><coordinates>28.607930056750774,-29.458900010213256</coordinates></Point></Placemark><Placemark><styleUrl>#point</styleUrl><Point><altitudeMode>clampToGround</altitudeMode><coordinates>28.608392318710685,-29.45909421890974</coordinates></Point></Placemark><Placemark><styleUrl>#point</styleUrl><Point><altitudeMode>clampToGround</altitudeMode><coordinates>28.60853087157011,-29.45913671515882</coordinates></Point></Placemark><Placemark><styleUrl>#point</styleUrl><Point><altitudeMode>clampToGround</altitudeMode><coordinates>28.60868476331234,-29.459172589704394</coordinates></Point></Placemark><Placemark><styleUrl>#point</styleUrl><Point><altitudeMode>clampToGround</altitudeMode><coordinates>28.609888404607773,-29.459316339343786</coordinates></Point></Placemark><Placemark><styleUrl>#point</styleUrl><Point><altitudeMode>clampToGround</altitudeMode><coordinates>28.610967407003045,-29.459204440936446</coordinates></Point></Placemark><Placemark><styleUrl>#point</styleUrl><Point><altitudeMode>clampToGround</altitudeMode><coordinates>28.612206755205989,-29.458781825378537</coordinates></Point></Placemark><Placemark><styleUrl>#point</styleUrl><Point><altitudeMode>clampToGround</altitudeMode><coordinates>28.612298453226686,-29.458744274452329</coordinates></Point></Placemark><Placemark><styleUrl>#point</styleUrl><Point><altitudeMode>clampToGround</altitudeMode><coordinates>28.612382523715496,-29.45869255810976</coordinates></Point></Placemark><Placemark><styleUrl>#point</styleUrl><Point><altitudeMode>clampToGround</altitudeMode><coordinates>28.612452764064074,-29.458629358559847</coordinates></Point></Placemark><Placemark><styleUrl>#point</styleUrl><Point><altitudeMode>clampToGround</altitudeMode><coordinates>28.612510766834021,-29.458552412688732</coordinates></Point></Placemark><Placemark><styleUrl>#point</styleUrl><Point><altitudeMode>clampToGround</altitudeMode><coordinates>28.612553179264069,-29.458465157076716</coordinates></Point></Placemark><Placemark><styleUrl>#point</styleUrl><Point><altitudeMode>clampToGround</altitudeMode><coordinates>28.612573128193617,-29.458373375236988</coordinates></Point></Placemark><Placemark><styleUrl>#point</styleUrl><Point><altitudeMode>clampToGround</altitudeMode><coordinates>28.612575475126505,-29.45826793089509</coordinates></Point></Placemark><Placemark><styleUrl>#point</styleUrl><Point><altitudeMode>clampToGround</altitudeMode><coordinates>28.612565249204636,-29.458153434097767</coordinates></Point></Placemark><Placemark><styleUrl>#point</styleUrl><Point><altitudeMode>clampToGround</altitudeMode><coordinates>28.612548317760229,-29.45802996866405</coordinates></Point></Placemark><Placemark><styleUrl>#point</styleUrl><Point><altitudeMode>clampToGround</altitudeMode><coordinates>28.612435078248382,-29.457009388133883</coordinates></Point></Placemark><Placemark><styleUrl>#point</styleUrl><Point><altitudeMode>clampToGround</altitudeMode><coordinates>28.612326784059405,-29.456059634685516</coordinates></Point></Placemark><Placemark><styleUrl>#point</styleUrl><Point><altitudeMode>clampToGround</altitudeMode><coordinates>28.612336842343211,-29.455962907522917</coordinates></Point></Placemark><Placemark><styleUrl>#point</styleUrl><Point><altitudeMode>clampToGround</altitudeMode><coordinates>28.612361317500472,-29.45586584508419</coordinates></Point></Placemark><Placemark><styleUrl>#point</styleUrl><Point><altitudeMode>clampToGround</altitudeMode><coordinates>28.612394006922841,-29.455768531188369</coordinates></Point></Placemark><Placemark><styleUrl>#point</styleUrl><Point><altitudeMode>clampToGround</altitudeMode><coordinates>28.612432898953557,-29.455669792369008</coordinates></Point></Placemark><Placemark><styleUrl>#point</styleUrl><Point><altitudeMode>clampToGround</altitudeMode><coordinates>28.613087609410286,-29.454217376187444</coordinates></Point></Placemark><Placemark><styleUrl>#point</styleUrl><Point><altitudeMode>clampToGround</altitudeMode><coordinates>28.613305119797587,-29.453757712617517</coordinates></Point></Placemark><Placemark><styleUrl>#point</styleUrl><Point><altitudeMode>clampToGround</altitudeMode><coordinates>28.613331187516451,-29.453672049567103</coordinates></Point></Placemark><Placemark><styleUrl>#point</styleUrl><Point><altitudeMode>clampToGround</altitudeMode><coordinates>28.613347951322794,-29.453585464507341</coordinates></Point></Placemark><Placemark><styleUrl>#point</styleUrl><Point><altitudeMode>clampToGround</altitudeMode><coordinates>28.613360691815615,-29.453409863635898</coordinates></Point></Placemark><Placemark><styleUrl>#point</styleUrl><Point><altitudeMode>clampToGround</altitudeMode><coordinates>28.613350549712777,-29.453322691842914</coordinates></Point></Placemark><Placemark><styleUrl>#point</styleUrl><Point><altitudeMode>clampToGround</altitudeMode><coordinates>28.613322302699089,-29.453237950801849</coordinates></Point></Placemark><Placemark><styleUrl>#point</styleUrl><Point><altitudeMode>clampToGround</altitudeMode><coordinates>28.613274609670043,-29.453160418197513</coordinates></Point></Placemark><Placemark><styleUrl>#point</styleUrl><Point><altitudeMode>clampToGround</altitudeMode><coordinates>28.613209314644337,-29.453094033524394</coordinates></Point></Placemark><Placemark><styleUrl>#point</styleUrl><Point><altitudeMode>clampToGround</altitudeMode><coordinates>28.613130357116461,-29.453038545325398</coordinates></Point></Placemark><Placemark><styleUrl>#point</styleUrl><Point><altitudeMode>clampToGround</altitudeMode><coordinates>28.613042179495096,-29.452994959428906</coordinates></Point></Placemark><Placemark><styleUrl>#point</styleUrl><Point><altitudeMode>clampToGround</altitudeMode><coordinates>28.612949140369892,-29.452959587797523</coordinates></Point></Placemark><Placemark><styleUrl>#point</styleUrl><Point><altitudeMode>clampToGround</altitudeMode><coordinates>28.612852580845356,-29.452933687716722</coordinates></Point></Placemark><Placemark><styleUrl>#point</styleUrl><Point><altitudeMode>clampToGround</altitudeMode><coordinates>28.612752920016646,-29.452918935567141</coordinates></Point></Placemark><Placemark><styleUrl>#point</styleUrl><Point><altitudeMode>clampToGround</altitudeMode><coordinates>28.612650157883763,-29.452915918081999</coordinates></Point></Placemark><Placemark><styleUrl>#point</styleUrl><Point><altitudeMode>clampToGround</altitudeMode><coordinates>28.612547144293785,-29.452914744615555</coordinates></Point></Placemark><Placemark><styleUrl>#point</styleUrl><Point><altitudeMode>clampToGround</altitudeMode><coordinates>28.612059149891138,-29.452892113476992</coordinates></Point></Placemark><Placemark><styleUrl>#point</styleUrl><Point><altitudeMode>clampToGround</altitudeMode><coordinates>28.611979270353913,-29.452876774594188</coordinates></Point></Placemark><Placemark><styleUrl>#point</styleUrl><Point><altitudeMode>clampToGround</altitudeMode><coordinates>28.61190483905375,-29.452852550894022</coordinates></Point></Placemark><Placemark><styleUrl>#point</styleUrl><Point><altitudeMode>clampToGround</altitudeMode><coordinates>28.611834347248077,-29.452822292223573</coordinates></Point></Placemark><Placemark><styleUrl>#point</styleUrl><Point><altitudeMode>clampToGround</altitudeMode><coordinates>28.611769722774625,-29.452790189534426</coordinates></Point></Placemark><Placemark><styleUrl>#point</styleUrl><Point><altitudeMode>clampToGround</altitudeMode><coordinates>28.611714821308851,-29.452753560617566</coordinates></Point></Placemark><Placemark><styleUrl>#point</styleUrl><Point><altitudeMode>clampToGround</altitudeMode><coordinates>28.611675845459104,-29.452714081853628</coordinates></Point></Placemark><Placemark><styleUrl>#point</styleUrl><Point><altitudeMode>clampToGround</altitudeMode><coordinates>28.611626056954265,-29.452657755464315</coordinates></Point></Placemark><Placemark><styleUrl>#point</styleUrl><Point><altitudeMode>clampToGround</altitudeMode><coordinates>28.611281560733914,-29.45208971388638</coordinates></Point></Placemark><Placemark><styleUrl>#point</styleUrl><Point><altitudeMode>clampToGround</altitudeMode><coordinates>28.610693151131272,-29.45116275921464</coordinates></Point></Placemark><Placemark><styleUrl>#point</styleUrl><Point><altitudeMode>clampToGround</altitudeMode><coordinates>28.610008265823126,-29.450461864471436</coordinates></Point></Placemark><Placemark><styleUrl>#point</styleUrl><Point><altitudeMode>clampToGround</altitudeMode><coordinates>28.609812296926975,-29.450338818132877</coordinates></Point></Placemark><Placemark><styleUrl>#point</styleUrl><Point><altitudeMode>clampToGround</altitudeMode><coordinates>28.609760664403439,-29.450295399874449</coordinates></Point></Placemark><Placemark><styleUrl>#point</styleUrl><Point><altitudeMode>clampToGround</altitudeMode><coordinates>28.609716240316629,-29.450248125940561</coordinates></Point></Placemark><Placemark><styleUrl>#point</styleUrl><Point><altitudeMode>clampToGround</altitudeMode><coordinates>28.609679024666548,-29.45019724778831</coordinates></Point></Placemark><Placemark><styleUrl>#point</styleUrl><Point><altitudeMode>clampToGround</altitudeMode><coordinates>28.609649436548352,-29.45014351978898</coordinates></Point></Placemark><Placemark><styleUrl>#point</styleUrl><Point><altitudeMode>clampToGround</altitudeMode><coordinates>28.609626386314631,-29.450086103752255</coordinates></Point></Placemark><Placemark><styleUrl>#point</styleUrl><Point><altitudeMode>clampToGround</altitudeMode><coordinates>28.609612891450524,-29.450024915859103</coordinates></Point></Placemark><Placemark><styleUrl>#point</styleUrl><Point><altitudeMode>clampToGround</altitudeMode><coordinates>28.609606521204114,-29.449960626661777</coordinates></Point></Placemark><Placemark><styleUrl>#point</styleUrl><Point><altitudeMode>clampToGround</altitudeMode><coordinates>28.60960878431797,-29.449890973046422</coordinates></Point></Placemark><Placemark><styleUrl>#point</styleUrl><Point><altitudeMode>clampToGround</altitudeMode><coordinates>28.609617836773396,-29.449816709384322</coordinates></Point></Placemark><Placemark><styleUrl>#point</styleUrl><Point><altitudeMode>clampToGround</altitudeMode><coordinates>28.609636444598436,-29.449740434065461</coordinates></Point></Placemark><Placemark><styleUrl>#point</styleUrl><Point><altitudeMode>clampToGround</altitudeMode><coordinates>28.60966544598341,-29.449664494022727</coordinates></Point></Placemark><Placemark><styleUrl>#point</styleUrl><Point><altitudeMode>clampToGround</altitudeMode><coordinates>28.609704840928316,-29.449589978903532</coordinates></Point></Placemark><Placemark><styleUrl>#point</styleUrl><Point><altitudeMode>clampToGround</altitudeMode><coordinates>28.609751276671886,-29.449521163478494</coordinates></Point></Placemark><Placemark><styleUrl>#point</styleUrl><Point><altitudeMode>clampToGround</altitudeMode><coordinates>28.609802490100265,-29.449462154880166</coordinates></Point></Placemark><Placemark><styleUrl>#point</styleUrl><Point><altitudeMode>clampToGround</altitudeMode><coordinates>28.609856385737658,-29.449415132403374</coordinates></Point></Placemark><Placemark><styleUrl>#point</styleUrl><Point><altitudeMode>clampToGround</altitudeMode><coordinates>28.609916232526302,-29.449378419667482</coordinates></Point></Placemark><Placemark><styleUrl>#point</styleUrl><Point><altitudeMode>clampToGround</altitudeMode><coordinates>28.609986221417785,-29.449352938681841</coordinates></Point></Placemark><Placemark><styleUrl>#point</styleUrl><Point><altitudeMode>clampToGround</altitudeMode><coordinates>28.610069286078215,-29.449340449646115</coordinates></Point></Placemark><Placemark><styleUrl>#point</styleUrl><Point><altitudeMode>clampToGround</altitudeMode><coordinates>28.610166935250163,-29.449339862912893</coordinates></Point></Placemark><Placemark><styleUrl>#point</styleUrl><Point><altitudeMode>clampToGround</altitudeMode><coordinates>28.610276822000742,-29.449353357776999</coordinates></Point></Placemark><Placemark><styleUrl>#point</styleUrl><Point><altitudeMode>clampToGround</altitudeMode><coordinates>28.610391402617097,-29.449381269514561</coordinates></Point></Placemark><Placemark><styleUrl>#point</styleUrl><Point><altitudeMode>clampToGround</altitudeMode><coordinates>28.610506653785706,-29.449421083554626</coordinates></Point></Placemark><Placemark><styleUrl>#point</styleUrl><Point><altitudeMode>clampToGround</altitudeMode><coordinates>28.610619641840458,-29.449470704421401</coordinates></Point></Placemark><Placemark><styleUrl>#point</styleUrl><Point><altitudeMode>clampToGround</altitudeMode><coordinates>28.610727516934276,-29.449530551210046</coordinates></Point></Placemark><Placemark><styleUrl>#point</styleUrl><Point><altitudeMode>clampToGround</altitudeMode><coordinates>28.610827093943954,-29.449599869549274</coordinates></Point></Placemark><Placemark><styleUrl>#point</styleUrl><Point><altitudeMode>clampToGround</altitudeMode><coordinates>28.610920887440443,-29.449673881754279</coordinates></Point></Placemark><Placemark><styleUrl>#point</styleUrl><Point><altitudeMode>clampToGround</altitudeMode><coordinates>28.611012334004045,-29.449749318882823</coordinates></Point></Placemark><Placemark><styleUrl>#point</styleUrl><Point><altitudeMode>clampToGround</altitudeMode><coordinates>28.611106378957629,-29.449817966669798</coordinates></Point></Placemark><Placemark><styleUrl>#point</styleUrl><Point><altitudeMode>clampToGround</altitudeMode><coordinates>28.611892936751246,-29.450240079313517</coordinates></Point></Placemark><Placemark><styleUrl>#point</styleUrl><Point><altitudeMode>clampToGround</altitudeMode><coordinates>28.612369867041707,-29.450424900278449</coordinates></Point></Placemark><Placemark><styleUrl>#point</styleUrl><Point><altitudeMode>clampToGround</altitudeMode><coordinates>28.612461732700467,-29.450441161170602</coordinates></Point></Placemark><Placemark><styleUrl>#point</styleUrl><Point><altitudeMode>clampToGround</altitudeMode><coordinates>28.612552508711815,-29.450448034331203</coordinates></Point></Placemark><Placemark><styleUrl>#point</styleUrl><Point><altitudeMode>clampToGround</altitudeMode><coordinates>28.613014686852694,-29.450404616072774</coordinates></Point></Placemark><Placemark><styleUrl>#point</styleUrl><Point><altitudeMode>clampToGround</altitudeMode><coordinates>28.613108731806278,-29.450378715991974</coordinates></Point></Placemark><Placemark><styleUrl>#point</styleUrl><Point><altitudeMode>clampToGround</altitudeMode><coordinates>28.613814488053322,-29.450248293578625</coordinates></Point></Placemark><Placemark><styleUrl>#point</styleUrl><Point><altitudeMode>clampToGround</altitudeMode><coordinates>28.613899312913418,-29.450255837291479</coordinates></Point></Placemark><Placemark><styleUrl>#point</styleUrl><Point><altitudeMode>clampToGround</altitudeMode><coordinates>28.614061670377851,-29.450282910838723</coordinates></Point></Placemark><Placemark><styleUrl>#point</styleUrl><Point><altitudeMode>clampToGround</altitudeMode><coordinates>28.61413593403995,-29.450305541977286</coordinates></Point></Placemark><Placemark><styleUrl>#point</styleUrl><Point><altitudeMode>clampToGround</altitudeMode><coordinates>28.61420676112175,-29.450335968285799</coordinates></Point></Placemark><Placemark><styleUrl>#point</styleUrl><Point><altitudeMode>clampToGround</altitudeMode><coordinates>28.614445058628917,-29.450431689620018</coordinates></Point></Placemark><Placemark><styleUrl>#point</styleUrl><Point><altitudeMode>clampToGround</altitudeMode><coordinates>28.614523680880666,-29.45044593885541</coordinates></Point></Placemark><Placemark><styleUrl>#point</styleUrl><Point><altitudeMode>clampToGround</altitudeMode><coordinates>28.614594005048275,-29.45044401101768</coordinates></Point></Placemark><Placemark><styleUrl>#point</styleUrl><Point><altitudeMode>clampToGround</altitudeMode><coordinates>28.614669274538755,-29.450428253039718</coordinates></Point></Placemark><Placemark><styleUrl>#point</styleUrl><Point><altitudeMode>clampToGround</altitudeMode><coordinates>28.614753261208534,-29.450402688235044</coordinates></Point></Placemark><Placemark><styleUrl>#point</styleUrl><Point><altitudeMode>clampToGround</altitudeMode><coordinates>28.615438230335712,-29.450227171182632</coordinates></Point></Placemark><Placemark><styleUrl>#point</styleUrl><Point><altitudeMode>clampToGround</altitudeMode><coordinates>28.615707037970424,-29.450217029079795</coordinates></Point></Placemark><Placemark><styleUrl>#point</styleUrl><Point><altitudeMode>clampToGround</altitudeMode><coordinates>28.615816254168749,-29.450228847563267</coordinates></Point></Placemark><Placemark><styleUrl>#point</styleUrl><Point><altitudeMode>clampToGround</altitudeMode><coordinates>28.616745891049504,-29.45028324611485</coordinates></Point></Placemark><Placemark><styleUrl>#point</styleUrl><Point><altitudeMode>clampToGround</altitudeMode><coordinates>28.616852425038815,-29.450294142588973</coordinates></Point></Placemark><Placemark><styleUrl>#point</styleUrl><Point><altitudeMode>clampToGround</altitudeMode><coordinates>28.617804106324911,-29.450426660478115</coordinates></Point></Placemark><Placemark><styleUrl>#point</styleUrl><Point><altitudeMode>clampToGround</altitudeMode><coordinates>28.617892535403371,-29.450417188927531</coordinates></Point></Placemark><Placemark><styleUrl>#point</styleUrl><Point><altitudeMode>clampToGround</altitudeMode><coordinates>28.617985490709543,-29.45040000602603</coordinates></Point></Placemark><Placemark><styleUrl>#point</styleUrl><Point><altitudeMode>clampToGround</altitudeMode><coordinates>28.618319509550929,-29.450283581390977</coordinates></Point></Placemark><Placemark><styleUrl>#point</styleUrl><Point><altitudeMode>clampToGround</altitudeMode><coordinates>28.618374913930893,-29.450244437903166</coordinates></Point></Placemark><Placemark><styleUrl>#point</styleUrl><Point><altitudeMode>clampToGround</altitudeMode><coordinates>28.618424031883478,-29.450199427083135</coordinates></Point></Placemark><Placemark><styleUrl>#point</styleUrl><Point><altitudeMode>clampToGround</altitudeMode><coordinates>28.618467031046748,-29.45014494471252</coordinates></Point></Placemark><Placemark><styleUrl>#point</styleUrl><Point><altitudeMode>clampToGround</altitudeMode><coordinates>28.618502989411354,-29.45007948204875</coordinates></Point></Placemark><Placemark><styleUrl>#point</styleUrl><Point><altitudeMode>clampToGround</altitudeMode><coordinates>28.618537606671453,-29.45000764913857</coordinates></Point></Placemark><Placemark><styleUrl>#point</styleUrl><Point><altitudeMode>clampToGround</altitudeMode><coordinates>28.61904127523303,-29.449114054441452</coordinates></Point></Placemark><Placemark><styleUrl>#point</styleUrl><Point><altitudeMode>clampToGround</altitudeMode><coordinates>28.619075054302812,-29.449026547372341</coordinates></Point></Placemark><Placemark><styleUrl>#point</styleUrl><Point><altitudeMode>clampToGround</altitudeMode><coordinates>28.619099194183946,-29.44893267005682</coordinates></Point></Placemark><Placemark><styleUrl>#point</styleUrl><Point><altitudeMode>clampToGround</altitudeMode><coordinates>28.619111347943544,-29.44884181022644</coordinates></Point></Placemark><Placemark><styleUrl>#point</styleUrl><Point><altitudeMode>clampToGround</altitudeMode><coordinates>28.619173374027014,-29.447916531935334</coordinates></Point></Placemark><Placemark><styleUrl>#point</styleUrl><Point><altitudeMode>clampToGround</altitudeMode><coordinates>28.618986457586288,-29.446838619187474</coordinates></Point></Placemark><Placemark><styleUrl>#point</styleUrl><Point><altitudeMode>clampToGround</altitudeMode><coordinates>28.618912193924189,-29.446624461561441</coordinates></Point></Placemark><Placemark><styleUrl>#point</styleUrl><Point><altitudeMode>clampToGround</altitudeMode><coordinates>28.618904817849398,-29.446574505418539</coordinates></Point></Placemark><Placemark><styleUrl>#point</styleUrl><Point><altitudeMode>clampToGround</altitudeMode><coordinates>28.618900962173939,-29.44631609134376</coordinates></Point></Placemark><Placemark><styleUrl>#point</styleUrl><Point><altitudeMode>clampToGround</altitudeMode><coordinates>28.61891956999898,-29.446252221241593</coordinates></Point></Placemark><Placemark><styleUrl>#point</styleUrl><Point><altitudeMode>clampToGround</altitudeMode><coordinates>28.618953851982951,-29.446194553747773</coordinates></Point></Placemark><Placemark><styleUrl>#point</styleUrl><Point><altitudeMode>clampToGround</altitudeMode><coordinates>28.619002718478441,-29.446141328662634</coordinates></Point></Placemark><Placemark><styleUrl>#point</styleUrl><Point><altitudeMode>clampToGround</altitudeMode><coordinates>28.619057200849056,-29.446082320064306</coordinates></Point></Placemark><Placemark><styleUrl>#point</styleUrl><Point><altitudeMode>clampToGround</altitudeMode><coordinates>28.61911604180932,-29.446013253182173</coordinates></Point></Placemark><Placemark><styleUrl>#point</styleUrl><Point><altitudeMode>clampToGround</altitudeMode><coordinates>28.619180414825678,-29.445947036147118</coordinates></Point></Placemark><Placemark><styleUrl>#point</styleUrl><Point><altitudeMode>clampToGround</altitudeMode><coordinates>28.619261048734188,-29.445881908759475</coordinates></Point></Placemark><Placemark><styleUrl>#point</styleUrl><Point><altitudeMode>clampToGround</altitudeMode><coordinates>28.619353165850043,-29.445820972323418</coordinates></Point></Placemark><Placemark><styleUrl>#point</styleUrl><Point><altitudeMode>clampToGround</altitudeMode><coordinates>28.620106196030974,-29.445423921570182</coordinates></Point></Placemark><Placemark><styleUrl>#point</styleUrl><Point><altitudeMode>clampToGround</altitudeMode><coordinates>28.620835253968835,-29.445136170834303</coordinates></Point></Placemark><Placemark><styleUrl>#point</styleUrl><Point><altitudeMode>clampToGround</altitudeMode><coordinates>28.621615273877978,-29.444770300760865</coordinates></Point></Placemark><Placemark><styleUrl>#point</styleUrl><Point><altitudeMode>clampToGround</altitudeMode><coordinates>28.621695572510362,-29.444709867238998</coordinates></Point></Placemark><Placemark><styleUrl>#point</styleUrl><Point><altitudeMode>clampToGround</altitudeMode><coordinates>28.621767153963447,-29.444641219452024</coordinates></Point></Placemark><Placemark><styleUrl>#point</styleUrl><Point><altitudeMode>clampToGround</altitudeMode><coordinates>28.622284317389131,-29.444051468744874</coordinates></Point></Placemark><Placemark><styleUrl>#point</styleUrl><Point><altitudeMode>clampToGround</altitudeMode><coordinates>28.622592184692621,-29.443827588111162</coordinates></Point></Placemark><Placemark><styleUrl>#point</styleUrl><Point><altitudeMode>clampToGround</altitudeMode><coordinates>28.622658485546708,-29.443798083811998</coordinates></Point></Placemark><Placemark><styleUrl>#point</styleUrl><Point><altitudeMode>clampToGround</altitudeMode><coordinates>28.622731072828174,-29.44377277046442</coordinates></Point></Placemark><Placemark><styleUrl>#point</styleUrl><Point><altitudeMode>clampToGround</altitudeMode><coordinates>28.623418724164367,-29.443489126861095</coordinates></Point></Placemark><Placemark><styleUrl>#point</styleUrl><Point><altitudeMode>clampToGround</altitudeMode><coordinates>28.624195726588368,-29.442918403074145</coordinates></Point></Placemark><Placemark><styleUrl>#point</styleUrl><Point><altitudeMode>clampToGround</altitudeMode><coordinates>28.62425347790122,-29.442831482738256</coordinates></Point></Placemark><Placemark><styleUrl>#point</styleUrl><Point><altitudeMode>clampToGround</altitudeMode><coordinates>28.624773658812046,-29.441972672939301</coordinates></Point></Placemark><Placemark><styleUrl>#point</styleUrl><Point><altitudeMode>clampToGround</altitudeMode><coordinates>28.625653004273772,-29.441289966925979</coordinates></Point></Placemark><Placemark><styleUrl>#point</styleUrl><Point><altitudeMode>clampToGround</altitudeMode><coordinates>28.625744450837374,-29.441223749890924</coordinates></Point></Placemark><Placemark><styleUrl>#point</styleUrl><Point><altitudeMode>clampToGround</altitudeMode><coordinates>28.625826090574265,-29.441149402409792</coordinates></Point></Placemark><Placemark><styleUrl>#point</styleUrl><Point><altitudeMode>clampToGround</altitudeMode><coordinates>28.625895492732525,-29.441069690510631</coordinates></Point></Placemark><Placemark><styleUrl>#point</styleUrl><Point><altitudeMode>clampToGround</altitudeMode><coordinates>28.625948801636696,-29.440984949469566</coordinates></Point></Placemark><Placemark><styleUrl>#point</styleUrl><Point><altitudeMode>clampToGround</altitudeMode><coordinates>28.625982915982604,-29.440894341096282</coordinates></Point></Placemark><Placemark><styleUrl>#point</styleUrl><Point><altitudeMode>clampToGround</altitudeMode><coordinates>28.625997165217996,-29.440797530114651</coordinates></Point></Placemark><Placemark><styleUrl>#point</styleUrl><Point><altitudeMode>clampToGround</altitudeMode><coordinates>28.625991214066744,-29.440697031095624</coordinates></Point></Placemark><Placemark><styleUrl>#point</styleUrl><Point><altitudeMode>clampToGround</altitudeMode><coordinates>28.625963637605309,-29.440593430772424</coordinates></Point></Placemark><Placemark><styleUrl>#point</styleUrl><Point><altitudeMode>clampToGround</altitudeMode><coordinates>28.62591627985239,-29.440494524315</coordinates></Point></Placemark><Placemark><styleUrl>#point</styleUrl><Point><altitudeMode>clampToGround</altitudeMode><coordinates>28.625851403921843,-29.440402491018176</coordinates></Point></Placemark><Placemark><styleUrl>#point</styleUrl><Point><altitudeMode>clampToGround</altitudeMode><coordinates>28.625779571011662,-29.440314397215843</coordinates></Point></Placemark><Placemark><styleUrl>#point</styleUrl><Point><altitudeMode>clampToGround</altitudeMode><coordinates>28.625252014026046,-29.439457347616553</coordinates></Point></Placemark><Placemark><styleUrl>#point</styleUrl><Point><altitudeMode>clampToGround</altitudeMode><coordinates>28.624676764011383,-29.43849460221827</coordinates></Point></Placemark><Placemark><styleUrl>#point</styleUrl><Point><altitudeMode>clampToGround</altitudeMode><coordinates>28.623963966965675,-29.437599582597613</coordinates></Point></Placemark><Placemark><styleUrl>#point</styleUrl><Point><altitudeMode>clampToGround</altitudeMode><coordinates>28.623268269002438,-29.436483951285481</coordinates></Point></Placemark><Placemark><styleUrl>#point</styleUrl><Point><altitudeMode>clampToGround</altitudeMode><coordinates>28.622929640114307,-29.435848770663142</coordinates></Point></Placemark><Placemark><styleUrl>#point</styleUrl><Point><altitudeMode>clampToGround</altitudeMode><coordinates>28.622868871316314,-29.435767969116569</coordinates></Point></Placemark><Placemark><styleUrl>#point</styleUrl><Point><altitudeMode>clampToGround</altitudeMode><coordinates>28.622799217700958,-29.435694711282849</coordinates></Point></Placemark><Placemark><styleUrl>#point</styleUrl><Point><altitudeMode>clampToGround</altitudeMode><coordinates>28.622050797566772,-29.43513035774231</coordinates></Point></Placemark><Placemark><styleUrl>#point</styleUrl><Point><altitudeMode>clampToGround</altitudeMode><coordinates>28.62197695299983,-29.435084257274866</coordinates></Point></Placemark><Placemark><styleUrl>#point</styleUrl><Point><altitudeMode>clampToGround</altitudeMode><coordinates>28.621906461194158,-29.43502583540976</coordinates></Point></Placemark><Placemark><styleUrl>#point</styleUrl><Point><altitudeMode>clampToGround</altitudeMode><coordinates>28.621125183999538,-29.434154285117984</coordinates></Point></Placemark><Placemark><styleUrl>#point</styleUrl><Point><altitudeMode>clampToGround</altitudeMode><coordinates>28.620611876249313,-29.433268485590816</coordinates></Point></Placemark><Placemark><styleUrl>#point</styleUrl><Point><altitudeMode>clampToGround</altitudeMode><coordinates>28.620319934561849,-29.432635484263301</coordinates></Point></Placemark><Placemark><styleUrl>#point</styleUrl><Point><altitudeMode>clampToGround</altitudeMode><coordinates>28.619980718940496,-29.432103987783194</coordinates></Point></Placemark><Placemark><styleUrl>#point</styleUrl><Point><altitudeMode>clampToGround</altitudeMode><coordinates>28.619798580184579,-29.431866444647312</coordinates></Point></Placemark><Placemark><styleUrl>#point</styleUrl><Point><altitudeMode>clampToGround</altitudeMode><coordinates>28.619437320157886,-29.430992128327489</coordinates></Point></Placemark><Placemark><styleUrl>#point</styleUrl><Point><altitudeMode>clampToGround</altitudeMode><coordinates>28.619439331814647,-29.430908225476742</coordinates></Point></Placemark><Placemark><styleUrl>#point</styleUrl><Point><altitudeMode>clampToGround</altitudeMode><coordinates>28.619457017630339,-29.430829435586929</coordinates></Point></Placemark><Placemark><styleUrl>#point</styleUrl><Point><altitudeMode>clampToGround</altitudeMode><coordinates>28.619544273242354,-29.430090487003326</coordinates></Point></Placemark><Placemark><styleUrl>#point</styleUrl><Point><altitudeMode>clampToGround</altitudeMode><coordinates>28.619508482515812,-29.429819080978632</coordinates></Point></Placemark><Placemark><styleUrl>#point</styleUrl><Point><altitudeMode>clampToGround</altitudeMode><coordinates>28.619509572163224,-29.429734088480473</coordinates></Point></Placemark><Placemark><styleUrl>#point</styleUrl><Point><altitudeMode>clampToGround</altitudeMode><coordinates>28.619493395090103,-29.429401075467467</coordinates></Point></Placemark><Placemark><styleUrl>#point</styleUrl><Point><altitudeMode>clampToGround</altitudeMode><coordinates>28.619489958509803,-29.429259588941932</coordinates></Point></Placemark><Placemark><styleUrl>#point</styleUrl><Point><altitudeMode>clampToGround</altitudeMode><coordinates>28.619474284350872,-29.429189851507545</coordinates></Point></Placemark><Placemark><styleUrl>#point</styleUrl><Point><altitudeMode>clampToGround</altitudeMode><coordinates>28.619455844163895,-29.429110642522573</coordinates></Point></Placemark><Placemark><styleUrl>#point</styleUrl><Point><altitudeMode>clampToGround</altitudeMode><coordinates>28.619442852213979,-29.429024811834097</coordinates></Point></Placemark><Placemark><styleUrl>#point</styleUrl><Point><altitudeMode>clampToGround</altitudeMode><coordinates>28.619436230510473,-29.428936298936605</coordinates></Point></Placemark><Placemark><styleUrl>#point</styleUrl><Point><altitudeMode>clampToGround</altitudeMode><coordinates>28.619414018467069,-29.428767319768667</coordinates></Point></Placemark><Placemark><styleUrl>#point</styleUrl><Point><altitudeMode>clampToGround</altitudeMode><coordinates>28.61939306370914,-29.428690960630774</coordinates></Point></Placemark><Placemark><styleUrl>#point</styleUrl><Point><altitudeMode>clampToGround</altitudeMode><coordinates>28.619340090081096,-29.428554838523269</coordinates></Point></Placemark><Placemark><styleUrl>#point</styleUrl><Point><altitudeMode>clampToGround</altitudeMode><coordinates>28.619299521669745,-29.428497757762671</coordinates></Point></Placemark><Placemark><styleUrl>#point</styleUrl><Point><altitudeMode>clampToGround</altitudeMode><coordinates>28.619248811155558,-29.428444700315595</coordinates></Point></Placemark><Placemark><styleUrl>#point</styleUrl><Point><altitudeMode>clampToGround</altitudeMode><coordinates>28.619187790900469,-29.428392564877868</coordinates></Point></Placemark><Placemark><styleUrl>#point</styleUrl><Point><altitudeMode>clampToGround</altitudeMode><coordinates>28.619122244417667,-29.428336322307587</coordinates></Point></Placemark><Placemark><styleUrl>#point</styleUrl><Point><altitudeMode>clampToGround</altitudeMode><coordinates>28.619058290496469,-29.428270859643817</coordinates></Point></Placemark><Placemark><styleUrl>#point</styleUrl><Point><altitudeMode>clampToGround</altitudeMode><coordinates>28.618994168937206,-29.428195506334305</coordinates></Point></Placemark><Placemark><styleUrl>#point</styleUrl><Point><altitudeMode>clampToGround</altitudeMode><coordinates>28.618853269144893,-29.428050834685564</coordinates></Point></Placemark><Placemark><styleUrl>#point</styleUrl><Point><altitudeMode>clampToGround</altitudeMode><coordinates>28.618134772405028,-29.427516907453537</coordinates></Point></Placemark><Placemark><styleUrl>#point</styleUrl><Point><altitudeMode>clampToGround</altitudeMode><coordinates>28.617708133533597,-29.427219517529011</coordinates></Point></Placemark><Placemark><styleUrl>#point</styleUrl><Point><altitudeMode>clampToGround</altitudeMode><coordinates>28.617649963125587,-29.427155563607812</coordinates></Point></Placemark><Placemark><styleUrl>#point</styleUrl><Point><altitudeMode>clampToGround</altitudeMode><coordinates>28.61760520376265,-29.427085658535361</coordinates></Point></Placemark><Placemark><styleUrl>#point</styleUrl><Point><altitudeMode>clampToGround</altitudeMode><coordinates>28.617578465491533,-29.427009634673595</coordinates></Point></Placemark><Placemark><styleUrl>#point</styleUrl><Point><altitudeMode>clampToGround</altitudeMode><coordinates>28.617573520168662,-29.426930760964751</coordinates></Point></Placemark><Placemark><styleUrl>#point</styleUrl><Point><altitudeMode>clampToGround</altitudeMode><coordinates>28.617586176842451,-29.426851719617844</coordinates></Point></Placemark><Placemark><styleUrl>#point</styleUrl><Point><altitudeMode>clampToGround</altitudeMode><coordinates>28.617612579837441,-29.426776869222522</coordinates></Point></Placemark><Placemark><styleUrl>#point</styleUrl><Point><altitudeMode>clampToGround</altitudeMode><coordinates>28.617653986439109,-29.426708808168769</coordinates></Point></Placemark><Placemark><styleUrl>#point</styleUrl><Point><altitudeMode>clampToGround</altitudeMode><coordinates>28.617708552628756,-29.426651308313012</coordinates></Point></Placemark><Placemark><styleUrl>#point</styleUrl><Point><altitudeMode>clampToGround</altitudeMode><coordinates>28.617775607854128,-29.426607051864266</coordinates></Point></Placemark><Placemark><styleUrl>#point</styleUrl><Point><altitudeMode>clampToGround</altitudeMode><coordinates>28.617841741070151,-29.426582576707006</coordinates></Point></Placemark><Placemark><styleUrl>#point</styleUrl><Point><altitudeMode>clampToGround</altitudeMode><coordinates>28.617919273674488,-29.426569417119026</coordinates></Point></Placemark><Placemark><styleUrl>#point</styleUrl><Point><altitudeMode>clampToGround</altitudeMode><coordinates>28.617993453517556,-29.426564807072282</coordinates></Point></Placemark><Placemark><styleUrl>#point</styleUrl><Point><altitudeMode>clampToGround</altitudeMode><coordinates>28.61808062531054,-29.42656371742487</coordinates></Point></Placemark><Placemark><styleUrl>#point</styleUrl><Point><altitudeMode>clampToGround</altitudeMode><coordinates>28.618177771568298,-29.426567824557424</coordinates></Point></Placemark><Placemark><styleUrl>#point</styleUrl><Point><altitudeMode>clampToGround</altitudeMode><coordinates>28.618291849270463,-29.426577463746071</coordinates></Point></Placemark><Placemark><styleUrl>#point</styleUrl><Point><altitudeMode>clampToGround</altitudeMode><coordinates>28.618576331064105,-29.426597328856587</coordinates></Point></Placemark><Placemark><styleUrl>#point</styleUrl><Point><altitudeMode>clampToGround</altitudeMode><coordinates>28.618741370737553,-29.426588946953416</coordinates></Point></Placemark><Placemark><styleUrl>#point</styleUrl><Point><altitudeMode>clampToGround</altitudeMode><coordinates>28.618924599140882,-29.426564639434218</coordinates></Point></Placemark><Placemark><styleUrl>#point</styleUrl><Point><altitudeMode>clampToGround</altitudeMode><coordinates>28.620076356455684,-29.426343608647585</coordinates></Point></Placemark><Placemark><styleUrl>#point</styleUrl><Point><altitudeMode>clampToGround</altitudeMode><coordinates>28.620959725230932,-29.426054684445262</coordinates></Point></Placemark><Placemark><styleUrl>#point</styleUrl><Point><altitudeMode>clampToGround</altitudeMode><coordinates>28.621068941429257,-29.425981426611543</coordinates></Point></Placemark><Placemark><styleUrl>#point</styleUrl><Point><altitudeMode>clampToGround</altitudeMode><coordinates>28.621169691905379,-29.425903055816889</coordinates></Point></Placemark><Placemark><styleUrl>#point</styleUrl><Point><altitudeMode>clampToGround</altitudeMode><coordinates>28.622168647125363,-29.425069391727448</coordinates></Point></Placemark><Placemark><styleUrl>#point</styleUrl><Point><altitudeMode>clampToGround</altitudeMode><coordinates>28.62250610254705,-29.424695642665029</coordinates></Point></Placemark><Placemark><styleUrl>#point</styleUrl><Point><altitudeMode>clampToGround</altitudeMode><coordinates>28.622539211064577,-29.424627078697085</coordinates></Point></Placemark><Placemark><styleUrl>#point</styleUrl><Point><altitudeMode>clampToGround</altitudeMode><coordinates>28.622555639594793,-29.42455449141562</coordinates></Point></Placemark><Placemark><styleUrl>#point</styleUrl><Point><altitudeMode>clampToGround</altitudeMode><coordinates>28.622556813061237,-29.42447972483933</coordinates></Point></Placemark><Placemark><styleUrl>#point</styleUrl><Point><altitudeMode>clampToGround</altitudeMode><coordinates>28.62254373729229,-29.424402443692088</coordinates></Point></Placemark><Placemark><styleUrl>#point</styleUrl><Point><altitudeMode>clampToGround</altitudeMode><coordinates>28.622525045648217,-29.424325749278069</coordinates></Point></Placemark><Placemark><styleUrl>#point</styleUrl><Point><altitudeMode>clampToGround</altitudeMode><coordinates>28.622499313205481,-29.424256347119808</coordinates></Point></Placemark><Placemark><styleUrl>#point</styleUrl><Point><altitudeMode>clampToGround</altitudeMode><coordinates>28.622461259365082,-29.424192225560546</coordinates></Point></Placemark><Placemark><styleUrl>#point</styleUrl><Point><altitudeMode>clampToGround</altitudeMode><coordinates>28.622407615184784,-29.424131540581584</coordinates></Point></Placemark><Placemark><styleUrl>#point</styleUrl><Point><altitudeMode>clampToGround</altitudeMode><coordinates>28.622348019853234,-29.424086110666394</coordinates></Point></Placemark><Placemark><styleUrl>#point</styleUrl><Point><altitudeMode>clampToGround</altitudeMode><coordinates>28.62227107398212,-29.424046128988266</coordinates></Point></Placemark><Placemark><styleUrl>#point</styleUrl><Point><altitudeMode>clampToGround</altitudeMode><coordinates>28.62218314781785,-29.424012182280421</coordinates></Point></Placemark><Placemark><styleUrl>#point</styleUrl><Point><altitudeMode>clampToGround</altitudeMode><coordinates>28.622086085379124,-29.423978319391608</coordinates></Point></Placemark><Placemark><styleUrl>#point</styleUrl><Point><altitudeMode>clampToGround</altitudeMode><coordinates>28.621650561690331,-29.423843370750546</coordinates></Point></Placemark><Placemark><styleUrl>#point</styleUrl><Point><altitudeMode>clampToGround</altitudeMode><coordinates>28.621548134833574,-29.423796767368913</coordinates></Point></Placemark><Placemark><styleUrl>#point</styleUrl><Point><altitudeMode>clampToGround</altitudeMode><coordinates>28.621452832594514,-29.423743207007647</coordinates></Point></Placemark><Placemark><styleUrl>#point</styleUrl><Point><altitudeMode>clampToGround</altitudeMode><coordinates>28.621356189250946,-29.423689981922507</coordinates></Point></Placemark><Placemark><styleUrl>#point</styleUrl><Point><altitudeMode>clampToGround</altitudeMode><coordinates>28.621256612241268,-29.423645222559571</coordinates></Point></Placemark><Placemark><styleUrl>#point</styleUrl><Point><altitudeMode>clampToGround</altitudeMode><coordinates>28.621145552024245,-29.423600295558572</coordinates></Point></Placemark><Placemark><styleUrl>#point</styleUrl><Point><altitudeMode>clampToGround</altitudeMode><coordinates>28.619973175227642,-29.423173237591982</coordinates></Point></Placemark><Placemark><styleUrl>#point</styleUrl><Point><altitudeMode>clampToGround</altitudeMode><coordinates>28.618584210053086,-29.422589102759957</coordinates></Point></Placemark><Placemark><styleUrl>#point</styleUrl><Point><altitudeMode>clampToGround</altitudeMode><coordinates>28.618352115154266,-29.422436552122235</coordinates></Point></Placemark><Placemark><styleUrl>#point</styleUrl><Point><altitudeMode>clampToGround</altitudeMode><coordinates>28.618283299729228,-29.422371005639434</coordinates></Point></Placemark><Placemark><styleUrl>#point</styleUrl><Point><altitudeMode>clampToGround</altitudeMode><coordinates>28.618223704397678,-29.422299591824412</coordinates></Point></Placemark><Placemark><styleUrl>#point</styleUrl><Point><altitudeMode>clampToGround</altitudeMode><coordinates>28.618168802931905,-29.422218035906553</coordinates></Point></Placemark><Placemark><styleUrl>#point</styleUrl><Point><altitudeMode>clampToGround</altitudeMode><coordinates>28.618122870102525,-29.422128098085523</coordinates></Point></Placemark><Placemark><styleUrl>#point</styleUrl><Point><altitudeMode>clampToGround</altitudeMode><coordinates>28.61808355897665,-29.422032712027431</coordinates></Point></Placemark><Placemark><styleUrl>#point</styleUrl><Point><altitudeMode>clampToGround</altitudeMode><coordinates>28.618051875382662,-29.421939086169004</coordinates></Point></Placemark><Placemark><styleUrl>#point</styleUrl><Point><altitudeMode>clampToGround</altitudeMode><coordinates>28.617688184604049,-29.421148169785738</coordinates></Point></Placemark><Placemark><styleUrl>#point</styleUrl><Point><altitudeMode>clampToGround</altitudeMode><coordinates>28.617558516561985,-29.421019842848182</coordinates></Point></Placemark><Placemark><styleUrl>#point</styleUrl><Point><altitudeMode>clampToGround</altitudeMode><coordinates>28.61749866977334,-29.420997127890587</coordinates></Point></Placemark><Placemark><styleUrl>#point</styleUrl><Point><altitudeMode>clampToGround</altitudeMode><coordinates>28.617201782763004,-29.420932419598103</coordinates></Point></Placemark><Placemark><styleUrl>#point</styleUrl><Point><altitudeMode>clampToGround</altitudeMode><coordinates>28.617092482745647,-29.420930240303278</coordinates></Point></Placemark><Placemark><styleUrl>#point</styleUrl><Point><altitudeMode>clampToGround</altitudeMode><coordinates>28.616985194385052,-29.420944908633828</coordinates></Point></Placemark><Placemark><styleUrl>#point</styleUrl><Point><altitudeMode>clampToGround</altitudeMode><coordinates>28.616880923509598,-29.420973910018802</coordinates></Point></Placemark><Placemark><styleUrl>#point</styleUrl><Point><altitudeMode>clampToGround</altitudeMode><coordinates>28.616778748109937,-29.421011712402105</coordinates></Point></Placemark><Placemark><styleUrl>#point</styleUrl><Point><altitudeMode>clampToGround</altitudeMode><coordinates>28.616686714813113,-29.421047000214458</coordinates></Point></Placemark><Placemark><styleUrl>#point</styleUrl><Point><altitudeMode>clampToGround</altitudeMode><coordinates>28.61591063439846,-29.421251099556684</coordinates></Point></Placemark><Placemark><styleUrl>#point</styleUrl><Point><altitudeMode>clampToGround</altitudeMode><coordinates>28.615685664117336,-29.421259313821793</coordinates></Point></Placemark><Placemark><styleUrl>#point</styleUrl><Point><altitudeMode>clampToGround</altitudeMode><coordinates>28.615573430433869,-29.421252189204097</coordinates></Point></Placemark><Placemark><styleUrl>#point</styleUrl><Point><altitudeMode>clampToGround</altitudeMode><coordinates>28.615460442379117,-29.421237017959356</coordinates></Point></Placemark><Placemark><styleUrl>#point</styleUrl><Point><altitudeMode>clampToGround</altitudeMode><coordinates>28.615343095734715,-29.421210614964366</coordinates></Point></Placemark><Placemark><styleUrl>#point</styleUrl><Point><altitudeMode>clampToGround</altitudeMode><coordinates>28.615233125165105,-29.421179182827473</coordinates></Point></Placemark><Placemark><styleUrl>#point</styleUrl><Point><altitudeMode>clampToGround</altitudeMode><coordinates>28.615035898983479,-29.421114390715957</coordinates></Point></Placemark><Placemark><styleUrl>#point</styleUrl><Point><altitudeMode>clampToGround</altitudeMode><coordinates>28.614948643371463,-29.421069882810116</coordinates></Point></Placemark><Placemark><styleUrl>#point</styleUrl><Point><altitudeMode>clampToGround</altitudeMode><coordinates>28.614867422729731,-29.421011796221137</coordinates></Point></Placemark><Placemark><styleUrl>#point</styleUrl><Point><altitudeMode>clampToGround</altitudeMode><coordinates>28.614791398867965,-29.420940550044179</coordinates></Point></Placemark><Placemark><styleUrl>#point</styleUrl><Point><altitudeMode>clampToGround</altitudeMode><coordinates>28.614723505452275,-29.420862514525652</coordinates></Point></Placemark><Placemark><styleUrl>#point</styleUrl><Point><altitudeMode>clampToGround</altitudeMode><coordinates>28.614666508510709,-29.420784143730998</coordinates></Point></Placemark><Placemark><styleUrl>#point</styleUrl><Point><altitudeMode>clampToGround</altitudeMode><coordinates>28.614621749147773,-29.420700911432505</coordinates></Point></Placemark><Placemark><styleUrl>#point</styleUrl><Point><altitudeMode>clampToGround</altitudeMode><coordinates>28.614591239020228,-29.420616086572409</coordinates></Point></Placemark><Placemark><styleUrl>#point</styleUrl><Point><altitudeMode>clampToGround</altitudeMode><coordinates>28.614569446071982,-29.420520113781095</coordinates></Point></Placemark><Placemark><styleUrl>#point</styleUrl><Point><altitudeMode>clampToGround</altitudeMode><coordinates>28.614489063620567,-29.419994065538049</coordinates></Point></Placemark><Placemark><styleUrl>#point</styleUrl><Point><altitudeMode>clampToGround</altitudeMode><coordinates>28.614457380026579,-29.419907564297318</coordinates></Point></Placemark><Placemark><styleUrl>#point</styleUrl><Point><altitudeMode>clampToGround</altitudeMode><coordinates>28.61428203061223,-29.419563151896</coordinates></Point></Placemark><Placemark><styleUrl>#point</styleUrl><Point><altitudeMode>clampToGround</altitudeMode><coordinates>28.61425805836916,-29.419489726424217</coordinates></Point></Placemark><Placemark><styleUrl>#point</styleUrl><Point><altitudeMode>clampToGround</altitudeMode><coordinates>28.614195613190532,-29.41931932233274</coordinates></Point></Placemark><Placemark><styleUrl>#point</styleUrl><Point><altitudeMode>clampToGround</altitudeMode><coordinates>28.614145573228598,-29.419231563806534</coordinates></Point></Placemark><Placemark><styleUrl>#point</styleUrl><Point><altitudeMode>clampToGround</altitudeMode><coordinates>28.614090671762824,-29.419154953211546</coordinates></Point></Placemark><Placemark><styleUrl>#point</styleUrl><Point><altitudeMode>clampToGround</altitudeMode><coordinates>28.614035183563828,-29.419090999290347</coordinates></Point></Placemark><Placemark><styleUrl>#point</styleUrl><Point><altitudeMode>clampToGround</altitudeMode><coordinates>28.613983131945133,-29.419037019833922</coordinates></Point></Placemark><Placemark><styleUrl>#point</styleUrl><Point><altitudeMode>clampToGround</altitudeMode><coordinates>28.613774925470352,-29.418780282139778</coordinates></Point></Placemark><Placemark><styleUrl>#point</styleUrl><Point><altitudeMode>clampToGround</altitudeMode><coordinates>28.613754976540804,-29.41873786970973</coordinates></Point></Placemark><Placemark><styleUrl>#point</styleUrl><Point><altitudeMode>clampToGround</altitudeMode><coordinates>28.613716755062342,-29.418641561642289</coordinates></Point></Placemark><Placemark><styleUrl>#point</styleUrl><Point><altitudeMode>clampToGround</altitudeMode><coordinates>28.613686244934797,-29.418590264394879</coordinates></Point></Placemark><Placemark><styleUrl>#point</styleUrl><Point><altitudeMode>clampToGround</altitudeMode><coordinates>28.613655902445316,-29.418535279110074</coordinates></Point></Placemark><Placemark><styleUrl>#point</styleUrl><Point><altitudeMode>clampToGround</altitudeMode><coordinates>28.613635702058673,-29.418479790911078</coordinates></Point></Placemark><Placemark><styleUrl>#point</styleUrl><Point><altitudeMode>clampToGround</altitudeMode><coordinates>28.61362530849874,-29.418422961607575</coordinates></Point></Placemark><Placemark><styleUrl>#point</styleUrl><Point><altitudeMode>clampToGround</altitudeMode><coordinates>28.613626565784216,-29.418359426781535</coordinates></Point></Placemark><Placemark><styleUrl>#point</styleUrl><Point><altitudeMode>clampToGround</altitudeMode><coordinates>28.613646263256669,-29.418290192261338</coordinates></Point></Placemark><Placemark><styleUrl>#point</styleUrl><Point><altitudeMode>clampToGround</altitudeMode><coordinates>28.613681048154831,-29.418207881972194</coordinates></Point></Placemark><Placemark><styleUrl>#point</styleUrl><Point><altitudeMode>clampToGround</altitudeMode><coordinates>28.613945581018925,-29.417557027190924</coordinates></Point></Placemark><Placemark><styleUrl>#point</styleUrl><Point><altitudeMode>clampToGround</altitudeMode><coordinates>28.613988412544131,-29.416995942592621</coordinates></Point></Placemark><Placemark><styleUrl>#point</styleUrl><Point><altitudeMode>clampToGround</altitudeMode><coordinates>28.613960584625602,-29.416898544877768</coordinates></Point></Placemark><Placemark><styleUrl>#point</styleUrl><Point><altitudeMode>clampToGround</altitudeMode><coordinates>28.61391699872911,-29.416802823543549</coordinates></Point></Placemark><Placemark><styleUrl>#point</styleUrl><Point><altitudeMode>clampToGround</altitudeMode><coordinates>28.61386377364397,-29.416714478284121</coordinates></Point></Placemark><Placemark><styleUrl>#point</styleUrl><Point><altitudeMode>clampToGround</altitudeMode><coordinates>28.613812476396561,-29.416634347289801</coordinates></Point></Placemark><Placemark><styleUrl>#point</styleUrl><Point><altitudeMode>clampToGround</altitudeMode><coordinates>28.613762771710753,-29.416564106941223</coordinates></Point></Placemark><Placemark><styleUrl>#point</styleUrl><Point><altitudeMode>clampToGround</altitudeMode><coordinates>28.613702422007918,-29.416506439447403</coordinates></Point></Placemark><Placemark><styleUrl>#point</styleUrl><Point><altitudeMode>clampToGround</altitudeMode><coordinates>28.613640228286386,-29.416464110836387</coordinates></Point></Placemark><Placemark><styleUrl>#point</styleUrl><Point><altitudeMode>clampToGround</altitudeMode><coordinates>28.613474601879716,-29.416369143873453</coordinates></Point></Placemark><Placemark><styleUrl>#point</styleUrl><Point><altitudeMode>clampToGround</altitudeMode><coordinates>28.613374438136816,-29.416328072547913</coordinates></Point></Placemark><Placemark><styleUrl>#point</styleUrl><Point><altitudeMode>clampToGround</altitudeMode><coordinates>28.613276705145836,-29.416296975687146</coordinates></Point></Placemark><Placemark><styleUrl>#point</styleUrl><Point><altitudeMode>clampToGround</altitudeMode><coordinates>28.613182324916124,-29.416276942938566</coordinates></Point></Placemark><Placemark><styleUrl>#point</styleUrl><Point><altitudeMode>clampToGround</altitudeMode><coordinates>28.613089788705111,-29.41626294516027</coordinates></Point></Placemark><Placemark><styleUrl>#point</styleUrl><Point><altitudeMode>clampToGround</altitudeMode><coordinates>28.612913601100445,-29.41622044891119</coordinates></Point></Placemark><Placemark><styleUrl>#point</styleUrl><Point><altitudeMode>clampToGround</altitudeMode><coordinates>28.612821064889431,-29.416175354272127</coordinates></Point></Placemark><Placemark><styleUrl>#point</styleUrl><Point><altitudeMode>clampToGround</altitudeMode><coordinates>28.612488135695457,-29.415976703166962</coordinates></Point></Placemark><Placemark><styleUrl>#point</styleUrl><Point><altitudeMode>clampToGround</altitudeMode><coordinates>28.612423846498132,-29.415918616577983</coordinates></Point></Placemark><Placemark><styleUrl>#point</styleUrl><Point><altitudeMode>clampToGround</altitudeMode><coordinates>28.612360311672091,-29.415850890800357</coordinates></Point></Placemark><Placemark><styleUrl>#point</styleUrl><Point><altitudeMode>clampToGround</altitudeMode><coordinates>28.611828731372952,-29.415189558640122</coordinates></Point></Placemark><Placemark><styleUrl>#point</styleUrl><Point><altitudeMode>clampToGround</altitudeMode><coordinates>28.611471243202686,-29.414561167359352</coordinates></Point></Placemark><Placemark><styleUrl>#point</styleUrl><Point><altitudeMode>clampToGround</altitudeMode><coordinates>28.611449198797345,-29.414458321407437</coordinates></Point></Placemark><Placemark><styleUrl>#point</styleUrl><Point><altitudeMode>clampToGround</altitudeMode><coordinates>28.611445259302855,-29.414357906207442</coordinates></Point></Placemark><Placemark><styleUrl>#point</styleUrl><Point><altitudeMode>clampToGround</altitudeMode><coordinates>28.611454647034407,-29.414263945072889</coordinates></Point></Placemark><Placemark><styleUrl>#point</styleUrl><Point><altitudeMode>clampToGround</altitudeMode><coordinates>28.611470321193337,-29.414176186546683</coordinates></Point></Placemark><Placemark><styleUrl>#point</styleUrl><Point><altitudeMode>clampToGround</altitudeMode><coordinates>28.611478535458446,-29.414093038067222</coordinates></Point></Placemark><Placemark><styleUrl>#point</styleUrl><Point><altitudeMode>clampToGround</altitudeMode><coordinates>28.611474176868796,-29.41401282325387</coordinates></Point></Placemark><Placemark><styleUrl>#point</styleUrl><Point><altitudeMode>clampToGround</altitudeMode><coordinates>28.611453389748931,-29.413934284821153</coordinates></Point></Placemark><Placemark><styleUrl>#point</styleUrl><Point><altitudeMode>clampToGround</altitudeMode><coordinates>28.611415335908532,-29.413858009502292</coordinates></Point></Placemark><Placemark><styleUrl>#point</styleUrl><Point><altitudeMode>clampToGround</altitudeMode><coordinates>28.611361440271139,-29.413784332573414</coordinates></Point></Placemark><Placemark><styleUrl>#point</styleUrl><Point><altitudeMode>clampToGround</altitudeMode><coordinates>28.611286170780659,-29.413717361167073</coordinates></Point></Placemark><Placemark><styleUrl>#point</styleUrl><Point><altitudeMode>clampToGround</altitudeMode><coordinates>28.611188856884837,-29.413657849654555</coordinates></Point></Placemark><Placemark><styleUrl>#point</styleUrl><Point><altitudeMode>clampToGround</altitudeMode><coordinates>28.61107268370688,-29.413608396425843</coordinates></Point></Placemark><Placemark><styleUrl>#point</styleUrl><Point><altitudeMode>clampToGround</altitudeMode><coordinates>28.610935639590025,-29.413569839671254</coordinates></Point></Placemark><Placemark><styleUrl>#point</styleUrl><Point><altitudeMode>clampToGround</altitudeMode><coordinates>28.610778814181685,-29.413541844114661</coordinates></Point></Placemark><Placemark><styleUrl>#point</styleUrl><Point><altitudeMode>clampToGround</altitudeMode><coordinates>28.610615869984031,-29.413522565737367</coordinates></Point></Placemark><Placemark><styleUrl>#point</styleUrl><Point><altitudeMode>clampToGround</altitudeMode><coordinates>28.610319904983044,-29.41352030262351</coordinates></Point></Placemark><Placemark><styleUrl>#point</styleUrl><Point><altitudeMode>clampToGround</altitudeMode><coordinates>28.610187051817775,-29.413544861599803</coordinates></Point></Placemark><Placemark><styleUrl>#point</styleUrl><Point><altitudeMode>clampToGround</altitudeMode><coordinates>28.610064759850502,-29.413585681468248</coordinates></Point></Placemark><Placemark><styleUrl>#point</styleUrl><Point><altitudeMode>clampToGround</altitudeMode><coordinates>28.609953615814447,-29.413640834391117</coordinates></Point></Placemark><Placemark><styleUrl>#point</styleUrl><Point><altitudeMode>clampToGround</altitudeMode><coordinates>28.609853535890579,-29.413708224892616</coordinates></Point></Placemark><Placemark><styleUrl>#point</styleUrl><Point><altitudeMode>clampToGround</altitudeMode><coordinates>28.609759993851185,-29.413780476897955</coordinates></Point></Placemark><Placemark><styleUrl>#point</styleUrl><Point><altitudeMode>clampToGround</altitudeMode><coordinates>28.608847707509995,-29.414147436618805</coordinates></Point></Placemark><Placemark><styleUrl>#point</styleUrl><Point><altitudeMode>clampToGround</altitudeMode><coordinates>28.607403924688697,-29.414292024448514</coordinates></Point></Placemark><Placemark><styleUrl>#point</styleUrl><Point><altitudeMode>clampToGround</altitudeMode><coordinates>28.606551317498088,-29.414294622838497</coordinates></Point></Placemark><Placemark><styleUrl>#point</styleUrl><Point><altitudeMode>clampToGround</altitudeMode><coordinates>28.606456350535154,-29.414273500442505</coordinates></Point></Placemark><Placemark><styleUrl>#point</styleUrl><Point><altitudeMode>clampToGround</altitudeMode><coordinates>28.606370016932487,-29.414243241772056</coordinates></Point></Placemark><Placemark><styleUrl>#point</styleUrl><Point><altitudeMode>clampToGround</altitudeMode><coordinates>28.606220483779907,-29.414168894290924</coordinates></Point></Placemark><Placemark><styleUrl>#point</styleUrl><Point><altitudeMode>clampToGround</altitudeMode><coordinates>28.60615560784936,-29.414125727489591</coordinates></Point></Placemark><Placemark><styleUrl>#point</styleUrl><Point><altitudeMode>clampToGround</altitudeMode><coordinates>28.606096431612968,-29.414074765518308</coordinates></Point></Placemark><Placemark><styleUrl>#point</styleUrl><Point><altitudeMode>clampToGround</altitudeMode><coordinates>28.606045302003622,-29.414017936214805</coordinates></Point></Placemark><Placemark><styleUrl>#point</styleUrl><Point><altitudeMode>clampToGround</altitudeMode><coordinates>28.606005907058716,-29.413953563198447</coordinates></Point></Placemark><Placemark><styleUrl>#point</styleUrl><Point><altitudeMode>clampToGround</altitudeMode><coordinates>28.605975732207298,-29.413883741945028</coordinates></Point></Placemark><Placemark><styleUrl>#point</styleUrl><Point><altitudeMode>clampToGround</altitudeMode><coordinates>28.605951257050037,-29.413811909034848</coordinates></Point></Placemark><Placemark><styleUrl>#point</styleUrl><Point><altitudeMode>clampToGround</altitudeMode><coordinates>28.605930050835013,-29.413735046982765</coordinates></Point></Placemark><Placemark><styleUrl>#point</styleUrl><Point><altitudeMode>clampToGround</altitudeMode><coordinates>28.60566845163703,-29.412873638793826</coordinates></Point></Placemark><Placemark><styleUrl>#point</styleUrl><Point><altitudeMode>clampToGround</altitudeMode><coordinates>28.605535347014666,-29.412518916651607</coordinates></Point></Placemark><Placemark><styleUrl>#point</styleUrl><Point><altitudeMode>clampToGround</altitudeMode><coordinates>28.605522271245718,-29.412425542250276</coordinates></Point></Placemark><Placemark><styleUrl>#point</styleUrl><Point><altitudeMode>clampToGround</altitudeMode><coordinates>28.605526713654399,-29.412325965240598</coordinates></Point></Placemark><Placemark><styleUrl>#point</styleUrl><Point><altitudeMode>clampToGround</altitudeMode><coordinates>28.605545992031693,-29.412220185622573</coordinates></Point></Placemark><Placemark><styleUrl>#point</styleUrl><Point><altitudeMode>clampToGround</altitudeMode><coordinates>28.605577843263745,-29.412107029929757</coordinates></Point></Placemark><Placemark><styleUrl>#point</styleUrl><Point><altitudeMode>clampToGround</altitudeMode><coordinates>28.605616232380271,-29.411978283897042</coordinates></Point></Placemark><Placemark><styleUrl>#point</styleUrl><Point><altitudeMode>clampToGround</altitudeMode><coordinates>28.605773225426674,-29.4108597189188</coordinates></Point></Placemark><Placemark><styleUrl>#point</styleUrl><Point><altitudeMode>clampToGround</altitudeMode><coordinates>28.605724358931184,-29.410630641505122</coordinates></Point></Placemark><Placemark><styleUrl>#point</styleUrl><Point><altitudeMode>clampToGround</altitudeMode><coordinates>28.60521012917161,-29.409492630511522</coordinates></Point></Placemark><Placemark><styleUrl>#point</styleUrl><Point><altitudeMode>clampToGround</altitudeMode><coordinates>28.604661449790001,-29.408320337533951</coordinates></Point></Placemark><Placemark><styleUrl>#point</styleUrl><Point><altitudeMode>clampToGround</altitudeMode><coordinates>28.604296669363976,-29.4074940495193</coordinates></Point></Placemark><Placemark><styleUrl>#point</styleUrl><Point><altitudeMode>clampToGround</altitudeMode><coordinates>28.603767519816756,-29.406743701547384</coordinates></Point></Placemark><Placemark><styleUrl>#point</styleUrl><Point><altitudeMode>clampToGround</altitudeMode><coordinates>28.603610945865512,-29.406634904444218</coordinates></Point></Placemark><Placemark><styleUrl>#point</styleUrl><Point><altitudeMode>clampToGround</altitudeMode><coordinates>28.603526623919606,-29.406593414023519</coordinates></Point></Placemark><Placemark><styleUrl>#point</styleUrl><Point><altitudeMode>clampToGround</altitudeMode><coordinates>28.603437356650829,-29.406558377668262</coordinates></Point></Placemark><Placemark><styleUrl>#point</styleUrl><Point><altitudeMode>clampToGround</altitudeMode><coordinates>28.603343730792403,-29.406528873369098</coordinates></Point></Placemark><Placemark><styleUrl>#point</styleUrl><Point><altitudeMode>clampToGround</altitudeMode><coordinates>28.603253625333309,-29.4065045658499</coordinates></Point></Placemark><Placemark><styleUrl>#point</styleUrl><Point><altitudeMode>clampToGround</altitudeMode><coordinates>28.603157820180058,-29.406487550586462</coordinates></Point></Placemark><Placemark><styleUrl>#point</styleUrl><Point><altitudeMode>clampToGround</altitudeMode><coordinates>28.603055980056524,-29.406477911397815</coordinates></Point></Placemark><Placemark><styleUrl>#point</styleUrl><Point><altitudeMode>clampToGround</altitudeMode><coordinates>28.602950870990753,-29.406475480645895</coordinates></Point></Placemark><Placemark><styleUrl>#point</styleUrl><Point><altitudeMode>clampToGround</altitudeMode><coordinates>28.602853892371058,-29.406480006873608</coordinates></Point></Placemark><Placemark><styleUrl>#point</styleUrl><Point><altitudeMode>clampToGround</altitudeMode><coordinates>28.602749202400446,-29.406493082642555</coordinates></Point></Placemark><Placemark><styleUrl>#point</styleUrl><Point><altitudeMode>clampToGround</altitudeMode><coordinates>28.602644931524992,-29.40651479177177</coordinates></Point></Placemark><Placemark><styleUrl>#point</styleUrl><Point><altitudeMode>clampToGround</altitudeMode><coordinates>28.602544348686934,-29.406546726822853</coordinates></Point></Placemark><Placemark><styleUrl>#point</styleUrl><Point><altitudeMode>clampToGround</altitudeMode><coordinates>28.602448208257556,-29.406585115939379</coordinates></Point></Placemark><Placemark><styleUrl>#point</styleUrl><Point><altitudeMode>clampToGround</altitudeMode><coordinates>28.602355755865574,-29.40662669017911</coordinates></Point></Placemark><Placemark><styleUrl>#point</styleUrl><Point><altitudeMode>clampToGround</altitudeMode><coordinates>28.602186860516667,-29.406719896942377</coordinates></Point></Placemark><Placemark><styleUrl>#point</styleUrl><Point><altitudeMode>clampToGround</altitudeMode><coordinates>28.602111339569092,-29.406775552779436</coordinates></Point></Placemark><Placemark><styleUrl>#point</styleUrl><Point><altitudeMode>clampToGround</altitudeMode><coordinates>28.602040093392134,-29.406837746500969</coordinates></Point></Placemark><Placemark><styleUrl>#point</styleUrl><Point><altitudeMode>clampToGround</altitudeMode><coordinates>28.601973205804825,-29.406903879716992</coordinates></Point></Placemark><Placemark><styleUrl>#point</styleUrl><Point><altitudeMode>clampToGround</altitudeMode><coordinates>28.601909754797816,-29.406974539160728</coordinates></Point></Placemark><Placemark><styleUrl>#point</styleUrl><Point><altitudeMode>clampToGround</altitudeMode><coordinates>28.601352609694004,-29.407650036737323</coordinates></Point></Placemark><Placemark><styleUrl>#point</styleUrl><Point><altitudeMode>clampToGround</altitudeMode><coordinates>28.600859837606549,-29.408197123557329</coordinates></Point></Placemark><Placemark><styleUrl>#point</styleUrl><Point><altitudeMode>clampToGround</altitudeMode><coordinates>28.600107058882713,-29.408642621710896</coordinates></Point></Placemark><Placemark><styleUrl>#point</styleUrl><Point><altitudeMode>clampToGround</altitudeMode><coordinates>28.600001614540815,-29.408675562590361</coordinates></Point></Placemark><Placemark><styleUrl>#point</styleUrl><Point><altitudeMode>clampToGround</altitudeMode><coordinates>28.599582267925143,-29.408764159306884</coordinates></Point></Placemark><Placemark><styleUrl>#point</styleUrl><Point><altitudeMode>clampToGround</altitudeMode><coordinates>28.599477326497436,-29.408768769353628</coordinates></Point></Placemark><Placemark><styleUrl>#point</styleUrl><Point><altitudeMode>clampToGround</altitudeMode><coordinates>28.599373809993267,-29.408763740211725</coordinates></Point></Placemark><Placemark><styleUrl>#point</styleUrl><Point><altitudeMode>clampToGround</altitudeMode><coordinates>28.598511395975947,-29.408677322790027</coordinates></Point></Placemark><Placemark><styleUrl>#point</styleUrl><Point><altitudeMode>clampToGround</altitudeMode><coordinates>28.597781918942928,-29.408530304208398</coordinates></Point></Placemark><Placemark><styleUrl>#point</styleUrl><Point><altitudeMode>clampToGround</altitudeMode><coordinates>28.597687622532248,-29.408482108265162</coordinates></Point></Placemark><Placemark><styleUrl>#point</styleUrl><Point><altitudeMode>clampToGround</altitudeMode><coordinates>28.597597517073154,-29.408423854038119</coordinates></Point></Placemark><Placemark><styleUrl>#point</styleUrl><Point><altitudeMode>clampToGround</altitudeMode><coordinates>28.597513111308217,-29.408357972279191</coordinates></Point></Placemark><Placemark><styleUrl>#point</styleUrl><Point><altitudeMode>clampToGround</altitudeMode><coordinates>28.597435913980007,-29.408285301178694</coordinates></Point></Placemark><Placemark><styleUrl>#point</styleUrl><Point><altitudeMode>clampToGround</altitudeMode><coordinates>28.597368104383349,-29.408206511288881</coordinates></Point></Placemark><Placemark><styleUrl>#point</styleUrl><Point><altitudeMode>clampToGround</altitudeMode><coordinates>28.597310772165656,-29.408123698085546</coordinates></Point></Placemark><Placemark><styleUrl>#point</styleUrl><Point><altitudeMode>clampToGround</altitudeMode><coordinates>28.597266348078847,-29.408034011721611</coordinates></Point></Placemark><Placemark><styleUrl>#point</styleUrl><Point><altitudeMode>clampToGround</altitudeMode><coordinates>28.597231144085526,-29.407938122749329</coordinates></Point></Placemark><Placemark><styleUrl>#point</styleUrl><Point><altitudeMode>clampToGround</altitudeMode><coordinates>28.597200717777014,-29.407837875187397</coordinates></Point></Placemark><Placemark><styleUrl>#point</styleUrl><Point><altitudeMode>clampToGround</altitudeMode><coordinates>28.597179846838117,-29.407733017578721</coordinates></Point></Placemark><Placemark><styleUrl>#point</styleUrl><Point><altitudeMode>clampToGround</altitudeMode><coordinates>28.597171632573009,-29.407623382285237</coordinates></Point></Placemark><Placemark><styleUrl>#point</styleUrl><Point><altitudeMode>clampToGround</altitudeMode><coordinates>28.597177164629102,-29.407509220764041</coordinates></Point></Placemark><Placemark><styleUrl>#point</styleUrl><Point><altitudeMode>clampToGround</altitudeMode><coordinates>28.597191497683525,-29.407391622662544</coordinates></Point></Placemark><Placemark><styleUrl>#point</styleUrl><Point><altitudeMode>clampToGround</altitudeMode><coordinates>28.59721664339304,-29.40726681612432</coordinates></Point></Placemark><Placemark><styleUrl>#point</styleUrl><Point><altitudeMode>clampToGround</altitudeMode><coordinates>28.597408421337605,-29.406548906117678</coordinates></Point></Placemark><Placemark><styleUrl>#point</styleUrl><Point><altitudeMode>clampToGround</altitudeMode><coordinates>28.597521660849452,-29.405661765486002</coordinates></Point></Placemark><Placemark><styleUrl>#point</styleUrl><Point><altitudeMode>clampToGround</altitudeMode><coordinates>28.597558373585343,-29.404945783317089</coordinates></Point></Placemark><Placemark><styleUrl>#point</styleUrl><Point><altitudeMode>clampToGround</altitudeMode><coordinates>28.597537586465478,-29.40486372448504</coordinates></Point></Placemark><Placemark><styleUrl>#point</styleUrl><Point><altitudeMode>clampToGround</altitudeMode><coordinates>28.597394255921245,-29.40454370342195</coordinates></Point></Placemark><Placemark><styleUrl>#point</styleUrl><Point><altitudeMode>clampToGround</altitudeMode><coordinates>28.597356285899878,-29.404497938230634</coordinates></Point></Placemark><Placemark><styleUrl>#point</styleUrl><Point><altitudeMode>clampToGround</altitudeMode><coordinates>28.597313035279512,-29.404457453638315</coordinates></Point></Placemark><Placemark><styleUrl>#point</styleUrl><Point><altitudeMode>clampToGround</altitudeMode><coordinates>28.596737533807755,-29.403988821431994</coordinates></Point></Placemark><Placemark><styleUrl>#point</styleUrl><Point><altitudeMode>clampToGround</altitudeMode><coordinates>28.596673998981714,-29.403933249413967</coordinates></Point></Placemark><Placemark><styleUrl>#point</styleUrl><Point><altitudeMode>clampToGround</altitudeMode><coordinates>28.596609877422452,-29.403863092884421</coordinates></Point></Placemark><Placemark><styleUrl>#point</styleUrl><Point><altitudeMode>clampToGround</altitudeMode><coordinates>28.596551455557346,-29.403778938576579</coordinates></Point></Placemark><Placemark><styleUrl>#point</styleUrl><Point><altitudeMode>clampToGround</altitudeMode><coordinates>28.596450369805098,-29.403584562242031</coordinates></Point></Placemark><Placemark><styleUrl>#point</styleUrl><Point><altitudeMode>clampToGround</altitudeMode><coordinates>28.596418770030141,-29.403477860614657</coordinates></Point></Placemark><Placemark><styleUrl>#point</styleUrl><Point><altitudeMode>clampToGround</altitudeMode><coordinates>28.596401838585734,-29.403373170644045</coordinates></Point></Placemark><Placemark><styleUrl>#point</styleUrl><Point><altitudeMode>clampToGround</altitudeMode><coordinates>28.596395133063197,-29.403266804292798</coordinates></Point></Placemark><Placemark><styleUrl>#point</styleUrl><Point><altitudeMode>clampToGround</altitudeMode><coordinates>28.596395552158356,-29.403160437941551</coordinates></Point></Placemark><Placemark><styleUrl>#point</styleUrl><Point><altitudeMode>clampToGround</altitudeMode><coordinates>28.596416926011443,-29.402454597875476</coordinates></Point></Placemark><Placemark><styleUrl>#point</styleUrl><Point><altitudeMode>clampToGround</altitudeMode><coordinates>28.59639479778707,-29.402379579842091</coordinates></Point></Placemark><Placemark><styleUrl>#point</styleUrl><Point><altitudeMode>clampToGround</altitudeMode><coordinates>28.596367975696921,-29.402311854064465</coordinates></Point></Placemark><Placemark><styleUrl>#point</styleUrl><Point><altitudeMode>clampToGround</altitudeMode><coordinates>28.596265465021133,-29.401975404471159</coordinates></Point></Placemark><Placemark><styleUrl>#point</styleUrl><Point><altitudeMode>clampToGround</altitudeMode><coordinates>28.596272422000766,-29.401902733370662</coordinates></Point></Placemark><Placemark><styleUrl>#point</styleUrl><Point><altitudeMode>clampToGround</altitudeMode><coordinates>28.596330089494586,-29.40167591907084</coordinates></Point></Placemark><Placemark><styleUrl>#point</styleUrl><Point><altitudeMode>clampToGround</altitudeMode><coordinates>28.596375267952681,-29.401595368981361</coordinates></Point></Placemark><Placemark><styleUrl>#point</styleUrl><Point><altitudeMode>clampToGround</altitudeMode><coordinates>28.596442993730307,-29.401517165824771</coordinates></Point></Placemark><Placemark><styleUrl>#point</styleUrl><Point><altitudeMode>clampToGround</altitudeMode><coordinates>28.596531003713608,-29.401446422562003</coordinates></Point></Placemark><Placemark><styleUrl>#point</styleUrl><Point><altitudeMode>clampToGround</altitudeMode><coordinates>28.596633011475205,-29.401388084515929</coordinates></Point></Placemark><Placemark><styleUrl>#point</styleUrl><Point><altitudeMode>clampToGround</altitudeMode><coordinates>28.596741976216435,-29.4013343565166</coordinates></Point></Placemark><Placemark><styleUrl>#point</styleUrl><Point><altitudeMode>clampToGround</altitudeMode><coordinates>28.596843397244811,-29.401277527213097</coordinates></Point></Placemark><Placemark><styleUrl>#point</styleUrl><Point><altitudeMode>clampToGround</altitudeMode><coordinates>28.596921768039465,-29.401214830577374</coordinates></Point></Placemark><Placemark><styleUrl>#point</styleUrl><Point><altitudeMode>clampToGround</altitudeMode><coordinates>28.596985805779696,-29.401143584400415</coordinates></Point></Placemark><Placemark><styleUrl>#point</styleUrl><Point><altitudeMode>clampToGround</altitudeMode><coordinates>28.597035426646471,-29.401059178635478</coordinates></Point></Placemark><Placemark><styleUrl>#point</styleUrl><Point><altitudeMode>clampToGround</altitudeMode><coordinates>28.597069960087538,-29.400965971872211</coordinates></Point></Placemark><Placemark><styleUrl>#point</styleUrl><Point><altitudeMode>clampToGround</altitudeMode><coordinates>28.597092255949974,-29.400871004909277</coordinates></Point></Placemark><Placemark><styleUrl>#point</styleUrl><Point><altitudeMode>clampToGround</altitudeMode><coordinates>28.597106840461493,-29.400774529203773</coordinates></Point></Placemark><Placemark><styleUrl>#point</styleUrl><Point><altitudeMode>clampToGround</altitudeMode><coordinates>28.597145481035113,-29.40049247816205</coordinates></Point></Placemark><Placemark><styleUrl>#point</styleUrl><Point><altitudeMode>clampToGround</altitudeMode><coordinates>28.597192587330937,-29.400321068242192</coordinates></Point></Placemark><Placemark><styleUrl>#point</styleUrl><Point><altitudeMode>clampToGround</altitudeMode><coordinates>28.597214296460152,-29.400238338857889</coordinates></Point></Placemark><Placemark><styleUrl>#point</styleUrl><Point><altitudeMode>clampToGround</altitudeMode><coordinates>28.597255619242787,-29.400159800425172</coordinates></Point></Placemark><Placemark><styleUrl>#point</styleUrl><Point><altitudeMode>clampToGround</altitudeMode><coordinates>28.597315633669496,-29.400091487914324</coordinates></Point></Placemark><Placemark><styleUrl>#point</styleUrl><Point><altitudeMode>clampToGround</altitudeMode><coordinates>28.597398865967989,-29.400025689974427</coordinates></Point></Placemark><Placemark><styleUrl>#point</styleUrl><Point><altitudeMode>clampToGround</altitudeMode><coordinates>28.597505064681172,-29.3999666813761</coordinates></Point></Placemark><Placemark><styleUrl>#point</styleUrl><Point><altitudeMode>clampToGround</altitudeMode><coordinates>28.597625764086843,-29.399919072166085</coordinates></Point></Placemark><Placemark><styleUrl>#point</styleUrl><Point><altitudeMode>clampToGround</altitudeMode><coordinates>28.597747720777988,-29.399876995012164</coordinates></Point></Placemark><Placemark><styleUrl>#point</styleUrl><Point><altitudeMode>clampToGround</altitudeMode><coordinates>28.598244851455092,-29.399672728031874</coordinates></Point></Placemark><Placemark><styleUrl>#point</styleUrl><Point><altitudeMode>clampToGround</altitudeMode><coordinates>28.598323306068778,-29.399610534310341</coordinates></Point></Placemark><Placemark><styleUrl>#point</styleUrl><Point><altitudeMode>clampToGround</altitudeMode><coordinates>28.598389774560928,-29.399537947028875</coordinates></Point></Placemark><Placemark><styleUrl>#point</styleUrl><Point><altitudeMode>clampToGround</altitudeMode><coordinates>28.598439730703831,-29.399458989500999</coordinates></Point></Placemark><Placemark><styleUrl>#point</styleUrl><Point><altitudeMode>clampToGround</altitudeMode><coordinates>28.598471581935883,-29.399382714182138</coordinates></Point></Placemark><Placemark><styleUrl>#point</styleUrl><Point><altitudeMode>clampToGround</altitudeMode><coordinates>28.598489435389638,-29.39931683242321</coordinates></Point></Placemark><Placemark><styleUrl>#point</styleUrl><Point><altitudeMode>clampToGround</altitudeMode><coordinates>28.598503768444061,-29.399260925129056</coordinates></Point></Placemark><Placemark><styleUrl>#point</styleUrl><Point><altitudeMode>clampToGround</altitudeMode><coordinates>28.598619103431702,-29.398923302069306</coordinates></Point></Placemark><Placemark><styleUrl>#point</styleUrl><Point><altitudeMode>clampToGround</altitudeMode><coordinates>28.598609296604991,-29.398927073925734</coordinates></Point></Placemark><Placemark><styleUrl>#point</styleUrl><Point><altitudeMode>clampToGround</altitudeMode><coordinates>28.598686493933201,-29.398704366758466</coordinates></Point></Placemark><Placemark><styleUrl>#point</styleUrl><Point><altitudeMode>clampToGround</altitudeMode><coordinates>28.598846001550555,-29.398309160023928</coordinates></Point></Placemark><Placemark><styleUrl>#point</styleUrl><Point><altitudeMode>clampToGround</altitudeMode><coordinates>28.598866537213326,-29.398244535550475</coordinates></Point></Placemark><Placemark><styleUrl>#point</styleUrl><Point><altitudeMode>clampToGround</altitudeMode><coordinates>28.599081365391612,-29.397212387993932</coordinates></Point></Placemark><Placemark><styleUrl>#point</styleUrl><Point><altitudeMode>clampToGround</altitudeMode><coordinates>28.599368277937174,-29.396276213228703</coordinates></Point></Placemark><Placemark><styleUrl>#point</styleUrl><Point><altitudeMode>clampToGround</altitudeMode><coordinates>28.599383365362883,-29.396166577935219</coordinates></Point></Placemark><Placemark><styleUrl>#point</styleUrl><Point><altitudeMode>clampToGround</altitudeMode><coordinates>28.599389987066388,-29.396050740033388</coordinates></Point></Placemark><Placemark><styleUrl>#point</styleUrl><Point><altitudeMode>clampToGround</altitudeMode><coordinates>28.59938814304769,-29.395941775292158</coordinates></Point></Placemark><Placemark><styleUrl>#point</styleUrl><Point><altitudeMode>clampToGround</altitudeMode><coordinates>28.599377498030663,-29.39584412612021</coordinates></Point></Placemark><Placemark><styleUrl>#point</styleUrl><Point><altitudeMode>clampToGround</altitudeMode><coordinates>28.599358052015305,-29.395747063681483</coordinates></Point></Placemark><Placemark><styleUrl>#point</styleUrl><Point><altitudeMode>clampToGround</altitudeMode><coordinates>28.599327122792602,-29.395647151395679</coordinates></Point></Placemark><Placemark><styleUrl>#point</styleUrl><Point><altitudeMode>clampToGround</altitudeMode><coordinates>28.599278088659048,-29.395545311272144</coordinates></Point></Placemark><Placemark><styleUrl>#point</styleUrl><Point><altitudeMode>clampToGround</altitudeMode><coordinates>28.599216481670737,-29.395446572452784</coordinates></Point></Placemark><Placemark><styleUrl>#point</styleUrl><Point><altitudeMode>clampToGround</altitudeMode><coordinates>28.599147498607635,-29.395353030413389</coordinates></Point></Placemark><Placemark><styleUrl>#point</styleUrl><Point><altitudeMode>clampToGround</altitudeMode><coordinates>28.59907440841198,-29.395269630476832</coordinates></Point></Placemark><Placemark><styleUrl>#point</styleUrl><Point><altitudeMode>clampToGround</altitudeMode><coordinates>28.598996289074421,-29.395195869728923</coordinates></Point></Placemark><Placemark><styleUrl>#point</styleUrl><Point><altitudeMode>clampToGround</altitudeMode><coordinates>28.598911967128515,-29.395132418721914</coordinates></Point></Placemark><Placemark><styleUrl>#point</styleUrl><Point><altitudeMode>clampToGround</altitudeMode><coordinates>28.598823621869087,-29.395078103989363</coordinates></Point></Placemark><Placemark><styleUrl>#point</styleUrl><Point><altitudeMode>clampToGround</altitudeMode><coordinates>28.598739802837372,-29.395032422617078</coordinates></Point></Placemark><Placemark><styleUrl>#point</styleUrl><Point><altitudeMode>clampToGround</altitudeMode><coordinates>28.59842992387712,-29.394882805645466</coordinates></Point></Placemark><Placemark><styleUrl>#point</styleUrl><Point><altitudeMode>clampToGround</altitudeMode><coordinates>28.598377956077456,-29.394840225577354</coordinates></Point></Placemark><Placemark><styleUrl>#point</styleUrl><Point><altitudeMode>clampToGround</altitudeMode><coordinates>28.598330598324537,-29.394788676872849</coordinates></Point></Placemark><Placemark><styleUrl>#point</styleUrl><Point><altitudeMode>clampToGround</altitudeMode><coordinates>28.598279887810349,-29.39473151229322</coordinates></Point></Placemark><Placemark><styleUrl>#point</styleUrl><Point><altitudeMode>clampToGround</altitudeMode><coordinates>28.5982202924788,-29.394670324400067</coordinates></Point></Placemark><Placemark><styleUrl>#point</styleUrl><Point><altitudeMode>clampToGround</altitudeMode><coordinates>28.598149046301842,-29.394600922241807</coordinates></Point></Placemark><Placemark><styleUrl>#point</styleUrl><Point><altitudeMode>clampToGround</altitudeMode><coordinates>28.597743110731244,-29.394141929224133</coordinates></Point></Placemark><Placemark><styleUrl>#point</styleUrl><Point><altitudeMode>clampToGround</altitudeMode><coordinates>28.59769650734961,-29.394051237031817</coordinates></Point></Placemark><Placemark><styleUrl>#point</styleUrl><Point><altitudeMode>clampToGround</altitudeMode><coordinates>28.597661973908544,-29.393961047753692</coordinates></Point></Placemark><Placemark><styleUrl>#point</styleUrl><Point><altitudeMode>clampToGround</altitudeMode><coordinates>28.597643366083503,-29.393866248428822</coordinates></Point></Placemark><Placemark><styleUrl>#point</styleUrl><Point><altitudeMode>clampToGround</altitudeMode><coordinates>28.597635990008712,-29.393765078857541</coordinates></Point></Placemark><Placemark><styleUrl>#point</styleUrl><Point><altitudeMode>clampToGround</altitudeMode><coordinates>28.597639678046107,-29.393652928993106</coordinates></Point></Placemark><Placemark><styleUrl>#point</styleUrl><Point><altitudeMode>clampToGround</altitudeMode><coordinates>28.597655519843102,-29.393531223759055</coordinates></Point></Placemark><Placemark><styleUrl>#point</styleUrl><Point><altitudeMode>clampToGround</altitudeMode><coordinates>28.597677815705538,-29.393408177420497</coordinates></Point></Placemark><Placemark><styleUrl>#point</styleUrl><Point><altitudeMode>clampToGround</altitudeMode><coordinates>28.597925081849098,-29.392542997375131</coordinates></Point></Placemark><Placemark><styleUrl>#point</styleUrl><Point><altitudeMode>clampToGround</altitudeMode><coordinates>28.597969170659781,-29.392431601881981</coordinates></Point></Placemark><Placemark><styleUrl>#point</styleUrl><Point><altitudeMode>clampToGround</altitudeMode><coordinates>28.597977217286825,-29.392370413988829</coordinates></Point></Placemark><Placemark><styleUrl>#point</styleUrl><Point><altitudeMode>clampToGround</altitudeMode><coordinates>28.597975289449096,-29.392308723181486</coordinates></Point></Placemark><Placemark><styleUrl>#point</styleUrl><Point><altitudeMode>clampToGround</altitudeMode><coordinates>28.597841095179319,-29.391434323042631</coordinates></Point></Placemark><Placemark><styleUrl>#point</styleUrl><Point><altitudeMode>clampToGround</altitudeMode><coordinates>28.597742188721895,-29.390655644237995</coordinates></Point></Placemark><Placemark><styleUrl>#point</styleUrl><Point><altitudeMode>clampToGround</altitudeMode><coordinates>28.597722575068474,-29.390208385884762</coordinates></Point></Placemark><Placemark><styleUrl>#point</styleUrl><Point><altitudeMode>clampToGround</altitudeMode><coordinates>28.597669349983335,-29.389725839719176</coordinates></Point></Placemark><Placemark><styleUrl>#point</styleUrl><Point><altitudeMode>clampToGround</altitudeMode><coordinates>28.597596930339932,-29.389088060706854</coordinates></Point></Placemark><Placemark><styleUrl>#point</styleUrl><Point><altitudeMode>clampToGround</altitudeMode><coordinates>28.597614783793688,-29.388992507010698</coordinates></Point></Placemark><Placemark><styleUrl>#point</styleUrl><Point><altitudeMode>clampToGround</altitudeMode><coordinates>28.597642360255122,-29.388899216428399</coordinates></Point></Placemark><Placemark><styleUrl>#point</styleUrl><Point><altitudeMode>clampToGround</altitudeMode><coordinates>28.597798263654113,-29.388370234519243</coordinates></Point></Placemark><Placemark><styleUrl>#point</styleUrl><Point><altitudeMode>clampToGround</altitudeMode><coordinates>28.597947042435408,-29.388048956170678</coordinates></Point></Placemark><Placemark><styleUrl>#point</styleUrl><Point><altitudeMode>clampToGround</altitudeMode><coordinates>28.598190369084477,-29.387538498267531</coordinates></Point></Placemark><Placemark><styleUrl>#point</styleUrl><Point><altitudeMode>clampToGround</altitudeMode><coordinates>28.598278714343905,-29.38730631954968</coordinates></Point></Placemark><Placemark><styleUrl>#point</styleUrl><Point><altitudeMode>clampToGround</altitudeMode><coordinates>28.59830042347312,-29.387235241010785</coordinates></Point></Placemark><Placemark><styleUrl>#point</styleUrl><Point><altitudeMode>clampToGround</altitudeMode><coordinates>28.598338896408677,-29.387154690921307</coordinates></Point></Placemark><Placemark><styleUrl>#point</styleUrl><Point><altitudeMode>clampToGround</altitudeMode><coordinates>28.598675597459078,-29.386538285762072</coordinates></Point></Placemark><Placemark><styleUrl>#point</styleUrl><Point><altitudeMode>clampToGround</altitudeMode><coordinates>28.599155712872744,-29.385830601677299</coordinates></Point></Placemark><Placemark><styleUrl>#point</styleUrl><Point><altitudeMode>clampToGround</altitudeMode><coordinates>28.599279681220651,-29.38565868884325</coordinates></Point></Placemark><Placemark><styleUrl>#point</styleUrl><Point><altitudeMode>clampToGround</altitudeMode><coordinates>28.599324524402618,-29.385569421574473</coordinates></Point></Placemark><Placemark><styleUrl>#point</styleUrl><Point><altitudeMode>clampToGround</altitudeMode><coordinates>28.599360901862383,-29.385475879535079</coordinates></Point></Placemark><Placemark><styleUrl>#point</styleUrl><Point><altitudeMode>clampToGround</altitudeMode><coordinates>28.599613280966878,-29.384602904319763</coordinates></Point></Placemark><Placemark><styleUrl>#point</styleUrl><Point><altitudeMode>clampToGround</altitudeMode><coordinates>28.599736159667373,-29.384109042584896</coordinates></Point></Placemark><Placemark><styleUrl>#point</styleUrl><Point><altitudeMode>clampToGround</altitudeMode><coordinates>28.599730795249343,-29.384023882448673</coordinates></Point></Placemark><Placemark><styleUrl>#point</styleUrl><Point><altitudeMode>clampToGround</altitudeMode><coordinates>28.599688550457358,-29.383780052885413</coordinates></Point></Placemark><Placemark><styleUrl>#point</styleUrl><Point><altitudeMode>clampToGround</altitudeMode><coordinates>28.599660890176892,-29.383710063993931</coordinates></Point></Placemark><Placemark><styleUrl>#point</styleUrl><Point><altitudeMode>clampToGround</altitudeMode><coordinates>28.599617974832654,-29.383644685149193</coordinates></Point></Placemark><Placemark><styleUrl>#point</styleUrl><Point><altitudeMode>clampToGround</altitudeMode><coordinates>28.599555194377899,-29.383580563589931</coordinates></Point></Placemark><Placemark><styleUrl>#point</styleUrl><Point><altitudeMode>clampToGround</altitudeMode><coordinates>28.599479338154197,-29.383522057905793</coordinates></Point></Placemark><Placemark><styleUrl>#point</styleUrl><Point><altitudeMode>clampToGround</altitudeMode><coordinates>28.599391160532832,-29.383467994630337</coordinates></Point></Placemark><Placemark><styleUrl>#point</styleUrl><Point><altitudeMode>clampToGround</altitudeMode><coordinates>28.59930407255888,-29.383421475067735</coordinates></Point></Placemark><Placemark><styleUrl>#point</styleUrl><Point><altitudeMode>clampToGround</altitudeMode><coordinates>28.599156551063061,-29.383330950513482</coordinates></Point></Placemark><Placemark><styleUrl>#point</styleUrl><Point><altitudeMode>clampToGround</altitudeMode><coordinates>28.599096704274416,-29.383280491456389</coordinates></Point></Placemark><Placemark><styleUrl>#point</styleUrl><Point><altitudeMode>clampToGround</altitudeMode><coordinates>28.599039791151881,-29.383220057934523</coordinates></Point></Placemark><Placemark><styleUrl>#point</styleUrl><Point><altitudeMode>clampToGround</altitudeMode><coordinates>28.598648607730865,-29.3827049061656</coordinates></Point></Placemark><Placemark><styleUrl>#point</styleUrl><Point><altitudeMode>clampToGround</altitudeMode><coordinates>28.59840989112854,-29.382364600896835</coordinates></Point></Placemark><Placemark><styleUrl>#point</styleUrl><Point><altitudeMode>clampToGround</altitudeMode><coordinates>28.598388265818357,-29.382302323356271</coordinates></Point></Placemark><Placemark><styleUrl>#point</styleUrl><Point><altitudeMode>clampToGround</altitudeMode><coordinates>28.598103364929557,-29.381658844649792</coordinates></Point></Placemark><Placemark><styleUrl>#point</styleUrl><Point><altitudeMode>clampToGround</altitudeMode><coordinates>28.597808908671141,-29.381257519125938</coordinates></Point></Placemark><Placemark><styleUrl>#point</styleUrl><Point><altitudeMode>clampToGround</altitudeMode><coordinates>28.597777308896184,-29.381185183301568</coordinates></Point></Placemark><Placemark><styleUrl>#point</styleUrl><Point><altitudeMode>clampToGround</altitudeMode><coordinates>28.597759706899524,-29.38110320828855</coordinates></Point></Placemark><Placemark><styleUrl>#point</styleUrl><Point><altitudeMode>clampToGround</altitudeMode><coordinates>28.597751911729574,-29.38101033680141</coordinates></Point></Placemark><Placemark><styleUrl>#point</styleUrl><Point><altitudeMode>clampToGround</altitudeMode><coordinates>28.597749564796686,-29.380926685407758</coordinates></Point></Placemark><Placemark><styleUrl>#point</styleUrl><Point><altitudeMode>clampToGround</altitudeMode><coordinates>28.597755096852779,-29.380851667374372</coordinates></Point></Placemark><Placemark><styleUrl>#point</styleUrl><Point><altitudeMode>clampToGround</altitudeMode><coordinates>28.597776303067803,-29.380790395662189</coordinates></Point></Placemark><Placemark><styleUrl>#point</styleUrl><Point><altitudeMode>clampToGround</altitudeMode><coordinates>28.597816452383995,-29.380739433690906</coordinates></Point></Placemark><Placemark><styleUrl>#point</styleUrl><Point><altitudeMode>clampToGround</altitudeMode><coordinates>28.597878143191338,-29.380699452012777</coordinates></Point></Placemark><Placemark><styleUrl>#point</styleUrl><Point><altitudeMode>clampToGround</altitudeMode><coordinates>28.59796229749918,-29.380665756762028</coordinates></Point></Placemark><Placemark><styleUrl>#point</styleUrl><Point><altitudeMode>clampToGround</altitudeMode><coordinates>28.598056426271796,-29.380636168643832</coordinates></Point></Placemark><Placemark><styleUrl>#point</styleUrl><Point><altitudeMode>clampToGround</altitudeMode><coordinates>28.598156422376633,-29.380609514191747</coordinates></Point></Placemark><Placemark><styleUrl>#point</styleUrl><Point><altitudeMode>clampToGround</altitudeMode><coordinates>28.599256044253707,-29.380464591085911</coordinates></Point></Placemark><Placemark><styleUrl>#point</styleUrl><Point><altitudeMode>clampToGround</altitudeMode><coordinates>28.599369786679745,-29.380440367385745</coordinates></Point></Placemark><Placemark><styleUrl>#point</styleUrl><Point><altitudeMode>clampToGround</altitudeMode><coordinates>28.599471040070057,-29.380409102886915</coordinates></Point></Placemark><Placemark><styleUrl>#point</styleUrl><Point><altitudeMode>clampToGround</altitudeMode><coordinates>28.599570449441671,-29.380368702113628</coordinates></Point></Placemark><Placemark><styleUrl>#point</styleUrl><Point><altitudeMode>clampToGround</altitudeMode><coordinates>28.599663404747844,-29.380316315218806</coordinates></Point></Placemark><Placemark><styleUrl>#point</styleUrl><Point><altitudeMode>clampToGround</altitudeMode><coordinates>28.599751582369208,-29.380252612754703</coordinates></Point></Placemark><Placemark><styleUrl>#point</styleUrl><Point><altitudeMode>clampToGround</altitudeMode><coordinates>28.599837915971875,-29.380178935825825</coordinates></Point></Placemark><Placemark><styleUrl>#point</styleUrl><Point><altitudeMode>clampToGround</altitudeMode><coordinates>28.599920980632305,-29.380098134279251</coordinates></Point></Placemark><Placemark><styleUrl>#point</styleUrl><Point><altitudeMode>clampToGround</altitudeMode><coordinates>28.599999351426959,-29.380010291934013</coordinates></Point></Placemark><Placemark><styleUrl>#point</styleUrl><Point><altitudeMode>clampToGround</altitudeMode><coordinates>28.600066993385553,-29.379922784864902</coordinates></Point></Placemark><Placemark><styleUrl>#point</styleUrl><Point><altitudeMode>clampToGround</altitudeMode><coordinates>28.600122816860676,-29.379837037995458</coordinates></Point></Placemark><Placemark><styleUrl>#point</styleUrl><Point><altitudeMode>clampToGround</altitudeMode><coordinates>28.600169587880373,-29.379754811525345</coordinates></Point></Placemark><Placemark><styleUrl>#point</styleUrl><Point><altitudeMode>clampToGround</altitudeMode><coordinates>28.60021635890007,-29.379681218415499</coordinates></Point></Placemark><Placemark><styleUrl>#point</styleUrl><Point><altitudeMode>clampToGround</altitudeMode><coordinates>28.600274194031954,-29.37960946932435</coordinates></Point></Placemark><Placemark><styleUrl>#point</styleUrl><Point><altitudeMode>clampToGround</altitudeMode><coordinates>28.600350469350815,-29.37953663058579</coordinates></Point></Placemark><Placemark><styleUrl>#point</styleUrl><Point><altitudeMode>clampToGround</altitudeMode><coordinates>28.60044744797051,-29.379464294761419</coordinates></Point></Placemark><Placemark><styleUrl>#point</styleUrl><Point><altitudeMode>clampToGround</altitudeMode><coordinates>28.600563872605562,-29.379395563155413</coordinates></Point></Placemark><Placemark><styleUrl>#point</styleUrl><Point><altitudeMode>clampToGround</altitudeMode><coordinates>28.600697396323085,-29.379333704710007</coordinates></Point></Placemark><Placemark><styleUrl>#point</styleUrl><Point><altitudeMode>clampToGround</altitudeMode><coordinates>28.60084081068635,-29.379277713596821</coordinates></Point></Placemark><Placemark><styleUrl>#point</styleUrl><Point><altitudeMode>clampToGround</altitudeMode><coordinates>28.600973496213555,-29.379220213741064</coordinates></Point></Placemark><Placemark><styleUrl>#point</styleUrl><Point><altitudeMode>clampToGround</altitudeMode><coordinates>28.601077850908041,-29.379156762734056</coordinates></Point></Placemark><Placemark><styleUrl>#point</styleUrl><Point><altitudeMode>clampToGround</altitudeMode><coordinates>28.601154293864965,-29.379086773842573</coordinates></Point></Placemark><Placemark><styleUrl>#point</styleUrl><Point><altitudeMode>clampToGround</altitudeMode><coordinates>28.601211626082659,-29.379005804657936</coordinates></Point></Placemark><Placemark><styleUrl>#point</styleUrl><Point><altitudeMode>clampToGround</altitudeMode><coordinates>28.601257726550102,-29.378913016989827</coordinates></Point></Placemark><Placemark><styleUrl>#point</styleUrl><Point><altitudeMode>clampToGround</altitudeMode><coordinates>28.601295109838247,-29.378803884610534</coordinates></Point></Placemark><Placemark><styleUrl>#point</styleUrl><Point><altitudeMode>clampToGround</altitudeMode><coordinates>28.601324614137411,-29.378675557672977</coordinates></Point></Placemark><Placemark><styleUrl>#point</styleUrl><Point><altitudeMode>clampToGround</altitudeMode><coordinates>28.601347245275974,-29.37854471616447</coordinates></Point></Placemark><Placemark><styleUrl>#point</styleUrl><Point><altitudeMode>clampToGround</altitudeMode><coordinates>28.601359650492668,-29.378424435853958</coordinates></Point></Placemark><Placemark><styleUrl>#point</styleUrl><Point><altitudeMode>clampToGround</altitudeMode><coordinates>28.601390579715371,-29.378127632662654</coordinates></Point></Placemark><Placemark><styleUrl>#point</styleUrl><Point><altitudeMode>clampToGround</altitudeMode><coordinates>28.601415557786822,-29.378037862479687</coordinates></Point></Placemark><Placemark><styleUrl>#point</styleUrl><Point><altitudeMode>clampToGround</altitudeMode><coordinates>28.601485127583146,-29.377794032916427</coordinates></Point></Placemark><Placemark><styleUrl>#point</styleUrl><Point><altitudeMode>clampToGround</altitudeMode><coordinates>28.601523013785481,-29.377715075388551</coordinates></Point></Placemark><Placemark><styleUrl>#point</styleUrl><Point><altitudeMode>clampToGround</altitudeMode><coordinates>28.601573975756764,-29.377640308812261</coordinates></Point></Placemark><Placemark><styleUrl>#point</styleUrl><Point><altitudeMode>clampToGround</altitudeMode><coordinates>28.601635582745075,-29.377576857805252</coordinates></Point></Placemark><Placemark><styleUrl>#point</styleUrl><Point><altitudeMode>clampToGround</altitudeMode><coordinates>28.601710936054587,-29.377521956339478</coordinates></Point></Placemark><Placemark><styleUrl>#point</styleUrl><Point><altitudeMode>clampToGround</altitudeMode><coordinates>28.601798443123698,-29.377470407634974</coordinates></Point></Placemark><Placemark><styleUrl>#point</styleUrl><Point><altitudeMode>clampToGround</altitudeMode><coordinates>28.601895505562425,-29.377417685464025</coordinates></Point></Placemark><Placemark><styleUrl>#point</styleUrl><Point><altitudeMode>clampToGround</altitudeMode><coordinates>28.602918181568384,-29.377066986635327</coordinates></Point></Placemark><Placemark><styleUrl>#point</styleUrl><Point><altitudeMode>clampToGround</altitudeMode><coordinates>28.603923171758652,-29.37681402079761</coordinates></Point></Placemark><Placemark><styleUrl>#point</styleUrl><Point><altitudeMode>clampToGround</altitudeMode><coordinates>28.604024173691869,-29.376760628074408</coordinates></Point></Placemark><Placemark><styleUrl>#point</styleUrl><Point><altitudeMode>clampToGround</altitudeMode><coordinates>28.604782735928893,-29.37612016685307</coordinates></Point></Placemark><Placemark><styleUrl>#point</styleUrl><Point><altitudeMode>clampToGround</altitudeMode><coordinates>28.6054075229913,-29.375143758952618</coordinates></Point></Placemark><Placemark><styleUrl>#point</styleUrl><Point><altitudeMode>clampToGround</altitudeMode><coordinates>28.60564942471683,-29.374785013496876</coordinates></Point></Placemark><Placemark><styleUrl>#point</styleUrl><Point><altitudeMode>clampToGround</altitudeMode><coordinates>28.606281923130155,-29.374173805117607</coordinates></Point></Placemark><Placemark><styleUrl>#point</styleUrl><Point><altitudeMode>clampToGround</altitudeMode><coordinates>28.606334226205945,-29.374104822054505</coordinates></Point></Placemark><Placemark><styleUrl>#point</styleUrl><Point><altitudeMode>clampToGround</altitudeMode><coordinates>28.606377895921469,-29.374031228944659</coordinates></Point></Placemark><Placemark><styleUrl>#point</styleUrl><Point><altitudeMode>clampToGround</altitudeMode><coordinates>28.606411004438996,-29.373951349407434</coordinates></Point></Placemark><Placemark><styleUrl>#point</styleUrl><Point><altitudeMode>clampToGround</altitudeMode><coordinates>28.606429444625974,-29.37386660836637</coordinates></Point></Placemark><Placemark><styleUrl>#point</styleUrl><Point><altitudeMode>clampToGround</altitudeMode><coordinates>28.606430366635323,-29.373766947537661</coordinates></Point></Placemark><Placemark><styleUrl>#point</styleUrl><Point><altitudeMode>clampToGround</altitudeMode><coordinates>28.606411507353187,-29.373665526509285</coordinates></Point></Placemark><Placemark><styleUrl>#point</styleUrl><Point><altitudeMode>clampToGround</altitudeMode><coordinates>28.606370184570551,-29.373563099652529</coordinates></Point></Placemark><Placemark><styleUrl>#point</styleUrl><Point><altitudeMode>clampToGround</altitudeMode><coordinates>28.606305224820971,-29.373463857918978</coordinates></Point></Placemark><Placemark><styleUrl>#point</styleUrl><Point><altitudeMode>clampToGround</altitudeMode><coordinates>28.606215370818973,-29.3733677174896</coordinates></Point></Placemark><Placemark><styleUrl>#point</styleUrl><Point><altitudeMode>clampToGround</altitudeMode><coordinates>28.606106154620647,-29.373272331431508</coordinates></Point></Placemark><Placemark><styleUrl>#point</styleUrl><Point><altitudeMode>clampToGround</altitudeMode><coordinates>28.605994340032339,-29.37318155542016</coordinates></Point></Placemark><Placemark><styleUrl>#point</styleUrl><Point><altitudeMode>clampToGround</altitudeMode><coordinates>28.605369469150901,-29.372739493846893</coordinates></Point></Placemark><Placemark><styleUrl>#point</styleUrl><Point><altitudeMode>clampToGround</altitudeMode><coordinates>28.605269221588969,-29.372698925435543</coordinates></Point></Placemark><Placemark><styleUrl>#point</styleUrl><Point><altitudeMode>clampToGround</altitudeMode><coordinates>28.605171069502831,-29.372661290690303</coordinates></Point></Placemark><Placemark><styleUrl>#point</styleUrl><Point><altitudeMode>clampToGround</altitudeMode><coordinates>28.604601183906198,-29.372259126976132</coordinates></Point></Placemark><Placemark><styleUrl>#point</styleUrl><Point><altitudeMode>clampToGround</altitudeMode><coordinates>28.604544773697853,-29.372177990153432</coordinates></Point></Placemark><Placemark><styleUrl>#point</styleUrl><Point><altitudeMode>clampToGround</altitudeMode><coordinates>28.604496410116553,-29.372087130323052</coordinates></Point></Placemark><Placemark><styleUrl>#point</styleUrl><Point><altitudeMode>clampToGround</altitudeMode><coordinates>28.604453913867474,-29.37199124135077</coordinates></Point></Placemark><Placemark><styleUrl>#point</styleUrl><Point><altitudeMode>clampToGround</altitudeMode><coordinates>28.604413513094187,-29.371886048465967</coordinates></Point></Placemark><Placemark><styleUrl>#point</styleUrl><Point><altitudeMode>clampToGround</altitudeMode><coordinates>28.60417228192091,-29.370701685547829</coordinates></Point></Placemark><Placemark><styleUrl>#point</styleUrl><Point><altitudeMode>clampToGround</altitudeMode><coordinates>28.604044625535607,-29.370186282321811</coordinates></Point></Placemark><Placemark><styleUrl>#point</styleUrl><Point><altitudeMode>clampToGround</altitudeMode><coordinates>28.60398561693728,-29.370097266510129</coordinates></Point></Placemark><Placemark><styleUrl>#point</styleUrl><Point><altitudeMode>clampToGround</altitudeMode><coordinates>28.603912023827434,-29.370024595409632</coordinates></Point></Placemark><Placemark><styleUrl>#point</styleUrl><Point><altitudeMode>clampToGround</altitudeMode><coordinates>28.603831641376019,-29.369963072240353</coordinates></Point></Placemark><Placemark><styleUrl>#point</styleUrl><Point><altitudeMode>clampToGround</altitudeMode><coordinates>28.603752264752984,-29.369914457201958</coordinates></Point></Placemark><Placemark><styleUrl>#point</styleUrl><Point><altitudeMode>clampToGround</altitudeMode><coordinates>28.603680515661836,-29.369880594313145</coordinates></Point></Placemark><Placemark><styleUrl>#point</styleUrl><Point><altitudeMode>clampToGround</altitudeMode><coordinates>28.603615388274193,-29.369855364784598</coordinates></Point></Placemark><Placemark><styleUrl>#point</styleUrl><Point><altitudeMode>clampToGround</altitudeMode><coordinates>28.603306515142322,-29.369738772511482</coordinates></Point></Placemark><Placemark><styleUrl>#point</styleUrl><Point><altitudeMode>clampToGround</altitudeMode><coordinates>28.603255301713943,-29.369709687307477</coordinates></Point></Placemark><Placemark><styleUrl>#point</styleUrl><Point><altitudeMode>clampToGround</altitudeMode><coordinates>28.6032057646662,-29.369680099189281</coordinates></Point></Placemark><Placemark><styleUrl>#point</styleUrl><Point><altitudeMode>clampToGround</altitudeMode><coordinates>28.602499086409807,-29.369435347616673</coordinates></Point></Placemark><Placemark><styleUrl>#point</styleUrl><Point><altitudeMode>clampToGround</altitudeMode><coordinates>28.601879999041557,-29.369306014850736</coordinates></Point></Placemark><Placemark><styleUrl>#point</styleUrl><Point><altitudeMode>clampToGround</altitudeMode><coordinates>28.601789977401495,-29.369313139468431</coordinates></Point></Placemark><Placemark><styleUrl>#point</styleUrl><Point><altitudeMode>clampToGround</altitudeMode><coordinates>28.601682940497994,-29.369333004578948</coordinates></Point></Placemark><Placemark><styleUrl>#point</styleUrl><Point><altitudeMode>clampToGround</altitudeMode><coordinates>28.601574897766113,-29.369360832497478</coordinates></Point></Placemark><Placemark><styleUrl>#point</styleUrl><Point><altitudeMode>clampToGround</altitudeMode><coordinates>28.601475404575467,-29.369393605738878</coordinates></Point></Placemark><Placemark><styleUrl>#point</styleUrl><Point><altitudeMode>clampToGround</altitudeMode><coordinates>28.601384460926056,-29.369425121694803</coordinates></Point></Placemark><Placemark><styleUrl>#point</styleUrl><Point><altitudeMode>clampToGround</altitudeMode><coordinates>28.601296367123723,-29.369450686499476</coordinates></Point></Placemark><Placemark><styleUrl>#point</styleUrl><Point><altitudeMode>clampToGround</altitudeMode><coordinates>28.601205255836248,-29.369468791410327</coordinates></Point></Placemark><Placemark><styleUrl>#point</styleUrl><Point><altitudeMode>clampToGround</altitudeMode><coordinates>28.600431606173515,-29.369537187740207</coordinates></Point></Placemark><Placemark><styleUrl>#point</styleUrl><Point><altitudeMode>clampToGround</altitudeMode><coordinates>28.599940175190568,-29.369594939053059</coordinates></Point></Placemark><Placemark><styleUrl>#point</styleUrl><Point><altitudeMode>clampToGround</altitudeMode><coordinates>28.599619902670383,-29.369612038135529</coordinates></Point></Placemark><Placemark><styleUrl>#point</styleUrl><Point><altitudeMode>clampToGround</altitudeMode><coordinates>28.599525522440672,-29.369629388675094</coordinates></Point></Placemark><Placemark><styleUrl>#point</styleUrl><Point><altitudeMode>clampToGround</altitudeMode><coordinates>28.599436590448022,-29.369656629860401</coordinates></Point></Placemark><Placemark><styleUrl>#point</styleUrl><Point><altitudeMode>clampToGround</altitudeMode><coordinates>28.599353609606624,-29.369694599881768</coordinates></Point></Placemark><Placemark><styleUrl>#point</styleUrl><Point><altitudeMode>clampToGround</altitudeMode><coordinates>28.599276579916477,-29.369738856330514</coordinates></Point></Placemark><Placemark><styleUrl>#point</styleUrl><Point><altitudeMode>clampToGround</altitudeMode><coordinates>28.599196029826999,-29.369782777503133</coordinates></Point></Placemark><Placemark><styleUrl>#point</styleUrl><Point><altitudeMode>clampToGround</altitudeMode><coordinates>28.599104499444366,-29.369822759181261</coordinates></Point></Placemark><Placemark><styleUrl>#point</styleUrl><Point><altitudeMode>clampToGround</altitudeMode><coordinates>28.59824669547379,-29.370024176314473</coordinates></Point></Placemark><Placemark><styleUrl>#point</styleUrl><Point><altitudeMode>clampToGround</altitudeMode><coordinates>28.597385622560978,-29.370128279551864</coordinates></Point></Placemark><Placemark><styleUrl>#point</styleUrl><Point><altitudeMode>clampToGround</altitudeMode><coordinates>28.596944650635123,-29.370258366689086</coordinates></Point></Placemark><Placemark><styleUrl>#point</styleUrl><Point><altitudeMode>clampToGround</altitudeMode><coordinates>28.596877679228783,-29.370300192385912</coordinates></Point></Placemark><Placemark><styleUrl>#point</styleUrl><Point><altitudeMode>clampToGround</altitudeMode><coordinates>28.596818586811423,-29.370348304510117</coordinates></Point></Placemark><Placemark><styleUrl>#point</styleUrl><Point><altitudeMode>clampToGround</altitudeMode><coordinates>28.596768882125616,-29.370398595929146</coordinates></Point></Placemark><Placemark><styleUrl>#point</styleUrl><Point><altitudeMode>clampToGround</altitudeMode><coordinates>28.596729654818773,-29.370446624234319</coordinates></Point></Placemark><Placemark><styleUrl>#point</styleUrl><Point><altitudeMode>clampToGround</altitudeMode><coordinates>28.596698055043817,-29.370491048321128</coordinates></Point></Placemark><Placemark><styleUrl>#point</styleUrl><Point><altitudeMode>clampToGround</altitudeMode><coordinates>28.59657165594399,-29.370732614770532</coordinates></Point></Placemark><Placemark><styleUrl>#point</styleUrl><Point><altitudeMode>clampToGround</altitudeMode><coordinates>28.596570063382387,-29.370754659175873</coordinates></Point></Placemark><Placemark><styleUrl>#point</styleUrl><Point><altitudeMode>clampToGround</altitudeMode><coordinates>28.596580624580383,-29.370759436860681</coordinates></Point></Placemark><Placemark><styleUrl>#point</styleUrl><Point><altitudeMode>clampToGround</altitudeMode><coordinates>28.596583222970366,-29.370752396062016</coordinates></Point></Placemark><Placemark><styleUrl>#point</styleUrl><Point><altitudeMode>clampToGround</altitudeMode><coordinates>28.596584061160684,-29.370753569528461</coordinates></Point></Placemark><Placemark><styleUrl>#point</styleUrl><Point><altitudeMode>clampToGround</altitudeMode><coordinates>28.596582636237144,-29.370753318071365</coordinates></Point></Placemark><Placemark><styleUrl>#point</styleUrl><Point><altitudeMode>clampToGround</altitudeMode><coordinates>28.596578193828464,-29.370754240080714</coordinates></Point></Placemark><Placemark><styleUrl>#point</styleUrl><Point><altitudeMode>clampToGround</altitudeMode><coordinates>28.596585066989064,-29.370756754651666</coordinates></Point></Placemark><Placemark><styleUrl>#point</styleUrl><Point><altitudeMode>clampToGround</altitudeMode><coordinates>28.596572410315275,-29.370752228423953</coordinates></Point></Placemark><Placemark><styleUrl>#point</styleUrl><Point><altitudeMode>clampToGround</altitudeMode><coordinates>28.596568303182721,-29.370740577578545</coordinates></Point></Placemark><Placemark><styleUrl>#point</styleUrl><Point><altitudeMode>clampToGround</altitudeMode><coordinates>28.59658875502646,-29.370941994711757</coordinates></Point></Placemark><Placemark><styleUrl>#point</styleUrl><Point><altitudeMode>clampToGround</altitudeMode><coordinates>28.596561932936311,-29.371128408238292</coordinates></Point></Placemark><Placemark><styleUrl>#point</styleUrl><Point><altitudeMode>clampToGround</altitudeMode><coordinates>28.596561597660184,-29.37118356116116</coordinates></Point></Placemark><Placemark><styleUrl>#point</styleUrl><Point><altitudeMode>clampToGround</altitudeMode><coordinates>28.596609206870198,-29.371768953278661</coordinates></Point></Placemark><Placemark><styleUrl>#point</styleUrl><Point><altitudeMode>clampToGround</altitudeMode><coordinates>28.596600322052836,-29.371839193627238</coordinates></Point></Placemark><Placemark><styleUrl>#point</styleUrl><Point><altitudeMode>clampToGround</altitudeMode><coordinates>28.596586575731635,-29.371901638805866</coordinates></Point></Placemark><Placemark><styleUrl>#point</styleUrl><Point><altitudeMode>clampToGround</altitudeMode><coordinates>28.596425391733646,-29.372291984036565</coordinates></Point></Placemark><Placemark><styleUrl>#point</styleUrl><Point><altitudeMode>clampToGround</altitudeMode><coordinates>28.596139485016465,-29.37287662178278</coordinates></Point></Placemark><Placemark><styleUrl>#point</styleUrl><Point><altitudeMode>clampToGround</altitudeMode><coordinates>28.595756515860558,-29.373487997800112</coordinates></Point></Placemark><Placemark><styleUrl>#point</styleUrl><Point><altitudeMode>clampToGround</altitudeMode><coordinates>28.595728436484933,-29.373549437150359</coordinates></Point></Placemark><Placemark><styleUrl>#point</styleUrl><Point><altitudeMode>clampToGround</altitudeMode><coordinates>28.595497850328684,-29.373948918655515</coordinates></Point></Placemark><Placemark><styleUrl>#point</styleUrl><Point><altitudeMode>clampToGround</altitudeMode><coordinates>28.595472201704979,-29.374034497886896</coordinates></Point></Placemark><Placemark><styleUrl>#point</styleUrl><Point><altitudeMode>clampToGround</altitudeMode><coordinates>28.595465077087283,-29.374122424051166</coordinates></Point></Placemark><Placemark><styleUrl>#point</styleUrl><Point><altitudeMode>clampToGround</altitudeMode><coordinates>28.595472285524011,-29.374212864786386</coordinates></Point></Placemark><Placemark><styleUrl>#point</styleUrl><Point><altitudeMode>clampToGround</altitudeMode><coordinates>28.595492318272591,-29.37430833466351</coordinates></Point></Placemark><Placemark><styleUrl>#point</styleUrl><Point><altitudeMode>clampToGround</altitudeMode><coordinates>28.595523918047547,-29.374401289969683</coordinates></Point></Placemark><Placemark><styleUrl>#point</styleUrl><Point><altitudeMode>clampToGround</altitudeMode><coordinates>28.595562893897295,-29.374495334923267</coordinates></Point></Placemark><Placemark><styleUrl>#point</styleUrl><Point><altitudeMode>clampToGround</altitudeMode><coordinates>28.595806388184428,-29.37515415251255</coordinates></Point></Placemark><Placemark><styleUrl>#point</styleUrl><Point><altitudeMode>clampToGround</altitudeMode><coordinates>28.595813680440187,-29.375227577984333</coordinates></Point></Placemark><Placemark><styleUrl>#point</styleUrl><Point><altitudeMode>clampToGround</altitudeMode><coordinates>28.595814518630505,-29.375297063961625</coordinates></Point></Placemark><Placemark><styleUrl>#point</styleUrl><Point><altitudeMode>clampToGround</altitudeMode><coordinates>28.595807645469904,-29.375366382300854</coordinates></Point></Placemark><Placemark><styleUrl>#point</styleUrl><Point><altitudeMode>clampToGround</altitudeMode><coordinates>28.595792055130005,-29.375441651791334</coordinates></Point></Placemark><Placemark><styleUrl>#point</styleUrl><Point><altitudeMode>clampToGround</altitudeMode><coordinates>28.595768669620156,-29.375523626804352</coordinates></Point></Placemark><Placemark><styleUrl>#point</styleUrl><Point><altitudeMode>clampToGround</altitudeMode><coordinates>28.595734387636185,-29.375610379502177</coordinates></Point></Placemark><Placemark><styleUrl>#point</styleUrl><Point><altitudeMode>clampToGround</altitudeMode><coordinates>28.595690047368407,-29.375693192705512</coordinates></Point></Placemark><Placemark><styleUrl>#point</styleUrl><Point><altitudeMode>clampToGround</altitudeMode><coordinates>28.595636151731014,-29.375769719481468</coordinates></Point></Placemark><Placemark><styleUrl>#point</styleUrl><Point><altitudeMode>clampToGround</altitudeMode><coordinates>28.595565408468246,-29.375840881839395</coordinates></Point></Placemark><Placemark><styleUrl>#point</styleUrl><Point><altitudeMode>clampToGround</altitudeMode><coordinates>28.595482176169753,-29.375894693657756</coordinates></Point></Placemark><Placemark><styleUrl>#point</styleUrl><Point><altitudeMode>clampToGround</altitudeMode><coordinates>28.595385113731027,-29.37593350186944</coordinates></Point></Placemark><Placemark><styleUrl>#point</styleUrl><Point><altitudeMode>clampToGround</altitudeMode><coordinates>28.595276400446892,-29.375957306474447</coordinates></Point></Placemark><Placemark><styleUrl>#point</styleUrl><Point><altitudeMode>clampToGround</altitudeMode><coordinates>28.595152264460921,-29.375969208776951</coordinates></Point></Placemark><Placemark><styleUrl>#point</styleUrl><Point><altitudeMode>clampToGround</altitudeMode><coordinates>28.595019578933716,-29.375975243747234</coordinates></Point></Placemark><Placemark><styleUrl>#point</styleUrl><Point><altitudeMode>clampToGround</altitudeMode><coordinates>28.594248024746776,-29.376059481874108</coordinates></Point></Placemark><Placemark><styleUrl>#point</styleUrl><Point><altitudeMode>clampToGround</altitudeMode><coordinates>28.594149285927415,-29.376096026971936</coordinates></Point></Placemark><Placemark><styleUrl>#point</styleUrl><Point><altitudeMode>clampToGround</altitudeMode><coordinates>28.594048954546452,-29.376141624525189</coordinates></Point></Placemark><Placemark><styleUrl>#point</styleUrl><Point><altitudeMode>clampToGround</altitudeMode><coordinates>28.593239346519113,-29.376485785469413</coordinates></Point></Placemark><Placemark><styleUrl>#point</styleUrl><Point><altitudeMode>clampToGround</altitudeMode><coordinates>28.592995684593916,-29.376594247296453</coordinates></Point></Placemark><Placemark><styleUrl>#point</styleUrl><Point><altitudeMode>clampToGround</altitudeMode><coordinates>28.592917900532484,-29.376645879819989</coordinates></Point></Placemark><Placemark><styleUrl>#point</styleUrl><Point><altitudeMode>clampToGround</altitudeMode><coordinates>28.59284196048975,-29.376705894246697</coordinates></Point></Placemark><Placemark><styleUrl>#point</styleUrl><Point><altitudeMode>clampToGround</altitudeMode><coordinates>28.592769121751189,-29.376772781834006</coordinates></Point></Placemark><Placemark><styleUrl>#point</styleUrl><Point><altitudeMode>clampToGround</altitudeMode><coordinates>28.592704245820642,-29.376838412135839</coordinates></Point></Placemark><Placemark><styleUrl>#point</styleUrl><Point><altitudeMode>clampToGround</altitudeMode><coordinates>28.592482879757881,-29.377070758491755</coordinates></Point></Placemark><Placemark><styleUrl>#point</styleUrl><Point><altitudeMode>clampToGround</altitudeMode><coordinates>28.592422362416983,-29.377114260569215</coordinates></Point></Placemark><Placemark><styleUrl>#point</styleUrl><Point><altitudeMode>clampToGround</altitudeMode><coordinates>28.592359749600291,-29.377143513411283</coordinates></Point></Placemark><Placemark><styleUrl>#point</styleUrl><Point><altitudeMode>clampToGround</altitudeMode><coordinates>28.592294957488775,-29.377163210883737</coordinates></Point></Placemark><Placemark><styleUrl>#point</styleUrl><Point><altitudeMode>clampToGround</altitudeMode><coordinates>28.59223167411983,-29.377176873385906</coordinates></Point></Placemark><Placemark><styleUrl>#point</styleUrl><Point><altitudeMode>clampToGround</altitudeMode><coordinates>28.592163696885109,-29.377181818708777</coordinates></Point></Placemark><Placemark><styleUrl>#point</styleUrl><Point><altitudeMode>clampToGround</altitudeMode><coordinates>28.592100078240037,-29.377178214490414</coordinates></Point></Placemark><Placemark><styleUrl>#point</styleUrl><Point><altitudeMode>clampToGround</altitudeMode><coordinates>28.592034196481109,-29.377162624150515</coordinates></Point></Placemark><Placemark><styleUrl>#point</styleUrl><Point><altitudeMode>clampToGround</altitudeMode><coordinates>28.591961357742548,-29.377129767090082</coordinates></Point></Placemark><Placemark><styleUrl>#point</styleUrl><Point><altitudeMode>clampToGround</altitudeMode><coordinates>28.591891201213002,-29.377082493156195</coordinates></Point></Placemark><Placemark><styleUrl>#point</styleUrl><Point><altitudeMode>clampToGround</altitudeMode><coordinates>28.591819955036044,-29.377026418223977</coordinates></Point></Placemark><Placemark><styleUrl>#point</styleUrl><Point><altitudeMode>clampToGround</altitudeMode><coordinates>28.59129985794425,-29.376655602827668</coordinates></Point></Placemark><Placemark><styleUrl>#point</styleUrl><Point><altitudeMode>clampToGround</altitudeMode><coordinates>28.59068370424211,-29.376431973651052</coordinates></Point></Placemark><Placemark><styleUrl>#point</styleUrl><Point><altitudeMode>clampToGround</altitudeMode><coordinates>28.59057423658669,-29.376418311148882</coordinates></Point></Placemark><Placemark><styleUrl>#point</styleUrl><Point><altitudeMode>clampToGround</altitudeMode><coordinates>28.590465690940619,-29.37642065808177</coordinates></Point></Placemark><Placemark><styleUrl>#point</styleUrl><Point><altitudeMode>clampToGround</altitudeMode><coordinates>28.590356642380357,-29.376435577869415</coordinates></Point></Placemark><Placemark><styleUrl>#point</styleUrl><Point><altitudeMode>clampToGround</altitudeMode><coordinates>28.590242313221097,-29.37646416015923</coordinates></Point></Placemark><Placemark><styleUrl>#point</styleUrl><Point><altitudeMode>clampToGround</altitudeMode><coordinates>28.590133767575026,-29.376498693600297</coordinates></Point></Placemark><Placemark><styleUrl>#point</styleUrl><Point><altitudeMode>clampToGround</altitudeMode><coordinates>28.589196838438511,-29.376871520653367</coordinates></Point></Placemark><Placemark><styleUrl>#point</styleUrl><Point><altitudeMode>clampToGround</altitudeMode><coordinates>28.588692080229521,-29.377093054354191</coordinates></Point></Placemark><Placemark><styleUrl>#point</styleUrl><Point><altitudeMode>clampToGround</altitudeMode><coordinates>28.588350685313344,-29.377228925004601</coordinates></Point></Placemark><Placemark><styleUrl>#point</styleUrl><Point><altitudeMode>clampToGround</altitudeMode><coordinates>28.588175168260932,-29.377307631075382</coordinates></Point></Placemark><Placemark><styleUrl>#point</styleUrl><Point><altitudeMode>clampToGround</altitudeMode><coordinates>28.587968051433563,-29.377396479249001</coordinates></Point></Placemark><Placemark><styleUrl>#point</styleUrl><Point><altitudeMode>clampToGround</altitudeMode><coordinates>28.58787652105093,-29.377449369058013</coordinates></Point></Placemark><Placemark><styleUrl>#point</styleUrl><Point><altitudeMode>clampToGround</altitudeMode><coordinates>28.586957277730107,-29.378091003745794</coordinates></Point></Placemark><Placemark><styleUrl>#point</styleUrl><Point><altitudeMode>clampToGround</altitudeMode><coordinates>28.586166696622968,-29.378721239045262</coordinates></Point></Placemark><Placemark><styleUrl>#point</styleUrl><Point><altitudeMode>clampToGround</altitudeMode><coordinates>28.585515758022666,-29.379494050517678</coordinates></Point></Placemark><Placemark><styleUrl>#point</styleUrl><Point><altitudeMode>clampToGround</altitudeMode><coordinates>28.585432777181268,-29.379608798772097</coordinates></Point></Placemark><Placemark><styleUrl>#point</styleUrl><Point><altitudeMode>clampToGround</altitudeMode><coordinates>28.585404865443707,-29.379661604762077</coordinates></Point></Placemark><Placemark><styleUrl>#point</styleUrl><Point><altitudeMode>clampToGround</altitudeMode><coordinates>28.585348706692457,-29.379762439057231</coordinates></Point></Placemark><Placemark><styleUrl>#point</styleUrl><Point><altitudeMode>clampToGround</altitudeMode><coordinates>28.5853102337569,-29.379813065752387</coordinates></Point></Placemark><Placemark><styleUrl>#point</styleUrl><Point><altitudeMode>clampToGround</altitudeMode><coordinates>28.585270335897803,-29.379858411848545</coordinates></Point></Placemark><Placemark><styleUrl>#point</styleUrl><Point><altitudeMode>clampToGround</altitudeMode><coordinates>28.585235383361578,-29.379901830106974</coordinates></Point></Placemark><Placemark><styleUrl>#point</styleUrl><Point><altitudeMode>clampToGround</altitudeMode><coordinates>28.58520520851016,-29.379947176203132</coordinates></Point></Placemark><Placemark><styleUrl>#point</styleUrl><Point><altitudeMode>clampToGround</altitudeMode><coordinates>28.585176961496472,-29.379999814555049</coordinates></Point></Placemark><Placemark><styleUrl>#point</styleUrl><Point><altitudeMode>clampToGround</altitudeMode><coordinates>28.585147876292467,-29.380056811496615</coordinates></Point></Placemark><Placemark><styleUrl>#point</styleUrl><Point><altitudeMode>clampToGround</altitudeMode><coordinates>28.585110157728195,-29.380119927227497</coordinates></Point></Placemark><Placemark><styleUrl>#point</styleUrl><Point><altitudeMode>clampToGround</altitudeMode><coordinates>28.585058022290468,-29.380181534215808</coordinates></Point></Placemark><Placemark><styleUrl>#point</styleUrl><Point><altitudeMode>clampToGround</altitudeMode><coordinates>28.584998762235045,-29.380231238901615</coordinates></Point></Placemark><Placemark><styleUrl>#point</styleUrl><Point><altitudeMode>clampToGround</altitudeMode><coordinates>28.584933215752244,-29.380270047113299</coordinates></Point></Placemark><Placemark><styleUrl>#point</styleUrl><Point><altitudeMode>clampToGround</altitudeMode><coordinates>28.584864987060428,-29.380297623574734</coordinates></Point></Placemark><Placemark><styleUrl>#point</styleUrl><Point><altitudeMode>clampToGround</altitudeMode><coordinates>28.58478787355125,-29.38032235018909</coordinates></Point></Placemark><Placemark><styleUrl>#point</styleUrl><Point><altitudeMode>clampToGround</altitudeMode><coordinates>28.584150429815054,-29.380549164488912</coordinates></Point></Placemark><Placemark><styleUrl>#point</styleUrl><Point><altitudeMode>clampToGround</altitudeMode><coordinates>28.584052361547947,-29.380571627989411</coordinates></Point></Placemark><Placemark><styleUrl>#point</styleUrl><Point><altitudeMode>clampToGround</altitudeMode><coordinates>28.583963764831424,-29.380579674616456</coordinates></Point></Placemark><Placemark><styleUrl>#point</styleUrl><Point><altitudeMode>clampToGround</altitudeMode><coordinates>28.583864942193031,-29.380573723465204</coordinates></Point></Placemark><Placemark><styleUrl>#point</styleUrl><Point><altitudeMode>clampToGround</altitudeMode><coordinates>28.583774669095874,-29.380554696545005</coordinates></Point></Placemark><Placemark><styleUrl>#point</styleUrl><Point><altitudeMode>clampToGround</altitudeMode><coordinates>28.583682384341955,-29.380514798685908</coordinates></Point></Placemark><Placemark><styleUrl>#point</styleUrl><Point><altitudeMode>clampToGround</altitudeMode><coordinates>28.583564115688205,-29.380449755117297</coordinates></Point></Placemark><Placemark><styleUrl>#point</styleUrl><Point><altitudeMode>clampToGround</altitudeMode><coordinates>28.58303714543581,-29.380230065435171</coordinates></Point></Placemark><Placemark><styleUrl>#point</styleUrl><Point><altitudeMode>clampToGround</altitudeMode><coordinates>28.582909321412444,-29.380204752087593</coordinates></Point></Placemark><Placemark><styleUrl>#point</styleUrl><Point><altitudeMode>clampToGround</altitudeMode><coordinates>28.582793483510613,-29.380193436518312</coordinates></Point></Placemark><Placemark><styleUrl>#point</styleUrl><Point><altitudeMode>clampToGround</altitudeMode><coordinates>28.582666246220469,-29.380187233909965</coordinates></Point></Placemark><Placemark><styleUrl>#point</styleUrl><Point><altitudeMode>clampToGround</altitudeMode><coordinates>28.582532219588757,-29.38018798828125</coordinates></Point></Placemark><Placemark><styleUrl>#point</styleUrl><Point><altitudeMode>clampToGround</altitudeMode><coordinates>28.582411101087928,-29.380198884755373</coordinates></Point></Placemark><Placemark><styleUrl>#point</styleUrl><Point><altitudeMode>clampToGround</altitudeMode><coordinates>28.582299537956715,-29.380219168961048</coordinates></Point></Placemark><Placemark><styleUrl>#point</styleUrl><Point><altitudeMode>clampToGround</altitudeMode><coordinates>28.582172049209476,-29.380252696573734</coordinates></Point></Placemark><Placemark><styleUrl>#point</styleUrl><Point><altitudeMode>clampToGround</altitudeMode><coordinates>28.582057720050216,-29.380289325490594</coordinates></Point></Placemark><Placemark><styleUrl>#point</styleUrl><Point><altitudeMode>clampToGround</altitudeMode><coordinates>28.58143393881619,-29.380501303821802</coordinates></Point></Placemark><Placemark><styleUrl>#point</styleUrl><Point><altitudeMode>clampToGround</altitudeMode><coordinates>28.581324554979801,-29.380551008507609</coordinates></Point></Placemark><Placemark><styleUrl>#point</styleUrl><Point><altitudeMode>clampToGround</altitudeMode><coordinates>28.581240149214864,-29.380608759820461</coordinates></Point></Placemark><Placemark><styleUrl>#point</styleUrl><Point><altitudeMode>clampToGround</altitudeMode><coordinates>28.581150462850928,-29.380690148100257</coordinates></Point></Placemark><Placemark><styleUrl>#point</styleUrl><Point><altitudeMode>clampToGround</altitudeMode><coordinates>28.580662133172154,-29.381211334839463</coordinates></Point></Placemark><Placemark><styleUrl>#point</styleUrl><Point><altitudeMode>clampToGround</altitudeMode><coordinates>28.580457866191864,-29.381493553519249</coordinates></Point></Placemark><Placemark><styleUrl>#point</styleUrl><Point><altitudeMode>clampToGround</altitudeMode><coordinates>28.5804249253124,-29.381572008132935</coordinates></Point></Placemark><Placemark><styleUrl>#point</styleUrl><Point><altitudeMode>clampToGround</altitudeMode><coordinates>28.58039709739387,-29.381660772487521</coordinates></Point></Placemark><Placemark><styleUrl>#point</styleUrl><Point><altitudeMode>clampToGround</altitudeMode><coordinates>28.580375136807561,-29.381754146888852</coordinates></Point></Placemark><Placemark><styleUrl>#point</styleUrl><Point><altitudeMode>clampToGround</altitudeMode><coordinates>28.580359546467662,-29.381849952042103</coordinates></Point></Placemark><Placemark><styleUrl>#point</styleUrl><Point><altitudeMode>clampToGround</altitudeMode><coordinates>28.580350745469332,-29.381952546536922</coordinates></Point></Placemark><Placemark><styleUrl>#point</styleUrl><Point><altitudeMode>clampToGround</altitudeMode><coordinates>28.580346386879683,-29.382058158516884</coordinates></Point></Placemark><Placemark><styleUrl>#point</styleUrl><Point><altitudeMode>clampToGround</altitudeMode><coordinates>28.580339848995209,-29.383062729611993</coordinates></Point></Placemark><Placemark><styleUrl>#point</styleUrl><Point><altitudeMode>clampToGround</altitudeMode><coordinates>28.580378154292703,-29.383308067917824</coordinates></Point></Placemark><Placemark><styleUrl>#point</styleUrl><Point><altitudeMode>clampToGround</altitudeMode><coordinates>28.580405814573169,-29.383389372378588</coordinates></Point></Placemark><Placemark><styleUrl>#point</styleUrl><Point><altitudeMode>clampToGround</altitudeMode><coordinates>28.580730110406876,-29.383973255753517</coordinates></Point></Placemark><Placemark><styleUrl>#point</styleUrl><Point><altitudeMode>clampToGround</altitudeMode><coordinates>28.580749137327075,-29.384034862741828</coordinates></Point></Placemark><Placemark><styleUrl>#point</styleUrl><Point><altitudeMode>clampToGround</altitudeMode><coordinates>28.580751903355122,-29.384092278778553</coordinates></Point></Placemark><Placemark><styleUrl>#point</styleUrl><Point><altitudeMode>clampToGround</altitudeMode><coordinates>28.580740001052618,-29.384149694815278</coordinates></Point></Placemark><Placemark><styleUrl>#point</styleUrl><Point><altitudeMode>clampToGround</altitudeMode><coordinates>28.580717705190182,-29.384212475270033</coordinates></Point></Placemark><Placemark><styleUrl>#point</styleUrl><Point><altitudeMode>clampToGround</altitudeMode><coordinates>28.5806839261204,-29.384278105571866</coordinates></Point></Placemark><Placemark><styleUrl>#point</styleUrl><Point><altitudeMode>clampToGround</altitudeMode><coordinates>28.580632964149117,-29.384352536872029</coordinates></Point></Placemark><Placemark><styleUrl>#point</styleUrl><Point><altitudeMode>clampToGround</altitudeMode><coordinates>28.58058275654912,-29.384405175223947</coordinates></Point></Placemark><Placemark><styleUrl>#point</styleUrl><Point><altitudeMode>clampToGround</altitudeMode><coordinates>28.580512180924416,-29.384458232671022</coordinates></Point></Placemark><Placemark><styleUrl>#point</styleUrl><Point><altitudeMode>clampToGround</altitudeMode><coordinates>28.580431463196874,-29.384507350623608</coordinates></Point></Placemark><Placemark><styleUrl>#point</styleUrl><Point><altitudeMode>clampToGround</altitudeMode><coordinates>28.580332389101386,-29.38456024043262</coordinates></Point></Placemark><Placemark><styleUrl>#point</styleUrl><Point><altitudeMode>clampToGround</altitudeMode><coordinates>28.579322788864374,-29.384982520714402</coordinates></Point></Placemark><Placemark><styleUrl>#point</styleUrl><Point><altitudeMode>clampToGround</altitudeMode><coordinates>28.578967479988933,-29.385157115757465</coordinates></Point></Placemark><Placemark><styleUrl>#point</styleUrl><Point><altitudeMode>clampToGround</altitudeMode><coordinates>28.578894389793277,-29.385214699432254</coordinates></Point></Placemark><Placemark><styleUrl>#point</styleUrl><Point><altitudeMode>clampToGround</altitudeMode><coordinates>28.578825071454048,-29.385287957265973</coordinates></Point></Placemark><Placemark><styleUrl>#point</styleUrl><Point><altitudeMode>clampToGround</altitudeMode><coordinates>28.578766901046038,-29.385368339717388</coordinates></Point></Placemark><Placemark><styleUrl>#point</styleUrl><Point><altitudeMode>clampToGround</altitudeMode><coordinates>28.578720968216658,-29.385456349700689</coordinates></Point></Placemark><Placemark><styleUrl>#point</styleUrl><Point><altitudeMode>clampToGround</altitudeMode><coordinates>28.578681321814656,-29.385555507615209</coordinates></Point></Placemark><Placemark><styleUrl>#point</styleUrl><Point><altitudeMode>clampToGround</altitudeMode><coordinates>28.578312182798982,-29.386380203068256</coordinates></Point></Placemark><Placemark><styleUrl>#point</styleUrl><Point><altitudeMode>clampToGround</altitudeMode><coordinates>28.578149741515517,-29.386900048702955</coordinates></Point></Placemark><Placemark><styleUrl>#point</styleUrl><Point><altitudeMode>clampToGround</altitudeMode><coordinates>28.578023677691817,-29.387228200212121</coordinates></Point></Placemark><Placemark><styleUrl>#point</styleUrl><Point><altitudeMode>clampToGround</altitudeMode><coordinates>28.578014960512519,-29.387295171618462</coordinates></Point></Placemark><Placemark><styleUrl>#point</styleUrl><Point><altitudeMode>clampToGround</altitudeMode><coordinates>28.578016636893153,-29.387358454987407</coordinates></Point></Placemark><Placemark><styleUrl>#point</styleUrl><Point><altitudeMode>clampToGround</altitudeMode><coordinates>28.578023090958595,-29.387421738356352</coordinates></Point></Placemark><Placemark><styleUrl>#point</styleUrl><Point><altitudeMode>clampToGround</altitudeMode><coordinates>28.578031389042735,-29.387475298717618</coordinates></Point></Placemark><Placemark><styleUrl>#point</styleUrl><Point><altitudeMode>clampToGround</altitudeMode><coordinates>28.578036418184638,-29.387525841593742</coordinates></Point></Placemark><Placemark><styleUrl>#point</styleUrl><Point><altitudeMode>clampToGround</altitudeMode><coordinates>28.57803457416594,-29.38757311552763</coordinates></Point></Placemark><Placemark><styleUrl>#point</styleUrl><Point><altitudeMode>clampToGround</altitudeMode><coordinates>28.577988976612687,-29.388066306710243</coordinates></Point></Placemark><Placemark><styleUrl>#point</styleUrl><Point><altitudeMode>clampToGround</altitudeMode><coordinates>28.577990150079131,-29.388134451583028</coordinates></Point></Placemark><Placemark><styleUrl>#point</styleUrl><Point><altitudeMode>clampToGround</altitudeMode><coordinates>28.578084362670779,-29.388850601390004</coordinates></Point></Placemark><Placemark><styleUrl>#point</styleUrl><Point><altitudeMode>clampToGround</altitudeMode><coordinates>28.578082351014018,-29.388906676322222</coordinates></Point></Placemark><Placemark><styleUrl>#point</styleUrl><Point><altitudeMode>clampToGround</altitudeMode><coordinates>28.578080087900162,-29.388959649950266</coordinates></Point></Placemark><Placemark><styleUrl>#point</styleUrl><Point><altitudeMode>clampToGround</altitudeMode><coordinates>28.578095510601997,-29.389139777049422</coordinates></Point></Placemark><Placemark><styleUrl>#point</styleUrl><Point><altitudeMode>clampToGround</altitudeMode><coordinates>28.578122751787305,-29.389243209734559</coordinates></Point></Placemark><Placemark><styleUrl>#point</styleUrl><Point><altitudeMode>clampToGround</altitudeMode><coordinates>28.578127613291144,-29.389292076230049</coordinates></Point></Placemark><Placemark><styleUrl>#point</styleUrl><Point><altitudeMode>clampToGround</altitudeMode><coordinates>28.578126523643732,-29.389344044029713</coordinates></Point></Placemark><Placemark><styleUrl>#point</styleUrl><Point><altitudeMode>clampToGround</altitudeMode><coordinates>28.578105652704835,-29.390023816376925</coordinates></Point></Placemark><Placemark><styleUrl>#point</styleUrl><Point><altitudeMode>clampToGround</altitudeMode><coordinates>28.578289551660419,-29.391067363321781</coordinates></Point></Placemark><Placemark><styleUrl>#point</styleUrl><Point><altitudeMode>clampToGround</altitudeMode><coordinates>28.578465571627021,-29.391545969992876</coordinates></Point></Placemark><Placemark><styleUrl>#point</styleUrl><Point><altitudeMode>clampToGround</altitudeMode><coordinates>28.578543858602643,-29.391989624127746</coordinates></Point></Placemark><Placemark><styleUrl>#point</styleUrl><Point><altitudeMode>clampToGround</altitudeMode><coordinates>28.578672520816326,-29.392412910237908</coordinates></Point></Placemark><Placemark><styleUrl>#point</styleUrl><Point><altitudeMode>clampToGround</altitudeMode><coordinates>28.578693643212318,-29.39253268763423</coordinates></Point></Placemark><Placemark><styleUrl>#point</styleUrl><Point><altitudeMode>clampToGround</altitudeMode><coordinates>28.578697247430682,-29.392659422010183</coordinates></Point></Placemark><Placemark><styleUrl>#point</styleUrl><Point><altitudeMode>clampToGround</altitudeMode><coordinates>28.57868785969913,-29.392792861908674</coordinates></Point></Placemark><Placemark><styleUrl>#point</styleUrl><Point><altitudeMode>clampToGround</altitudeMode><coordinates>28.578671766445041,-29.392926217988133</coordinates></Point></Placemark><Placemark><styleUrl>#point</styleUrl><Point><altitudeMode>clampToGround</altitudeMode><coordinates>28.578600017353892,-29.393581431359053</coordinates></Point></Placemark><Placemark><styleUrl>#point</styleUrl><Point><altitudeMode>clampToGround</altitudeMode><coordinates>28.578568920493126,-29.393658377230167</coordinates></Point></Placemark><Placemark><styleUrl>#point</styleUrl><Point><altitudeMode>clampToGround</altitudeMode><coordinates>28.578523406758904,-29.393728282302618</coordinates></Point></Placemark><Placemark><styleUrl>#point</styleUrl><Point><altitudeMode>clampToGround</altitudeMode><coordinates>28.578465990722179,-29.393787793815136</coordinates></Point></Placemark><Placemark><styleUrl>#point</styleUrl><Point><altitudeMode>clampToGround</altitudeMode><coordinates>28.578395498916507,-29.393838001415133</coordinates></Point></Placemark><Placemark><styleUrl>#point</styleUrl><Point><altitudeMode>clampToGround</altitudeMode><coordinates>28.578312518075109,-29.393875636160374</coordinates></Point></Placemark><Placemark><styleUrl>#point</styleUrl><Point><altitudeMode>clampToGround</altitudeMode><coordinates>28.578218892216682,-29.393900949507952</coordinates></Point></Placemark><Placemark><styleUrl>#point</styleUrl><Point><altitudeMode>clampToGround</altitudeMode><coordinates>28.578121075406671,-29.393912432715297</coordinates></Point></Placemark><Placemark><styleUrl>#point</styleUrl><Point><altitudeMode>clampToGround</altitudeMode><coordinates>28.578015295788646,-29.393911007791758</coordinates></Point></Placemark><Placemark><styleUrl>#point</styleUrl><Point><altitudeMode>clampToGround</altitudeMode><coordinates>28.577903900295496,-29.393896255642176</coordinates></Point></Placemark><Placemark><styleUrl>#point</styleUrl><Point><altitudeMode>clampToGround</altitudeMode><coordinates>28.577800132334232,-29.393870858475566</coordinates></Point></Placemark><Placemark><styleUrl>#point</styleUrl><Point><altitudeMode>clampToGround</altitudeMode><coordinates>28.577705416828394,-29.393835151568055</coordinates></Point></Placemark><Placemark><styleUrl>#point</styleUrl><Point><altitudeMode>clampToGround</altitudeMode><coordinates>28.577619921416044,-29.393786117434502</coordinates></Point></Placemark><Placemark><styleUrl>#point</styleUrl><Point><altitudeMode>clampToGround</altitudeMode><coordinates>28.577547166496515,-29.393728785216808</coordinates></Point></Placemark><Placemark><styleUrl>#point</styleUrl><Point><altitudeMode>clampToGround</altitudeMode><coordinates>28.57748388312757,-29.393664076924324</coordinates></Point></Placemark><Placemark><styleUrl>#point</styleUrl><Point><altitudeMode>clampToGround</altitudeMode><coordinates>28.577426970005035,-29.393593082204461</coordinates></Point></Placemark><Placemark><styleUrl>#point</styleUrl><Point><altitudeMode>clampToGround</altitudeMode><coordinates>28.57737734913826,-29.393518064171076</coordinates></Point></Placemark><Placemark><styleUrl>#point</styleUrl><Point><altitudeMode>clampToGround</altitudeMode><coordinates>28.577333344146609,-29.393436508253217</coordinates></Point></Placemark><Placemark><styleUrl>#point</styleUrl><Point><altitudeMode>clampToGround</altitudeMode><coordinates>28.577296044677496,-29.393352270126343</coordinates></Point></Placemark><Placemark><styleUrl>#point</styleUrl><Point><altitudeMode>clampToGround</altitudeMode><coordinates>28.577253045514226,-29.393265265971422</coordinates></Point></Placemark><Placemark><styleUrl>#point</styleUrl><Point><altitudeMode>clampToGround</altitudeMode><coordinates>28.577201580628753,-29.393175579607487</coordinates></Point></Placemark><Placemark><styleUrl>#point</styleUrl><Point><altitudeMode>clampToGround</altitudeMode><coordinates>28.576443353667855,-29.392261113971472</coordinates></Point></Placemark><Placemark><styleUrl>#point</styleUrl><Point><altitudeMode>clampToGround</altitudeMode><coordinates>28.575521595776081,-29.391637919470668</coordinates></Point></Placemark><Placemark><styleUrl>#point</styleUrl><Point><altitudeMode>clampToGround</altitudeMode><coordinates>28.574272776022553,-29.390557743608952</coordinates></Point></Placemark><Placemark><styleUrl>#point</styleUrl><Point><altitudeMode>clampToGround</altitudeMode><coordinates>28.574182167649269,-29.39049169421196</coordinates></Point></Placemark><Placemark><styleUrl>#point</styleUrl><Point><altitudeMode>clampToGround</altitudeMode><coordinates>28.574093738570809,-29.390437379479408</coordinates></Point></Placemark><Placemark><styleUrl>#point</styleUrl><Point><altitudeMode>clampToGround</altitudeMode><coordinates>28.573300559073687,-29.389873193576932</coordinates></Point></Placemark><Placemark><styleUrl>#point</styleUrl><Point><altitudeMode>clampToGround</altitudeMode><coordinates>28.573224535211921,-29.389814687892795</coordinates></Point></Placemark><Placemark><styleUrl>#point</styleUrl><Point><altitudeMode>clampToGround</altitudeMode><coordinates>28.573145493865013,-29.389772694557905</coordinates></Point></Placemark><Placemark><styleUrl>#point</styleUrl><Point><altitudeMode>clampToGround</altitudeMode><coordinates>28.573054131120443,-29.389746375381947</coordinates></Point></Placemark><Placemark><styleUrl>#point</styleUrl><Point><altitudeMode>clampToGround</altitudeMode><coordinates>28.572954637929797,-29.389734640717506</coordinates></Point></Placemark><Placemark><styleUrl>#point</styleUrl><Point><altitudeMode>clampToGround</altitudeMode><coordinates>28.572841649875045,-29.389729527756572</coordinates></Point></Placemark><Placemark><styleUrl>#point</styleUrl><Point><altitudeMode>clampToGround</altitudeMode><coordinates>28.572005890309811,-29.3897470459342</coordinates></Point></Placemark><Placemark><styleUrl>#point</styleUrl><Point><altitudeMode>clampToGround</altitudeMode><coordinates>28.571911845356226,-29.389773532748222</coordinates></Point></Placemark><Placemark><styleUrl>#point</styleUrl><Point><altitudeMode>clampToGround</altitudeMode><coordinates>28.571822494268417,-29.389810664579272</coordinates></Point></Placemark><Placemark><styleUrl>#point</styleUrl><Point><altitudeMode>clampToGround</altitudeMode><coordinates>28.571740686893463,-29.389856681227684</coordinates></Point></Placemark><Placemark><styleUrl>#point</styleUrl><Point><altitudeMode>clampToGround</altitudeMode><coordinates>28.571661729365587,-29.389906553551555</coordinates></Point></Placemark><Placemark><styleUrl>#point</styleUrl><Point><altitudeMode>clampToGround</altitudeMode><coordinates>28.571014311164618,-29.390252223238349</coordinates></Point></Placemark><Placemark><styleUrl>#point</styleUrl><Point><altitudeMode>clampToGround</altitudeMode><coordinates>28.570674760267138,-29.390367642045021</coordinates></Point></Placemark><Placemark><styleUrl>#point</styleUrl><Point><altitudeMode>clampToGround</altitudeMode><coordinates>28.570542829111218,-29.39039496704936</coordinates></Point></Placemark><Placemark><styleUrl>#point</styleUrl><Point><altitudeMode>clampToGround</altitudeMode><coordinates>28.569362657144666,-29.390699313953519</coordinates></Point></Placemark><Placemark><styleUrl>#point</styleUrl><Point><altitudeMode>clampToGround</altitudeMode><coordinates>28.569071805104613,-29.390897210687399</coordinates></Point></Placemark><Placemark><styleUrl>#point</styleUrl><Point><altitudeMode>clampToGround</altitudeMode><coordinates>28.568999553099275,-29.390969211235642</coordinates></Point></Placemark><Placemark><styleUrl>#point</styleUrl><Point><altitudeMode>clampToGround</altitudeMode><coordinates>28.568421369418502,-29.391663987189531</coordinates></Point></Placemark><Placemark><styleUrl>#point</styleUrl><Point><altitudeMode>clampToGround</altitudeMode><coordinates>28.568129176273942,-29.391983840614557</coordinates></Point></Placemark><Placemark><styleUrl>#point</styleUrl><Point><altitudeMode>clampToGround</altitudeMode><coordinates>28.568070335313678,-29.392024325206876</coordinates></Point></Placemark><Placemark><styleUrl>#point</styleUrl><Point><altitudeMode>clampToGround</altitudeMode><coordinates>28.567848047241569,-29.392230855301023</coordinates></Point></Placemark><Placemark><styleUrl>#point</styleUrl><Point><altitudeMode>clampToGround</altitudeMode><coordinates>28.56767219491303,-29.392383908852935</coordinates></Point></Placemark><Placemark><styleUrl>#point</styleUrl><Point><altitudeMode>clampToGround</altitudeMode><coordinates>28.567503802478313,-29.392617931589484</coordinates></Point></Placemark><Placemark><styleUrl>#point</styleUrl><Point><altitudeMode>clampToGround</altitudeMode><coordinates>28.567273383960128,-29.392786156386137</coordinates></Point></Placemark><Placemark><styleUrl>#point</styleUrl><Point><altitudeMode>clampToGround</altitudeMode><coordinates>28.567215213552117,-29.392786491662264</coordinates></Point></Placemark><Placemark><styleUrl>#point</styleUrl><Point><altitudeMode>clampToGround</altitudeMode><coordinates>28.567103734239936,-29.392598401755095</coordinates></Point></Placemark><Placemark><styleUrl>#point</styleUrl><Point><altitudeMode>clampToGround</altitudeMode><coordinates>28.567111864686012,-29.392037652432919</coordinates></Point></Placemark><Placemark><styleUrl>#point</styleUrl><Point><altitudeMode>clampToGround</altitudeMode><coordinates>28.567102728411555,-29.391799522563815</coordinates></Point></Placemark><Placemark><styleUrl>#point</styleUrl><Point><altitudeMode>clampToGround</altitudeMode><coordinates>28.567141285166144,-29.391451925039291</coordinates></Point></Placemark><Placemark><styleUrl>#point</styleUrl><Point><altitudeMode>clampToGround</altitudeMode><coordinates>28.567216219380498,-29.390641897916794</coordinates></Point></Placemark><Placemark><styleUrl>#point</styleUrl><Point><altitudeMode>clampToGround</altitudeMode><coordinates>28.567408751696348,-29.389374470338225</coordinates></Point></Placemark><Placemark><styleUrl>#point</styleUrl><Point><altitudeMode>clampToGround</altitudeMode><coordinates>28.567542610689998,-29.388477355241776</coordinates></Point></Placemark><Placemark><styleUrl>#point</styleUrl><Point><altitudeMode>clampToGround</altitudeMode><coordinates>28.567571192979813,-29.388057924807072</coordinates></Point></Placemark><Placemark><styleUrl>#point</styleUrl><Point><altitudeMode>clampToGround</altitudeMode><coordinates>28.567562475800514,-29.38793521374464</coordinates></Point></Placemark><Placemark><styleUrl>#point</styleUrl><Point><altitudeMode>clampToGround</altitudeMode><coordinates>28.567540599033237,-29.387803114950657</coordinates></Point></Placemark><Placemark><styleUrl>#point</styleUrl><Point><altitudeMode>clampToGround</altitudeMode><coordinates>28.567507658153772,-29.387675039470196</coordinates></Point></Placemark><Placemark><styleUrl>#point</styleUrl><Point><altitudeMode>clampToGround</altitudeMode><coordinates>28.567466586828232,-29.387554842978716</coordinates></Point></Placemark><Placemark><styleUrl>#point</styleUrl><Point><altitudeMode>clampToGround</altitudeMode><coordinates>28.567426353693008,-29.387451997026801</coordinates></Point></Placemark><Placemark><styleUrl>#point</styleUrl><Point><altitudeMode>clampToGround</altitudeMode><coordinates>28.567298445850611,-29.387209508568048</coordinates></Point></Placemark><Placemark><styleUrl>#point</styleUrl><Point><altitudeMode>clampToGround</altitudeMode><coordinates>28.567216889932752,-29.387152343988419</coordinates></Point></Placemark><Placemark><styleUrl>#point</styleUrl><Point><altitudeMode>clampToGround</altitudeMode><coordinates>28.566835429519415,-29.386667283251882</coordinates></Point></Placemark><Placemark><styleUrl>#point</styleUrl><Point><altitudeMode>clampToGround</altitudeMode><coordinates>28.566760830581188,-29.386550774797797</coordinates></Point></Placemark><Placemark><styleUrl>#point</styleUrl><Point><altitudeMode>clampToGround</altitudeMode><coordinates>28.566740462556481,-29.38648346811533</coordinates></Point></Placemark><Placemark><styleUrl>#point</styleUrl><Point><altitudeMode>clampToGround</altitudeMode><coordinates>28.566737528890371,-29.38640627078712</coordinates></Point></Placemark><Placemark><styleUrl>#point</styleUrl><Point><altitudeMode>clampToGround</altitudeMode><coordinates>28.56676091440022,-29.386322619393468</coordinates></Point></Placemark><Placemark><styleUrl>#point</styleUrl><Point><altitudeMode>clampToGround</altitudeMode><coordinates>28.566806595772505,-29.386239973828197</coordinates></Point></Placemark><Placemark><styleUrl>#point</styleUrl><Point><altitudeMode>clampToGround</altitudeMode><coordinates>28.566866526380181,-29.386163111776114</coordinates></Point></Placemark><Placemark><styleUrl>#point</styleUrl><Point><altitudeMode>clampToGround</altitudeMode><coordinates>28.566937521100044,-29.386092033237219</coordinates></Point></Placemark><Placemark><styleUrl>#point</styleUrl><Point><altitudeMode>clampToGround</altitudeMode><coordinates>28.567017149180174,-29.386022547259927</coordinates></Point></Placemark><Placemark><styleUrl>#point</styleUrl><Point><altitudeMode>clampToGround</altitudeMode><coordinates>28.567100716754794,-29.385950127616525</coordinates></Point></Placemark><Placemark><styleUrl>#point</styleUrl><Point><altitudeMode>clampToGround</altitudeMode><coordinates>28.567181518301368,-29.385867398232222</coordinates></Point></Placemark><Placemark><styleUrl>#point</styleUrl><Point><altitudeMode>clampToGround</altitudeMode><coordinates>28.567261146381497,-29.385776119306684</coordinates></Point></Placemark><Placemark><styleUrl>#point</styleUrl><Point><altitudeMode>clampToGround</altitudeMode><coordinates>28.567326609045267,-29.38568458892405</coordinates></Point></Placemark><Placemark><styleUrl>#point</styleUrl><Point><altitudeMode>clampToGround</altitudeMode><coordinates>28.567372877150774,-29.385596914216876</coordinates></Point></Placemark><Placemark><styleUrl>#point</styleUrl><Point><altitudeMode>clampToGround</altitudeMode><coordinates>28.567399531602859,-29.385511670261621</coordinates></Point></Placemark><Placemark><styleUrl>#point</styleUrl><Point><altitudeMode>clampToGround</altitudeMode><coordinates>28.567407159134746,-29.385425085201859</coordinates></Point></Placemark><Placemark><styleUrl>#point</styleUrl><Point><altitudeMode>clampToGround</altitudeMode><coordinates>28.567405734211206,-29.385342104360461</coordinates></Point></Placemark><Placemark><styleUrl>#point</styleUrl><Point><altitudeMode>clampToGround</altitudeMode><coordinates>28.567402716726065,-29.38525166362524</coordinates></Point></Placemark><Placemark><styleUrl>#point</styleUrl><Point><altitudeMode>clampToGround</altitudeMode><coordinates>28.56740984134376,-29.385062484070659</coordinates></Point></Placemark><Placemark><styleUrl>#point</styleUrl><Point><altitudeMode>clampToGround</altitudeMode><coordinates>28.567430796101689,-29.384855115786195</coordinates></Point></Placemark><Placemark><styleUrl>#point</styleUrl><Point><altitudeMode>clampToGround</altitudeMode><coordinates>28.567419229075313,-29.384756544604897</coordinates></Point></Placemark><Placemark><styleUrl>#point</styleUrl><Point><altitudeMode>clampToGround</altitudeMode><coordinates>28.567391820251942,-29.384661912918091</coordinates></Point></Placemark><Placemark><styleUrl>#point</styleUrl><Point><altitudeMode>clampToGround</altitudeMode><coordinates>28.567353934049606,-29.384568287059665</coordinates></Point></Placemark><Placemark><styleUrl>#point</styleUrl><Point><altitudeMode>clampToGround</altitudeMode><coordinates>28.56730917468667,-29.384474158287048</coordinates></Point></Placemark><Placemark><styleUrl>#point</styleUrl><Point><altitudeMode>clampToGround</altitudeMode><coordinates>28.567255698144436,-29.384383130818605</coordinates></Point></Placemark><Placemark><styleUrl>#point</styleUrl><Point><altitudeMode>clampToGround</altitudeMode><coordinates>28.56719333678484,-29.384299395605922</coordinates></Point></Placemark><Placemark><styleUrl>#point</styleUrl><Point><altitudeMode>clampToGround</altitudeMode><coordinates>28.567123850807548,-29.384225467219949</coordinates></Point></Placemark><Placemark><styleUrl>#point</styleUrl><Point><altitudeMode>clampToGround</altitudeMode><coordinates>28.56704774312675,-29.38415958546102</coordinates></Point></Placemark><Placemark><styleUrl>#point</styleUrl><Point><altitudeMode>clampToGround</altitudeMode><coordinates>28.566974820569158,-29.384107366204262</coordinates></Point></Placemark><Placemark><styleUrl>#point</styleUrl><Point><altitudeMode>clampToGround</altitudeMode><coordinates>28.566895443946123,-29.384059673175216</coordinates></Point></Placemark><Placemark><styleUrl>#point</styleUrl><Point><altitudeMode>clampToGround</altitudeMode><coordinates>28.566810535266995,-29.384009633213282</coordinates></Point></Placemark><Placemark><styleUrl>#point</styleUrl><Point><altitudeMode>clampToGround</altitudeMode><coordinates>28.566258084028959,-29.383496744558215</coordinates></Point></Placemark><Placemark><styleUrl>#point</styleUrl><Point><altitudeMode>clampToGround</altitudeMode><coordinates>28.565774699673057,-29.382755281403661</coordinates></Point></Placemark><Placemark><styleUrl>#point</styleUrl><Point><altitudeMode>clampToGround</altitudeMode><coordinates>28.565597925335169,-29.382465519011021</coordinates></Point></Placemark><Placemark><styleUrl>#point</styleUrl><Point><altitudeMode>clampToGround</altitudeMode><coordinates>28.565561715513468,-29.382391003891826</coordinates></Point></Placemark><Placemark><styleUrl>#point</styleUrl><Point><altitudeMode>clampToGround</altitudeMode><coordinates>28.565460462123156,-29.382083052769303</coordinates></Point></Placemark><Placemark><styleUrl>#point</styleUrl><Point><altitudeMode>clampToGround</altitudeMode><coordinates>28.565452583134174,-29.382000658661127</coordinates></Point></Placemark><Placemark><styleUrl>#point</styleUrl><Point><altitudeMode>clampToGround</altitudeMode><coordinates>28.565443279221654,-29.381907032802701</coordinates></Point></Placemark><Placemark><styleUrl>#point</styleUrl><Point><altitudeMode>clampToGround</altitudeMode><coordinates>28.565226355567575,-29.381027603521943</coordinates></Point></Placemark><Placemark><styleUrl>#point</styleUrl><Point><altitudeMode>clampToGround</altitudeMode><coordinates>28.565063495188951,-29.380575399845839</coordinates></Point></Placemark><Placemark><styleUrl>#point</styleUrl><Point><altitudeMode>clampToGround</altitudeMode><coordinates>28.565015299245715,-29.380504991859198</coordinates></Point></Placemark><Placemark><styleUrl>#point</styleUrl><Point><altitudeMode>clampToGround</altitudeMode><coordinates>28.564954111352563,-29.380443803966045</coordinates></Point></Placemark><Placemark><styleUrl>#point</styleUrl><Point><altitudeMode>clampToGround</altitudeMode><coordinates>28.564881607890129,-29.380395524203777</coordinates></Point></Placemark><Placemark><styleUrl>#point</styleUrl><Point><altitudeMode>clampToGround</altitudeMode><coordinates>28.564794519916177,-29.380357805639505</coordinates></Point></Placemark><Placemark><styleUrl>#point</styleUrl><Point><altitudeMode>clampToGround</altitudeMode><coordinates>28.56469695456326,-29.380330983549356</coordinates></Point></Placemark><Placemark><styleUrl>#point</styleUrl><Point><altitudeMode>clampToGround</altitudeMode><coordinates>28.564596120268106,-29.380310028791428</coordinates></Point></Placemark><Placemark><styleUrl>#point</styleUrl><Point><altitudeMode>clampToGround</altitudeMode><coordinates>28.56449662707746,-29.380294606089592</coordinates></Point></Placemark><Placemark><styleUrl>#point</styleUrl><Point><altitudeMode>clampToGround</altitudeMode><coordinates>28.564397469162941,-29.380284380167723</coordinates></Point></Placemark><Placemark><styleUrl>#point</styleUrl><Point><altitudeMode>clampToGround</altitudeMode><coordinates>28.563748290762305,-29.380214978009462</coordinates></Point></Placemark><Placemark><styleUrl>#point</styleUrl><Point><altitudeMode>clampToGround</altitudeMode><coordinates>28.563663884997368,-29.380215229466558</coordinates></Point></Placemark><Placemark><styleUrl>#point</styleUrl><Point><altitudeMode>clampToGround</altitudeMode><coordinates>28.562745228409767,-29.380445228889585</coordinates></Point></Placemark><Placemark><styleUrl>#point</styleUrl><Point><altitudeMode>clampToGround</altitudeMode><coordinates>28.562121614813805,-29.380586044862866</coordinates></Point></Placemark><Placemark><styleUrl>#point</styleUrl><Point><altitudeMode>clampToGround</altitudeMode><coordinates>28.561324160546064,-29.380787797272205</coordinates></Point></Placemark><Placemark><styleUrl>#point</styleUrl><Point><altitudeMode>clampToGround</altitudeMode><coordinates>28.560996847227216,-29.380866084247828</coordinates></Point></Placemark><Placemark><styleUrl>#point</styleUrl><Point><altitudeMode>clampToGround</altitudeMode><coordinates>28.560895677655935,-29.380913693457842</coordinates></Point></Placemark><Placemark><styleUrl>#point</styleUrl><Point><altitudeMode>clampToGround</altitudeMode><coordinates>28.560807248577476,-29.380974713712931</coordinates></Point></Placemark><Placemark><styleUrl>#point</styleUrl><Point><altitudeMode>clampToGround</altitudeMode><coordinates>28.560733404010534,-29.381048977375031</coordinates></Point></Placemark><Placemark><styleUrl>#point</styleUrl><Point><altitudeMode>clampToGround</altitudeMode><coordinates>28.560681017115712,-29.381136484444141</coordinates></Point></Placemark><Placemark><styleUrl>#point</styleUrl><Point><altitudeMode>clampToGround</altitudeMode><coordinates>28.560641035437584,-29.381234049797058</coordinates></Point></Placemark><Placemark><styleUrl>#point</styleUrl><Point><altitudeMode>clampToGround</altitudeMode><coordinates>28.560602897778153,-29.381330441683531</coordinates></Point></Placemark><Placemark><styleUrl>#point</styleUrl><Point><altitudeMode>clampToGround</altitudeMode><coordinates>28.560556881129742,-29.381430018693209</coordinates></Point></Placemark><Placemark><styleUrl>#point</styleUrl><Point><altitudeMode>clampToGround</altitudeMode><coordinates>28.559863530099392,-29.382493095472455</coordinates></Point></Placemark><Placemark><styleUrl>#point</styleUrl><Point><altitudeMode>clampToGround</altitudeMode><coordinates>28.559703603386879,-29.3826272059232</coordinates></Point></Placemark><Placemark><styleUrl>#point</styleUrl><Point><altitudeMode>clampToGround</altitudeMode><coordinates>28.55961031280458,-29.382678419351578</coordinates></Point></Placemark><Placemark><styleUrl>#point</styleUrl><Point><altitudeMode>clampToGround</altitudeMode><coordinates>28.559508305042982,-29.382721669971943</coordinates></Point></Placemark><Placemark><styleUrl>#point</styleUrl><Point><altitudeMode>clampToGround</altitudeMode><coordinates>28.559402609243989,-29.382759304717183</coordinates></Point></Placemark><Placemark><styleUrl>#point</styleUrl><Point><altitudeMode>clampToGround</altitudeMode><coordinates>28.559284005314112,-29.382790988311172</coordinates></Point></Placemark><Placemark><styleUrl>#point</styleUrl><Point><altitudeMode>clampToGround</altitudeMode><coordinates>28.559148050844669,-29.38281781040132</coordinates></Point></Placemark><Placemark><styleUrl>#point</styleUrl><Point><altitudeMode>clampToGround</altitudeMode><coordinates>28.5590083245188,-29.382841950282454</coordinates></Point></Placemark><Placemark><styleUrl>#point</styleUrl><Point><altitudeMode>clampToGround</altitudeMode><coordinates>28.558762818574905,-29.38287447206676</coordinates></Point></Placemark><Placemark><styleUrl>#point</styleUrl><Point><altitudeMode>clampToGround</altitudeMode><coordinates>28.558421758934855,-29.382900623604655</coordinates></Point></Placemark><Placemark><styleUrl>#point</styleUrl><Point><altitudeMode>clampToGround</altitudeMode><coordinates>28.558302903547883,-29.382925098761916</coordinates></Point></Placemark><Placemark><styleUrl>#point</styleUrl><Point><altitudeMode>clampToGround</altitudeMode><coordinates>28.557377709075809,-29.383358443155885</coordinates></Point></Placemark><Placemark><styleUrl>#point</styleUrl><Point><altitudeMode>clampToGround</altitudeMode><coordinates>28.557285256683826,-29.383445447310805</coordinates></Point></Placemark><Placemark><styleUrl>#point</styleUrl><Point><altitudeMode>clampToGround</altitudeMode><coordinates>28.557207388803363,-29.383535720407963</coordinates></Point></Placemark><Placemark><styleUrl>#point</styleUrl><Point><altitudeMode>clampToGround</altitudeMode><coordinates>28.557137902826071,-29.383632615208626</coordinates></Point></Placemark><Placemark><styleUrl>#point</styleUrl><Point><altitudeMode>clampToGround</altitudeMode><coordinates>28.557076128199697,-29.383735377341509</coordinates></Point></Placemark><Placemark><styleUrl>#point</styleUrl><Point><altitudeMode>clampToGround</altitudeMode><coordinates>28.556917039677501,-29.384040897712111</coordinates></Point></Placemark><Placemark><styleUrl>#point</styleUrl><Point><altitudeMode>clampToGround</altitudeMode><coordinates>28.556884685531259,-29.384151957929134</coordinates></Point></Placemark><Placemark><styleUrl>#point</styleUrl><Point><altitudeMode>clampToGround</altitudeMode><coordinates>28.55686373077333,-29.38426461070776</coordinates></Point></Placemark><Placemark><styleUrl>#point</styleUrl><Point><altitudeMode>clampToGround</altitudeMode><coordinates>28.556852079927921,-29.384381035342813</coordinates></Point></Placemark><Placemark><styleUrl>#point</styleUrl><Point><altitudeMode>clampToGround</altitudeMode><coordinates>28.556848727166653,-29.384493017569184</coordinates></Point></Placemark><Placemark><styleUrl>#point</styleUrl><Point><altitudeMode>clampToGround</altitudeMode><coordinates>28.556850403547287,-29.384597791358829</coordinates></Point></Placemark><Placemark><styleUrl>#point</styleUrl><Point><altitudeMode>clampToGround</altitudeMode><coordinates>28.55682659894228,-29.3849394377321</coordinates></Point></Placemark><Placemark><styleUrl>#point</styleUrl><Point><altitudeMode>clampToGround</altitudeMode><coordinates>28.556797681376338,-29.385033063590527</coordinates></Point></Placemark><Placemark><styleUrl>#point</styleUrl><Point><altitudeMode>clampToGround</altitudeMode><coordinates>28.556759040802717,-29.385126689448953</coordinates></Point></Placemark><Placemark><styleUrl>#point</styleUrl><Point><altitudeMode>clampToGround</altitudeMode><coordinates>28.556528957560658,-29.385582078248262</coordinates></Point></Placemark><Placemark><styleUrl>#point</styleUrl><Point><altitudeMode>clampToGround</altitudeMode><coordinates>28.556470954790711,-29.385647792369127</coordinates></Point></Placemark><Placemark><styleUrl>#point</styleUrl><Point><altitudeMode>clampToGround</altitudeMode><coordinates>28.556391159072518,-29.385714679956436</coordinates></Point></Placemark><Placemark><styleUrl>#point</styleUrl><Point><altitudeMode>clampToGround</altitudeMode><coordinates>28.556306250393391,-29.385771676898003</coordinates></Point></Placemark><Placemark><styleUrl>#point</styleUrl><Point><altitudeMode>clampToGround</altitudeMode><coordinates>28.556208685040474,-29.385831272229552</coordinates></Point></Placemark><Placemark><styleUrl>#point</styleUrl><Point><altitudeMode>clampToGround</altitudeMode><coordinates>28.555513909086585,-29.386391350999475</coordinates></Point></Placemark><Placemark><styleUrl>#point</styleUrl><Point><altitudeMode>clampToGround</altitudeMode><coordinates>28.555461522191763,-29.386470476165414</coordinates></Point></Placemark><Placemark><styleUrl>#point</styleUrl><Point><altitudeMode>clampToGround</altitudeMode><coordinates>28.555193385109305,-29.386971797794104</coordinates></Point></Placemark><Placemark><styleUrl>#point</styleUrl><Point><altitudeMode>clampToGround</altitudeMode><coordinates>28.555135633796453,-29.38704589381814</coordinates></Point></Placemark><Placemark><styleUrl>#point</styleUrl><Point><altitudeMode>clampToGround</altitudeMode><coordinates>28.555065058171749,-29.387107836082578</coordinates></Point></Placemark><Placemark><styleUrl>#point</styleUrl><Point><altitudeMode>clampToGround</altitudeMode><coordinates>28.554978808388114,-29.387157456949353</coordinates></Point></Placemark><Placemark><styleUrl>#point</styleUrl><Point><altitudeMode>clampToGround</altitudeMode><coordinates>28.554879985749722,-29.38719249330461</coordinates></Point></Placemark><Placemark><styleUrl>#point</styleUrl><Point><altitudeMode>clampToGround</altitudeMode><coordinates>28.554775295779109,-29.387213364243507</coordinates></Point></Placemark><Placemark><styleUrl>#point</styleUrl><Point><altitudeMode>clampToGround</altitudeMode><coordinates>28.554669180884957,-29.387220153585076</coordinates></Point></Placemark><Placemark><styleUrl>#point</styleUrl><Point><altitudeMode>clampToGround</altitudeMode><coordinates>28.554567592218518,-29.387214202433825</coordinates></Point></Placemark><Placemark><styleUrl>#point</styleUrl><Point><altitudeMode>clampToGround</altitudeMode><coordinates>28.554471954703331,-29.387195762246847</coordinates></Point></Placemark><Placemark><styleUrl>#point</styleUrl><Point><altitudeMode>clampToGround</altitudeMode><coordinates>28.554382855072618,-29.387165000662208</coordinates></Point></Placemark><Placemark><styleUrl>#point</styleUrl><Point><altitudeMode>clampToGround</altitudeMode><coordinates>28.554300963878632,-29.387121079489589</coordinates></Point></Placemark><Placemark><styleUrl>#point</styleUrl><Point><altitudeMode>clampToGround</altitudeMode><coordinates>28.55422611348331,-29.387063411995769</coordinates></Point></Placemark><Placemark><styleUrl>#point</styleUrl><Point><altitudeMode>clampToGround</altitudeMode><coordinates>28.55416408739984,-29.386990070343018</coordinates></Point></Placemark><Placemark><styleUrl>#point</styleUrl><Point><altitudeMode>clampToGround</altitudeMode><coordinates>28.554108263924718,-29.386895019561052</coordinates></Point></Placemark><Placemark><styleUrl>#point</styleUrl><Point><altitudeMode>clampToGround</altitudeMode><coordinates>28.554061157628894,-29.386791670694947</coordinates></Point></Placemark><Placemark><styleUrl>#point</styleUrl><Point><altitudeMode>clampToGround</altitudeMode><coordinates>28.554018493741751,-29.386677257716656</coordinates></Point></Placemark><Placemark><styleUrl>#point</styleUrl><Point><altitudeMode>clampToGround</altitudeMode><coordinates>28.553618090227246,-29.385628933086991</coordinates></Point></Placemark><Placemark><styleUrl>#point</styleUrl><Point><altitudeMode>clampToGround</altitudeMode><coordinates>28.553565284237266,-29.385484261438251</coordinates></Point></Placemark><Placemark><styleUrl>#point</styleUrl><Point><altitudeMode>clampToGround</altitudeMode><coordinates>28.553539216518402,-29.385344535112381</coordinates></Point></Placemark><Placemark><styleUrl>#point</styleUrl><Point><altitudeMode>clampToGround</altitudeMode><coordinates>28.553537204861641,-29.385204389691353</coordinates></Point></Placemark><Placemark><styleUrl>#point</styleUrl><Point><altitudeMode>clampToGround</altitudeMode><coordinates>28.553476436063647,-29.384430572390556</coordinates></Point></Placemark><Placemark><styleUrl>#point</styleUrl><Point><altitudeMode>clampToGround</altitudeMode><coordinates>28.553278706967831,-29.383805869147182</coordinates></Point></Placemark><Placemark><styleUrl>#point</styleUrl><Point><altitudeMode>clampToGround</altitudeMode><coordinates>28.553162785246968,-29.382985113188624</coordinates></Point></Placemark><Placemark><styleUrl>#point</styleUrl><Point><altitudeMode>clampToGround</altitudeMode><coordinates>28.553123809397221,-29.382540788501501</coordinates></Point></Placemark><Placemark><styleUrl>#point</styleUrl><Point><altitudeMode>clampToGround</altitudeMode><coordinates>28.55299967341125,-29.382063020020723</coordinates></Point></Placemark><Placemark><styleUrl>#point</styleUrl><Point><altitudeMode>clampToGround</altitudeMode><coordinates>28.552886517718434,-29.381745345890522</coordinates></Point></Placemark><Placemark><styleUrl>#point</styleUrl><Point><altitudeMode>clampToGround</altitudeMode><coordinates>28.552367510274053,-29.381027016788721</coordinates></Point></Placemark><Placemark><styleUrl>#point</styleUrl><Point><altitudeMode>clampToGround</altitudeMode><coordinates>28.55224178172648,-29.380883434787393</coordinates></Point></Placemark><Placemark><styleUrl>#point</styleUrl><Point><altitudeMode>clampToGround</altitudeMode><coordinates>28.552195262163877,-29.380795089527965</coordinates></Point></Placemark><Placemark><styleUrl>#point</styleUrl><Point><altitudeMode>clampToGround</altitudeMode><coordinates>28.552154609933496,-29.380692830309272</coordinates></Point></Placemark><Placemark><styleUrl>#point</styleUrl><Point><altitudeMode>clampToGround</altitudeMode><coordinates>28.552121333777905,-29.3805842846632</coordinates></Point></Placemark><Placemark><styleUrl>#point</styleUrl><Point><altitudeMode>clampToGround</altitudeMode><coordinates>28.552097110077739,-29.380475739017129</coordinates></Point></Placemark><Placemark><styleUrl>#point</styleUrl><Point><altitudeMode>clampToGround</altitudeMode><coordinates>28.551910277456045,-29.37944577075541</coordinates></Point></Placemark><Placemark><styleUrl>#point</styleUrl><Point><altitudeMode>clampToGround</altitudeMode><coordinates>28.551873564720154,-29.378639096394181</coordinates></Point></Placemark><Placemark><styleUrl>#point</styleUrl><Point><altitudeMode>clampToGround</altitudeMode><coordinates>28.551992420107126,-29.378070216625929</coordinates></Point></Placemark><Placemark><styleUrl>#point</styleUrl><Point><altitudeMode>clampToGround</altitudeMode><coordinates>28.552042543888092,-29.377985894680023</coordinates></Point></Placemark><Placemark><styleUrl>#point</styleUrl><Point><altitudeMode>clampToGround</altitudeMode><coordinates>28.552101971581578,-29.37790366820991</coordinates></Point></Placemark><Placemark><styleUrl>#point</styleUrl><Point><altitudeMode>clampToGround</altitudeMode><coordinates>28.55217388831079,-29.377825548872352</coordinates></Point></Placemark><Placemark><styleUrl>#point</styleUrl><Point><altitudeMode>clampToGround</altitudeMode><coordinates>28.552260724827647,-29.37775413505733</coordinates></Point></Placemark><Placemark><styleUrl>#point</styleUrl><Point><altitudeMode>clampToGround</altitudeMode><coordinates>28.552364744246006,-29.377683056518435</coordinates></Point></Placemark><Placemark><styleUrl>#point</styleUrl><Point><altitudeMode>clampToGround</altitudeMode><coordinates>28.552563479170203,-29.377529416233301</coordinates></Point></Placemark><Placemark><styleUrl>#point</styleUrl><Point><altitudeMode>clampToGround</altitudeMode><coordinates>28.552640844136477,-29.377444172278047</coordinates></Point></Placemark><Placemark><styleUrl>#point</styleUrl><Point><altitudeMode>clampToGround</altitudeMode><coordinates>28.552705133333802,-29.377360185608268</coordinates></Point></Placemark><Placemark><styleUrl>#point</styleUrl><Point><altitudeMode>clampToGround</altitudeMode><coordinates>28.552751904353499,-29.377288687974215</coordinates></Point></Placemark><Placemark><styleUrl>#point</styleUrl><Point><altitudeMode>clampToGround</altitudeMode><coordinates>28.55278174392879,-29.377226075157523</coordinates></Point></Placemark><Placemark><styleUrl>#point</styleUrl><Point><altitudeMode>clampToGround</altitudeMode><coordinates>28.552799010649323,-29.377169581130147</coordinates></Point></Placemark><Placemark><styleUrl>#point</styleUrl><Point><altitudeMode>clampToGround</altitudeMode><coordinates>28.552807392552495,-29.377114260569215</coordinates></Point></Placemark><Placemark><styleUrl>#point</styleUrl><Point><altitudeMode>clampToGround</altitudeMode><coordinates>28.552813176065683,-29.377054078504443</coordinates></Point></Placemark><Placemark><styleUrl>#point</styleUrl><Point><altitudeMode>clampToGround</altitudeMode><coordinates>28.552960278466344,-29.376122849062085</coordinates></Point></Placemark><Placemark><styleUrl>#point</styleUrl><Point><altitudeMode>clampToGround</altitudeMode><coordinates>28.553081145510077,-29.375752955675125</coordinates></Point></Placemark><Placemark><styleUrl>#point</styleUrl><Point><altitudeMode>clampToGround</altitudeMode><coordinates>28.553092796355486,-29.375643990933895</coordinates></Point></Placemark><Placemark><styleUrl>#point</styleUrl><Point><altitudeMode>clampToGround</altitudeMode><coordinates>28.553089527413249,-29.375529745593667</coordinates></Point></Placemark><Placemark><styleUrl>#point</styleUrl><Point><altitudeMode>clampToGround</altitudeMode><coordinates>28.553070584312081,-29.375409297645092</coordinates></Point></Placemark><Placemark><styleUrl>#point</styleUrl><Point><altitudeMode>clampToGround</altitudeMode><coordinates>28.553036469966173,-29.375288262963295</coordinates></Point></Placemark><Placemark><styleUrl>#point</styleUrl><Point><altitudeMode>clampToGround</altitudeMode><coordinates>28.552991040050983,-29.375159265473485</coordinates></Point></Placemark><Placemark><styleUrl>#point</styleUrl><Point><altitudeMode>clampToGround</altitudeMode><coordinates>28.552386537194252,-29.373924192041159</coordinates></Point></Placemark><Placemark><styleUrl>#point</styleUrl><Point><altitudeMode>clampToGround</altitudeMode><coordinates>28.552002478390932,-29.373129587620497</coordinates></Point></Placemark><Placemark><styleUrl>#point</styleUrl><Point><altitudeMode>clampToGround</altitudeMode><coordinates>28.551946152001619,-29.37305155210197</coordinates></Point></Placemark><Placemark><styleUrl>#point</styleUrl><Point><altitudeMode>clampToGround</altitudeMode><coordinates>28.551881527528167,-29.372980305925012</coordinates></Point></Placemark><Placemark><styleUrl>#point</styleUrl><Point><altitudeMode>clampToGround</altitudeMode><coordinates>28.551807599142194,-29.372916100546718</coordinates></Point></Placemark><Placemark><styleUrl>#point</styleUrl><Point><altitudeMode>clampToGround</altitudeMode><coordinates>28.551724702119827,-29.372859606519341</coordinates></Point></Placemark><Placemark><styleUrl>#point</styleUrl><Point><altitudeMode>clampToGround</altitudeMode><coordinates>28.551630573347211,-29.372807387262583</coordinates></Point></Placemark><Placemark><styleUrl>#point</styleUrl><Point><altitudeMode>clampToGround</altitudeMode><coordinates>28.551532421261072,-29.372759107500315</coordinates></Point></Placemark><Placemark><styleUrl>#point</styleUrl><Point><altitudeMode>clampToGround</altitudeMode><coordinates>28.550327019765973,-29.372380748391151</coordinates></Point></Placemark><Placemark><styleUrl>#point</styleUrl><Point><altitudeMode>clampToGround</altitudeMode><coordinates>28.549898033961654,-29.372274801135063</coordinates></Point></Placemark><Placemark><styleUrl>#point</styleUrl><Point><altitudeMode>clampToGround</altitudeMode><coordinates>28.549034697934985,-29.372181845828891</coordinates></Point></Placemark><Placemark><styleUrl>#point</styleUrl><Point><altitudeMode>clampToGround</altitudeMode><coordinates>28.548319051042199,-29.372196178883314</coordinates></Point></Placemark><Placemark><styleUrl>#point</styleUrl><Point><altitudeMode>clampToGround</altitudeMode><coordinates>28.548163985833526,-29.372223168611526</coordinates></Point></Placemark><Placemark><styleUrl>#point</styleUrl><Point><altitudeMode>clampToGround</altitudeMode><coordinates>28.547328393906355,-29.372395919635892</coordinates></Point></Placemark><Placemark><styleUrl>#point</styleUrl><Point><altitudeMode>clampToGround</altitudeMode><coordinates>28.547032261267304,-29.372505303472281</coordinates></Point></Placemark><Placemark><styleUrl>#point</styleUrl><Point><altitudeMode>clampToGround</altitudeMode><coordinates>28.54692212305963,-29.372525420039892</coordinates></Point></Placemark><Placemark><styleUrl>#point</styleUrl><Point><altitudeMode>clampToGround</altitudeMode><coordinates>28.546808212995529,-29.372552996501327</coordinates></Point></Placemark><Placemark><styleUrl>#point</styleUrl><Point><altitudeMode>clampToGround</altitudeMode><coordinates>28.546756329014897,-29.372562048956752</coordinates></Point></Placemark><Placemark><styleUrl>#point</styleUrl><Point><altitudeMode>clampToGround</altitudeMode><coordinates>28.546707965433598,-29.372570347040892</coordinates></Point></Placemark><Placemark><styleUrl>#point</styleUrl><Point><altitudeMode>clampToGround</altitudeMode><coordinates>28.546668905764818,-29.372577555477619</coordinates></Point></Placemark><Placemark><styleUrl>#point</styleUrl><Point><altitudeMode>clampToGround</altitudeMode><coordinates>28.546639150008559,-29.372585266828537</coordinates></Point></Placemark><Placemark><styleUrl>#point</styleUrl><Point><altitudeMode>clampToGround</altitudeMode><coordinates>28.546461453661323,-29.372607227414846</coordinates></Point></Placemark><Placemark><styleUrl>#point</styleUrl><Point><altitudeMode>clampToGround</altitudeMode><coordinates>28.545802887529135,-29.372616866603494</coordinates></Point></Placemark><Placemark><styleUrl>#point</styleUrl><Point><altitudeMode>clampToGround</altitudeMode><coordinates>28.545230403542519,-29.37255903147161</coordinates></Point></Placemark><Placemark><styleUrl>#point</styleUrl><Point><altitudeMode>clampToGround</altitudeMode><coordinates>28.545133844017982,-29.372532125562429</coordinates></Point></Placemark><Placemark><styleUrl>#point</styleUrl><Point><altitudeMode>clampToGround</altitudeMode><coordinates>28.544822288677096,-29.372462974861264</coordinates></Point></Placemark><Placemark><styleUrl>#point</styleUrl><Point><altitudeMode>clampToGround</altitudeMode><coordinates>28.544712485745549,-29.372456939890981</coordinates></Point></Placemark><Placemark><styleUrl>#point</styleUrl><Point><altitudeMode>clampToGround</altitudeMode><coordinates>28.544604862108827,-29.372461466118693</coordinates></Point></Placemark><Placemark><styleUrl>#point</styleUrl><Point><altitudeMode>clampToGround</altitudeMode><coordinates>28.544502519071102,-29.372476218268275</coordinates></Point></Placemark><Placemark><styleUrl>#point</styleUrl><Point><altitudeMode>clampToGround</altitudeMode><coordinates>28.544404115527868,-29.372503962367773</coordinates></Point></Placemark><Placemark><styleUrl>#point</styleUrl><Point><altitudeMode>clampToGround</altitudeMode><coordinates>28.544320045039058,-29.372542686760426</coordinates></Point></Placemark><Placemark><styleUrl>#point</styleUrl><Point><altitudeMode>clampToGround</altitudeMode><coordinates>28.544238824397326,-29.372594738379121</coordinates></Point></Placemark><Placemark><styleUrl>#point</styleUrl><Point><altitudeMode>clampToGround</altitudeMode><coordinates>28.544162297621369,-29.372654417529702</coordinates></Point></Placemark><Placemark><styleUrl>#point</styleUrl><Point><altitudeMode>clampToGround</altitudeMode><coordinates>28.544087950140238,-29.372721053659916</coordinates></Point></Placemark><Placemark><styleUrl>#point</styleUrl><Point><altitudeMode>clampToGround</altitudeMode><coordinates>28.543456792831421,-29.373635519295931</coordinates></Point></Placemark><Placemark><styleUrl>#point</styleUrl><Point><altitudeMode>clampToGround</altitudeMode><coordinates>28.543137861415744,-29.374445714056492</coordinates></Point></Placemark><Placemark><styleUrl>#point</styleUrl><Point><altitudeMode>clampToGround</altitudeMode><coordinates>28.543118499219418,-29.374495502561331</coordinates></Point></Placemark><Placemark><styleUrl>#point</styleUrl><Point><altitudeMode>clampToGround</altitudeMode><coordinates>28.543089916929603,-29.37454872764647</coordinates></Point></Placemark><Placemark><styleUrl>#point</styleUrl><Point><altitudeMode>clampToGround</altitudeMode><coordinates>28.543048175051808,-29.374604718759656</coordinates></Point></Placemark><Placemark><styleUrl>#point</styleUrl><Point><altitudeMode>clampToGround</altitudeMode><coordinates>28.54298765771091,-29.374657943844795</coordinates></Point></Placemark><Placemark><styleUrl>#point</styleUrl><Point><altitudeMode>clampToGround</altitudeMode><coordinates>28.542907861992717,-29.374707899987698</coordinates></Point></Placemark><Placemark><styleUrl>#point</styleUrl><Point><altitudeMode>clampToGround</altitudeMode><coordinates>28.542814990505576,-29.37475299462676</coordinates></Point></Placemark><Placemark><styleUrl>#point</styleUrl><Point><altitudeMode>clampToGround</altitudeMode><coordinates>28.542717425152659,-29.374791299924254</coordinates></Point></Placemark><Placemark><styleUrl>#point</styleUrl><Point><altitudeMode>clampToGround</altitudeMode><coordinates>28.542622542008758,-29.374818624928594</coordinates></Point></Placemark><Placemark><styleUrl>#point</styleUrl><Point><altitudeMode>clampToGround</altitudeMode><coordinates>28.54253176599741,-29.374833628535271</coordinates></Point></Placemark><Placemark><styleUrl>#point</styleUrl><Point><altitudeMode>clampToGround</altitudeMode><coordinates>28.542448366060853,-29.374832035973668</coordinates></Point></Placemark><Placemark><styleUrl>#point</styleUrl><Point><altitudeMode>clampToGround</altitudeMode><coordinates>28.542377622798085,-29.374818541109562</coordinates></Point></Placemark><Placemark><styleUrl>#point</styleUrl><Point><altitudeMode>clampToGround</altitudeMode><coordinates>28.542315009981394,-29.37480135820806</coordinates></Point></Placemark><Placemark><styleUrl>#point</styleUrl><Point><altitudeMode>clampToGround</altitudeMode><coordinates>28.542177714407444,-29.374752240255475</coordinates></Point></Placemark><Placemark><styleUrl>#point</styleUrl><Point><altitudeMode>clampToGround</altitudeMode><coordinates>28.542112419381738,-29.374716868624091</coordinates></Point></Placemark><Placemark><styleUrl>#point</styleUrl><Point><altitudeMode>clampToGround</altitudeMode><coordinates>28.541382858529687,-29.374298192560673</coordinates></Point></Placemark><Placemark><styleUrl>#point</styleUrl><Point><altitudeMode>clampToGround</altitudeMode><coordinates>28.541140789166093,-29.374203644692898</coordinates></Point></Placemark><Placemark><styleUrl>#point</styleUrl><Point><altitudeMode>clampToGround</altitudeMode><coordinates>28.541011288762093,-29.37417883425951</coordinates></Point></Placemark><Placemark><styleUrl>#point</styleUrl><Point><altitudeMode>clampToGround</altitudeMode><coordinates>28.540364038199186,-29.374149916693568</coordinates></Point></Placemark><Placemark><styleUrl>#point</styleUrl><Point><altitudeMode>clampToGround</altitudeMode><coordinates>28.540251050144434,-29.374163579195738</coordinates></Point></Placemark><Placemark><styleUrl>#point</styleUrl><Point><altitudeMode>clampToGround</altitudeMode><coordinates>28.539066184312105,-29.374437583610415</coordinates></Point></Placemark><Placemark><styleUrl>#point</styleUrl><Point><altitudeMode>clampToGround</altitudeMode><coordinates>28.53830267675221,-29.374743942171335</coordinates></Point></Placemark><Placemark><styleUrl>#point</styleUrl><Point><altitudeMode>clampToGround</altitudeMode><coordinates>28.53822648525238,-29.374784091487527</coordinates></Point></Placemark><Placemark><styleUrl>#point</styleUrl><Point><altitudeMode>clampToGround</altitudeMode><coordinates>28.538154987618327,-29.374834215268493</coordinates></Point></Placemark><Placemark><styleUrl>#point</styleUrl><Point><altitudeMode>clampToGround</altitudeMode><coordinates>28.537624916061759,-29.375181393697858</coordinates></Point></Placemark><Placemark><styleUrl>#point</styleUrl><Point><altitudeMode>clampToGround</altitudeMode><coordinates>28.537525255233049,-29.375220704823732</coordinates></Point></Placemark><Placemark><styleUrl>#point</styleUrl><Point><altitudeMode>clampToGround</altitudeMode><coordinates>28.537459960207343,-29.375255908817053</coordinates></Point></Placemark><Placemark><styleUrl>#point</styleUrl><Point><altitudeMode>clampToGround</altitudeMode><coordinates>28.536947658285499,-29.375521950423717</coordinates></Point></Placemark><Placemark><styleUrl>#point</styleUrl><Point><altitudeMode>clampToGround</altitudeMode><coordinates>28.536909520626068,-29.375549526885152</coordinates></Point></Placemark><Placemark><styleUrl>#point</styleUrl><Point><altitudeMode>clampToGround</altitudeMode><coordinates>28.536864342167974,-29.375588921830058</coordinates></Point></Placemark><Placemark><styleUrl>#point</styleUrl><Point><altitudeMode>clampToGround</altitudeMode><coordinates>28.536745654419065,-29.375681793317199</coordinates></Point></Placemark><Placemark><styleUrl>#point</styleUrl><Point><altitudeMode>clampToGround</altitudeMode><coordinates>28.536664349958301,-29.3757214397192</coordinates></Point></Placemark><Placemark><styleUrl>#point</styleUrl><Point><altitudeMode>clampToGround</altitudeMode><coordinates>28.53656318038702,-29.375752788037062</coordinates></Point></Placemark><Placemark><styleUrl>#point</styleUrl><Point><altitudeMode>clampToGround</altitudeMode><coordinates>28.53645178489387,-29.375776089727879</coordinates></Point></Placemark><Placemark><styleUrl>#point</styleUrl><Point><altitudeMode>clampToGround</altitudeMode><coordinates>28.536343490704894,-29.3757957033813</coordinates></Point></Placemark><Placemark><styleUrl>#point</styleUrl><Point><altitudeMode>clampToGround</altitudeMode><coordinates>28.536067055538297,-29.375846832990646</coordinates></Point></Placemark><Placemark><styleUrl>#point</styleUrl><Point><altitudeMode>clampToGround</altitudeMode><coordinates>28.536002095788717,-29.375847419723868</coordinates></Point></Placemark><Placemark><styleUrl>#point</styleUrl><Point><altitudeMode>clampToGround</altitudeMode><coordinates>28.535927077755332,-29.375838618725538</coordinates></Point></Placemark><Placemark><styleUrl>#point</styleUrl><Point><altitudeMode>clampToGround</altitudeMode><coordinates>28.535744855180383,-29.375813389196992</coordinates></Point></Placemark><Placemark><styleUrl>#point</styleUrl><Point><altitudeMode>clampToGround</altitudeMode><coordinates>28.535645864903927,-29.375817496329546</coordinates></Point></Placemark><Placemark><styleUrl>#point</styleUrl><Point><altitudeMode>clampToGround</altitudeMode><coordinates>28.535537905991077,-29.375838534906507</coordinates></Point></Placemark><Placemark><styleUrl>#point</styleUrl><Point><altitudeMode>clampToGround</altitudeMode><coordinates>28.534776829183102,-29.376063840463758</coordinates></Point></Placemark><Placemark><styleUrl>#point</styleUrl><Point><altitudeMode>clampToGround</altitudeMode><coordinates>28.534405259415507,-29.376238519325852</coordinates></Point></Placemark><Placemark><styleUrl>#point</styleUrl><Point><altitudeMode>clampToGround</altitudeMode><coordinates>28.53432085365057,-29.376295180991292</coordinates></Point></Placemark><Placemark><styleUrl>#point</styleUrl><Point><altitudeMode>clampToGround</altitudeMode><coordinates>28.533875523135066,-29.376568850129843</coordinates></Point></Placemark><Placemark><styleUrl>#point</styleUrl><Point><altitudeMode>clampToGround</altitudeMode><coordinates>28.53345014154911,-29.376838160678744</coordinates></Point></Placemark><Placemark><styleUrl>#point</styleUrl><Point><altitudeMode>clampToGround</altitudeMode><coordinates>28.533391552045941,-29.376872023567557</coordinates></Point></Placemark><Placemark><styleUrl>#point</styleUrl><Point><altitudeMode>clampToGround</altitudeMode><coordinates>28.53310908190906,-29.376989034935832</coordinates></Point></Placemark><Placemark><styleUrl>#point</styleUrl><Point><altitudeMode>clampToGround</altitudeMode><coordinates>28.533031716942787,-29.377003535628319</coordinates></Point></Placemark><Placemark><styleUrl>#point</styleUrl><Point><altitudeMode>clampToGround</altitudeMode><coordinates>28.532956028357148,-29.377003367990255</coordinates></Point></Placemark><Placemark><styleUrl>#point</styleUrl><Point><altitudeMode>clampToGround</altitudeMode><coordinates>28.532444983720779,-29.376964056864381</coordinates></Point></Placemark><Placemark><styleUrl>#point</styleUrl><Point><altitudeMode>clampToGround</altitudeMode><coordinates>28.532334677875042,-29.376933462917805</coordinates></Point></Placemark><Placemark><styleUrl>#point</styleUrl><Point><altitudeMode>clampToGround</altitudeMode><coordinates>28.532234765589237,-29.376895744353533</coordinates></Point></Placemark><Placemark><styleUrl>#point</styleUrl><Point><altitudeMode>clampToGround</altitudeMode><coordinates>28.531410321593285,-29.376565581187606</coordinates></Point></Placemark><Placemark><styleUrl>#point</styleUrl><Point><altitudeMode>clampToGround</altitudeMode><coordinates>28.531275959685445,-29.376530628651381</coordinates></Point></Placemark><Placemark><styleUrl>#point</styleUrl><Point><altitudeMode>clampToGround</altitudeMode><coordinates>28.531152913346887,-29.376509841531515</coordinates></Point></Placemark><Placemark><styleUrl>#point</styleUrl><Point><altitudeMode>clampToGround</altitudeMode><coordinates>28.531039003282785,-29.376503555104136</coordinates></Point></Placemark><Placemark><styleUrl>#point</styleUrl><Point><altitudeMode>clampToGround</altitudeMode><coordinates>28.530930709093809,-29.376513110473752</coordinates></Point></Placemark><Placemark><styleUrl>#point</styleUrl><Point><altitudeMode>clampToGround</altitudeMode><coordinates>28.53082568384707,-29.376538004726171</coordinates></Point></Placemark><Placemark><styleUrl>#point</styleUrl><Point><altitudeMode>clampToGround</altitudeMode><coordinates>28.530732979997993,-29.376574717462063</coordinates></Point></Placemark><Placemark><styleUrl>#point</styleUrl><Point><altitudeMode>clampToGround</altitudeMode><coordinates>28.530647903680801,-29.376624757423997</coordinates></Point></Placemark><Placemark><styleUrl>#point</styleUrl><Point><altitudeMode>clampToGround</altitudeMode><coordinates>28.53057456202805,-29.376683514565229</coordinates></Point></Placemark><Placemark><styleUrl>#point</styleUrl><Point><altitudeMode>clampToGround</altitudeMode><coordinates>28.530515301972628,-29.376750402152538</coordinates></Point></Placemark><Placemark><styleUrl>#point</styleUrl><Point><altitudeMode>clampToGround</altitudeMode><coordinates>28.530471967533231,-29.376821396872401</coordinates></Point></Placemark><Placemark><styleUrl>#point</styleUrl><Point><altitudeMode>clampToGround</altitudeMode><coordinates>28.530440032482147,-29.376894738525152</coordinates></Point></Placemark><Placemark><styleUrl>#point</styleUrl><Point><altitudeMode>clampToGround</altitudeMode><coordinates>28.530423939228058,-29.376971181482077</coordinates></Point></Placemark><Placemark><styleUrl>#point</styleUrl><Point><altitudeMode>clampToGround</altitudeMode><coordinates>28.530423101037741,-29.377050558105111</coordinates></Point></Placemark><Placemark><styleUrl>#point</styleUrl><Point><altitudeMode>clampToGround</altitudeMode><coordinates>28.530432069674134,-29.377133622765541</coordinates></Point></Placemark><Placemark><styleUrl>#point</styleUrl><Point><altitudeMode>clampToGround</altitudeMode><coordinates>28.530444307252765,-29.377218363806605</coordinates></Point></Placemark><Placemark><styleUrl>#point</styleUrl><Point><altitudeMode>clampToGround</altitudeMode><coordinates>28.530460232868791,-29.377591023221612</coordinates></Point></Placemark><Placemark><styleUrl>#point</styleUrl><Point><altitudeMode>clampToGround</altitudeMode><coordinates>28.530481774359941,-29.377763774245977</coordinates></Point></Placemark><Placemark><styleUrl>#point</styleUrl><Point><altitudeMode>clampToGround</altitudeMode><coordinates>28.530494766309857,-29.378418987616897</coordinates></Point></Placemark><Placemark><styleUrl>#point</styleUrl><Point><altitudeMode>clampToGround</altitudeMode><coordinates>28.530375491827726,-29.378706319257617</coordinates></Point></Placemark><Placemark><styleUrl>#point</styleUrl><Point><altitudeMode>clampToGround</altitudeMode><coordinates>28.530329475179315,-29.378765327855945</coordinates></Point></Placemark><Placemark><styleUrl>#point</styleUrl><Point><altitudeMode>clampToGround</altitudeMode><coordinates>28.53027306497097,-29.378819223493338</coordinates></Point></Placemark><Placemark><styleUrl>#point</styleUrl><Point><altitudeMode>clampToGround</altitudeMode><coordinates>28.53020709939301,-29.378861133009195</coordinates></Point></Placemark><Placemark><styleUrl>#point</styleUrl><Point><altitudeMode>clampToGround</altitudeMode><coordinates>28.530129147693515,-29.378890888765454</coordinates></Point></Placemark><Placemark><styleUrl>#point</styleUrl><Point><altitudeMode>clampToGround</altitudeMode><coordinates>28.530042059719563,-29.378909580409527</coordinates></Point></Placemark><Placemark><styleUrl>#point</styleUrl><Point><altitudeMode>clampToGround</altitudeMode><coordinates>28.529950026422739,-29.378916202113032</coordinates></Point></Placemark><Placemark><styleUrl>#point</styleUrl><Point><altitudeMode>clampToGround</altitudeMode><coordinates>28.529858076944947,-29.378907233476639</coordinates></Point></Placemark><Placemark><styleUrl>#point</styleUrl><Point><altitudeMode>clampToGround</altitudeMode><coordinates>28.529767049476504,-29.378896420821548</coordinates></Point></Placemark><Placemark><styleUrl>#point</styleUrl><Point><altitudeMode>clampToGround</altitudeMode><coordinates>28.529528919607401,-29.378867335617542</coordinates></Point></Placemark><Placemark><styleUrl>#point</styleUrl><Point><altitudeMode>clampToGround</altitudeMode><coordinates>28.529463624581695,-29.378840010613203</coordinates></Point></Placemark><Placemark><styleUrl>#point</styleUrl><Point><altitudeMode>clampToGround</altitudeMode><coordinates>28.529393384233117,-29.378800112754107</coordinates></Point></Placemark><Placemark><styleUrl>#point</styleUrl><Point><altitudeMode>clampToGround</altitudeMode><coordinates>28.529316354542971,-29.378756443038583</coordinates></Point></Placemark><Placemark><styleUrl>#point</styleUrl><Point><altitudeMode>clampToGround</altitudeMode><coordinates>28.529227171093225,-29.378709839656949</coordinates></Point></Placemark><Placemark><styleUrl>#point</styleUrl><Point><altitudeMode>clampToGround</altitudeMode><coordinates>28.528811512514949,-29.378495514392853</coordinates></Point></Placemark><Placemark><styleUrl>#point</styleUrl><Point><altitudeMode>clampToGround</altitudeMode><coordinates>28.528195358812809,-29.378105085343122</coordinates></Point></Placemark><Placemark><styleUrl>#point</styleUrl><Point><altitudeMode>clampToGround</altitudeMode><coordinates>28.528123442083597,-29.378067618235946</coordinates></Point></Placemark><Placemark><styleUrl>#point</styleUrl><Point><altitudeMode>clampToGround</altitudeMode><coordinates>28.528044149279594,-29.378036437556148</coordinates></Point></Placemark><Placemark><styleUrl>#point</styleUrl><Point><altitudeMode>clampToGround</altitudeMode><coordinates>28.527959240600467,-29.37801112420857</coordinates></Point></Placemark><Placemark><styleUrl>#point</styleUrl><Point><altitudeMode>clampToGround</altitudeMode><coordinates>28.527870308607817,-29.37798866070807</coordinates></Point></Placemark><Placemark><styleUrl>#point</styleUrl><Point><altitudeMode>clampToGround</altitudeMode><coordinates>28.527498822659254,-29.377925461158156</coordinates></Point></Placemark><Placemark><styleUrl>#point</styleUrl><Point><altitudeMode>clampToGround</altitudeMode><coordinates>28.527403520420194,-29.377923365682364</coordinates></Point></Placemark><Placemark><styleUrl>#point</styleUrl><Point><altitudeMode>clampToGround</altitudeMode><coordinates>28.527137897908688,-29.377914983779192</coordinates></Point></Placemark><Placemark><styleUrl>#point</styleUrl><Point><altitudeMode>clampToGround</altitudeMode><coordinates>28.527058437466621,-29.37789972871542</coordinates></Point></Placemark><Placemark><styleUrl>#point</styleUrl><Point><altitudeMode>clampToGround</altitudeMode><coordinates>28.526980988681316,-29.377875505015254</coordinates></Point></Placemark><Placemark><styleUrl>#point</styleUrl><Point><altitudeMode>clampToGround</altitudeMode><coordinates>28.526899516582489,-29.377841306850314</coordinates></Point></Placemark><Placemark><styleUrl>#point</styleUrl><Point><altitudeMode>clampToGround</altitudeMode><coordinates>28.52682039141655,-29.377800654619932</coordinates></Point></Placemark><Placemark><styleUrl>#point</styleUrl><Point><altitudeMode>clampToGround</altitudeMode><coordinates>28.526746714487672,-29.377755140885711</coordinates></Point></Placemark><Placemark><styleUrl>#point</styleUrl><Point><altitudeMode>clampToGround</altitudeMode><coordinates>28.526678401976824,-29.377696802839637</coordinates></Point></Placemark><Placemark><styleUrl>#point</styleUrl><Point><altitudeMode>clampToGround</altitudeMode><coordinates>28.526630038395524,-29.377632513642311</coordinates></Point></Placemark><Placemark><styleUrl>#point</styleUrl><Point><altitudeMode>clampToGround</altitudeMode><coordinates>28.526596175506711,-29.377566380426288</coordinates></Point></Placemark><Placemark><styleUrl>#point</styleUrl><Point><altitudeMode>clampToGround</altitudeMode><coordinates>28.526579663157463,-29.377498822286725</coordinates></Point></Placemark><Placemark><styleUrl>#point</styleUrl><Point><altitudeMode>clampToGround</altitudeMode><coordinates>28.52658636868,-29.377439059317112</coordinates></Point></Placemark><Placemark><styleUrl>#point</styleUrl><Point><altitudeMode>clampToGround</altitudeMode><coordinates>28.526606736704707,-29.377382732927799</coordinates></Point></Placemark><Placemark><styleUrl>#point</styleUrl><Point><altitudeMode>clampToGround</altitudeMode><coordinates>28.526637330651283,-29.377327244728804</coordinates></Point></Placemark><Placemark><styleUrl>#point</styleUrl><Point><altitudeMode>clampToGround</altitudeMode><coordinates>28.526681838557124,-29.377273097634315</coordinates></Point></Placemark><Placemark><styleUrl>#point</styleUrl><Point><altitudeMode>clampToGround</altitudeMode><coordinates>28.526733387261629,-29.377220207825303</coordinates></Point></Placemark><Placemark><styleUrl>#point</styleUrl><Point><altitudeMode>clampToGround</altitudeMode><coordinates>28.526793401688337,-29.377167988568544</coordinates></Point></Placemark><Placemark><styleUrl>#point</styleUrl><Point><altitudeMode>clampToGround</altitudeMode><coordinates>28.526861965656281,-29.377116188406944</coordinates></Point></Placemark><Placemark><styleUrl>#point</styleUrl><Point><altitudeMode>clampToGround</altitudeMode><coordinates>28.526943353936076,-29.377061622217298</coordinates></Point></Placemark><Placemark><styleUrl>#point</styleUrl><Point><altitudeMode>clampToGround</altitudeMode><coordinates>28.527037817984819,-29.376997584477067</coordinates></Point></Placemark><Placemark><styleUrl>#point</styleUrl><Point><altitudeMode>clampToGround</altitudeMode><coordinates>28.527135970070958,-29.37691711820662</coordinates></Point></Placemark><Placemark><styleUrl>#point</styleUrl><Point><altitudeMode>clampToGround</altitudeMode><coordinates>28.527226494625211,-29.37682575546205</coordinates></Point></Placemark><Placemark><styleUrl>#point</styleUrl><Point><altitudeMode>clampToGround</altitudeMode><coordinates>28.527299333363771,-29.376736655831337</coordinates></Point></Placemark><Placemark><styleUrl>#point</styleUrl><Point><altitudeMode>clampToGround</altitudeMode><coordinates>28.527350295335054,-29.376651998609304</coordinates></Point></Placemark><Placemark><styleUrl>#point</styleUrl><Point><altitudeMode>clampToGround</altitudeMode><coordinates>28.527378290891647,-29.376575136557221</coordinates></Point></Placemark><Placemark><styleUrl>#point</styleUrl><Point><altitudeMode>clampToGround</altitudeMode><coordinates>28.527390863746405,-29.376508416607976</coordinates></Point></Placemark><Placemark><styleUrl>#point</styleUrl><Point><altitudeMode>clampToGround</altitudeMode><coordinates>28.527397569268942,-29.376443959772587</coordinates></Point></Placemark><Placemark><styleUrl>#point</styleUrl><Point><altitudeMode>clampToGround</altitudeMode><coordinates>28.527411818504333,-29.376222090795636</coordinates></Point></Placemark><Placemark><styleUrl>#point</styleUrl><Point><altitudeMode>clampToGround</altitudeMode><coordinates>28.527391199022532,-29.376137852668762</coordinates></Point></Placemark><Placemark><styleUrl>#point</styleUrl><Point><altitudeMode>clampToGround</altitudeMode><coordinates>28.527351133525372,-29.376052357256413</coordinates></Point></Placemark><Placemark><styleUrl>#point</styleUrl><Point><altitudeMode>clampToGround</altitudeMode><coordinates>28.527295645326376,-29.375970298424363</coordinates></Point></Placemark><Placemark><styleUrl>#point</styleUrl><Point><altitudeMode>clampToGround</altitudeMode><coordinates>28.527227081358433,-29.375892346724868</coordinates></Point></Placemark><Placemark><styleUrl>#point</styleUrl><Point><altitudeMode>clampToGround</altitudeMode><coordinates>28.527150973677635,-29.375825962051749</coordinates></Point></Placemark><Placemark><styleUrl>#point</styleUrl><Point><altitudeMode>clampToGround</altitudeMode><coordinates>28.52707352489233,-29.375771312043071</coordinates></Point></Placemark><Placemark><styleUrl>#point</styleUrl><Point><altitudeMode>clampToGround</altitudeMode><coordinates>28.526983419433236,-29.375716913491488</coordinates></Point></Placemark><Placemark><styleUrl>#point</styleUrl><Point><altitudeMode>clampToGround</altitudeMode><coordinates>28.526889542117715,-29.375667041167617</coordinates></Point></Placemark><Placemark><styleUrl>#point</styleUrl><Point><altitudeMode>clampToGround</altitudeMode><coordinates>28.52656583301723,-29.375509293749928</coordinates></Point></Placemark><Placemark><styleUrl>#point</styleUrl><Point><altitudeMode>clampToGround</altitudeMode><coordinates>28.525879858061671,-29.375122552737594</coordinates></Point></Placemark><Placemark><styleUrl>#point</styleUrl><Point><altitudeMode>clampToGround</altitudeMode><coordinates>28.52494896389544,-29.374568425118923</coordinates></Point></Placemark><Placemark><styleUrl>#point</styleUrl><Point><altitudeMode>clampToGround</altitudeMode><coordinates>28.524877214804292,-29.374505644664168</coordinates></Point></Placemark><Placemark><styleUrl>#point</styleUrl><Point><altitudeMode>clampToGround</altitudeMode><coordinates>28.524817368015647,-29.374435739591718</coordinates></Point></Placemark><Placemark><styleUrl>#point</styleUrl><Point><altitudeMode>clampToGround</altitudeMode><coordinates>28.524770848453045,-29.374359380453825</coordinates></Point></Placemark><Placemark><styleUrl>#point</styleUrl><Point><altitudeMode>clampToGround</altitudeMode><coordinates>28.524736650288105,-29.374271035194397</coordinates></Point></Placemark><Placemark><styleUrl>#point</styleUrl><Point><altitudeMode>clampToGround</altitudeMode><coordinates>28.524714102968574,-29.374171709641814</coordinates></Point></Placemark><Placemark><styleUrl>#point</styleUrl><Point><altitudeMode>clampToGround</altitudeMode><coordinates>28.524698009714484,-29.374065008014441</coordinates></Point></Placemark><Placemark><styleUrl>#point</styleUrl><Point><altitudeMode>clampToGround</altitudeMode><coordinates>28.524696920067072,-29.373220279812813</coordinates></Point></Placemark><Placemark><styleUrl>#point</styleUrl><Point><altitudeMode>clampToGround</altitudeMode><coordinates>28.524597343057394,-29.372275387868285</coordinates></Point></Placemark><Placemark><styleUrl>#point</styleUrl><Point><altitudeMode>clampToGround</altitudeMode><coordinates>28.524570520967245,-29.372209422290325</coordinates></Point></Placemark><Placemark><styleUrl>#point</styleUrl><Point><altitudeMode>clampToGround</altitudeMode><coordinates>28.524534562602639,-29.372145384550095</coordinates></Point></Placemark><Placemark><styleUrl>#point</styleUrl><Point><altitudeMode>clampToGround</altitudeMode><coordinates>28.524488378316164,-29.372084112837911</coordinates></Point></Placemark><Placemark><styleUrl>#point</styleUrl><Point><altitudeMode>clampToGround</altitudeMode><coordinates>28.524210602045059,-29.371790075674653</coordinates></Point></Placemark><Placemark><styleUrl>#point</styleUrl><Point><altitudeMode>clampToGround</altitudeMode><coordinates>28.524143127724528,-29.371740287169814</coordinates></Point></Placemark><Placemark><styleUrl>#point</styleUrl><Point><altitudeMode>clampToGround</altitudeMode><coordinates>28.524064421653748,-29.371700473129749</coordinates></Point></Placemark><Placemark><styleUrl>#point</styleUrl><Point><altitudeMode>clampToGround</altitudeMode><coordinates>28.523973142728209,-29.371669543907046</coordinates></Point></Placemark><Placemark><styleUrl>#point</styleUrl><Point><altitudeMode>clampToGround</altitudeMode><coordinates>28.523878594860435,-29.371647499501705</coordinates></Point></Placemark><Placemark><styleUrl>#point</styleUrl><Point><altitudeMode>clampToGround</altitudeMode><coordinates>28.5237767547369,-29.371633669361472</coordinates></Point></Placemark><Placemark><styleUrl>#point</styleUrl><Point><altitudeMode>clampToGround</altitudeMode><coordinates>28.523671226575971,-29.371630819514394</coordinates></Point></Placemark><Placemark><styleUrl>#point</styleUrl><Point><altitudeMode>clampToGround</altitudeMode><coordinates>28.523561591282487,-29.37164138071239</coordinates></Point></Placemark><Placemark><styleUrl>#point</styleUrl><Point><altitudeMode>clampToGround</altitudeMode><coordinates>28.523448435589671,-29.371666191145778</coordinates></Point></Placemark><Placemark><styleUrl>#point</styleUrl><Point><altitudeMode>clampToGround</altitudeMode><coordinates>28.523337123915553,-29.371696198359132</coordinates></Point></Placemark><Placemark><styleUrl>#point</styleUrl><Point><altitudeMode>clampToGround</altitudeMode><coordinates>28.522223001345992,-29.371941117569804</coordinates></Point></Placemark><Placemark><styleUrl>#point</styleUrl><Point><altitudeMode>clampToGround</altitudeMode><coordinates>28.521078871563077,-29.372157705947757</coordinates></Point></Placemark><Placemark><styleUrl>#point</styleUrl><Point><altitudeMode>clampToGround</altitudeMode><coordinates>28.520003641024232,-29.37229173257947</coordinates></Point></Placemark><Placemark><styleUrl>#point</styleUrl><Point><altitudeMode>clampToGround</altitudeMode><coordinates>28.519902303814888,-29.372290894389153</coordinates></Point></Placemark><Placemark><styleUrl>#point</styleUrl><Point><altitudeMode>clampToGround</altitudeMode><coordinates>28.519800212234259,-29.37228050082922</coordinates></Point></Placemark><Placemark><styleUrl>#point</styleUrl><Point><altitudeMode>clampToGround</altitudeMode><coordinates>28.519702395424247,-29.372260300442576</coordinates></Point></Placemark><Placemark><styleUrl>#point</styleUrl><Point><altitudeMode>clampToGround</altitudeMode><coordinates>28.519611367955804,-29.372228281572461</coordinates></Point></Placemark><Placemark><styleUrl>#point</styleUrl><Point><altitudeMode>clampToGround</altitudeMode><coordinates>28.519530147314072,-29.372181426733732</coordinates></Point></Placemark><Placemark><styleUrl>#point</styleUrl><Point><altitudeMode>clampToGround</altitudeMode><coordinates>28.519463008269668,-29.372120574116707</coordinates></Point></Placemark><Placemark><styleUrl>#point</styleUrl><Point><altitudeMode>clampToGround</altitudeMode><coordinates>28.519416153430939,-29.372047986835241</coordinates></Point></Placemark><Placemark><styleUrl>#point</styleUrl><Point><altitudeMode>clampToGround</altitudeMode><coordinates>28.519395114853978,-29.371965089812875</coordinates></Point></Placemark><Placemark><styleUrl>#point</styleUrl><Point><altitudeMode>clampToGround</altitudeMode><coordinates>28.519388074055314,-29.371874900534749</coordinates></Point></Placemark><Placemark><styleUrl>#point</styleUrl><Point><altitudeMode>clampToGround</altitudeMode><coordinates>28.519391845911741,-29.371771216392517</coordinates></Point></Placemark><Placemark><styleUrl>#point</styleUrl><Point><altitudeMode>clampToGround</altitudeMode><coordinates>28.519403748214245,-29.371654959395528</coordinates></Point></Placemark><Placemark><styleUrl>#point</styleUrl><Point><altitudeMode>clampToGround</altitudeMode><coordinates>28.519503325223923,-29.371020281687379</coordinates></Point></Placemark><Placemark><styleUrl>#point</styleUrl><Point><altitudeMode>clampToGround</altitudeMode><coordinates>28.519485974684358,-29.370559360831976</coordinates></Point></Placemark><Placemark><styleUrl>#point</styleUrl><Point><altitudeMode>clampToGround</altitudeMode><coordinates>28.519454291090369,-29.370456682518125</coordinates></Point></Placemark><Placemark><styleUrl>#point</styleUrl><Point><altitudeMode>clampToGround</altitudeMode><coordinates>28.519411543384194,-29.370359955355525</coordinates></Point></Placemark><Placemark><styleUrl>#point</styleUrl><Point><altitudeMode>clampToGround</altitudeMode><coordinates>28.5190658736974,-29.369497373700142</coordinates></Point></Placemark><Placemark><styleUrl>#point</styleUrl><Point><altitudeMode>clampToGround</altitudeMode><coordinates>28.519020946696401,-29.369391677901149</coordinates></Point></Placemark><Placemark><styleUrl>#point</styleUrl><Point><altitudeMode>clampToGround</altitudeMode><coordinates>28.518909048289061,-29.36919528990984</coordinates></Point></Placemark><Placemark><styleUrl>#point</styleUrl><Point><altitudeMode>clampToGround</altitudeMode><coordinates>28.51883428171277,-29.369106274098158</coordinates></Point></Placemark><Placemark><styleUrl>#point</styleUrl><Point><altitudeMode>clampToGround</altitudeMode><coordinates>28.518748115748167,-29.369030082598329</coordinates></Point></Placemark><Placemark><styleUrl>#point</styleUrl><Point><altitudeMode>clampToGround</altitudeMode><coordinates>28.518657507374883,-29.368966212496161</coordinates></Point></Placemark><Placemark><styleUrl>#point</styleUrl><Point><altitudeMode>clampToGround</altitudeMode><coordinates>28.518567653372884,-29.368908125907183</coordinates></Point></Placemark><Placemark><styleUrl>#point</styleUrl><Point><altitudeMode>clampToGround</altitudeMode><coordinates>28.518192898482084,-29.368655998259783</coordinates></Point></Placemark><Placemark><styleUrl>#point</styleUrl><Point><altitudeMode>clampToGround</altitudeMode><coordinates>28.518079156056046,-29.368613082915545</coordinates></Point></Placemark><Placemark><styleUrl>#point</styleUrl><Point><altitudeMode>clampToGround</altitudeMode><coordinates>28.51796549744904,-29.368584668263793</coordinates></Point></Placemark><Placemark><styleUrl>#point</styleUrl><Point><altitudeMode>clampToGround</altitudeMode><coordinates>28.517852760851383,-29.368567736819386</coordinates></Point></Placemark><Placemark><styleUrl>#point</styleUrl><Point><altitudeMode>clampToGround</altitudeMode><coordinates>28.517741449177265,-29.368555583059788</coordinates></Point></Placemark><Placemark><styleUrl>#point</styleUrl><Point><altitudeMode>clampToGround</altitudeMode><coordinates>28.516868809238076,-29.368566479533911</coordinates></Point></Placemark><Placemark><styleUrl>#point</styleUrl><Point><altitudeMode>clampToGround</altitudeMode><coordinates>28.516140589490533,-29.368636049330235</coordinates></Point></Placemark><Placemark><styleUrl>#point</styleUrl><Point><altitudeMode>clampToGround</altitudeMode><coordinates>28.516050819307566,-29.368649963289499</coordinates></Point></Placemark><Placemark><styleUrl>#point</styleUrl><Point><altitudeMode>clampToGround</altitudeMode><coordinates>28.514924375340343,-29.368807710707188</coordinates></Point></Placemark><Placemark><styleUrl>#point</styleUrl><Point><altitudeMode>clampToGround</altitudeMode><coordinates>28.513623671606183,-29.368928326293826</coordinates></Point></Placemark><Placemark><styleUrl>#point</styleUrl><Point><altitudeMode>clampToGround</altitudeMode><coordinates>28.512032367289066,-29.369130413979292</coordinates></Point></Placemark><Placemark><styleUrl>#point</styleUrl><Point><altitudeMode>clampToGround</altitudeMode><coordinates>28.511700108647346,-29.369190679863095</coordinates></Point></Placemark><Placemark><styleUrl>#point</styleUrl><Point><altitudeMode>clampToGround</altitudeMode><coordinates>28.511604890227318,-29.369226722046733</coordinates></Point></Placemark><Placemark><styleUrl>#point</styleUrl><Point><altitudeMode>clampToGround</altitudeMode><coordinates>28.511513695120811,-29.369269972667098</coordinates></Point></Placemark><Placemark><styleUrl>#point</styleUrl><Point><altitudeMode>clampToGround</altitudeMode><coordinates>28.511425768956542,-29.369318755343556</coordinates></Point></Placemark><Placemark><styleUrl>#point</styleUrl><Point><altitudeMode>clampToGround</altitudeMode><coordinates>28.511342285200953,-29.369374243542552</coordinates></Point></Placemark><Placemark><styleUrl>#point</styleUrl><Point><altitudeMode>clampToGround</altitudeMode><coordinates>28.511267937719822,-29.369437778368592</coordinates></Point></Placemark><Placemark><styleUrl>#point</styleUrl><Point><altitudeMode>clampToGround</altitudeMode><coordinates>28.511203229427338,-29.369512628763914</coordinates></Point></Placemark><Placemark><styleUrl>#point</styleUrl><Point><altitudeMode>clampToGround</altitudeMode><coordinates>28.511147238314152,-29.369596280157566</coordinates></Point></Placemark><Placemark><styleUrl>#point</styleUrl><Point><altitudeMode>clampToGround</altitudeMode><coordinates>28.511100132018328,-29.36968931928277</coordinates></Point></Placemark><Placemark><styleUrl>#point</styleUrl><Point><altitudeMode>clampToGround</altitudeMode><coordinates>28.511060904711485,-29.369787471368909</coordinates></Point></Placemark><Placemark><styleUrl>#point</styleUrl><Point><altitudeMode>clampToGround</altitudeMode><coordinates>28.51102746091783,-29.369889814406633</coordinates></Point></Placemark><Placemark><styleUrl>#point</styleUrl><Point><altitudeMode>clampToGround</altitudeMode><coordinates>28.510644491761923,-29.370803274214268</coordinates></Point></Placemark><Placemark><styleUrl>#point</styleUrl><Point><altitudeMode>clampToGround</altitudeMode><coordinates>28.510274011641741,-29.371832655742764</coordinates></Point></Placemark><Placemark><styleUrl>#point</styleUrl><Point><altitudeMode>clampToGround</altitudeMode><coordinates>28.510084915906191,-29.372527431696653</coordinates></Point></Placemark><Placemark><styleUrl>#point</styleUrl><Point><altitudeMode>clampToGround</altitudeMode><coordinates>28.510016854852438,-29.372617704793811</coordinates></Point></Placemark><Placemark><styleUrl>#point</styleUrl><Point><altitudeMode>clampToGround</altitudeMode><coordinates>28.509938484057784,-29.372699931263924</coordinates></Point></Placemark><Placemark><styleUrl>#point</styleUrl><Point><altitudeMode>clampToGround</altitudeMode><coordinates>28.509850222617388,-29.372778385877609</coordinates></Point></Placemark><Placemark><styleUrl>#point</styleUrl><Point><altitudeMode>clampToGround</altitudeMode><coordinates>28.509753830730915,-29.372848123311996</coordinates></Point></Placemark><Placemark><styleUrl>#point</styleUrl><Point><altitudeMode>clampToGround</altitudeMode><coordinates>28.509645452722907,-29.372907718643546</coordinates></Point></Placemark><Placemark><styleUrl>#point</styleUrl><Point><altitudeMode>clampToGround</altitudeMode><coordinates>28.509529447183013,-29.372953064739704</coordinates></Point></Placemark><Placemark><styleUrl>#point</styleUrl><Point><altitudeMode>clampToGround</altitudeMode><coordinates>28.509410256519914,-29.372983742505312</coordinates></Point></Placemark><Placemark><styleUrl>#point</styleUrl><Point><altitudeMode>clampToGround</altitudeMode><coordinates>28.509292155504227,-29.372997488826513</coordinates></Point></Placemark><Placemark><styleUrl>#point</styleUrl><Point><altitudeMode>clampToGround</altitudeMode><coordinates>28.509174725040793,-29.372997405007482</coordinates></Point></Placemark><Placemark><styleUrl>#point</styleUrl><Point><altitudeMode>clampToGround</altitudeMode><coordinates>28.509050672873855,-29.372983491048217</coordinates></Point></Placemark><Placemark><styleUrl>#point</styleUrl><Point><altitudeMode>clampToGround</altitudeMode><coordinates>28.508925782516599,-29.372959854081273</coordinates></Point></Placemark><Placemark><styleUrl>#point</styleUrl><Point><altitudeMode>clampToGround</altitudeMode><coordinates>28.50788651034236,-29.372776038944721</coordinates></Point></Placemark><Placemark><styleUrl>#point</styleUrl><Point><altitudeMode>clampToGround</altitudeMode><coordinates>28.506682869046926,-29.372507985681295</coordinates></Point></Placemark><Placemark><styleUrl>#point</styleUrl><Point><altitudeMode>clampToGround</altitudeMode><coordinates>28.505191309377551,-29.372424501925707</coordinates></Point></Placemark><Placemark><styleUrl>#point</styleUrl><Point><altitudeMode>clampToGround</altitudeMode><coordinates>28.50406788289547,-29.372421400621533</coordinates></Point></Placemark><Placemark><styleUrl>#point</styleUrl><Point><altitudeMode>clampToGround</altitudeMode><coordinates>28.502166615799069,-29.372470434755087</coordinates></Point></Placemark><Placemark><styleUrl>#point</styleUrl><Point><altitudeMode>clampToGround</altitudeMode><coordinates>28.499854383990169,-29.372770339250565</coordinates></Point></Placemark><Placemark><styleUrl>#point</styleUrl><Point><altitudeMode>clampToGround</altitudeMode><coordinates>28.498821901157498,-29.372959854081273</coordinates></Point></Placemark><Placemark><styleUrl>#point</styleUrl><Point><altitudeMode>clampToGround</altitudeMode><coordinates>28.498560972511768,-29.373038476333022</coordinates></Point></Placemark><Placemark><styleUrl>#point</styleUrl><Point><altitudeMode>clampToGround</altitudeMode><coordinates>28.498446894809604,-29.373096562922001</coordinates></Point></Placemark><Placemark><styleUrl>#point</styleUrl><Point><altitudeMode>clampToGround</altitudeMode><coordinates>28.498339774087071,-29.373165629804134</coordinates></Point></Placemark><Placemark><styleUrl>#point</styleUrl><Point><altitudeMode>clampToGround</altitudeMode><coordinates>28.498238604515791,-29.373242827132344</coordinates></Point></Placemark><Placemark><styleUrl>#point</styleUrl><Point><altitudeMode>clampToGround</altitudeMode><coordinates>28.498144811019301,-29.373327065259218</coordinates></Point></Placemark><Placemark><styleUrl>#point</styleUrl><Point><altitudeMode>clampToGround</altitudeMode><coordinates>28.498056130483747,-29.373414991423488</coordinates></Point></Placemark><Placemark><styleUrl>#point</styleUrl><Point><altitudeMode>clampToGround</altitudeMode><coordinates>28.497768463566899,-29.373816819861531</coordinates></Point></Placemark><Placemark><styleUrl>#point</styleUrl><Point><altitudeMode>clampToGround</altitudeMode><coordinates>28.497630329802632,-29.374105576425791</coordinates></Point></Placemark><Placemark><styleUrl>#point</styleUrl><Point><altitudeMode>clampToGround</altitudeMode><coordinates>28.497574087232351,-29.374188808724284</coordinates></Point></Placemark><Placemark><styleUrl>#point</styleUrl><Point><altitudeMode>clampToGround</altitudeMode><coordinates>28.497507367283106,-29.374263072386384</coordinates></Point></Placemark><Placemark><styleUrl>#point</styleUrl><Point><altitudeMode>clampToGround</altitudeMode><coordinates>28.497429667040706,-29.374332223087549</coordinates></Point></Placemark><Placemark><styleUrl>#point</styleUrl><Point><altitudeMode>clampToGround</altitudeMode><coordinates>28.497342076152563,-29.374399110674858</coordinates></Point></Placemark><Placemark><styleUrl>#point</styleUrl><Point><altitudeMode>clampToGround</altitudeMode><coordinates>28.49725004285574,-29.37446222640574</coordinates></Point></Placemark><Placemark><styleUrl>#point</styleUrl><Point><altitudeMode>clampToGround</altitudeMode><coordinates>28.49715381860733,-29.374516289681196</coordinates></Point></Placemark><Placemark><styleUrl>#point</styleUrl><Point><altitudeMode>clampToGround</altitudeMode><coordinates>28.497051056474447,-29.374558618292212</coordinates></Point></Placemark><Placemark><styleUrl>#point</styleUrl><Point><altitudeMode>clampToGround</altitudeMode><coordinates>28.496943349018693,-29.374590804800391</coordinates></Point></Placemark><Placemark><styleUrl>#point</styleUrl><Point><altitudeMode>clampToGround</altitudeMode><coordinates>28.496832204982638,-29.374613100662827</coordinates></Point></Placemark><Placemark><styleUrl>#point</styleUrl><Point><altitudeMode>clampToGround</altitudeMode><coordinates>28.496714606881142,-29.374630535021424</coordinates></Point></Placemark><Placemark><styleUrl>#point</styleUrl><Point><altitudeMode>clampToGround</altitudeMode><coordinates>28.495585983619094,-29.37473145313561</coordinates></Point></Placemark><Placemark><styleUrl>#point</styleUrl><Point><altitudeMode>clampToGround</altitudeMode><coordinates>28.494934039190412,-29.374827677384019</coordinates></Point></Placemark><Placemark><styleUrl>#point</styleUrl><Point><altitudeMode>clampToGround</altitudeMode><coordinates>28.494796911254525,-29.374874196946621</coordinates></Point></Placemark><Placemark><styleUrl>#point</styleUrl><Point><altitudeMode>clampToGround</altitudeMode><coordinates>28.494682163000107,-29.374932702630758</coordinates></Point></Placemark><Placemark><styleUrl>#point</styleUrl><Point><altitudeMode>clampToGround</altitudeMode><coordinates>28.494576383382082,-29.375005709007382</coordinates></Point></Placemark><Placemark><styleUrl>#point</styleUrl><Point><altitudeMode>clampToGround</altitudeMode><coordinates>28.494482506066561,-29.375097574666142</coordinates></Point></Placemark><Placemark><styleUrl>#point</styleUrl><Point><altitudeMode>clampToGround</altitudeMode><coordinates>28.494412936270237,-29.375203605741262</coordinates></Point></Placemark><Placemark><styleUrl>#point</styleUrl><Point><altitudeMode>clampToGround</altitudeMode><coordinates>28.494369518011808,-29.375318521633744</coordinates></Point></Placemark><Placemark><styleUrl>#point</styleUrl><Point><altitudeMode>clampToGround</altitudeMode><coordinates>28.494352838024497,-29.375437460839748</coordinates></Point></Placemark><Placemark><styleUrl>#point</styleUrl><Point><altitudeMode>clampToGround</altitudeMode><coordinates>28.494356442242861,-29.375562351197004</coordinates></Point></Placemark><Placemark><styleUrl>#point</styleUrl><Point><altitudeMode>clampToGround</altitudeMode><coordinates>28.494372870773077,-29.375696629285812</coordinates></Point></Placemark><Placemark><styleUrl>#point</styleUrl><Point><altitudeMode>clampToGround</altitudeMode><coordinates>28.494393322616816,-29.376062583178282</coordinates></Point></Placemark><Placemark><styleUrl>#point</styleUrl><Point><altitudeMode>clampToGround</altitudeMode><coordinates>28.494374547153711,-29.376172218471766</coordinates></Point></Placemark><Placemark><styleUrl>#point</styleUrl><Point><altitudeMode>clampToGround</altitudeMode><coordinates>28.494339426979423,-29.376282440498471</coordinates></Point></Placemark><Placemark><styleUrl>#point</styleUrl><Point><altitudeMode>clampToGround</altitudeMode><coordinates>28.494289889931679,-29.376396685838699</coordinates></Point></Placemark><Placemark><styleUrl>#point</styleUrl><Point><altitudeMode>clampToGround</altitudeMode><coordinates>28.494229959324002,-29.376517552882433</coordinates></Point></Placemark><Placemark><styleUrl>#point</styleUrl><Point><altitudeMode>clampToGround</altitudeMode><coordinates>28.493691589683294,-29.377466635778546</coordinates></Point></Placemark><Placemark><styleUrl>#point</styleUrl><Point><altitudeMode>clampToGround</altitudeMode><coordinates>28.492794977501035,-29.378978814929724</coordinates></Point></Placemark><Placemark><styleUrl>#point</styleUrl><Point><altitudeMode>clampToGround</altitudeMode><coordinates>28.492059130221605,-29.380177510902286</coordinates></Point></Placemark><Placemark><styleUrl>#point</styleUrl><Point><altitudeMode>clampToGround</altitudeMode><coordinates>28.491476168856025,-29.381145369261503</coordinates></Point></Placemark><Placemark><styleUrl>#point</styleUrl><Point><altitudeMode>clampToGround</altitudeMode><coordinates>28.490960262715816,-29.382063774392009</coordinates></Point></Placemark><Placemark><styleUrl>#point</styleUrl><Point><altitudeMode>clampToGround</altitudeMode><coordinates>28.490881472826004,-29.382173577323556</coordinates></Point></Placemark><Placemark><styleUrl>#point</styleUrl><Point><altitudeMode>clampToGround</altitudeMode><coordinates>28.490798743441701,-29.382275165989995</coordinates></Point></Placemark><Placemark><styleUrl>#point</styleUrl><Point><altitudeMode>clampToGround</altitudeMode><coordinates>28.489635586738586,-29.383390378206968</coordinates></Point></Placemark><Placemark><styleUrl>#point</styleUrl><Point><altitudeMode>clampToGround</altitudeMode><coordinates>28.48915203474462,-29.384073168039322</coordinates></Point></Placemark><Placemark><styleUrl>#point</styleUrl><Point><altitudeMode>clampToGround</altitudeMode><coordinates>28.488752972334623,-29.385169520974159</coordinates></Point></Placemark><Placemark><styleUrl>#point</styleUrl><Point><altitudeMode>clampToGround</altitudeMode><coordinates>28.488654401153326,-29.385347720235586</coordinates></Point></Placemark><Placemark><styleUrl>#point</styleUrl><Point><altitudeMode>clampToGround</altitudeMode><coordinates>28.488593464717269,-29.385425085201859</coordinates></Point></Placemark><Placemark><styleUrl>#point</styleUrl><Point><altitudeMode>clampToGround</altitudeMode><coordinates>28.488522721454501,-29.38548912294209</coordinates></Point></Placemark><Placemark><styleUrl>#point</styleUrl><Point><altitudeMode>clampToGround</altitudeMode><coordinates>28.488438483327627,-29.385538324713707</coordinates></Point></Placemark><Placemark><styleUrl>#point</styleUrl><Point><altitudeMode>clampToGround</altitudeMode><coordinates>28.488346617668867,-29.385572019964457</coordinates></Point></Placemark><Placemark><styleUrl>#point</styleUrl><Point><altitudeMode>clampToGround</altitudeMode><coordinates>28.488246705383062,-29.38559272326529</coordinates></Point></Placemark><Placemark><styleUrl>#point</styleUrl><Point><altitudeMode>clampToGround</altitudeMode><coordinates>28.488134890794754,-29.385600602254272</coordinates></Point></Placemark><Placemark><styleUrl>#point</styleUrl><Point><altitudeMode>clampToGround</altitudeMode><coordinates>28.488037157803774,-29.385593309998512</coordinates></Point></Placemark><Placemark><styleUrl>#point</styleUrl><Point><altitudeMode>clampToGround</altitudeMode><coordinates>28.487935150042176,-29.38557218760252</coordinates></Point></Placemark><Placemark><styleUrl>#point</styleUrl><Point><altitudeMode>clampToGround</altitudeMode><coordinates>28.487834148108959,-29.385538827627897</coordinates></Point></Placemark><Placemark><styleUrl>#point</styleUrl><Point><altitudeMode>clampToGround</altitudeMode><coordinates>28.487739516422153,-29.385492224246264</coordinates></Point></Placemark><Placemark><styleUrl>#point</styleUrl><Point><altitudeMode>clampToGround</altitudeMode><coordinates>28.48766366019845,-29.385434556752443</coordinates></Point></Placemark><Placemark><styleUrl>#point</styleUrl><Point><altitudeMode>clampToGround</altitudeMode><coordinates>28.487601047381759,-29.385364232584834</coordinates></Point></Placemark><Placemark><styleUrl>#point</styleUrl><Point><altitudeMode>clampToGround</altitudeMode><coordinates>28.487548073753715,-29.385285191237926</coordinates></Point></Placemark><Placemark><styleUrl>#point</styleUrl><Point><altitudeMode>clampToGround</altitudeMode><coordinates>28.487497447058558,-29.385199779644608</coordinates></Point></Placemark><Placemark><styleUrl>#point</styleUrl><Point><altitudeMode>clampToGround</altitudeMode><coordinates>28.487022528424859,-29.384303586557508</coordinates></Point></Placemark><Placemark><styleUrl>#point</styleUrl><Point><altitudeMode>clampToGround</altitudeMode><coordinates>28.486713990569115,-29.383630687370896</coordinates></Point></Placemark><Placemark><styleUrl>#point</styleUrl><Point><altitudeMode>clampToGround</altitudeMode><coordinates>28.486680965870619,-29.383493643254042</coordinates></Point></Placemark><Placemark><styleUrl>#point</styleUrl><Point><altitudeMode>clampToGround</altitudeMode><coordinates>28.486618185415864,-29.382732314988971</coordinates></Point></Placemark><Placemark><styleUrl>#point</styleUrl><Point><altitudeMode>clampToGround</altitudeMode><coordinates>28.486714828759432,-29.381481651216745</coordinates></Point></Placemark><Placemark><styleUrl>#point</styleUrl><Point><altitudeMode>clampToGround</altitudeMode><coordinates>28.486829409375787,-29.380339113995433</coordinates></Point></Placemark><Placemark><styleUrl>#point</styleUrl><Point><altitudeMode>clampToGround</altitudeMode><coordinates>28.486915240064263,-29.379066489636898</coordinates></Point></Placemark><Placemark><styleUrl>#point</styleUrl><Point><altitudeMode>clampToGround</altitudeMode><coordinates>28.486906019970775,-29.378933720290661</coordinates></Point></Placemark><Placemark><styleUrl>#point</styleUrl><Point><altitudeMode>clampToGround</altitudeMode><coordinates>28.486881796270609,-29.378806483000517</coordinates></Point></Placemark><Placemark><styleUrl>#point</styleUrl><Point><altitudeMode>clampToGround</altitudeMode><coordinates>28.486842066049576,-29.378688633441925</coordinates></Point></Placemark><Placemark><styleUrl>#point</styleUrl><Point><altitudeMode>clampToGround</altitudeMode><coordinates>28.486787248402834,-29.378579668700695</coordinates></Point></Placemark><Placemark><styleUrl>#point</styleUrl><Point><altitudeMode>clampToGround</altitudeMode><coordinates>28.486717594787478,-29.378477074205875</coordinates></Point></Placemark><Placemark><styleUrl>#point</styleUrl><Point><altitudeMode>clampToGround</altitudeMode><coordinates>28.486633440479636,-29.37838445417583</coordinates></Point></Placemark><Placemark><styleUrl>#point</styleUrl><Point><altitudeMode>clampToGround</altitudeMode><coordinates>28.486536461859941,-29.378302479162812</coordinates></Point></Placemark><Placemark><styleUrl>#point</styleUrl><Point><altitudeMode>clampToGround</altitudeMode><coordinates>28.486426239833236,-29.378227796405554</coordinates></Point></Placemark><Placemark><styleUrl>#point</styleUrl><Point><altitudeMode>clampToGround</altitudeMode><coordinates>28.486302522942424,-29.37815479002893</coordinates></Point></Placemark><Placemark><styleUrl>#point</styleUrl><Point><altitudeMode>clampToGround</altitudeMode><coordinates>28.485148921608925,-29.377489686012268</coordinates></Point></Placemark><Placemark><styleUrl>#point</styleUrl><Point><altitudeMode>clampToGround</altitudeMode><coordinates>28.483941089361906,-29.376849308609962</coordinates></Point></Placemark><Placemark><styleUrl>#point</styleUrl><Point><altitudeMode>clampToGround</altitudeMode><coordinates>28.483859617263079,-29.376806393265724</coordinates></Point></Placemark><Placemark><styleUrl>#point</styleUrl><Point><altitudeMode>clampToGround</altitudeMode><coordinates>28.483785185962915,-29.376753671094775</coordinates></Point></Placemark><Placemark><styleUrl>#point</styleUrl><Point><altitudeMode>clampToGround</altitudeMode><coordinates>28.483714777976274,-29.376682676374912</coordinates></Point></Placemark><Placemark><styleUrl>#point</styleUrl><Point><altitudeMode>clampToGround</altitudeMode><coordinates>28.483664402738214,-29.376606401056051</coordinates></Point></Placemark><Placemark><styleUrl>#point</styleUrl><Point><altitudeMode>clampToGround</altitudeMode><coordinates>28.483626265078783,-29.376518810167909</coordinates></Point></Placemark><Placemark><styleUrl>#point</styleUrl><Point><altitudeMode>clampToGround</altitudeMode><coordinates>28.4836046397686,-29.376429123803973</coordinates></Point></Placemark><Placemark><styleUrl>#point</styleUrl><Point><altitudeMode>clampToGround</altitudeMode><coordinates>28.483606399968266,-29.376337258145213</coordinates></Point></Placemark><Placemark><styleUrl>#point</styleUrl><Point><altitudeMode>clampToGround</altitudeMode><coordinates>28.48363489843905,-29.376256875693798</coordinates></Point></Placemark><Placemark><styleUrl>#point</styleUrl><Point><altitudeMode>clampToGround</altitudeMode><coordinates>28.48368326202035,-29.376181354746222</coordinates></Point></Placemark><Placemark><styleUrl>#point</styleUrl><Point><altitudeMode>clampToGround</altitudeMode><coordinates>28.483744785189629,-29.376108180731535</coordinates></Point></Placemark><Placemark><styleUrl>#point</styleUrl><Point><altitudeMode>clampToGround</altitudeMode><coordinates>28.483803123235703,-29.376037940382957</coordinates></Point></Placemark><Placemark><styleUrl>#point</styleUrl><Point><altitudeMode>clampToGround</altitudeMode><coordinates>28.484269324690104,-29.375311564654112</coordinates></Point></Placemark><Placemark><styleUrl>#point</styleUrl><Point><altitudeMode>clampToGround</altitudeMode><coordinates>28.485345896333456,-29.373936597257853</coordinates></Point></Placemark><Placemark><styleUrl>#point</styleUrl><Point><altitudeMode>clampToGround</altitudeMode><coordinates>28.486244520172477,-29.372882489115</coordinates></Point></Placemark><Placemark><styleUrl>#point</styleUrl><Point><altitudeMode>clampToGround</altitudeMode><coordinates>28.486854387447238,-29.372031055390835</coordinates></Point></Placemark><Placemark><styleUrl>#point</styleUrl><Point><altitudeMode>clampToGround</altitudeMode><coordinates>28.486888166517019,-29.371931562200189</coordinates></Point></Placemark><Placemark><styleUrl>#point</styleUrl><Point><altitudeMode>clampToGround</altitudeMode><coordinates>28.486914318054914,-29.371831733733416</coordinates></Point></Placemark><Placemark><styleUrl>#point</styleUrl><Point><altitudeMode>clampToGround</altitudeMode><coordinates>28.486927812919021,-29.371734419837594</coordinates></Point></Placemark><Placemark><styleUrl>#point</styleUrl><Point><altitudeMode>clampToGround</altitudeMode><coordinates>28.486930914223194,-29.371634507551789</coordinates></Point></Placemark><Placemark><styleUrl>#point</styleUrl><Point><altitudeMode>clampToGround</altitudeMode><coordinates>28.486925465986133,-29.371529649943113</coordinates></Point></Placemark><Placemark><styleUrl>#point</styleUrl><Point><altitudeMode>clampToGround</altitudeMode><coordinates>28.486872492358088,-29.371214658021927</coordinates></Point></Placemark><Placemark><styleUrl>#point</styleUrl><Point><altitudeMode>clampToGround</altitudeMode><coordinates>28.486828403547406,-29.371119858697057</coordinates></Point></Placemark><Placemark><styleUrl>#point</styleUrl><Point><altitudeMode>clampToGround</altitudeMode><coordinates>28.486767634749413,-29.371032267808914</coordinates></Point></Placemark><Placemark><styleUrl>#point</styleUrl><Point><altitudeMode>clampToGround</altitudeMode><coordinates>28.486708542332053,-29.370965883135796</coordinates></Point></Placemark><Placemark><styleUrl>#point</styleUrl><Point><altitudeMode>clampToGround</altitudeMode><coordinates>28.486643917858601,-29.37090746127069</coordinates></Point></Placemark><Placemark><styleUrl>#point</styleUrl><Point><altitudeMode>clampToGround</altitudeMode><coordinates>28.48657694645226,-29.370859684422612</coordinates></Point></Placemark><Placemark><styleUrl>#point</styleUrl><Point><altitudeMode>clampToGround</altitudeMode><coordinates>28.486503520980477,-29.370815260335803</coordinates></Point></Placemark><Placemark><styleUrl>#point</styleUrl><Point><altitudeMode>clampToGround</altitudeMode><coordinates>28.486123234033585,-29.370576292276382</coordinates></Point></Placemark><Placemark><styleUrl>#point</styleUrl><Point><altitudeMode>clampToGround</altitudeMode><coordinates>28.486025417223573,-29.370535975322127</coordinates></Point></Placemark><Placemark><styleUrl>#point</styleUrl><Point><altitudeMode>clampToGround</altitudeMode><coordinates>28.485362576320767,-29.37026004306972</coordinates></Point></Placemark><Placemark><styleUrl>#point</styleUrl><Point><altitudeMode>clampToGround</altitudeMode><coordinates>28.485299041494727,-29.370206650346518</coordinates></Point></Placemark><Placemark><styleUrl>#point</styleUrl><Point><altitudeMode>clampToGround</altitudeMode><coordinates>28.48524933680892,-29.370139678940177</coordinates></Point></Placemark><Placemark><styleUrl>#point</styleUrl><Point><altitudeMode>clampToGround</altitudeMode><coordinates>28.485218910500407,-29.370057033374906</coordinates></Point></Placemark><Placemark><styleUrl>#point</styleUrl><Point><altitudeMode>clampToGround</altitudeMode><coordinates>28.485209690406919,-29.369962401688099</coordinates></Point></Placemark><Placemark><styleUrl>#point</styleUrl><Point><altitudeMode>clampToGround</altitudeMode><coordinates>28.485219581052661,-29.369862321764231</coordinates></Point></Placemark><Placemark><styleUrl>#point</styleUrl><Point><altitudeMode>clampToGround</altitudeMode><coordinates>28.485248582437634,-29.369761906564236</coordinates></Point></Placemark><Placemark><styleUrl>#point</styleUrl><Point><altitudeMode>clampToGround</altitudeMode><coordinates>28.485295185819268,-29.3696653470397</coordinates></Point></Placemark><Placemark><styleUrl>#point</styleUrl><Point><altitudeMode>clampToGround</altitudeMode><coordinates>28.485361486673355,-29.369576163589954</coordinates></Point></Placemark><Placemark><styleUrl>#point</styleUrl><Point><altitudeMode>clampToGround</altitudeMode><coordinates>28.485440528020263,-29.369504749774933</coordinates></Point></Placemark><Placemark><styleUrl>#point</styleUrl><Point><altitudeMode>clampToGround</altitudeMode><coordinates>28.485523676499724,-29.369450937956572</coordinates></Point></Placemark><Placemark><styleUrl>#point</styleUrl><Point><altitudeMode>clampToGround</altitudeMode><coordinates>28.485611518844962,-29.369406262412667</coordinates></Point></Placemark><Placemark><styleUrl>#point</styleUrl><Point><altitudeMode>clampToGround</altitudeMode><coordinates>28.48570765927434,-29.36936292797327</coordinates></Point></Placemark><Placemark><styleUrl>#point</styleUrl><Point><altitudeMode>clampToGround</altitudeMode><coordinates>28.485813271254301,-29.369322024285793</coordinates></Point></Placemark><Placemark><styleUrl>#point</styleUrl><Point><altitudeMode>clampToGround</altitudeMode><coordinates>28.486815160140395,-29.368905778974295</coordinates></Point></Placemark><Placemark><styleUrl>#point</styleUrl><Point><altitudeMode>clampToGround</altitudeMode><coordinates>28.487826520577073,-29.368560863658786</coordinates></Point></Placemark><Placemark><styleUrl>#point</styleUrl><Point><altitudeMode>clampToGround</altitudeMode><coordinates>28.488119719550014,-29.368489533662796</coordinates></Point></Placemark><Placemark><styleUrl>#point</styleUrl><Point><altitudeMode>clampToGround</altitudeMode><coordinates>28.488243520259857,-29.368439661338925</coordinates></Point></Placemark><Placemark><styleUrl>#point</styleUrl><Point><altitudeMode>clampToGround</altitudeMode><coordinates>28.488356173038483,-29.368378221988678</coordinates></Point></Placemark><Placemark><styleUrl>#point</styleUrl><Point><altitudeMode>clampToGround</altitudeMode><coordinates>28.488458599895239,-29.368310160934925</coordinates></Point></Placemark><Placemark><styleUrl>#point</styleUrl><Point><altitudeMode>clampToGround</altitudeMode><coordinates>28.488562116399407,-29.368230951949954</coordinates></Point></Placemark><Placemark><styleUrl>#point</styleUrl><Point><altitudeMode>clampToGround</altitudeMode><coordinates>28.48866730928421,-29.368150401860476</coordinates></Point></Placemark><Placemark><styleUrl>#point</styleUrl><Point><altitudeMode>clampToGround</altitudeMode><coordinates>28.489152956753969,-29.36780808493495</coordinates></Point></Placemark><Placemark><styleUrl>#point</styleUrl><Point><altitudeMode>clampToGround</altitudeMode><coordinates>28.489249516278505,-29.367763325572014</coordinates></Point></Placemark><Placemark><styleUrl>#point</styleUrl><Point><altitudeMode>clampToGround</altitudeMode><coordinates>28.489357391372323,-29.367735413834453</coordinates></Point></Placemark><Placemark><styleUrl>#point</styleUrl><Point><altitudeMode>clampToGround</altitudeMode><coordinates>28.489478258416057,-29.36771865002811</coordinates></Point></Placemark><Placemark><styleUrl>#point</styleUrl><Point><altitudeMode>clampToGround</altitudeMode><coordinates>28.489605244249105,-29.367706999182701</coordinates></Point></Placemark><Placemark><styleUrl>#point</styleUrl><Point><altitudeMode>clampToGround</altitudeMode><coordinates>28.491025809198618,-29.367612786591053</coordinates></Point></Placemark><Placemark><styleUrl>#point</styleUrl><Point><altitudeMode>clampToGround</altitudeMode><coordinates>28.491832567378879,-29.367570457980037</coordinates></Point></Placemark><Placemark><styleUrl>#point</styleUrl><Point><altitudeMode>clampToGround</altitudeMode><coordinates>28.491960056126118,-29.367536678910255</coordinates></Point></Placemark><Placemark><styleUrl>#point</styleUrl><Point><altitudeMode>clampToGround</altitudeMode><coordinates>28.492094334214926,-29.367483202368021</coordinates></Point></Placemark><Placemark><styleUrl>#point</styleUrl><Point><altitudeMode>clampToGround</altitudeMode><coordinates>28.493155734613538,-29.366935612633824</coordinates></Point></Placemark><Placemark><styleUrl>#point</styleUrl><Point><altitudeMode>clampToGround</altitudeMode><coordinates>28.49326872266829,-29.36688750050962</coordinates></Point></Placemark><Placemark><styleUrl>#point</styleUrl><Point><altitudeMode>clampToGround</altitudeMode><coordinates>28.493843469768763,-29.366606874391437</coordinates></Point></Placemark><Placemark><styleUrl>#point</styleUrl><Point><altitudeMode>clampToGround</altitudeMode><coordinates>28.49388194270432,-29.36656991019845</coordinates></Point></Placemark><Placemark><styleUrl>#point</styleUrl><Point><altitudeMode>clampToGround</altitudeMode><coordinates>28.493914548307657,-29.366533868014812</coordinates></Point></Placemark><Placemark><styleUrl>#point</styleUrl><Point><altitudeMode>clampToGround</altitudeMode><coordinates>28.494230546057224,-29.365951409563422</coordinates></Point></Placemark><Placemark><styleUrl>#point</styleUrl><Point><altitudeMode>clampToGround</altitudeMode><coordinates>28.494406146928668,-29.365608002990484</coordinates></Point></Placemark><Placemark><styleUrl>#point</styleUrl><Point><altitudeMode>clampToGround</altitudeMode><coordinates>28.494468675926328,-29.365537092089653</coordinates></Point></Placemark><Placemark><styleUrl>#point</styleUrl><Point><altitudeMode>clampToGround</altitudeMode><coordinates>28.49454939365387,-29.365483783185482</coordinates></Point></Placemark><Placemark><styleUrl>#point</styleUrl><Point><altitudeMode>clampToGround</altitudeMode><coordinates>28.494649808853865,-29.365441370755434</coordinates></Point></Placemark><Placemark><styleUrl>#point</styleUrl><Point><altitudeMode>clampToGround</altitudeMode><coordinates>28.494770843535662,-29.365399042144418</coordinates></Point></Placemark><Placemark><styleUrl>#point</styleUrl><Point><altitudeMode>clampToGround</altitudeMode><coordinates>28.495784299448133,-29.365014983341098</coordinates></Point></Placemark><Placemark><styleUrl>#point</styleUrl><Point><altitudeMode>clampToGround</altitudeMode><coordinates>28.496437165886164,-29.364477870985866</coordinates></Point></Placemark><Placemark><styleUrl>#point</styleUrl><Point><altitudeMode>clampToGround</altitudeMode><coordinates>28.496835641562939,-29.364049974828959</coordinates></Point></Placemark><Placemark><styleUrl>#point</styleUrl><Point><altitudeMode>clampToGround</altitudeMode><coordinates>28.496887609362602,-29.363951738923788</coordinates></Point></Placemark><Placemark><styleUrl>#point</styleUrl><Point><altitudeMode>clampToGround</altitudeMode><coordinates>28.496923735365272,-29.36385165899992</coordinates></Point></Placemark><Placemark><styleUrl>#point</styleUrl><Point><altitudeMode>clampToGround</altitudeMode><coordinates>28.497108221054077,-29.363034842535853</coordinates></Point></Placemark><Placemark><styleUrl>#point</styleUrl><Point><altitudeMode>clampToGround</altitudeMode><coordinates>28.49713034927845,-29.362886985763907</coordinates></Point></Placemark><Placemark><styleUrl>#point</styleUrl><Point><altitudeMode>clampToGround</altitudeMode><coordinates>28.497150046750903,-29.362551877275109</coordinates></Point></Placemark><Placemark><styleUrl>#point</styleUrl><Point><altitudeMode>clampToGround</altitudeMode><coordinates>28.497144263237715,-29.362405613064766</coordinates></Point></Placemark><Placemark><styleUrl>#point</styleUrl><Point><altitudeMode>clampToGround</altitudeMode><coordinates>28.497139904648066,-29.361676806584001</coordinates></Point></Placemark><Placemark><styleUrl>#point</styleUrl><Point><altitudeMode>clampToGround</altitudeMode><coordinates>28.49679859355092,-29.360561007633805</coordinates></Point></Placemark><Placemark><styleUrl>#point</styleUrl><Point><altitudeMode>clampToGround</altitudeMode><coordinates>28.496403973549604,-29.359467420727015</coordinates></Point></Placemark><Placemark><styleUrl>#point</styleUrl><Point><altitudeMode>clampToGround</altitudeMode><coordinates>28.496291991323233,-29.359018234536052</coordinates></Point></Placemark><Placemark><styleUrl>#point</styleUrl><Point><altitudeMode>clampToGround</altitudeMode><coordinates>28.496246393769979,-29.358905330300331</coordinates></Point></Placemark><Placemark><styleUrl>#point</styleUrl><Point><altitudeMode>clampToGround</altitudeMode><coordinates>28.495660331100225,-29.357858262956142</coordinates></Point></Placemark><Placemark><styleUrl>#point</styleUrl><Point><altitudeMode>clampToGround</altitudeMode><coordinates>28.495522029697895,-29.357592556625605</coordinates></Point></Placemark><Placemark><styleUrl>#point</styleUrl><Point><altitudeMode>clampToGround</altitudeMode><coordinates>28.4954993147403,-29.357512760907412</coordinates></Point></Placemark><Placemark><styleUrl>#point</styleUrl><Point><altitudeMode>clampToGround</altitudeMode><coordinates>28.495493615046144,-29.357433216646314</coordinates></Point></Placemark><Placemark><styleUrl>#point</styleUrl><Point><altitudeMode>clampToGround</altitudeMode><coordinates>28.495511384680867,-29.357351996004581</coordinates></Point></Placemark><Placemark><styleUrl>#point</styleUrl><Point><altitudeMode>clampToGround</altitudeMode><coordinates>28.495554719120264,-29.357273709028959</coordinates></Point></Placemark><Placemark><styleUrl>#point</styleUrl><Point><altitudeMode>clampToGround</altitudeMode><coordinates>28.495617331936955,-29.357201708480716</coordinates></Point></Placemark><Placemark><styleUrl>#point</styleUrl><Point><altitudeMode>clampToGround</altitudeMode><coordinates>28.4957030788064,-29.357130462303758</coordinates></Point></Placemark><Placemark><styleUrl>#point</styleUrl><Point><altitudeMode>clampToGround</altitudeMode><coordinates>28.495803913101554,-29.357059467583895</coordinates></Point></Placemark><Placemark><styleUrl>#point</styleUrl><Point><altitudeMode>clampToGround</altitudeMode><coordinates>28.495902316644788,-29.35699375346303</coordinates></Point></Placemark><Placemark><styleUrl>#point</styleUrl><Point><altitudeMode>clampToGround</altitudeMode><coordinates>28.496166681870818,-29.356830641627312</coordinates></Point></Placemark><Placemark><styleUrl>#point</styleUrl><Point><altitudeMode>clampToGround</altitudeMode><coordinates>28.496211189776659,-29.356811949983239</coordinates></Point></Placemark><Placemark><styleUrl>#point</styleUrl><Point><altitudeMode>clampToGround</altitudeMode><coordinates>28.496269527822733,-29.356796443462372</coordinates></Point></Placemark><Placemark><styleUrl>#point</styleUrl><Point><altitudeMode>clampToGround</altitudeMode><coordinates>28.496700441464782,-29.35669569298625</coordinates></Point></Placemark><Placemark><styleUrl>#point</styleUrl><Point><altitudeMode>clampToGround</altitudeMode><coordinates>28.496821895241737,-29.356643809005618</coordinates></Point></Placemark><Placemark><styleUrl>#point</styleUrl><Point><altitudeMode>clampToGround</altitudeMode><coordinates>28.496942343190312,-29.356583626940846</coordinates></Point></Placemark><Placemark><styleUrl>#point</styleUrl><Point><altitudeMode>clampToGround</altitudeMode><coordinates>28.497593449428678,-29.356239130720496</coordinates></Point></Placemark><Placemark><styleUrl>#point</styleUrl><Point><altitudeMode>clampToGround</altitudeMode><coordinates>28.497705766931176,-29.356222366914153</coordinates></Point></Placemark><Placemark><styleUrl>#point</styleUrl><Point><altitudeMode>clampToGround</altitudeMode><coordinates>28.497830154374242,-29.356218175962567</coordinates></Point></Placemark><Placemark><styleUrl>#point</styleUrl><Point><altitudeMode>clampToGround</altitudeMode><coordinates>28.498888956382871,-29.356087250635028</coordinates></Point></Placemark><Placemark><styleUrl>#point</styleUrl><Point><altitudeMode>clampToGround</altitudeMode><coordinates>28.499235883355141,-29.355954062193632</coordinates></Point></Placemark><Placemark><styleUrl>#point</styleUrl><Point><altitudeMode>clampToGround</altitudeMode><coordinates>28.499312326312065,-29.355911901220679</coordinates></Point></Placemark><Placemark><styleUrl>#point</styleUrl><Point><altitudeMode>clampToGround</altitudeMode><coordinates>28.499391116201878,-29.35586110688746</coordinates></Point></Placemark><Placemark><styleUrl>#point</styleUrl><Point><altitudeMode>clampToGround</altitudeMode><coordinates>28.49946454167366,-29.355807211250067</coordinates></Point></Placemark><Placemark><styleUrl>#point</styleUrl><Point><altitudeMode>clampToGround</altitudeMode><coordinates>28.499525310471654,-29.355753064155579</coordinates></Point></Placemark><Placemark><styleUrl>#point</styleUrl><Point><altitudeMode>clampToGround</altitudeMode><coordinates>28.499579709023237,-29.355700258165598</coordinates></Point></Placemark><Placemark><styleUrl>#point</styleUrl><Point><altitudeMode>clampToGround</altitudeMode><coordinates>28.499642070382833,-29.355652565136552</coordinates></Point></Placemark><Placemark><styleUrl>#point</styleUrl><Point><altitudeMode>clampToGround</altitudeMode><coordinates>28.499716250225902,-29.35561534948647</coordinates></Point></Placemark><Placemark><styleUrl>#point</styleUrl><Point><altitudeMode>clampToGround</altitudeMode><coordinates>28.499804176390171,-29.355590874329209</coordinates></Point></Placemark><Placemark><styleUrl>#point</styleUrl><Point><altitudeMode>clampToGround</altitudeMode><coordinates>28.499903837218881,-29.355572266504169</coordinates></Point></Placemark><Placemark><styleUrl>#point</styleUrl><Point><altitudeMode>clampToGround</altitudeMode><coordinates>28.500011628493667,-29.355564471334219</coordinates></Point></Placemark><Placemark><styleUrl>#point</styleUrl><Point><altitudeMode>clampToGround</altitudeMode><coordinates>28.500127885490656,-29.355564219877124</coordinates></Point></Placemark><Placemark><styleUrl>#point</styleUrl><Point><altitudeMode>clampToGround</altitudeMode><coordinates>28.50025319494307,-29.355561370030046</coordinates></Point></Placemark><Placemark><styleUrl>#point</styleUrl><Point><altitudeMode>clampToGround</altitudeMode><coordinates>28.500384287908673,-29.355546534061432</coordinates></Point></Placemark><Placemark><styleUrl>#point</styleUrl><Point><altitudeMode>clampToGround</altitudeMode><coordinates>28.501652888953686,-29.35513699427247</coordinates></Point></Placemark><Placemark><styleUrl>#point</styleUrl><Point><altitudeMode>clampToGround</altitudeMode><coordinates>28.502678498625755,-29.354632822796702</coordinates></Point></Placemark><Placemark><styleUrl>#point</styleUrl><Point><altitudeMode>clampToGround</altitudeMode><coordinates>28.503333795815706,-29.354220349341631</coordinates></Point></Placemark><Placemark><styleUrl>#point</styleUrl><Point><altitudeMode>clampToGround</altitudeMode><coordinates>28.503622049465775,-29.354050112888217</coordinates></Point></Placemark><Placemark><styleUrl>#point</styleUrl><Point><altitudeMode>clampToGround</altitudeMode><coordinates>28.503660941496491,-29.354051789268851</coordinates></Point></Placemark><Placemark><styleUrl>#point</styleUrl><Point><altitudeMode>clampToGround</altitudeMode><coordinates>28.503723721951246,-29.354069977998734</coordinates></Point></Placemark><Placemark><styleUrl>#point</styleUrl><Point><altitudeMode>clampToGround</altitudeMode><coordinates>28.503790022805333,-29.354110965505242</coordinates></Point></Placemark><Placemark><styleUrl>#point</styleUrl><Point><altitudeMode>clampToGround</altitudeMode><coordinates>28.50385582074523,-29.354172823950648</coordinates></Point></Placemark><Placemark><styleUrl>#point</styleUrl><Point><altitudeMode>clampToGround</altitudeMode><coordinates>28.503927821293473,-29.35425940901041</coordinates></Point></Placemark><Placemark><styleUrl>#point</styleUrl><Point><altitudeMode>clampToGround</altitudeMode><coordinates>28.50400191731751,-29.354354711249471</coordinates></Point></Placemark><Placemark><styleUrl>#point</styleUrl><Point><altitudeMode>clampToGround</altitudeMode><coordinates>28.504085233435035,-29.35444506816566</coordinates></Point></Placemark><Placemark><styleUrl>#point</styleUrl><Point><altitudeMode>clampToGround</altitudeMode><coordinates>28.504177602007985,-29.354518577456474</coordinates></Point></Placemark><Placemark><styleUrl>#point</styleUrl><Point><altitudeMode>clampToGround</altitudeMode><coordinates>28.504282291978598,-29.354573311284184</coordinates></Point></Placemark><Placemark><styleUrl>#point</styleUrl><Point><altitudeMode>clampToGround</altitudeMode><coordinates>28.504396788775921,-29.354606503620744</coordinates></Point></Placemark><Placemark><styleUrl>#point</styleUrl><Point><altitudeMode>clampToGround</altitudeMode><coordinates>28.504516063258052,-29.354619076475501</coordinates></Point></Placemark><Placemark><styleUrl>#point</styleUrl><Point><altitudeMode>clampToGround</altitudeMode><coordinates>28.504637600854039,-29.354612287133932</coordinates></Point></Placemark><Placemark><styleUrl>#point</styleUrl><Point><altitudeMode>clampToGround</altitudeMode><coordinates>28.504749834537506,-29.354585045948625</coordinates></Point></Placemark><Placemark><styleUrl>#point</styleUrl><Point><altitudeMode>clampToGround</altitudeMode><coordinates>28.504853015765548,-29.354537101462483</coordinates></Point></Placemark><Placemark><styleUrl>#point</styleUrl><Point><altitudeMode>clampToGround</altitudeMode><coordinates>28.504943707957864,-29.35446753166616</coordinates></Point></Placemark><Placemark><styleUrl>#point</styleUrl><Point><altitudeMode>clampToGround</altitudeMode><coordinates>28.505015540868044,-29.354381700977683</coordinates></Point></Placemark><Placemark><styleUrl>#point</styleUrl><Point><altitudeMode>clampToGround</altitudeMode><coordinates>28.505069352686405,-29.354280699044466</coordinates></Point></Placemark><Placemark><styleUrl>#point</styleUrl><Point><altitudeMode>clampToGround</altitudeMode><coordinates>28.505099527537823,-29.354169135913253</coordinates></Point></Placemark><Placemark><styleUrl>#point</styleUrl><Point><altitudeMode>clampToGround</altitudeMode><coordinates>28.505099611356854,-29.354052795097232</coordinates></Point></Placemark><Placemark><styleUrl>#point</styleUrl><Point><altitudeMode>clampToGround</altitudeMode><coordinates>28.505066083744168,-29.353936873376369</coordinates></Point></Placemark><Placemark><styleUrl>#point</styleUrl><Point><altitudeMode>clampToGround</altitudeMode><coordinates>28.505001291632652,-29.35382547788322</coordinates></Point></Placemark><Placemark><styleUrl>#point</styleUrl><Point><altitudeMode>clampToGround</altitudeMode><coordinates>28.504911353811622,-29.353725565597415</coordinates></Point></Placemark><Placemark><styleUrl>#point</styleUrl><Point><altitudeMode>clampToGround</altitudeMode><coordinates>28.504800545051694,-29.353634873405099</coordinates></Point></Placemark><Placemark><styleUrl>#point</styleUrl><Point><altitudeMode>clampToGround</altitudeMode><coordinates>28.504683030769229,-29.353548875078559</coordinates></Point></Placemark><Placemark><styleUrl>#point</styleUrl><Point><altitudeMode>clampToGround</altitudeMode><coordinates>28.504480440169573,-29.353384003043175</coordinates></Point></Placemark><Placemark><styleUrl>#point</styleUrl><Point><altitudeMode>clampToGround</altitudeMode><coordinates>28.504401985555887,-29.353295657783747</coordinates></Point></Placemark><Placemark><styleUrl>#point</styleUrl><Point><altitudeMode>clampToGround</altitudeMode><coordinates>28.50434448570013,-29.353200607001781</coordinates></Point></Placemark><Placemark><styleUrl>#point</styleUrl><Point><altitudeMode>clampToGround</altitudeMode><coordinates>28.504311544820666,-29.353099353611469</coordinates></Point></Placemark><Placemark><styleUrl>#point</styleUrl><Point><altitudeMode>clampToGround</altitudeMode><coordinates>28.504308862611651,-29.352992651984096</coordinates></Point></Placemark><Placemark><styleUrl>#point</styleUrl><Point><altitudeMode>clampToGround</altitudeMode><coordinates>28.504337444901466,-29.352892236784101</coordinates></Point></Placemark><Placemark><styleUrl>#point</styleUrl><Point><altitudeMode>clampToGround</altitudeMode><coordinates>28.504398548975587,-29.352798610925674</coordinates></Point></Placemark><Placemark><styleUrl>#point</styleUrl><Point><altitudeMode>clampToGround</altitudeMode><coordinates>28.504476165398955,-29.352717390283942</coordinates></Point></Placemark><Placemark><styleUrl>#point</styleUrl><Point><altitudeMode>clampToGround</altitudeMode><coordinates>28.504575155675411,-29.352651676163077</coordinates></Point></Placemark><Placemark><styleUrl>#point</styleUrl><Point><altitudeMode>clampToGround</altitudeMode><coordinates>28.504683701321483,-29.352610437199473</coordinates></Point></Placemark><Placemark><styleUrl>#point</styleUrl><Point><altitudeMode>clampToGround</altitudeMode><coordinates>28.50480574183166,-29.352590320631862</coordinates></Point></Placemark><Placemark><styleUrl>#point</styleUrl><Point><altitudeMode>clampToGround</altitudeMode><coordinates>28.504945719614625,-29.352591075003147</coordinates></Point></Placemark><Placemark><styleUrl>#point</styleUrl><Point><altitudeMode>clampToGround</altitudeMode><coordinates>28.505110591650009,-29.352608928456903</coordinates></Point></Placemark><Placemark><styleUrl>#point</styleUrl><Point><altitudeMode>clampToGround</altitudeMode><coordinates>28.505306895822287,-29.352638013660908</coordinates></Point></Placemark><Placemark><styleUrl>#point</styleUrl><Point><altitudeMode>clampToGround</altitudeMode><coordinates>28.506782613694668,-29.352898020297289</coordinates></Point></Placemark><Placemark><styleUrl>#point</styleUrl><Point><altitudeMode>clampToGround</altitudeMode><coordinates>28.508787648752332,-29.353324742987752</coordinates></Point></Placemark><Placemark><styleUrl>#point</styleUrl><Point><altitudeMode>clampToGround</altitudeMode><coordinates>28.509922809898853,-29.353645015507936</coordinates></Point></Placemark><Placemark><styleUrl>#point</styleUrl><Point><altitudeMode>clampToGround</altitudeMode><coordinates>28.510053567588329,-29.353663790971041</coordinates></Point></Placemark><Placemark><styleUrl>#point</styleUrl><Point><altitudeMode>clampToGround</altitudeMode><coordinates>28.510175943374634,-29.353657169267535</coordinates></Point></Placemark><Placemark><styleUrl>#point</styleUrl><Point><altitudeMode>clampToGround</altitudeMode><coordinates>28.510293960571289,-29.353623725473881</coordinates></Point></Placemark><Placemark><styleUrl>#point</styleUrl><Point><altitudeMode>clampToGround</altitudeMode><coordinates>28.510393034666777,-29.353566560894251</coordinates></Point></Placemark><Placemark><styleUrl>#point</styleUrl><Point><altitudeMode>clampToGround</altitudeMode><coordinates>28.510489258915186,-29.353476036339998</coordinates></Point></Placemark><Placemark><styleUrl>#point</styleUrl><Point><altitudeMode>clampToGround</altitudeMode><coordinates>28.510584058240056,-29.353365143761039</coordinates></Point></Placemark><Placemark><styleUrl>#point</styleUrl><Point><altitudeMode>clampToGround</altitudeMode><coordinates>28.510703667998314,-29.353241510689259</coordinates></Point></Placemark><Placemark><styleUrl>#point</styleUrl><Point><altitudeMode>clampToGround</altitudeMode><coordinates>28.508188929408789,-29.35100220143795</coordinates></Point></Placemark></Folder><Placemark><name>[331] Thaba-Tseka to Katse Highlights1(SN)</name><Style><LineStyle><color>ff0000ff</color><width>4</width></LineStyle></Style><MultiGeometry><LineString><coordinates>28.590420177206397,-29.515957301482558 28.590165954083204,-29.515990410000086 28.590099737048149,-29.515981525182724 28.590048691257834,-29.515955038368702 28.590014576911926,-29.515908434987068 28.589997561648488,-29.5158601552248 28.58997568488121,-29.51579469256103 28.589558517560363,-29.514890452846885 28.588938340544701,-29.513741042464972 28.588672550395131,-29.513143831863999 28.588571129366755,-29.512661034241319 28.588583199307323,-29.512556260451674 28.588609853759408,-29.512451235204935 28.588649667799473,-29.512348305433989 28.588697696104646,-29.512245878577232 28.589011514559388,-29.511549761518836 28.58922709710896,-29.510899996384978 28.589400099590421,-29.510455084964633 28.589418204501271,-29.510372774675488 28.589430944994092,-29.510281411930919 28.589437399059534,-29.510193737223744 28.589438404887915,-29.510104386135936 28.589180074632168,-29.509219760075212 28.588699959218502,-29.508079485967755 28.588641537353396,-29.507938586175442 28.588627874851227,-29.507874883711338 28.588623683899641,-29.507805062457919 28.588628880679607,-29.50773230753839 28.588642543181777,-29.507657289505005 28.588668694719672,-29.507581852376461 28.588709933683276,-29.507508678361773 28.588762991130352,-29.507440198212862 28.588823257014155,-29.507378339767456 28.588887546211481,-29.507325869053602 28.588956696912646,-29.507282534614205 28.589031044393778,-29.507245318964124 28.589106732979417,-29.507211707532406 28.589188707992435,-29.507180023938417 28.589277220889926,-29.507153453305364 28.590409783646464,-29.506855979561806 28.591816853731871,-29.506564121693373 28.593715438619256,-29.506132956594229 28.594664186239243,-29.506029272451997 28.595037013292313,-29.505979735404253 28.595130555331707,-29.505949895828962 28.595221834257245,-29.505910081788898 28.595676133409142,-29.505678741261363 28.595757186412811,-29.505622666329145 28.596831159666181,-29.504866367205977 28.597297864034772,-29.504280220717192 28.59737254679203,-29.504178296774626 28.597419317811728,-29.504133202135563 28.597467597573996,-29.504084084182978 28.597515039145947,-29.504024907946587 28.597562480717897,-29.503960115835071 28.597614280879498,-29.503896245732903 28.598339566960931,-29.503044476732612 28.598448531702161,-29.502841718494892 28.59846412204206,-29.502772148698568 28.598468899726868,-29.502702578902245 28.598464876413345,-29.50262663885951 28.598450208082795,-29.502549944445491 28.598428498953581,-29.502474339678884 28.598374351859093,-29.502344587817788 28.59832925722003,-29.502276945859194 28.597935726866126,-29.501723991706967 28.597746463492513,-29.501331048086286 28.597697932273149,-29.50126483105123 28.597641438245773,-29.501205319538713 28.597575472667813,-29.501148238778114 28.597500454634428,-29.501089984551072 28.596707107499242,-29.500368051230907 28.596048541367054,-29.499649722129107 28.596016187220812,-29.499569423496723 28.595988191664219,-29.499479318037629 28.595965811982751,-29.499390302225947 28.595941588282585,-29.499286282807589 28.595704464241862,-29.498627884313464 28.595153437927365,-29.497703444212675 28.595085963606834,-29.497644435614347 28.595007257536054,-29.497589031234384 28.594920923933387,-29.497540416195989 28.594823274761438,-29.497494818642735 28.594722608104348,-29.497450897470117 28.593691550195217,-29.49700640514493 28.592879427596927,-29.496666518971324 28.592722350731492,-29.496587058529258 28.591645862907171,-29.49606386013329 28.591081341728568,-29.495739229023457 28.591010179370642,-29.495686423033476 28.590325294062495,-29.495089547708631 28.58988281339407,-29.494698196649551 28.589535718783736,-29.494279101490974 28.589088125154376,-29.493637718260288 28.588459650054574,-29.492745464667678 28.588021276518703,-29.492269121110439 28.587931506335735,-29.492211537435651 28.587822625413537,-29.492154037579894 28.587734615430236,-29.492114977911115 28.587633864954114,-29.492077259346843 28.587525067850947,-29.492043312638998 28.587417444214225,-29.492016490548849 28.58729992993176,-29.491995703428984 28.587185181677341,-29.491985477507114 28.587072361260653,-29.491985896602273 28.586956523358822,-29.491988914087415 28.5856625251472,-29.492039959877729 28.584950650110841,-29.492387473583221 28.584070717915893,-29.493131786584854 28.583075534552336,-29.494034433737397 28.583033960312605,-29.49409025721252 28.582949722185731,-29.49419679120183 28.58289984986186,-29.494243143126369 28.58284511603415,-29.494284130632877 28.582791304215789,-29.494315562769771 28.582732379436493,-29.494341798126698 28.582668174058199,-29.494363255798817 28.582596424967051,-29.494382282719016 28.582528280094266,-29.494394352659583 28.582463907077909,-29.494398208335042 28.582396600395441,-29.494395693764091 28.582320660352707,-29.494384042918682 28.582243463024497,-29.494364177808166 28.582163415849209,-29.494332578033209 28.582084206864238,-29.494291841983795 28.581996615976095,-29.494232246652246 28.581934003159404,-29.494174076244235 28.581873904913664,-29.494097633287311 28.581823026761413,-29.494009707123041 28.581774244084954,-29.493910716846585 28.581492863595486,-29.493049308657646 28.581473836675286,-29.492824422195554 28.581483894959092,-29.49274898506701 28.581687659025192,-29.491993021219969 28.581803496927023,-29.491559760645032 28.581808777526021,-29.491472002118826 28.581803077831864,-29.491389021277428 28.581784972921014,-29.491306710988283 28.581754295155406,-29.491226663812995 28.581712888553739,-29.491147119551897 28.581667207181454,-29.49107495136559 28.581609539687634,-29.491002196446061 28.581538461148739,-29.490930112078786 28.581475932151079,-29.490871857851744 28.580836476758122,-29.490261236205697 28.580724326893687,-29.490151684731245 28.580073639750481,-29.489421369507909 28.57952143996954,-29.489064300432801 28.579164119437337,-29.488826924934983 28.579115588217974,-29.488796582445502 28.578290641307831,-29.488319149240851 28.577745817601681,-29.488001223653555 28.57767348177731,-29.487935425713658 28.577647916972637,-29.487904328852892 28.577622184529901,-29.487864514812827 28.577602151781321,-29.487826377153397 28.577582621946931,-29.487776840105653 28.577263271436095,-29.487268393859267 28.577243909239769,-29.487214246764779 28.577222116291523,-29.487159764394164 28.576913326978683,-29.486554507166147 28.576525496318936,-29.485922176390886 28.576119560748339,-29.485137294977903 28.576079495251179,-29.485074514523149 28.576033813878894,-29.485016092658043 28.575816052034497,-29.484820542857051 28.575753942131996,-29.484790451824665 28.575680516660213,-29.484766228124499 28.575597954913974,-29.484750889241695 28.575513884425163,-29.484747536480427 28.575425958260894,-29.484753822907805 28.575331829488277,-29.484771676361561 28.575241807848215,-29.48479849845171 28.575145248323679,-29.484837725758553 28.575069392099977,-29.484878294169903 28.574996553361416,-29.484926071017981 28.574925307184458,-29.484983989968896 28.574863029643893,-29.485041489824653 28.574478216469288,-29.48531842790544 28.574411915615201,-29.485346172004938 28.574346620589495,-29.485369138419628 28.574274452403188,-29.485384309664369 28.574205553159118,-29.485385147854686 28.574134893715382,-29.485372994095087 28.574057947844267,-29.485349943861365 28.573978822678328,-29.485319936648011 28.573897518217564,-29.485284145921469 28.573822751641273,-29.485242571681738 28.573755612596869,-29.48518842458725 28.573706829920411,-29.485130254179239 28.573669781908393,-29.485064037144184 28.573649330064654,-29.484994886443019 28.573639020323753,-29.484920706599951 28.573638433590531,-29.484837725758553 28.573644636198878,-29.484752146527171 28.573729712516069,-29.483987297862768 28.57391051016748,-29.482772340998054 28.57406347990036,-29.481909172609448 28.574289791285992,-29.481604574248195 28.574320133775473,-29.481552606448531 28.574464553967118,-29.481267873197794 28.574531525373459,-29.480988588184118 28.574527837336063,-29.480936452746391 28.57451057061553,-29.480884568765759 28.574482658877969,-29.480841653421521 28.574449298903346,-29.480802593752742 28.574410490691662,-29.480759762227535 28.574373861774802,-29.480718355625868 28.574329689145088,-29.480678038671613 28.574282582849264,-29.48064174503088 28.574230363592505,-29.480609307065606 28.574167499318719,-29.480581060051918 28.574107065796852,-29.480561446398497 28.574045291170478,-29.480547364801168 28.573975302278996,-29.480537474155426 28.573908414691687,-29.480535797774792 28.573836330324411,-29.480543592944741 28.573768772184849,-29.480558596551418 28.573679085820913,-29.480587681755424 28.573576575145125,-29.48062707670033 28.572689015418291,-29.481045166030526 28.572537638247013,-29.481079531833529 28.572462284937501,-29.481085315346718 28.572381483390927,-29.481080621480942 28.57230294495821,-29.481059163808823 28.572223149240017,-29.481023205444217 28.5721514839679,-29.480985570698977 28.572081411257386,-29.480941230431199 28.572028772905469,-29.480898566544056 28.571997592225671,-29.480864871293306 28.571967585012317,-29.480819692835212 28.571948390454054,-29.480764791369438 28.571942774578929,-29.480710895732045 28.57194822281599,-29.480648618191481 28.571965908631682,-29.480577288195491 28.571992814540863,-29.480510232970119 28.57203614898026,-29.48043798096478 28.572095409035683,-29.480366399511695 28.572171684354544,-29.480293560773134 28.572246953845024,-29.480230193585157 28.572330437600613,-29.480168921872973 28.572419118136168,-29.480106057599187 28.572493633255363,-29.480042606592178 28.572559263557196,-29.479974629357457 28.573133926838636,-29.479346908628941 28.573784613981843,-29.478735532611609 28.573893578723073,-29.478626484051347 28.57396524399519,-29.478571834042668 28.574054343625903,-29.478519195690751 28.574151322245598,-29.478470077738166 28.574255174025893,-29.478424899280071 28.574367826804519,-29.478387264534831 28.574468325823545,-29.478365806862712 28.574563125148416,-29.478354072198272 28.574661528691649,-29.478347450494766 28.574942741543055,-29.478341080248356 28.575020274147391,-29.478358346968889 28.575088838115335,-29.47838332504034 28.575470549985766,-29.478579377755523 28.575537772849202,-29.478631177917123 28.575749415904284,-29.478775262832642 28.57583424076438,-29.478807784616947 28.575918981805444,-29.478828487917781 28.576004980131984,-29.47883770801127 28.576090224087238,-29.478835025802255 28.576165493577719,-29.478825973346829 28.576229028403759,-29.478815663605928 28.576276134699583,-29.478804850950837 28.576312595978379,-29.478794876486063 28.576521221548319,-29.478716505691409 28.577090855687857,-29.478473262861371 28.577240472659469,-29.478427413851023 28.577300487086177,-29.478417690843344 28.577363099902868,-29.478413918986917 28.577432669699192,-29.478418696671724 28.577504837885499,-29.478431772440672 28.577577089890838,-29.478453481569886 28.577648252248764,-29.478484662249684 28.577714469283819,-29.478520872071385 28.577777249738574,-29.478563535958529 28.577833659946918,-29.478607708588243 28.578571770340204,-29.479192178696394 28.579275598749518,-29.479746473953128 28.579536443576217,-29.479918805882335 28.579588914290071,-29.479961050674319 28.579638954252005,-29.48001142591238 28.580120326951146,-29.480505539104342 28.58019283041358,-29.480554657056928 28.580276817083359,-29.480593968182802 28.580370023846626,-29.480625903233886 28.580470606684685,-29.480649624019861 28.580575631931424,-29.480664376169443 28.580681830644608,-29.480667477473617 28.580802194774151,-29.480660520493984 28.580889031291008,-29.480647696182132 28.580979974940419,-29.480633027851582 28.581821266561747,-29.480558931827545 28.581931823864579,-29.480572929605842 28.583090119063854,-29.48076437227428 28.583528157323599,-29.480835031718016 28.583629326894879,-29.48086260817945 28.583727478981018,-29.480901416391134 28.583828816190362,-29.48095447383821 28.583941804245114,-29.481016080826521 28.584216143935919,-29.481134014204144 28.585479212924838,-29.481553193181753 28.586283959448338,-29.481844548135996 28.586381357163191,-29.481872711330652 28.58647707849741,-29.481890145689249 28.587090885266662,-29.481969103217125 28.587146624922752,-29.481981592252851 28.58761852607131,-29.482145961374044 28.587697483599186,-29.482193905860186 28.587781554087996,-29.482251321896911 28.588541876524687,-29.482652144506574 28.588672298938036,-29.482684666290879 28.588806828483939,-29.482707800343633 28.588934987783432,-29.482719618827105 28.589056525379419,-29.48271693661809 28.589170016348362,-29.482702435925603 28.589276550337672,-29.482676032930613 28.589376043528318,-29.482639404013753 28.589468328282237,-29.482594644650817 28.589551728218794,-29.482547035440803 28.590232422575355,-29.482120061293244 28.590901046991348,-29.481589822098613 28.591359117999673,-29.481307100504637 28.591435980051756,-29.481283044442534 28.591519966721535,-29.481269884854555 28.591607976704836,-29.481272399425507 28.591702776029706,-29.481287989765406 28.591806460171938,-29.481312967836857 28.592021455988288,-29.481352362781763 28.592194793745875,-29.481373149901628 28.592682033777237,-29.481493178755045 28.592738443985581,-29.481500219553709 28.592974478378892,-29.481494100764394 28.593358704820275,-29.481526706367731 28.593431962653995,-29.481545565649867 28.593511423096061,-29.481572639197111 28.59417493455112,-29.481854438781738 28.595036342740059,-29.482210669666529 28.595159389078617,-29.482230534777045 28.595287967473269,-29.482240844517946 28.595410259440541,-29.482244113460183 28.595532132312655,-29.4822380784899 28.595645958557725,-29.482216034084558 28.595743691548705,-29.482180410996079 28.595833880826831,-29.48213498108089 28.595914514735341,-29.482082091271877 28.595992550253868,-29.482024423778057 28.596067484468222,-29.481964157894254 28.596822107210755,-29.481414472684264 28.597525600343943,-29.480823129415512 28.598246024921536,-29.480149056762457 28.598724715411663,-29.479801626875997 28.598805768415332,-29.479721076786518 28.598877936601639,-29.479631138965487 28.598939878866076,-29.479532232508063 28.598999977111816,-29.479426871985197 28.599561480805278,-29.478527912870049 28.599708583205938,-29.47828802280128 28.599796760827303,-29.47803245857358 28.599808746948838,-29.477936569601297 28.599806064739823,-29.477853421121836 28.599791144952178,-29.477759376168251 28.599771531298757,-29.477676479145885 28.599749403074384,-29.477592073380947 28.599524181336164,-29.476662185043097 28.599087232723832,-29.475832795724273 28.598750699311495,-29.475346645340323 28.598716584965587,-29.4752511754632 28.598699485883117,-29.475150676444173 28.5986986476928,-29.47504498064518 28.598711472004652,-29.47493065148592 28.59873435460031,-29.474806766957045 28.599104080349207,-29.473702199757099 28.599654771387577,-29.472220279276371 28.600108399987221,-29.471378400921822 28.600925300270319,-29.470005529001355 28.601024206727743,-29.469872089102864 28.601081119850278,-29.469816349446774 28.601379515603185,-29.469549134373665 28.601434668526053,-29.469490544870496 28.601497197523713,-29.469435308128595 28.601631056517363,-29.469331372529268 28.601704314351082,-29.469284852966666 28.602490955963731,-29.468828877434134 28.603474572300911,-29.468079954385757 28.603566773235798,-29.467988675460219 28.603643216192722,-29.467896893620491 28.603704404085875,-29.467798909172416 28.603751258924603,-29.467695476487279 28.603780344128609,-29.467592462897301 28.603794593364,-29.467480648308992 28.603788809850812,-29.467382412403822 28.603766765445471,-29.46727336384356 28.603735165670514,-29.467159202322364 28.603234179317951,-29.46596335619688 28.602374196052551,-29.464789470657706 28.601308185607195,-29.463662104681134 28.600366562604904,-29.463140331208706 28.5994584672153,-29.462639847770333 28.598148291930556,-29.462126875296235 28.59692788682878,-29.461746755987406 28.595810662955046,-29.461459591984749 28.595764059573412,-29.461440565064549 28.595720808953047,-29.461417933925986 28.595139272511005,-29.461044436320662 28.594084912911057,-29.460420738905668 28.593318220227957,-29.460022179409862 28.592807594686747,-29.459778349846601 28.592311386018991,-29.459572657942772 28.591611748561263,-29.459331091493368 28.591532204300165,-29.459292953833938 28.591449474915862,-29.459245009347796 28.591378647834063,-29.459194717928767 28.591302372515202,-29.4591308478266 28.591239005327225,-29.45907318033278 28.590767774730921,-29.458777969703078 28.589515518397093,-29.458444034680724 28.588597783818841,-29.458261141553521 28.588153123855591,-29.45820682682097 28.588086823001504,-29.458192996680737 28.588021527975798,-29.458170365542173 28.587957071140409,-29.458141783252358 28.587895547971129,-29.458109680563211 28.587837042286992,-29.458072548732162 28.587785409763455,-29.458025610074401 28.587745428085327,-29.457967942580581 28.587724305689335,-29.45790097117424 28.587713744491339,-29.457828216254711 28.587717013433576,-29.457752276211977 28.587732519954443,-29.457678934559226 28.587758587673306,-29.457610119134188 28.587798485532403,-29.457542225718498 28.587843077257276,-29.457488413900137 28.587900996208191,-29.457440385594964 28.587963692843914,-29.457404091954231 28.588026473298669,-29.45738204754889 28.588088247925043,-29.457372408360243 28.588151279836893,-29.457370229065418 28.588219257071614,-29.457365954294801 28.588290838524699,-29.45735807530582 28.588371304795146,-29.457345586270094 28.588464260101318,-29.457337204366922 28.588538020849228,-29.457346675917506 28.588593089953065,-29.457361176609993 28.588674981147051,-29.457385819405317 28.588762320578098,-29.457416329532862 28.589725736528635,-29.457677006721497 28.590345494449139,-29.457766860723495 28.590462757274508,-29.457766190171242 28.591007916256785,-29.457721346989274 28.592070573940873,-29.457777757197618 28.592602154240012,-29.457811955362558 28.592737521976233,-29.457822935655713 28.592846905812621,-29.457851853221655 28.592909267172217,-29.457880267873406 28.592973640188575,-29.457922764122486 28.593033570796251,-29.457975821569562 28.593103224411607,-29.458037093281746 28.593189809471369,-29.458101969212294 28.593288715928793,-29.458164582028985 28.593401871621609,-29.458218980580568 28.593525923788548,-29.458263739943504 28.59365307725966,-29.458301039412618 28.593773860484362,-29.458327777683735 28.593878047540784,-29.458343954756856 28.593966560438275,-29.45835149846971 28.594039482995868,-29.458351582288742 28.594102011993527,-29.458349067717791 28.594161188229918,-29.458348816260695 28.594222795218229,-29.458356527611613 28.594602243974805,-29.458425845950842 28.594665192067623,-29.458450824022293 28.594725960865617,-29.458483597263694 28.59486929140985,-29.458559872582555 28.594954703003168,-29.45859239436686 28.595036510378122,-29.458618210628629 28.595328200608492,-29.458681242540479 28.595317052677274,-29.458676716312766 28.595314119011164,-29.45866565220058 28.595311688259244,-29.458667496219277 28.595309257507324,-29.458659281954169 28.595298696309328,-29.458663389086723 28.595306826755404,-29.458659617230296 28.595302551984787,-29.458670262247324 28.5953657515347,-29.458648469299078 28.595401206985116,-29.45863438770175 28.595428951084614,-29.458621647208929 28.59545954503119,-29.458608403801918 28.595490390434861,-29.458600021898746 28.595522493124008,-29.45859482511878 28.595558535307646,-29.458591975271702 28.596088439226151,-29.458571271970868 28.596659833565354,-29.458476472645998 28.596727140247822,-29.458442023023963 28.596788160502911,-29.458399275317788 28.596846079453826,-29.458347894251347 28.596903160214424,-29.458293998613954 28.597651747986674,-29.457717072218657 28.597729448229074,-29.45769477635622 28.598382817581296,-29.457555133849382 28.598697306588292,-29.457498220726848 28.598802918568254,-29.457494951784611 28.598906770348549,-29.457502663135529 28.599007101729512,-29.457521103322506 28.599106846377254,-29.457554798573256 28.59918437898159,-29.457594696432352 28.599260989576578,-29.457647670060396 28.599334498867393,-29.457715228199959 28.599411193281412,-29.457797287032008 28.59958553686738,-29.457962326705456 28.59968276694417,-29.458034075796604 28.600484915077686,-29.458482004702091 28.600581893697381,-29.458509748801589 28.600919432938099,-29.458575882017612 28.60114180482924,-29.45862365886569 28.601202741265297,-29.458648217841983 28.601260157302022,-29.458687696605921 28.601325200870633,-29.458740586414933 28.601400051265955,-29.458802277222276 28.601480349898338,-29.458856759592891 28.601561738178134,-29.458902776241302 28.601649580523372,-29.458938650786877 28.601749576628208,-29.458960946649313 28.601863738149405,-29.458967903628945 28.601995334029198,-29.458960946649313 28.60214008949697,-29.458948457613587 28.603355884552002,-29.458910571411252 28.604179238900542,-29.458839660510421 28.604236571118236,-29.458832368254662 28.604288371279836,-29.458831110969186 28.604333968833089,-29.458836810663342 28.604579223319888,-29.458917193114758 28.604649882763624,-29.458959521725774 28.604721799492836,-29.459014507010579 28.604988595470786,-29.459236627444625 28.605084232985973,-29.459295552223921 28.605187078937888,-29.459341652691364 28.605295205488801,-29.459379874169827 28.605410624295473,-29.45941423997283 28.605531491339207,-29.459441564977169 28.605651268735528,-29.459456903859973 28.605773979797959,-29.459459921345115 28.605899708345532,-29.459450868889689 28.606028370559216,-29.459433518350124 28.60616541467607,-29.459407618269324 28.606282342225313,-29.459380796179175 28.606740664690733,-29.459224306046963 28.606834122911096,-29.459168901666999 28.606919450685382,-29.459109473973513 28.607238465920091,-29.458899004384875 28.607317926362157,-29.458865895867348 28.607390932738781,-29.458845108747482 28.607465531677008,-29.458832535892725 28.607551194727421,-29.458825662732124 28.607646413147449,-29.458825746551156 28.607738865539432,-29.458838235586882 28.607832156121731,-29.458864638581872 28.607930056750774,-29.458900010213256 28.608392318710685,-29.45909421890974 28.60853087157011,-29.45913671515882 28.60868476331234,-29.459172589704394 28.609888404607773,-29.459316339343786 28.610967407003045,-29.459204440936446 28.612206755205989,-29.458781825378537 28.612298453226686,-29.458744274452329 28.612382523715496,-29.45869255810976 28.612452764064074,-29.458629358559847 28.612510766834021,-29.458552412688732 28.612553179264069,-29.458465157076716 28.612573128193617,-29.458373375236988 28.612575475126505,-29.45826793089509 28.612565249204636,-29.458153434097767 28.612548317760229,-29.45802996866405 28.612435078248382,-29.457009388133883 28.612326784059405,-29.456059634685516 28.612336842343211,-29.455962907522917 28.612361317500472,-29.45586584508419 28.612394006922841,-29.455768531188369 28.612432898953557,-29.455669792369008 28.613087609410286,-29.454217376187444 28.613305119797587,-29.453757712617517 28.613331187516451,-29.453672049567103 28.613347951322794,-29.453585464507341 28.613360691815615,-29.453409863635898 28.613350549712777,-29.453322691842914 28.613322302699089,-29.453237950801849 28.613274609670043,-29.453160418197513 28.613209314644337,-29.453094033524394 28.613130357116461,-29.453038545325398 28.613042179495096,-29.452994959428906 28.612949140369892,-29.452959587797523 28.612852580845356,-29.452933687716722 28.612752920016646,-29.452918935567141 28.612650157883763,-29.452915918081999 28.612547144293785,-29.452914744615555 28.612059149891138,-29.452892113476992 28.611979270353913,-29.452876774594188 28.61190483905375,-29.452852550894022 28.611834347248077,-29.452822292223573 28.611769722774625,-29.452790189534426 28.611714821308851,-29.452753560617566 28.611675845459104,-29.452714081853628 28.611626056954265,-29.452657755464315 28.611281560733914,-29.45208971388638 28.610693151131272,-29.45116275921464 28.610008265823126,-29.450461864471436 28.609812296926975,-29.450338818132877 28.609760664403439,-29.450295399874449 28.609716240316629,-29.450248125940561 28.609679024666548,-29.45019724778831 28.609649436548352,-29.45014351978898 28.609626386314631,-29.450086103752255 28.609612891450524,-29.450024915859103 28.609606521204114,-29.449960626661777 28.60960878431797,-29.449890973046422 28.609617836773396,-29.449816709384322 28.609636444598436,-29.449740434065461 28.60966544598341,-29.449664494022727 28.609704840928316,-29.449589978903532 28.609751276671886,-29.449521163478494 28.609802490100265,-29.449462154880166 28.609856385737658,-29.449415132403374 28.609916232526302,-29.449378419667482 28.609986221417785,-29.449352938681841 28.610069286078215,-29.449340449646115 28.610166935250163,-29.449339862912893 28.610276822000742,-29.449353357776999 28.610391402617097,-29.449381269514561 28.610506653785706,-29.449421083554626 28.610619641840458,-29.449470704421401 28.610727516934276,-29.449530551210046 28.610827093943954,-29.449599869549274 28.610920887440443,-29.449673881754279 28.611012334004045,-29.449749318882823 28.611106378957629,-29.449817966669798 28.611892936751246,-29.450240079313517 28.612369867041707,-29.450424900278449 28.612461732700467,-29.450441161170602 28.612552508711815,-29.450448034331203 28.613014686852694,-29.450404616072774 28.613108731806278,-29.450378715991974 28.613814488053322,-29.450248293578625 28.613899312913418,-29.450255837291479 28.614061670377851,-29.450282910838723 28.61413593403995,-29.450305541977286 28.61420676112175,-29.450335968285799 28.614445058628917,-29.450431689620018 28.614523680880666,-29.45044593885541 28.614594005048275,-29.45044401101768 28.614669274538755,-29.450428253039718 28.614753261208534,-29.450402688235044 28.615438230335712,-29.450227171182632 28.615707037970424,-29.450217029079795 28.615816254168749,-29.450228847563267 28.616745891049504,-29.45028324611485 28.616852425038815,-29.450294142588973 28.617804106324911,-29.450426660478115 28.617892535403371,-29.450417188927531 28.617985490709543,-29.45040000602603 28.618319509550929,-29.450283581390977 28.618374913930893,-29.450244437903166 28.618424031883478,-29.450199427083135 28.618467031046748,-29.45014494471252 28.618502989411354,-29.45007948204875 28.618537606671453,-29.45000764913857 28.61904127523303,-29.449114054441452 28.619075054302812,-29.449026547372341 28.619099194183946,-29.44893267005682 28.619111347943544,-29.44884181022644 28.619173374027014,-29.447916531935334 28.618986457586288,-29.446838619187474 28.618912193924189,-29.446624461561441 28.618904817849398,-29.446574505418539 28.618900962173939,-29.44631609134376 28.61891956999898,-29.446252221241593 28.618953851982951,-29.446194553747773 28.619002718478441,-29.446141328662634 28.619057200849056,-29.446082320064306 28.61911604180932,-29.446013253182173 28.619180414825678,-29.445947036147118 28.619261048734188,-29.445881908759475 28.619353165850043,-29.445820972323418 28.620106196030974,-29.445423921570182 28.620835253968835,-29.445136170834303 28.621615273877978,-29.444770300760865 28.621695572510362,-29.444709867238998 28.621767153963447,-29.444641219452024 28.622284317389131,-29.444051468744874 28.622592184692621,-29.443827588111162 28.622658485546708,-29.443798083811998 28.622731072828174,-29.44377277046442 28.623418724164367,-29.443489126861095 28.624195726588368,-29.442918403074145 28.62425347790122,-29.442831482738256 28.624773658812046,-29.441972672939301 28.625653004273772,-29.441289966925979 28.625744450837374,-29.441223749890924 28.625826090574265,-29.441149402409792 28.625895492732525,-29.441069690510631 28.625948801636696,-29.440984949469566 28.625982915982604,-29.440894341096282 28.625997165217996,-29.440797530114651 28.625991214066744,-29.440697031095624 28.625963637605309,-29.440593430772424 28.62591627985239,-29.440494524315 28.625851403921843,-29.440402491018176 28.625779571011662,-29.440314397215843 28.625252014026046,-29.439457347616553 28.624676764011383,-29.43849460221827 28.623963966965675,-29.437599582597613 28.623268269002438,-29.436483951285481 28.622929640114307,-29.435848770663142 28.622868871316314,-29.435767969116569 28.622799217700958,-29.435694711282849 28.622050797566772,-29.43513035774231 28.62197695299983,-29.435084257274866 28.621906461194158,-29.43502583540976 28.621125183999538,-29.434154285117984 28.620611876249313,-29.433268485590816 28.620319934561849,-29.432635484263301 28.619980718940496,-29.432103987783194 28.619798580184579,-29.431866444647312 28.619437320157886,-29.430992128327489 28.619439331814647,-29.430908225476742 28.619457017630339,-29.430829435586929 28.619544273242354,-29.430090487003326 28.619508482515812,-29.429819080978632 28.619509572163224,-29.429734088480473 28.619493395090103,-29.429401075467467 28.619489958509803,-29.429259588941932 28.619474284350872,-29.429189851507545 28.619455844163895,-29.429110642522573 28.619442852213979,-29.429024811834097 28.619436230510473,-29.428936298936605 28.619414018467069,-29.428767319768667 28.61939306370914,-29.428690960630774 28.619340090081096,-29.428554838523269 28.619299521669745,-29.428497757762671 28.619248811155558,-29.428444700315595 28.619187790900469,-29.428392564877868 28.619122244417667,-29.428336322307587 28.619058290496469,-29.428270859643817 28.618994168937206,-29.428195506334305 28.618853269144893,-29.428050834685564 28.618134772405028,-29.427516907453537 28.617708133533597,-29.427219517529011 28.617649963125587,-29.427155563607812 28.61760520376265,-29.427085658535361 28.617578465491533,-29.427009634673595 28.617573520168662,-29.426930760964751 28.617586176842451,-29.426851719617844 28.617612579837441,-29.426776869222522 28.617653986439109,-29.426708808168769 28.617708552628756,-29.426651308313012 28.617775607854128,-29.426607051864266 28.617841741070151,-29.426582576707006 28.617919273674488,-29.426569417119026 28.617993453517556,-29.426564807072282 28.61808062531054,-29.42656371742487 28.618177771568298,-29.426567824557424 28.618291849270463,-29.426577463746071 28.618576331064105,-29.426597328856587 28.618741370737553,-29.426588946953416 28.618924599140882,-29.426564639434218 28.620076356455684,-29.426343608647585 28.620959725230932,-29.426054684445262 28.621068941429257,-29.425981426611543 28.621169691905379,-29.425903055816889 28.622168647125363,-29.425069391727448 28.62250610254705,-29.424695642665029 28.622539211064577,-29.424627078697085 28.622555639594793,-29.42455449141562 28.622556813061237,-29.42447972483933 28.62254373729229,-29.424402443692088 28.622525045648217,-29.424325749278069 28.622499313205481,-29.424256347119808 28.622461259365082,-29.424192225560546 28.622407615184784,-29.424131540581584 28.622348019853234,-29.424086110666394 28.62227107398212,-29.424046128988266 28.62218314781785,-29.424012182280421 28.622086085379124,-29.423978319391608 28.621650561690331,-29.423843370750546 28.621548134833574,-29.423796767368913 28.621452832594514,-29.423743207007647 28.621356189250946,-29.423689981922507 28.621256612241268,-29.423645222559571 28.621145552024245,-29.423600295558572 28.619973175227642,-29.423173237591982 28.618584210053086,-29.422589102759957 28.618352115154266,-29.422436552122235 28.618283299729228,-29.422371005639434 28.618223704397678,-29.422299591824412 28.618168802931905,-29.422218035906553 28.618122870102525,-29.422128098085523 28.61808355897665,-29.422032712027431 28.618051875382662,-29.421939086169004 28.617688184604049,-29.421148169785738 28.617558516561985,-29.421019842848182 28.61749866977334,-29.420997127890587 28.617201782763004,-29.420932419598103 28.617092482745647,-29.420930240303278 28.616985194385052,-29.420944908633828 28.616880923509598,-29.420973910018802 28.616778748109937,-29.421011712402105 28.616686714813113,-29.421047000214458 28.61591063439846,-29.421251099556684 28.615685664117336,-29.421259313821793 28.615573430433869,-29.421252189204097 28.615460442379117,-29.421237017959356 28.615343095734715,-29.421210614964366 28.615233125165105,-29.421179182827473 28.615035898983479,-29.421114390715957 28.614948643371463,-29.421069882810116 28.614867422729731,-29.421011796221137 28.614791398867965,-29.420940550044179 28.614723505452275,-29.420862514525652 28.614666508510709,-29.420784143730998 28.614621749147773,-29.420700911432505 28.614591239020228,-29.420616086572409 28.614569446071982,-29.420520113781095 28.614489063620567,-29.419994065538049 28.614457380026579,-29.419907564297318 28.61428203061223,-29.419563151896 28.61425805836916,-29.419489726424217 28.614195613190532,-29.41931932233274 28.614145573228598,-29.419231563806534 28.614090671762824,-29.419154953211546 28.614035183563828,-29.419090999290347 28.613983131945133,-29.419037019833922 28.613774925470352,-29.418780282139778 28.613754976540804,-29.41873786970973 28.613716755062342,-29.418641561642289 28.613686244934797,-29.418590264394879 28.613655902445316,-29.418535279110074 28.613635702058673,-29.418479790911078 28.61362530849874,-29.418422961607575 28.613626565784216,-29.418359426781535 28.613646263256669,-29.418290192261338 28.613681048154831,-29.418207881972194 28.613945581018925,-29.417557027190924 28.613988412544131,-29.416995942592621 28.613960584625602,-29.416898544877768 28.61391699872911,-29.416802823543549 28.61386377364397,-29.416714478284121 28.613812476396561,-29.416634347289801 28.613762771710753,-29.416564106941223 28.613702422007918,-29.416506439447403 28.613640228286386,-29.416464110836387 28.613474601879716,-29.416369143873453 28.613374438136816,-29.416328072547913 28.613276705145836,-29.416296975687146 28.613182324916124,-29.416276942938566 28.613089788705111,-29.41626294516027 28.612913601100445,-29.41622044891119 28.612821064889431,-29.416175354272127 28.612488135695457,-29.415976703166962 28.612423846498132,-29.415918616577983 28.612360311672091,-29.415850890800357 28.611828731372952,-29.415189558640122 28.611471243202686,-29.414561167359352 28.611449198797345,-29.414458321407437 28.611445259302855,-29.414357906207442 28.611454647034407,-29.414263945072889 28.611470321193337,-29.414176186546683 28.611478535458446,-29.414093038067222 28.611474176868796,-29.41401282325387 28.611453389748931,-29.413934284821153 28.611415335908532,-29.413858009502292 28.611361440271139,-29.413784332573414 28.611286170780659,-29.413717361167073 28.611188856884837,-29.413657849654555 28.61107268370688,-29.413608396425843 28.610935639590025,-29.413569839671254 28.610778814181685,-29.413541844114661 28.610615869984031,-29.413522565737367 28.610319904983044,-29.41352030262351 28.610187051817775,-29.413544861599803 28.610064759850502,-29.413585681468248 28.609953615814447,-29.413640834391117 28.609853535890579,-29.413708224892616 28.609759993851185,-29.413780476897955 28.608847707509995,-29.414147436618805 28.607403924688697,-29.414292024448514 28.606551317498088,-29.414294622838497 28.606456350535154,-29.414273500442505 28.606370016932487,-29.414243241772056 28.606220483779907,-29.414168894290924 28.60615560784936,-29.414125727489591 28.606096431612968,-29.414074765518308 28.606045302003622,-29.414017936214805 28.606005907058716,-29.413953563198447 28.605975732207298,-29.413883741945028 28.605951257050037,-29.413811909034848 28.605930050835013,-29.413735046982765 28.60566845163703,-29.412873638793826 28.605535347014666,-29.412518916651607 28.605522271245718,-29.412425542250276 28.605526713654399,-29.412325965240598 28.605545992031693,-29.412220185622573 28.605577843263745,-29.412107029929757 28.605616232380271,-29.411978283897042 28.605773225426674,-29.4108597189188 28.605724358931184,-29.410630641505122 28.60521012917161,-29.409492630511522 28.604661449790001,-29.408320337533951 28.604296669363976,-29.4074940495193 28.603767519816756,-29.406743701547384 28.603610945865512,-29.406634904444218 28.603526623919606,-29.406593414023519 28.603437356650829,-29.406558377668262 28.603343730792403,-29.406528873369098 28.603253625333309,-29.4065045658499 28.603157820180058,-29.406487550586462 28.603055980056524,-29.406477911397815 28.602950870990753,-29.406475480645895 28.602853892371058,-29.406480006873608 28.602749202400446,-29.406493082642555 28.602644931524992,-29.40651479177177 28.602544348686934,-29.406546726822853 28.602448208257556,-29.406585115939379 28.602355755865574,-29.40662669017911 28.602186860516667,-29.406719896942377 28.602111339569092,-29.406775552779436 28.602040093392134,-29.406837746500969 28.601973205804825,-29.406903879716992 28.601909754797816,-29.406974539160728 28.601352609694004,-29.407650036737323 28.600859837606549,-29.408197123557329 28.600107058882713,-29.408642621710896 28.600001614540815,-29.408675562590361 28.599582267925143,-29.408764159306884 28.599477326497436,-29.408768769353628 28.599373809993267,-29.408763740211725 28.598511395975947,-29.408677322790027 28.597781918942928,-29.408530304208398 28.597687622532248,-29.408482108265162 28.597597517073154,-29.408423854038119 28.597513111308217,-29.408357972279191 28.597435913980007,-29.408285301178694 28.597368104383349,-29.408206511288881 28.597310772165656,-29.408123698085546 28.597266348078847,-29.408034011721611 28.597231144085526,-29.407938122749329 28.597200717777014,-29.407837875187397 28.597179846838117,-29.407733017578721 28.597171632573009,-29.407623382285237 28.597177164629102,-29.407509220764041 28.597191497683525,-29.407391622662544 28.59721664339304,-29.40726681612432 28.597408421337605,-29.406548906117678 28.597521660849452,-29.405661765486002 28.597558373585343,-29.404945783317089 28.597537586465478,-29.40486372448504 28.597394255921245,-29.40454370342195 28.597356285899878,-29.404497938230634 28.597313035279512,-29.404457453638315 28.596737533807755,-29.403988821431994 28.596673998981714,-29.403933249413967 28.596609877422452,-29.403863092884421 28.596551455557346,-29.403778938576579 28.596450369805098,-29.403584562242031 28.596418770030141,-29.403477860614657 28.596401838585734,-29.403373170644045 28.596395133063197,-29.403266804292798 28.596395552158356,-29.403160437941551 28.596416926011443,-29.402454597875476 28.59639479778707,-29.402379579842091 28.596367975696921,-29.402311854064465 28.596265465021133,-29.401975404471159 28.596272422000766,-29.401902733370662 28.596330089494586,-29.40167591907084 28.596375267952681,-29.401595368981361 28.596442993730307,-29.401517165824771 28.596531003713608,-29.401446422562003 28.596633011475205,-29.401388084515929 28.596741976216435,-29.4013343565166 28.596843397244811,-29.401277527213097 28.596921768039465,-29.401214830577374 28.596985805779696,-29.401143584400415 28.597035426646471,-29.401059178635478 28.597069960087538,-29.400965971872211 28.597092255949974,-29.400871004909277 28.597106840461493,-29.400774529203773 28.597145481035113,-29.40049247816205 28.597192587330937,-29.400321068242192 28.597214296460152,-29.400238338857889 28.597255619242787,-29.400159800425172 28.597315633669496,-29.400091487914324 28.597398865967989,-29.400025689974427 28.597505064681172,-29.3999666813761 28.597625764086843,-29.399919072166085 28.597747720777988,-29.399876995012164 28.598244851455092,-29.399672728031874 28.598323306068778,-29.399610534310341 28.598389774560928,-29.399537947028875 28.598439730703831,-29.399458989500999 28.598471581935883,-29.399382714182138 28.598489435389638,-29.39931683242321 28.598503768444061,-29.399260925129056 28.598619103431702,-29.398923302069306 28.598609296604991,-29.398927073925734 28.598686493933201,-29.398704366758466 28.598846001550555,-29.398309160023928 28.598866537213326,-29.398244535550475 28.599081365391612,-29.397212387993932 28.599368277937174,-29.396276213228703 28.599383365362883,-29.396166577935219 28.599389987066388,-29.396050740033388 28.59938814304769,-29.395941775292158 28.599377498030663,-29.39584412612021 28.599358052015305,-29.395747063681483 28.599327122792602,-29.395647151395679 28.599278088659048,-29.395545311272144 28.599216481670737,-29.395446572452784 28.599147498607635,-29.395353030413389 28.59907440841198,-29.395269630476832 28.598996289074421,-29.395195869728923 28.598911967128515,-29.395132418721914 28.598823621869087,-29.395078103989363 28.598739802837372,-29.395032422617078 28.59842992387712,-29.394882805645466 28.598377956077456,-29.394840225577354 28.598330598324537,-29.394788676872849 28.598279887810349,-29.39473151229322 28.5982202924788,-29.394670324400067 28.598149046301842,-29.394600922241807 28.597743110731244,-29.394141929224133 28.59769650734961,-29.394051237031817 28.597661973908544,-29.393961047753692 28.597643366083503,-29.393866248428822 28.597635990008712,-29.393765078857541 28.597639678046107,-29.393652928993106 28.597655519843102,-29.393531223759055 28.597677815705538,-29.393408177420497 28.597925081849098,-29.392542997375131 28.597969170659781,-29.392431601881981 28.597977217286825,-29.392370413988829 28.597975289449096,-29.392308723181486 28.597841095179319,-29.391434323042631 28.597742188721895,-29.390655644237995 28.597722575068474,-29.390208385884762 28.597669349983335,-29.389725839719176 28.597596930339932,-29.389088060706854 28.597614783793688,-29.388992507010698 28.597642360255122,-29.388899216428399 28.597798263654113,-29.388370234519243 28.597947042435408,-29.388048956170678 28.598190369084477,-29.387538498267531 28.598278714343905,-29.38730631954968 28.59830042347312,-29.387235241010785 28.598338896408677,-29.387154690921307 28.598675597459078,-29.386538285762072 28.599155712872744,-29.385830601677299 28.599279681220651,-29.38565868884325 28.599324524402618,-29.385569421574473 28.599360901862383,-29.385475879535079 28.599613280966878,-29.384602904319763 28.599736159667373,-29.384109042584896 28.599730795249343,-29.384023882448673 28.599688550457358,-29.383780052885413 28.599660890176892,-29.383710063993931 28.599617974832654,-29.383644685149193 28.599555194377899,-29.383580563589931 28.599479338154197,-29.383522057905793 28.599391160532832,-29.383467994630337 28.59930407255888,-29.383421475067735 28.599156551063061,-29.383330950513482 28.599096704274416,-29.383280491456389 28.599039791151881,-29.383220057934523 28.598648607730865,-29.3827049061656 28.59840989112854,-29.382364600896835 28.598388265818357,-29.382302323356271 28.598103364929557,-29.381658844649792 28.597808908671141,-29.381257519125938 28.597777308896184,-29.381185183301568 28.597759706899524,-29.38110320828855 28.597751911729574,-29.38101033680141 28.597749564796686,-29.380926685407758 28.597755096852779,-29.380851667374372 28.597776303067803,-29.380790395662189 28.597816452383995,-29.380739433690906 28.597878143191338,-29.380699452012777 28.59796229749918,-29.380665756762028 28.598056426271796,-29.380636168643832 28.598156422376633,-29.380609514191747 28.599256044253707,-29.380464591085911 28.599369786679745,-29.380440367385745 28.599471040070057,-29.380409102886915 28.599570449441671,-29.380368702113628 28.599663404747844,-29.380316315218806 28.599751582369208,-29.380252612754703 28.599837915971875,-29.380178935825825 28.599920980632305,-29.380098134279251 28.599999351426959,-29.380010291934013 28.600066993385553,-29.379922784864902 28.600122816860676,-29.379837037995458 28.600169587880373,-29.379754811525345 28.60021635890007,-29.379681218415499 28.600274194031954,-29.37960946932435 28.600350469350815,-29.37953663058579 28.60044744797051,-29.379464294761419 28.600563872605562,-29.379395563155413 28.600697396323085,-29.379333704710007 28.60084081068635,-29.379277713596821 28.600973496213555,-29.379220213741064 28.601077850908041,-29.379156762734056 28.601154293864965,-29.379086773842573 28.601211626082659,-29.379005804657936 28.601257726550102,-29.378913016989827 28.601295109838247,-29.378803884610534 28.601324614137411,-29.378675557672977 28.601347245275974,-29.37854471616447 28.601359650492668,-29.378424435853958 28.601390579715371,-29.378127632662654 28.601415557786822,-29.378037862479687 28.601485127583146,-29.377794032916427 28.601523013785481,-29.377715075388551 28.601573975756764,-29.377640308812261 28.601635582745075,-29.377576857805252 28.601710936054587,-29.377521956339478 28.601798443123698,-29.377470407634974 28.601895505562425,-29.377417685464025 28.602918181568384,-29.377066986635327 28.603923171758652,-29.37681402079761 28.604024173691869,-29.376760628074408 28.604782735928893,-29.37612016685307 28.6054075229913,-29.375143758952618 28.60564942471683,-29.374785013496876 28.606281923130155,-29.374173805117607 28.606334226205945,-29.374104822054505 28.606377895921469,-29.374031228944659 28.606411004438996,-29.373951349407434 28.606429444625974,-29.37386660836637 28.606430366635323,-29.373766947537661 28.606411507353187,-29.373665526509285 28.606370184570551,-29.373563099652529 28.606305224820971,-29.373463857918978 28.606215370818973,-29.3733677174896 28.606106154620647,-29.373272331431508 28.605994340032339,-29.37318155542016 28.605369469150901,-29.372739493846893 28.605269221588969,-29.372698925435543 28.605171069502831,-29.372661290690303 28.604601183906198,-29.372259126976132 28.604544773697853,-29.372177990153432 28.604496410116553,-29.372087130323052 28.604453913867474,-29.37199124135077 28.604413513094187,-29.371886048465967 28.60417228192091,-29.370701685547829 28.604044625535607,-29.370186282321811 28.60398561693728,-29.370097266510129 28.603912023827434,-29.370024595409632 28.603831641376019,-29.369963072240353 28.603752264752984,-29.369914457201958 28.603680515661836,-29.369880594313145 28.603615388274193,-29.369855364784598 28.603306515142322,-29.369738772511482 28.603255301713943,-29.369709687307477 28.6032057646662,-29.369680099189281 28.602499086409807,-29.369435347616673 28.601879999041557,-29.369306014850736 28.601789977401495,-29.369313139468431 28.601682940497994,-29.369333004578948 28.601574897766113,-29.369360832497478 28.601475404575467,-29.369393605738878 28.601384460926056,-29.369425121694803 28.601296367123723,-29.369450686499476 28.601205255836248,-29.369468791410327 28.600431606173515,-29.369537187740207 28.599940175190568,-29.369594939053059 28.599619902670383,-29.369612038135529 28.599525522440672,-29.369629388675094 28.599436590448022,-29.369656629860401 28.599353609606624,-29.369694599881768 28.599276579916477,-29.369738856330514 28.599196029826999,-29.369782777503133 28.599104499444366,-29.369822759181261 28.59824669547379,-29.370024176314473 28.597385622560978,-29.370128279551864 28.596944650635123,-29.370258366689086 28.596877679228783,-29.370300192385912 28.596818586811423,-29.370348304510117 28.596768882125616,-29.370398595929146 28.596729654818773,-29.370446624234319 28.596698055043817,-29.370491048321128 28.59657165594399,-29.370732614770532 28.596570063382387,-29.370754659175873 28.596580624580383,-29.370759436860681 28.596583222970366,-29.370752396062016 28.596584061160684,-29.370753569528461 28.596582636237144,-29.370753318071365 28.596578193828464,-29.370754240080714 28.596585066989064,-29.370756754651666 28.596572410315275,-29.370752228423953 28.596568303182721,-29.370740577578545 28.59658875502646,-29.370941994711757 28.596561932936311,-29.371128408238292 28.596561597660184,-29.37118356116116 28.596609206870198,-29.371768953278661 28.596600322052836,-29.371839193627238 28.596586575731635,-29.371901638805866 28.596425391733646,-29.372291984036565 28.596139485016465,-29.37287662178278 28.595756515860558,-29.373487997800112 28.595728436484933,-29.373549437150359 28.595497850328684,-29.373948918655515 28.595472201704979,-29.374034497886896 28.595465077087283,-29.374122424051166 28.595472285524011,-29.374212864786386 28.595492318272591,-29.37430833466351 28.595523918047547,-29.374401289969683 28.595562893897295,-29.374495334923267 28.595806388184428,-29.37515415251255 28.595813680440187,-29.375227577984333 28.595814518630505,-29.375297063961625 28.595807645469904,-29.375366382300854 28.595792055130005,-29.375441651791334 28.595768669620156,-29.375523626804352 28.595734387636185,-29.375610379502177 28.595690047368407,-29.375693192705512 28.595636151731014,-29.375769719481468 28.595565408468246,-29.375840881839395 28.595482176169753,-29.375894693657756 28.595385113731027,-29.37593350186944 28.595276400446892,-29.375957306474447 28.595152264460921,-29.375969208776951 28.595019578933716,-29.375975243747234 28.594248024746776,-29.376059481874108 28.594149285927415,-29.376096026971936 28.594048954546452,-29.376141624525189 28.593239346519113,-29.376485785469413 28.592995684593916,-29.376594247296453 28.592917900532484,-29.376645879819989 28.59284196048975,-29.376705894246697 28.592769121751189,-29.376772781834006 28.592704245820642,-29.376838412135839 28.592482879757881,-29.377070758491755 28.592422362416983,-29.377114260569215 28.592359749600291,-29.377143513411283 28.592294957488775,-29.377163210883737 28.59223167411983,-29.377176873385906 28.592163696885109,-29.377181818708777 28.592100078240037,-29.377178214490414 28.592034196481109,-29.377162624150515 28.591961357742548,-29.377129767090082 28.591891201213002,-29.377082493156195 28.591819955036044,-29.377026418223977 28.59129985794425,-29.376655602827668 28.59068370424211,-29.376431973651052 28.59057423658669,-29.376418311148882 28.590465690940619,-29.37642065808177 28.590356642380357,-29.376435577869415 28.590242313221097,-29.37646416015923 28.590133767575026,-29.376498693600297 28.589196838438511,-29.376871520653367 28.588692080229521,-29.377093054354191 28.588350685313344,-29.377228925004601 28.588175168260932,-29.377307631075382 28.587968051433563,-29.377396479249001 28.58787652105093,-29.377449369058013 28.586957277730107,-29.378091003745794 28.586166696622968,-29.378721239045262 28.585515758022666,-29.379494050517678 28.585432777181268,-29.379608798772097 28.585404865443707,-29.379661604762077 28.585348706692457,-29.379762439057231 28.5853102337569,-29.379813065752387 28.585270335897803,-29.379858411848545 28.585235383361578,-29.379901830106974 28.58520520851016,-29.379947176203132 28.585176961496472,-29.379999814555049 28.585147876292467,-29.380056811496615 28.585110157728195,-29.380119927227497 28.585058022290468,-29.380181534215808 28.584998762235045,-29.380231238901615 28.584933215752244,-29.380270047113299 28.584864987060428,-29.380297623574734 28.58478787355125,-29.38032235018909 28.584150429815054,-29.380549164488912 28.584052361547947,-29.380571627989411 28.583963764831424,-29.380579674616456 28.583864942193031,-29.380573723465204 28.583774669095874,-29.380554696545005 28.583682384341955,-29.380514798685908 28.583564115688205,-29.380449755117297 28.58303714543581,-29.380230065435171 28.582909321412444,-29.380204752087593 28.582793483510613,-29.380193436518312 28.582666246220469,-29.380187233909965 28.582532219588757,-29.38018798828125 28.582411101087928,-29.380198884755373 28.582299537956715,-29.380219168961048 28.582172049209476,-29.380252696573734 28.582057720050216,-29.380289325490594 28.58143393881619,-29.380501303821802 28.581324554979801,-29.380551008507609 28.581240149214864,-29.380608759820461 28.581150462850928,-29.380690148100257 28.580662133172154,-29.381211334839463 28.580457866191864,-29.381493553519249 28.5804249253124,-29.381572008132935 28.58039709739387,-29.381660772487521 28.580375136807561,-29.381754146888852 28.580359546467662,-29.381849952042103 28.580350745469332,-29.381952546536922 28.580346386879683,-29.382058158516884 28.580339848995209,-29.383062729611993 28.580378154292703,-29.383308067917824 28.580405814573169,-29.383389372378588 28.580730110406876,-29.383973255753517 28.580749137327075,-29.384034862741828 28.580751903355122,-29.384092278778553 28.580740001052618,-29.384149694815278 28.580717705190182,-29.384212475270033 28.5806839261204,-29.384278105571866 28.580632964149117,-29.384352536872029 28.58058275654912,-29.384405175223947 28.580512180924416,-29.384458232671022 28.580431463196874,-29.384507350623608 28.580332389101386,-29.38456024043262 28.579322788864374,-29.384982520714402 28.578967479988933,-29.385157115757465 28.578894389793277,-29.385214699432254 28.578825071454048,-29.385287957265973 28.578766901046038,-29.385368339717388 28.578720968216658,-29.385456349700689 28.578681321814656,-29.385555507615209 28.578312182798982,-29.386380203068256 28.578149741515517,-29.386900048702955 28.578023677691817,-29.387228200212121 28.578014960512519,-29.387295171618462 28.578016636893153,-29.387358454987407 28.578023090958595,-29.387421738356352 28.578031389042735,-29.387475298717618 28.578036418184638,-29.387525841593742 28.57803457416594,-29.38757311552763 28.577988976612687,-29.388066306710243 28.577990150079131,-29.388134451583028 28.578084362670779,-29.388850601390004 28.578082351014018,-29.388906676322222 28.578080087900162,-29.388959649950266 28.578095510601997,-29.389139777049422 28.578122751787305,-29.389243209734559 28.578127613291144,-29.389292076230049 28.578126523643732,-29.389344044029713 28.578105652704835,-29.390023816376925 28.578289551660419,-29.391067363321781 28.578465571627021,-29.391545969992876 28.578543858602643,-29.391989624127746 28.578672520816326,-29.392412910237908 28.578693643212318,-29.39253268763423 28.578697247430682,-29.392659422010183 28.57868785969913,-29.392792861908674 28.578671766445041,-29.392926217988133 28.578600017353892,-29.393581431359053 28.578568920493126,-29.393658377230167 28.578523406758904,-29.393728282302618 28.578465990722179,-29.393787793815136 28.578395498916507,-29.393838001415133 28.578312518075109,-29.393875636160374 28.578218892216682,-29.393900949507952 28.578121075406671,-29.393912432715297 28.578015295788646,-29.393911007791758 28.577903900295496,-29.393896255642176 28.577800132334232,-29.393870858475566 28.577705416828394,-29.393835151568055 28.577619921416044,-29.393786117434502 28.577547166496515,-29.393728785216808 28.57748388312757,-29.393664076924324 28.577426970005035,-29.393593082204461 28.57737734913826,-29.393518064171076 28.577333344146609,-29.393436508253217 28.577296044677496,-29.393352270126343 28.577253045514226,-29.393265265971422 28.577201580628753,-29.393175579607487 28.576443353667855,-29.392261113971472 28.575521595776081,-29.391637919470668 28.574272776022553,-29.390557743608952 28.574182167649269,-29.39049169421196 28.574093738570809,-29.390437379479408 28.573300559073687,-29.389873193576932 28.573224535211921,-29.389814687892795 28.573145493865013,-29.389772694557905 28.573054131120443,-29.389746375381947 28.572954637929797,-29.389734640717506 28.572841649875045,-29.389729527756572 28.572005890309811,-29.3897470459342 28.571911845356226,-29.389773532748222 28.571822494268417,-29.389810664579272 28.571740686893463,-29.389856681227684 28.571661729365587,-29.389906553551555 28.571014311164618,-29.390252223238349 28.570674760267138,-29.390367642045021 28.570542829111218,-29.39039496704936 28.569362657144666,-29.390699313953519 28.569071805104613,-29.390897210687399 28.568999553099275,-29.390969211235642 28.568421369418502,-29.391663987189531 28.568129176273942,-29.391983840614557 28.568070335313678,-29.392024325206876 28.567848047241569,-29.392230855301023 28.56767219491303,-29.392383908852935 28.567503802478313,-29.392617931589484 28.567273383960128,-29.392786156386137 28.567215213552117,-29.392786491662264 28.567103734239936,-29.392598401755095 28.567111864686012,-29.392037652432919 28.567102728411555,-29.391799522563815 28.567141285166144,-29.391451925039291 28.567216219380498,-29.390641897916794 28.567408751696348,-29.389374470338225 28.567542610689998,-29.388477355241776 28.567571192979813,-29.388057924807072 28.567562475800514,-29.38793521374464 28.567540599033237,-29.387803114950657 28.567507658153772,-29.387675039470196 28.567466586828232,-29.387554842978716 28.567426353693008,-29.387451997026801 28.567298445850611,-29.387209508568048 28.567216889932752,-29.387152343988419 28.566835429519415,-29.386667283251882 28.566760830581188,-29.386550774797797 28.566740462556481,-29.38648346811533 28.566737528890371,-29.38640627078712 28.56676091440022,-29.386322619393468 28.566806595772505,-29.386239973828197 28.566866526380181,-29.386163111776114 28.566937521100044,-29.386092033237219 28.567017149180174,-29.386022547259927 28.567100716754794,-29.385950127616525 28.567181518301368,-29.385867398232222 28.567261146381497,-29.385776119306684 28.567326609045267,-29.38568458892405 28.567372877150774,-29.385596914216876 28.567399531602859,-29.385511670261621 28.567407159134746,-29.385425085201859 28.567405734211206,-29.385342104360461 28.567402716726065,-29.38525166362524 28.56740984134376,-29.385062484070659 28.567430796101689,-29.384855115786195 28.567419229075313,-29.384756544604897 28.567391820251942,-29.384661912918091 28.567353934049606,-29.384568287059665 28.56730917468667,-29.384474158287048 28.567255698144436,-29.384383130818605 28.56719333678484,-29.384299395605922 28.567123850807548,-29.384225467219949 28.56704774312675,-29.38415958546102 28.566974820569158,-29.384107366204262 28.566895443946123,-29.384059673175216 28.566810535266995,-29.384009633213282 28.566258084028959,-29.383496744558215 28.565774699673057,-29.382755281403661 28.565597925335169,-29.382465519011021 28.565561715513468,-29.382391003891826 28.565460462123156,-29.382083052769303 28.565452583134174,-29.382000658661127 28.565443279221654,-29.381907032802701 28.565226355567575,-29.381027603521943 28.565063495188951,-29.380575399845839 28.565015299245715,-29.380504991859198 28.564954111352563,-29.380443803966045 28.564881607890129,-29.380395524203777 28.564794519916177,-29.380357805639505 28.56469695456326,-29.380330983549356 28.564596120268106,-29.380310028791428 28.56449662707746,-29.380294606089592 28.564397469162941,-29.380284380167723 28.563748290762305,-29.380214978009462 28.563663884997368,-29.380215229466558 28.562745228409767,-29.380445228889585 28.562121614813805,-29.380586044862866 28.561324160546064,-29.380787797272205 28.560996847227216,-29.380866084247828 28.560895677655935,-29.380913693457842 28.560807248577476,-29.380974713712931 28.560733404010534,-29.381048977375031 28.560681017115712,-29.381136484444141 28.560641035437584,-29.381234049797058 28.560602897778153,-29.381330441683531 28.560556881129742,-29.381430018693209 28.559863530099392,-29.382493095472455 28.559703603386879,-29.3826272059232 28.55961031280458,-29.382678419351578 28.559508305042982,-29.382721669971943 28.559402609243989,-29.382759304717183 28.559284005314112,-29.382790988311172 28.559148050844669,-29.38281781040132 28.5590083245188,-29.382841950282454 28.558762818574905,-29.38287447206676 28.558421758934855,-29.382900623604655 28.558302903547883,-29.382925098761916 28.557377709075809,-29.383358443155885 28.557285256683826,-29.383445447310805 28.557207388803363,-29.383535720407963 28.557137902826071,-29.383632615208626 28.557076128199697,-29.383735377341509 28.556917039677501,-29.384040897712111 28.556884685531259,-29.384151957929134 28.55686373077333,-29.38426461070776 28.556852079927921,-29.384381035342813 28.556848727166653,-29.384493017569184 28.556850403547287,-29.384597791358829 28.55682659894228,-29.3849394377321 28.556797681376338,-29.385033063590527 28.556759040802717,-29.385126689448953 28.556528957560658,-29.385582078248262 28.556470954790711,-29.385647792369127 28.556391159072518,-29.385714679956436 28.556306250393391,-29.385771676898003 28.556208685040474,-29.385831272229552 28.555513909086585,-29.386391350999475 28.555461522191763,-29.386470476165414 28.555193385109305,-29.386971797794104 28.555135633796453,-29.38704589381814 28.555065058171749,-29.387107836082578 28.554978808388114,-29.387157456949353 28.554879985749722,-29.38719249330461 28.554775295779109,-29.387213364243507 28.554669180884957,-29.387220153585076 28.554567592218518,-29.387214202433825 28.554471954703331,-29.387195762246847 28.554382855072618,-29.387165000662208 28.554300963878632,-29.387121079489589 28.55422611348331,-29.387063411995769 28.55416408739984,-29.386990070343018 28.554108263924718,-29.386895019561052 28.554061157628894,-29.386791670694947 28.554018493741751,-29.386677257716656 28.553618090227246,-29.385628933086991 28.553565284237266,-29.385484261438251 28.553539216518402,-29.385344535112381 28.553537204861641,-29.385204389691353 28.553476436063647,-29.384430572390556 28.553278706967831,-29.383805869147182 28.553162785246968,-29.382985113188624 28.553123809397221,-29.382540788501501 28.55299967341125,-29.382063020020723 28.552886517718434,-29.381745345890522 28.552367510274053,-29.381027016788721 28.55224178172648,-29.380883434787393 28.552195262163877,-29.380795089527965 28.552154609933496,-29.380692830309272 28.552121333777905,-29.3805842846632 28.552097110077739,-29.380475739017129 28.551910277456045,-29.37944577075541 28.551873564720154,-29.378639096394181 28.551992420107126,-29.378070216625929 28.552042543888092,-29.377985894680023 28.552101971581578,-29.37790366820991 28.55217388831079,-29.377825548872352 28.552260724827647,-29.37775413505733 28.552364744246006,-29.377683056518435 28.552563479170203,-29.377529416233301 28.552640844136477,-29.377444172278047 28.552705133333802,-29.377360185608268 28.552751904353499,-29.377288687974215 28.55278174392879,-29.377226075157523 28.552799010649323,-29.377169581130147 28.552807392552495,-29.377114260569215 28.552813176065683,-29.377054078504443 28.552960278466344,-29.376122849062085 28.553081145510077,-29.375752955675125 28.553092796355486,-29.375643990933895 28.553089527413249,-29.375529745593667 28.553070584312081,-29.375409297645092 28.553036469966173,-29.375288262963295 28.552991040050983,-29.375159265473485 28.552386537194252,-29.373924192041159 28.552002478390932,-29.373129587620497 28.551946152001619,-29.37305155210197 28.551881527528167,-29.372980305925012 28.551807599142194,-29.372916100546718 28.551724702119827,-29.372859606519341 28.551630573347211,-29.372807387262583 28.551532421261072,-29.372759107500315 28.550327019765973,-29.372380748391151 28.549898033961654,-29.372274801135063 28.549034697934985,-29.372181845828891 28.548319051042199,-29.372196178883314 28.548163985833526,-29.372223168611526 28.547328393906355,-29.372395919635892 28.547032261267304,-29.372505303472281 28.54692212305963,-29.372525420039892 28.546808212995529,-29.372552996501327 28.546756329014897,-29.372562048956752 28.546707965433598,-29.372570347040892 28.546668905764818,-29.372577555477619 28.546639150008559,-29.372585266828537 28.546461453661323,-29.372607227414846 28.545802887529135,-29.372616866603494 28.545230403542519,-29.37255903147161 28.545133844017982,-29.372532125562429 28.544822288677096,-29.372462974861264 28.544712485745549,-29.372456939890981 28.544604862108827,-29.372461466118693 28.544502519071102,-29.372476218268275 28.544404115527868,-29.372503962367773 28.544320045039058,-29.372542686760426 28.544238824397326,-29.372594738379121 28.544162297621369,-29.372654417529702 28.544087950140238,-29.372721053659916 28.543456792831421,-29.373635519295931 28.543137861415744,-29.374445714056492 28.543118499219418,-29.374495502561331 28.543089916929603,-29.37454872764647 28.543048175051808,-29.374604718759656 28.54298765771091,-29.374657943844795 28.542907861992717,-29.374707899987698 28.542814990505576,-29.37475299462676 28.542717425152659,-29.374791299924254 28.542622542008758,-29.374818624928594 28.54253176599741,-29.374833628535271 28.542448366060853,-29.374832035973668 28.542377622798085,-29.374818541109562 28.542315009981394,-29.37480135820806 28.542177714407444,-29.374752240255475 28.542112419381738,-29.374716868624091 28.541382858529687,-29.374298192560673 28.541140789166093,-29.374203644692898 28.541011288762093,-29.37417883425951 28.540364038199186,-29.374149916693568 28.540251050144434,-29.374163579195738 28.539066184312105,-29.374437583610415 28.53830267675221,-29.374743942171335 28.53822648525238,-29.374784091487527 28.538154987618327,-29.374834215268493 28.537624916061759,-29.375181393697858 28.537525255233049,-29.375220704823732 28.537459960207343,-29.375255908817053 28.536947658285499,-29.375521950423717 28.536909520626068,-29.375549526885152 28.536864342167974,-29.375588921830058 28.536745654419065,-29.375681793317199 28.536664349958301,-29.3757214397192 28.53656318038702,-29.375752788037062 28.53645178489387,-29.375776089727879 28.536343490704894,-29.3757957033813 28.536067055538297,-29.375846832990646 28.536002095788717,-29.375847419723868 28.535927077755332,-29.375838618725538 28.535744855180383,-29.375813389196992 28.535645864903927,-29.375817496329546 28.535537905991077,-29.375838534906507 28.534776829183102,-29.376063840463758 28.534405259415507,-29.376238519325852 28.53432085365057,-29.376295180991292 28.533875523135066,-29.376568850129843 28.53345014154911,-29.376838160678744 28.533391552045941,-29.376872023567557 28.53310908190906,-29.376989034935832 28.533031716942787,-29.377003535628319 28.532956028357148,-29.377003367990255 28.532444983720779,-29.376964056864381 28.532334677875042,-29.376933462917805 28.532234765589237,-29.376895744353533 28.531410321593285,-29.376565581187606 28.531275959685445,-29.376530628651381 28.531152913346887,-29.376509841531515 28.531039003282785,-29.376503555104136 28.530930709093809,-29.376513110473752 28.53082568384707,-29.376538004726171 28.530732979997993,-29.376574717462063 28.530647903680801,-29.376624757423997 28.53057456202805,-29.376683514565229 28.530515301972628,-29.376750402152538 28.530471967533231,-29.376821396872401 28.530440032482147,-29.376894738525152 28.530423939228058,-29.376971181482077 28.530423101037741,-29.377050558105111 28.530432069674134,-29.377133622765541 28.530444307252765,-29.377218363806605 28.530460232868791,-29.377591023221612 28.530481774359941,-29.377763774245977 28.530494766309857,-29.378418987616897 28.530375491827726,-29.378706319257617 28.530329475179315,-29.378765327855945 28.53027306497097,-29.378819223493338 28.53020709939301,-29.378861133009195 28.530129147693515,-29.378890888765454 28.530042059719563,-29.378909580409527 28.529950026422739,-29.378916202113032 28.529858076944947,-29.378907233476639 28.529767049476504,-29.378896420821548 28.529528919607401,-29.378867335617542 28.529463624581695,-29.378840010613203 28.529393384233117,-29.378800112754107 28.529316354542971,-29.378756443038583 28.529227171093225,-29.378709839656949 28.528811512514949,-29.378495514392853 28.528195358812809,-29.378105085343122 28.528123442083597,-29.378067618235946 28.528044149279594,-29.378036437556148 28.527959240600467,-29.37801112420857 28.527870308607817,-29.37798866070807 28.527498822659254,-29.377925461158156 28.527403520420194,-29.377923365682364 28.527137897908688,-29.377914983779192 28.527058437466621,-29.37789972871542 28.526980988681316,-29.377875505015254 28.526899516582489,-29.377841306850314 28.52682039141655,-29.377800654619932 28.526746714487672,-29.377755140885711 28.526678401976824,-29.377696802839637 28.526630038395524,-29.377632513642311 28.526596175506711,-29.377566380426288 28.526579663157463,-29.377498822286725 28.52658636868,-29.377439059317112 28.526606736704707,-29.377382732927799 28.526637330651283,-29.377327244728804 28.526681838557124,-29.377273097634315 28.526733387261629,-29.377220207825303 28.526793401688337,-29.377167988568544 28.526861965656281,-29.377116188406944 28.526943353936076,-29.377061622217298 28.527037817984819,-29.376997584477067 28.527135970070958,-29.37691711820662 28.527226494625211,-29.37682575546205 28.527299333363771,-29.376736655831337 28.527350295335054,-29.376651998609304 28.527378290891647,-29.376575136557221 28.527390863746405,-29.376508416607976 28.527397569268942,-29.376443959772587 28.527411818504333,-29.376222090795636 28.527391199022532,-29.376137852668762 28.527351133525372,-29.376052357256413 28.527295645326376,-29.375970298424363 28.527227081358433,-29.375892346724868 28.527150973677635,-29.375825962051749 28.52707352489233,-29.375771312043071 28.526983419433236,-29.375716913491488 28.526889542117715,-29.375667041167617 28.52656583301723,-29.375509293749928 28.525879858061671,-29.375122552737594 28.52494896389544,-29.374568425118923 28.524877214804292,-29.374505644664168 28.524817368015647,-29.374435739591718 28.524770848453045,-29.374359380453825 28.524736650288105,-29.374271035194397 28.524714102968574,-29.374171709641814 28.524698009714484,-29.374065008014441 28.524696920067072,-29.373220279812813 28.524597343057394,-29.372275387868285 28.524570520967245,-29.372209422290325 28.524534562602639,-29.372145384550095 28.524488378316164,-29.372084112837911 28.524210602045059,-29.371790075674653 28.524143127724528,-29.371740287169814 28.524064421653748,-29.371700473129749 28.523973142728209,-29.371669543907046 28.523878594860435,-29.371647499501705 28.5237767547369,-29.371633669361472 28.523671226575971,-29.371630819514394 28.523561591282487,-29.37164138071239 28.523448435589671,-29.371666191145778 28.523337123915553,-29.371696198359132 28.522223001345992,-29.371941117569804 28.521078871563077,-29.372157705947757 28.520003641024232,-29.37229173257947 28.519902303814888,-29.372290894389153 28.519800212234259,-29.37228050082922 28.519702395424247,-29.372260300442576 28.519611367955804,-29.372228281572461 28.519530147314072,-29.372181426733732 28.519463008269668,-29.372120574116707 28.519416153430939,-29.372047986835241 28.519395114853978,-29.371965089812875 28.519388074055314,-29.371874900534749 28.519391845911741,-29.371771216392517 28.519403748214245,-29.371654959395528 28.519503325223923,-29.371020281687379 28.519485974684358,-29.370559360831976 28.519454291090369,-29.370456682518125 28.519411543384194,-29.370359955355525 28.5190658736974,-29.369497373700142 28.519020946696401,-29.369391677901149 28.518909048289061,-29.36919528990984 28.51883428171277,-29.369106274098158 28.518748115748167,-29.369030082598329 28.518657507374883,-29.368966212496161 28.518567653372884,-29.368908125907183 28.518192898482084,-29.368655998259783 28.518079156056046,-29.368613082915545 28.51796549744904,-29.368584668263793 28.517852760851383,-29.368567736819386 28.517741449177265,-29.368555583059788 28.516868809238076,-29.368566479533911 28.516140589490533,-29.368636049330235 28.516050819307566,-29.368649963289499 28.514924375340343,-29.368807710707188 28.513623671606183,-29.368928326293826 28.512032367289066,-29.369130413979292 28.511700108647346,-29.369190679863095 28.511604890227318,-29.369226722046733 28.511513695120811,-29.369269972667098 28.511425768956542,-29.369318755343556 28.511342285200953,-29.369374243542552 28.511267937719822,-29.369437778368592 28.511203229427338,-29.369512628763914 28.511147238314152,-29.369596280157566 28.511100132018328,-29.36968931928277 28.511060904711485,-29.369787471368909 28.51102746091783,-29.369889814406633 28.510644491761923,-29.370803274214268 28.510274011641741,-29.371832655742764 28.510084915906191,-29.372527431696653 28.510016854852438,-29.372617704793811 28.509938484057784,-29.372699931263924 28.509850222617388,-29.372778385877609 28.509753830730915,-29.372848123311996 28.509645452722907,-29.372907718643546 28.509529447183013,-29.372953064739704 28.509410256519914,-29.372983742505312 28.509292155504227,-29.372997488826513 28.509174725040793,-29.372997405007482 28.509050672873855,-29.372983491048217 28.508925782516599,-29.372959854081273 28.50788651034236,-29.372776038944721 28.506682869046926,-29.372507985681295 28.505191309377551,-29.372424501925707 28.50406788289547,-29.372421400621533 28.502166615799069,-29.372470434755087 28.499854383990169,-29.372770339250565 28.498821901157498,-29.372959854081273 28.498560972511768,-29.373038476333022 28.498446894809604,-29.373096562922001 28.498339774087071,-29.373165629804134 28.498238604515791,-29.373242827132344 28.498144811019301,-29.373327065259218 28.498056130483747,-29.373414991423488 28.497768463566899,-29.373816819861531 28.497630329802632,-29.374105576425791 28.497574087232351,-29.374188808724284 28.497507367283106,-29.374263072386384 28.497429667040706,-29.374332223087549 28.497342076152563,-29.374399110674858 28.49725004285574,-29.37446222640574 28.49715381860733,-29.374516289681196 28.497051056474447,-29.374558618292212 28.496943349018693,-29.374590804800391 28.496832204982638,-29.374613100662827 28.496714606881142,-29.374630535021424 28.495585983619094,-29.37473145313561 28.494934039190412,-29.374827677384019 28.494796911254525,-29.374874196946621 28.494682163000107,-29.374932702630758 28.494576383382082,-29.375005709007382 28.494482506066561,-29.375097574666142 28.494412936270237,-29.375203605741262 28.494369518011808,-29.375318521633744 28.494352838024497,-29.375437460839748 28.494356442242861,-29.375562351197004 28.494372870773077,-29.375696629285812 28.494393322616816,-29.376062583178282 28.494374547153711,-29.376172218471766 28.494339426979423,-29.376282440498471 28.494289889931679,-29.376396685838699 28.494229959324002,-29.376517552882433 28.493691589683294,-29.377466635778546 28.492794977501035,-29.378978814929724 28.492059130221605,-29.380177510902286 28.491476168856025,-29.381145369261503 28.490960262715816,-29.382063774392009 28.490881472826004,-29.382173577323556 28.490798743441701,-29.382275165989995 28.489635586738586,-29.383390378206968 28.48915203474462,-29.384073168039322 28.488752972334623,-29.385169520974159 28.488654401153326,-29.385347720235586 28.488593464717269,-29.385425085201859 28.488522721454501,-29.38548912294209 28.488438483327627,-29.385538324713707 28.488346617668867,-29.385572019964457 28.488246705383062,-29.38559272326529 28.488134890794754,-29.385600602254272 28.488037157803774,-29.385593309998512 28.487935150042176,-29.38557218760252 28.487834148108959,-29.385538827627897 28.487739516422153,-29.385492224246264 28.48766366019845,-29.385434556752443 28.487601047381759,-29.385364232584834 28.487548073753715,-29.385285191237926 28.487497447058558,-29.385199779644608 28.487022528424859,-29.384303586557508 28.486713990569115,-29.383630687370896 28.486680965870619,-29.383493643254042 28.486618185415864,-29.382732314988971 28.486714828759432,-29.381481651216745 28.486829409375787,-29.380339113995433 28.486915240064263,-29.379066489636898 28.486906019970775,-29.378933720290661 28.486881796270609,-29.378806483000517 28.486842066049576,-29.378688633441925 28.486787248402834,-29.378579668700695 28.486717594787478,-29.378477074205875 28.486633440479636,-29.37838445417583 28.486536461859941,-29.378302479162812 28.486426239833236,-29.378227796405554 28.486302522942424,-29.37815479002893 28.485148921608925,-29.377489686012268 28.483941089361906,-29.376849308609962 28.483859617263079,-29.376806393265724 28.483785185962915,-29.376753671094775 28.483714777976274,-29.376682676374912 28.483664402738214,-29.376606401056051 28.483626265078783,-29.376518810167909 28.4836046397686,-29.376429123803973 28.483606399968266,-29.376337258145213 28.48363489843905,-29.376256875693798 28.48368326202035,-29.376181354746222 28.483744785189629,-29.376108180731535 28.483803123235703,-29.376037940382957 28.484269324690104,-29.375311564654112 28.485345896333456,-29.373936597257853 28.486244520172477,-29.372882489115 28.486854387447238,-29.372031055390835 28.486888166517019,-29.371931562200189 28.486914318054914,-29.371831733733416 28.486927812919021,-29.371734419837594 28.486930914223194,-29.371634507551789 28.486925465986133,-29.371529649943113 28.486872492358088,-29.371214658021927 28.486828403547406,-29.371119858697057 28.486767634749413,-29.371032267808914 28.486708542332053,-29.370965883135796 28.486643917858601,-29.37090746127069 28.48657694645226,-29.370859684422612 28.486503520980477,-29.370815260335803 28.486123234033585,-29.370576292276382 28.486025417223573,-29.370535975322127 28.485362576320767,-29.37026004306972 28.485299041494727,-29.370206650346518 28.48524933680892,-29.370139678940177 28.485218910500407,-29.370057033374906 28.485209690406919,-29.369962401688099 28.485219581052661,-29.369862321764231 28.485248582437634,-29.369761906564236 28.485295185819268,-29.3696653470397 28.485361486673355,-29.369576163589954 28.485440528020263,-29.369504749774933 28.485523676499724,-29.369450937956572 28.485611518844962,-29.369406262412667 28.48570765927434,-29.36936292797327 28.485813271254301,-29.369322024285793 28.486815160140395,-29.368905778974295 28.487826520577073,-29.368560863658786 28.488119719550014,-29.368489533662796 28.488243520259857,-29.368439661338925 28.488356173038483,-29.368378221988678 28.488458599895239,-29.368310160934925 28.488562116399407,-29.368230951949954 28.48866730928421,-29.368150401860476 28.489152956753969,-29.36780808493495 28.489249516278505,-29.367763325572014 28.489357391372323,-29.367735413834453 28.489478258416057,-29.36771865002811 28.489605244249105,-29.367706999182701 28.491025809198618,-29.367612786591053 28.491832567378879,-29.367570457980037 28.491960056126118,-29.367536678910255 28.492094334214926,-29.367483202368021 28.493155734613538,-29.366935612633824 28.49326872266829,-29.36688750050962 28.493843469768763,-29.366606874391437 28.49388194270432,-29.36656991019845 28.493914548307657,-29.366533868014812 28.494230546057224,-29.365951409563422 28.494406146928668,-29.365608002990484 28.494468675926328,-29.365537092089653 28.49454939365387,-29.365483783185482 28.494649808853865,-29.365441370755434 28.494770843535662,-29.365399042144418 28.495784299448133,-29.365014983341098 28.496437165886164,-29.364477870985866 28.496835641562939,-29.364049974828959 28.496887609362602,-29.363951738923788 28.496923735365272,-29.36385165899992 28.497108221054077,-29.363034842535853 28.49713034927845,-29.362886985763907 28.497150046750903,-29.362551877275109 28.497144263237715,-29.362405613064766 28.497139904648066,-29.361676806584001 28.49679859355092,-29.360561007633805 28.496403973549604,-29.359467420727015 28.496291991323233,-29.359018234536052 28.496246393769979,-29.358905330300331 28.495660331100225,-29.357858262956142 28.495522029697895,-29.357592556625605 28.4954993147403,-29.357512760907412 28.495493615046144,-29.357433216646314 28.495511384680867,-29.357351996004581 28.495554719120264,-29.357273709028959 28.495617331936955,-29.357201708480716 28.4957030788064,-29.357130462303758 28.495803913101554,-29.357059467583895 28.495902316644788,-29.35699375346303 28.496166681870818,-29.356830641627312 28.496211189776659,-29.356811949983239 28.496269527822733,-29.356796443462372 28.496700441464782,-29.35669569298625 28.496821895241737,-29.356643809005618 28.496942343190312,-29.356583626940846 28.497593449428678,-29.356239130720496 28.497705766931176,-29.356222366914153 28.497830154374242,-29.356218175962567 28.498888956382871,-29.356087250635028 28.499235883355141,-29.355954062193632 28.499312326312065,-29.355911901220679 28.499391116201878,-29.35586110688746 28.49946454167366,-29.355807211250067 28.499525310471654,-29.355753064155579 28.499579709023237,-29.355700258165598 28.499642070382833,-29.355652565136552 28.499716250225902,-29.35561534948647 28.499804176390171,-29.355590874329209 28.499903837218881,-29.355572266504169 28.500011628493667,-29.355564471334219 28.500127885490656,-29.355564219877124 28.50025319494307,-29.355561370030046 28.500384287908673,-29.355546534061432 28.501652888953686,-29.35513699427247 28.502678498625755,-29.354632822796702 28.503333795815706,-29.354220349341631 28.503622049465775,-29.354050112888217 28.503660941496491,-29.354051789268851 28.503723721951246,-29.354069977998734 28.503790022805333,-29.354110965505242 28.50385582074523,-29.354172823950648 28.503927821293473,-29.35425940901041 28.50400191731751,-29.354354711249471 28.504085233435035,-29.35444506816566 28.504177602007985,-29.354518577456474 28.504282291978598,-29.354573311284184 28.504396788775921,-29.354606503620744 28.504516063258052,-29.354619076475501 28.504637600854039,-29.354612287133932 28.504749834537506,-29.354585045948625 28.504853015765548,-29.354537101462483 28.504943707957864,-29.35446753166616 28.505015540868044,-29.354381700977683 28.505069352686405,-29.354280699044466 28.505099527537823,-29.354169135913253 28.505099611356854,-29.354052795097232 28.505066083744168,-29.353936873376369 28.505001291632652,-29.35382547788322 28.504911353811622,-29.353725565597415 28.504800545051694,-29.353634873405099 28.504683030769229,-29.353548875078559 28.504480440169573,-29.353384003043175 28.504401985555887,-29.353295657783747 28.50434448570013,-29.353200607001781 28.504311544820666,-29.353099353611469 28.504308862611651,-29.352992651984096 28.504337444901466,-29.352892236784101 28.504398548975587,-29.352798610925674 28.504476165398955,-29.352717390283942 28.504575155675411,-29.352651676163077 28.504683701321483,-29.352610437199473 28.50480574183166,-29.352590320631862 28.504945719614625,-29.352591075003147 28.505110591650009,-29.352608928456903 28.505306895822287,-29.352638013660908 28.506782613694668,-29.352898020297289 28.508787648752332,-29.353324742987752 28.509922809898853,-29.353645015507936 28.510053567588329,-29.353663790971041 28.510175943374634,-29.353657169267535 28.510293960571289,-29.353623725473881 28.510393034666777,-29.353566560894251 28.510489258915186,-29.353476036339998 28.510584058240056,-29.353365143761039 28.510703667998314,-29.353241510689259 28.508188929408789,-29.35100220143795 </coordinates></LineString></MultiGeometry></Placemark></Folder></Folder></Document></kml>