<?xml version="1.0" encoding="utf-8"?><kml xmlns="http://www.opengis.net/kml/2.2" xmlns:xsi="http://www.w3.org/2001/XMLSchema-instance" xmlns:kmlx="http://www.google.com/kml/ext/2.2" xmlns:atom="http://www.w3.org/2005/Atom" xmlns:gpxx="http://www.garmin.com/xmlschemas/GpxExtensions/v3"><Document><Style id="point"><IconStyle><scale>0.9</scale><Icon><href>http://maps.google.com/mapfiles/kml/shapes/placemark_circle.png</href></Icon></IconStyle></Style><Folder><name>Tracks</name><Folder><name>[370] Nkaobee Pass</name><Folder><name>Points</name><Style><ListStyle><listItemType>checkHideChildren</listItemType></ListStyle></Style><Placemark><TimeSpan><begin>2023-05-07T09:27:24Z</begin><end>2023-05-07T09:27:24Z</end></TimeSpan><Style><IconStyle><scale>0.9</scale><Icon><href>http://connect.garmin.com/image/main/icons/kml/grn-play.png</href></Icon></IconStyle></Style><Point><altitudeMode>clampToGround</altitudeMode><coordinates>28.510374510660768,-29.331462560221553,2072.7399999999998</coordinates></Point></Placemark><Placemark><TimeSpan><begin>2023-05-07T09:27:24Z</begin><end>2023-05-07T09:27:25Z</end></TimeSpan><styleUrl>#point</styleUrl><Point><altitudeMode>clampToGround</altitudeMode><coordinates>28.510429579764605,-29.331405395641923,2073.2199999999998</coordinates></Point></Placemark><Placemark><TimeSpan><begin>2023-05-07T09:27:25Z</begin><end>2023-05-07T09:27:26Z</end></TimeSpan><styleUrl>#point</styleUrl><Point><altitudeMode>clampToGround</altitudeMode><coordinates>28.510470567271113,-29.331357702612877,2074.1799999999998</coordinates></Point></Placemark><Placemark><TimeSpan><begin>2023-05-07T09:27:26Z</begin><end>2023-05-07T09:27:35Z</end></TimeSpan><styleUrl>#point</styleUrl><Point><altitudeMode>clampToGround</altitudeMode><coordinates>28.511096276342869,-29.330670135095716,2081.3899999999999</coordinates></Point></Placemark><Placemark><TimeSpan><begin>2023-05-07T09:27:35Z</begin><end>2023-05-07T09:27:36Z</end></TimeSpan><styleUrl>#point</styleUrl><Point><altitudeMode>clampToGround</altitudeMode><coordinates>28.511192919686437,-29.330603666603565,2082.3499999999999</coordinates></Point></Placemark><Placemark><TimeSpan><begin>2023-05-07T09:27:36Z</begin><end>2023-05-07T09:27:37Z</end></TimeSpan><styleUrl>#point</styleUrl><Point><altitudeMode>clampToGround</altitudeMode><coordinates>28.511310517787933,-29.330538790673018,2083.3099999999999</coordinates></Point></Placemark><Placemark><TimeSpan><begin>2023-05-07T09:27:37Z</begin><end>2023-05-07T09:27:38Z</end></TimeSpan><styleUrl>#point</styleUrl><Point><altitudeMode>clampToGround</altitudeMode><coordinates>28.511425601318479,-29.330490510910749,2084.2800000000002</coordinates></Point></Placemark><Placemark><TimeSpan><begin>2023-05-07T09:27:38Z</begin><end>2023-05-07T09:27:39Z</end></TimeSpan><styleUrl>#point</styleUrl><Point><altitudeMode>clampToGround</altitudeMode><coordinates>28.511547725647688,-29.330451618880033,2085.2399999999998</coordinates></Point></Placemark><Placemark><TimeSpan><begin>2023-05-07T09:27:39Z</begin><end>2023-05-07T09:27:40Z</end></TimeSpan><styleUrl>#point</styleUrl><Point><altitudeMode>clampToGround</altitudeMode><coordinates>28.511668844148517,-29.330422366037965,2086.1999999999998</coordinates></Point></Placemark><Placemark><TimeSpan><begin>2023-05-07T09:27:40Z</begin><end>2023-05-07T09:27:41Z</end></TimeSpan><styleUrl>#point</styleUrl><Point><altitudeMode>clampToGround</altitudeMode><coordinates>28.511802116408944,-29.330399064347148,2086.6799999999998</coordinates></Point></Placemark><Placemark><TimeSpan><begin>2023-05-07T09:27:41Z</begin><end>2023-05-07T09:27:42Z</end></TimeSpan><styleUrl>#point</styleUrl><Point><altitudeMode>clampToGround</altitudeMode><coordinates>28.511948464438319,-29.33038012124598,2087.6399999999999</coordinates></Point></Placemark><Placemark><TimeSpan><begin>2023-05-07T09:27:42Z</begin><end>2023-05-07T09:27:45Z</end></TimeSpan><styleUrl>#point</styleUrl><Point><altitudeMode>clampToGround</altitudeMode><coordinates>28.512343922629952,-29.330307953059673,2090.52</coordinates></Point></Placemark><Placemark><TimeSpan><begin>2023-05-07T09:27:45Z</begin><end>2023-05-07T09:27:46Z</end></TimeSpan><styleUrl>#point</styleUrl><Point><altitudeMode>clampToGround</altitudeMode><coordinates>28.512467388063669,-29.330267971381545,2091.4899999999998</coordinates></Point></Placemark><Placemark><TimeSpan><begin>2023-05-07T09:27:46Z</begin><end>2023-05-07T09:27:49Z</end></TimeSpan><styleUrl>#point</styleUrl><Point><altitudeMode>clampToGround</altitudeMode><coordinates>28.512810207903385,-29.330114247277379,2095.3299999999999</coordinates></Point></Placemark><Placemark><TimeSpan><begin>2023-05-07T09:27:49Z</begin><end>2023-05-07T09:27:50Z</end></TimeSpan><styleUrl>#point</styleUrl><Point><altitudeMode>clampToGround</altitudeMode><coordinates>28.512894529849291,-29.330053813755512,2096.77</coordinates></Point></Placemark><Placemark><TimeSpan><begin>2023-05-07T09:27:50Z</begin><end>2023-05-07T09:27:51Z</end></TimeSpan><styleUrl>#point</styleUrl><Point><altitudeMode>clampToGround</altitudeMode><coordinates>28.512962674722075,-29.329983405768871,2098.21</coordinates></Point></Placemark><Placemark><TimeSpan><begin>2023-05-07T09:27:51Z</begin><end>2023-05-07T09:27:52Z</end></TimeSpan><styleUrl>#point</styleUrl><Point><altitudeMode>clampToGround</altitudeMode><coordinates>28.512999974191189,-29.329908806830645,2099.1799999999998</coordinates></Point></Placemark><Placemark><TimeSpan><begin>2023-05-07T09:27:52Z</begin><end>2023-05-07T09:27:53Z</end></TimeSpan><styleUrl>#point</styleUrl><Point><altitudeMode>clampToGround</altitudeMode><coordinates>28.513015145435929,-29.329829094931483,2100.6199999999999</coordinates></Point></Placemark><Placemark><TimeSpan><begin>2023-05-07T09:27:53Z</begin><end>2023-05-07T09:27:54Z</end></TimeSpan><styleUrl>#point</styleUrl><Point><altitudeMode>clampToGround</altitudeMode><coordinates>28.513008439913392,-29.329745694994926,2101.5799999999999</coordinates></Point></Placemark><Placemark><TimeSpan><begin>2023-05-07T09:27:54Z</begin><end>2023-05-07T09:27:55Z</end></TimeSpan><styleUrl>#point</styleUrl><Point><altitudeMode>clampToGround</altitudeMode><coordinates>28.512982204556465,-29.329667156562209,2103.02</coordinates></Point></Placemark><Placemark><TimeSpan><begin>2023-05-07T09:27:55Z</begin><end>2023-05-07T09:27:56Z</end></TimeSpan><styleUrl>#point</styleUrl><Point><altitudeMode>clampToGround</altitudeMode><coordinates>28.512932751327753,-29.329590797424316,2104.46</coordinates></Point></Placemark><Placemark><TimeSpan><begin>2023-05-07T09:27:56Z</begin><end>2023-05-07T09:27:57Z</end></TimeSpan><styleUrl>#point</styleUrl><Point><altitudeMode>clampToGround</altitudeMode><coordinates>28.512858655303717,-29.329521981999278,2105.9099999999999</coordinates></Point></Placemark><Placemark><TimeSpan><begin>2023-05-07T09:27:57Z</begin><end>2023-05-07T09:27:58Z</end></TimeSpan><styleUrl>#point</styleUrl><Point><altitudeMode>clampToGround</altitudeMode><coordinates>28.512773998081684,-29.329470349475741,2106.8699999999999</coordinates></Point></Placemark><Placemark><TimeSpan><begin>2023-05-07T09:27:58Z</begin><end>2023-05-07T09:27:59Z</end></TimeSpan><styleUrl>#point</styleUrl><Point><altitudeMode>clampToGround</altitudeMode><coordinates>28.512685401365161,-29.329425925388932,2107.8299999999999</coordinates></Point></Placemark><Placemark><TimeSpan><begin>2023-05-07T09:27:59Z</begin><end>2023-05-07T09:28:00Z</end></TimeSpan><styleUrl>#point</styleUrl><Point><altitudeMode>clampToGround</altitudeMode><coordinates>28.512580124661326,-29.329378651455045,2109.27</coordinates></Point></Placemark><Placemark><TimeSpan><begin>2023-05-07T09:28:00Z</begin><end>2023-05-07T09:28:01Z</end></TimeSpan><styleUrl>#point</styleUrl><Point><altitudeMode>clampToGround</altitudeMode><coordinates>28.512484151870012,-29.329345962032676,2110.23</coordinates></Point></Placemark><Placemark><TimeSpan><begin>2023-05-07T09:28:01Z</begin><end>2023-05-07T09:28:02Z</end></TimeSpan><styleUrl>#point</styleUrl><Point><altitudeMode>clampToGround</altitudeMode><coordinates>28.512382814660668,-29.329332131892443,2111.1900000000001</coordinates></Point></Placemark><Placemark><TimeSpan><begin>2023-05-07T09:28:02Z</begin><end>2023-05-07T09:28:03Z</end></TimeSpan><styleUrl>#point</styleUrl><Point><altitudeMode>clampToGround</altitudeMode><coordinates>28.512283824384212,-29.329336658120155,2112.6300000000001</coordinates></Point></Placemark><Placemark><TimeSpan><begin>2023-05-07T09:28:03Z</begin><end>2023-05-07T09:28:04Z</end></TimeSpan><styleUrl>#point</styleUrl><Point><altitudeMode>clampToGround</altitudeMode><coordinates>28.512166142463684,-29.32935694232583,2113.5999999999999</coordinates></Point></Placemark><Placemark><TimeSpan><begin>2023-05-07T09:28:04Z</begin><end>2023-05-07T09:28:05Z</end></TimeSpan><styleUrl>#point</styleUrl><Point><altitudeMode>clampToGround</altitudeMode><coordinates>28.512059776112437,-29.32937546633184,2115.04</coordinates></Point></Placemark><Placemark><TimeSpan><begin>2023-05-07T09:28:05Z</begin><end>2023-05-07T09:28:06Z</end></TimeSpan><styleUrl>#point</styleUrl><Point><altitudeMode>clampToGround</altitudeMode><coordinates>28.511944273486733,-29.329389045014977,2116</coordinates></Point></Placemark><Placemark><TimeSpan><begin>2023-05-07T09:28:06Z</begin><end>2023-05-07T09:28:07Z</end></TimeSpan><styleUrl>#point</styleUrl><Point><altitudeMode>clampToGround</altitudeMode><coordinates>28.511809073388577,-29.329392230138183,2117.4400000000001</coordinates></Point></Placemark><Placemark><TimeSpan><begin>2023-05-07T09:28:07Z</begin><end>2023-05-07T09:28:08Z</end></TimeSpan><styleUrl>#point</styleUrl><Point><altitudeMode>clampToGround</altitudeMode><coordinates>28.511679908260703,-29.329385105520487,2118.4000000000001</coordinates></Point></Placemark><Placemark><TimeSpan><begin>2023-05-07T09:28:08Z</begin><end>2023-05-07T09:28:09Z</end></TimeSpan><styleUrl>#point</styleUrl><Point><altitudeMode>clampToGround</altitudeMode><coordinates>28.511551916599274,-29.329370185732841,2119.3600000000001</coordinates></Point></Placemark><Placemark><TimeSpan><begin>2023-05-07T09:28:09Z</begin><end>2023-05-07T09:28:10Z</end></TimeSpan><styleUrl>#point</styleUrl><Point><altitudeMode>clampToGround</altitudeMode><coordinates>28.511414537206292,-29.329346464946866,2120.8099999999999</coordinates></Point></Placemark><Placemark><TimeSpan><begin>2023-05-07T09:28:10Z</begin><end>2023-05-07T09:28:11Z</end></TimeSpan><styleUrl>#point</styleUrl><Point><altitudeMode>clampToGround</altitudeMode><coordinates>28.511261818930507,-29.329314781352878,2122.25</coordinates></Point></Placemark><Placemark><TimeSpan><begin>2023-05-07T09:28:11Z</begin><end>2023-05-07T09:28:16Z</end></TimeSpan><styleUrl>#point</styleUrl><Point><altitudeMode>clampToGround</altitudeMode><coordinates>28.510614233091474,-29.329137923195958,2130.4200000000001</coordinates></Point></Placemark><Placemark><TimeSpan><begin>2023-05-07T09:28:16Z</begin><end>2023-05-07T09:28:17Z</end></TimeSpan><styleUrl>#point</styleUrl><Point><altitudeMode>clampToGround</altitudeMode><coordinates>28.510505016893148,-29.329075561836362,2131.8600000000001</coordinates></Point></Placemark><Placemark><TimeSpan><begin>2023-05-07T09:28:17Z</begin><end>2023-05-07T09:28:18Z</end></TimeSpan><styleUrl>#point</styleUrl><Point><altitudeMode>clampToGround</altitudeMode><coordinates>28.510408205911517,-29.329002890735865,2132.8200000000002</coordinates></Point></Placemark><Placemark><TimeSpan><begin>2023-05-07T09:28:18Z</begin><end>2023-05-07T09:28:19Z</end></TimeSpan><styleUrl>#point</styleUrl><Point><altitudeMode>clampToGround</altitudeMode><coordinates>28.5103106405586,-29.328928207978606,2134.2600000000002</coordinates></Point></Placemark><Placemark><TimeSpan><begin>2023-05-07T09:28:19Z</begin><end>2023-05-07T09:28:20Z</end></TimeSpan><styleUrl>#point</styleUrl><Point><altitudeMode>clampToGround</altitudeMode><coordinates>28.510208129882813,-29.328864002600312,2135.71</coordinates></Point></Placemark><Placemark><TimeSpan><begin>2023-05-07T09:28:20Z</begin><end>2023-05-07T09:28:21Z</end></TimeSpan><styleUrl>#point</styleUrl><Point><altitudeMode>clampToGround</altitudeMode><coordinates>28.510096147656441,-29.328810861334205,2137.1500000000001</coordinates></Point></Placemark><Placemark><TimeSpan><begin>2023-05-07T09:28:21Z</begin><end>2023-05-07T09:28:22Z</end></TimeSpan><styleUrl>#point</styleUrl><Point><altitudeMode>clampToGround</altitudeMode><coordinates>28.509974274784327,-29.328771466389298,2138.5900000000001</coordinates></Point></Placemark><Placemark><TimeSpan><begin>2023-05-07T09:28:22Z</begin><end>2023-05-07T09:28:23Z</end></TimeSpan><styleUrl>#point</styleUrl><Point><altitudeMode>clampToGround</altitudeMode><coordinates>28.509836476296186,-29.328749254345894,2140.0300000000002</coordinates></Point></Placemark><Placemark><TimeSpan><begin>2023-05-07T09:28:23Z</begin><end>2023-05-07T09:28:24Z</end></TimeSpan><styleUrl>#point</styleUrl><Point><altitudeMode>clampToGround</altitudeMode><coordinates>28.509717872366309,-29.328742297366261,2141.4699999999998</coordinates></Point></Placemark><Placemark><TimeSpan><begin>2023-05-07T09:28:24Z</begin><end>2023-05-07T09:28:25Z</end></TimeSpan><styleUrl>#point</styleUrl><Point><altitudeMode>clampToGround</altitudeMode><coordinates>28.509584683924913,-29.328742045909166,2142.9200000000001</coordinates></Point></Placemark><Placemark><TimeSpan><begin>2023-05-07T09:28:25Z</begin><end>2023-05-07T09:28:27Z</end></TimeSpan><styleUrl>#point</styleUrl><Point><altitudeMode>clampToGround</altitudeMode><coordinates>28.509327694773674,-29.328730227425694,2145.8000000000002</coordinates></Point></Placemark><Placemark><TimeSpan><begin>2023-05-07T09:28:27Z</begin><end>2023-05-07T09:28:28Z</end></TimeSpan><styleUrl>#point</styleUrl><Point><altitudeMode>clampToGround</altitudeMode><coordinates>28.509201630949974,-29.328707596287131,2147.2399999999998</coordinates></Point></Placemark><Placemark><TimeSpan><begin>2023-05-07T09:28:28Z</begin><end>2023-05-07T09:28:29Z</end></TimeSpan><styleUrl>#point</styleUrl><Point><altitudeMode>clampToGround</altitudeMode><coordinates>28.509081099182367,-29.328670715913177,2148.6799999999998</coordinates></Point></Placemark><Placemark><TimeSpan><begin>2023-05-07T09:28:29Z</begin><end>2023-05-07T09:28:30Z</end></TimeSpan><styleUrl>#point</styleUrl><Point><altitudeMode>clampToGround</altitudeMode><coordinates>28.508971547707915,-29.328621095046401,2149.6500000000001</coordinates></Point></Placemark><Placemark><TimeSpan><begin>2023-05-07T09:28:30Z</begin><end>2023-05-07T09:28:31Z</end></TimeSpan><styleUrl>#point</styleUrl><Point><altitudeMode>clampToGround</altitudeMode><coordinates>28.508858978748322,-29.328550603240728,2150.6100000000001</coordinates></Point></Placemark><Placemark><TimeSpan><begin>2023-05-07T09:28:31Z</begin><end>2023-05-07T09:28:32Z</end></TimeSpan><styleUrl>#point</styleUrl><Point><altitudeMode>clampToGround</altitudeMode><coordinates>28.508773567155004,-29.328475333750248,2151.5700000000002</coordinates></Point></Placemark><Placemark><TimeSpan><begin>2023-05-07T09:28:32Z</begin><end>2023-05-07T09:28:33Z</end></TimeSpan><styleUrl>#point</styleUrl><Point><altitudeMode>clampToGround</altitudeMode><coordinates>28.508707098662853,-29.328397884964943,2152.0500000000002</coordinates></Point></Placemark><Placemark><TimeSpan><begin>2023-05-07T09:28:33Z</begin><end>2023-05-07T09:28:34Z</end></TimeSpan><styleUrl>#point</styleUrl><Point><altitudeMode>clampToGround</altitudeMode><coordinates>28.508646413683891,-29.328302918002009,2153.0100000000002</coordinates></Point></Placemark><Placemark><TimeSpan><begin>2023-05-07T09:28:34Z</begin><end>2023-05-07T09:28:35Z</end></TimeSpan><styleUrl>#point</styleUrl><Point><altitudeMode>clampToGround</altitudeMode><coordinates>28.50860483944416,-29.328197054564953,2153.0100000000002</coordinates></Point></Placemark><Placemark><TimeSpan><begin>2023-05-07T09:28:35Z</begin><end>2023-05-07T09:28:36Z</end></TimeSpan><styleUrl>#point</styleUrl><Point><altitudeMode>clampToGround</altitudeMode><coordinates>28.508583214133978,-29.328080881386995,2153.4899999999998</coordinates></Point></Placemark><Placemark><TimeSpan><begin>2023-05-07T09:28:36Z</begin><end>2023-05-07T09:28:37Z</end></TimeSpan><styleUrl>#point</styleUrl><Point><altitudeMode>clampToGround</altitudeMode><coordinates>28.508584890514612,-29.327953811734915,2153.9699999999998</coordinates></Point></Placemark><Placemark><TimeSpan><begin>2023-05-07T09:28:37Z</begin><end>2023-05-07T09:28:38Z</end></TimeSpan><styleUrl>#point</styleUrl><Point><altitudeMode>clampToGround</altitudeMode><coordinates>28.508601319044828,-29.327847445383668,2153.9699999999998</coordinates></Point></Placemark><Placemark><TimeSpan><begin>2023-05-07T09:28:38Z</begin><end>2023-05-07T09:28:39Z</end></TimeSpan><styleUrl>#point</styleUrl><Point><altitudeMode>clampToGround</altitudeMode><coordinates>28.508626129478216,-29.327726745977998,2154.4499999999998</coordinates></Point></Placemark><Placemark><TimeSpan><begin>2023-05-07T09:28:39Z</begin><end>2023-05-07T09:28:45Z</end></TimeSpan><styleUrl>#point</styleUrl><Point><altitudeMode>clampToGround</altitudeMode><coordinates>28.508682539686561,-29.326979834586382,2157.3400000000001</coordinates></Point></Placemark><Placemark><TimeSpan><begin>2023-05-07T09:28:45Z</begin><end>2023-05-07T09:28:46Z</end></TimeSpan><styleUrl>#point</styleUrl><Point><altitudeMode>clampToGround</altitudeMode><coordinates>28.508705422282219,-29.326874138787389,2157.8200000000002</coordinates></Point></Placemark><Placemark><TimeSpan><begin>2023-05-07T09:28:46Z</begin><end>2023-05-07T09:28:47Z</end></TimeSpan><styleUrl>#point</styleUrl><Point><altitudeMode>clampToGround</altitudeMode><coordinates>28.508742889389396,-29.326758217066526,2158.7800000000002</coordinates></Point></Placemark><Placemark><TimeSpan><begin>2023-05-07T09:28:47Z</begin><end>2023-05-07T09:28:56Z</end></TimeSpan><styleUrl>#point</styleUrl><Point><altitudeMode>clampToGround</altitudeMode><coordinates>28.508971044793725,-29.325679885223508,2164.5500000000002</coordinates></Point></Placemark><Placemark><TimeSpan><begin>2023-05-07T09:28:56Z</begin><end>2023-05-07T09:29:00Z</end></TimeSpan><styleUrl>#point</styleUrl><Point><altitudeMode>clampToGround</altitudeMode><coordinates>28.508952772244811,-29.325171271339059,2167.4299999999998</coordinates></Point></Placemark><Placemark><TimeSpan><begin>2023-05-07T09:29:00Z</begin><end>2023-05-07T09:29:01Z</end></TimeSpan><styleUrl>#point</styleUrl><Point><altitudeMode>clampToGround</altitudeMode><coordinates>28.50892435759306,-29.325045039877295,2168.3899999999999</coordinates></Point></Placemark><Placemark><TimeSpan><begin>2023-05-07T09:29:01Z</begin><end>2023-05-07T09:29:04Z</end></TimeSpan><styleUrl>#point</styleUrl><Point><altitudeMode>clampToGround</altitudeMode><coordinates>28.508789576590061,-29.32469098828733,2170.3099999999999</coordinates></Point></Placemark><Placemark><TimeSpan><begin>2023-05-07T09:29:04Z</begin><end>2023-05-07T09:29:05Z</end></TimeSpan><styleUrl>#point</styleUrl><Point><altitudeMode>clampToGround</altitudeMode><coordinates>28.508711038157344,-29.324597362428904,2170.79</coordinates></Point></Placemark><Placemark><TimeSpan><begin>2023-05-07T09:29:05Z</begin><end>2023-05-07T09:29:06Z</end></TimeSpan><styleUrl>#point</styleUrl><Point><altitudeMode>clampToGround</altitudeMode><coordinates>28.508612466976047,-29.324522260576487,2171.27</coordinates></Point></Placemark><Placemark><TimeSpan><begin>2023-05-07T09:29:06Z</begin><end>2023-05-07T09:29:07Z</end></TimeSpan><styleUrl>#point</styleUrl><Point><altitudeMode>clampToGround</altitudeMode><coordinates>28.508500903844833,-29.324459480121732,2171.7600000000002</coordinates></Point></Placemark><Placemark><TimeSpan><begin>2023-05-07T09:29:07Z</begin><end>2023-05-07T09:29:08Z</end></TimeSpan><styleUrl>#point</styleUrl><Point><altitudeMode>clampToGround</altitudeMode><coordinates>28.508389592170715,-29.32439099997282,2172.7199999999998</coordinates></Point></Placemark><Placemark><TimeSpan><begin>2023-05-07T09:29:08Z</begin><end>2023-05-07T09:29:09Z</end></TimeSpan><styleUrl>#point</styleUrl><Point><altitudeMode>clampToGround</altitudeMode><coordinates>28.508284399285913,-29.324311371892691,2173.1999999999998</coordinates></Point></Placemark><Placemark><TimeSpan><begin>2023-05-07T09:29:09Z</begin><end>2023-05-07T09:29:10Z</end></TimeSpan><styleUrl>#point</styleUrl><Point><altitudeMode>clampToGround</altitudeMode><coordinates>28.508191108703613,-29.324218751862645,2173.6799999999998</coordinates></Point></Placemark><Placemark><TimeSpan><begin>2023-05-07T09:29:10Z</begin><end>2023-05-07T09:29:11Z</end></TimeSpan><styleUrl>#point</styleUrl><Point><altitudeMode>clampToGround</altitudeMode><coordinates>28.508106619119644,-29.324113978073001,2174.1599999999999</coordinates></Point></Placemark><Placemark><TimeSpan><begin>2023-05-07T09:29:11Z</begin><end>2023-05-07T09:29:12Z</end></TimeSpan><styleUrl>#point</styleUrl><Point><altitudeMode>clampToGround</altitudeMode><coordinates>28.508038390427828,-29.324006102979183,2174.6399999999999</coordinates></Point></Placemark><Placemark><TimeSpan><begin>2023-05-07T09:29:12Z</begin><end>2023-05-07T09:29:13Z</end></TimeSpan><styleUrl>#point</styleUrl><Point><altitudeMode>clampToGround</altitudeMode><coordinates>28.50798130966723,-29.323888588696718,2175.1199999999999</coordinates></Point></Placemark><Placemark><TimeSpan><begin>2023-05-07T09:29:13Z</begin><end>2023-05-07T09:29:14Z</end></TimeSpan><styleUrl>#point</styleUrl><Point><altitudeMode>clampToGround</altitudeMode><coordinates>28.507937388494611,-29.323765793815255,2175.5999999999999</coordinates></Point></Placemark><Placemark><TimeSpan><begin>2023-05-07T09:29:14Z</begin><end>2023-05-07T09:29:15Z</end></TimeSpan><styleUrl>#point</styleUrl><Point><altitudeMode>clampToGround</altitudeMode><coordinates>28.507904531434178,-29.32363704778254,2175.5999999999999</coordinates></Point></Placemark><Placemark><TimeSpan><begin>2023-05-07T09:29:15Z</begin><end>2023-05-07T09:29:16Z</end></TimeSpan><styleUrl>#point</styleUrl><Point><altitudeMode>clampToGround</altitudeMode><coordinates>28.507884414866567,-29.323513163253665,2176.0799999999999</coordinates></Point></Placemark><Placemark><TimeSpan><begin>2023-05-07T09:29:16Z</begin><end>2023-05-07T09:29:17Z</end></TimeSpan><styleUrl>#point</styleUrl><Point><altitudeMode>clampToGround</altitudeMode><coordinates>28.507874356582761,-29.323386093601584,2176.5599999999999</coordinates></Point></Placemark><Placemark><TimeSpan><begin>2023-05-07T09:29:17Z</begin><end>2023-05-07T09:29:18Z</end></TimeSpan><styleUrl>#point</styleUrl><Point><altitudeMode>clampToGround</altitudeMode><coordinates>28.507872009649873,-29.32326028123498,2177.52</coordinates></Point></Placemark><Placemark><TimeSpan><begin>2023-05-07T09:29:18Z</begin><end>2023-05-07T09:29:26Z</end></TimeSpan><styleUrl>#point</styleUrl><Point><altitudeMode>clampToGround</altitudeMode><coordinates>28.507871674373746,-29.322259146720171,2183.77</coordinates></Point></Placemark><Placemark><TimeSpan><begin>2023-05-07T09:29:26Z</begin><end>2023-05-07T09:29:27Z</end></TimeSpan><styleUrl>#point</styleUrl><Point><altitudeMode>clampToGround</altitudeMode><coordinates>28.507839990779757,-29.32214037515223,2184.25</coordinates></Point></Placemark><Placemark><TimeSpan><begin>2023-05-07T09:29:27Z</begin><end>2023-05-07T09:29:28Z</end></TimeSpan><styleUrl>#point</styleUrl><Point><altitudeMode>clampToGround</altitudeMode><coordinates>28.507793890312314,-29.322016155347228,2184.73</coordinates></Point></Placemark><Placemark><TimeSpan><begin>2023-05-07T09:29:28Z</begin><end>2023-05-07T09:29:29Z</end></TimeSpan><styleUrl>#point</styleUrl><Point><altitudeMode>clampToGround</altitudeMode><coordinates>28.507737312465906,-29.321892941370606,2185.6900000000001</coordinates></Point></Placemark><Placemark><TimeSpan><begin>2023-05-07T09:29:29Z</begin><end>2023-05-07T09:29:30Z</end></TimeSpan><styleUrl>#point</styleUrl><Point><altitudeMode>clampToGround</altitudeMode><coordinates>28.5076685808599,-29.321771571412683,2186.6599999999999</coordinates></Point></Placemark><Placemark><TimeSpan><begin>2023-05-07T09:29:30Z</begin><end>2023-05-07T09:29:31Z</end></TimeSpan><styleUrl>#point</styleUrl><Point><altitudeMode>clampToGround</altitudeMode><coordinates>28.50758601911366,-29.32165221311152,2187.6199999999999</coordinates></Point></Placemark><Placemark><TimeSpan><begin>2023-05-07T09:29:31Z</begin><end>2023-05-07T09:29:32Z</end></TimeSpan><styleUrl>#point</styleUrl><Point><altitudeMode>clampToGround</altitudeMode><coordinates>28.507492141798139,-29.32153838686645,2188.5799999999999</coordinates></Point></Placemark><Placemark><TimeSpan><begin>2023-05-07T09:29:32Z</begin><end>2023-05-07T09:29:33Z</end></TimeSpan><styleUrl>#point</styleUrl><Point><altitudeMode>clampToGround</altitudeMode><coordinates>28.507388206198812,-29.321430176496506,2189.54</coordinates></Point></Placemark><Placemark><TimeSpan><begin>2023-05-07T09:29:33Z</begin><end>2023-05-07T09:29:34Z</end></TimeSpan><styleUrl>#point</styleUrl><Point><altitudeMode>clampToGround</altitudeMode><coordinates>28.50727379322052,-29.321329090744257,2190.5</coordinates></Point></Placemark><Placemark><TimeSpan><begin>2023-05-07T09:29:34Z</begin><end>2023-05-07T09:29:35Z</end></TimeSpan><styleUrl>#point</styleUrl><Point><altitudeMode>clampToGround</altitudeMode><coordinates>28.507152758538723,-29.321237979456782,2191.46</coordinates></Point></Placemark><Placemark><TimeSpan><begin>2023-05-07T09:29:35Z</begin><end>2023-05-07T09:29:36Z</end></TimeSpan><styleUrl>#point</styleUrl><Point><altitudeMode>clampToGround</altitudeMode><coordinates>28.507027281448245,-29.321154914796352,2192.4200000000001</coordinates></Point></Placemark><Placemark><TimeSpan><begin>2023-05-07T09:29:36Z</begin><end>2023-05-07T09:29:37Z</end></TimeSpan><styleUrl>#point</styleUrl><Point><altitudeMode>clampToGround</altitudeMode><coordinates>28.506899289786816,-29.321080986410379,2193.8699999999999</coordinates></Point></Placemark><Placemark><TimeSpan><begin>2023-05-07T09:29:37Z</begin><end>2023-05-07T09:29:38Z</end></TimeSpan><styleUrl>#point</styleUrl><Point><altitudeMode>clampToGround</altitudeMode><coordinates>28.506772387772799,-29.321010913699865,2195.3099999999999</coordinates></Point></Placemark><Placemark><TimeSpan><begin>2023-05-07T09:29:38Z</begin><end>2023-05-07T09:29:45Z</end></TimeSpan><styleUrl>#point</styleUrl><Point><altitudeMode>clampToGround</altitudeMode><coordinates>28.50606931373477,-29.320430802181363,2205.8800000000001</coordinates></Point></Placemark><Placemark><TimeSpan><begin>2023-05-07T09:29:45Z</begin><end>2023-05-07T09:29:46Z</end></TimeSpan><styleUrl>#point</styleUrl><Point><altitudeMode>clampToGround</altitudeMode><coordinates>28.506013490259647,-29.320340026170015,2206.8400000000001</coordinates></Point></Placemark><Placemark><TimeSpan><begin>2023-05-07T09:29:46Z</begin><end>2023-05-07T09:29:47Z</end></TimeSpan><styleUrl>#point</styleUrl><Point><altitudeMode>clampToGround</altitudeMode><coordinates>28.505979375913739,-29.320257212966681,2207.8099999999999</coordinates></Point></Placemark><Placemark><TimeSpan><begin>2023-05-07T09:29:47Z</begin><end>2023-05-07T09:29:48Z</end></TimeSpan><styleUrl>#point</styleUrl><Point><altitudeMode>clampToGround</altitudeMode><coordinates>28.505961019545794,-29.320168867707253,2208.77</coordinates></Point></Placemark><Placemark><TimeSpan><begin>2023-05-07T09:29:48Z</begin><end>2023-05-07T09:29:49Z</end></TimeSpan><styleUrl>#point</styleUrl><Point><altitudeMode>clampToGround</altitudeMode><coordinates>28.505960684269667,-29.320075744763017,2209.73</coordinates></Point></Placemark><Placemark><TimeSpan><begin>2023-05-07T09:29:49Z</begin><end>2023-05-07T09:29:50Z</end></TimeSpan><styleUrl>#point</styleUrl><Point><altitudeMode>clampToGround</altitudeMode><coordinates>28.505977196618915,-29.319971976801753,2210.6900000000001</coordinates></Point></Placemark><Placemark><TimeSpan><begin>2023-05-07T09:29:50Z</begin><end>2023-05-07T09:29:51Z</end></TimeSpan><styleUrl>#point</styleUrl><Point><altitudeMode>clampToGround</altitudeMode><coordinates>28.506006365641952,-29.319869466125965,2211.1700000000001</coordinates></Point></Placemark><Placemark><TimeSpan><begin>2023-05-07T09:29:51Z</begin><end>2023-05-07T09:29:52Z</end></TimeSpan><styleUrl>#point</styleUrl><Point><altitudeMode>clampToGround</altitudeMode><coordinates>28.50604584440589,-29.319757567718625,2212.1300000000001</coordinates></Point></Placemark><Placemark><TimeSpan><begin>2023-05-07T09:29:52Z</begin><end>2023-05-07T09:29:55Z</end></TimeSpan><styleUrl>#point</styleUrl><Point><altitudeMode>clampToGround</altitudeMode><coordinates>28.506194287911057,-29.319412317126989,2214.0500000000002</coordinates></Point></Placemark><Placemark><TimeSpan><begin>2023-05-07T09:29:55Z</begin><end>2023-05-07T09:29:56Z</end></TimeSpan><styleUrl>#point</styleUrl><Point><altitudeMode>clampToGround</altitudeMode><coordinates>28.50626134313643,-29.319306453689933,2214.5300000000002</coordinates></Point></Placemark><Placemark><TimeSpan><begin>2023-05-07T09:29:56Z</begin><end>2023-05-07T09:29:57Z</end></TimeSpan><styleUrl>#point</styleUrl><Point><altitudeMode>clampToGround</altitudeMode><coordinates>28.506345078349113,-29.319208469241858,2214.5300000000002</coordinates></Point></Placemark><Placemark><TimeSpan><begin>2023-05-07T09:29:57Z</begin><end>2023-05-07T09:29:58Z</end></TimeSpan><styleUrl>#point</styleUrl><Point><altitudeMode>clampToGround</altitudeMode><coordinates>28.506442224606872,-29.319115430116653,2215.0100000000002</coordinates></Point></Placemark><Placemark><TimeSpan><begin>2023-05-07T09:29:58Z</begin><end>2023-05-07T09:29:59Z</end></TimeSpan><styleUrl>#point</styleUrl><Point><altitudeMode>clampToGround</altitudeMode><coordinates>28.506541969254613,-29.31902926415205,2215.0100000000002</coordinates></Point></Placemark><Placemark><TimeSpan><begin>2023-05-07T09:29:59Z</begin><end>2023-05-07T09:30:00Z</end></TimeSpan><styleUrl>#point</styleUrl><Point><altitudeMode>clampToGround</altitudeMode><coordinates>28.506629057228565,-29.31894326582551,2215.5</coordinates></Point></Placemark><Placemark><TimeSpan><begin>2023-05-07T09:30:00Z</begin><end>2023-05-07T09:30:01Z</end></TimeSpan><styleUrl>#point</styleUrl><Point><altitudeMode>clampToGround</altitudeMode><coordinates>28.506697956472635,-29.318847376853228,2215.5</coordinates></Point></Placemark><Placemark><TimeSpan><begin>2023-05-07T09:30:01Z</begin><end>2023-05-07T09:30:02Z</end></TimeSpan><styleUrl>#point</styleUrl><Point><altitudeMode>clampToGround</altitudeMode><coordinates>28.506746822968125,-29.318739585578442,2215.5</coordinates></Point></Placemark><Placemark><TimeSpan><begin>2023-05-07T09:30:02Z</begin><end>2023-05-07T09:30:03Z</end></TimeSpan><styleUrl>#point</styleUrl><Point><altitudeMode>clampToGround</altitudeMode><coordinates>28.506785966455936,-29.318616790696979,2215.0100000000002</coordinates></Point></Placemark><Placemark><TimeSpan><begin>2023-05-07T09:30:03Z</begin><end>2023-05-07T09:30:04Z</end></TimeSpan><styleUrl>#point</styleUrl><Point><altitudeMode>clampToGround</altitudeMode><coordinates>28.506828211247921,-29.3184878770262,2215.0100000000002</coordinates></Point></Placemark><Placemark><TimeSpan><begin>2023-05-07T09:30:04Z</begin><end>2023-05-07T09:30:05Z</end></TimeSpan><styleUrl>#point</styleUrl><Point><altitudeMode>clampToGround</altitudeMode><coordinates>28.506871880963445,-29.318387378007174,2215.0100000000002</coordinates></Point></Placemark><Placemark><TimeSpan><begin>2023-05-07T09:30:05Z</begin><end>2023-05-07T09:30:06Z</end></TimeSpan><styleUrl>#point</styleUrl><Point><altitudeMode>clampToGround</altitudeMode><coordinates>28.506936505436897,-29.318275898694992,2214.5300000000002</coordinates></Point></Placemark><Placemark><TimeSpan><begin>2023-05-07T09:30:06Z</begin><end>2023-05-07T09:30:07Z</end></TimeSpan><styleUrl>#point</styleUrl><Point><altitudeMode>clampToGround</altitudeMode><coordinates>28.507011858746409,-29.318176154047251,2214.5300000000002</coordinates></Point></Placemark><Placemark><TimeSpan><begin>2023-05-07T09:30:07Z</begin><end>2023-05-07T09:30:08Z</end></TimeSpan><styleUrl>#point</styleUrl><Point><altitudeMode>clampToGround</altitudeMode><coordinates>28.507096264511347,-29.318086886778474,2214.0500000000002</coordinates></Point></Placemark><Placemark><TimeSpan><begin>2023-05-07T09:30:08Z</begin><end>2023-05-07T09:30:09Z</end></TimeSpan><styleUrl>#point</styleUrl><Point><altitudeMode>clampToGround</altitudeMode><coordinates>28.507192572578788,-29.318008432164788,2213.5700000000002</coordinates></Point></Placemark><Placemark><TimeSpan><begin>2023-05-07T09:30:09Z</begin><end>2023-05-07T09:30:10Z</end></TimeSpan><styleUrl>#point</styleUrl><Point><altitudeMode>clampToGround</altitudeMode><coordinates>28.50729919038713,-29.317941796034575,2213.0900000000001</coordinates></Point></Placemark><Placemark><TimeSpan><begin>2023-05-07T09:30:10Z</begin><end>2023-05-07T09:30:11Z</end></TimeSpan><styleUrl>#point</styleUrl><Point><altitudeMode>clampToGround</altitudeMode><coordinates>28.507415782660246,-29.317889576777816,2212.6100000000001</coordinates></Point></Placemark><Placemark><TimeSpan><begin>2023-05-07T09:30:11Z</begin><end>2023-05-07T09:30:12Z</end></TimeSpan><styleUrl>#point</styleUrl><Point><altitudeMode>clampToGround</altitudeMode><coordinates>28.507538242265582,-29.317849846556783,2211.6500000000001</coordinates></Point></Placemark><Placemark><TimeSpan><begin>2023-05-07T09:30:12Z</begin><end>2023-05-07T09:30:13Z</end></TimeSpan><styleUrl>#point</styleUrl><Point><altitudeMode>clampToGround</altitudeMode><coordinates>28.507665228098631,-29.317824617028236,2211.1700000000001</coordinates></Point></Placemark><Placemark><TimeSpan><begin>2023-05-07T09:30:13Z</begin><end>2023-05-07T09:30:14Z</end></TimeSpan><styleUrl>#point</styleUrl><Point><altitudeMode>clampToGround</altitudeMode><coordinates>28.507795901969075,-29.317816905677319,2210.6900000000001</coordinates></Point></Placemark><Placemark><TimeSpan><begin>2023-05-07T09:30:14Z</begin><end>2023-05-07T09:30:15Z</end></TimeSpan><styleUrl>#point</styleUrl><Point><altitudeMode>clampToGround</altitudeMode><coordinates>28.507955074310303,-29.317829729989171,2209.73</coordinates></Point></Placemark><Placemark><TimeSpan><begin>2023-05-07T09:30:15Z</begin><end>2023-05-07T09:30:16Z</end></TimeSpan><styleUrl>#point</styleUrl><Point><altitudeMode>clampToGround</altitudeMode><coordinates>28.508073929697275,-29.317850098013878,2209.25</coordinates></Point></Placemark><Placemark><TimeSpan><begin>2023-05-07T09:30:16Z</begin><end>2023-05-07T09:30:17Z</end></TimeSpan><styleUrl>#point</styleUrl><Point><altitudeMode>clampToGround</altitudeMode><coordinates>28.508215919137001,-29.317882116883993,2208.77</coordinates></Point></Placemark><Placemark><TimeSpan><begin>2023-05-07T09:30:17Z</begin><end>2023-05-07T09:30:27Z</end></TimeSpan><styleUrl>#point</styleUrl><Point><altitudeMode>clampToGround</altitudeMode><coordinates>28.509716782718897,-29.318277155980468,2202.52</coordinates></Point></Placemark><Placemark><TimeSpan><begin>2023-05-07T09:30:27Z</begin><end>2023-05-07T09:30:28Z</end></TimeSpan><styleUrl>#point</styleUrl><Point><altitudeMode>clampToGround</altitudeMode><coordinates>28.509840583428741,-29.318281430751085,2202.04</coordinates></Point></Placemark><Placemark><TimeSpan><begin>2023-05-07T09:30:28Z</begin><end>2023-05-07T09:30:29Z</end></TimeSpan><styleUrl>#point</styleUrl><Point><altitudeMode>clampToGround</altitudeMode><coordinates>28.509948793798685,-29.318262906745076,2202.04</coordinates></Point></Placemark><Placemark><TimeSpan><begin>2023-05-07T09:30:29Z</begin><end>2023-05-07T09:30:30Z</end></TimeSpan><styleUrl>#point</styleUrl><Point><altitudeMode>clampToGround</altitudeMode><coordinates>28.510039150714874,-29.318223679438233,2202.52</coordinates></Point></Placemark><Placemark><TimeSpan><begin>2023-05-07T09:30:30Z</begin><end>2023-05-07T09:30:31Z</end></TimeSpan><styleUrl>#point</styleUrl><Point><altitudeMode>clampToGround</altitudeMode><coordinates>28.510113749653101,-29.318165509030223,2202.52</coordinates></Point></Placemark><Placemark><TimeSpan><begin>2023-05-07T09:30:31Z</begin><end>2023-05-07T09:30:32Z</end></TimeSpan><styleUrl>#point</styleUrl><Point><altitudeMode>clampToGround</altitudeMode><coordinates>28.510174350813031,-29.318088898435235,2203</coordinates></Point></Placemark><Placemark><TimeSpan><begin>2023-05-07T09:30:32Z</begin><end>2023-05-07T09:30:33Z</end></TimeSpan><styleUrl>#point</styleUrl><Point><altitudeMode>clampToGround</altitudeMode><coordinates>28.510224726051092,-29.317996613681316,2203.48</coordinates></Point></Placemark><Placemark><TimeSpan><begin>2023-05-07T09:30:33Z</begin><end>2023-05-07T09:30:34Z</end></TimeSpan><styleUrl>#point</styleUrl><Point><altitudeMode>clampToGround</altitudeMode><coordinates>28.510271245613694,-29.317892761901021,2204.4400000000001</coordinates></Point></Placemark><Placemark><TimeSpan><begin>2023-05-07T09:30:34Z</begin><end>2023-05-07T09:30:38Z</end></TimeSpan><styleUrl>#point</styleUrl><Point><altitudeMode>clampToGround</altitudeMode><coordinates>28.51049286313355,-29.31743293069303,2207.8099999999999</coordinates></Point></Placemark><Placemark><TimeSpan><begin>2023-05-07T09:30:38Z</begin><end>2023-05-07T09:30:39Z</end></TimeSpan><styleUrl>#point</styleUrl><Point><altitudeMode>clampToGround</altitudeMode><coordinates>28.510564444586635,-29.317341316491365,2208.77</coordinates></Point></Placemark><Placemark><TimeSpan><begin>2023-05-07T09:30:39Z</begin><end>2023-05-07T09:30:40Z</end></TimeSpan><styleUrl>#point</styleUrl><Point><altitudeMode>clampToGround</altitudeMode><coordinates>28.510652370750904,-29.317270489409566,2209.25</coordinates></Point></Placemark><Placemark><TimeSpan><begin>2023-05-07T09:30:40Z</begin><end>2023-05-07T09:30:41Z</end></TimeSpan><styleUrl>#point</styleUrl><Point><altitudeMode>clampToGround</altitudeMode><coordinates>28.510757144540548,-29.317218521609902,2210.21</coordinates></Point></Placemark><Placemark><TimeSpan><begin>2023-05-07T09:30:41Z</begin><end>2023-05-07T09:30:42Z</end></TimeSpan><styleUrl>#point</styleUrl><Point><altitudeMode>clampToGround</altitudeMode><coordinates>28.510874323546886,-29.317179881036282,2211.1700000000001</coordinates></Point></Placemark><Placemark><TimeSpan><begin>2023-05-07T09:30:42Z</begin><end>2023-05-07T09:30:43Z</end></TimeSpan><styleUrl>#point</styleUrl><Point><altitudeMode>clampToGround</altitudeMode><coordinates>28.510999465361238,-29.3171461019665,2212.1300000000001</coordinates></Point></Placemark><Placemark><TimeSpan><begin>2023-05-07T09:30:43Z</begin><end>2023-05-07T09:30:47Z</end></TimeSpan><styleUrl>#point</styleUrl><Point><altitudeMode>clampToGround</altitudeMode><coordinates>28.511493997648358,-29.3169907014817,2216.46</coordinates></Point></Placemark><Placemark><TimeSpan><begin>2023-05-07T09:30:47Z</begin><end>2023-05-07T09:30:48Z</end></TimeSpan><styleUrl>#point</styleUrl><Point><altitudeMode>clampToGround</altitudeMode><coordinates>28.511583935469389,-29.316932447254658,2217.4200000000001</coordinates></Point></Placemark><Placemark><TimeSpan><begin>2023-05-07T09:30:48Z</begin><end>2023-05-07T09:30:49Z</end></TimeSpan><styleUrl>#point</styleUrl><Point><altitudeMode>clampToGround</altitudeMode><coordinates>28.511649146676064,-29.316860362887383,2218.8600000000001</coordinates></Point></Placemark><Placemark><TimeSpan><begin>2023-05-07T09:30:49Z</begin><end>2023-05-07T09:30:50Z</end></TimeSpan><styleUrl>#point</styleUrl><Point><altitudeMode>clampToGround</altitudeMode><coordinates>28.511690888553858,-29.316779309883714,2219.8200000000002</coordinates></Point></Placemark><Placemark><TimeSpan><begin>2023-05-07T09:30:50Z</begin><end>2023-05-07T09:30:51Z</end></TimeSpan><styleUrl>#point</styleUrl><Point><altitudeMode>clampToGround</altitudeMode><coordinates>28.511703377589583,-29.316692976281047,2221.2600000000002</coordinates></Point></Placemark><Placemark><TimeSpan><begin>2023-05-07T09:30:51Z</begin><end>2023-05-07T09:30:52Z</end></TimeSpan><styleUrl>#point</styleUrl><Point><altitudeMode>clampToGround</altitudeMode><coordinates>28.511688206344843,-29.316605217754841,2222.71</coordinates></Point></Placemark><Placemark><TimeSpan><begin>2023-05-07T09:30:52Z</begin><end>2023-05-07T09:30:53Z</end></TimeSpan><styleUrl>#point</styleUrl><Point><altitudeMode>clampToGround</altitudeMode><coordinates>28.51165191270411,-29.316519638523459,2224.6300000000001</coordinates></Point></Placemark><Placemark><TimeSpan><begin>2023-05-07T09:30:53Z</begin><end>2023-05-07T09:30:54Z</end></TimeSpan><styleUrl>#point</styleUrl><Point><altitudeMode>clampToGround</altitudeMode><coordinates>28.511595670133829,-29.31644051335752,2226.5500000000002</coordinates></Point></Placemark><Placemark><TimeSpan><begin>2023-05-07T09:30:54Z</begin><end>2023-05-07T09:30:55Z</end></TimeSpan><styleUrl>#point</styleUrl><Point><altitudeMode>clampToGround</altitudeMode><coordinates>28.511520903557539,-29.316369853913784,2227.9899999999998</coordinates></Point></Placemark><Placemark><TimeSpan><begin>2023-05-07T09:30:55Z</begin><end>2023-05-07T09:30:56Z</end></TimeSpan><styleUrl>#point</styleUrl><Point><altitudeMode>clampToGround</altitudeMode><coordinates>28.511431384831667,-29.316304055973887,2229.4299999999998</coordinates></Point></Placemark><Placemark><TimeSpan><begin>2023-05-07T09:30:56Z</begin><end>2023-05-07T09:30:57Z</end></TimeSpan><styleUrl>#point</styleUrl><Point><altitudeMode>clampToGround</altitudeMode><coordinates>28.51134454831481,-29.31623674929142,2230.4000000000001</coordinates></Point></Placemark><Placemark><TimeSpan><begin>2023-05-07T09:30:57Z</begin><end>2023-05-07T09:30:58Z</end></TimeSpan><styleUrl>#point</styleUrl><Point><altitudeMode>clampToGround</altitudeMode><coordinates>28.511274391785264,-29.316163910552859,2231.8400000000001</coordinates></Point></Placemark><Placemark><TimeSpan><begin>2023-05-07T09:30:58Z</begin><end>2023-05-07T09:30:59Z</end></TimeSpan><styleUrl>#point</styleUrl><Point><altitudeMode>clampToGround</altitudeMode><coordinates>28.511226698756218,-29.316083779558539,2232.8000000000002</coordinates></Point></Placemark><Placemark><TimeSpan><begin>2023-05-07T09:30:59Z</begin><end>2023-05-07T09:31:00Z</end></TimeSpan><styleUrl>#point</styleUrl><Point><altitudeMode>clampToGround</altitudeMode><coordinates>28.511202139779925,-29.316000463441014,2233.7600000000002</coordinates></Point></Placemark><Placemark><TimeSpan><begin>2023-05-07T09:31:00Z</begin><end>2023-05-07T09:31:01Z</end></TimeSpan><styleUrl>#point</styleUrl><Point><altitudeMode>clampToGround</altitudeMode><coordinates>28.511201804503798,-29.315915470942855,2234.7199999999998</coordinates></Point></Placemark><Placemark><TimeSpan><begin>2023-05-07T09:31:01Z</begin><end>2023-05-07T09:31:02Z</end></TimeSpan><styleUrl>#point</styleUrl><Point><altitudeMode>clampToGround</altitudeMode><coordinates>28.511224603280425,-29.31583215482533,2235.6799999999998</coordinates></Point></Placemark><Placemark><TimeSpan><begin>2023-05-07T09:31:02Z</begin><end>2023-05-07T09:31:03Z</end></TimeSpan><styleUrl>#point</styleUrl><Point><altitudeMode>clampToGround</altitudeMode><coordinates>28.51126978173852,-29.315756382420659,2236.1599999999999</coordinates></Point></Placemark><Placemark><TimeSpan><begin>2023-05-07T09:31:03Z</begin><end>2023-05-07T09:31:04Z</end></TimeSpan><styleUrl>#point</styleUrl><Point><altitudeMode>clampToGround</altitudeMode><coordinates>28.511342369019985,-29.315685303881764,2236.6399999999999</coordinates></Point></Placemark><Placemark><TimeSpan><begin>2023-05-07T09:31:04Z</begin><end>2023-05-07T09:31:05Z</end></TimeSpan><styleUrl>#point</styleUrl><Point><altitudeMode>clampToGround</altitudeMode><coordinates>28.5114227514714,-29.315635766834021,2237.1300000000001</coordinates></Point></Placemark><Placemark><TimeSpan><begin>2023-05-07T09:31:05Z</begin><end>2023-05-07T09:31:06Z</end></TimeSpan><styleUrl>#point</styleUrl><Point><altitudeMode>clampToGround</altitudeMode><coordinates>28.511525597423315,-29.31560005992651,2237.6100000000001</coordinates></Point></Placemark><Placemark><TimeSpan><begin>2023-05-07T09:31:06Z</begin><end>2023-05-07T09:31:07Z</end></TimeSpan><styleUrl>#point</styleUrl><Point><altitudeMode>clampToGround</altitudeMode><coordinates>28.511643949896097,-29.315580110996962,2237.6100000000001</coordinates></Point></Placemark><Placemark><TimeSpan><begin>2023-05-07T09:31:07Z</begin><end>2023-05-07T09:31:08Z</end></TimeSpan><styleUrl>#point</styleUrl><Point><altitudeMode>clampToGround</altitudeMode><coordinates>28.511775881052017,-29.315570807084441,2238.0900000000001</coordinates></Point></Placemark><Placemark><TimeSpan><begin>2023-05-07T09:31:08Z</begin><end>2023-05-07T09:31:13Z</end></TimeSpan><styleUrl>#point</styleUrl><Point><altitudeMode>clampToGround</altitudeMode><coordinates>28.512534946203232,-29.315480785444379,2240.9699999999998</coordinates></Point></Placemark><Placemark><TimeSpan><begin>2023-05-07T09:31:13Z</begin><end>2023-05-07T09:31:14Z</end></TimeSpan><styleUrl>#point</styleUrl><Point><altitudeMode>clampToGround</altitudeMode><coordinates>28.512656483799219,-29.315440803766251,2242.4099999999999</coordinates></Point></Placemark><Placemark><TimeSpan><begin>2023-05-07T09:31:14Z</begin><end>2023-05-07T09:31:15Z</end></TimeSpan><styleUrl>#point</styleUrl><Point><altitudeMode>clampToGround</altitudeMode><coordinates>28.51275329478085,-29.315385315567255,2243.3699999999999</coordinates></Point></Placemark><Placemark><TimeSpan><begin>2023-05-07T09:31:15Z</begin><end>2023-05-07T09:31:16Z</end></TimeSpan><styleUrl>#point</styleUrl><Point><altitudeMode>clampToGround</altitudeMode><coordinates>28.512823786586523,-29.315317338332534,2244.3299999999999</coordinates></Point></Placemark><Placemark><TimeSpan><begin>2023-05-07T09:31:16Z</begin><end>2023-05-07T09:31:17Z</end></TimeSpan><styleUrl>#point</styleUrl><Point><altitudeMode>clampToGround</altitudeMode><coordinates>28.51287248544395,-29.315240308642387,2245.7800000000002</coordinates></Point></Placemark><Placemark><TimeSpan><begin>2023-05-07T09:31:17Z</begin><end>2023-05-07T09:31:18Z</end></TimeSpan><styleUrl>#point</styleUrl><Point><altitudeMode>clampToGround</altitudeMode><coordinates>28.512916574254632,-29.315160764381289,2246.7399999999998</coordinates></Point></Placemark><Placemark><TimeSpan><begin>2023-05-07T09:31:18Z</begin><end>2023-05-07T09:31:19Z</end></TimeSpan><styleUrl>#point</styleUrl><Point><altitudeMode>clampToGround</altitudeMode><coordinates>28.512968542054296,-29.315084824338555,2247.6999999999998</coordinates></Point></Placemark><Placemark><TimeSpan><begin>2023-05-07T09:31:19Z</begin><end>2023-05-07T09:31:20Z</end></TimeSpan><styleUrl>#point</styleUrl><Point><altitudeMode>clampToGround</altitudeMode><coordinates>28.513032915070653,-29.315016260370612,2248.6599999999999</coordinates></Point></Placemark><Placemark><TimeSpan><begin>2023-05-07T09:31:20Z</begin><end>2023-05-07T09:31:21Z</end></TimeSpan><styleUrl>#point</styleUrl><Point><altitudeMode>clampToGround</altitudeMode><coordinates>28.513112626969814,-29.314954988658428,2249.1399999999999</coordinates></Point></Placemark><Placemark><TimeSpan><begin>2023-05-07T09:31:21Z</begin><end>2023-05-07T09:31:22Z</end></TimeSpan><styleUrl>#point</styleUrl><Point><altitudeMode>clampToGround</altitudeMode><coordinates>28.513200888410211,-29.314903439953923,2250.0999999999999</coordinates></Point></Placemark><Placemark><TimeSpan><begin>2023-05-07T09:31:22Z</begin><end>2023-05-07T09:31:23Z</end></TimeSpan><styleUrl>#point</styleUrl><Point><altitudeMode>clampToGround</altitudeMode><coordinates>28.513297867029905,-29.314862536266446,2250.5799999999999</coordinates></Point></Placemark><Placemark><TimeSpan><begin>2023-05-07T09:31:23Z</begin><end>2023-05-07T09:31:24Z</end></TimeSpan><styleUrl>#point</styleUrl><Point><altitudeMode>clampToGround</altitudeMode><coordinates>28.513401132076979,-29.314832696691155,2251.54</coordinates></Point></Placemark><Placemark><TimeSpan><begin>2023-05-07T09:31:24Z</begin><end>2023-05-07T09:31:25Z</end></TimeSpan><styleUrl>#point</styleUrl><Point><altitudeMode>clampToGround</altitudeMode><coordinates>28.513505486771464,-29.314815681427717,2252.0300000000002</coordinates></Point></Placemark><Placemark><TimeSpan><begin>2023-05-07T09:31:25Z</begin><end>2023-05-07T09:31:26Z</end></TimeSpan><styleUrl>#point</styleUrl><Point><altitudeMode>clampToGround</altitudeMode><coordinates>28.513612942770123,-29.314810149371624,2252.9899999999998</coordinates></Point></Placemark><Placemark><TimeSpan><begin>2023-05-07T09:31:26Z</begin><end>2023-05-07T09:31:27Z</end></TimeSpan><styleUrl>#point</styleUrl><Point><altitudeMode>clampToGround</altitudeMode><coordinates>28.513723164796829,-29.314814675599337,2253.4699999999998</coordinates></Point></Placemark><Placemark><TimeSpan><begin>2023-05-07T09:31:27Z</begin><end>2023-05-07T09:31:38Z</end></TimeSpan><styleUrl>#point</styleUrl><Point><altitudeMode>clampToGround</altitudeMode><coordinates>28.514932757243514,-29.314912827685475,2258.75</coordinates></Point></Placemark><Placemark><TimeSpan><begin>2023-05-07T09:31:38Z</begin><end>2023-05-07T09:31:39Z</end></TimeSpan><styleUrl>#point</styleUrl><Point><altitudeMode>clampToGround</altitudeMode><coordinates>28.515034345909953,-29.314941912889481,2258.75</coordinates></Point></Placemark><Placemark><TimeSpan><begin>2023-05-07T09:31:39Z</begin><end>2023-05-07T09:31:40Z</end></TimeSpan><styleUrl>#point</styleUrl><Point><altitudeMode>clampToGround</altitudeMode><coordinates>28.51513434201479,-29.314985163509846,2259.2399999999998</coordinates></Point></Placemark><Placemark><TimeSpan><begin>2023-05-07T09:31:40Z</begin><end>2023-05-07T09:31:41Z</end></TimeSpan><styleUrl>#point</styleUrl><Point><altitudeMode>clampToGround</altitudeMode><coordinates>28.515227548778057,-29.315041070804,2259.7199999999998</coordinates></Point></Placemark><Placemark><TimeSpan><begin>2023-05-07T09:31:41Z</begin><end>2023-05-07T09:31:42Z</end></TimeSpan><styleUrl>#point</styleUrl><Point><altitudeMode>clampToGround</altitudeMode><coordinates>28.515311619266868,-29.315108880400658,2260.1999999999998</coordinates></Point></Placemark><Placemark><TimeSpan><begin>2023-05-07T09:31:42Z</begin><end>2023-05-07T09:31:43Z</end></TimeSpan><styleUrl>#point</styleUrl><Point><altitudeMode>clampToGround</altitudeMode><coordinates>28.515382530167699,-29.315192783251405,2260.1999999999998</coordinates></Point></Placemark><Placemark><TimeSpan><begin>2023-05-07T09:31:43Z</begin><end>2023-05-07T09:31:44Z</end></TimeSpan><styleUrl>#point</styleUrl><Point><altitudeMode>clampToGround</altitudeMode><coordinates>28.515435755252838,-29.315284648910165,2260.1999999999998</coordinates></Point></Placemark><Placemark><TimeSpan><begin>2023-05-07T09:31:44Z</begin><end>2023-05-07T09:31:45Z</end></TimeSpan><styleUrl>#point</styleUrl><Point><altitudeMode>clampToGround</altitudeMode><coordinates>28.515471462160349,-29.315385902300477,2260.6799999999998</coordinates></Point></Placemark><Placemark><TimeSpan><begin>2023-05-07T09:31:45Z</begin><end>2023-05-07T09:31:46Z</end></TimeSpan><styleUrl>#point</styleUrl><Point><altitudeMode>clampToGround</altitudeMode><coordinates>28.515497194603086,-29.315497633069754,2260.6799999999998</coordinates></Point></Placemark><Placemark><TimeSpan><begin>2023-05-07T09:31:46Z</begin><end>2023-05-07T09:31:47Z</end></TimeSpan><styleUrl>#point</styleUrl><Point><altitudeMode>clampToGround</altitudeMode><coordinates>28.515518736094236,-29.315610872581601,2261.1599999999999</coordinates></Point></Placemark><Placemark><TimeSpan><begin>2023-05-07T09:31:47Z</begin><end>2023-05-07T09:31:59Z</end></TimeSpan><styleUrl>#point</styleUrl><Point><altitudeMode>clampToGround</altitudeMode><coordinates>28.51580673828721,-29.317188514396548,2272.21</coordinates></Point></Placemark><Placemark><TimeSpan><begin>2023-05-07T09:31:59Z</begin><end>2023-05-07T09:32:00Z</end></TimeSpan><styleUrl>#point</styleUrl><Point><altitudeMode>clampToGround</altitudeMode><coordinates>28.515859795734286,-29.317298904061317,2273.1700000000001</coordinates></Point></Placemark><Placemark><TimeSpan><begin>2023-05-07T09:32:00Z</begin><end>2023-05-07T09:32:01Z</end></TimeSpan><styleUrl>#point</styleUrl><Point><altitudeMode>clampToGround</altitudeMode><coordinates>28.515929952263832,-29.317395463585854,2274.6199999999999</coordinates></Point></Placemark><Placemark><TimeSpan><begin>2023-05-07T09:32:01Z</begin><end>2023-05-07T09:32:02Z</end></TimeSpan><styleUrl>#point</styleUrl><Point><altitudeMode>clampToGround</altitudeMode><coordinates>28.516013352200389,-29.317479198798537,2275.5799999999999</coordinates></Point></Placemark><Placemark><TimeSpan><begin>2023-05-07T09:32:02Z</begin><end>2023-05-07T09:32:03Z</end></TimeSpan><styleUrl>#point</styleUrl><Point><altitudeMode>clampToGround</altitudeMode><coordinates>28.516109324991703,-29.317550444975495,2276.0599999999999</coordinates></Point></Placemark><Placemark><TimeSpan><begin>2023-05-07T09:32:03Z</begin><end>2023-05-07T09:32:04Z</end></TimeSpan><styleUrl>#point</styleUrl><Point><altitudeMode>clampToGround</altitudeMode><coordinates>28.516217786818743,-29.317610207945108,2276.54</coordinates></Point></Placemark><Placemark><TimeSpan><begin>2023-05-07T09:32:04Z</begin><end>2023-05-07T09:32:05Z</end></TimeSpan><styleUrl>#point</styleUrl><Point><altitudeMode>clampToGround</altitudeMode><coordinates>28.516328344121575,-29.317653710022569,2277.02</coordinates></Point></Placemark><Placemark><TimeSpan><begin>2023-05-07T09:32:05Z</begin><end>2023-05-07T09:32:06Z</end></TimeSpan><styleUrl>#point</styleUrl><Point><altitudeMode>clampToGround</altitudeMode><coordinates>28.51644879207015,-29.317684303969145,2277.5</coordinates></Point></Placemark><Placemark><TimeSpan><begin>2023-05-07T09:32:06Z</begin><end>2023-05-07T09:32:07Z</end></TimeSpan><styleUrl>#point</styleUrl><Point><altitudeMode>clampToGround</altitudeMode><coordinates>28.516575777903199,-29.317701403051615,2277.5</coordinates></Point></Placemark><Placemark><TimeSpan><begin>2023-05-07T09:32:07Z</begin><end>2023-05-07T09:32:08Z</end></TimeSpan><styleUrl>#point</styleUrl><Point><altitudeMode>clampToGround</altitudeMode><coordinates>28.516703266650438,-29.317702073603868,2277.5</coordinates></Point></Placemark><Placemark><TimeSpan><begin>2023-05-07T09:32:08Z</begin><end>2023-05-07T09:32:09Z</end></TimeSpan><styleUrl>#point</styleUrl><Point><altitudeMode>clampToGround</altitudeMode><coordinates>28.516831928864121,-29.317685645073652,2277.5</coordinates></Point></Placemark><Placemark><TimeSpan><begin>2023-05-07T09:32:09Z</begin><end>2023-05-07T09:32:10Z</end></TimeSpan><styleUrl>#point</styleUrl><Point><altitudeMode>clampToGround</altitudeMode><coordinates>28.516955897212029,-29.3176503572613,2277.5</coordinates></Point></Placemark><Placemark><TimeSpan><begin>2023-05-07T09:32:10Z</begin><end>2023-05-07T09:32:11Z</end></TimeSpan><styleUrl>#point</styleUrl><Point><altitudeMode>clampToGround</altitudeMode><coordinates>28.517072405666113,-29.317597299814224,2277.5</coordinates></Point></Placemark><Placemark><TimeSpan><begin>2023-05-07T09:32:11Z</begin><end>2023-05-07T09:32:12Z</end></TimeSpan><styleUrl>#point</styleUrl><Point><altitudeMode>clampToGround</altitudeMode><coordinates>28.517179442569613,-29.31752722710371,2277.02</coordinates></Point></Placemark><Placemark><TimeSpan><begin>2023-05-07T09:32:12Z</begin><end>2023-05-07T09:32:13Z</end></TimeSpan><styleUrl>#point</styleUrl><Point><altitudeMode>clampToGround</altitudeMode><coordinates>28.517273487523198,-29.317447850480676,2277.02</coordinates></Point></Placemark><Placemark><TimeSpan><begin>2023-05-07T09:32:13Z</begin><end>2023-05-07T09:32:14Z</end></TimeSpan><styleUrl>#point</styleUrl><Point><altitudeMode>clampToGround</altitudeMode><coordinates>28.517355462536216,-29.31735472753644,2277.02</coordinates></Point></Placemark><Placemark><TimeSpan><begin>2023-05-07T09:32:14Z</begin><end>2023-05-07T09:32:15Z</end></TimeSpan><styleUrl>#point</styleUrl><Point><altitudeMode>clampToGround</altitudeMode><coordinates>28.517420338466763,-29.3172462657094,2276.54</coordinates></Point></Placemark><Placemark><TimeSpan><begin>2023-05-07T09:32:15Z</begin><end>2023-05-07T09:32:16Z</end></TimeSpan><styleUrl>#point</styleUrl><Point><altitudeMode>clampToGround</altitudeMode><coordinates>28.517467444762588,-29.317128835245967,2276.54</coordinates></Point></Placemark><Placemark><TimeSpan><begin>2023-05-07T09:32:16Z</begin><end>2023-05-07T09:32:17Z</end></TimeSpan><styleUrl>#point</styleUrl><Point><altitudeMode>clampToGround</altitudeMode><coordinates>28.517497703433037,-29.316996149718761,2277.02</coordinates></Point></Placemark><Placemark><TimeSpan><begin>2023-05-07T09:32:17Z</begin><end>2023-05-07T09:32:18Z</end></TimeSpan><styleUrl>#point</styleUrl><Point><altitudeMode>clampToGround</altitudeMode><coordinates>28.517519496381283,-29.316843934357166,2277.5</coordinates></Point></Placemark><Placemark><TimeSpan><begin>2023-05-07T09:32:18Z</begin><end>2023-05-07T09:32:19Z</end></TimeSpan><styleUrl>#point</styleUrl><Point><altitudeMode>clampToGround</altitudeMode><coordinates>28.517543217167258,-29.316728012636304,2277.98</coordinates></Point></Placemark><Placemark><TimeSpan><begin>2023-05-07T09:32:19Z</begin><end>2023-05-07T09:32:20Z</end></TimeSpan><styleUrl>#point</styleUrl><Point><altitudeMode>clampToGround</altitudeMode><coordinates>28.517587641254067,-29.31661150418222,2278.46</coordinates></Point></Placemark><Placemark><TimeSpan><begin>2023-05-07T09:32:20Z</begin><end>2023-05-07T09:32:21Z</end></TimeSpan><styleUrl>#point</styleUrl><Point><altitudeMode>clampToGround</altitudeMode><coordinates>28.51765226572752,-29.316509831696749,2279.4200000000001</coordinates></Point></Placemark><Placemark><TimeSpan><begin>2023-05-07T09:32:21Z</begin><end>2023-05-07T09:32:22Z</end></TimeSpan><styleUrl>#point</styleUrl><Point><altitudeMode>clampToGround</altitudeMode><coordinates>28.517734492197633,-29.316421486437321,2280.3800000000001</coordinates></Point></Placemark><Placemark><TimeSpan><begin>2023-05-07T09:32:22Z</begin><end>2023-05-07T09:32:23Z</end></TimeSpan><styleUrl>#point</styleUrl><Point><altitudeMode>clampToGround</altitudeMode><coordinates>28.517825854942203,-29.316344456747174,2281.8299999999999</coordinates></Point></Placemark><Placemark><TimeSpan><begin>2023-05-07T09:32:23Z</begin><end>2023-05-07T09:32:24Z</end></TimeSpan><styleUrl>#point</styleUrl><Point><altitudeMode>clampToGround</altitudeMode><coordinates>28.517912188544869,-29.316270695999265,2282.79</coordinates></Point></Placemark><Placemark><TimeSpan><begin>2023-05-07T09:32:24Z</begin><end>2023-05-07T09:32:25Z</end></TimeSpan><styleUrl>#point</styleUrl><Point><altitudeMode>clampToGround</altitudeMode><coordinates>28.517978573217988,-29.316193163394928,2284.71</coordinates></Point></Placemark><Placemark><TimeSpan><begin>2023-05-07T09:32:25Z</begin><end>2023-05-07T09:32:26Z</end></TimeSpan><styleUrl>#point</styleUrl><Point><altitudeMode>clampToGround</altitudeMode><coordinates>28.518016878515482,-29.316119737923145,2286.1500000000001</coordinates></Point></Placemark><Placemark><TimeSpan><begin>2023-05-07T09:32:26Z</begin><end>2023-05-07T09:32:27Z</end></TimeSpan><styleUrl>#point</styleUrl><Point><altitudeMode>clampToGround</altitudeMode><coordinates>28.518032049760222,-29.31604128330946,2287.5900000000001</coordinates></Point></Placemark><Placemark><TimeSpan><begin>2023-05-07T09:32:27Z</begin><end>2023-05-07T09:32:28Z</end></TimeSpan><styleUrl>#point</styleUrl><Point><altitudeMode>clampToGround</altitudeMode><coordinates>28.518027858808637,-29.315957967191935,2289.04</coordinates></Point></Placemark><Placemark><TimeSpan><begin>2023-05-07T09:32:28Z</begin><end>2023-05-07T09:32:29Z</end></TimeSpan><styleUrl>#point</styleUrl><Point><altitudeMode>clampToGround</altitudeMode><coordinates>28.518010340631008,-29.315873980522156,2290.96</coordinates></Point></Placemark><Placemark><TimeSpan><begin>2023-05-07T09:32:29Z</begin><end>2023-05-07T09:32:31Z</end></TimeSpan><styleUrl>#point</styleUrl><Point><altitudeMode>clampToGround</altitudeMode><coordinates>28.517996678128839,-29.315716736018658,2293.8400000000001</coordinates></Point></Placemark><Placemark><TimeSpan><begin>2023-05-07T09:32:31Z</begin><end>2023-05-07T09:32:32Z</end></TimeSpan><styleUrl>#point</styleUrl><Point><altitudeMode>clampToGround</altitudeMode><coordinates>28.518012519925833,-29.315639957785606,2295.2800000000002</coordinates></Point></Placemark><Placemark><TimeSpan><begin>2023-05-07T09:32:32Z</begin><end>2023-05-07T09:32:33Z</end></TimeSpan><styleUrl>#point</styleUrl><Point><altitudeMode>clampToGround</altitudeMode><coordinates>28.518044119700789,-29.315567957237363,2296.73</coordinates></Point></Placemark><Placemark><TimeSpan><begin>2023-05-07T09:32:33Z</begin><end>2023-05-07T09:32:34Z</end></TimeSpan><styleUrl>#point</styleUrl><Point><altitudeMode>clampToGround</altitudeMode><coordinates>28.518089381977916,-29.315490843728185,2297.6900000000001</coordinates></Point></Placemark><Placemark><TimeSpan><begin>2023-05-07T09:32:34Z</begin><end>2023-05-07T09:32:35Z</end></TimeSpan><styleUrl>#point</styleUrl><Point><altitudeMode>clampToGround</altitudeMode><coordinates>28.51814579218626,-29.315407695248723,2299.1300000000001</coordinates></Point></Placemark><Placemark><TimeSpan><begin>2023-05-07T09:32:35Z</begin><end>2023-05-07T09:32:40Z</end></TimeSpan><styleUrl>#point</styleUrl><Point><altitudeMode>clampToGround</altitudeMode><coordinates>28.518461035564542,-29.315033862367272,2303.46</coordinates></Point></Placemark><Placemark><TimeSpan><begin>2023-05-07T09:32:40Z</begin><end>2023-05-07T09:32:46Z</end></TimeSpan><styleUrl>#point</styleUrl><Point><altitudeMode>clampToGround</altitudeMode><coordinates>28.519003512337804,-29.314671931788325,2307.7800000000002</coordinates></Point></Placemark><Placemark><TimeSpan><begin>2023-05-07T09:32:46Z</begin><end>2023-05-07T09:32:47Z</end></TimeSpan><styleUrl>#point</styleUrl><Point><altitudeMode>clampToGround</altitudeMode><coordinates>28.51911180652678,-29.314641589298844,2308.7399999999998</coordinates></Point></Placemark><Placemark><TimeSpan><begin>2023-05-07T09:32:47Z</begin><end>2023-05-07T09:32:48Z</end></TimeSpan><styleUrl>#point</styleUrl><Point><altitudeMode>clampToGround</altitudeMode><coordinates>28.519224962219596,-29.314625831320882,2309.2199999999998</coordinates></Point></Placemark><Placemark><TimeSpan><begin>2023-05-07T09:32:48Z</begin><end>2023-05-07T09:32:49Z</end></TimeSpan><styleUrl>#point</styleUrl><Point><altitudeMode>clampToGround</altitudeMode><coordinates>28.519340297207236,-29.314630189910531,2310.1900000000001</coordinates></Point></Placemark><Placemark><TimeSpan><begin>2023-05-07T09:32:49Z</begin><end>2023-05-07T09:32:50Z</end></TimeSpan><styleUrl>#point</styleUrl><Point><altitudeMode>clampToGround</altitudeMode><coordinates>28.519458482041955,-29.314650977030396,2310.6700000000001</coordinates></Point></Placemark><Placemark><TimeSpan><begin>2023-05-07T09:32:50Z</begin><end>2023-05-07T09:32:51Z</end></TimeSpan><styleUrl>#point</styleUrl><Point><altitudeMode>clampToGround</altitudeMode><coordinates>28.519580438733101,-29.314686264842749,2311.1500000000001</coordinates></Point></Placemark><Placemark><TimeSpan><begin>2023-05-07T09:32:51Z</begin><end>2023-05-07T09:32:52Z</end></TimeSpan><styleUrl>#point</styleUrl><Point><altitudeMode>clampToGround</altitudeMode><coordinates>28.519704826176167,-29.31473471224308,2312.1100000000001</coordinates></Point></Placemark><Placemark><TimeSpan><begin>2023-05-07T09:32:52Z</begin><end>2023-05-07T09:32:53Z</end></TimeSpan><styleUrl>#point</styleUrl><Point><altitudeMode>clampToGround</altitudeMode><coordinates>28.519834075123072,-29.314793888479471,2313.0700000000002</coordinates></Point></Placemark><Placemark><TimeSpan><begin>2023-05-07T09:32:53Z</begin><end>2023-05-07T09:33:03Z</end></TimeSpan><styleUrl>#point</styleUrl><Point><altitudeMode>clampToGround</altitudeMode><coordinates>28.521265788003802,-29.315446587279439,2321.7199999999998</coordinates></Point></Placemark><Placemark><TimeSpan><begin>2023-05-07T09:33:03Z</begin><end>2023-05-07T09:33:05Z</end></TimeSpan><styleUrl>#point</styleUrl><Point><altitudeMode>clampToGround</altitudeMode><coordinates>28.521493775770068,-29.315616907551885,2323.6399999999999</coordinates></Point></Placemark><Placemark><TimeSpan><begin>2023-05-07T09:33:05Z</begin><end>2023-05-07T09:33:06Z</end></TimeSpan><styleUrl>#point</styleUrl><Point><altitudeMode>clampToGround</altitudeMode><coordinates>28.521594693884254,-29.315716400742531,2325.0900000000001</coordinates></Point></Placemark><Placemark><TimeSpan><begin>2023-05-07T09:33:06Z</begin><end>2023-05-07T09:33:07Z</end></TimeSpan><styleUrl>#point</styleUrl><Point><altitudeMode>clampToGround</altitudeMode><coordinates>28.521684296429157,-29.315822683274746,2326.0500000000002</coordinates></Point></Placemark><Placemark><TimeSpan><begin>2023-05-07T09:33:07Z</begin><end>2023-05-07T09:33:08Z</end></TimeSpan><styleUrl>#point</styleUrl><Point><altitudeMode>clampToGround</altitudeMode><coordinates>28.521760739386082,-29.315934665501118,2327.4899999999998</coordinates></Point></Placemark><Placemark><TimeSpan><begin>2023-05-07T09:33:08Z</begin><end>2023-05-07T09:33:09Z</end></TimeSpan><styleUrl>#point</styleUrl><Point><altitudeMode>clampToGround</altitudeMode><coordinates>28.521822430193424,-29.316050922498107,2328.9299999999998</coordinates></Point></Placemark><Placemark><TimeSpan><begin>2023-05-07T09:33:09Z</begin><end>2023-05-07T09:33:10Z</end></TimeSpan><styleUrl>#point</styleUrl><Point><altitudeMode>clampToGround</altitudeMode><coordinates>28.521872470155358,-29.316172795370221,2329.8899999999999</coordinates></Point></Placemark><Placemark><TimeSpan><begin>2023-05-07T09:33:10Z</begin><end>2023-05-07T09:33:11Z</end></TimeSpan><styleUrl>#point</styleUrl><Point><altitudeMode>clampToGround</altitudeMode><coordinates>28.521918067708611,-29.316294752061367,2331.3299999999999</coordinates></Point></Placemark><Placemark><TimeSpan><begin>2023-05-07T09:33:11Z</begin><end>2023-05-07T09:33:13Z</end></TimeSpan><styleUrl>#point</styleUrl><Point><altitudeMode>clampToGround</altitudeMode><coordinates>28.522031558677554,-29.316522823646665,2334.2199999999998</coordinates></Point></Placemark><Placemark><TimeSpan><begin>2023-05-07T09:33:13Z</begin><end>2023-05-07T09:33:14Z</end></TimeSpan><styleUrl>#point</styleUrl><Point><altitudeMode>clampToGround</altitudeMode><coordinates>28.522109510377049,-29.316623574122787,2335.1799999999998</coordinates></Point></Placemark><Placemark><TimeSpan><begin>2023-05-07T09:33:14Z</begin><end>2023-05-07T09:33:15Z</end></TimeSpan><styleUrl>#point</styleUrl><Point><altitudeMode>clampToGround</altitudeMode><coordinates>28.52219894528389,-29.316716613247991,2336.6199999999999</coordinates></Point></Placemark><Placemark><TimeSpan><begin>2023-05-07T09:33:15Z</begin><end>2023-05-07T09:33:24Z</end></TimeSpan><styleUrl>#point</styleUrl><Point><altitudeMode>clampToGround</altitudeMode><coordinates>28.522949544712901,-29.317650105804205,2350.0799999999999</coordinates></Point></Placemark><Placemark><TimeSpan><begin>2023-05-07T09:33:24Z</begin><end>2023-05-07T09:33:30Z</end></TimeSpan><styleUrl>#point</styleUrl><Point><altitudeMode>clampToGround</altitudeMode><coordinates>28.523368639871478,-29.318378157913685,2361.6199999999999</coordinates></Point></Placemark><Placemark><TimeSpan><begin>2023-05-07T09:33:30Z</begin><end>2023-05-07T09:33:31Z</end></TimeSpan><styleUrl>#point</styleUrl><Point><altitudeMode>clampToGround</altitudeMode><coordinates>28.523442065343261,-29.318458959460258,2363.0599999999999</coordinates></Point></Placemark><Placemark><TimeSpan><begin>2023-05-07T09:33:31Z</begin><end>2023-05-07T09:33:32Z</end></TimeSpan><styleUrl>#point</styleUrl><Point><altitudeMode>clampToGround</altitudeMode><coordinates>28.523527225479484,-29.318521237000823,2364.5</coordinates></Point></Placemark><Placemark><TimeSpan><begin>2023-05-07T09:33:32Z</begin><end>2023-05-07T09:33:33Z</end></TimeSpan><styleUrl>#point</styleUrl><Point><altitudeMode>clampToGround</altitudeMode><coordinates>28.523626886308193,-29.318565325811505,2365.46</coordinates></Point></Placemark><Placemark><TimeSpan><begin>2023-05-07T09:33:33Z</begin><end>2023-05-07T09:33:34Z</end></TimeSpan><styleUrl>#point</styleUrl><Point><altitudeMode>clampToGround</altitudeMode><coordinates>28.523723110556602,-29.318586196750402,2366.4200000000001</coordinates></Point></Placemark><Placemark><TimeSpan><begin>2023-05-07T09:33:34Z</begin><end>2023-05-07T09:33:35Z</end></TimeSpan><styleUrl>#point</styleUrl><Point><altitudeMode>clampToGround</altitudeMode><coordinates>28.52383291348815,-29.318588711321354,2366.9000000000001</coordinates></Point></Placemark><Placemark><TimeSpan><begin>2023-05-07T09:33:35Z</begin><end>2023-05-07T09:33:36Z</end></TimeSpan><styleUrl>#point</styleUrl><Point><altitudeMode>clampToGround</altitudeMode><coordinates>28.523937687277794,-29.318570103496313,2367.8600000000001</coordinates></Point></Placemark><Placemark><TimeSpan><begin>2023-05-07T09:33:36Z</begin><end>2023-05-07T09:33:37Z</end></TimeSpan><styleUrl>#point</styleUrl><Point><altitudeMode>clampToGround</altitudeMode><coordinates>28.524024439975619,-29.318537749350071,2368.8299999999999</coordinates></Point></Placemark><Placemark><TimeSpan><begin>2023-05-07T09:33:37Z</begin><end>2023-05-07T09:33:38Z</end></TimeSpan><styleUrl>#point</styleUrl><Point><altitudeMode>clampToGround</altitudeMode><coordinates>28.52410951629281,-29.318488128483295,2369.79</coordinates></Point></Placemark><Placemark><TimeSpan><begin>2023-05-07T09:33:38Z</begin><end>2023-05-07T09:33:39Z</end></TimeSpan><styleUrl>#point</styleUrl><Point><altitudeMode>clampToGround</altitudeMode><coordinates>28.524182690307498,-29.318424258381128,2370.75</coordinates></Point></Placemark><Placemark><TimeSpan><begin>2023-05-07T09:33:39Z</begin><end>2023-05-07T09:33:40Z</end></TimeSpan><styleUrl>#point</styleUrl><Point><altitudeMode>clampToGround</altitudeMode><coordinates>28.524237424135208,-29.318348737433553,2372.1900000000001</coordinates></Point></Placemark><Placemark><TimeSpan><begin>2023-05-07T09:33:40Z</begin><end>2023-05-07T09:33:41Z</end></TimeSpan><styleUrl>#point</styleUrl><Point><altitudeMode>clampToGround</altitudeMode><coordinates>28.524272795766592,-29.318264247849584,2373.1500000000001</coordinates></Point></Placemark><Placemark><TimeSpan><begin>2023-05-07T09:33:41Z</begin><end>2023-05-07T09:33:42Z</end></TimeSpan><styleUrl>#point</styleUrl><Point><altitudeMode>clampToGround</altitudeMode><coordinates>28.524292828515172,-29.318173555657268,2374.1100000000001</coordinates></Point></Placemark><Placemark><TimeSpan><begin>2023-05-07T09:33:42Z</begin><end>2023-05-07T09:33:43Z</end></TimeSpan><styleUrl>#point</styleUrl><Point><altitudeMode>clampToGround</altitudeMode><coordinates>28.524299869313836,-29.318080767989159,2375.0700000000002</coordinates></Point></Placemark><Placemark><TimeSpan><begin>2023-05-07T09:33:43Z</begin><end>2023-05-07T09:33:44Z</end></TimeSpan><styleUrl>#point</styleUrl><Point><altitudeMode>clampToGround</altitudeMode><coordinates>28.524303138256073,-29.317987142130733,2376.04</coordinates></Point></Placemark><Placemark><TimeSpan><begin>2023-05-07T09:33:44Z</begin><end>2023-05-07T09:33:48Z</end></TimeSpan><styleUrl>#point</styleUrl><Point><altitudeMode>clampToGround</altitudeMode><coordinates>28.524358123540878,-29.317599311470985,2380.8400000000001</coordinates></Point></Placemark><Placemark><TimeSpan><begin>2023-05-07T09:33:48Z</begin><end>2023-05-07T09:33:49Z</end></TimeSpan><styleUrl>#point</styleUrl><Point><altitudeMode>clampToGround</altitudeMode><coordinates>28.524392070248723,-29.317507529631257,2382.2800000000002</coordinates></Point></Placemark><Placemark><TimeSpan><begin>2023-05-07T09:33:49Z</begin><end>2023-05-07T09:33:50Z</end></TimeSpan><styleUrl>#point</styleUrl><Point><altitudeMode>clampToGround</altitudeMode><coordinates>28.52443833835423,-29.317420609295368,2382.7600000000002</coordinates></Point></Placemark><Placemark><TimeSpan><begin>2023-05-07T09:33:50Z</begin><end>2023-05-07T09:33:51Z</end></TimeSpan><styleUrl>#point</styleUrl><Point><altitudeMode>clampToGround</altitudeMode><coordinates>28.524497430771589,-29.317339388653636,2383.73</coordinates></Point></Placemark><Placemark><TimeSpan><begin>2023-05-07T09:33:51Z</begin><end>2023-05-07T09:33:52Z</end></TimeSpan><styleUrl>#point</styleUrl><Point><altitudeMode>clampToGround</altitudeMode><coordinates>28.524569347500801,-29.317264957353473,2384.21</coordinates></Point></Placemark><Placemark><TimeSpan><begin>2023-05-07T09:33:52Z</begin><end>2023-05-07T09:33:53Z</end></TimeSpan><styleUrl>#point</styleUrl><Point><altitudeMode>clampToGround</altitudeMode><coordinates>28.524654842913151,-29.317198572680354,2385.1700000000001</coordinates></Point></Placemark><Placemark><TimeSpan><begin>2023-05-07T09:33:53Z</begin><end>2023-05-07T09:33:54Z</end></TimeSpan><styleUrl>#point</styleUrl><Point><altitudeMode>clampToGround</altitudeMode><coordinates>28.524752324447036,-29.317141911014915,2385.6500000000001</coordinates></Point></Placemark><Placemark><TimeSpan><begin>2023-05-07T09:33:54Z</begin><end>2023-05-07T09:33:55Z</end></TimeSpan><styleUrl>#point</styleUrl><Point><altitudeMode>clampToGround</altitudeMode><coordinates>28.524861205369234,-29.31709480471909,2386.1300000000001</coordinates></Point></Placemark><Placemark><TimeSpan><begin>2023-05-07T09:33:55Z</begin><end>2023-05-07T09:33:56Z</end></TimeSpan><styleUrl>#point</styleUrl><Point><altitudeMode>clampToGround</altitudeMode><coordinates>28.524981653317809,-29.317058259621263,2386.6100000000001</coordinates></Point></Placemark><Placemark><TimeSpan><begin>2023-05-07T09:33:56Z</begin><end>2023-05-07T09:33:57Z</end></TimeSpan><styleUrl>#point</styleUrl><Point><altitudeMode>clampToGround</altitudeMode><coordinates>28.525113835930824,-29.317031940445304,2387.0900000000001</coordinates></Point></Placemark><Placemark><TimeSpan><begin>2023-05-07T09:33:57Z</begin><end>2023-05-07T09:33:58Z</end></TimeSpan><styleUrl>#point</styleUrl><Point><altitudeMode>clampToGround</altitudeMode><coordinates>28.525258088484406,-29.3170131649822,2387.5700000000002</coordinates></Point></Placemark><Placemark><TimeSpan><begin>2023-05-07T09:33:58Z</begin><end>2023-05-07T09:34:08Z</end></TimeSpan><styleUrl>#point</styleUrl><Point><altitudeMode>clampToGround</altitudeMode><coordinates>28.526986604556441,-29.316834043711424,2390.46</coordinates></Point></Placemark><Placemark><TimeSpan><begin>2023-05-07T09:34:08Z</begin><end>2023-05-07T09:34:10Z</end></TimeSpan><styleUrl>#point</styleUrl><Point><altitudeMode>clampToGround</altitudeMode><coordinates>28.527266727760434,-29.316791044548154,2390.9400000000001</coordinates></Point></Placemark><Placemark><TimeSpan><begin>2023-05-07T09:34:10Z</begin><end>2023-05-07T09:34:11Z</end></TimeSpan><styleUrl>#point</styleUrl><Point><altitudeMode>clampToGround</altitudeMode><coordinates>28.527373597025871,-29.316755086183548,2390.9400000000001</coordinates></Point></Placemark><Placemark><TimeSpan><begin>2023-05-07T09:34:11Z</begin><end>2023-05-07T09:34:12Z</end></TimeSpan><styleUrl>#point</styleUrl><Point><altitudeMode>clampToGround</altitudeMode><coordinates>28.527459930628538,-29.316702866926789,2391.9000000000001</coordinates></Point></Placemark><Placemark><TimeSpan><begin>2023-05-07T09:34:12Z</begin><end>2023-05-07T09:34:13Z</end></TimeSpan><styleUrl>#point</styleUrl><Point><altitudeMode>clampToGround</altitudeMode><coordinates>28.527527572587132,-29.31663790717721,2392.3800000000001</coordinates></Point></Placemark><Placemark><TimeSpan><begin>2023-05-07T09:34:13Z</begin><end>2023-05-07T09:34:14Z</end></TimeSpan><styleUrl>#point</styleUrl><Point><altitudeMode>clampToGround</altitudeMode><coordinates>28.527575014159083,-29.316563559696078,2393.3400000000001</coordinates></Point></Placemark><Placemark><TimeSpan><begin>2023-05-07T09:34:14Z</begin><end>2023-05-07T09:34:15Z</end></TimeSpan><styleUrl>#point</styleUrl><Point><altitudeMode>clampToGround</altitudeMode><coordinates>28.52760418318212,-29.316481668502092,2394.3000000000002</coordinates></Point></Placemark><Placemark><TimeSpan><begin>2023-05-07T09:34:15Z</begin><end>2023-05-07T09:34:16Z</end></TimeSpan><styleUrl>#point</styleUrl><Point><altitudeMode>clampToGround</altitudeMode><coordinates>28.527616085484624,-29.316396759822965,2395.7399999999998</coordinates></Point></Placemark><Placemark><TimeSpan><begin>2023-05-07T09:34:16Z</begin><end>2023-05-07T09:34:17Z</end></TimeSpan><styleUrl>#point</styleUrl><Point><altitudeMode>clampToGround</altitudeMode><coordinates>28.527609212324023,-29.316312270238996,2397.1799999999998</coordinates></Point></Placemark><Placemark><TimeSpan><begin>2023-05-07T09:34:17Z</begin><end>2023-05-07T09:34:18Z</end></TimeSpan><styleUrl>#point</styleUrl><Point><altitudeMode>clampToGround</altitudeMode><coordinates>28.527583982795477,-29.316229876130819,2398.6300000000001</coordinates></Point></Placemark><Placemark><TimeSpan><begin>2023-05-07T09:34:18Z</begin><end>2023-05-07T09:34:19Z</end></TimeSpan><styleUrl>#point</styleUrl><Point><altitudeMode>clampToGround</altitudeMode><coordinates>28.527542911469936,-29.316149158403277,2400.0700000000002</coordinates></Point></Placemark><Placemark><TimeSpan><begin>2023-05-07T09:34:19Z</begin><end>2023-05-07T09:34:20Z</end></TimeSpan><styleUrl>#point</styleUrl><Point><altitudeMode>clampToGround</altitudeMode><coordinates>28.527493542060256,-29.316068105399609,2401.9899999999998</coordinates></Point></Placemark><Placemark><TimeSpan><begin>2023-05-07T09:34:20Z</begin><end>2023-05-07T09:34:31Z</end></TimeSpan><styleUrl>#point</styleUrl><Point><altitudeMode>clampToGround</altitudeMode><coordinates>28.526797173544765,-29.315153304487467,2417.3699999999999</coordinates></Point></Placemark><Placemark><TimeSpan><begin>2023-05-07T09:34:31Z</begin><end>2023-05-07T09:34:32Z</end></TimeSpan><styleUrl>#point</styleUrl><Point><altitudeMode>clampToGround</altitudeMode><coordinates>28.526756521314383,-29.315065545961261,2417.8499999999999</coordinates></Point></Placemark><Placemark><TimeSpan><begin>2023-05-07T09:34:32Z</begin><end>2023-05-07T09:34:33Z</end></TimeSpan><styleUrl>#point</styleUrl><Point><altitudeMode>clampToGround</altitudeMode><coordinates>28.526732884347439,-29.314973680302501,2418.8099999999999</coordinates></Point></Placemark><Placemark><TimeSpan><begin>2023-05-07T09:34:33Z</begin><end>2023-05-07T09:34:34Z</end></TimeSpan><styleUrl>#point</styleUrl><Point><altitudeMode>clampToGround</altitudeMode><coordinates>28.52673003450036,-29.314875109121203,2419.3000000000002</coordinates></Point></Placemark><Placemark><TimeSpan><begin>2023-05-07T09:34:34Z</begin><end>2023-05-07T09:34:35Z</end></TimeSpan><styleUrl>#point</styleUrl><Point><altitudeMode>clampToGround</altitudeMode><coordinates>28.526748223230243,-29.314776286482811,2420.2600000000002</coordinates></Point></Placemark><Placemark><TimeSpan><begin>2023-05-07T09:34:35Z</begin><end>2023-05-07T09:34:36Z</end></TimeSpan><styleUrl>#point</styleUrl><Point><altitudeMode>clampToGround</altitudeMode><coordinates>28.526787282899022,-29.314680648967624,2420.7399999999998</coordinates></Point></Placemark><Placemark><TimeSpan><begin>2023-05-07T09:34:36Z</begin><end>2023-05-07T09:34:37Z</end></TimeSpan><styleUrl>#point</styleUrl><Point><altitudeMode>clampToGround</altitudeMode><coordinates>28.526845704764128,-29.314590794965625,2421.6999999999998</coordinates></Point></Placemark><Placemark><TimeSpan><begin>2023-05-07T09:34:37Z</begin><end>2023-05-07T09:34:38Z</end></TimeSpan><styleUrl>#point</styleUrl><Point><altitudeMode>clampToGround</altitudeMode><coordinates>28.526917872950435,-29.314514016732574,2422.1799999999998</coordinates></Point></Placemark><Placemark><TimeSpan><begin>2023-05-07T09:34:38Z</begin><end>2023-05-07T09:34:39Z</end></TimeSpan><styleUrl>#point</styleUrl><Point><altitudeMode>clampToGround</altitudeMode><coordinates>28.527005463838577,-29.314447548240423,2422.6599999999999</coordinates></Point></Placemark><Placemark><TimeSpan><begin>2023-05-07T09:34:39Z</begin><end>2023-05-07T09:34:40Z</end></TimeSpan><styleUrl>#point</styleUrl><Point><altitudeMode>clampToGround</altitudeMode><coordinates>28.527108058333397,-29.314387533813715,2423.6199999999999</coordinates></Point></Placemark><Placemark><TimeSpan><begin>2023-05-07T09:34:40Z</begin><end>2023-05-07T09:34:41Z</end></TimeSpan><styleUrl>#point</styleUrl><Point><altitudeMode>clampToGround</altitudeMode><coordinates>28.527218280360103,-29.314332716166973,2424.0999999999999</coordinates></Point></Placemark><Placemark><TimeSpan><begin>2023-05-07T09:34:41Z</begin><end>2023-05-07T09:34:51Z</end></TimeSpan><styleUrl>#point</styleUrl><Point><altitudeMode>clampToGround</altitudeMode><coordinates>28.528635744005442,-29.313686639070511,2422.6599999999999</coordinates></Point></Placemark><Placemark><TimeSpan><begin>2023-05-07T09:34:51Z</begin><end>2023-05-07T09:34:57Z</end></TimeSpan><styleUrl>#point</styleUrl><Point><altitudeMode>clampToGround</altitudeMode><coordinates>28.529452811926603,-29.313328061252832,2425.0599999999999</coordinates></Point></Placemark><Placemark><TimeSpan><begin>2023-05-07T09:34:57Z</begin><end>2023-05-07T09:34:58Z</end></TimeSpan><styleUrl>#point</styleUrl><Point><altitudeMode>clampToGround</altitudeMode><coordinates>28.529564626514912,-29.313299562782049,2425.54</coordinates></Point></Placemark><Placemark><TimeSpan><begin>2023-05-07T09:34:58Z</begin><end>2023-05-07T09:34:59Z</end></TimeSpan><styleUrl>#point</styleUrl><Point><altitudeMode>clampToGround</altitudeMode><coordinates>28.529683817178011,-29.313280619680882,2426.02</coordinates></Point></Placemark><Placemark><TimeSpan><begin>2023-05-07T09:34:59Z</begin><end>2023-05-07T09:35:00Z</end></TimeSpan><styleUrl>#point</styleUrl><Point><altitudeMode>clampToGround</altitudeMode><coordinates>28.52981323376298,-29.313273914158344,2426.02</coordinates></Point></Placemark><Placemark><TimeSpan><begin>2023-05-07T09:35:00Z</begin><end>2023-05-07T09:35:01Z</end></TimeSpan><styleUrl>#point</styleUrl><Point><altitudeMode>clampToGround</altitudeMode><coordinates>28.5299451649189,-29.313279194757342,2426.02</coordinates></Point></Placemark><Placemark><TimeSpan><begin>2023-05-07T09:35:01Z</begin><end>2023-05-07T09:35:02Z</end></TimeSpan><styleUrl>#point</styleUrl><Point><altitudeMode>clampToGround</altitudeMode><coordinates>28.530083214864135,-29.313297551125288,2426.02</coordinates></Point></Placemark><Placemark><TimeSpan><begin>2023-05-07T09:35:02Z</begin><end>2023-05-07T09:35:03Z</end></TimeSpan><styleUrl>#point</styleUrl><Point><altitudeMode>clampToGround</altitudeMode><coordinates>28.530224449932575,-29.313328312709928,2425.54</coordinates></Point></Placemark><Placemark><TimeSpan><begin>2023-05-07T09:35:03Z</begin><end>2023-05-07T09:35:04Z</end></TimeSpan><styleUrl>#point</styleUrl><Point><altitudeMode>clampToGround</altitudeMode><coordinates>28.530357638373971,-29.313365947455168,2425.0599999999999</coordinates></Point></Placemark><Placemark><TimeSpan><begin>2023-05-07T09:35:04Z</begin><end>2023-05-07T09:35:07Z</end></TimeSpan><styleUrl>#point</styleUrl><Point><altitudeMode>clampToGround</altitudeMode><coordinates>28.530736332759261,-29.313455298542976,2424.0999999999999</coordinates></Point></Placemark><Placemark><TimeSpan><begin>2023-05-07T09:35:07Z</begin><end>2023-05-07T09:35:08Z</end></TimeSpan><styleUrl>#point</styleUrl><Point><altitudeMode>clampToGround</altitudeMode><coordinates>28.530862564221025,-29.313460327684879,2423.1399999999999</coordinates></Point></Placemark><Placemark><TimeSpan><begin>2023-05-07T09:35:08Z</begin><end>2023-05-07T09:35:09Z</end></TimeSpan><styleUrl>#point</styleUrl><Point><altitudeMode>clampToGround</altitudeMode><coordinates>28.530979994684458,-29.3134506046772,2422.6599999999999</coordinates></Point></Placemark><Placemark><TimeSpan><begin>2023-05-07T09:35:09Z</begin><end>2023-05-07T09:35:10Z</end></TimeSpan><styleUrl>#point</styleUrl><Point><altitudeMode>clampToGround</altitudeMode><coordinates>28.531098933890462,-29.313424788415432,2422.1799999999998</coordinates></Point></Placemark><Placemark><TimeSpan><begin>2023-05-07T09:35:10Z</begin><end>2023-05-07T09:35:11Z</end></TimeSpan><styleUrl>#point</styleUrl><Point><altitudeMode>clampToGround</altitudeMode><coordinates>28.531216699630022,-29.313379609957337,2421.6999999999998</coordinates></Point></Placemark><Placemark><TimeSpan><begin>2023-05-07T09:35:11Z</begin><end>2023-05-07T09:35:12Z</end></TimeSpan><styleUrl>#point</styleUrl><Point><altitudeMode>clampToGround</altitudeMode><coordinates>28.531322814524174,-29.31331867352128,2421.6999999999998</coordinates></Point></Placemark><Placemark><TimeSpan><begin>2023-05-07T09:35:12Z</begin><end>2023-05-07T09:35:13Z</end></TimeSpan><styleUrl>#point</styleUrl><Point><altitudeMode>clampToGround</altitudeMode><coordinates>28.531418787315488,-29.313241560012102,2421.6999999999998</coordinates></Point></Placemark><Placemark><TimeSpan><begin>2023-05-07T09:35:13Z</begin><end>2023-05-07T09:35:14Z</end></TimeSpan><styleUrl>#point</styleUrl><Point><altitudeMode>clampToGround</altitudeMode><coordinates>28.531506881117821,-29.313156148418784,2421.6999999999998</coordinates></Point></Placemark><Placemark><TimeSpan><begin>2023-05-07T09:35:14Z</begin><end>2023-05-07T09:35:15Z</end></TimeSpan><styleUrl>#point</styleUrl><Point><altitudeMode>clampToGround</altitudeMode><coordinates>28.531593633815646,-29.313076185062528,2421.6999999999998</coordinates></Point></Placemark><Placemark><TimeSpan><begin>2023-05-07T09:35:15Z</begin><end>2023-05-07T09:35:16Z</end></TimeSpan><styleUrl>#point</styleUrl><Point><altitudeMode>clampToGround</altitudeMode><coordinates>28.531688516959548,-29.313005274161696,2422.1799999999998</coordinates></Point></Placemark><Placemark><TimeSpan><begin>2023-05-07T09:35:16Z</begin><end>2023-05-07T09:35:17Z</end></TimeSpan><styleUrl>#point</styleUrl><Point><altitudeMode>clampToGround</altitudeMode><coordinates>28.531789854168892,-29.31294777430594,2422.6599999999999</coordinates></Point></Placemark><Placemark><TimeSpan><begin>2023-05-07T09:35:17Z</begin><end>2023-05-07T09:35:18Z</end></TimeSpan><styleUrl>#point</styleUrl><Point><altitudeMode>clampToGround</altitudeMode><coordinates>28.531897813081741,-29.312906200066209,2423.1399999999999</coordinates></Point></Placemark><Placemark><TimeSpan><begin>2023-05-07T09:35:18Z</begin><end>2023-05-07T09:35:19Z</end></TimeSpan><styleUrl>#point</styleUrl><Point><altitudeMode>clampToGround</altitudeMode><coordinates>28.532002083957195,-29.312884490936995,2423.6199999999999</coordinates></Point></Placemark><Placemark><TimeSpan><begin>2023-05-07T09:35:19Z</begin><end>2023-05-07T09:35:20Z</end></TimeSpan><styleUrl>#point</styleUrl><Point><altitudeMode>clampToGround</altitudeMode><coordinates>28.532115407288074,-29.31287937797606,2424.0999999999999</coordinates></Point></Placemark><Placemark><TimeSpan><begin>2023-05-07T09:35:20Z</begin><end>2023-05-07T09:35:21Z</end></TimeSpan><styleUrl>#point</styleUrl><Point><altitudeMode>clampToGround</altitudeMode><coordinates>28.532231077551842,-29.312893208116293,2424.0999999999999</coordinates></Point></Placemark><Placemark><TimeSpan><begin>2023-05-07T09:35:21Z</begin><end>2023-05-07T09:35:22Z</end></TimeSpan><styleUrl>#point</styleUrl><Point><altitudeMode>clampToGround</altitudeMode><coordinates>28.532347166910768,-29.312926400452852,2424.5799999999999</coordinates></Point></Placemark><Placemark><TimeSpan><begin>2023-05-07T09:35:22Z</begin><end>2023-05-07T09:35:23Z</end></TimeSpan><styleUrl>#point</styleUrl><Point><altitudeMode>clampToGround</altitudeMode><coordinates>28.532458562403917,-29.31297711096704,2425.0599999999999</coordinates></Point></Placemark><Placemark><TimeSpan><begin>2023-05-07T09:35:23Z</begin><end>2023-05-07T09:35:24Z</end></TimeSpan><styleUrl>#point</styleUrl><Point><altitudeMode>clampToGround</altitudeMode><coordinates>28.532566269859672,-29.313040981069207,2426.02</coordinates></Point></Placemark><Placemark><TimeSpan><begin>2023-05-07T09:35:24Z</begin><end>2023-05-07T09:35:25Z</end></TimeSpan><styleUrl>#point</styleUrl><Point><altitudeMode>clampToGround</altitudeMode><coordinates>28.532674061134458,-29.31310954503715,2426.5</coordinates></Point></Placemark><Placemark><TimeSpan><begin>2023-05-07T09:35:25Z</begin><end>2023-05-07T09:35:29Z</end></TimeSpan><styleUrl>#point</styleUrl><Point><altitudeMode>clampToGround</altitudeMode><coordinates>28.533185105770826,-29.313354212790728,2428.9099999999999</coordinates></Point></Placemark><Placemark><TimeSpan><begin>2023-05-07T09:35:29Z</begin><end>2023-05-07T09:35:30Z</end></TimeSpan><styleUrl>#point</styleUrl><Point><altitudeMode>clampToGround</altitudeMode><coordinates>28.533336399123073,-29.313393188640475,2429.3899999999999</coordinates></Point></Placemark><Placemark><TimeSpan><begin>2023-05-07T09:35:30Z</begin><end>2023-05-07T09:35:31Z</end></TimeSpan><styleUrl>#point</styleUrl><Point><altitudeMode>clampToGround</altitudeMode><coordinates>28.533494314178824,-29.313418166711926,2430.3499999999999</coordinates></Point></Placemark><Placemark><TimeSpan><begin>2023-05-07T09:35:31Z</begin><end>2023-05-07T09:35:32Z</end></TimeSpan><styleUrl>#point</styleUrl><Point><altitudeMode>clampToGround</altitudeMode><coordinates>28.533652229234576,-29.313432918861508,2430.8299999999999</coordinates></Point></Placemark><Placemark><TimeSpan><begin>2023-05-07T09:35:32Z</begin><end>2023-05-07T09:35:33Z</end></TimeSpan><styleUrl>#point</styleUrl><Point><altitudeMode>clampToGround</altitudeMode><coordinates>28.53380536660552,-29.313440294936299,2431.79</coordinates></Point></Placemark><Placemark><TimeSpan><begin>2023-05-07T09:35:33Z</begin><end>2023-05-07T09:35:36Z</end></TimeSpan><styleUrl>#point</styleUrl><Point><altitudeMode>clampToGround</altitudeMode><coordinates>28.534211050719023,-29.313477426767349,2434.1999999999998</coordinates></Point></Placemark><Placemark><TimeSpan><begin>2023-05-07T09:35:36Z</begin><end>2023-05-07T09:35:37Z</end></TimeSpan><styleUrl>#point</styleUrl><Point><altitudeMode>clampToGround</altitudeMode><coordinates>28.534334013238549,-29.313515480607748,2434.6799999999998</coordinates></Point></Placemark><Placemark><TimeSpan><begin>2023-05-07T09:35:37Z</begin><end>2023-05-07T09:35:38Z</end></TimeSpan><styleUrl>#point</styleUrl><Point><altitudeMode>clampToGround</altitudeMode><coordinates>28.534448342397809,-29.313570884987712,2435.6399999999999</coordinates></Point></Placemark><Placemark><TimeSpan><begin>2023-05-07T09:35:38Z</begin><end>2023-05-07T09:35:39Z</end></TimeSpan><styleUrl>#point</styleUrl><Point><altitudeMode>clampToGround</altitudeMode><coordinates>28.534556552767754,-29.313641544431448,2436.5999999999999</coordinates></Point></Placemark><Placemark><TimeSpan><begin>2023-05-07T09:35:39Z</begin><end>2023-05-07T09:35:40Z</end></TimeSpan><styleUrl>#point</styleUrl><Point><altitudeMode>clampToGround</altitudeMode><coordinates>28.534652777016163,-29.313725363463163,2437.5599999999999</coordinates></Point></Placemark><Placemark><TimeSpan><begin>2023-05-07T09:35:40Z</begin><end>2023-05-07T09:35:41Z</end></TimeSpan><styleUrl>#point</styleUrl><Point><altitudeMode>clampToGround</altitudeMode><coordinates>28.534734584391117,-29.313821671530604,2438.52</coordinates></Point></Placemark><Placemark><TimeSpan><begin>2023-05-07T09:35:41Z</begin><end>2023-05-07T09:35:42Z</end></TimeSpan><styleUrl>#point</styleUrl><Point><altitudeMode>clampToGround</altitudeMode><coordinates>28.534799963235855,-29.3139289598912,2439</coordinates></Point></Placemark><Placemark><TimeSpan><begin>2023-05-07T09:35:42Z</begin><end>2023-05-07T09:35:43Z</end></TimeSpan><styleUrl>#point</styleUrl><Point><altitudeMode>clampToGround</altitudeMode><coordinates>28.534844974055886,-29.314043121412396,2439.96</coordinates></Point></Placemark><Placemark><TimeSpan><begin>2023-05-07T09:35:43Z</begin><end>2023-05-07T09:35:44Z</end></TimeSpan><styleUrl>#point</styleUrl><Point><altitudeMode>clampToGround</altitudeMode><coordinates>28.534868359565735,-29.314163317903876,2440.9200000000001</coordinates></Point></Placemark><Placemark><TimeSpan><begin>2023-05-07T09:35:44Z</begin><end>2023-05-07T09:35:45Z</end></TimeSpan><styleUrl>#point</styleUrl><Point><altitudeMode>clampToGround</altitudeMode><coordinates>28.534873053431511,-29.314287789165974,2441.8899999999999</coordinates></Point></Placemark><Placemark><TimeSpan><begin>2023-05-07T09:35:45Z</begin><end>2023-05-07T09:35:46Z</end></TimeSpan><styleUrl>#point</styleUrl><Point><altitudeMode>clampToGround</altitudeMode><coordinates>28.534868359565735,-29.314414355903864,2442.8499999999999</coordinates></Point></Placemark><Placemark><TimeSpan><begin>2023-05-07T09:35:46Z</begin><end>2023-05-07T09:35:51Z</end></TimeSpan><styleUrl>#point</styleUrl><Point><altitudeMode>clampToGround</altitudeMode><coordinates>28.534933906048536,-29.315015841275454,2446.6900000000001</coordinates></Point></Placemark><Placemark><TimeSpan><begin>2023-05-07T09:35:51Z</begin><end>2023-05-07T09:35:52Z</end></TimeSpan><styleUrl>#point</styleUrl><Point><altitudeMode>clampToGround</altitudeMode><coordinates>28.534977156668901,-29.315122375264764,2447.1700000000001</coordinates></Point></Placemark><Placemark><TimeSpan><begin>2023-05-07T09:35:52Z</begin><end>2023-05-07T09:36:03Z</end></TimeSpan><styleUrl>#point</styleUrl><Point><altitudeMode>clampToGround</altitudeMode><coordinates>28.535594400018454,-29.316384019330144,2441.8899999999999</coordinates></Point></Placemark><Placemark><TimeSpan><begin>2023-05-07T09:36:03Z</begin><end>2023-05-07T09:36:04Z</end></TimeSpan><styleUrl>#point</styleUrl><Point><altitudeMode>clampToGround</altitudeMode><coordinates>28.535651564598083,-29.316470604389906,2441.4099999999999</coordinates></Point></Placemark><Placemark><TimeSpan><begin>2023-05-07T09:36:04Z</begin><end>2023-05-07T09:36:05Z</end></TimeSpan><styleUrl>#point</styleUrl><Point><altitudeMode>clampToGround</altitudeMode><coordinates>28.535720715299249,-29.316538497805595,2440.9200000000001</coordinates></Point></Placemark><Placemark><TimeSpan><begin>2023-05-07T09:36:05Z</begin><end>2023-05-07T09:36:06Z</end></TimeSpan><styleUrl>#point</styleUrl><Point><altitudeMode>clampToGround</altitudeMode><coordinates>28.53580285795033,-29.316586526110768,2440.4400000000001</coordinates></Point></Placemark><Placemark><TimeSpan><begin>2023-05-07T09:36:06Z</begin><end>2023-05-07T09:36:07Z</end></TimeSpan><styleUrl>#point</styleUrl><Point><altitudeMode>clampToGround</altitudeMode><coordinates>28.535889945924282,-29.316615359857678,2440.4400000000001</coordinates></Point></Placemark><Placemark><TimeSpan><begin>2023-05-07T09:36:07Z</begin><end>2023-05-07T09:36:08Z</end></TimeSpan><styleUrl>#point</styleUrl><Point><altitudeMode>clampToGround</altitudeMode><coordinates>28.535977452993393,-29.316624831408262,2439.96</coordinates></Point></Placemark><Placemark><TimeSpan><begin>2023-05-07T09:36:08Z</begin><end>2023-05-07T09:36:09Z</end></TimeSpan><styleUrl>#point</styleUrl><Point><altitudeMode>clampToGround</altitudeMode><coordinates>28.536068396642804,-29.316615695133805,2439.96</coordinates></Point></Placemark><Placemark><TimeSpan><begin>2023-05-07T09:36:09Z</begin><end>2023-05-07T09:36:10Z</end></TimeSpan><styleUrl>#point</styleUrl><Point><altitudeMode>clampToGround</altitudeMode><coordinates>28.536157328635454,-29.316588118672371,2439.96</coordinates></Point></Placemark><Placemark><TimeSpan><begin>2023-05-07T09:36:10Z</begin><end>2023-05-07T09:36:11Z</end></TimeSpan><styleUrl>#point</styleUrl><Point><altitudeMode>clampToGround</altitudeMode><coordinates>28.536239136010408,-29.316541012376547,2439.96</coordinates></Point></Placemark><Placemark><TimeSpan><begin>2023-05-07T09:36:11Z</begin><end>2023-05-07T09:36:12Z</end></TimeSpan><styleUrl>#point</styleUrl><Point><altitudeMode>clampToGround</altitudeMode><coordinates>28.536308789625764,-29.316477226093411,2439.96</coordinates></Point></Placemark><Placemark><TimeSpan><begin>2023-05-07T09:36:12Z</begin><end>2023-05-07T09:36:13Z</end></TimeSpan><styleUrl>#point</styleUrl><Point><altitudeMode>clampToGround</altitudeMode><coordinates>28.536365954205394,-29.316400112584233,2439.96</coordinates></Point></Placemark><Placemark><TimeSpan><begin>2023-05-07T09:36:13Z</begin><end>2023-05-07T09:36:14Z</end></TimeSpan><styleUrl>#point</styleUrl><Point><altitudeMode>clampToGround</altitudeMode><coordinates>28.536412809044123,-29.316312689334154,2440.4400000000001</coordinates></Point></Placemark><Placemark><TimeSpan><begin>2023-05-07T09:36:14Z</begin><end>2023-05-07T09:36:15Z</end></TimeSpan><styleUrl>#point</styleUrl><Point><altitudeMode>clampToGround</altitudeMode><coordinates>28.536456478759646,-29.31621671654284,2440.4400000000001</coordinates></Point></Placemark><Placemark><TimeSpan><begin>2023-05-07T09:36:15Z</begin><end>2023-05-07T09:36:25Z</end></TimeSpan><styleUrl>#point</styleUrl><Point><altitudeMode>clampToGround</altitudeMode><coordinates>28.536857971921563,-29.315022043883801,2451.02</coordinates></Point></Placemark><Placemark><TimeSpan><begin>2023-05-07T09:36:25Z</begin><end>2023-05-07T09:36:35Z</end></TimeSpan><styleUrl>#point</styleUrl><Point><altitudeMode>clampToGround</altitudeMode><coordinates>28.537442944943905,-29.313724944368005,2465.9200000000001</coordinates></Point></Placemark><Placemark><TimeSpan><begin>2023-05-07T09:36:35Z</begin><end>2023-05-07T09:36:36Z</end></TimeSpan><styleUrl>#point</styleUrl><Point><altitudeMode>clampToGround</altitudeMode><coordinates>28.537526009604335,-29.31362695991993,2466.4000000000001</coordinates></Point></Placemark><Placemark><TimeSpan><begin>2023-05-07T09:36:36Z</begin><end>2023-05-07T09:36:37Z</end></TimeSpan><styleUrl>#point</styleUrl><Point><altitudeMode>clampToGround</altitudeMode><coordinates>28.537619300186634,-29.313534758985043,2466.8800000000001</coordinates></Point></Placemark><Placemark><TimeSpan><begin>2023-05-07T09:36:37Z</begin><end>2023-05-07T09:36:38Z</end></TimeSpan><styleUrl>#point</styleUrl><Point><altitudeMode>clampToGround</altitudeMode><coordinates>28.537721978500485,-29.313450269401073,2467.3600000000001</coordinates></Point></Placemark><Placemark><TimeSpan><begin>2023-05-07T09:36:38Z</begin><end>2023-05-07T09:36:39Z</end></TimeSpan><styleUrl>#point</styleUrl><Point><altitudeMode>clampToGround</altitudeMode><coordinates>28.537834966555238,-29.313374748453498,2467.8400000000001</coordinates></Point></Placemark><Placemark><TimeSpan><begin>2023-05-07T09:36:39Z</begin><end>2023-05-07T09:36:40Z</end></TimeSpan><styleUrl>#point</styleUrl><Point><altitudeMode>clampToGround</altitudeMode><coordinates>28.537959270179272,-29.313308028504252,2468.3200000000002</coordinates></Point></Placemark><Placemark><TimeSpan><begin>2023-05-07T09:36:40Z</begin><end>2023-05-07T09:36:41Z</end></TimeSpan><styleUrl>#point</styleUrl><Point><altitudeMode>clampToGround</altitudeMode><coordinates>28.538092710077763,-29.313254216685891,2468.8000000000002</coordinates></Point></Placemark><Placemark><TimeSpan><begin>2023-05-07T09:36:41Z</begin><end>2023-05-07T09:36:42Z</end></TimeSpan><styleUrl>#point</styleUrl><Point><altitudeMode>clampToGround</altitudeMode><coordinates>28.538235872983932,-29.313216079026461,2469.2800000000002</coordinates></Point></Placemark><Placemark><TimeSpan><begin>2023-05-07T09:36:42Z</begin><end>2023-05-07T09:36:43Z</end></TimeSpan><styleUrl>#point</styleUrl><Point><altitudeMode>clampToGround</altitudeMode><coordinates>28.538386411964893,-29.313193531706929,2469.7600000000002</coordinates></Point></Placemark><Placemark><TimeSpan><begin>2023-05-07T09:36:43Z</begin><end>2023-05-07T09:36:44Z</end></TimeSpan><styleUrl>#point</styleUrl><Point><altitudeMode>clampToGround</altitudeMode><coordinates>28.538542985916138,-29.313184646889567,2470.2399999999998</coordinates></Point></Placemark><Placemark><TimeSpan><begin>2023-05-07T09:36:44Z</begin><end>2023-05-07T09:36:45Z</end></TimeSpan><styleUrl>#point</styleUrl><Point><altitudeMode>clampToGround</altitudeMode><coordinates>28.538705511018634,-29.313188586384058,2471.21</coordinates></Point></Placemark><Placemark><TimeSpan><begin>2023-05-07T09:36:45Z</begin><end>2023-05-07T09:36:46Z</end></TimeSpan><styleUrl>#point</styleUrl><Point><altitudeMode>clampToGround</altitudeMode><coordinates>28.538875496014953,-29.313200488686562,2471.6900000000001</coordinates></Point></Placemark><Placemark><TimeSpan><begin>2023-05-07T09:36:46Z</begin><end>2023-05-07T09:36:49Z</end></TimeSpan><styleUrl>#point</styleUrl><Point><altitudeMode>clampToGround</altitudeMode><coordinates>28.539360640570521,-29.31325170211494,2475.0500000000002</coordinates></Point></Placemark><Placemark><TimeSpan><begin>2023-05-07T09:36:49Z</begin><end>2023-05-07T09:36:50Z</end></TimeSpan><styleUrl>#point</styleUrl><Point><altitudeMode>clampToGround</altitudeMode><coordinates>28.539489721879363,-29.31328933686018,2476.0100000000002</coordinates></Point></Placemark><Placemark><TimeSpan><begin>2023-05-07T09:36:50Z</begin><end>2023-05-07T09:36:51Z</end></TimeSpan><styleUrl>#point</styleUrl><Point><altitudeMode>clampToGround</altitudeMode><coordinates>28.539605559781194,-29.31333870626986,2477.4499999999998</coordinates></Point></Placemark><Placemark><TimeSpan><begin>2023-05-07T09:36:51Z</begin><end>2023-05-07T09:36:52Z</end></TimeSpan><styleUrl>#point</styleUrl><Point><altitudeMode>clampToGround</altitudeMode><coordinates>28.539710668846965,-29.31340123526752,2478.9000000000001</coordinates></Point></Placemark><Placemark><TimeSpan><begin>2023-05-07T09:36:52Z</begin><end>2023-05-07T09:36:53Z</end></TimeSpan><styleUrl>#point</styleUrl><Point><altitudeMode>clampToGround</altitudeMode><coordinates>28.53980571962893,-29.313477678224444,2480.3400000000001</coordinates></Point></Placemark><Placemark><TimeSpan><begin>2023-05-07T09:36:53Z</begin><end>2023-05-07T09:36:54Z</end></TimeSpan><styleUrl>#point</styleUrl><Point><altitudeMode>clampToGround</altitudeMode><coordinates>28.539888868108392,-29.313567699864507,2481.7800000000002</coordinates></Point></Placemark><Placemark><TimeSpan><begin>2023-05-07T09:36:54Z</begin><end>2023-05-07T09:36:55Z</end></TimeSpan><styleUrl>#point</styleUrl><Point><altitudeMode>clampToGround</altitudeMode><coordinates>28.539957851171494,-29.313670294359326,2482.7399999999998</coordinates></Point></Placemark><Placemark><TimeSpan><begin>2023-05-07T09:36:55Z</begin><end>2023-05-07T09:36:56Z</end></TimeSpan><styleUrl>#point</styleUrl><Point><altitudeMode>clampToGround</altitudeMode><coordinates>28.540014429017901,-29.313779259100556,2484.1799999999998</coordinates></Point></Placemark><Placemark><TimeSpan><begin>2023-05-07T09:36:56Z</begin><end>2023-05-07T09:36:57Z</end></TimeSpan><styleUrl>#point</styleUrl><Point><altitudeMode>clampToGround</altitudeMode><coordinates>28.540064720436931,-29.313882691785693,2485.6300000000001</coordinates></Point></Placemark><Placemark><TimeSpan><begin>2023-05-07T09:36:57Z</begin><end>2023-05-07T09:36:58Z</end></TimeSpan><styleUrl>#point</styleUrl><Point><altitudeMode>clampToGround</altitudeMode><coordinates>28.540118280798197,-29.313972629606724,2486.5900000000001</coordinates></Point></Placemark><Placemark><TimeSpan><begin>2023-05-07T09:36:58Z</begin><end>2023-05-07T09:36:59Z</end></TimeSpan><styleUrl>#point</styleUrl><Point><altitudeMode>clampToGround</altitudeMode><coordinates>28.540181647986174,-29.314045635983348,2487.5500000000002</coordinates></Point></Placemark><Placemark><TimeSpan><begin>2023-05-07T09:36:59Z</begin><end>2023-05-07T09:37:00Z</end></TimeSpan><styleUrl>#point</styleUrl><Point><altitudeMode>clampToGround</altitudeMode><coordinates>28.540255576372147,-29.314100202172995,2488.0300000000002</coordinates></Point></Placemark><Placemark><TimeSpan><begin>2023-05-07T09:37:00Z</begin><end>2023-05-07T09:37:01Z</end></TimeSpan><styleUrl>#point</styleUrl><Point><altitudeMode>clampToGround</altitudeMode><coordinates>28.540339646860957,-29.314137920737267,2488.9899999999998</coordinates></Point></Placemark><Placemark><TimeSpan><begin>2023-05-07T09:37:01Z</begin><end>2023-05-07T09:37:02Z</end></TimeSpan><styleUrl>#point</styleUrl><Point><altitudeMode>clampToGround</altitudeMode><coordinates>28.5404306743294,-29.314156277105212,2489.4699999999998</coordinates></Point></Placemark><Placemark><TimeSpan><begin>2023-05-07T09:37:02Z</begin><end>2023-05-07T09:37:03Z</end></TimeSpan><styleUrl>#point</styleUrl><Point><altitudeMode>clampToGround</altitudeMode><coordinates>28.540522204712033,-29.314152672886848,2489.4699999999998</coordinates></Point></Placemark><Placemark><TimeSpan><begin>2023-05-07T09:37:03Z</begin><end>2023-05-07T09:37:04Z</end></TimeSpan><styleUrl>#point</styleUrl><Point><altitudeMode>clampToGround</altitudeMode><coordinates>28.540609963238239,-29.314128868281841,2489.9499999999998</coordinates></Point></Placemark><Placemark><TimeSpan><begin>2023-05-07T09:37:04Z</begin><end>2023-05-07T09:37:05Z</end></TimeSpan><styleUrl>#point</styleUrl><Point><altitudeMode>clampToGround</altitudeMode><coordinates>28.540691351518035,-29.314085952937603,2490.4299999999998</coordinates></Point></Placemark><Placemark><TimeSpan><begin>2023-05-07T09:37:05Z</begin><end>2023-05-07T09:37:06Z</end></TimeSpan><styleUrl>#point</styleUrl><Point><altitudeMode>clampToGround</altitudeMode><coordinates>28.540763603523374,-29.314026441425085,2490.4299999999998</coordinates></Point></Placemark><Placemark><TimeSpan><begin>2023-05-07T09:37:06Z</begin><end>2023-05-07T09:37:07Z</end></TimeSpan><styleUrl>#point</styleUrl><Point><altitudeMode>clampToGround</altitudeMode><coordinates>28.540821857750416,-29.313950752839446,2490.9099999999999</coordinates></Point></Placemark><Placemark><TimeSpan><begin>2023-05-07T09:37:07Z</begin><end>2023-05-07T09:37:08Z</end></TimeSpan><styleUrl>#point</styleUrl><Point><altitudeMode>clampToGround</altitudeMode><coordinates>28.540866868570447,-29.313861401751637,2491.3899999999999</coordinates></Point></Placemark><Placemark><TimeSpan><begin>2023-05-07T09:37:08Z</begin><end>2023-05-07T09:37:09Z</end></TimeSpan><styleUrl>#point</styleUrl><Point><altitudeMode>clampToGround</altitudeMode><coordinates>28.54090123437345,-29.313763752579689,2491.8699999999999</coordinates></Point></Placemark><Placemark><TimeSpan><begin>2023-05-07T09:37:09Z</begin><end>2023-05-07T09:37:10Z</end></TimeSpan><styleUrl>#point</styleUrl><Point><altitudeMode>clampToGround</altitudeMode><coordinates>28.540933420881629,-29.31365973316133,2492.8400000000001</coordinates></Point></Placemark><Placemark><TimeSpan><begin>2023-05-07T09:37:10Z</begin><end>2023-05-07T09:37:19Z</end></TimeSpan><styleUrl>#point</styleUrl><Point><altitudeMode>clampToGround</altitudeMode><coordinates>28.541437927633524,-29.312542928382754,2503.4099999999999</coordinates></Point></Placemark><Placemark><TimeSpan><begin>2023-05-07T09:37:19Z</begin><end>2023-05-07T09:37:27Z</end></TimeSpan><styleUrl>#point</styleUrl><Point><altitudeMode>clampToGround</altitudeMode><coordinates>28.541817124933004,-29.311375832185149,2515.9099999999999</coordinates></Point></Placemark><Placemark><TimeSpan><begin>2023-05-07T09:37:27Z</begin><end>2023-05-07T09:37:30Z</end></TimeSpan><styleUrl>#point</styleUrl><Point><altitudeMode>clampToGround</altitudeMode><coordinates>28.541907565668225,-29.311084058135748,2517.8299999999999</coordinates></Point></Placemark><Placemark><TimeSpan><begin>2023-05-07T09:37:30Z</begin><end>2023-05-07T09:37:31Z</end></TimeSpan><styleUrl>#point</styleUrl><Point><altitudeMode>clampToGround</altitudeMode><coordinates>28.541947547346354,-29.311009207740426,2518.3099999999999</coordinates></Point></Placemark><Placemark><TimeSpan><begin>2023-05-07T09:37:31Z</begin><end>2023-05-07T09:37:33Z</end></TimeSpan><styleUrl>#point</styleUrl><Point><altitudeMode>clampToGround</altitudeMode><coordinates>28.542004292830825,-29.31090191937983,2518.79</coordinates></Point></Placemark><Placemark><TimeSpan><begin>2023-05-07T09:37:33Z</begin><end>2023-05-07T09:37:34Z</end></TimeSpan><styleUrl>#point</styleUrl><Point><altitudeMode>clampToGround</altitudeMode><coordinates>28.542011082172394,-29.310866547748446,2518.79</coordinates></Point></Placemark><Placemark><TimeSpan><begin>2023-05-07T09:37:34Z</begin><end>2023-05-07T09:37:35Z</end></TimeSpan><styleUrl>#point</styleUrl><Point><altitudeMode>clampToGround</altitudeMode><coordinates>28.542004711925983,-29.310843078419566,2519.27</coordinates></Point></Placemark><Placemark><TimeSpan><begin>2023-05-07T09:37:35Z</begin><end>2023-05-07T09:37:36Z</end></TimeSpan><styleUrl>#point</styleUrl><Point><altitudeMode>clampToGround</altitudeMode><coordinates>28.54199280962348,-29.310827823355794,2519.27</coordinates></Point></Placemark><Placemark><TimeSpan><begin>2023-05-07T09:37:36Z</begin><end>2023-05-07T09:37:47Z</end></TimeSpan><styleUrl>#point</styleUrl><Point><altitudeMode>clampToGround</altitudeMode><coordinates>28.541944194585085,-29.310791445896029,2519.27</coordinates></Point></Placemark><Placemark><TimeSpan><begin>2023-05-07T09:37:47Z</begin><end>2023-05-07T09:38:15Z</end></TimeSpan><styleUrl>#point</styleUrl><Point><altitudeMode>clampToGround</altitudeMode><coordinates>28.541951319202781,-29.310794714838266,2521.6799999999998</coordinates></Point></Placemark><Placemark><TimeSpan><begin>2023-05-07T09:38:15Z</begin><end>2023-05-07T09:39:01Z</end></TimeSpan><styleUrl>#point</styleUrl><Point><altitudeMode>clampToGround</altitudeMode><coordinates>28.541945116594434,-29.310796726495028,2523.5999999999999</coordinates></Point></Placemark><Placemark><TimeSpan><begin>2023-05-07T09:39:01Z</begin><end>2023-05-07T09:39:38Z</end></TimeSpan><styleUrl>#point</styleUrl><Point><altitudeMode>clampToGround</altitudeMode><coordinates>28.541945451870561,-29.310797564685345,2522.1599999999999</coordinates></Point></Placemark><Placemark><TimeSpan><begin>2023-05-07T09:39:38Z</begin><end>2023-05-07T09:40:06Z</end></TimeSpan><styleUrl>#point</styleUrl><Point><altitudeMode>clampToGround</altitudeMode><coordinates>28.541951989755034,-29.310796223580837,2520.71</coordinates></Point></Placemark><Placemark><TimeSpan><begin>2023-05-07T09:40:06Z</begin><end>2023-05-07T09:40:33Z</end></TimeSpan><styleUrl>#point</styleUrl><Point><altitudeMode>clampToGround</altitudeMode><coordinates>28.541952576488256,-29.310795804485679,2521.1900000000001</coordinates></Point></Placemark><Placemark><TimeSpan><begin>2023-05-07T09:40:33Z</begin><end>2023-05-07T09:41:04Z</end></TimeSpan><styleUrl>#point</styleUrl><Point><altitudeMode>clampToGround</altitudeMode><coordinates>28.541948720812798,-29.310787841677666,2520.23</coordinates></Point></Placemark><Placemark><TimeSpan><begin>2023-05-07T09:41:04Z</begin><end>2023-05-07T09:41:32Z</end></TimeSpan><styleUrl>#point</styleUrl><Point><altitudeMode>clampToGround</altitudeMode><coordinates>28.541951403021812,-29.310783566907048,2520.71</coordinates></Point></Placemark><Placemark><TimeSpan><begin>2023-05-07T09:41:32Z</begin><end>2023-05-07T09:41:36Z</end></TimeSpan><styleUrl>#point</styleUrl><Point><altitudeMode>clampToGround</altitudeMode><coordinates>28.541942685842514,-29.310770407319069,2521.1900000000001</coordinates></Point></Placemark><Placemark><TimeSpan><begin>2023-05-07T09:41:36Z</begin><end>2023-05-07T09:41:38Z</end></TimeSpan><styleUrl>#point</styleUrl><Point><altitudeMode>clampToGround</altitudeMode><coordinates>28.541956096887589,-29.310743752866983,2521.1900000000001</coordinates></Point></Placemark><Placemark><TimeSpan><begin>2023-05-07T09:41:38Z</begin><end>2023-05-07T09:41:39Z</end></TimeSpan><styleUrl>#point</styleUrl><Point><altitudeMode>clampToGround</altitudeMode><coordinates>28.541980488225818,-29.31072598323226,2521.1900000000001</coordinates></Point></Placemark><Placemark><TimeSpan><begin>2023-05-07T09:41:39Z</begin><end>2023-05-07T09:41:40Z</end></TimeSpan><styleUrl>#point</styleUrl><Point><altitudeMode>clampToGround</altitudeMode><coordinates>28.54201091453433,-29.310713997110724,2520.71</coordinates></Point></Placemark><Placemark><TimeSpan><begin>2023-05-07T09:41:40Z</begin><end>2023-05-07T09:41:41Z</end></TimeSpan><styleUrl>#point</styleUrl><Point><altitudeMode>clampToGround</altitudeMode><coordinates>28.542048297822475,-29.310699077323079,2520.71</coordinates></Point></Placemark><Placemark><TimeSpan><begin>2023-05-07T09:41:41Z</begin><end>2023-05-07T09:41:42Z</end></TimeSpan><styleUrl>#point</styleUrl><Point><altitudeMode>clampToGround</altitudeMode><coordinates>28.542084004729986,-29.310673931613564,2520.71</coordinates></Point></Placemark><Placemark><TimeSpan><begin>2023-05-07T09:41:42Z</begin><end>2023-05-07T09:41:43Z</end></TimeSpan><styleUrl>#point</styleUrl><Point><altitudeMode>clampToGround</altitudeMode><coordinates>28.542111497372389,-29.310637637972832,2520.23</coordinates></Point></Placemark><Placemark><TimeSpan><begin>2023-05-07T09:41:43Z</begin><end>2023-05-07T09:41:44Z</end></TimeSpan><styleUrl>#point</styleUrl><Point><altitudeMode>clampToGround</altitudeMode><coordinates>28.54213354177773,-29.310586676001549,2520.23</coordinates></Point></Placemark><Placemark><TimeSpan><begin>2023-05-07T09:41:44Z</begin><end>2023-05-07T09:41:45Z</end></TimeSpan><styleUrl>#point</styleUrl><Point><altitudeMode>clampToGround</altitudeMode><coordinates>28.54214821010828,-29.310525069013238,2520.23</coordinates></Point></Placemark><Placemark><TimeSpan><begin>2023-05-07T09:41:45Z</begin><end>2023-05-07T09:41:46Z</end></TimeSpan><styleUrl>#point</styleUrl><Point><altitudeMode>clampToGround</altitudeMode><coordinates>28.54215307161212,-29.310454241931438,2519.75</coordinates></Point></Placemark><Placemark><TimeSpan><begin>2023-05-07T09:41:46Z</begin><end>2023-05-07T09:41:47Z</end></TimeSpan><styleUrl>#point</styleUrl><Point><altitudeMode>clampToGround</altitudeMode><coordinates>28.542149718850851,-29.310368075966835,2519.75</coordinates></Point></Placemark><Placemark><TimeSpan><begin>2023-05-07T09:41:47Z</begin><end>2023-05-07T09:41:48Z</end></TimeSpan><styleUrl>#point</styleUrl><Point><altitudeMode>clampToGround</altitudeMode><coordinates>28.542139325290918,-29.310280401259661,2519.27</coordinates></Point></Placemark><Placemark><TimeSpan><begin>2023-05-07T09:41:48Z</begin><end>2023-05-07T09:41:49Z</end></TimeSpan><styleUrl>#point</styleUrl><Point><altitudeMode>clampToGround</altitudeMode><coordinates>28.542121471837163,-29.310178477317095,2518.79</coordinates></Point></Placemark><Placemark><TimeSpan><begin>2023-05-07T09:41:49Z</begin><end>2023-05-07T09:41:54Z</end></TimeSpan><styleUrl>#point</styleUrl><Point><altitudeMode>clampToGround</altitudeMode><coordinates>28.54205290786922,-29.309647735208273,2517.8299999999999</coordinates></Point></Placemark><Placemark><TimeSpan><begin>2023-05-07T09:41:54Z</begin><end>2023-05-07T09:41:55Z</end></TimeSpan><styleUrl>#point</styleUrl><Point><altitudeMode>clampToGround</altitudeMode><coordinates>28.542068498209119,-29.30953717790544,2517.8299999999999</coordinates></Point></Placemark><Placemark><TimeSpan><begin>2023-05-07T09:41:55Z</begin><end>2023-05-07T09:41:56Z</end></TimeSpan><styleUrl>#point</styleUrl><Point><altitudeMode>clampToGround</altitudeMode><coordinates>28.542104791849852,-29.309429554268718,2518.3099999999999</coordinates></Point></Placemark><Placemark><TimeSpan><begin>2023-05-07T09:41:56Z</begin><end>2023-05-07T09:41:57Z</end></TimeSpan><styleUrl>#point</styleUrl><Point><altitudeMode>clampToGround</altitudeMode><coordinates>28.542162291705608,-29.309323942288756,2518.3099999999999</coordinates></Point></Placemark><Placemark><TimeSpan><begin>2023-05-07T09:41:57Z</begin><end>2023-05-07T09:41:58Z</end></TimeSpan><styleUrl>#point</styleUrl><Point><altitudeMode>clampToGround</altitudeMode><coordinates>28.54223320260644,-29.309216989204288,2518.79</coordinates></Point></Placemark><Placemark><TimeSpan><begin>2023-05-07T09:41:58Z</begin><end>2023-05-07T09:42:01Z</end></TimeSpan><styleUrl>#point</styleUrl><Point><altitudeMode>clampToGround</altitudeMode><coordinates>28.542426154017448,-29.308884227648377,2519.75</coordinates></Point></Placemark><Placemark><TimeSpan><begin>2023-05-07T09:42:01Z</begin><end>2023-05-07T09:42:02Z</end></TimeSpan><styleUrl>#point</styleUrl><Point><altitudeMode>clampToGround</altitudeMode><coordinates>28.542469404637814,-29.308762103319168,2520.23</coordinates></Point></Placemark><Placemark><TimeSpan><begin>2023-05-07T09:42:02Z</begin><end>2023-05-07T09:42:03Z</end></TimeSpan><styleUrl>#point</styleUrl><Point><altitudeMode>clampToGround</altitudeMode><coordinates>28.54250343516469,-29.308638134971261,2520.71</coordinates></Point></Placemark><Placemark><TimeSpan><begin>2023-05-07T09:42:03Z</begin><end>2023-05-07T09:42:06Z</end></TimeSpan><styleUrl>#point</styleUrl><Point><altitudeMode>clampToGround</altitudeMode><coordinates>28.54260167106986,-29.308273438364267,2522.6399999999999</coordinates></Point></Placemark><Placemark><TimeSpan><begin>2023-05-07T09:42:06Z</begin><end>2023-05-07T09:42:07Z</end></TimeSpan><styleUrl>#point</styleUrl><Point><altitudeMode>clampToGround</altitudeMode><coordinates>28.542654393240809,-29.308154415339231,2523.1199999999999</coordinates></Point></Placemark><Placemark><TimeSpan><begin>2023-05-07T09:42:07Z</begin><end>2023-05-07T09:42:08Z</end></TimeSpan><styleUrl>#point</styleUrl><Point><altitudeMode>clampToGround</altitudeMode><coordinates>28.542722286656499,-29.308036817237735,2523.5999999999999</coordinates></Point></Placemark><Placemark><TimeSpan><begin>2023-05-07T09:42:08Z</begin><end>2023-05-07T09:42:09Z</end></TimeSpan><styleUrl>#point</styleUrl><Point><altitudeMode>clampToGround</altitudeMode><coordinates>28.542805770412087,-29.307921649888158,2524.0799999999999</coordinates></Point></Placemark><Placemark><TimeSpan><begin>2023-05-07T09:42:09Z</begin><end>2023-05-07T09:42:10Z</end></TimeSpan><styleUrl>#point</styleUrl><Point><altitudeMode>clampToGround</altitudeMode><coordinates>28.542899647727609,-29.30780790746212,2524.0799999999999</coordinates></Point></Placemark><Placemark><TimeSpan><begin>2023-05-07T09:42:10Z</begin><end>2023-05-07T09:42:14Z</end></TimeSpan><styleUrl>#point</styleUrl><Point><altitudeMode>clampToGround</altitudeMode><coordinates>28.543238863348961,-29.307375736534595,2525.52</coordinates></Point></Placemark><Placemark><TimeSpan><begin>2023-05-07T09:42:14Z</begin><end>2023-05-07T09:42:15Z</end></TimeSpan><styleUrl>#point</styleUrl><Point><altitudeMode>clampToGround</altitudeMode><coordinates>28.543287897482514,-29.307267777621746,2525.52</coordinates></Point></Placemark><Placemark><TimeSpan><begin>2023-05-07T09:42:15Z</begin><end>2023-05-07T09:42:16Z</end></TimeSpan><styleUrl>#point</styleUrl><Point><altitudeMode>clampToGround</altitudeMode><coordinates>28.543315641582012,-29.307158729061484,2526</coordinates></Point></Placemark><Placemark><TimeSpan><begin>2023-05-07T09:42:16Z</begin><end>2023-05-07T09:42:17Z</end></TimeSpan><styleUrl>#point</styleUrl><Point><altitudeMode>clampToGround</altitudeMode><coordinates>28.543320251628757,-29.307050183415413,2526.48</coordinates></Point></Placemark><Placemark><TimeSpan><begin>2023-05-07T09:42:17Z</begin><end>2023-05-07T09:42:18Z</end></TimeSpan><styleUrl>#point</styleUrl><Point><altitudeMode>clampToGround</altitudeMode><coordinates>28.543303152546287,-29.306944906711578,2526.48</coordinates></Point></Placemark><Placemark><TimeSpan><begin>2023-05-07T09:42:18Z</begin><end>2023-05-07T09:42:19Z</end></TimeSpan><styleUrl>#point</styleUrl><Point><altitudeMode>clampToGround</altitudeMode><coordinates>28.543264344334602,-29.306842982769012,2526.48</coordinates></Point></Placemark><Placemark><TimeSpan><begin>2023-05-07T09:42:19Z</begin><end>2023-05-07T09:42:20Z</end></TimeSpan><styleUrl>#point</styleUrl><Point><altitudeMode>clampToGround</altitudeMode><coordinates>28.543203743174672,-29.306746507063508,2526.48</coordinates></Point></Placemark><Placemark><TimeSpan><begin>2023-05-07T09:42:20Z</begin><end>2023-05-07T09:42:21Z</end></TimeSpan><styleUrl>#point</styleUrl><Point><altitudeMode>clampToGround</altitudeMode><coordinates>28.543123863637447,-29.306658916175365,2526.48</coordinates></Point></Placemark><Placemark><TimeSpan><begin>2023-05-07T09:42:21Z</begin><end>2023-05-07T09:42:22Z</end></TimeSpan><styleUrl>#point</styleUrl><Point><altitudeMode>clampToGround</altitudeMode><coordinates>28.543026214465499,-29.306582557037473,2526</coordinates></Point></Placemark><Placemark><TimeSpan><begin>2023-05-07T09:42:22Z</begin><end>2023-05-07T09:42:23Z</end></TimeSpan><styleUrl>#point</styleUrl><Point><altitudeMode>clampToGround</altitudeMode><coordinates>28.542910628020763,-29.30651793256402,2526</coordinates></Point></Placemark><Placemark><TimeSpan><begin>2023-05-07T09:42:23Z</begin><end>2023-05-07T09:42:24Z</end></TimeSpan><styleUrl>#point</styleUrl><Point><altitudeMode>clampToGround</altitudeMode><coordinates>28.542780289426446,-29.306466551497579,2525.52</coordinates></Point></Placemark><Placemark><TimeSpan><begin>2023-05-07T09:42:24Z</begin><end>2023-05-07T09:42:25Z</end></TimeSpan><styleUrl>#point</styleUrl><Point><altitudeMode>clampToGround</altitudeMode><coordinates>28.54263880290091,-29.306421959772706,2525.04</coordinates></Point></Placemark><Placemark><TimeSpan><begin>2023-05-07T09:42:25Z</begin><end>2023-05-07T09:42:36Z</end></TimeSpan><styleUrl>#point</styleUrl><Point><altitudeMode>clampToGround</altitudeMode><coordinates>28.54082646779716,-29.305886020883918,2513.98</coordinates></Point></Placemark><Placemark><TimeSpan><begin>2023-05-07T09:42:36Z</begin><end>2023-05-07T09:42:37Z</end></TimeSpan><styleUrl>#point</styleUrl><Point><altitudeMode>clampToGround</altitudeMode><coordinates>28.540676096454263,-29.305829610675573,2513.02</coordinates></Point></Placemark><Placemark><TimeSpan><begin>2023-05-07T09:42:37Z</begin><end>2023-05-07T09:42:38Z</end></TimeSpan><styleUrl>#point</styleUrl><Point><altitudeMode>clampToGround</altitudeMode><coordinates>28.540540561079979,-29.305761633440852,2512.0599999999999</coordinates></Point></Placemark><Placemark><TimeSpan><begin>2023-05-07T09:42:38Z</begin><end>2023-05-07T09:42:39Z</end></TimeSpan><styleUrl>#point</styleUrl><Point><altitudeMode>clampToGround</altitudeMode><coordinates>28.540421035140753,-29.305680328980088,2511.0999999999999</coordinates></Point></Placemark><Placemark><TimeSpan><begin>2023-05-07T09:42:39Z</begin><end>2023-05-07T09:42:40Z</end></TimeSpan><styleUrl>#point</styleUrl><Point><altitudeMode>clampToGround</altitudeMode><coordinates>28.54031533934176,-29.305587038397789,2510.1399999999999</coordinates></Point></Placemark><Placemark><TimeSpan><begin>2023-05-07T09:42:40Z</begin><end>2023-05-07T09:42:41Z</end></TimeSpan><styleUrl>#point</styleUrl><Point><altitudeMode>clampToGround</altitudeMode><coordinates>28.540223222225904,-29.305480169132352,2509.1799999999998</coordinates></Point></Placemark><Placemark><TimeSpan><begin>2023-05-07T09:42:41Z</begin><end>2023-05-07T09:42:42Z</end></TimeSpan><styleUrl>#point</styleUrl><Point><altitudeMode>clampToGround</altitudeMode><coordinates>28.540136218070984,-29.305361900478601,2508.2199999999998</coordinates></Point></Placemark><Placemark><TimeSpan><begin>2023-05-07T09:42:42Z</begin><end>2023-05-07T09:42:43Z</end></TimeSpan><styleUrl>#point</styleUrl><Point><altitudeMode>clampToGround</altitudeMode><coordinates>28.540049465373158,-29.305235501378775,2507.2600000000002</coordinates></Point></Placemark><Placemark><TimeSpan><begin>2023-05-07T09:42:43Z</begin><end>2023-05-07T09:42:47Z</end></TimeSpan><styleUrl>#point</styleUrl><Point><altitudeMode>clampToGround</altitudeMode><coordinates>28.539756936952472,-29.304662933573127,2501.0100000000002</coordinates></Point></Placemark><Placemark><TimeSpan><begin>2023-05-07T09:42:47Z</begin><end>2023-05-07T09:42:48Z</end></TimeSpan><styleUrl>#point</styleUrl><Point><altitudeMode>clampToGround</altitudeMode><coordinates>28.539717793464661,-29.304499737918377,2499.5700000000002</coordinates></Point></Placemark><Placemark><TimeSpan><begin>2023-05-07T09:42:48Z</begin><end>2023-05-07T09:42:57Z</end></TimeSpan><styleUrl>#point</styleUrl><Point><altitudeMode>clampToGround</altitudeMode><coordinates>28.539391737431288,-29.302914803847671,2489.4699999999998</coordinates></Point></Placemark><Placemark><TimeSpan><begin>2023-05-07T09:42:57Z</begin><end>2023-05-07T09:43:06Z</end></TimeSpan><styleUrl>#point</styleUrl><Point><altitudeMode>clampToGround</altitudeMode><coordinates>28.539378326386213,-29.301332803443074,2480.3400000000001</coordinates></Point></Placemark><Placemark><TimeSpan><begin>2023-05-07T09:43:06Z</begin><end>2023-05-07T09:43:09Z</end></TimeSpan><styleUrl>#point</styleUrl><Point><altitudeMode>clampToGround</altitudeMode><coordinates>28.539282688871026,-29.300926364958286,2477.4499999999998</coordinates></Point></Placemark><Placemark><TimeSpan><begin>2023-05-07T09:43:09Z</begin><end>2023-05-07T09:43:10Z</end></TimeSpan><styleUrl>#point</styleUrl><Point><altitudeMode>clampToGround</altitudeMode><coordinates>28.539226865395904,-29.300804827362299,2476.0100000000002</coordinates></Point></Placemark><Placemark><TimeSpan><begin>2023-05-07T09:43:10Z</begin><end>2023-05-07T09:43:11Z</end></TimeSpan><styleUrl>#point</styleUrl><Point><altitudeMode>clampToGround</altitudeMode><coordinates>28.539160899817944,-29.300690582022071,2475.5300000000002</coordinates></Point></Placemark><Placemark><TimeSpan><begin>2023-05-07T09:43:11Z</begin><end>2023-05-07T09:43:12Z</end></TimeSpan><styleUrl>#point</styleUrl><Point><altitudeMode>clampToGround</altitudeMode><coordinates>28.539088563993573,-29.300584299489856,2474.5700000000002</coordinates></Point></Placemark><Placemark><TimeSpan><begin>2023-05-07T09:43:12Z</begin><end>2023-05-07T09:43:13Z</end></TimeSpan><styleUrl>#point</styleUrl><Point><altitudeMode>clampToGround</altitudeMode><coordinates>28.539010109379888,-29.300488410517573,2474.0900000000001</coordinates></Point></Placemark><Placemark><TimeSpan><begin>2023-05-07T09:43:13Z</begin><end>2023-05-07T09:43:14Z</end></TimeSpan><styleUrl>#point</styleUrl><Point><altitudeMode>clampToGround</altitudeMode><coordinates>28.538929559290409,-29.300401490181684,2473.6100000000001</coordinates></Point></Placemark><Placemark><TimeSpan><begin>2023-05-07T09:43:14Z</begin><end>2023-05-07T09:43:23Z</end></TimeSpan><styleUrl>#point</styleUrl><Point><altitudeMode>clampToGround</altitudeMode><coordinates>28.538271160796285,-29.299785336479545,2473.1300000000001</coordinates></Point></Placemark><Placemark><TimeSpan><begin>2023-05-07T09:43:23Z</begin><end>2023-05-07T09:43:30Z</end></TimeSpan><styleUrl>#point</styleUrl><Point><altitudeMode>clampToGround</altitudeMode><coordinates>28.537809485569596,-29.299003891646862,2470.2399999999998</coordinates></Point></Placemark><Placemark><TimeSpan><begin>2023-05-07T09:43:30Z</begin><end>2023-05-07T09:43:33Z</end></TimeSpan><styleUrl>#point</styleUrl><Point><altitudeMode>clampToGround</altitudeMode><coordinates>28.537744609639049,-29.298620503395796,2468.3200000000002</coordinates></Point></Placemark><Placemark><TimeSpan><begin>2023-05-07T09:43:33Z</begin><end>2023-05-07T09:43:34Z</end></TimeSpan><styleUrl>#point</styleUrl><Point><altitudeMode>clampToGround</altitudeMode><coordinates>28.537750896066427,-29.298498965799809,2467.8400000000001</coordinates></Point></Placemark><Placemark><TimeSpan><begin>2023-05-07T09:43:34Z</begin><end>2023-05-07T09:43:35Z</end></TimeSpan><styleUrl>#point</styleUrl><Point><altitudeMode>clampToGround</altitudeMode><coordinates>28.537773443385959,-29.298381954431534,2467.3600000000001</coordinates></Point></Placemark><Placemark><TimeSpan><begin>2023-05-07T09:43:35Z</begin><end>2023-05-07T09:43:36Z</end></TimeSpan><styleUrl>#point</styleUrl><Point><altitudeMode>clampToGround</altitudeMode><coordinates>28.537814011797309,-29.298271648585796,2466.8800000000001</coordinates></Point></Placemark><Placemark><TimeSpan><begin>2023-05-07T09:43:36Z</begin><end>2023-05-07T09:43:37Z</end></TimeSpan><styleUrl>#point</styleUrl><Point><altitudeMode>clampToGround</altitudeMode><coordinates>28.537870086729527,-29.298170562833548,2466.4000000000001</coordinates></Point></Placemark><Placemark><TimeSpan><begin>2023-05-07T09:43:37Z</begin><end>2023-05-07T09:43:38Z</end></TimeSpan><styleUrl>#point</styleUrl><Point><altitudeMode>clampToGround</altitudeMode><coordinates>28.537938063964248,-29.298075931146741,2465.4400000000001</coordinates></Point></Placemark><Placemark><TimeSpan><begin>2023-05-07T09:43:38Z</begin><end>2023-05-07T09:43:39Z</end></TimeSpan><styleUrl>#point</styleUrl><Point><altitudeMode>clampToGround</altitudeMode><coordinates>28.538017189130187,-29.297983394935727,2464.96</coordinates></Point></Placemark><Placemark><TimeSpan><begin>2023-05-07T09:43:39Z</begin><end>2023-05-07T09:43:40Z</end></TimeSpan><styleUrl>#point</styleUrl><Point><altitudeMode>clampToGround</altitudeMode><coordinates>28.538101175799966,-29.297891780734062,2464.48</coordinates></Point></Placemark><Placemark><TimeSpan><begin>2023-05-07T09:43:40Z</begin><end>2023-05-07T09:43:45Z</end></TimeSpan><styleUrl>#point</styleUrl><Point><altitudeMode>clampToGround</altitudeMode><coordinates>28.538478864356875,-29.297408983111382,2459.6700000000001</coordinates></Point></Placemark><Placemark><TimeSpan><begin>2023-05-07T09:43:45Z</begin><end>2023-05-07T09:43:46Z</end></TimeSpan><styleUrl>#point</styleUrl><Point><altitudeMode>clampToGround</altitudeMode><coordinates>28.538529071956873,-29.297293815761805,2459.1900000000001</coordinates></Point></Placemark><Placemark><TimeSpan><begin>2023-05-07T09:43:46Z</begin><end>2023-05-07T09:43:47Z</end></TimeSpan><styleUrl>#point</styleUrl><Point><altitudeMode>clampToGround</altitudeMode><coordinates>28.538568885996938,-29.297176720574498,2458.23</coordinates></Point></Placemark><Placemark><TimeSpan><begin>2023-05-07T09:43:47Z</begin><end>2023-05-07T09:43:48Z</end></TimeSpan><styleUrl>#point</styleUrl><Point><altitudeMode>clampToGround</altitudeMode><coordinates>28.53859637863934,-29.297061134129763,2457.75</coordinates></Point></Placemark><Placemark><TimeSpan><begin>2023-05-07T09:43:48Z</begin><end>2023-05-07T09:43:49Z</end></TimeSpan><styleUrl>#point</styleUrl><Point><altitudeMode>clampToGround</altitudeMode><coordinates>28.538610460236669,-29.296946972608566,2457.27</coordinates></Point></Placemark><Placemark><TimeSpan><begin>2023-05-07T09:43:49Z</begin><end>2023-05-07T09:43:50Z</end></TimeSpan><styleUrl>#point</styleUrl><Point><altitudeMode>clampToGround</altitudeMode><coordinates>28.538611549884081,-29.296833565458655,2456.79</coordinates></Point></Placemark><Placemark><TimeSpan><begin>2023-05-07T09:43:50Z</begin><end>2023-05-07T09:43:51Z</end></TimeSpan><styleUrl>#point</styleUrl><Point><altitudeMode>clampToGround</altitudeMode><coordinates>28.538601659238338,-29.296724600717425,2456.3099999999999</coordinates></Point></Placemark><Placemark><TimeSpan><begin>2023-05-07T09:43:51Z</begin><end>2023-05-07T09:43:52Z</end></TimeSpan><styleUrl>#point</styleUrl><Point><altitudeMode>clampToGround</altitudeMode><coordinates>28.53858171030879,-29.296621503308415,2455.8200000000002</coordinates></Point></Placemark><Placemark><TimeSpan><begin>2023-05-07T09:43:52Z</begin><end>2023-05-07T09:43:53Z</end></TimeSpan><styleUrl>#point</styleUrl><Point><altitudeMode>clampToGround</altitudeMode><coordinates>28.53855237364769,-29.296522680670023,2455.3400000000001</coordinates></Point></Placemark><Placemark><TimeSpan><begin>2023-05-07T09:43:53Z</begin><end>2023-05-07T09:43:54Z</end></TimeSpan><styleUrl>#point</styleUrl><Point><altitudeMode>clampToGround</altitudeMode><coordinates>28.538514319807291,-29.296425869688392,2455.3400000000001</coordinates></Point></Placemark><Placemark><TimeSpan><begin>2023-05-07T09:43:54Z</begin><end>2023-05-07T09:43:55Z</end></TimeSpan><styleUrl>#point</styleUrl><Point><altitudeMode>clampToGround</altitudeMode><coordinates>28.538467632606626,-29.296332662925124,2454.8600000000001</coordinates></Point></Placemark><Placemark><TimeSpan><begin>2023-05-07T09:43:55Z</begin><end>2023-05-07T09:43:56Z</end></TimeSpan><styleUrl>#point</styleUrl><Point><altitudeMode>clampToGround</altitudeMode><coordinates>28.538413820788264,-29.296243228018284,2454.3800000000001</coordinates></Point></Placemark><Placemark><TimeSpan><begin>2023-05-07T09:43:56Z</begin><end>2023-05-07T09:43:57Z</end></TimeSpan><styleUrl>#point</styleUrl><Point><altitudeMode>clampToGround</altitudeMode><coordinates>28.538354309275746,-29.296153541654348,2453.4200000000001</coordinates></Point></Placemark><Placemark><TimeSpan><begin>2023-05-07T09:43:57Z</begin><end>2023-05-07T09:44:10Z</end></TimeSpan><styleUrl>#point</styleUrl><Point><altitudeMode>clampToGround</altitudeMode><coordinates>28.537614271044731,-29.295082837343216,2446.6900000000001</coordinates></Point></Placemark><Placemark><TimeSpan><begin>2023-05-07T09:44:10Z</begin><end>2023-05-07T09:44:22Z</end></TimeSpan><styleUrl>#point</styleUrl><Point><altitudeMode>clampToGround</altitudeMode><coordinates>28.537420565262437,-29.293944071978331,2439.96</coordinates></Point></Placemark><Placemark><TimeSpan><begin>2023-05-07T09:44:22Z</begin><end>2023-05-07T09:44:30Z</end></TimeSpan><styleUrl>#point</styleUrl><Point><altitudeMode>clampToGround</altitudeMode><coordinates>28.537627682089806,-29.29316807538271,2435.6399999999999</coordinates></Point></Placemark><Placemark><TimeSpan><begin>2023-05-07T09:44:30Z</begin><end>2023-05-07T09:44:31Z</end></TimeSpan><styleUrl>#point</styleUrl><Point><altitudeMode>clampToGround</altitudeMode><coordinates>28.53768065571785,-29.293082412332296,2435.1599999999999</coordinates></Point></Placemark><Placemark><TimeSpan><begin>2023-05-07T09:44:31Z</begin><end>2023-05-07T09:44:32Z</end></TimeSpan><styleUrl>#point</styleUrl><Point><altitudeMode>clampToGround</altitudeMode><coordinates>28.53774762712419,-29.293010914698243,2434.1999999999998</coordinates></Point></Placemark><Placemark><TimeSpan><begin>2023-05-07T09:44:32Z</begin><end>2023-05-07T09:44:33Z</end></TimeSpan><styleUrl>#point</styleUrl><Point><altitudeMode>clampToGround</altitudeMode><coordinates>28.537831949070096,-29.292951570823789,2433.71</coordinates></Point></Placemark><Placemark><TimeSpan><begin>2023-05-07T09:44:33Z</begin><end>2023-05-07T09:44:34Z</end></TimeSpan><styleUrl>#point</styleUrl><Point><altitudeMode>clampToGround</altitudeMode><coordinates>28.537932196632028,-29.292906224727631,2433.23</coordinates></Point></Placemark><Placemark><TimeSpan><begin>2023-05-07T09:44:34Z</begin><end>2023-05-07T09:44:35Z</end></TimeSpan><styleUrl>#point</styleUrl><Point><altitudeMode>clampToGround</altitudeMode><coordinates>28.538039987906814,-29.292879989370704,2432.27</coordinates></Point></Placemark><Placemark><TimeSpan><begin>2023-05-07T09:44:35Z</begin><end>2023-05-07T09:44:36Z</end></TimeSpan><styleUrl>#point</styleUrl><Point><altitudeMode>clampToGround</altitudeMode><coordinates>28.538154484704137,-29.292868338525295,2431.79</coordinates></Point></Placemark><Placemark><TimeSpan><begin>2023-05-07T09:44:36Z</begin><end>2023-05-07T09:44:37Z</end></TimeSpan><styleUrl>#point</styleUrl><Point><altitudeMode>clampToGround</altitudeMode><coordinates>28.538273675367236,-29.292866662144661,2431.3099999999999</coordinates></Point></Placemark><Placemark><TimeSpan><begin>2023-05-07T09:44:37Z</begin><end>2023-05-07T09:44:38Z</end></TimeSpan><styleUrl>#point</styleUrl><Point><altitudeMode>clampToGround</altitudeMode><coordinates>28.538390602916479,-29.292869176715612,2430.3499999999999</coordinates></Point></Placemark><Placemark><TimeSpan><begin>2023-05-07T09:44:38Z</begin><end>2023-05-07T09:44:39Z</end></TimeSpan><styleUrl>#point</styleUrl><Point><altitudeMode>clampToGround</altitudeMode><coordinates>28.538507111370564,-29.292867248877883,2429.8699999999999</coordinates></Point></Placemark><Placemark><TimeSpan><begin>2023-05-07T09:44:39Z</begin><end>2023-05-07T09:44:40Z</end></TimeSpan><styleUrl>#point</styleUrl><Point><altitudeMode>clampToGround</altitudeMode><coordinates>28.538620099425316,-29.292853083461523,2428.9099999999999</coordinates></Point></Placemark><Placemark><TimeSpan><begin>2023-05-07T09:44:40Z</begin><end>2023-05-07T09:44:41Z</end></TimeSpan><styleUrl>#point</styleUrl><Point><altitudeMode>clampToGround</altitudeMode><coordinates>28.538734847679734,-29.292820226401091,2428.4299999999998</coordinates></Point></Placemark><Placemark><TimeSpan><begin>2023-05-07T09:44:41Z</begin><end>2023-05-07T09:44:42Z</end></TimeSpan><styleUrl>#point</styleUrl><Point><altitudeMode>clampToGround</altitudeMode><coordinates>28.53884750045836,-29.292771862819791,2427.9499999999998</coordinates></Point></Placemark><Placemark><TimeSpan><begin>2023-05-07T09:44:42Z</begin><end>2023-05-07T09:44:43Z</end></TimeSpan><styleUrl>#point</styleUrl><Point><altitudeMode>clampToGround</altitudeMode><coordinates>28.538962751626968,-29.292712518945336,2427.4699999999998</coordinates></Point></Placemark><Placemark><TimeSpan><begin>2023-05-07T09:44:43Z</begin><end>2023-05-07T09:44:48Z</end></TimeSpan><styleUrl>#point</styleUrl><Point><altitudeMode>clampToGround</altitudeMode><coordinates>28.53948662057519,-29.292383277788758,2424.5799999999999</coordinates></Point></Placemark><Placemark><TimeSpan><begin>2023-05-07T09:44:48Z</begin><end>2023-05-07T09:44:49Z</end></TimeSpan><styleUrl>#point</styleUrl><Point><altitudeMode>clampToGround</altitudeMode><coordinates>28.539573708549142,-29.292303314432502,2423.6199999999999</coordinates></Point></Placemark><Placemark><TimeSpan><begin>2023-05-07T09:44:49Z</begin><end>2023-05-07T09:44:53Z</end></TimeSpan><styleUrl>#point</styleUrl><Point><altitudeMode>clampToGround</altitudeMode><coordinates>28.539905631914735,-29.291992345824838,2420.7399999999998</coordinates></Point></Placemark><Placemark><TimeSpan><begin>2023-05-07T09:44:53Z</begin><end>2023-05-07T09:44:54Z</end></TimeSpan><styleUrl>#point</styleUrl><Point><altitudeMode>clampToGround</altitudeMode><coordinates>28.540001939982176,-29.291934510692954,2419.7800000000002</coordinates></Point></Placemark><Placemark><TimeSpan><begin>2023-05-07T09:44:54Z</begin><end>2023-05-07T09:44:55Z</end></TimeSpan><styleUrl>#point</styleUrl><Point><altitudeMode>clampToGround</altitudeMode><coordinates>28.540106294676661,-29.291887320578098,2418.8099999999999</coordinates></Point></Placemark><Placemark><TimeSpan><begin>2023-05-07T09:44:55Z</begin><end>2023-05-07T09:44:56Z</end></TimeSpan><styleUrl>#point</styleUrl><Point><altitudeMode>clampToGround</altitudeMode><coordinates>28.540216935798526,-29.291855050250888,2418.3299999999999</coordinates></Point></Placemark><Placemark><TimeSpan><begin>2023-05-07T09:44:56Z</begin><end>2023-05-07T09:44:57Z</end></TimeSpan><styleUrl>#point</styleUrl><Point><altitudeMode>clampToGround</altitudeMode><coordinates>28.540332522243261,-29.291842812672257,2417.3699999999999</coordinates></Point></Placemark><Placemark><TimeSpan><begin>2023-05-07T09:44:57Z</begin><end>2023-05-07T09:44:58Z</end></TimeSpan><styleUrl>#point</styleUrl><Point><altitudeMode>clampToGround</altitudeMode><coordinates>28.540448946878314,-29.291850356385112,2416.4099999999999</coordinates></Point></Placemark><Placemark><TimeSpan><begin>2023-05-07T09:44:58Z</begin><end>2023-05-07T09:44:59Z</end></TimeSpan><styleUrl>#point</styleUrl><Point><altitudeMode>clampToGround</altitudeMode><coordinates>28.54056897573173,-29.291873909533024,2415.4499999999998</coordinates></Point></Placemark><Placemark><TimeSpan><begin>2023-05-07T09:44:59Z</begin><end>2023-05-07T09:45:00Z</end></TimeSpan><styleUrl>#point</styleUrl><Point><altitudeMode>clampToGround</altitudeMode><coordinates>28.540693614631891,-29.291908023878932,2414.0100000000002</coordinates></Point></Placemark><Placemark><TimeSpan><begin>2023-05-07T09:45:00Z</begin><end>2023-05-07T09:45:02Z</end></TimeSpan><styleUrl>#point</styleUrl><Point><altitudeMode>clampToGround</altitudeMode><coordinates>28.540948592126369,-29.291966110467911,2412.5700000000002</coordinates></Point></Placemark><Placemark><TimeSpan><begin>2023-05-07T09:45:02Z</begin><end>2023-05-07T09:45:03Z</end></TimeSpan><styleUrl>#point</styleUrl><Point><altitudeMode>clampToGround</altitudeMode><coordinates>28.541085636243224,-29.291975917294621,2411.5999999999999</coordinates></Point></Placemark><Placemark><TimeSpan><begin>2023-05-07T09:45:03Z</begin><end>2023-05-07T09:45:04Z</end></TimeSpan><styleUrl>#point</styleUrl><Point><altitudeMode>clampToGround</altitudeMode><coordinates>28.541228044778109,-29.291965775191784,2410.6399999999999</coordinates></Point></Placemark><Placemark><TimeSpan><begin>2023-05-07T09:45:04Z</begin><end>2023-05-07T09:45:05Z</end></TimeSpan><styleUrl>#point</styleUrl><Point><altitudeMode>clampToGround</altitudeMode><coordinates>28.54136886075139,-29.291937695816159,2409.1999999999998</coordinates></Point></Placemark><Placemark><TimeSpan><begin>2023-05-07T09:45:05Z</begin><end>2023-05-07T09:45:06Z</end></TimeSpan><styleUrl>#point</styleUrl><Point><altitudeMode>clampToGround</altitudeMode><coordinates>28.541510179638863,-29.291902994737029,2408.7199999999998</coordinates></Point></Placemark><Placemark><TimeSpan><begin>2023-05-07T09:45:06Z</begin><end>2023-05-07T09:45:15Z</end></TimeSpan><styleUrl>#point</styleUrl><Point><altitudeMode>clampToGround</altitudeMode><coordinates>28.542786659672856,-29.291622955352068,2401.0300000000002</coordinates></Point></Placemark><Placemark><TimeSpan><begin>2023-05-07T09:45:15Z</begin><end>2023-05-07T09:45:16Z</end></TimeSpan><styleUrl>#point</styleUrl><Point><altitudeMode>clampToGround</altitudeMode><coordinates>28.542919596657157,-29.291602000594139,2400.0700000000002</coordinates></Point></Placemark><Placemark><TimeSpan><begin>2023-05-07T09:45:16Z</begin><end>2023-05-07T09:45:17Z</end></TimeSpan><styleUrl>#point</styleUrl><Point><altitudeMode>clampToGround</altitudeMode><coordinates>28.543053790926933,-29.291602838784456,2399.1100000000001</coordinates></Point></Placemark><Placemark><TimeSpan><begin>2023-05-07T09:45:17Z</begin><end>2023-05-07T09:45:18Z</end></TimeSpan><styleUrl>#point</styleUrl><Point><altitudeMode>clampToGround</altitudeMode><coordinates>28.543188571929932,-29.291627481579781,2398.1500000000001</coordinates></Point></Placemark><Placemark><TimeSpan><begin>2023-05-07T09:45:18Z</begin><end>2023-05-07T09:45:19Z</end></TimeSpan><styleUrl>#point</styleUrl><Point><altitudeMode>clampToGround</altitudeMode><coordinates>28.543318156152964,-29.291671402752399,2397.1799999999998</coordinates></Point></Placemark><Placemark><TimeSpan><begin>2023-05-07T09:45:19Z</begin><end>2023-05-07T09:45:20Z</end></TimeSpan><styleUrl>#point</styleUrl><Point><altitudeMode>clampToGround</altitudeMode><coordinates>28.543447656556964,-29.291732255369425,2396.6999999999998</coordinates></Point></Placemark><Placemark><TimeSpan><begin>2023-05-07T09:45:20Z</begin><end>2023-05-07T09:45:21Z</end></TimeSpan><styleUrl>#point</styleUrl><Point><altitudeMode>clampToGround</altitudeMode><coordinates>28.543569194152951,-29.291809285059571,2395.7399999999998</coordinates></Point></Placemark><Placemark><TimeSpan><begin>2023-05-07T09:45:21Z</begin><end>2023-05-07T09:45:24Z</end></TimeSpan><styleUrl>#point</styleUrl><Point><altitudeMode>clampToGround</altitudeMode><coordinates>28.543924000114202,-29.291995698586106,2392.8600000000001</coordinates></Point></Placemark><Placemark><TimeSpan><begin>2023-05-07T09:45:24Z</begin><end>2023-05-07T09:45:25Z</end></TimeSpan><styleUrl>#point</styleUrl><Point><altitudeMode>clampToGround</altitudeMode><coordinates>28.544041262939572,-29.292017742991447,2391.9000000000001</coordinates></Point></Placemark><Placemark><TimeSpan><begin>2023-05-07T09:45:25Z</begin><end>2023-05-07T09:45:26Z</end></TimeSpan><styleUrl>#point</styleUrl><Point><altitudeMode>clampToGround</altitudeMode><coordinates>28.544144025072455,-29.292013049125671,2391.4200000000001</coordinates></Point></Placemark><Placemark><TimeSpan><begin>2023-05-07T09:45:26Z</begin><end>2023-05-07T09:45:27Z</end></TimeSpan><styleUrl>#point</styleUrl><Point><altitudeMode>clampToGround</altitudeMode><coordinates>28.544240249320865,-29.291983544826508,2390.9400000000001</coordinates></Point></Placemark><Placemark><TimeSpan><begin>2023-05-07T09:45:27Z</begin><end>2023-05-07T09:45:28Z</end></TimeSpan><styleUrl>#point</styleUrl><Point><altitudeMode>clampToGround</altitudeMode><coordinates>28.544310070574284,-29.291938366368413,2389.9699999999998</coordinates></Point></Placemark><Placemark><TimeSpan><begin>2023-05-07T09:45:28Z</begin><end>2023-05-07T09:45:29Z</end></TimeSpan><styleUrl>#point</styleUrl><Point><altitudeMode>clampToGround</altitudeMode><coordinates>28.544370252639055,-29.291874328628182,2389.4899999999998</coordinates></Point></Placemark><Placemark><TimeSpan><begin>2023-05-07T09:45:29Z</begin><end>2023-05-07T09:45:30Z</end></TimeSpan><styleUrl>#point</styleUrl><Point><altitudeMode>clampToGround</altitudeMode><coordinates>28.544412162154913,-29.291796628385782,2389.0100000000002</coordinates></Point></Placemark><Placemark><TimeSpan><begin>2023-05-07T09:45:30Z</begin><end>2023-05-07T09:45:31Z</end></TimeSpan><styleUrl>#point</styleUrl><Point><altitudeMode>clampToGround</altitudeMode><coordinates>28.544434793293476,-29.291705517098308,2388.0500000000002</coordinates></Point></Placemark><Placemark><TimeSpan><begin>2023-05-07T09:45:31Z</begin><end>2023-05-07T09:45:32Z</end></TimeSpan><styleUrl>#point</styleUrl><Point><altitudeMode>clampToGround</altitudeMode><coordinates>28.544441498816013,-29.291602503508329,2387.5700000000002</coordinates></Point></Placemark><Placemark><TimeSpan><begin>2023-05-07T09:45:32Z</begin><end>2023-05-07T09:45:33Z</end></TimeSpan><styleUrl>#point</styleUrl><Point><altitudeMode>clampToGround</altitudeMode><coordinates>28.544438648968935,-29.291489850729704,2387.0900000000001</coordinates></Point></Placemark><Placemark><TimeSpan><begin>2023-05-07T09:45:33Z</begin><end>2023-05-07T09:45:34Z</end></TimeSpan><styleUrl>#point</styleUrl><Point><altitudeMode>clampToGround</altitudeMode><coordinates>28.544433284550905,-29.291369905695319,2386.6100000000001</coordinates></Point></Placemark><Placemark><TimeSpan><begin>2023-05-07T09:45:34Z</begin><end>2023-05-07T09:45:38Z</end></TimeSpan><styleUrl>#point</styleUrl><Point><altitudeMode>clampToGround</altitudeMode><coordinates>28.544486509636045,-29.290880067273974,2386.1300000000001</coordinates></Point></Placemark><Placemark><TimeSpan><begin>2023-05-07T09:45:38Z</begin><end>2023-05-07T09:45:39Z</end></TimeSpan><styleUrl>#point</styleUrl><Point><altitudeMode>clampToGround</altitudeMode><coordinates>28.544528586789966,-29.290770431980491,2386.1300000000001</coordinates></Point></Placemark><Placemark><TimeSpan><begin>2023-05-07T09:45:39Z</begin><end>2023-05-07T09:45:40Z</end></TimeSpan><styleUrl>#point</styleUrl><Point><altitudeMode>clampToGround</altitudeMode><coordinates>28.544582398608327,-29.290668172761798,2385.6500000000001</coordinates></Point></Placemark><Placemark><TimeSpan><begin>2023-05-07T09:45:40Z</begin><end>2023-05-07T09:45:41Z</end></TimeSpan><styleUrl>#point</styleUrl><Point><altitudeMode>clampToGround</altitudeMode><coordinates>28.54464995674789,-29.290570355951786,2385.1700000000001</coordinates></Point></Placemark><Placemark><TimeSpan><begin>2023-05-07T09:45:41Z</begin><end>2023-05-07T09:45:42Z</end></TimeSpan><styleUrl>#point</styleUrl><Point><altitudeMode>clampToGround</altitudeMode><coordinates>28.544719945639372,-29.290490727871656,2385.1700000000001</coordinates></Point></Placemark><Placemark><TimeSpan><begin>2023-05-07T09:45:42Z</begin><end>2023-05-07T09:45:43Z</end></TimeSpan><styleUrl>#point</styleUrl><Point><altitudeMode>clampToGround</altitudeMode><coordinates>28.544802172109485,-29.290413614362478,2384.6900000000001</coordinates></Point></Placemark><Placemark><TimeSpan><begin>2023-05-07T09:45:43Z</begin><end>2023-05-07T09:45:44Z</end></TimeSpan><styleUrl>#point</styleUrl><Point><altitudeMode>clampToGround</altitudeMode><coordinates>28.544894875958562,-29.290342535823584,2384.6900000000001</coordinates></Point></Placemark><Placemark><TimeSpan><begin>2023-05-07T09:45:44Z</begin><end>2023-05-07T09:45:45Z</end></TimeSpan><styleUrl>#point</styleUrl><Point><altitudeMode>clampToGround</altitudeMode><coordinates>28.544995794072747,-29.290278414264321,2384.21</coordinates></Point></Placemark><Placemark><TimeSpan><begin>2023-05-07T09:45:45Z</begin><end>2023-05-07T09:45:46Z</end></TimeSpan><styleUrl>#point</styleUrl><Point><altitudeMode>clampToGround</altitudeMode><coordinates>28.545100903138518,-29.290217980742455,2383.73</coordinates></Point></Placemark><Placemark><TimeSpan><begin>2023-05-07T09:45:46Z</begin><end>2023-05-07T09:45:47Z</end></TimeSpan><styleUrl>#point</styleUrl><Point><altitudeMode>clampToGround</altitudeMode><coordinates>28.54521288536489,-29.290161402896047,2383.25</coordinates></Point></Placemark><Placemark><TimeSpan><begin>2023-05-07T09:45:47Z</begin><end>2023-05-07T09:45:55Z</end></TimeSpan><styleUrl>#point</styleUrl><Point><altitudeMode>clampToGround</altitudeMode><coordinates>28.54616230353713,-29.289707858115435,2376.52</coordinates></Point></Placemark><Placemark><TimeSpan><begin>2023-05-07T09:45:55Z</begin><end>2023-05-07T09:45:56Z</end></TimeSpan><styleUrl>#point</styleUrl><Point><altitudeMode>clampToGround</altitudeMode><coordinates>28.546234555542469,-29.289638791233301,2375.5500000000002</coordinates></Point></Placemark><Placemark><TimeSpan><begin>2023-05-07T09:45:56Z</begin><end>2023-05-07T09:45:57Z</end></TimeSpan><styleUrl>#point</styleUrl><Point><altitudeMode>clampToGround</altitudeMode><coordinates>28.54629029519856,-29.289557989686728,2374.1100000000001</coordinates></Point></Placemark><Placemark><TimeSpan><begin>2023-05-07T09:45:57Z</begin><end>2023-05-07T09:45:58Z</end></TimeSpan><styleUrl>#point</styleUrl><Point><altitudeMode>clampToGround</altitudeMode><coordinates>28.546328013762832,-29.289466962218285,2373.1500000000001</coordinates></Point></Placemark><Placemark><TimeSpan><begin>2023-05-07T09:45:58Z</begin><end>2023-05-07T09:45:59Z</end></TimeSpan><styleUrl>#point</styleUrl><Point><altitudeMode>clampToGround</altitudeMode><coordinates>28.546347795054317,-29.289368642494082,2372.1900000000001</coordinates></Point></Placemark><Placemark><TimeSpan><begin>2023-05-07T09:45:59Z</begin><end>2023-05-07T09:46:00Z</end></TimeSpan><styleUrl>#point</styleUrl><Point><altitudeMode>clampToGround</altitudeMode><coordinates>28.546350309625268,-29.289260767400265,2371.23</coordinates></Point></Placemark><Placemark><TimeSpan><begin>2023-05-07T09:46:00Z</begin><end>2023-05-07T09:46:01Z</end></TimeSpan><styleUrl>#point</styleUrl><Point><altitudeMode>clampToGround</altitudeMode><coordinates>28.546341173350811,-29.289143169298768,2369.79</coordinates></Point></Placemark><Placemark><TimeSpan><begin>2023-05-07T09:46:01Z</begin><end>2023-05-07T09:46:02Z</end></TimeSpan><styleUrl>#point</styleUrl><Point><altitudeMode>clampToGround</altitudeMode><coordinates>28.546320553869009,-29.289013501256704,2368.3499999999999</coordinates></Point></Placemark><Placemark><TimeSpan><begin>2023-05-07T09:46:02Z</begin><end>2023-05-07T09:46:03Z</end></TimeSpan><styleUrl>#point</styleUrl><Point><altitudeMode>clampToGround</altitudeMode><coordinates>28.546286104246974,-29.288872685283422,2366.9000000000001</coordinates></Point></Placemark><Placemark><TimeSpan><begin>2023-05-07T09:46:03Z</begin><end>2023-05-07T09:46:04Z</end></TimeSpan><styleUrl>#point</styleUrl><Point><altitudeMode>clampToGround</altitudeMode><coordinates>28.54623313061893,-29.288727091625333,2365.46</coordinates></Point></Placemark><Placemark><TimeSpan><begin>2023-05-07T09:46:04Z</begin><end>2023-05-07T09:46:05Z</end></TimeSpan><styleUrl>#point</styleUrl><Point><altitudeMode>clampToGround</altitudeMode><coordinates>28.546165153384209,-29.288582000881433,2363.54</coordinates></Point></Placemark><Placemark><TimeSpan><begin>2023-05-07T09:46:05Z</begin><end>2023-05-07T09:46:06Z</end></TimeSpan><styleUrl>#point</styleUrl><Point><altitudeMode>clampToGround</altitudeMode><coordinates>28.546091392636299,-29.288439257070422,2361.6199999999999</coordinates></Point></Placemark><Placemark><TimeSpan><begin>2023-05-07T09:46:06Z</begin><end>2023-05-07T09:46:09Z</end></TimeSpan><styleUrl>#point</styleUrl><Point><altitudeMode>clampToGround</altitudeMode><coordinates>28.545895088464022,-29.288007086142898,2355.8499999999999</coordinates></Point></Placemark><Placemark><TimeSpan><begin>2023-05-07T09:46:09Z</begin><end>2023-05-07T09:46:10Z</end></TimeSpan><styleUrl>#point</styleUrl><Point><altitudeMode>clampToGround</altitudeMode><coordinates>28.545859297737479,-29.287860738113523,2353.9299999999998</coordinates></Point></Placemark><Placemark><TimeSpan><begin>2023-05-07T09:46:10Z</begin><end>2023-05-07T09:46:11Z</end></TimeSpan><styleUrl>#point</styleUrl><Point><altitudeMode>clampToGround</altitudeMode><coordinates>28.545849407091737,-29.28771598264575,2352.48</coordinates></Point></Placemark><Placemark><TimeSpan><begin>2023-05-07T09:46:11Z</begin><end>2023-05-07T09:46:12Z</end></TimeSpan><styleUrl>#point</styleUrl><Point><altitudeMode>clampToGround</altitudeMode><coordinates>28.545865416526794,-29.287578267976642,2351.52</coordinates></Point></Placemark><Placemark><TimeSpan><begin>2023-05-07T09:46:12Z</begin><end>2023-05-07T09:46:13Z</end></TimeSpan><styleUrl>#point</styleUrl><Point><altitudeMode>clampToGround</altitudeMode><coordinates>28.545905398204923,-29.287449857220054,2351.04</coordinates></Point></Placemark><Placemark><TimeSpan><begin>2023-05-07T09:46:13Z</begin><end>2023-05-07T09:46:14Z</end></TimeSpan><styleUrl>#point</styleUrl><Point><altitudeMode>clampToGround</altitudeMode><coordinates>28.545966586098075,-29.28733192384243,2351.04</coordinates></Point></Placemark><Placemark><TimeSpan><begin>2023-05-07T09:46:14Z</begin><end>2023-05-07T09:46:15Z</end></TimeSpan><styleUrl>#point</styleUrl><Point><altitudeMode>clampToGround</altitudeMode><coordinates>28.546046214178205,-29.287226730957627,2351.04</coordinates></Point></Placemark><Placemark><TimeSpan><begin>2023-05-07T09:46:15Z</begin><end>2023-05-07T09:46:16Z</end></TimeSpan><styleUrl>#point</styleUrl><Point><altitudeMode>clampToGround</altitudeMode><coordinates>28.546140426769853,-29.287132518365979,2351.04</coordinates></Point></Placemark><Placemark><TimeSpan><begin>2023-05-07T09:46:16Z</begin><end>2023-05-07T09:46:17Z</end></TimeSpan><styleUrl>#point</styleUrl><Point><altitudeMode>clampToGround</altitudeMode><coordinates>28.546244697645307,-29.287047190591693,2351.52</coordinates></Point></Placemark><Placemark><TimeSpan><begin>2023-05-07T09:46:17Z</begin><end>2023-05-07T09:46:18Z</end></TimeSpan><styleUrl>#point</styleUrl><Point><altitudeMode>clampToGround</altitudeMode><coordinates>28.546355506405234,-29.286972256377339,2352</coordinates></Point></Placemark><Placemark><TimeSpan><begin>2023-05-07T09:46:18Z</begin><end>2023-05-07T09:46:19Z</end></TimeSpan><styleUrl>#point</styleUrl><Point><altitudeMode>clampToGround</altitudeMode><coordinates>28.546470757573843,-29.286904530599713,2352.96</coordinates></Point></Placemark><Placemark><TimeSpan><begin>2023-05-07T09:46:19Z</begin><end>2023-05-07T09:46:22Z</end></TimeSpan><styleUrl>#point</styleUrl><Point><altitudeMode>clampToGround</altitudeMode><coordinates>28.546833358705044,-29.286716273054481,2355.8499999999999</coordinates></Point></Placemark><Placemark><TimeSpan><begin>2023-05-07T09:46:22Z</begin><end>2023-05-07T09:46:23Z</end></TimeSpan><styleUrl>#point</styleUrl><Point><altitudeMode>clampToGround</altitudeMode><coordinates>28.546958919614553,-29.286669585853815,2356.3299999999999</coordinates></Point></Placemark><Placemark><TimeSpan><begin>2023-05-07T09:46:23Z</begin><end>2023-05-07T09:46:24Z</end></TimeSpan><styleUrl>#point</styleUrl><Point><altitudeMode>clampToGround</altitudeMode><coordinates>28.547088503837585,-29.286630610004067,2357.29</coordinates></Point></Placemark><Placemark><TimeSpan><begin>2023-05-07T09:46:24Z</begin><end>2023-05-07T09:46:32Z</end></TimeSpan><styleUrl>#point</styleUrl><Point><altitudeMode>clampToGround</altitudeMode><coordinates>28.548283847048879,-29.286175891757011,2354.8899999999999</coordinates></Point></Placemark><Placemark><TimeSpan><begin>2023-05-07T09:46:32Z</begin><end>2023-05-07T09:46:36Z</end></TimeSpan><styleUrl>#point</styleUrl><Point><altitudeMode>clampToGround</altitudeMode><coordinates>28.548743594437838,-29.285890236496925,2352.96</coordinates></Point></Placemark><Placemark><TimeSpan><begin>2023-05-07T09:46:36Z</begin><end>2023-05-07T09:46:37Z</end></TimeSpan><styleUrl>#point</styleUrl><Point><altitudeMode>clampToGround</altitudeMode><coordinates>28.548803189769387,-29.285819074138999,2352.48</coordinates></Point></Placemark><Placemark><TimeSpan><begin>2023-05-07T09:46:37Z</begin><end>2023-05-07T09:46:38Z</end></TimeSpan><styleUrl>#point</styleUrl><Point><altitudeMode>clampToGround</altitudeMode><coordinates>28.548840656876564,-29.285744391381741,2352</coordinates></Point></Placemark><Placemark><TimeSpan><begin>2023-05-07T09:46:38Z</begin><end>2023-05-07T09:46:39Z</end></TimeSpan><styleUrl>#point</styleUrl><Point><altitudeMode>clampToGround</altitudeMode><coordinates>28.548854738473892,-29.285667445510626,2352</coordinates></Point></Placemark><Placemark><TimeSpan><begin>2023-05-07T09:46:39Z</begin><end>2023-05-07T09:46:40Z</end></TimeSpan><styleUrl>#point</styleUrl><Point><altitudeMode>clampToGround</altitudeMode><coordinates>28.548845183104277,-29.285588068887591,2351.52</coordinates></Point></Placemark><Placemark><TimeSpan><begin>2023-05-07T09:46:40Z</begin><end>2023-05-07T09:46:41Z</end></TimeSpan><styleUrl>#point</styleUrl><Point><altitudeMode>clampToGround</altitudeMode><coordinates>28.548812745139003,-29.285508105531335,2351.04</coordinates></Point></Placemark><Placemark><TimeSpan><begin>2023-05-07T09:46:41Z</begin><end>2023-05-07T09:46:42Z</end></TimeSpan><styleUrl>#point</styleUrl><Point><altitudeMode>clampToGround</altitudeMode><coordinates>28.548759268596768,-29.285432584583759,2350.5599999999999</coordinates></Point></Placemark><Placemark><TimeSpan><begin>2023-05-07T09:46:42Z</begin><end>2023-05-07T09:46:43Z</end></TimeSpan><styleUrl>#point</styleUrl><Point><altitudeMode>clampToGround</altitudeMode><coordinates>28.548683915287256,-29.285365277901292,2350.0799999999999</coordinates></Point></Placemark><Placemark><TimeSpan><begin>2023-05-07T09:46:43Z</begin><end>2023-05-07T09:46:44Z</end></TimeSpan><styleUrl>#point</styleUrl><Point><altitudeMode>clampToGround</altitudeMode><coordinates>28.54858978651464,-29.285298557952046,2349.1199999999999</coordinates></Point></Placemark><Placemark><TimeSpan><begin>2023-05-07T09:46:44Z</begin><end>2023-05-07T09:46:45Z</end></TimeSpan><styleUrl>#point</styleUrl><Point><altitudeMode>clampToGround</altitudeMode><coordinates>28.548482498154044,-29.285228485241532,2348.1599999999999</coordinates></Point></Placemark><Placemark><TimeSpan><begin>2023-05-07T09:46:45Z</begin><end>2023-05-07T09:46:52Z</end></TimeSpan><styleUrl>#point</styleUrl><Point><altitudeMode>clampToGround</altitudeMode><coordinates>28.547596363350749,-29.284516274929047,2338.0599999999999</coordinates></Point></Placemark><Placemark><TimeSpan><begin>2023-05-07T09:46:52Z</begin><end>2023-05-07T09:47:02Z</end></TimeSpan><styleUrl>#point</styleUrl><Point><altitudeMode>clampToGround</altitudeMode><coordinates>28.546398002654314,-29.283486222848296,2320.2800000000002</coordinates></Point></Placemark><Placemark><TimeSpan><begin>2023-05-07T09:47:02Z</begin><end>2023-05-07T09:47:03Z</end></TimeSpan><styleUrl>#point</styleUrl><Point><altitudeMode>clampToGround</altitudeMode><coordinates>28.546307310461998,-29.283394692465663,2318.8400000000001</coordinates></Point></Placemark><Placemark><TimeSpan><begin>2023-05-07T09:47:03Z</begin><end>2023-05-07T09:47:04Z</end></TimeSpan><styleUrl>#point</styleUrl><Point><altitudeMode>clampToGround</altitudeMode><coordinates>28.546231873333454,-29.283297127112746,2316.9099999999999</coordinates></Point></Placemark><Placemark><TimeSpan><begin>2023-05-07T09:47:04Z</begin><end>2023-05-07T09:47:05Z</end></TimeSpan><styleUrl>#point</styleUrl><Point><altitudeMode>clampToGround</altitudeMode><coordinates>28.546172529459,-29.283193023875356,2315.4699999999998</coordinates></Point></Placemark><Placemark><TimeSpan><begin>2023-05-07T09:47:05Z</begin><end>2023-05-07T09:47:06Z</end></TimeSpan><styleUrl>#point</styleUrl><Point><altitudeMode>clampToGround</altitudeMode><coordinates>28.546131793409586,-29.283080957829952,2314.0300000000002</coordinates></Point></Placemark><Placemark><TimeSpan><begin>2023-05-07T09:47:06Z</begin><end>2023-05-07T09:47:07Z</end></TimeSpan><styleUrl>#point</styleUrl><Point><altitudeMode>clampToGround</altitudeMode><coordinates>28.546109246090055,-29.282962018623948,2312.5900000000001</coordinates></Point></Placemark><Placemark><TimeSpan><begin>2023-05-07T09:47:07Z</begin><end>2023-05-07T09:47:08Z</end></TimeSpan><styleUrl>#point</styleUrl><Point><altitudeMode>clampToGround</altitudeMode><coordinates>28.546102456748486,-29.282835954800248,2311.1500000000001</coordinates></Point></Placemark><Placemark><TimeSpan><begin>2023-05-07T09:47:08Z</begin><end>2023-05-07T09:47:09Z</end></TimeSpan><styleUrl>#point</styleUrl><Point><altitudeMode>clampToGround</altitudeMode><coordinates>28.546106396242976,-29.282701509073377,2309.6999999999998</coordinates></Point></Placemark><Placemark><TimeSpan><begin>2023-05-07T09:47:09Z</begin><end>2023-05-07T09:47:10Z</end></TimeSpan><styleUrl>#point</styleUrl><Point><altitudeMode>clampToGround</altitudeMode><coordinates>28.546116286888719,-29.28256094455719,2308.2600000000002</coordinates></Point></Placemark><Placemark><TimeSpan><begin>2023-05-07T09:47:10Z</begin><end>2023-05-07T09:47:21Z</end></TimeSpan><styleUrl>#point</styleUrl><Point><altitudeMode>clampToGround</altitudeMode><coordinates>28.54648869484663,-29.280994031578302,2290</coordinates></Point></Placemark><Placemark><TimeSpan><begin>2023-05-07T09:47:21Z</begin><end>2023-05-07T09:47:27Z</end></TimeSpan><styleUrl>#point</styleUrl><Point><altitudeMode>clampToGround</altitudeMode><coordinates>28.546757837757468,-29.280253071337938,2282.3099999999999</coordinates></Point></Placemark><Placemark><TimeSpan><begin>2023-05-07T09:47:27Z</begin><end>2023-05-07T09:47:28Z</end></TimeSpan><styleUrl>#point</styleUrl><Point><altitudeMode>clampToGround</altitudeMode><coordinates>28.546770410612226,-29.280130779370666,2281.3499999999999</coordinates></Point></Placemark><Placemark><TimeSpan><begin>2023-05-07T09:47:28Z</begin><end>2023-05-07T09:47:31Z</end></TimeSpan><styleUrl>#point</styleUrl><Point><altitudeMode>clampToGround</altitudeMode><coordinates>28.546788599342108,-29.279768597334623,2278.46</coordinates></Point></Placemark><Placemark><TimeSpan><begin>2023-05-07T09:47:31Z</begin><end>2023-05-07T09:47:32Z</end></TimeSpan><styleUrl>#point</styleUrl><Point><altitudeMode>clampToGround</altitudeMode><coordinates>28.546816259622574,-29.279648903757334,2277.5</coordinates></Point></Placemark><Placemark><TimeSpan><begin>2023-05-07T09:47:32Z</begin><end>2023-05-07T09:47:33Z</end></TimeSpan><styleUrl>#point</styleUrl><Point><altitudeMode>clampToGround</altitudeMode><coordinates>28.546856073662639,-29.27953583188355,2276.54</coordinates></Point></Placemark><Placemark><TimeSpan><begin>2023-05-07T09:47:33Z</begin><end>2023-05-07T09:47:43Z</end></TimeSpan><styleUrl>#point</styleUrl><Point><altitudeMode>clampToGround</altitudeMode><coordinates>28.54715715162456,-29.278408801183105,2267.8899999999999</coordinates></Point></Placemark><Placemark><TimeSpan><begin>2023-05-07T09:47:43Z</begin><end>2023-05-07T09:47:48Z</end></TimeSpan><styleUrl>#point</styleUrl><Point><altitudeMode>clampToGround</altitudeMode><coordinates>28.547173328697681,-29.277862468734384,2263.5599999999999</coordinates></Point></Placemark><Placemark><TimeSpan><begin>2023-05-07T09:47:48Z</begin><end>2023-05-07T09:47:49Z</end></TimeSpan><styleUrl>#point</styleUrl><Point><altitudeMode>clampToGround</altitudeMode><coordinates>28.547190595418215,-29.277755096554756,2263.0799999999999</coordinates></Point></Placemark><Placemark><TimeSpan><begin>2023-05-07T09:47:49Z</begin><end>2023-05-07T09:47:50Z</end></TimeSpan><styleUrl>#point</styleUrl><Point><altitudeMode>clampToGround</altitudeMode><coordinates>28.547216495499015,-29.27765510044992,2262.1199999999999</coordinates></Point></Placemark><Placemark><TimeSpan><begin>2023-05-07T09:47:50Z</begin><end>2023-05-07T09:47:55Z</end></TimeSpan><styleUrl>#point</styleUrl><Point><altitudeMode>clampToGround</altitudeMode><coordinates>28.547437526285648,-29.277197029441595,2258.27</coordinates></Point></Placemark><Placemark><TimeSpan><begin>2023-05-07T09:47:55Z</begin><end>2023-05-07T09:47:56Z</end></TimeSpan><styleUrl>#point</styleUrl><Point><altitudeMode>clampToGround</altitudeMode><coordinates>28.54750944301486,-29.277121257036924,2257.79</coordinates></Point></Placemark><Placemark><TimeSpan><begin>2023-05-07T09:47:56Z</begin><end>2023-05-07T09:47:57Z</end></TimeSpan><styleUrl>#point</styleUrl><Point><altitudeMode>clampToGround</altitudeMode><coordinates>28.547595106065273,-29.277054201811552,2256.8299999999999</coordinates></Point></Placemark><Placemark><TimeSpan><begin>2023-05-07T09:47:57Z</begin><end>2023-05-07T09:47:58Z</end></TimeSpan><styleUrl>#point</styleUrl><Point><altitudeMode>clampToGround</altitudeMode><coordinates>28.547691078856587,-29.276997037231922,2255.8699999999999</coordinates></Point></Placemark><Placemark><TimeSpan><begin>2023-05-07T09:47:58Z</begin><end>2023-05-07T09:47:59Z</end></TimeSpan><styleUrl>#point</styleUrl><Point><altitudeMode>clampToGround</altitudeMode><coordinates>28.547795936465263,-29.276949847117066,2254.9099999999999</coordinates></Point></Placemark><Placemark><TimeSpan><begin>2023-05-07T09:47:59Z</begin><end>2023-05-07T09:48:00Z</end></TimeSpan><styleUrl>#point</styleUrl><Point><altitudeMode>clampToGround</altitudeMode><coordinates>28.547907499596477,-29.276909530162811,2253.9499999999998</coordinates></Point></Placemark><Placemark><TimeSpan><begin>2023-05-07T09:48:00Z</begin><end>2023-05-07T09:48:02Z</end></TimeSpan><styleUrl>#point</styleUrl><Point><altitudeMode>clampToGround</altitudeMode><coordinates>28.548121908679605,-29.276823867112398,2252.0300000000002</coordinates></Point></Placemark><Placemark><TimeSpan><begin>2023-05-07T09:48:02Z</begin><end>2023-05-07T09:48:03Z</end></TimeSpan><styleUrl>#point</styleUrl><Point><altitudeMode>clampToGround</altitudeMode><coordinates>28.548224754631519,-29.276766618713737,2251.0599999999999</coordinates></Point></Placemark><Placemark><TimeSpan><begin>2023-05-07T09:48:03Z</begin><end>2023-05-07T09:48:04Z</end></TimeSpan><styleUrl>#point</styleUrl><Point><altitudeMode>clampToGround</altitudeMode><coordinates>28.54832299053669,-29.276701156049967,2250.0999999999999</coordinates></Point></Placemark><Placemark><TimeSpan><begin>2023-05-07T09:48:04Z</begin><end>2023-05-07T09:48:07Z</end></TimeSpan><styleUrl>#point</styleUrl><Point><altitudeMode>clampToGround</altitudeMode><coordinates>28.548632198944688,-29.276516418904066,2246.7399999999998</coordinates></Point></Placemark><Placemark><TimeSpan><begin>2023-05-07T09:48:07Z</begin><end>2023-05-07T09:48:08Z</end></TimeSpan><styleUrl>#point</styleUrl><Point><altitudeMode>clampToGround</altitudeMode><coordinates>28.548744264990091,-29.27647409029305,2245.3000000000002</coordinates></Point></Placemark><Placemark><TimeSpan><begin>2023-05-07T09:48:08Z</begin><end>2023-05-07T09:48:09Z</end></TimeSpan><styleUrl>#point</styleUrl><Point><altitudeMode>clampToGround</altitudeMode><coordinates>28.548854822292924,-29.276440897956491,2244.3299999999999</coordinates></Point></Placemark><Placemark><TimeSpan><begin>2023-05-07T09:48:09Z</begin><end>2023-05-07T09:48:14Z</end></TimeSpan><styleUrl>#point</styleUrl><Point><altitudeMode>clampToGround</altitudeMode><coordinates>28.549351282417774,-29.276349702849984,2238.5700000000002</coordinates></Point></Placemark><Placemark><TimeSpan><begin>2023-05-07T09:48:14Z</begin><end>2023-05-07T09:48:15Z</end></TimeSpan><styleUrl>#point</styleUrl><Point><altitudeMode>clampToGround</altitudeMode><coordinates>28.549443064257503,-29.276321958750486,2238.0900000000001</coordinates></Point></Placemark><Placemark><TimeSpan><begin>2023-05-07T09:48:15Z</begin><end>2023-05-07T09:48:16Z</end></TimeSpan><styleUrl>#point</styleUrl><Point><altitudeMode>clampToGround</altitudeMode><coordinates>28.549532080069184,-29.276284659281373,2237.1300000000001</coordinates></Point></Placemark><Placemark><TimeSpan><begin>2023-05-07T09:48:16Z</begin><end>2023-05-07T09:48:17Z</end></TimeSpan><styleUrl>#point</styleUrl><Point><altitudeMode>clampToGround</altitudeMode><coordinates>28.549616569653153,-29.276237385347486,2236.1599999999999</coordinates></Point></Placemark><Placemark><TimeSpan><begin>2023-05-07T09:48:17Z</begin><end>2023-05-07T09:48:18Z</end></TimeSpan><styleUrl>#point</styleUrl><Point><altitudeMode>clampToGround</altitudeMode><coordinates>28.549694186076522,-29.276183405891061,2235.1999999999998</coordinates></Point></Placemark><Placemark><TimeSpan><begin>2023-05-07T09:48:18Z</begin><end>2023-05-07T09:48:19Z</end></TimeSpan><styleUrl>#point</styleUrl><Point><altitudeMode>clampToGround</altitudeMode><coordinates>28.549767108634114,-29.276121966540813,2234.2399999999998</coordinates></Point></Placemark><Placemark><TimeSpan><begin>2023-05-07T09:48:19Z</begin><end>2023-05-07T09:48:20Z</end></TimeSpan><styleUrl>#point</styleUrl><Point><altitudeMode>clampToGround</altitudeMode><coordinates>28.549833996221423,-29.27604996599257,2233.2800000000002</coordinates></Point></Placemark><Placemark><TimeSpan><begin>2023-05-07T09:48:20Z</begin><end>2023-05-07T09:48:21Z</end></TimeSpan><styleUrl>#point</styleUrl><Point><altitudeMode>clampToGround</altitudeMode><coordinates>28.549891076982021,-29.275974361225963,2232.3200000000002</coordinates></Point></Placemark><Placemark><TimeSpan><begin>2023-05-07T09:48:21Z</begin><end>2023-05-07T09:48:22Z</end></TimeSpan><styleUrl>#point</styleUrl><Point><altitudeMode>clampToGround</altitudeMode><coordinates>28.549944972619414,-29.275892470031977,2231.8400000000001</coordinates></Point></Placemark><Placemark><TimeSpan><begin>2023-05-07T09:48:22Z</begin><end>2023-05-07T09:48:30Z</end></TimeSpan><styleUrl>#point</styleUrl><Point><altitudeMode>clampToGround</altitudeMode><coordinates>28.55055995285511,-29.275185288861394,2224.1500000000001</coordinates></Point></Placemark><Placemark><TimeSpan><begin>2023-05-07T09:48:30Z</begin><end>2023-05-07T09:48:31Z</end></TimeSpan><styleUrl>#point</styleUrl><Point><altitudeMode>clampToGround</altitudeMode><coordinates>28.550625834614038,-29.275074731558561,2222.71</coordinates></Point></Placemark><Placemark><TimeSpan><begin>2023-05-07T09:48:31Z</begin><end>2023-05-07T09:48:32Z</end></TimeSpan><styleUrl>#point</styleUrl><Point><altitudeMode>clampToGround</altitudeMode><coordinates>28.550685681402683,-29.274953445419669,2221.2600000000002</coordinates></Point></Placemark><Placemark><TimeSpan><begin>2023-05-07T09:48:32Z</begin><end>2023-05-07T09:48:41Z</end></TimeSpan><styleUrl>#point</styleUrl><Point><altitudeMode>clampToGround</altitudeMode><coordinates>28.55101584456861,-29.273912413045764,2211.1700000000001</coordinates></Point></Placemark><Placemark><TimeSpan><begin>2023-05-07T09:48:41Z</begin><end>2023-05-07T09:48:42Z</end></TimeSpan><styleUrl>#point</styleUrl><Point><altitudeMode>clampToGround</altitudeMode><coordinates>28.551020538434386,-29.273807555437088,2210.21</coordinates></Point></Placemark><Placemark><TimeSpan><begin>2023-05-07T09:48:42Z</begin><end>2023-05-07T09:48:43Z</end></TimeSpan><styleUrl>#point</styleUrl><Point><altitudeMode>clampToGround</altitudeMode><coordinates>28.551015090197325,-29.273705799132586,2209.73</coordinates></Point></Placemark><Placemark><TimeSpan><begin>2023-05-07T09:48:43Z</begin><end>2023-05-07T09:48:44Z</end></TimeSpan><styleUrl>#point</styleUrl><Point><altitudeMode>clampToGround</altitudeMode><coordinates>28.551003690809011,-29.27361611276865,2209.25</coordinates></Point></Placemark><Placemark><TimeSpan><begin>2023-05-07T09:48:44Z</begin><end>2023-05-07T09:48:45Z</end></TimeSpan><styleUrl>#point</styleUrl><Point><altitudeMode>clampToGround</altitudeMode><coordinates>28.550986340269446,-29.273523576557636,2208.77</coordinates></Point></Placemark><Placemark><TimeSpan><begin>2023-05-07T09:48:45Z</begin><end>2023-05-07T09:48:46Z</end></TimeSpan><styleUrl>#point</styleUrl><Point><altitudeMode>clampToGround</altitudeMode><coordinates>28.550963038578629,-29.273437326774001,2208.77</coordinates></Point></Placemark><Placemark><TimeSpan><begin>2023-05-07T09:48:46Z</begin><end>2023-05-07T09:48:47Z</end></TimeSpan><styleUrl>#point</styleUrl><Point><altitudeMode>clampToGround</altitudeMode><coordinates>28.550934875383973,-29.273349903523922,2208.29</coordinates></Point></Placemark><Placemark><TimeSpan><begin>2023-05-07T09:48:47Z</begin><end>2023-05-07T09:48:55Z</end></TimeSpan><styleUrl>#point</styleUrl><Point><altitudeMode>clampToGround</altitudeMode><coordinates>28.55075441300869,-29.272645572200418,2202.04</coordinates></Point></Placemark><Placemark><TimeSpan><begin>2023-05-07T09:48:55Z</begin><end>2023-05-07T09:48:56Z</end></TimeSpan><styleUrl>#point</styleUrl><Point><altitudeMode>clampToGround</altitudeMode><coordinates>28.550760028883815,-29.27256602793932,2201.0799999999999</coordinates></Point></Placemark><Placemark><TimeSpan><begin>2023-05-07T09:48:56Z</begin><end>2023-05-07T09:48:57Z</end></TimeSpan><styleUrl>#point</styleUrl><Point><altitudeMode>clampToGround</altitudeMode><coordinates>28.550774110481143,-29.272490842267871,2200.1100000000001</coordinates></Point></Placemark><Placemark><TimeSpan><begin>2023-05-07T09:48:57Z</begin><end>2023-05-07T09:48:58Z</end></TimeSpan><styleUrl>#point</styleUrl><Point><altitudeMode>clampToGround</altitudeMode><coordinates>28.550796657800674,-29.272414399310946,2199.1500000000001</coordinates></Point></Placemark><Placemark><TimeSpan><begin>2023-05-07T09:48:58Z</begin><end>2023-05-07T09:48:59Z</end></TimeSpan><styleUrl>#point</styleUrl><Point><altitudeMode>clampToGround</altitudeMode><coordinates>28.550826497375965,-29.27233980037272,2197.71</coordinates></Point></Placemark><Placemark><TimeSpan><begin>2023-05-07T09:48:59Z</begin><end>2023-05-07T09:49:00Z</end></TimeSpan><styleUrl>#point</styleUrl><Point><altitudeMode>clampToGround</altitudeMode><coordinates>28.550859857350588,-29.272273499518633,2196.75</coordinates></Point></Placemark><Placemark><TimeSpan><begin>2023-05-07T09:49:00Z</begin><end>2023-05-07T09:49:01Z</end></TimeSpan><styleUrl>#point</styleUrl><Point><altitudeMode>clampToGround</altitudeMode><coordinates>28.550897240638733,-29.272211724892259,2195.79</coordinates></Point></Placemark><Placemark><TimeSpan><begin>2023-05-07T09:49:01Z</begin><end>2023-05-07T09:49:02Z</end></TimeSpan><styleUrl>#point</styleUrl><Point><altitudeMode>clampToGround</altitudeMode><coordinates>28.550935043022037,-29.272156488150358,2194.8299999999999</coordinates></Point></Placemark><Placemark><TimeSpan><begin>2023-05-07T09:49:02Z</begin><end>2023-05-07T09:49:03Z</end></TimeSpan><styleUrl>#point</styleUrl><Point><altitudeMode>clampToGround</altitudeMode><coordinates>28.550969241186976,-29.27211306989193,2194.3499999999999</coordinates></Point></Placemark><Placemark><TimeSpan><begin>2023-05-07T09:49:03Z</begin><end>2023-05-07T09:49:04Z</end></TimeSpan><styleUrl>#point</styleUrl><Point><altitudeMode>clampToGround</altitudeMode><coordinates>28.55099824257195,-29.272072501480579,2193.3899999999999</coordinates></Point></Placemark><Placemark><TimeSpan><begin>2023-05-07T09:49:04Z</begin><end>2023-05-07T09:49:05Z</end></TimeSpan><styleUrl>#point</styleUrl><Point><altitudeMode>clampToGround</altitudeMode><coordinates>28.551018526777625,-29.272029669955373,2192.9000000000001</coordinates></Point></Placemark><Placemark><TimeSpan><begin>2023-05-07T09:49:05Z</begin><end>2023-05-07T09:49:06Z</end></TimeSpan><styleUrl>#point</styleUrl><Point><altitudeMode>clampToGround</altitudeMode><coordinates>28.551031686365604,-29.271981725469232,2192.9000000000001</coordinates></Point></Placemark><Placemark><TimeSpan><begin>2023-05-07T09:49:06Z</begin><end>2023-05-07T09:49:09Z</end></TimeSpan><styleUrl>#point</styleUrl><Point><altitudeMode>clampToGround</altitudeMode><coordinates>28.551085498183966,-29.271821128204465,2191.9400000000001</coordinates></Point></Placemark><Placemark><TimeSpan><begin>2023-05-07T09:49:09Z</begin><end>2023-05-07T09:49:10Z</end></TimeSpan><styleUrl>#point</styleUrl><Point><altitudeMode>clampToGround</altitudeMode><coordinates>28.551112236455083,-29.271773770451546,2191.9400000000001</coordinates></Point></Placemark><Placemark><TimeSpan><begin>2023-05-07T09:49:10Z</begin><end>2023-05-07T09:49:11Z</end></TimeSpan><styleUrl>#point</styleUrl><Point><altitudeMode>clampToGround</altitudeMode><coordinates>28.551133023574948,-29.271733034402132,2191.46</coordinates></Point></Placemark><Placemark><TimeSpan><begin>2023-05-07T09:49:11Z</begin><end>2023-05-07T09:49:12Z</end></TimeSpan><styleUrl>#point</styleUrl><Point><altitudeMode>clampToGround</altitudeMode><coordinates>28.551142662763596,-29.271698500961065,2191.46</coordinates></Point></Placemark><Placemark><TimeSpan><begin>2023-05-07T09:49:12Z</begin><end>2023-05-07T09:49:13Z</end></TimeSpan><styleUrl>#point</styleUrl><Point><altitudeMode>clampToGround</altitudeMode><coordinates>28.551138890907168,-29.271667990833521,2191.46</coordinates></Point></Placemark><Placemark><TimeSpan><begin>2023-05-07T09:49:13Z</begin><end>2023-05-07T09:49:14Z</end></TimeSpan><styleUrl>#point</styleUrl><Point><altitudeMode>clampToGround</altitudeMode><coordinates>28.551132101565599,-29.27164007909596,2191.46</coordinates></Point></Placemark><Placemark><TimeSpan><begin>2023-05-07T09:49:14Z</begin><end>2023-05-07T09:49:23Z</end></TimeSpan><styleUrl>#point</styleUrl><Point><altitudeMode>clampToGround</altitudeMode><coordinates>28.550949795171618,-29.271283429116011,2190.98</coordinates></Point></Placemark><Placemark><TimeSpan><begin>2023-05-07T09:49:23Z</begin><end>2023-05-07T09:49:24Z</end></TimeSpan><styleUrl>#point</styleUrl><Point><altitudeMode>clampToGround</altitudeMode><coordinates>28.550905035808682,-29.271230371668935,2190.98</coordinates></Point></Placemark><Placemark><TimeSpan><begin>2023-05-07T09:49:24Z</begin><end>2023-05-07T09:49:29Z</end></TimeSpan><styleUrl>#point</styleUrl><Point><altitudeMode>clampToGround</altitudeMode><coordinates>28.550677131861448,-29.271021410822868,2191.46</coordinates></Point></Placemark><Placemark><TimeSpan><begin>2023-05-07T09:49:29Z</begin><end>2023-05-07T09:49:32Z</end></TimeSpan><styleUrl>#point</styleUrl><Point><altitudeMode>clampToGround</altitudeMode><coordinates>28.550540590658784,-29.270935161039233,2191.46</coordinates></Point></Placemark><Placemark><TimeSpan><begin>2023-05-07T09:49:32Z</begin><end>2023-05-07T09:49:33Z</end></TimeSpan><styleUrl>#point</styleUrl><Point><altitudeMode>clampToGround</altitudeMode><coordinates>28.550484348088503,-29.270911440253258,2191.46</coordinates></Point></Placemark><Placemark><TimeSpan><begin>2023-05-07T09:49:33Z</begin><end>2023-05-07T09:49:34Z</end></TimeSpan><styleUrl>#point</styleUrl><Point><altitudeMode>clampToGround</altitudeMode><coordinates>28.550420897081494,-29.270892161875963,2191.46</coordinates></Point></Placemark><Placemark><TimeSpan><begin>2023-05-07T09:49:34Z</begin><end>2023-05-07T09:49:46Z</end></TimeSpan><styleUrl>#point</styleUrl><Point><altitudeMode>clampToGround</altitudeMode><coordinates>28.549431581050158,-29.270795769989491,2184.73</coordinates></Point></Placemark><Placemark><TimeSpan><begin>2023-05-07T09:49:46Z</begin><end>2023-05-07T09:49:57Z</end></TimeSpan><styleUrl>#point</styleUrl><Point><altitudeMode>clampToGround</altitudeMode><coordinates>28.548294911161065,-29.270538613200188,2174.6399999999999</coordinates></Point></Placemark><Placemark><TimeSpan><begin>2023-05-07T09:49:57Z</begin><end>2023-05-07T09:50:07Z</end></TimeSpan><styleUrl>#point</styleUrl><Point><altitudeMode>clampToGround</altitudeMode><coordinates>28.547617653384805,-29.270133515819907,2172.2399999999998</coordinates></Point></Placemark><Placemark><TimeSpan><begin>2023-05-07T09:50:07Z</begin><end>2023-05-07T09:50:08Z</end></TimeSpan><styleUrl>#point</styleUrl><Point><altitudeMode>clampToGround</altitudeMode><coordinates>28.547572558745742,-29.270083727315068,2172.2399999999998</coordinates></Point></Placemark><Placemark><TimeSpan><begin>2023-05-07T09:50:08Z</begin><end>2023-05-07T09:50:09Z</end></TimeSpan><styleUrl>#point</styleUrl><Point><altitudeMode>clampToGround</altitudeMode><coordinates>28.547536600381136,-29.270021533593535,2172.2399999999998</coordinates></Point></Placemark><Placemark><TimeSpan><begin>2023-05-07T09:50:09Z</begin><end>2023-05-07T09:50:10Z</end></TimeSpan><styleUrl>#point</styleUrl><Point><altitudeMode>clampToGround</altitudeMode><coordinates>28.547514723613858,-29.269951963797212,2171.7600000000002</coordinates></Point></Placemark><Placemark><TimeSpan><begin>2023-05-07T09:50:10Z</begin><end>2023-05-07T09:50:11Z</end></TimeSpan><styleUrl>#point</styleUrl><Point><altitudeMode>clampToGround</altitudeMode><coordinates>28.547508604824543,-29.269879711791873,2171.27</coordinates></Point></Placemark><Placemark><TimeSpan><begin>2023-05-07T09:50:11Z</begin><end>2023-05-07T09:50:12Z</end></TimeSpan><styleUrl>#point</styleUrl><Point><altitudeMode>clampToGround</altitudeMode><coordinates>28.547517322003841,-29.269805364310741,2171.27</coordinates></Point></Placemark></Folder><Placemark><name>[370] Nkaobee Pass</name><Style><LineStyle><color>ff00ff00</color><width>4</width></LineStyle></Style><MultiGeometry><LineString><coordinates>28.510374510660768,-29.331462560221553,2072.7399999999998 28.510429579764605,-29.331405395641923,2073.2199999999998 28.510470567271113,-29.331357702612877,2074.1799999999998 28.511096276342869,-29.330670135095716,2081.3899999999999 28.511192919686437,-29.330603666603565,2082.3499999999999 28.511310517787933,-29.330538790673018,2083.3099999999999 28.511425601318479,-29.330490510910749,2084.2800000000002 28.511547725647688,-29.330451618880033,2085.2399999999998 28.511668844148517,-29.330422366037965,2086.1999999999998 28.511802116408944,-29.330399064347148,2086.6799999999998 28.511948464438319,-29.33038012124598,2087.6399999999999 28.512343922629952,-29.330307953059673,2090.52 28.512467388063669,-29.330267971381545,2091.4899999999998 28.512810207903385,-29.330114247277379,2095.3299999999999 28.512894529849291,-29.330053813755512,2096.77 28.512962674722075,-29.329983405768871,2098.21 28.512999974191189,-29.329908806830645,2099.1799999999998 28.513015145435929,-29.329829094931483,2100.6199999999999 28.513008439913392,-29.329745694994926,2101.5799999999999 28.512982204556465,-29.329667156562209,2103.02 28.512932751327753,-29.329590797424316,2104.46 28.512858655303717,-29.329521981999278,2105.9099999999999 28.512773998081684,-29.329470349475741,2106.8699999999999 28.512685401365161,-29.329425925388932,2107.8299999999999 28.512580124661326,-29.329378651455045,2109.27 28.512484151870012,-29.329345962032676,2110.23 28.512382814660668,-29.329332131892443,2111.1900000000001 28.512283824384212,-29.329336658120155,2112.6300000000001 28.512166142463684,-29.32935694232583,2113.5999999999999 28.512059776112437,-29.32937546633184,2115.04 28.511944273486733,-29.329389045014977,2116 28.511809073388577,-29.329392230138183,2117.4400000000001 28.511679908260703,-29.329385105520487,2118.4000000000001 28.511551916599274,-29.329370185732841,2119.3600000000001 28.511414537206292,-29.329346464946866,2120.8099999999999 28.511261818930507,-29.329314781352878,2122.25 28.510614233091474,-29.329137923195958,2130.4200000000001 28.510505016893148,-29.329075561836362,2131.8600000000001 28.510408205911517,-29.329002890735865,2132.8200000000002 28.5103106405586,-29.328928207978606,2134.2600000000002 28.510208129882813,-29.328864002600312,2135.71 28.510096147656441,-29.328810861334205,2137.1500000000001 28.509974274784327,-29.328771466389298,2138.5900000000001 28.509836476296186,-29.328749254345894,2140.0300000000002 28.509717872366309,-29.328742297366261,2141.4699999999998 28.509584683924913,-29.328742045909166,2142.9200000000001 28.509327694773674,-29.328730227425694,2145.8000000000002 28.509201630949974,-29.328707596287131,2147.2399999999998 28.509081099182367,-29.328670715913177,2148.6799999999998 28.508971547707915,-29.328621095046401,2149.6500000000001 28.508858978748322,-29.328550603240728,2150.6100000000001 28.508773567155004,-29.328475333750248,2151.5700000000002 28.508707098662853,-29.328397884964943,2152.0500000000002 28.508646413683891,-29.328302918002009,2153.0100000000002 28.50860483944416,-29.328197054564953,2153.0100000000002 28.508583214133978,-29.328080881386995,2153.4899999999998 28.508584890514612,-29.327953811734915,2153.9699999999998 28.508601319044828,-29.327847445383668,2153.9699999999998 28.508626129478216,-29.327726745977998,2154.4499999999998 28.508682539686561,-29.326979834586382,2157.3400000000001 28.508705422282219,-29.326874138787389,2157.8200000000002 28.508742889389396,-29.326758217066526,2158.7800000000002 28.508971044793725,-29.325679885223508,2164.5500000000002 28.508952772244811,-29.325171271339059,2167.4299999999998 28.50892435759306,-29.325045039877295,2168.3899999999999 28.508789576590061,-29.32469098828733,2170.3099999999999 28.508711038157344,-29.324597362428904,2170.79 28.508612466976047,-29.324522260576487,2171.27 28.508500903844833,-29.324459480121732,2171.7600000000002 28.508389592170715,-29.32439099997282,2172.7199999999998 28.508284399285913,-29.324311371892691,2173.1999999999998 28.508191108703613,-29.324218751862645,2173.6799999999998 28.508106619119644,-29.324113978073001,2174.1599999999999 28.508038390427828,-29.324006102979183,2174.6399999999999 28.50798130966723,-29.323888588696718,2175.1199999999999 28.507937388494611,-29.323765793815255,2175.5999999999999 28.507904531434178,-29.32363704778254,2175.5999999999999 28.507884414866567,-29.323513163253665,2176.0799999999999 28.507874356582761,-29.323386093601584,2176.5599999999999 28.507872009649873,-29.32326028123498,2177.52 28.507871674373746,-29.322259146720171,2183.77 28.507839990779757,-29.32214037515223,2184.25 28.507793890312314,-29.322016155347228,2184.73 28.507737312465906,-29.321892941370606,2185.6900000000001 28.5076685808599,-29.321771571412683,2186.6599999999999 28.50758601911366,-29.32165221311152,2187.6199999999999 28.507492141798139,-29.32153838686645,2188.5799999999999 28.507388206198812,-29.321430176496506,2189.54 28.50727379322052,-29.321329090744257,2190.5 28.507152758538723,-29.321237979456782,2191.46 28.507027281448245,-29.321154914796352,2192.4200000000001 28.506899289786816,-29.321080986410379,2193.8699999999999 28.506772387772799,-29.321010913699865,2195.3099999999999 28.50606931373477,-29.320430802181363,2205.8800000000001 28.506013490259647,-29.320340026170015,2206.8400000000001 28.505979375913739,-29.320257212966681,2207.8099999999999 28.505961019545794,-29.320168867707253,2208.77 28.505960684269667,-29.320075744763017,2209.73 28.505977196618915,-29.319971976801753,2210.6900000000001 28.506006365641952,-29.319869466125965,2211.1700000000001 28.50604584440589,-29.319757567718625,2212.1300000000001 28.506194287911057,-29.319412317126989,2214.0500000000002 28.50626134313643,-29.319306453689933,2214.5300000000002 28.506345078349113,-29.319208469241858,2214.5300000000002 28.506442224606872,-29.319115430116653,2215.0100000000002 28.506541969254613,-29.31902926415205,2215.0100000000002 28.506629057228565,-29.31894326582551,2215.5 28.506697956472635,-29.318847376853228,2215.5 28.506746822968125,-29.318739585578442,2215.5 28.506785966455936,-29.318616790696979,2215.0100000000002 28.506828211247921,-29.3184878770262,2215.0100000000002 28.506871880963445,-29.318387378007174,2215.0100000000002 28.506936505436897,-29.318275898694992,2214.5300000000002 28.507011858746409,-29.318176154047251,2214.5300000000002 28.507096264511347,-29.318086886778474,2214.0500000000002 28.507192572578788,-29.318008432164788,2213.5700000000002 28.50729919038713,-29.317941796034575,2213.0900000000001 28.507415782660246,-29.317889576777816,2212.6100000000001 28.507538242265582,-29.317849846556783,2211.6500000000001 28.507665228098631,-29.317824617028236,2211.1700000000001 28.507795901969075,-29.317816905677319,2210.6900000000001 28.507955074310303,-29.317829729989171,2209.73 28.508073929697275,-29.317850098013878,2209.25 28.508215919137001,-29.317882116883993,2208.77 28.509716782718897,-29.318277155980468,2202.52 28.509840583428741,-29.318281430751085,2202.04 28.509948793798685,-29.318262906745076,2202.04 28.510039150714874,-29.318223679438233,2202.52 28.510113749653101,-29.318165509030223,2202.52 28.510174350813031,-29.318088898435235,2203 28.510224726051092,-29.317996613681316,2203.48 28.510271245613694,-29.317892761901021,2204.4400000000001 28.51049286313355,-29.31743293069303,2207.8099999999999 28.510564444586635,-29.317341316491365,2208.77 28.510652370750904,-29.317270489409566,2209.25 28.510757144540548,-29.317218521609902,2210.21 28.510874323546886,-29.317179881036282,2211.1700000000001 28.510999465361238,-29.3171461019665,2212.1300000000001 28.511493997648358,-29.3169907014817,2216.46 28.511583935469389,-29.316932447254658,2217.4200000000001 28.511649146676064,-29.316860362887383,2218.8600000000001 28.511690888553858,-29.316779309883714,2219.8200000000002 28.511703377589583,-29.316692976281047,2221.2600000000002 28.511688206344843,-29.316605217754841,2222.71 28.51165191270411,-29.316519638523459,2224.6300000000001 28.511595670133829,-29.31644051335752,2226.5500000000002 28.511520903557539,-29.316369853913784,2227.9899999999998 28.511431384831667,-29.316304055973887,2229.4299999999998 28.51134454831481,-29.31623674929142,2230.4000000000001 28.511274391785264,-29.316163910552859,2231.8400000000001 28.511226698756218,-29.316083779558539,2232.8000000000002 28.511202139779925,-29.316000463441014,2233.7600000000002 28.511201804503798,-29.315915470942855,2234.7199999999998 28.511224603280425,-29.31583215482533,2235.6799999999998 28.51126978173852,-29.315756382420659,2236.1599999999999 28.511342369019985,-29.315685303881764,2236.6399999999999 28.5114227514714,-29.315635766834021,2237.1300000000001 28.511525597423315,-29.31560005992651,2237.6100000000001 28.511643949896097,-29.315580110996962,2237.6100000000001 28.511775881052017,-29.315570807084441,2238.0900000000001 28.512534946203232,-29.315480785444379,2240.9699999999998 28.512656483799219,-29.315440803766251,2242.4099999999999 28.51275329478085,-29.315385315567255,2243.3699999999999 28.512823786586523,-29.315317338332534,2244.3299999999999 28.51287248544395,-29.315240308642387,2245.7800000000002 28.512916574254632,-29.315160764381289,2246.7399999999998 28.512968542054296,-29.315084824338555,2247.6999999999998 28.513032915070653,-29.315016260370612,2248.6599999999999 28.513112626969814,-29.314954988658428,2249.1399999999999 28.513200888410211,-29.314903439953923,2250.0999999999999 28.513297867029905,-29.314862536266446,2250.5799999999999 28.513401132076979,-29.314832696691155,2251.54 28.513505486771464,-29.314815681427717,2252.0300000000002 28.513612942770123,-29.314810149371624,2252.9899999999998 28.513723164796829,-29.314814675599337,2253.4699999999998 28.514932757243514,-29.314912827685475,2258.75 28.515034345909953,-29.314941912889481,2258.75 28.51513434201479,-29.314985163509846,2259.2399999999998 28.515227548778057,-29.315041070804,2259.7199999999998 28.515311619266868,-29.315108880400658,2260.1999999999998 28.515382530167699,-29.315192783251405,2260.1999999999998 28.515435755252838,-29.315284648910165,2260.1999999999998 28.515471462160349,-29.315385902300477,2260.6799999999998 28.515497194603086,-29.315497633069754,2260.6799999999998 28.515518736094236,-29.315610872581601,2261.1599999999999 28.51580673828721,-29.317188514396548,2272.21 28.515859795734286,-29.317298904061317,2273.1700000000001 28.515929952263832,-29.317395463585854,2274.6199999999999 28.516013352200389,-29.317479198798537,2275.5799999999999 28.516109324991703,-29.317550444975495,2276.0599999999999 28.516217786818743,-29.317610207945108,2276.54 28.516328344121575,-29.317653710022569,2277.02 28.51644879207015,-29.317684303969145,2277.5 28.516575777903199,-29.317701403051615,2277.5 28.516703266650438,-29.317702073603868,2277.5 28.516831928864121,-29.317685645073652,2277.5 28.516955897212029,-29.3176503572613,2277.5 28.517072405666113,-29.317597299814224,2277.5 28.517179442569613,-29.31752722710371,2277.02 28.517273487523198,-29.317447850480676,2277.02 28.517355462536216,-29.31735472753644,2277.02 28.517420338466763,-29.3172462657094,2276.54 28.517467444762588,-29.317128835245967,2276.54 28.517497703433037,-29.316996149718761,2277.02 28.517519496381283,-29.316843934357166,2277.5 28.517543217167258,-29.316728012636304,2277.98 28.517587641254067,-29.31661150418222,2278.46 28.51765226572752,-29.316509831696749,2279.4200000000001 28.517734492197633,-29.316421486437321,2280.3800000000001 28.517825854942203,-29.316344456747174,2281.8299999999999 28.517912188544869,-29.316270695999265,2282.79 28.517978573217988,-29.316193163394928,2284.71 28.518016878515482,-29.316119737923145,2286.1500000000001 28.518032049760222,-29.31604128330946,2287.5900000000001 28.518027858808637,-29.315957967191935,2289.04 28.518010340631008,-29.315873980522156,2290.96 28.517996678128839,-29.315716736018658,2293.8400000000001 28.518012519925833,-29.315639957785606,2295.2800000000002 28.518044119700789,-29.315567957237363,2296.73 28.518089381977916,-29.315490843728185,2297.6900000000001 28.51814579218626,-29.315407695248723,2299.1300000000001 28.518461035564542,-29.315033862367272,2303.46 28.519003512337804,-29.314671931788325,2307.7800000000002 28.51911180652678,-29.314641589298844,2308.7399999999998 28.519224962219596,-29.314625831320882,2309.2199999999998 28.519340297207236,-29.314630189910531,2310.1900000000001 28.519458482041955,-29.314650977030396,2310.6700000000001 28.519580438733101,-29.314686264842749,2311.1500000000001 28.519704826176167,-29.31473471224308,2312.1100000000001 28.519834075123072,-29.314793888479471,2313.0700000000002 28.521265788003802,-29.315446587279439,2321.7199999999998 28.521493775770068,-29.315616907551885,2323.6399999999999 28.521594693884254,-29.315716400742531,2325.0900000000001 28.521684296429157,-29.315822683274746,2326.0500000000002 28.521760739386082,-29.315934665501118,2327.4899999999998 28.521822430193424,-29.316050922498107,2328.9299999999998 28.521872470155358,-29.316172795370221,2329.8899999999999 28.521918067708611,-29.316294752061367,2331.3299999999999 28.522031558677554,-29.316522823646665,2334.2199999999998 28.522109510377049,-29.316623574122787,2335.1799999999998 28.52219894528389,-29.316716613247991,2336.6199999999999 28.522949544712901,-29.317650105804205,2350.0799999999999 28.523368639871478,-29.318378157913685,2361.6199999999999 28.523442065343261,-29.318458959460258,2363.0599999999999 28.523527225479484,-29.318521237000823,2364.5 28.523626886308193,-29.318565325811505,2365.46 28.523723110556602,-29.318586196750402,2366.4200000000001 28.52383291348815,-29.318588711321354,2366.9000000000001 28.523937687277794,-29.318570103496313,2367.8600000000001 28.524024439975619,-29.318537749350071,2368.8299999999999 28.52410951629281,-29.318488128483295,2369.79 28.524182690307498,-29.318424258381128,2370.75 28.524237424135208,-29.318348737433553,2372.1900000000001 28.524272795766592,-29.318264247849584,2373.1500000000001 28.524292828515172,-29.318173555657268,2374.1100000000001 28.524299869313836,-29.318080767989159,2375.0700000000002 28.524303138256073,-29.317987142130733,2376.04 28.524358123540878,-29.317599311470985,2380.8400000000001 28.524392070248723,-29.317507529631257,2382.2800000000002 28.52443833835423,-29.317420609295368,2382.7600000000002 28.524497430771589,-29.317339388653636,2383.73 28.524569347500801,-29.317264957353473,2384.21 28.524654842913151,-29.317198572680354,2385.1700000000001 28.524752324447036,-29.317141911014915,2385.6500000000001 28.524861205369234,-29.31709480471909,2386.1300000000001 28.524981653317809,-29.317058259621263,2386.6100000000001 28.525113835930824,-29.317031940445304,2387.0900000000001 28.525258088484406,-29.3170131649822,2387.5700000000002 28.526986604556441,-29.316834043711424,2390.46 28.527266727760434,-29.316791044548154,2390.9400000000001 28.527373597025871,-29.316755086183548,2390.9400000000001 28.527459930628538,-29.316702866926789,2391.9000000000001 28.527527572587132,-29.31663790717721,2392.3800000000001 28.527575014159083,-29.316563559696078,2393.3400000000001 28.52760418318212,-29.316481668502092,2394.3000000000002 28.527616085484624,-29.316396759822965,2395.7399999999998 28.527609212324023,-29.316312270238996,2397.1799999999998 28.527583982795477,-29.316229876130819,2398.6300000000001 28.527542911469936,-29.316149158403277,2400.0700000000002 28.527493542060256,-29.316068105399609,2401.9899999999998 28.526797173544765,-29.315153304487467,2417.3699999999999 28.526756521314383,-29.315065545961261,2417.8499999999999 28.526732884347439,-29.314973680302501,2418.8099999999999 28.52673003450036,-29.314875109121203,2419.3000000000002 28.526748223230243,-29.314776286482811,2420.2600000000002 28.526787282899022,-29.314680648967624,2420.7399999999998 28.526845704764128,-29.314590794965625,2421.6999999999998 28.526917872950435,-29.314514016732574,2422.1799999999998 28.527005463838577,-29.314447548240423,2422.6599999999999 28.527108058333397,-29.314387533813715,2423.6199999999999 28.527218280360103,-29.314332716166973,2424.0999999999999 28.528635744005442,-29.313686639070511,2422.6599999999999 28.529452811926603,-29.313328061252832,2425.0599999999999 28.529564626514912,-29.313299562782049,2425.54 28.529683817178011,-29.313280619680882,2426.02 28.52981323376298,-29.313273914158344,2426.02 28.5299451649189,-29.313279194757342,2426.02 28.530083214864135,-29.313297551125288,2426.02 28.530224449932575,-29.313328312709928,2425.54 28.530357638373971,-29.313365947455168,2425.0599999999999 28.530736332759261,-29.313455298542976,2424.0999999999999 28.530862564221025,-29.313460327684879,2423.1399999999999 28.530979994684458,-29.3134506046772,2422.6599999999999 28.531098933890462,-29.313424788415432,2422.1799999999998 28.531216699630022,-29.313379609957337,2421.6999999999998 28.531322814524174,-29.31331867352128,2421.6999999999998 28.531418787315488,-29.313241560012102,2421.6999999999998 28.531506881117821,-29.313156148418784,2421.6999999999998 28.531593633815646,-29.313076185062528,2421.6999999999998 28.531688516959548,-29.313005274161696,2422.1799999999998 28.531789854168892,-29.31294777430594,2422.6599999999999 28.531897813081741,-29.312906200066209,2423.1399999999999 28.532002083957195,-29.312884490936995,2423.6199999999999 28.532115407288074,-29.31287937797606,2424.0999999999999 28.532231077551842,-29.312893208116293,2424.0999999999999 28.532347166910768,-29.312926400452852,2424.5799999999999 28.532458562403917,-29.31297711096704,2425.0599999999999 28.532566269859672,-29.313040981069207,2426.02 28.532674061134458,-29.31310954503715,2426.5 28.533185105770826,-29.313354212790728,2428.9099999999999 28.533336399123073,-29.313393188640475,2429.3899999999999 28.533494314178824,-29.313418166711926,2430.3499999999999 28.533652229234576,-29.313432918861508,2430.8299999999999 28.53380536660552,-29.313440294936299,2431.79 28.534211050719023,-29.313477426767349,2434.1999999999998 28.534334013238549,-29.313515480607748,2434.6799999999998 28.534448342397809,-29.313570884987712,2435.6399999999999 28.534556552767754,-29.313641544431448,2436.5999999999999 28.534652777016163,-29.313725363463163,2437.5599999999999 28.534734584391117,-29.313821671530604,2438.52 28.534799963235855,-29.3139289598912,2439 28.534844974055886,-29.314043121412396,2439.96 28.534868359565735,-29.314163317903876,2440.9200000000001 28.534873053431511,-29.314287789165974,2441.8899999999999 28.534868359565735,-29.314414355903864,2442.8499999999999 28.534933906048536,-29.315015841275454,2446.6900000000001 28.534977156668901,-29.315122375264764,2447.1700000000001 28.535594400018454,-29.316384019330144,2441.8899999999999 28.535651564598083,-29.316470604389906,2441.4099999999999 28.535720715299249,-29.316538497805595,2440.9200000000001 28.53580285795033,-29.316586526110768,2440.4400000000001 28.535889945924282,-29.316615359857678,2440.4400000000001 28.535977452993393,-29.316624831408262,2439.96 28.536068396642804,-29.316615695133805,2439.96 28.536157328635454,-29.316588118672371,2439.96 28.536239136010408,-29.316541012376547,2439.96 28.536308789625764,-29.316477226093411,2439.96 28.536365954205394,-29.316400112584233,2439.96 28.536412809044123,-29.316312689334154,2440.4400000000001 28.536456478759646,-29.31621671654284,2440.4400000000001 28.536857971921563,-29.315022043883801,2451.02 28.537442944943905,-29.313724944368005,2465.9200000000001 28.537526009604335,-29.31362695991993,2466.4000000000001 28.537619300186634,-29.313534758985043,2466.8800000000001 28.537721978500485,-29.313450269401073,2467.3600000000001 28.537834966555238,-29.313374748453498,2467.8400000000001 28.537959270179272,-29.313308028504252,2468.3200000000002 28.538092710077763,-29.313254216685891,2468.8000000000002 28.538235872983932,-29.313216079026461,2469.2800000000002 28.538386411964893,-29.313193531706929,2469.7600000000002 28.538542985916138,-29.313184646889567,2470.2399999999998 28.538705511018634,-29.313188586384058,2471.21 28.538875496014953,-29.313200488686562,2471.6900000000001 28.539360640570521,-29.31325170211494,2475.0500000000002 28.539489721879363,-29.31328933686018,2476.0100000000002 28.539605559781194,-29.31333870626986,2477.4499999999998 28.539710668846965,-29.31340123526752,2478.9000000000001 28.53980571962893,-29.313477678224444,2480.3400000000001 28.539888868108392,-29.313567699864507,2481.7800000000002 28.539957851171494,-29.313670294359326,2482.7399999999998 28.540014429017901,-29.313779259100556,2484.1799999999998 28.540064720436931,-29.313882691785693,2485.6300000000001 28.540118280798197,-29.313972629606724,2486.5900000000001 28.540181647986174,-29.314045635983348,2487.5500000000002 28.540255576372147,-29.314100202172995,2488.0300000000002 28.540339646860957,-29.314137920737267,2488.9899999999998 28.5404306743294,-29.314156277105212,2489.4699999999998 28.540522204712033,-29.314152672886848,2489.4699999999998 28.540609963238239,-29.314128868281841,2489.9499999999998 28.540691351518035,-29.314085952937603,2490.4299999999998 28.540763603523374,-29.314026441425085,2490.4299999999998 28.540821857750416,-29.313950752839446,2490.9099999999999 28.540866868570447,-29.313861401751637,2491.3899999999999 28.54090123437345,-29.313763752579689,2491.8699999999999 28.540933420881629,-29.31365973316133,2492.8400000000001 28.541437927633524,-29.312542928382754,2503.4099999999999 28.541817124933004,-29.311375832185149,2515.9099999999999 28.541907565668225,-29.311084058135748,2517.8299999999999 28.541947547346354,-29.311009207740426,2518.3099999999999 28.542004292830825,-29.31090191937983,2518.79 28.542011082172394,-29.310866547748446,2518.79 28.542004711925983,-29.310843078419566,2519.27 28.54199280962348,-29.310827823355794,2519.27 28.541944194585085,-29.310791445896029,2519.27 28.541951319202781,-29.310794714838266,2521.6799999999998 28.541945116594434,-29.310796726495028,2523.5999999999999 28.541945451870561,-29.310797564685345,2522.1599999999999 28.541951989755034,-29.310796223580837,2520.71 28.541952576488256,-29.310795804485679,2521.1900000000001 28.541948720812798,-29.310787841677666,2520.23 28.541951403021812,-29.310783566907048,2520.71 28.541942685842514,-29.310770407319069,2521.1900000000001 28.541956096887589,-29.310743752866983,2521.1900000000001 28.541980488225818,-29.31072598323226,2521.1900000000001 28.54201091453433,-29.310713997110724,2520.71 28.542048297822475,-29.310699077323079,2520.71 28.542084004729986,-29.310673931613564,2520.71 28.542111497372389,-29.310637637972832,2520.23 28.54213354177773,-29.310586676001549,2520.23 28.54214821010828,-29.310525069013238,2520.23 28.54215307161212,-29.310454241931438,2519.75 28.542149718850851,-29.310368075966835,2519.75 28.542139325290918,-29.310280401259661,2519.27 28.542121471837163,-29.310178477317095,2518.79 28.54205290786922,-29.309647735208273,2517.8299999999999 28.542068498209119,-29.30953717790544,2517.8299999999999 28.542104791849852,-29.309429554268718,2518.3099999999999 28.542162291705608,-29.309323942288756,2518.3099999999999 28.54223320260644,-29.309216989204288,2518.79 28.542426154017448,-29.308884227648377,2519.75 28.542469404637814,-29.308762103319168,2520.23 28.54250343516469,-29.308638134971261,2520.71 28.54260167106986,-29.308273438364267,2522.6399999999999 28.542654393240809,-29.308154415339231,2523.1199999999999 28.542722286656499,-29.308036817237735,2523.5999999999999 28.542805770412087,-29.307921649888158,2524.0799999999999 28.542899647727609,-29.30780790746212,2524.0799999999999 28.543238863348961,-29.307375736534595,2525.52 28.543287897482514,-29.307267777621746,2525.52 28.543315641582012,-29.307158729061484,2526 28.543320251628757,-29.307050183415413,2526.48 28.543303152546287,-29.306944906711578,2526.48 28.543264344334602,-29.306842982769012,2526.48 28.543203743174672,-29.306746507063508,2526.48 28.543123863637447,-29.306658916175365,2526.48 28.543026214465499,-29.306582557037473,2526 28.542910628020763,-29.30651793256402,2526 28.542780289426446,-29.306466551497579,2525.52 28.54263880290091,-29.306421959772706,2525.04 28.54082646779716,-29.305886020883918,2513.98 28.540676096454263,-29.305829610675573,2513.02 28.540540561079979,-29.305761633440852,2512.0599999999999 28.540421035140753,-29.305680328980088,2511.0999999999999 28.54031533934176,-29.305587038397789,2510.1399999999999 28.540223222225904,-29.305480169132352,2509.1799999999998 28.540136218070984,-29.305361900478601,2508.2199999999998 28.540049465373158,-29.305235501378775,2507.2600000000002 28.539756936952472,-29.304662933573127,2501.0100000000002 28.539717793464661,-29.304499737918377,2499.5700000000002 28.539391737431288,-29.302914803847671,2489.4699999999998 28.539378326386213,-29.301332803443074,2480.3400000000001 28.539282688871026,-29.300926364958286,2477.4499999999998 28.539226865395904,-29.300804827362299,2476.0100000000002 28.539160899817944,-29.300690582022071,2475.5300000000002 28.539088563993573,-29.300584299489856,2474.5700000000002 28.539010109379888,-29.300488410517573,2474.0900000000001 28.538929559290409,-29.300401490181684,2473.6100000000001 28.538271160796285,-29.299785336479545,2473.1300000000001 28.537809485569596,-29.299003891646862,2470.2399999999998 28.537744609639049,-29.298620503395796,2468.3200000000002 28.537750896066427,-29.298498965799809,2467.8400000000001 28.537773443385959,-29.298381954431534,2467.3600000000001 28.537814011797309,-29.298271648585796,2466.8800000000001 28.537870086729527,-29.298170562833548,2466.4000000000001 28.537938063964248,-29.298075931146741,2465.4400000000001 28.538017189130187,-29.297983394935727,2464.96 28.538101175799966,-29.297891780734062,2464.48 28.538478864356875,-29.297408983111382,2459.6700000000001 28.538529071956873,-29.297293815761805,2459.1900000000001 28.538568885996938,-29.297176720574498,2458.23 28.53859637863934,-29.297061134129763,2457.75 28.538610460236669,-29.296946972608566,2457.27 28.538611549884081,-29.296833565458655,2456.79 28.538601659238338,-29.296724600717425,2456.3099999999999 28.53858171030879,-29.296621503308415,2455.8200000000002 28.53855237364769,-29.296522680670023,2455.3400000000001 28.538514319807291,-29.296425869688392,2455.3400000000001 28.538467632606626,-29.296332662925124,2454.8600000000001 28.538413820788264,-29.296243228018284,2454.3800000000001 28.538354309275746,-29.296153541654348,2453.4200000000001 28.537614271044731,-29.295082837343216,2446.6900000000001 28.537420565262437,-29.293944071978331,2439.96 28.537627682089806,-29.29316807538271,2435.6399999999999 28.53768065571785,-29.293082412332296,2435.1599999999999 28.53774762712419,-29.293010914698243,2434.1999999999998 28.537831949070096,-29.292951570823789,2433.71 28.537932196632028,-29.292906224727631,2433.23 28.538039987906814,-29.292879989370704,2432.27 28.538154484704137,-29.292868338525295,2431.79 28.538273675367236,-29.292866662144661,2431.3099999999999 28.538390602916479,-29.292869176715612,2430.3499999999999 28.538507111370564,-29.292867248877883,2429.8699999999999 28.538620099425316,-29.292853083461523,2428.9099999999999 28.538734847679734,-29.292820226401091,2428.4299999999998 28.53884750045836,-29.292771862819791,2427.9499999999998 28.538962751626968,-29.292712518945336,2427.4699999999998 28.53948662057519,-29.292383277788758,2424.5799999999999 28.539573708549142,-29.292303314432502,2423.6199999999999 28.539905631914735,-29.291992345824838,2420.7399999999998 28.540001939982176,-29.291934510692954,2419.7800000000002 28.540106294676661,-29.291887320578098,2418.8099999999999 28.540216935798526,-29.291855050250888,2418.3299999999999 28.540332522243261,-29.291842812672257,2417.3699999999999 28.540448946878314,-29.291850356385112,2416.4099999999999 28.54056897573173,-29.291873909533024,2415.4499999999998 28.540693614631891,-29.291908023878932,2414.0100000000002 28.540948592126369,-29.291966110467911,2412.5700000000002 28.541085636243224,-29.291975917294621,2411.5999999999999 28.541228044778109,-29.291965775191784,2410.6399999999999 28.54136886075139,-29.291937695816159,2409.1999999999998 28.541510179638863,-29.291902994737029,2408.7199999999998 28.542786659672856,-29.291622955352068,2401.0300000000002 28.542919596657157,-29.291602000594139,2400.0700000000002 28.543053790926933,-29.291602838784456,2399.1100000000001 28.543188571929932,-29.291627481579781,2398.1500000000001 28.543318156152964,-29.291671402752399,2397.1799999999998 28.543447656556964,-29.291732255369425,2396.6999999999998 28.543569194152951,-29.291809285059571,2395.7399999999998 28.543924000114202,-29.291995698586106,2392.8600000000001 28.544041262939572,-29.292017742991447,2391.9000000000001 28.544144025072455,-29.292013049125671,2391.4200000000001 28.544240249320865,-29.291983544826508,2390.9400000000001 28.544310070574284,-29.291938366368413,2389.9699999999998 28.544370252639055,-29.291874328628182,2389.4899999999998 28.544412162154913,-29.291796628385782,2389.0100000000002 28.544434793293476,-29.291705517098308,2388.0500000000002 28.544441498816013,-29.291602503508329,2387.5700000000002 28.544438648968935,-29.291489850729704,2387.0900000000001 28.544433284550905,-29.291369905695319,2386.6100000000001 28.544486509636045,-29.290880067273974,2386.1300000000001 28.544528586789966,-29.290770431980491,2386.1300000000001 28.544582398608327,-29.290668172761798,2385.6500000000001 28.54464995674789,-29.290570355951786,2385.1700000000001 28.544719945639372,-29.290490727871656,2385.1700000000001 28.544802172109485,-29.290413614362478,2384.6900000000001 28.544894875958562,-29.290342535823584,2384.6900000000001 28.544995794072747,-29.290278414264321,2384.21 28.545100903138518,-29.290217980742455,2383.73 28.54521288536489,-29.290161402896047,2383.25 28.54616230353713,-29.289707858115435,2376.52 28.546234555542469,-29.289638791233301,2375.5500000000002 28.54629029519856,-29.289557989686728,2374.1100000000001 28.546328013762832,-29.289466962218285,2373.1500000000001 28.546347795054317,-29.289368642494082,2372.1900000000001 28.546350309625268,-29.289260767400265,2371.23 28.546341173350811,-29.289143169298768,2369.79 28.546320553869009,-29.289013501256704,2368.3499999999999 28.546286104246974,-29.288872685283422,2366.9000000000001 28.54623313061893,-29.288727091625333,2365.46 28.546165153384209,-29.288582000881433,2363.54 28.546091392636299,-29.288439257070422,2361.6199999999999 28.545895088464022,-29.288007086142898,2355.8499999999999 28.545859297737479,-29.287860738113523,2353.9299999999998 28.545849407091737,-29.28771598264575,2352.48 28.545865416526794,-29.287578267976642,2351.52 28.545905398204923,-29.287449857220054,2351.04 28.545966586098075,-29.28733192384243,2351.04 28.546046214178205,-29.287226730957627,2351.04 28.546140426769853,-29.287132518365979,2351.04 28.546244697645307,-29.287047190591693,2351.52 28.546355506405234,-29.286972256377339,2352 28.546470757573843,-29.286904530599713,2352.96 28.546833358705044,-29.286716273054481,2355.8499999999999 28.546958919614553,-29.286669585853815,2356.3299999999999 28.547088503837585,-29.286630610004067,2357.29 28.548283847048879,-29.286175891757011,2354.8899999999999 28.548743594437838,-29.285890236496925,2352.96 28.548803189769387,-29.285819074138999,2352.48 28.548840656876564,-29.285744391381741,2352 28.548854738473892,-29.285667445510626,2352 28.548845183104277,-29.285588068887591,2351.52 28.548812745139003,-29.285508105531335,2351.04 28.548759268596768,-29.285432584583759,2350.5599999999999 28.548683915287256,-29.285365277901292,2350.0799999999999 28.54858978651464,-29.285298557952046,2349.1199999999999 28.548482498154044,-29.285228485241532,2348.1599999999999 28.547596363350749,-29.284516274929047,2338.0599999999999 28.546398002654314,-29.283486222848296,2320.2800000000002 28.546307310461998,-29.283394692465663,2318.8400000000001 28.546231873333454,-29.283297127112746,2316.9099999999999 28.546172529459,-29.283193023875356,2315.4699999999998 28.546131793409586,-29.283080957829952,2314.0300000000002 28.546109246090055,-29.282962018623948,2312.5900000000001 28.546102456748486,-29.282835954800248,2311.1500000000001 28.546106396242976,-29.282701509073377,2309.6999999999998 28.546116286888719,-29.28256094455719,2308.2600000000002 28.54648869484663,-29.280994031578302,2290 28.546757837757468,-29.280253071337938,2282.3099999999999 28.546770410612226,-29.280130779370666,2281.3499999999999 28.546788599342108,-29.279768597334623,2278.46 28.546816259622574,-29.279648903757334,2277.5 28.546856073662639,-29.27953583188355,2276.54 28.54715715162456,-29.278408801183105,2267.8899999999999 28.547173328697681,-29.277862468734384,2263.5599999999999 28.547190595418215,-29.277755096554756,2263.0799999999999 28.547216495499015,-29.27765510044992,2262.1199999999999 28.547437526285648,-29.277197029441595,2258.27 28.54750944301486,-29.277121257036924,2257.79 28.547595106065273,-29.277054201811552,2256.8299999999999 28.547691078856587,-29.276997037231922,2255.8699999999999 28.547795936465263,-29.276949847117066,2254.9099999999999 28.547907499596477,-29.276909530162811,2253.9499999999998 28.548121908679605,-29.276823867112398,2252.0300000000002 28.548224754631519,-29.276766618713737,2251.0599999999999 28.54832299053669,-29.276701156049967,2250.0999999999999 28.548632198944688,-29.276516418904066,2246.7399999999998 28.548744264990091,-29.27647409029305,2245.3000000000002 28.548854822292924,-29.276440897956491,2244.3299999999999 28.549351282417774,-29.276349702849984,2238.5700000000002 28.549443064257503,-29.276321958750486,2238.0900000000001 28.549532080069184,-29.276284659281373,2237.1300000000001 28.549616569653153,-29.276237385347486,2236.1599999999999 28.549694186076522,-29.276183405891061,2235.1999999999998 28.549767108634114,-29.276121966540813,2234.2399999999998 28.549833996221423,-29.27604996599257,2233.2800000000002 28.549891076982021,-29.275974361225963,2232.3200000000002 28.549944972619414,-29.275892470031977,2231.8400000000001 28.55055995285511,-29.275185288861394,2224.1500000000001 28.550625834614038,-29.275074731558561,2222.71 28.550685681402683,-29.274953445419669,2221.2600000000002 28.55101584456861,-29.273912413045764,2211.1700000000001 28.551020538434386,-29.273807555437088,2210.21 28.551015090197325,-29.273705799132586,2209.73 28.551003690809011,-29.27361611276865,2209.25 28.550986340269446,-29.273523576557636,2208.77 28.550963038578629,-29.273437326774001,2208.77 28.550934875383973,-29.273349903523922,2208.29 28.55075441300869,-29.272645572200418,2202.04 28.550760028883815,-29.27256602793932,2201.0799999999999 28.550774110481143,-29.272490842267871,2200.1100000000001 28.550796657800674,-29.272414399310946,2199.1500000000001 28.550826497375965,-29.27233980037272,2197.71 28.550859857350588,-29.272273499518633,2196.75 28.550897240638733,-29.272211724892259,2195.79 28.550935043022037,-29.272156488150358,2194.8299999999999 28.550969241186976,-29.27211306989193,2194.3499999999999 28.55099824257195,-29.272072501480579,2193.3899999999999 28.551018526777625,-29.272029669955373,2192.9000000000001 28.551031686365604,-29.271981725469232,2192.9000000000001 28.551085498183966,-29.271821128204465,2191.9400000000001 28.551112236455083,-29.271773770451546,2191.9400000000001 28.551133023574948,-29.271733034402132,2191.46 28.551142662763596,-29.271698500961065,2191.46 28.551138890907168,-29.271667990833521,2191.46 28.551132101565599,-29.27164007909596,2191.46 28.550949795171618,-29.271283429116011,2190.98 28.550905035808682,-29.271230371668935,2190.98 28.550677131861448,-29.271021410822868,2191.46 28.550540590658784,-29.270935161039233,2191.46 28.550484348088503,-29.270911440253258,2191.46 28.550420897081494,-29.270892161875963,2191.46 28.549431581050158,-29.270795769989491,2184.73 28.548294911161065,-29.270538613200188,2174.6399999999999 28.547617653384805,-29.270133515819907,2172.2399999999998 28.547572558745742,-29.270083727315068,2172.2399999999998 28.547536600381136,-29.270021533593535,2172.2399999999998 28.547514723613858,-29.269951963797212,2171.7600000000002 28.547508604824543,-29.269879711791873,2171.27 28.547517322003841,-29.269805364310741,2171.27 </coordinates></LineString></MultiGeometry></Placemark></Folder></Folder></Document></kml>