<?xml version="1.0" encoding="utf-8"?><kml xmlns="http://www.opengis.net/kml/2.2" xmlns:xsi="http://www.w3.org/2001/XMLSchema-instance" xmlns:kmlx="http://www.google.com/kml/ext/2.2" xmlns:atom="http://www.w3.org/2005/Atom" xmlns:gpxx="http://www.garmin.com/xmlschemas/GpxExtensions/v3"><Document><Style id="point"><IconStyle><scale>0.9</scale><Icon><href>http://maps.google.com/mapfiles/kml/shapes/placemark_circle.png</href></Icon></IconStyle></Style><Folder><name>Tracks</name><Folder><name>[417] Lenong Pass - Ascend - 2026-04-26</name><Folder><name>Points</name><Style><ListStyle><listItemType>checkHideChildren</listItemType></ListStyle></Style><Placemark><TimeSpan><begin>2026-04-26T08:56:14Z</begin><end>2026-04-26T08:56:14Z</end></TimeSpan><Style><IconStyle><scale>0.9</scale><Icon><href>http://connect.garmin.com/image/main/icons/kml/grn-play.png</href></Icon></IconStyle></Style><Point><altitudeMode>clampToGround</altitudeMode><coordinates>27.603884004056454,-24.464378971606493,1613.71</coordinates></Point></Placemark><Placemark><TimeSpan><begin>2026-04-26T08:56:14Z</begin><end>2026-04-26T08:56:26Z</end></TimeSpan><styleUrl>#point</styleUrl><Point><altitudeMode>clampToGround</altitudeMode><coordinates>27.604392031207681,-24.464273024350405,1612.75</coordinates></Point></Placemark><Placemark><TimeSpan><begin>2026-04-26T08:56:26Z</begin><end>2026-04-26T08:56:40Z</end></TimeSpan><styleUrl>#point</styleUrl><Point><altitudeMode>clampToGround</altitudeMode><coordinates>27.604753039777279,-24.464003965258598,1614.6700000000001</coordinates></Point></Placemark><Placemark><TimeSpan><begin>2026-04-26T08:56:40Z</begin><end>2026-04-26T08:56:49Z</end></TimeSpan><styleUrl>#point</styleUrl><Point><altitudeMode>clampToGround</altitudeMode><coordinates>27.604772988706827,-24.463727027177811,1611.79</coordinates></Point></Placemark><Placemark><TimeSpan><begin>2026-04-26T08:56:49Z</begin><end>2026-04-26T08:56:55Z</end></TimeSpan><styleUrl>#point</styleUrl><Point><altitudeMode>clampToGround</altitudeMode><coordinates>27.604752033948898,-24.463438019156456,1608.9000000000001</coordinates></Point></Placemark><Placemark><TimeSpan><begin>2026-04-26T08:56:55Z</begin><end>2026-04-26T08:57:06Z</end></TimeSpan><styleUrl>#point</styleUrl><Point><altitudeMode>clampToGround</altitudeMode><coordinates>27.604684978723526,-24.463125038892031,1606.5</coordinates></Point></Placemark><Placemark><TimeSpan><begin>2026-04-26T08:57:06Z</begin><end>2026-04-26T08:57:18Z</end></TimeSpan><styleUrl>#point</styleUrl><Point><altitudeMode>clampToGround</altitudeMode><coordinates>27.604590011760592,-24.462562026455998,1605.54</coordinates></Point></Placemark><Placemark><TimeSpan><begin>2026-04-26T08:57:18Z</begin><end>2026-04-26T08:57:24Z</end></TimeSpan><styleUrl>#point</styleUrl><Point><altitudeMode>clampToGround</altitudeMode><coordinates>27.604594035074115,-24.462357005104423,1604.5799999999999</coordinates></Point></Placemark><Placemark><TimeSpan><begin>2026-04-26T08:57:24Z</begin><end>2026-04-26T08:57:28Z</end></TimeSpan><styleUrl>#point</styleUrl><Point><altitudeMode>clampToGround</altitudeMode><coordinates>27.604597974568605,-24.462161036208272,1606.02</coordinates></Point></Placemark><Placemark><TimeSpan><begin>2026-04-26T08:57:28Z</begin><end>2026-04-26T08:57:34Z</end></TimeSpan><styleUrl>#point</styleUrl><Point><altitudeMode>clampToGround</altitudeMode><coordinates>27.60460501536727,-24.461812013760209,1606.5</coordinates></Point></Placemark><Placemark><TimeSpan><begin>2026-04-26T08:57:34Z</begin><end>2026-04-26T08:57:35Z</end></TimeSpan><styleUrl>#point</styleUrl><Point><altitudeMode>clampToGround</altitudeMode><coordinates>27.60460602119565,-24.461759040132165,1606.98</coordinates></Point></Placemark><Placemark><TimeSpan><begin>2026-04-26T08:57:35Z</begin><end>2026-04-26T08:57:36Z</end></TimeSpan><styleUrl>#point</styleUrl><Point><altitudeMode>clampToGround</altitudeMode><coordinates>27.604607027024031,-24.461704976856709,1606.5</coordinates></Point></Placemark><Placemark><TimeSpan><begin>2026-04-26T08:57:36Z</begin><end>2026-04-26T08:57:45Z</end></TimeSpan><styleUrl>#point</styleUrl><Point><altitudeMode>clampToGround</altitudeMode><coordinates>27.604852030053735,-24.46110600605607,1602.6600000000001</coordinates></Point></Placemark><Placemark><TimeSpan><begin>2026-04-26T08:57:45Z</begin><end>2026-04-26T08:57:48Z</end></TimeSpan><styleUrl>#point</styleUrl><Point><altitudeMode>clampToGround</altitudeMode><coordinates>27.604951020330191,-24.460896039381623,1603.1400000000001</coordinates></Point></Placemark><Placemark><TimeSpan><begin>2026-04-26T08:57:48Z</begin><end>2026-04-26T08:57:49Z</end></TimeSpan><styleUrl>#point</styleUrl><Point><altitudeMode>clampToGround</altitudeMode><coordinates>27.604980021715164,-24.460834013298154,1603.1400000000001</coordinates></Point></Placemark><Placemark><TimeSpan><begin>2026-04-26T08:57:49Z</begin><end>2026-04-26T08:57:50Z</end></TimeSpan><styleUrl>#point</styleUrl><Point><altitudeMode>clampToGround</altitudeMode><coordinates>27.605008017271757,-24.460786990821362,1603.1400000000001</coordinates></Point></Placemark><Placemark><TimeSpan><begin>2026-04-26T08:57:50Z</begin><end>2026-04-26T08:57:59Z</end></TimeSpan><styleUrl>#point</styleUrl><Point><altitudeMode>clampToGround</altitudeMode><coordinates>27.605228964239359,-24.460534024983644,1606.5</coordinates></Point></Placemark><Placemark><TimeSpan><begin>2026-04-26T08:57:59Z</begin><end>2026-04-26T08:58:09Z</end></TimeSpan><styleUrl>#point</styleUrl><Point><altitudeMode>clampToGround</altitudeMode><coordinates>27.605409007519484,-24.460325986146927,1609.3800000000001</coordinates></Point></Placemark><Placemark><TimeSpan><begin>2026-04-26T08:58:09Z</begin><end>2026-04-26T08:58:18Z</end></TimeSpan><styleUrl>#point</styleUrl><Point><altitudeMode>clampToGround</altitudeMode><coordinates>27.6055290363729,-24.460105961188674,1613.23</coordinates></Point></Placemark><Placemark><TimeSpan><begin>2026-04-26T08:58:18Z</begin><end>2026-04-26T08:58:22Z</end></TimeSpan><styleUrl>#point</styleUrl><Point><altitudeMode>clampToGround</altitudeMode><coordinates>27.605607993900776,-24.459952991455793,1616.5899999999999</coordinates></Point></Placemark><Placemark><TimeSpan><begin>2026-04-26T08:58:22Z</begin><end>2026-04-26T08:58:29Z</end></TimeSpan><styleUrl>#point</styleUrl><Point><altitudeMode>clampToGround</altitudeMode><coordinates>27.605717964470387,-24.459737995639443,1619.96</coordinates></Point></Placemark><Placemark><TimeSpan><begin>2026-04-26T08:58:29Z</begin><end>2026-04-26T08:58:35Z</end></TimeSpan><styleUrl>#point</styleUrl><Point><altitudeMode>clampToGround</altitudeMode><coordinates>27.605804968625307,-24.459562981501222,1622.8399999999999</coordinates></Point></Placemark><Placemark><TimeSpan><begin>2026-04-26T08:58:35Z</begin><end>2026-04-26T08:58:41Z</end></TimeSpan><styleUrl>#point</styleUrl><Point><altitudeMode>clampToGround</altitudeMode><coordinates>27.605899013578892,-24.459333987906575,1626.21</coordinates></Point></Placemark><Placemark><TimeSpan><begin>2026-04-26T08:58:41Z</begin><end>2026-04-26T08:58:47Z</end></TimeSpan><styleUrl>#point</styleUrl><Point><altitudeMode>clampToGround</altitudeMode><coordinates>27.606004038825631,-24.459081022068858,1629.5699999999999</coordinates></Point></Placemark><Placemark><TimeSpan><begin>2026-04-26T08:58:47Z</begin><end>2026-04-26T08:58:51Z</end></TimeSpan><styleUrl>#point</styleUrl><Point><altitudeMode>clampToGround</altitudeMode><coordinates>27.606072016060352,-24.45891497656703,1631.01</coordinates></Point></Placemark><Placemark><TimeSpan><begin>2026-04-26T08:58:51Z</begin><end>2026-04-26T08:58:52Z</end></TimeSpan><styleUrl>#point</styleUrl><Point><altitudeMode>clampToGround</altitudeMode><coordinates>27.606089031323791,-24.458874994888902,1631.01</coordinates></Point></Placemark><Placemark><TimeSpan><begin>2026-04-26T08:58:52Z</begin><end>2026-04-26T08:58:53Z</end></TimeSpan><styleUrl>#point</styleUrl><Point><altitudeMode>clampToGround</altitudeMode><coordinates>27.606105962768197,-24.458834007382393,1631.49</coordinates></Point></Placemark><Placemark><TimeSpan><begin>2026-04-26T08:58:53Z</begin><end>2026-04-26T08:58:54Z</end></TimeSpan><styleUrl>#point</styleUrl><Point><altitudeMode>clampToGround</altitudeMode><coordinates>27.606122978031635,-24.458791008219123,1631.49</coordinates></Point></Placemark><Placemark><TimeSpan><begin>2026-04-26T08:58:54Z</begin><end>2026-04-26T08:58:55Z</end></TimeSpan><styleUrl>#point</styleUrl><Point><altitudeMode>clampToGround</altitudeMode><coordinates>27.606142004951835,-24.458747003227472,1631.49</coordinates></Point></Placemark><Placemark><TimeSpan><begin>2026-04-26T08:58:55Z</begin><end>2026-04-26T08:59:02Z</end></TimeSpan><styleUrl>#point</styleUrl><Point><altitudeMode>clampToGround</altitudeMode><coordinates>27.606335040181875,-24.458491019904613,1633.9000000000001</coordinates></Point></Placemark><Placemark><TimeSpan><begin>2026-04-26T08:59:02Z</begin><end>2026-04-26T08:59:08Z</end></TimeSpan><styleUrl>#point</styleUrl><Point><altitudeMode>clampToGround</altitudeMode><coordinates>27.606492033228278,-24.458350958302617,1637.74</coordinates></Point></Placemark><Placemark><TimeSpan><begin>2026-04-26T08:59:08Z</begin><end>2026-04-26T08:59:13Z</end></TimeSpan><styleUrl>#point</styleUrl><Point><altitudeMode>clampToGround</altitudeMode><coordinates>27.606643997132778,-24.458216009661555,1640.6300000000001</coordinates></Point></Placemark><Placemark><TimeSpan><begin>2026-04-26T08:59:13Z</begin><end>2026-04-26T08:59:17Z</end></TimeSpan><styleUrl>#point</styleUrl><Point><altitudeMode>clampToGround</altitudeMode><coordinates>27.606751034036279,-24.45812095887959,1643.99</coordinates></Point></Placemark><Placemark><TimeSpan><begin>2026-04-26T08:59:17Z</begin><end>2026-04-26T08:59:23Z</end></TimeSpan><styleUrl>#point</styleUrl><Point><altitudeMode>clampToGround</altitudeMode><coordinates>27.606900986284018,-24.457988021895289,1647.3599999999999</coordinates></Point></Placemark><Placemark><TimeSpan><begin>2026-04-26T08:59:23Z</begin><end>2026-04-26T08:59:28Z</end></TimeSpan><styleUrl>#point</styleUrl><Point><altitudeMode>clampToGround</altitudeMode><coordinates>27.607059990987182,-24.457920966669917,1651.2</coordinates></Point></Placemark><Placemark><TimeSpan><begin>2026-04-26T08:59:28Z</begin><end>2026-04-26T08:59:32Z</end></TimeSpan><styleUrl>#point</styleUrl><Point><altitudeMode>clampToGround</altitudeMode><coordinates>27.60720600374043,-24.457911998033524,1653.1199999999999</coordinates></Point></Placemark><Placemark><TimeSpan><begin>2026-04-26T08:59:32Z</begin><end>2026-04-26T08:59:33Z</end></TimeSpan><styleUrl>#point</styleUrl><Point><altitudeMode>clampToGround</altitudeMode><coordinates>27.607246991246939,-24.457909986376762,1653.5999999999999</coordinates></Point></Placemark><Placemark><TimeSpan><begin>2026-04-26T08:59:33Z</begin><end>2026-04-26T08:59:34Z</end></TimeSpan><styleUrl>#point</styleUrl><Point><altitudeMode>clampToGround</altitudeMode><coordinates>27.607290996238589,-24.457906968891621,1653.5999999999999</coordinates></Point></Placemark><Placemark><TimeSpan><begin>2026-04-26T08:59:34Z</begin><end>2026-04-26T08:59:35Z</end></TimeSpan><styleUrl>#point</styleUrl><Point><altitudeMode>clampToGround</altitudeMode><coordinates>27.607332989573479,-24.457881990820169,1653.5999999999999</coordinates></Point></Placemark><Placemark><TimeSpan><begin>2026-04-26T08:59:35Z</begin><end>2026-04-26T08:59:36Z</end></TimeSpan><styleUrl>#point</styleUrl><Point><altitudeMode>clampToGround</altitudeMode><coordinates>27.60735897347331,-24.457852989435196,1654.0899999999999</coordinates></Point></Placemark><Placemark><TimeSpan><begin>2026-04-26T08:59:36Z</begin><end>2026-04-26T08:59:37Z</end></TimeSpan><styleUrl>#point</styleUrl><Point><altitudeMode>clampToGround</altitudeMode><coordinates>27.607385041192174,-24.457823988050222,1654.5699999999999</coordinates></Point></Placemark><Placemark><TimeSpan><begin>2026-04-26T08:59:37Z</begin><end>2026-04-26T08:59:38Z</end></TimeSpan><styleUrl>#point</styleUrl><Point><altitudeMode>clampToGround</altitudeMode><coordinates>27.607412030920386,-24.457792975008488,1655.53</coordinates></Point></Placemark><Placemark><TimeSpan><begin>2026-04-26T08:59:38Z</begin><end>2026-04-26T08:59:39Z</end></TimeSpan><styleUrl>#point</styleUrl><Point><altitudeMode>clampToGround</altitudeMode><coordinates>27.60746500454843,-24.457732960581779,1656.49</coordinates></Point></Placemark><Placemark><TimeSpan><begin>2026-04-26T08:59:39Z</begin><end>2026-04-26T08:59:42Z</end></TimeSpan><styleUrl>#point</styleUrl><Point><altitudeMode>clampToGround</altitudeMode><coordinates>27.607520995661616,-24.457669006660581,1657.45</coordinates></Point></Placemark><Placemark><TimeSpan><begin>2026-04-26T08:59:42Z</begin><end>2026-04-26T08:59:43Z</end></TimeSpan><styleUrl>#point</styleUrl><Point><altitudeMode>clampToGround</altitudeMode><coordinates>27.60755100287497,-24.457635981962085,1657.9300000000001</coordinates></Point></Placemark><Placemark><TimeSpan><begin>2026-04-26T08:59:43Z</begin><end>2026-04-26T08:59:44Z</end></TimeSpan><styleUrl>#point</styleUrl><Point><altitudeMode>clampToGround</altitudeMode><coordinates>27.607583021745086,-24.457600023597479,1658.4100000000001</coordinates></Point></Placemark><Placemark><TimeSpan><begin>2026-04-26T08:59:44Z</begin><end>2026-04-26T08:59:49Z</end></TimeSpan><styleUrl>#point</styleUrl><Point><altitudeMode>clampToGround</altitudeMode><coordinates>27.607799023389816,-24.457469014450908,1661.78</coordinates></Point></Placemark><Placemark><TimeSpan><begin>2026-04-26T08:59:49Z</begin><end>2026-04-26T08:59:55Z</end></TimeSpan><styleUrl>#point</styleUrl><Point><altitudeMode>clampToGround</altitudeMode><coordinates>27.608034973964095,-24.457366000860929,1665.1400000000001</coordinates></Point></Placemark><Placemark><TimeSpan><begin>2026-04-26T08:59:55Z</begin><end>2026-04-26T09:00:04Z</end></TimeSpan><styleUrl>#point</styleUrl><Point><altitudeMode>clampToGround</altitudeMode><coordinates>27.608386008068919,-24.457213031128049,1668.51</coordinates></Point></Placemark><Placemark><TimeSpan><begin>2026-04-26T09:00:04Z</begin><end>2026-04-26T09:00:14Z</end></TimeSpan><styleUrl>#point</styleUrl><Point><altitudeMode>clampToGround</altitudeMode><coordinates>27.608660012483597,-24.457229962572455,1671.8699999999999</coordinates></Point></Placemark><Placemark><TimeSpan><begin>2026-04-26T09:00:14Z</begin><end>2026-04-26T09:00:25Z</end></TimeSpan><styleUrl>#point</styleUrl><Point><altitudeMode>clampToGround</altitudeMode><coordinates>27.608736036345363,-24.457252006977797,1672.8299999999999</coordinates></Point></Placemark><Placemark><TimeSpan><begin>2026-04-26T09:00:25Z</begin><end>2026-04-26T09:00:37Z</end></TimeSpan><styleUrl>#point</styleUrl><Point><altitudeMode>clampToGround</altitudeMode><coordinates>27.608770988881588,-24.457261981442571,1673.3099999999999</coordinates></Point></Placemark><Placemark><TimeSpan><begin>2026-04-26T09:00:37Z</begin><end>2026-04-26T09:00:51Z</end></TimeSpan><styleUrl>#point</styleUrl><Point><altitudeMode>clampToGround</altitudeMode><coordinates>27.609047004953027,-24.456998035311699,1676.2</coordinates></Point></Placemark><Placemark><TimeSpan><begin>2026-04-26T09:00:51Z</begin><end>2026-04-26T09:00:56Z</end></TimeSpan><styleUrl>#point</styleUrl><Point><altitudeMode>clampToGround</altitudeMode><coordinates>27.609178014099598,-24.45687297731638,1679.0799999999999</coordinates></Point></Placemark><Placemark><TimeSpan><begin>2026-04-26T09:00:56Z</begin><end>2026-04-26T09:01:04Z</end></TimeSpan><styleUrl>#point</styleUrl><Point><altitudeMode>clampToGround</altitudeMode><coordinates>27.609407007694244,-24.456717995926738,1682.4400000000001</coordinates></Point></Placemark><Placemark><TimeSpan><begin>2026-04-26T09:01:04Z</begin><end>2026-04-26T09:01:15Z</end></TimeSpan><styleUrl>#point</styleUrl><Point><altitudeMode>clampToGround</altitudeMode><coordinates>27.609821995720267,-24.456515992060304,1685.8099999999999</coordinates></Point></Placemark><Placemark><TimeSpan><begin>2026-04-26T09:01:15Z</begin><end>2026-04-26T09:01:21Z</end></TimeSpan><styleUrl>#point</styleUrl><Point><altitudeMode>clampToGround</altitudeMode><coordinates>27.609922997653484,-24.456323962658644,1688.21</coordinates></Point></Placemark><Placemark><TimeSpan><begin>2026-04-26T09:01:21Z</begin><end>2026-04-26T09:01:22Z</end></TimeSpan><styleUrl>#point</styleUrl><Point><altitudeMode>clampToGround</altitudeMode><coordinates>27.609943030402064,-24.456286998465657,1688.6900000000001</coordinates></Point></Placemark><Placemark><TimeSpan><begin>2026-04-26T09:01:22Z</begin><end>2026-04-26T09:01:23Z</end></TimeSpan><styleUrl>#point</styleUrl><Point><altitudeMode>clampToGround</altitudeMode><coordinates>27.609961973503232,-24.456250034272671,1688.6900000000001</coordinates></Point></Placemark><Placemark><TimeSpan><begin>2026-04-26T09:01:23Z</begin><end>2026-04-26T09:01:24Z</end></TimeSpan><styleUrl>#point</styleUrl><Point><altitudeMode>clampToGround</altitudeMode><coordinates>27.610002039000392,-24.45618499070406,1689.1700000000001</coordinates></Point></Placemark><Placemark><TimeSpan><begin>2026-04-26T09:01:24Z</begin><end>2026-04-26T09:01:25Z</end></TimeSpan><styleUrl>#point</styleUrl><Point><altitudeMode>clampToGround</altitudeMode><coordinates>27.610002039000392,-24.45618499070406,1689.6500000000001</coordinates></Point></Placemark><Placemark><TimeSpan><begin>2026-04-26T09:01:25Z</begin><end>2026-04-26T09:01:26Z</end></TimeSpan><styleUrl>#point</styleUrl><Point><altitudeMode>clampToGround</altitudeMode><coordinates>27.610039003193378,-24.456164035946131,1690.1400000000001</coordinates></Point></Placemark><Placemark><TimeSpan><begin>2026-04-26T09:01:26Z</begin><end>2026-04-26T09:01:31Z</end></TimeSpan><styleUrl>#point</styleUrl><Point><altitudeMode>clampToGround</altitudeMode><coordinates>27.610234972089529,-24.45605599321425,1693.5</coordinates></Point></Placemark><Placemark><TimeSpan><begin>2026-04-26T09:01:31Z</begin><end>2026-04-26T09:01:36Z</end></TimeSpan><styleUrl>#point</styleUrl><Point><altitudeMode>clampToGround</altitudeMode><coordinates>27.610454997047782,-24.455934958532453,1696.3800000000001</coordinates></Point></Placemark><Placemark><TimeSpan><begin>2026-04-26T09:01:36Z</begin><end>2026-04-26T09:01:42Z</end></TimeSpan><styleUrl>#point</styleUrl><Point><altitudeMode>clampToGround</altitudeMode><coordinates>27.610688013955951,-24.45581803098321,1699.75</coordinates></Point></Placemark><Placemark><TimeSpan><begin>2026-04-26T09:01:42Z</begin><end>2026-04-26T09:01:46Z</end></TimeSpan><styleUrl>#point</styleUrl><Point><altitudeMode>clampToGround</altitudeMode><coordinates>27.610846012830734,-24.455757010728121,1700.71</coordinates></Point></Placemark><Placemark><TimeSpan><begin>2026-04-26T09:01:46Z</begin><end>2026-04-26T09:01:47Z</end></TimeSpan><styleUrl>#point</styleUrl><Point><altitudeMode>clampToGround</altitudeMode><coordinates>27.610885994508862,-24.455742007121444,1701.1900000000001</coordinates></Point></Placemark><Placemark><TimeSpan><begin>2026-04-26T09:01:47Z</begin><end>2026-04-26T09:01:48Z</end></TimeSpan><styleUrl>#point</styleUrl><Point><altitudeMode>clampToGround</altitudeMode><coordinates>27.610906027257442,-24.45571199990809,1701.6700000000001</coordinates></Point></Placemark><Placemark><TimeSpan><begin>2026-04-26T09:01:48Z</begin><end>2026-04-26T09:01:49Z</end></TimeSpan><styleUrl>#point</styleUrl><Point><altitudeMode>clampToGround</altitudeMode><coordinates>27.61092103086412,-24.455673024058342,1701.6700000000001</coordinates></Point></Placemark><Placemark><TimeSpan><begin>2026-04-26T09:01:49Z</begin><end>2026-04-26T09:01:50Z</end></TimeSpan><styleUrl>#point</styleUrl><Point><altitudeMode>clampToGround</altitudeMode><coordinates>27.610937040299177,-24.455632958561182,1702.1500000000001</coordinates></Point></Placemark><Placemark><TimeSpan><begin>2026-04-26T09:01:50Z</begin><end>2026-04-26T09:02:00Z</end></TimeSpan><styleUrl>#point</styleUrl><Point><altitudeMode>clampToGround</altitudeMode><coordinates>27.611147006973624,-24.455328024923801,1705.04</coordinates></Point></Placemark><Placemark><TimeSpan><begin>2026-04-26T09:02:00Z</begin><end>2026-04-26T09:02:05Z</end></TimeSpan><styleUrl>#point</styleUrl><Point><altitudeMode>clampToGround</altitudeMode><coordinates>27.611221019178629,-24.455202966928482,1704.55</coordinates></Point></Placemark><Placemark><TimeSpan><begin>2026-04-26T09:02:05Z</begin><end>2026-04-26T09:02:15Z</end></TimeSpan><styleUrl>#point</styleUrl><Point><altitudeMode>clampToGround</altitudeMode><coordinates>27.611192017793655,-24.455137001350522,1706</coordinates></Point></Placemark><Placemark><TimeSpan><begin>2026-04-26T09:02:15Z</begin><end>2026-04-26T09:02:27Z</end></TimeSpan><styleUrl>#point</styleUrl><Point><altitudeMode>clampToGround</altitudeMode><coordinates>27.611124040558934,-24.45498201996088,1708.4000000000001</coordinates></Point></Placemark><Placemark><TimeSpan><begin>2026-04-26T09:02:27Z</begin><end>2026-04-26T09:02:48Z</end></TimeSpan><styleUrl>#point</styleUrl><Point><altitudeMode>clampToGround</altitudeMode><coordinates>27.611124040558934,-24.45498201996088,1707.9200000000001</coordinates></Point></Placemark><Placemark><TimeSpan><begin>2026-04-26T09:02:48Z</begin><end>2026-04-26T09:04:04Z</end></TimeSpan><styleUrl>#point</styleUrl><Point><altitudeMode>clampToGround</altitudeMode><coordinates>27.611089004203677,-24.454903984442353,1708.8800000000001</coordinates></Point></Placemark><Placemark><TimeSpan><begin>2026-04-26T09:04:04Z</begin><end>2026-04-26T09:04:12Z</end></TimeSpan><styleUrl>#point</styleUrl><Point><altitudeMode>clampToGround</altitudeMode><coordinates>27.610972998663783,-24.454639032483101,1711.76</coordinates></Point></Placemark><Placemark><TimeSpan><begin>2026-04-26T09:04:12Z</begin><end>2026-04-26T09:04:19Z</end></TimeSpan><styleUrl>#point</styleUrl><Point><altitudeMode>clampToGround</altitudeMode><coordinates>27.610868979245424,-24.45440299808979,1714.6500000000001</coordinates></Point></Placemark><Placemark><TimeSpan><begin>2026-04-26T09:04:19Z</begin><end>2026-04-26T09:04:26Z</end></TimeSpan><styleUrl>#point</styleUrl><Point><altitudeMode>clampToGround</altitudeMode><coordinates>27.610774012282491,-24.45418699644506,1718.01</coordinates></Point></Placemark><Placemark><TimeSpan><begin>2026-04-26T09:04:26Z</begin><end>2026-04-26T09:04:33Z</end></TimeSpan><styleUrl>#point</styleUrl><Point><altitudeMode>clampToGround</altitudeMode><coordinates>27.610630011186004,-24.453965965658426,1721.3800000000001</coordinates></Point></Placemark><Placemark><TimeSpan><begin>2026-04-26T09:04:33Z</begin><end>2026-04-26T09:04:34Z</end></TimeSpan><styleUrl>#point</styleUrl><Point><altitudeMode>clampToGround</altitudeMode><coordinates>27.610606960952282,-24.453931013122201,1721.8599999999999</coordinates></Point></Placemark><Placemark><TimeSpan><begin>2026-04-26T09:04:34Z</begin><end>2026-04-26T09:04:35Z</end></TimeSpan><styleUrl>#point</styleUrl><Point><altitudeMode>clampToGround</altitudeMode><coordinates>27.61058097705245,-24.453898994252086,1722.8199999999999</coordinates></Point></Placemark><Placemark><TimeSpan><begin>2026-04-26T09:04:35Z</begin><end>2026-04-26T09:04:36Z</end></TimeSpan><styleUrl>#point</styleUrl><Point><altitudeMode>clampToGround</altitudeMode><coordinates>27.610549964010715,-24.453868987038732,1723.3</coordinates></Point></Placemark><Placemark><TimeSpan><begin>2026-04-26T09:04:36Z</begin><end>2026-04-26T09:04:41Z</end></TimeSpan><styleUrl>#point</styleUrl><Point><altitudeMode>clampToGround</altitudeMode><coordinates>27.610403029248118,-24.453721968457103,1726.1800000000001</coordinates></Point></Placemark><Placemark><TimeSpan><begin>2026-04-26T09:04:41Z</begin><end>2026-04-26T09:04:48Z</end></TimeSpan><styleUrl>#point</styleUrl><Point><altitudeMode>clampToGround</altitudeMode><coordinates>27.610238995403051,-24.453490963205695,1729.55</coordinates></Point></Placemark><Placemark><TimeSpan><begin>2026-04-26T09:04:48Z</begin><end>2026-04-26T09:04:49Z</end></TimeSpan><styleUrl>#point</styleUrl><Point><altitudeMode>clampToGround</altitudeMode><coordinates>27.610231032595038,-24.453446036204696,1730.03</coordinates></Point></Placemark><Placemark><TimeSpan><begin>2026-04-26T09:04:49Z</begin><end>2026-04-26T09:04:55Z</end></TimeSpan><styleUrl>#point</styleUrl><Point><altitudeMode>clampToGround</altitudeMode><coordinates>27.610185015946627,-24.453165996819735,1733.3900000000001</coordinates></Point></Placemark><Placemark><TimeSpan><begin>2026-04-26T09:04:55Z</begin><end>2026-04-26T09:05:01Z</end></TimeSpan><styleUrl>#point</styleUrl><Point><altitudeMode>clampToGround</altitudeMode><coordinates>27.610165989026427,-24.452906996011734,1736.76</coordinates></Point></Placemark><Placemark><TimeSpan><begin>2026-04-26T09:05:01Z</begin><end>2026-04-26T09:05:06Z</end></TimeSpan><styleUrl>#point</styleUrl><Point><altitudeMode>clampToGround</altitudeMode><coordinates>27.610165989026427,-24.452692000195384,1739.6400000000001</coordinates></Point></Placemark><Placemark><TimeSpan><begin>2026-04-26T09:05:06Z</begin><end>2026-04-26T09:05:09Z</end></TimeSpan><styleUrl>#point</styleUrl><Point><altitudeMode>clampToGround</altitudeMode><coordinates>27.610165989026427,-24.452564008533955,1742.05</coordinates></Point></Placemark><Placemark><TimeSpan><begin>2026-04-26T09:05:09Z</begin><end>2026-04-26T09:05:10Z</end></TimeSpan><styleUrl>#point</styleUrl><Point><altitudeMode>clampToGround</altitudeMode><coordinates>27.610165989026427,-24.452518997713923,1743.01</coordinates></Point></Placemark><Placemark><TimeSpan><begin>2026-04-26T09:05:10Z</begin><end>2026-04-26T09:05:11Z</end></TimeSpan><styleUrl>#point</styleUrl><Point><altitudeMode>clampToGround</altitudeMode><coordinates>27.610175041481853,-24.452482033520937,1743.97</coordinates></Point></Placemark><Placemark><TimeSpan><begin>2026-04-26T09:05:11Z</begin><end>2026-04-26T09:05:15Z</end></TimeSpan><styleUrl>#point</styleUrl><Point><altitudeMode>clampToGround</altitudeMode><coordinates>27.610270008444786,-24.452301990240812,1746.8499999999999</coordinates></Point></Placemark><Placemark><TimeSpan><begin>2026-04-26T09:05:15Z</begin><end>2026-04-26T09:05:22Z</end></TimeSpan><styleUrl>#point</styleUrl><Point><altitudeMode>clampToGround</altitudeMode><coordinates>27.610439993441105,-24.451977023854852,1750.22</coordinates></Point></Placemark><Placemark><TimeSpan><begin>2026-04-26T09:05:22Z</begin><end>2026-04-26T09:05:29Z</end></TimeSpan><styleUrl>#point</styleUrl><Point><altitudeMode>clampToGround</altitudeMode><coordinates>27.610626993700862,-24.451620960608125,1753.5799999999999</coordinates></Point></Placemark><Placemark><TimeSpan><begin>2026-04-26T09:05:29Z</begin><end>2026-04-26T09:05:33Z</end></TimeSpan><styleUrl>#point</styleUrl><Point><altitudeMode>clampToGround</altitudeMode><coordinates>27.610723972320557,-24.45143798366189,1757.4300000000001</coordinates></Point></Placemark><Placemark><TimeSpan><begin>2026-04-26T09:05:33Z</begin><end>2026-04-26T09:05:38Z</end></TimeSpan><styleUrl>#point</styleUrl><Point><altitudeMode>clampToGround</altitudeMode><coordinates>27.610845007002354,-24.451190968975425,1760.79</coordinates></Point></Placemark><Placemark><TimeSpan><begin>2026-04-26T09:05:38Z</begin><end>2026-04-26T09:05:42Z</end></TimeSpan><styleUrl>#point</styleUrl><Point><altitudeMode>clampToGround</altitudeMode><coordinates>27.610914995893836,-24.4509850256145,1764.1600000000001</coordinates></Point></Placemark><Placemark><TimeSpan><begin>2026-04-26T09:05:42Z</begin><end>2026-04-26T09:05:47Z</end></TimeSpan><styleUrl>#point</styleUrl><Point><altitudeMode>clampToGround</altitudeMode><coordinates>27.610997976735234,-24.450741028413177,1767.52</coordinates></Point></Placemark><Placemark><TimeSpan><begin>2026-04-26T09:05:47Z</begin><end>2026-04-26T09:05:52Z</end></TimeSpan><styleUrl>#point</styleUrl><Point><altitudeMode>clampToGround</altitudeMode><coordinates>27.611091015860438,-24.45046903565526,1770.8900000000001</coordinates></Point></Placemark><Placemark><TimeSpan><begin>2026-04-26T09:05:52Z</begin><end>2026-04-26T09:05:57Z</end></TimeSpan><styleUrl>#point</styleUrl><Point><altitudeMode>clampToGround</altitudeMode><coordinates>27.611177014186978,-24.45021397434175,1774.25</coordinates></Point></Placemark><Placemark><TimeSpan><begin>2026-04-26T09:05:57Z</begin><end>2026-04-26T09:06:03Z</end></TimeSpan><styleUrl>#point</styleUrl><Point><altitudeMode>clampToGround</altitudeMode><coordinates>27.611241973936558,-24.449918009340763,1777.6099999999999</coordinates></Point></Placemark><Placemark><TimeSpan><begin>2026-04-26T09:06:03Z</begin><end>2026-04-26T09:06:08Z</end></TimeSpan><styleUrl>#point</styleUrl><Point><altitudeMode>clampToGround</altitudeMode><coordinates>27.611248008906841,-24.449635958299041,1780.98</coordinates></Point></Placemark><Placemark><TimeSpan><begin>2026-04-26T09:06:08Z</begin><end>2026-04-26T09:06:11Z</end></TimeSpan><styleUrl>#point</styleUrl><Point><altitudeMode>clampToGround</altitudeMode><coordinates>27.611252032220364,-24.449465973302722,1783.8599999999999</coordinates></Point></Placemark><Placemark><TimeSpan><begin>2026-04-26T09:06:11Z</begin><end>2026-04-26T09:06:14Z</end></TimeSpan><styleUrl>#point</styleUrl><Point><altitudeMode>clampToGround</altitudeMode><coordinates>27.611255971714854,-24.4493099860847,1786.27</coordinates></Point></Placemark><Placemark><TimeSpan><begin>2026-04-26T09:06:14Z</begin><end>2026-04-26T09:06:15Z</end></TimeSpan><styleUrl>#point</styleUrl><Point><altitudeMode>clampToGround</altitudeMode><coordinates>27.611256977543235,-24.449260029941797,1787.23</coordinates></Point></Placemark><Placemark><TimeSpan><begin>2026-04-26T09:06:15Z</begin><end>2026-04-26T09:06:17Z</end></TimeSpan><styleUrl>#point</styleUrl><Point><altitudeMode>clampToGround</altitudeMode><coordinates>27.611258989199996,-24.449170008301735,1788.1900000000001</coordinates></Point></Placemark><Placemark><TimeSpan><begin>2026-04-26T09:06:17Z</begin><end>2026-04-26T09:06:18Z</end></TimeSpan><styleUrl>#point</styleUrl><Point><altitudeMode>clampToGround</altitudeMode><coordinates>27.611259995028377,-24.449127009138465,1789.1500000000001</coordinates></Point></Placemark><Placemark><TimeSpan><begin>2026-04-26T09:06:18Z</begin><end>2026-04-26T09:06:25Z</end></TimeSpan><styleUrl>#point</styleUrl><Point><altitudeMode>clampToGround</altitudeMode><coordinates>27.611383963376284,-24.448777986690402,1792.52</coordinates></Point></Placemark><Placemark><TimeSpan><begin>2026-04-26T09:06:25Z</begin><end>2026-04-26T09:06:30Z</end></TimeSpan><styleUrl>#point</styleUrl><Point><altitudeMode>clampToGround</altitudeMode><coordinates>27.611477002501488,-24.448545975610614,1795.8800000000001</coordinates></Point></Placemark><Placemark><TimeSpan><begin>2026-04-26T09:06:30Z</begin><end>2026-04-26T09:06:35Z</end></TimeSpan><styleUrl>#point</styleUrl><Point><altitudeMode>clampToGround</altitudeMode><coordinates>27.611563000828028,-24.448330979794264,1798.76</coordinates></Point></Placemark><Placemark><TimeSpan><begin>2026-04-26T09:06:35Z</begin><end>2026-04-26T09:06:36Z</end></TimeSpan><styleUrl>#point</styleUrl><Point><altitudeMode>clampToGround</altitudeMode><coordinates>27.611581021919847,-24.448284963145852,1799.24</coordinates></Point></Placemark><Placemark><TimeSpan><begin>2026-04-26T09:06:36Z</begin><end>2026-04-26T09:06:37Z</end></TimeSpan><styleUrl>#point</styleUrl><Point><altitudeMode>clampToGround</altitudeMode><coordinates>27.611598959192634,-24.448240958154202,1799.73</coordinates></Point></Placemark><Placemark><TimeSpan><begin>2026-04-26T09:06:37Z</begin><end>2026-04-26T09:06:38Z</end></TimeSpan><styleUrl>#point</styleUrl><Point><altitudeMode>clampToGround</altitudeMode><coordinates>27.611627960577607,-24.448152026161551,1800.21</coordinates></Point></Placemark><Placemark><TimeSpan><begin>2026-04-26T09:06:38Z</begin><end>2026-04-26T09:06:41Z</end></TimeSpan><styleUrl>#point</styleUrl><Point><altitudeMode>clampToGround</altitudeMode><coordinates>27.611656039953232,-24.44806301034987,1802.1300000000001</coordinates></Point></Placemark><Placemark><TimeSpan><begin>2026-04-26T09:06:41Z</begin><end>2026-04-26T09:06:42Z</end></TimeSpan><styleUrl>#point</styleUrl><Point><altitudeMode>clampToGround</altitudeMode><coordinates>27.611670959740877,-24.448016993701458,1803.0899999999999</coordinates></Point></Placemark><Placemark><TimeSpan><begin>2026-04-26T09:06:42Z</begin><end>2026-04-26T09:06:46Z</end></TimeSpan><styleUrl>#point</styleUrl><Point><altitudeMode>clampToGround</altitudeMode><coordinates>27.611729968339205,-24.44782898761332,1806.45</coordinates></Point></Placemark><Placemark><TimeSpan><begin>2026-04-26T09:06:46Z</begin><end>2026-04-26T09:06:51Z</end></TimeSpan><styleUrl>#point</styleUrl><Point><altitudeMode>clampToGround</altitudeMode><coordinates>27.611809009686112,-24.447578033432364,1809.8199999999999</coordinates></Point></Placemark><Placemark><TimeSpan><begin>2026-04-26T09:06:51Z</begin><end>2026-04-26T09:06:53Z</end></TimeSpan><styleUrl>#point</styleUrl><Point><altitudeMode>clampToGround</altitudeMode><coordinates>27.611843962222338,-24.447468984872103,1811.26</coordinates></Point></Placemark><Placemark><TimeSpan><begin>2026-04-26T09:06:53Z</begin><end>2026-04-26T09:06:54Z</end></TimeSpan><styleUrl>#point</styleUrl><Point><altitudeMode>clampToGround</altitudeMode><coordinates>27.611858965829015,-24.4474190287292,1811.74</coordinates></Point></Placemark><Placemark><TimeSpan><begin>2026-04-26T09:06:54Z</begin><end>2026-04-26T09:06:55Z</end></TimeSpan><styleUrl>#point</styleUrl><Point><altitudeMode>clampToGround</altitudeMode><coordinates>27.61189098469913,-24.447379969060421,1812.22</coordinates></Point></Placemark><Placemark><TimeSpan><begin>2026-04-26T09:06:55Z</begin><end>2026-04-26T09:07:00Z</end></TimeSpan><styleUrl>#point</styleUrl><Point><altitudeMode>clampToGround</altitudeMode><coordinates>27.61206298135221,-24.447186011821032,1815.1099999999999</coordinates></Point></Placemark><Placemark><TimeSpan><begin>2026-04-26T09:07:00Z</begin><end>2026-04-26T09:07:05Z</end></TimeSpan><styleUrl>#point</styleUrl><Point><altitudeMode>clampToGround</altitudeMode><coordinates>27.612233972176909,-24.446992976590991,1818.47</coordinates></Point></Placemark><Placemark><TimeSpan><begin>2026-04-26T09:07:05Z</begin><end>2026-04-26T09:07:06Z</end></TimeSpan><styleUrl>#point</styleUrl><Point><altitudeMode>clampToGround</altitudeMode><coordinates>27.612273031845689,-24.446950983256102,1818.95</coordinates></Point></Placemark><Placemark><TimeSpan><begin>2026-04-26T09:07:06Z</begin><end>2026-04-26T09:07:07Z</end></TimeSpan><styleUrl>#point</styleUrl><Point><altitudeMode>clampToGround</altitudeMode><coordinates>27.612312007695436,-24.44690597243607,1819.4300000000001</coordinates></Point></Placemark><Placemark><TimeSpan><begin>2026-04-26T09:07:07Z</begin><end>2026-04-26T09:07:08Z</end></TimeSpan><styleUrl>#point</styleUrl><Point><altitudeMode>clampToGround</altitudeMode><coordinates>27.612349977716804,-24.446863979101181,1820.8699999999999</coordinates></Point></Placemark><Placemark><TimeSpan><begin>2026-04-26T09:07:08Z</begin><end>2026-04-26T09:07:09Z</end></TimeSpan><styleUrl>#point</styleUrl><Point><altitudeMode>clampToGround</altitudeMode><coordinates>27.612376967445016,-24.446832966059446,1820.8699999999999</coordinates></Point></Placemark><Placemark><TimeSpan><begin>2026-04-26T09:07:09Z</begin><end>2026-04-26T09:07:10Z</end></TimeSpan><styleUrl>#point</styleUrl><Point><altitudeMode>clampToGround</altitudeMode><coordinates>27.612366992980242,-24.446788039058447,1821.3499999999999</coordinates></Point></Placemark><Placemark><TimeSpan><begin>2026-04-26T09:07:10Z</begin><end>2026-04-26T09:07:11Z</end></TimeSpan><styleUrl>#point</styleUrl><Point><altitudeMode>clampToGround</altitudeMode><coordinates>27.612359030172229,-24.446750991046429,1820.8699999999999</coordinates></Point></Placemark><Placemark><TimeSpan><begin>2026-04-26T09:07:11Z</begin><end>2026-04-26T09:07:12Z</end></TimeSpan><styleUrl>#point</styleUrl><Point><altitudeMode>clampToGround</altitudeMode><coordinates>27.612352995201945,-24.446719978004694,1820.8699999999999</coordinates></Point></Placemark><Placemark><TimeSpan><begin>2026-04-26T09:07:12Z</begin><end>2026-04-26T09:07:13Z</end></TimeSpan><styleUrl>#point</styleUrl><Point><altitudeMode>clampToGround</altitudeMode><coordinates>27.612345032393932,-24.446686031296849,1821.3499999999999</coordinates></Point></Placemark><Placemark><TimeSpan><begin>2026-04-26T09:07:13Z</begin><end>2026-04-26T09:07:18Z</end></TimeSpan><styleUrl>#point</styleUrl><Point><altitudeMode>clampToGround</altitudeMode><coordinates>27.612303039059043,-24.446483021602035,1824.72</coordinates></Point></Placemark><Placemark><TimeSpan><begin>2026-04-26T09:07:18Z</begin><end>2026-04-26T09:07:19Z</end></TimeSpan><styleUrl>#point</styleUrl><Point><altitudeMode>clampToGround</altitudeMode><coordinates>27.612293986603618,-24.446443961933255,1825.2</coordinates></Point></Placemark><Placemark><TimeSpan><begin>2026-04-26T09:07:19Z</begin><end>2026-04-26T09:07:20Z</end></TimeSpan><styleUrl>#point</styleUrl><Point><altitudeMode>clampToGround</altitudeMode><coordinates>27.612290969118476,-24.446426024660468,1825.6800000000001</coordinates></Point></Placemark><Placemark><TimeSpan><begin>2026-04-26T09:07:20Z</begin><end>2026-04-26T09:07:21Z</end></TimeSpan><styleUrl>#point</styleUrl><Point><altitudeMode>clampToGround</altitudeMode><coordinates>27.612329022958875,-24.446397023275495,1826.1600000000001</coordinates></Point></Placemark><Placemark><TimeSpan><begin>2026-04-26T09:07:21Z</begin><end>2026-04-26T09:07:22Z</end></TimeSpan><styleUrl>#point</styleUrl><Point><altitudeMode>clampToGround</altitudeMode><coordinates>27.61236104182899,-24.446372967213392,1826.6400000000001</coordinates></Point></Placemark><Placemark><TimeSpan><begin>2026-04-26T09:07:22Z</begin><end>2026-04-26T09:07:23Z</end></TimeSpan><styleUrl>#point</styleUrl><Point><altitudeMode>clampToGround</altitudeMode><coordinates>27.612389959394932,-24.446351006627083,1827.1199999999999</coordinates></Point></Placemark><Placemark><TimeSpan><begin>2026-04-26T09:07:23Z</begin><end>2026-04-26T09:07:24Z</end></TimeSpan><styleUrl>#point</styleUrl><Point><altitudeMode>clampToGround</altitudeMode><coordinates>27.612413009628654,-24.446333991363645,1828.0799999999999</coordinates></Point></Placemark><Placemark><TimeSpan><begin>2026-04-26T09:07:24Z</begin><end>2026-04-26T09:07:25Z</end></TimeSpan><styleUrl>#point</styleUrl><Point><altitudeMode>clampToGround</altitudeMode><coordinates>27.612430024892092,-24.446320999413729,1828.5599999999999</coordinates></Point></Placemark><Placemark><TimeSpan><begin>2026-04-26T09:07:25Z</begin><end>2026-04-26T09:07:26Z</end></TimeSpan><styleUrl>#point</styleUrl><Point><altitudeMode>clampToGround</altitudeMode><coordinates>27.612487021833658,-24.446311024948955,1828.5599999999999</coordinates></Point></Placemark><Placemark><TimeSpan><begin>2026-04-26T09:07:26Z</begin><end>2026-04-26T09:07:33Z</end></TimeSpan><styleUrl>#point</styleUrl><Point><altitudeMode>clampToGround</altitudeMode><coordinates>27.61274803429842,-24.446465000510216,1828.0799999999999</coordinates></Point></Placemark><Placemark><TimeSpan><begin>2026-04-26T09:07:33Z</begin><end>2026-04-26T09:07:34Z</end></TimeSpan><styleUrl>#point</styleUrl><Point><altitudeMode>clampToGround</altitudeMode><coordinates>27.612797990441322,-24.446494001895189,1828.0799999999999</coordinates></Point></Placemark><Placemark><TimeSpan><begin>2026-04-26T09:07:34Z</begin><end>2026-04-26T09:07:35Z</end></TimeSpan><styleUrl>#point</styleUrl><Point><altitudeMode>clampToGround</altitudeMode><coordinates>27.61283696629107,-24.446544041857123,1828.0799999999999</coordinates></Point></Placemark><Placemark><TimeSpan><begin>2026-04-26T09:07:35Z</begin><end>2026-04-26T09:07:36Z</end></TimeSpan><styleUrl>#point</styleUrl><Point><altitudeMode>clampToGround</altitudeMode><coordinates>27.612851969897747,-24.446590980514884,1828.5599999999999</coordinates></Point></Placemark><Placemark><TimeSpan><begin>2026-04-26T09:07:36Z</begin><end>2026-04-26T09:07:37Z</end></TimeSpan><styleUrl>#point</styleUrl><Point><altitudeMode>clampToGround</altitudeMode><coordinates>27.612867979332805,-24.446640014648438,1829.05</coordinates></Point></Placemark><Placemark><TimeSpan><begin>2026-04-26T09:07:37Z</begin><end>2026-04-26T09:07:38Z</end></TimeSpan><styleUrl>#point</styleUrl><Point><altitudeMode>clampToGround</altitudeMode><coordinates>27.612882982939482,-24.44668997079134,1829.53</coordinates></Point></Placemark><Placemark><TimeSpan><begin>2026-04-26T09:07:38Z</begin><end>2026-04-26T09:07:44Z</end></TimeSpan><styleUrl>#point</styleUrl><Point><altitudeMode>clampToGround</altitudeMode><coordinates>27.612960012629628,-24.446985013782978,1832.8900000000001</coordinates></Point></Placemark><Placemark><TimeSpan><begin>2026-04-26T09:07:44Z</begin><end>2026-04-26T09:07:52Z</end></TimeSpan><styleUrl>#point</styleUrl><Point><altitudeMode>clampToGround</altitudeMode><coordinates>27.612988008186221,-24.447406958788633,1836.26</coordinates></Point></Placemark><Placemark><TimeSpan><begin>2026-04-26T09:07:52Z</begin><end>2026-04-26T09:07:54Z</end></TimeSpan><styleUrl>#point</styleUrl><Point><altitudeMode>clampToGround</altitudeMode><coordinates>27.612996976822615,-24.447528999298811,1836.74</coordinates></Point></Placemark><Placemark><TimeSpan><begin>2026-04-26T09:07:54Z</begin><end>2026-04-26T09:07:55Z</end></TimeSpan><styleUrl>#point</styleUrl><Point><altitudeMode>clampToGround</altitudeMode><coordinates>27.612979961559176,-24.447595970705152,1837.22</coordinates></Point></Placemark><Placemark><TimeSpan><begin>2026-04-26T09:07:55Z</begin><end>2026-04-26T09:08:10Z</end></TimeSpan><styleUrl>#point</styleUrl><Point><altitudeMode>clampToGround</altitudeMode><coordinates>27.612478975206614,-24.44847296923399,1839.6199999999999</coordinates></Point></Placemark><Placemark><TimeSpan><begin>2026-04-26T09:08:10Z</begin><end>2026-04-26T09:08:11Z</end></TimeSpan><styleUrl>#point</styleUrl><Point><altitudeMode>clampToGround</altitudeMode><coordinates>27.612447962164879,-24.448527032509446,1839.6199999999999</coordinates></Point></Placemark><Placemark><TimeSpan><begin>2026-04-26T09:08:11Z</begin><end>2026-04-26T09:08:13Z</end></TimeSpan><styleUrl>#point</styleUrl><Point><altitudeMode>clampToGround</altitudeMode><coordinates>27.612398006021976,-24.448614036664367,1840.5799999999999</coordinates></Point></Placemark><Placemark><TimeSpan><begin>2026-04-26T09:08:13Z</begin><end>2026-04-26T09:08:14Z</end></TimeSpan><styleUrl>#point</styleUrl><Point><altitudeMode>clampToGround</altitudeMode><coordinates>27.61240404099226,-24.448675978928804,1841.0599999999999</coordinates></Point></Placemark><Placemark><TimeSpan><begin>2026-04-26T09:08:14Z</begin><end>2026-04-26T09:08:15Z</end></TimeSpan><styleUrl>#point</styleUrl><Point><altitudeMode>clampToGround</altitudeMode><coordinates>27.612408986315131,-24.4487280305475,1841.54</coordinates></Point></Placemark><Placemark><TimeSpan><begin>2026-04-26T09:08:15Z</begin><end>2026-04-26T09:08:16Z</end></TimeSpan><styleUrl>#point</styleUrl><Point><altitudeMode>clampToGround</altitudeMode><coordinates>27.612415021285415,-24.448781004175544,1842.5</coordinates></Point></Placemark><Placemark><TimeSpan><begin>2026-04-26T09:08:16Z</begin><end>2026-04-26T09:08:17Z</end></TimeSpan><styleUrl>#point</styleUrl><Point><altitudeMode>clampToGround</altitudeMode><coordinates>27.612418960779905,-24.448829032480717,1842.98</coordinates></Point></Placemark><Placemark><TimeSpan><begin>2026-04-26T09:08:17Z</begin><end>2026-04-26T09:08:18Z</end></TimeSpan><styleUrl>#point</styleUrl><Point><altitudeMode>clampToGround</altitudeMode><coordinates>27.612461959943175,-24.448856022208929,1843.47</coordinates></Point></Placemark><Placemark><TimeSpan><begin>2026-04-26T09:08:18Z</begin><end>2026-04-26T09:08:19Z</end></TimeSpan><styleUrl>#point</styleUrl><Point><altitudeMode>clampToGround</altitudeMode><coordinates>27.612507976591587,-24.448887035250664,1844.4300000000001</coordinates></Point></Placemark><Placemark><TimeSpan><begin>2026-04-26T09:08:19Z</begin><end>2026-04-26T09:08:24Z</end></TimeSpan><styleUrl>#point</styleUrl><Point><altitudeMode>clampToGround</altitudeMode><coordinates>27.612722972407937,-24.449027013033628,1847.3099999999999</coordinates></Point></Placemark><Placemark><TimeSpan><begin>2026-04-26T09:08:24Z</begin><end>2026-04-26T09:08:33Z</end></TimeSpan><styleUrl>#point</styleUrl><Point><altitudeMode>clampToGround</altitudeMode><coordinates>27.613152964040637,-24.449368994683027,1850.1900000000001</coordinates></Point></Placemark><Placemark><TimeSpan><begin>2026-04-26T09:08:33Z</begin><end>2026-04-26T09:08:44Z</end></TimeSpan><styleUrl>#point</styleUrl><Point><altitudeMode>clampToGround</altitudeMode><coordinates>27.613640958443284,-24.449947010725737,1847.79</coordinates></Point></Placemark><Placemark><TimeSpan><begin>2026-04-26T09:08:44Z</begin><end>2026-04-26T09:08:45Z</end></TimeSpan><styleUrl>#point</styleUrl><Point><altitudeMode>clampToGround</altitudeMode><coordinates>27.613679012283683,-24.450003001838923,1847.79</coordinates></Point></Placemark><Placemark><TimeSpan><begin>2026-04-26T09:08:45Z</begin><end>2026-04-26T09:08:46Z</end></TimeSpan><styleUrl>#point</styleUrl><Point><altitudeMode>clampToGround</altitudeMode><coordinates>27.613713964819908,-24.450053041800857,1847.3099999999999</coordinates></Point></Placemark><Placemark><TimeSpan><begin>2026-04-26T09:08:46Z</begin><end>2026-04-26T09:08:47Z</end></TimeSpan><styleUrl>#point</styleUrl><Point><altitudeMode>clampToGround</altitudeMode><coordinates>27.613731985911727,-24.450165024027228,1847.3099999999999</coordinates></Point></Placemark><Placemark><TimeSpan><begin>2026-04-26T09:08:47Z</begin><end>2026-04-26T09:08:48Z</end></TimeSpan><styleUrl>#point</styleUrl><Point><altitudeMode>clampToGround</altitudeMode><coordinates>27.613731985911727,-24.450165024027228,1847.3099999999999</coordinates></Point></Placemark><Placemark><TimeSpan><begin>2026-04-26T09:08:48Z</begin><end>2026-04-26T09:08:58Z</end></TimeSpan><styleUrl>#point</styleUrl><Point><altitudeMode>clampToGround</altitudeMode><coordinates>27.613751012831926,-24.45057800039649,1848.27</coordinates></Point></Placemark><Placemark><TimeSpan><begin>2026-04-26T09:08:58Z</begin><end>2026-04-26T09:09:17Z</end></TimeSpan><styleUrl>#point</styleUrl><Point><altitudeMode>clampToGround</altitudeMode><coordinates>27.613757969811559,-24.450733987614512,1848.75</coordinates></Point></Placemark><Placemark><TimeSpan><begin>2026-04-26T09:09:17Z</begin><end>2026-04-26T09:09:30Z</end></TimeSpan><styleUrl>#point</styleUrl><Point><altitudeMode>clampToGround</altitudeMode><coordinates>27.613795017823577,-24.451574021950364,1851.1600000000001</coordinates></Point></Placemark><Placemark><TimeSpan><begin>2026-04-26T09:09:30Z</begin><end>2026-04-26T09:09:37Z</end></TimeSpan><styleUrl>#point</styleUrl><Point><altitudeMode>clampToGround</altitudeMode><coordinates>27.61380398645997,-24.451774014160037,1852.5999999999999</coordinates></Point></Placemark><Placemark><TimeSpan><begin>2026-04-26T09:09:37Z</begin><end>2026-04-26T09:09:49Z</end></TimeSpan><styleUrl>#point</styleUrl><Point><altitudeMode>clampToGround</altitudeMode><coordinates>27.613815972581506,-24.452018011361361,1853.5599999999999</coordinates></Point></Placemark><Placemark><TimeSpan><begin>2026-04-26T09:09:49Z</begin><end>2026-04-26T09:09:58Z</end></TimeSpan><styleUrl>#point</styleUrl><Point><altitudeMode>clampToGround</altitudeMode><coordinates>27.613913035020232,-24.452595021575689,1850.6800000000001</coordinates></Point></Placemark><Placemark><TimeSpan><begin>2026-04-26T09:09:58Z</begin><end>2026-04-26T09:10:00Z</end></TimeSpan><styleUrl>#point</styleUrl><Point><altitudeMode>clampToGround</altitudeMode><coordinates>27.613942036405206,-24.45276802405715,1849.71</coordinates></Point></Placemark><Placemark><TimeSpan><begin>2026-04-26T09:10:00Z</begin><end>2026-04-26T09:10:08Z</end></TimeSpan><styleUrl>#point</styleUrl><Point><altitudeMode>clampToGround</altitudeMode><coordinates>27.614207994192839,-24.453395996242762,1853.0799999999999</coordinates></Point></Placemark><Placemark><TimeSpan><begin>2026-04-26T09:10:08Z</begin><end>2026-04-26T09:10:12Z</end></TimeSpan><styleUrl>#point</styleUrl><Point><altitudeMode>clampToGround</altitudeMode><coordinates>27.614321988075972,-24.453661032021046,1856.4400000000001</coordinates></Point></Placemark><Placemark><TimeSpan><begin>2026-04-26T09:10:12Z</begin><end>2026-04-26T09:10:16Z</end></TimeSpan><styleUrl>#point</styleUrl><Point><altitudeMode>clampToGround</altitudeMode><coordinates>27.614427013322711,-24.453907962888479,1859.8099999999999</coordinates></Point></Placemark><Placemark><TimeSpan><begin>2026-04-26T09:10:16Z</begin><end>2026-04-26T09:10:20Z</end></TimeSpan><styleUrl>#point</styleUrl><Point><altitudeMode>clampToGround</altitudeMode><coordinates>27.614527009427547,-24.454137040302157,1863.6500000000001</coordinates></Point></Placemark><Placemark><TimeSpan><begin>2026-04-26T09:10:20Z</begin><end>2026-04-26T09:10:26Z</end></TimeSpan><styleUrl>#point</styleUrl><Point><altitudeMode>clampToGround</altitudeMode><coordinates>27.614732030779123,-24.454478016123176,1867.02</coordinates></Point></Placemark><Placemark><TimeSpan><begin>2026-04-26T09:10:26Z</begin><end>2026-04-26T09:10:32Z</end></TimeSpan><styleUrl>#point</styleUrl><Point><altitudeMode>clampToGround</altitudeMode><coordinates>27.614972004666924,-24.454878000542521,1870.3800000000001</coordinates></Point></Placemark><Placemark><TimeSpan><begin>2026-04-26T09:10:32Z</begin><end>2026-04-26T09:10:33Z</end></TimeSpan><styleUrl>#point</styleUrl><Point><altitudeMode>clampToGround</altitudeMode><coordinates>27.615009974688292,-24.454942038282752,1870.8599999999999</coordinates></Point></Placemark><Placemark><TimeSpan><begin>2026-04-26T09:10:33Z</begin><end>2026-04-26T09:10:34Z</end></TimeSpan><styleUrl>#point</styleUrl><Point><altitudeMode>clampToGround</altitudeMode><coordinates>27.615051968023181,-24.454990988597274,1871.3399999999999</coordinates></Point></Placemark><Placemark><TimeSpan><begin>2026-04-26T09:10:34Z</begin><end>2026-04-26T09:10:35Z</end></TimeSpan><styleUrl>#point</styleUrl><Point><altitudeMode>clampToGround</altitudeMode><coordinates>27.615111982449889,-24.455008003860712,1871.8199999999999</coordinates></Point></Placemark><Placemark><TimeSpan><begin>2026-04-26T09:10:35Z</begin><end>2026-04-26T09:10:36Z</end></TimeSpan><styleUrl>#point</styleUrl><Point><altitudeMode>clampToGround</altitudeMode><coordinates>27.615166967734694,-24.455023007467389,1872.3</coordinates></Point></Placemark><Placemark><TimeSpan><begin>2026-04-26T09:10:36Z</begin><end>2026-04-26T09:10:37Z</end></TimeSpan><styleUrl>#point</styleUrl><Point><altitudeMode>clampToGround</altitudeMode><coordinates>27.61521901935339,-24.455038011074066,1873.27</coordinates></Point></Placemark><Placemark><TimeSpan><begin>2026-04-26T09:10:37Z</begin><end>2026-04-26T09:10:38Z</end></TimeSpan><styleUrl>#point</styleUrl><Point><altitudeMode>clampToGround</altitudeMode><coordinates>27.615270987153053,-24.455052008852363,1873.75</coordinates></Point></Placemark><Placemark><TimeSpan><begin>2026-04-26T09:10:38Z</begin><end>2026-04-26T09:10:41Z</end></TimeSpan><styleUrl>#point</styleUrl><Point><altitudeMode>clampToGround</altitudeMode><coordinates>27.615446001291275,-24.455100037157536,1875.6700000000001</coordinates></Point></Placemark><Placemark><TimeSpan><begin>2026-04-26T09:10:41Z</begin><end>2026-04-26T09:10:42Z</end></TimeSpan><styleUrl>#point</styleUrl><Point><altitudeMode>clampToGround</altitudeMode><coordinates>27.615511966869235,-24.455117974430323,1876.6300000000001</coordinates></Point></Placemark><Placemark><TimeSpan><begin>2026-04-26T09:10:42Z</begin><end>2026-04-26T09:10:43Z</end></TimeSpan><styleUrl>#point</styleUrl><Point><altitudeMode>clampToGround</altitudeMode><coordinates>27.615577010437846,-24.455135995522141,1877.5899999999999</coordinates></Point></Placemark><Placemark><TimeSpan><begin>2026-04-26T09:10:43Z</begin><end>2026-04-26T09:10:44Z</end></TimeSpan><styleUrl>#point</styleUrl><Point><altitudeMode>clampToGround</altitudeMode><coordinates>27.615639036521316,-24.45515301078558,1878.55</coordinates></Point></Placemark><Placemark><TimeSpan><begin>2026-04-26T09:10:44Z</begin><end>2026-04-26T09:10:45Z</end></TimeSpan><styleUrl>#point</styleUrl><Point><altitudeMode>clampToGround</altitudeMode><coordinates>27.615691004320979,-24.455191986635327,1879.03</coordinates></Point></Placemark><Placemark><TimeSpan><begin>2026-04-26T09:10:45Z</begin><end>2026-04-26T09:10:46Z</end></TimeSpan><styleUrl>#point</styleUrl><Point><altitudeMode>clampToGround</altitudeMode><coordinates>27.615732997655869,-24.455234985798597,1879.51</coordinates></Point></Placemark><Placemark><TimeSpan><begin>2026-04-26T09:10:46Z</begin><end>2026-04-26T09:10:47Z</end></TimeSpan><styleUrl>#point</styleUrl><Point><altitudeMode>clampToGround</altitudeMode><coordinates>27.615777002647519,-24.455281002447009,1880</coordinates></Point></Placemark><Placemark><TimeSpan><begin>2026-04-26T09:10:47Z</begin><end>2026-04-26T09:10:52Z</end></TimeSpan><styleUrl>#point</styleUrl><Point><altitudeMode>clampToGround</altitudeMode><coordinates>27.616042960435152,-24.455557018518448,1883.8399999999999</coordinates></Point></Placemark><Placemark><TimeSpan><begin>2026-04-26T09:10:52Z</begin><end>2026-04-26T09:10:53Z</end></TimeSpan><styleUrl>#point</styleUrl><Point><altitudeMode>clampToGround</altitudeMode><coordinates>27.616096017882228,-24.455613009631634,1884.8</coordinates></Point></Placemark><Placemark><TimeSpan><begin>2026-04-26T09:10:53Z</begin><end>2026-04-26T09:10:54Z</end></TimeSpan><styleUrl>#point</styleUrl><Point><altitudeMode>clampToGround</altitudeMode><coordinates>27.616148991510272,-24.455667994916439,1885.76</coordinates></Point></Placemark><Placemark><TimeSpan><begin>2026-04-26T09:10:54Z</begin><end>2026-04-26T09:10:55Z</end></TimeSpan><styleUrl>#point</styleUrl><Point><altitudeMode>clampToGround</altitudeMode><coordinates>27.616212023422122,-24.455722980201244,1886.24</coordinates></Point></Placemark><Placemark><TimeSpan><begin>2026-04-26T09:10:55Z</begin><end>2026-04-26T09:10:56Z</end></TimeSpan><styleUrl>#point</styleUrl><Point><altitudeMode>clampToGround</altitudeMode><coordinates>27.616287963464856,-24.455750975757837,1886.72</coordinates></Point></Placemark><Placemark><TimeSpan><begin>2026-04-26T09:10:56Z</begin><end>2026-04-26T09:10:57Z</end></TimeSpan><styleUrl>#point</styleUrl><Point><altitudeMode>clampToGround</altitudeMode><coordinates>27.616363987326622,-24.45577796548605,1887.21</coordinates></Point></Placemark><Placemark><TimeSpan><begin>2026-04-26T09:10:57Z</begin><end>2026-04-26T09:11:00Z</end></TimeSpan><styleUrl>#point</styleUrl><Point><altitudeMode>clampToGround</altitudeMode><coordinates>27.616568002849817,-24.455851977691054,1888.6500000000001</coordinates></Point></Placemark><Placemark><TimeSpan><begin>2026-04-26T09:11:00Z</begin><end>2026-04-26T09:11:01Z</end></TimeSpan><styleUrl>#point</styleUrl><Point><altitudeMode>clampToGround</altitudeMode><coordinates>27.616621982306242,-24.455872010439634,1889.1300000000001</coordinates></Point></Placemark><Placemark><TimeSpan><begin>2026-04-26T09:11:01Z</begin><end>2026-04-26T09:11:02Z</end></TimeSpan><styleUrl>#point</styleUrl><Point><altitudeMode>clampToGround</altitudeMode><coordinates>27.616664981469512,-24.455887014046311,1889.6099999999999</coordinates></Point></Placemark><Placemark><TimeSpan><begin>2026-04-26T09:11:02Z</begin><end>2026-04-26T09:11:03Z</end></TimeSpan><styleUrl>#point</styleUrl><Point><altitudeMode>clampToGround</altitudeMode><coordinates>27.616647966206074,-24.455937976017594,1890.0899999999999</coordinates></Point></Placemark><Placemark><TimeSpan><begin>2026-04-26T09:11:03Z</begin><end>2026-04-26T09:11:04Z</end></TimeSpan><styleUrl>#point</styleUrl><Point><altitudeMode>clampToGround</altitudeMode><coordinates>27.616647966206074,-24.455937976017594,1890.0899999999999</coordinates></Point></Placemark><Placemark><TimeSpan><begin>2026-04-26T09:11:04Z</begin><end>2026-04-26T09:11:05Z</end></TimeSpan><styleUrl>#point</styleUrl><Point><altitudeMode>clampToGround</altitudeMode><coordinates>27.616626005619764,-24.45599396713078,1890.0899999999999</coordinates></Point></Placemark><Placemark><TimeSpan><begin>2026-04-26T09:11:05Z</begin><end>2026-04-26T09:11:06Z</end></TimeSpan><styleUrl>#point</styleUrl><Point><altitudeMode>clampToGround</altitudeMode><coordinates>27.616626005619764,-24.45599396713078,1889.6099999999999</coordinates></Point></Placemark><Placemark><TimeSpan><begin>2026-04-26T09:11:06Z</begin><end>2026-04-26T09:11:07Z</end></TimeSpan><styleUrl>#point</styleUrl><Point><altitudeMode>clampToGround</altitudeMode><coordinates>27.616586023941636,-24.455989021807909,1889.6099999999999</coordinates></Point></Placemark><Placemark><TimeSpan><begin>2026-04-26T09:11:07Z</begin><end>2026-04-26T09:11:08Z</end></TimeSpan><styleUrl>#point</styleUrl><Point><altitudeMode>clampToGround</altitudeMode><coordinates>27.616535983979702,-24.455979969352484,1889.6099999999999</coordinates></Point></Placemark><Placemark><TimeSpan><begin>2026-04-26T09:11:08Z</begin><end>2026-04-26T09:11:13Z</end></TimeSpan><styleUrl>#point</styleUrl><Point><altitudeMode>clampToGround</altitudeMode><coordinates>27.616140022873878,-24.455908974632621,1891.05</coordinates></Point></Placemark><Placemark><TimeSpan><begin>2026-04-26T09:11:13Z</begin><end>2026-04-26T09:11:14Z</end></TimeSpan><styleUrl>#point</styleUrl><Point><altitudeMode>clampToGround</altitudeMode><coordinates>27.616071961820126,-24.455896988511086,1891.05</coordinates></Point></Placemark><Placemark><TimeSpan><begin>2026-04-26T09:11:14Z</begin><end>2026-04-26T09:11:15Z</end></TimeSpan><styleUrl>#point</styleUrl><Point><altitudeMode>clampToGround</altitudeMode><coordinates>27.616071961820126,-24.455896988511086,1892.01</coordinates></Point></Placemark><Placemark><TimeSpan><begin>2026-04-26T09:11:15Z</begin><end>2026-04-26T09:11:20Z</end></TimeSpan><styleUrl>#point</styleUrl><Point><altitudeMode>clampToGround</altitudeMode><coordinates>27.615739032626152,-24.45594996213913,1895.3800000000001</coordinates></Point></Placemark><Placemark><TimeSpan><begin>2026-04-26T09:11:20Z</begin><end>2026-04-26T09:11:25Z</end></TimeSpan><styleUrl>#point</styleUrl><Point><altitudeMode>clampToGround</altitudeMode><coordinates>27.615415994077921,-24.456031015142798,1898.26</coordinates></Point></Placemark><Placemark><TimeSpan><begin>2026-04-26T09:11:25Z</begin><end>2026-04-26T09:11:26Z</end></TimeSpan><styleUrl>#point</styleUrl><Point><altitudeMode>clampToGround</altitudeMode><coordinates>27.615354973822832,-24.456049958243966,1899.22</coordinates></Point></Placemark><Placemark><TimeSpan><begin>2026-04-26T09:11:26Z</begin><end>2026-04-26T09:11:27Z</end></TimeSpan><styleUrl>#point</styleUrl><Point><altitudeMode>clampToGround</altitudeMode><coordinates>27.615298982709646,-24.456066973507404,1899.7</coordinates></Point></Placemark><Placemark><TimeSpan><begin>2026-04-26T09:11:27Z</begin><end>2026-04-26T09:11:28Z</end></TimeSpan><styleUrl>#point</styleUrl><Point><altitudeMode>clampToGround</altitudeMode><coordinates>27.615246009081602,-24.456102009862661,1900.6600000000001</coordinates></Point></Placemark><Placemark><TimeSpan><begin>2026-04-26T09:11:28Z</begin><end>2026-04-26T09:11:29Z</end></TimeSpan><styleUrl>#point</styleUrl><Point><altitudeMode>clampToGround</altitudeMode><coordinates>27.61521901935339,-24.456195970997214,1901.1400000000001</coordinates></Point></Placemark><Placemark><TimeSpan><begin>2026-04-26T09:11:29Z</begin><end>2026-04-26T09:11:30Z</end></TimeSpan><styleUrl>#point</styleUrl><Point><altitudeMode>clampToGround</altitudeMode><coordinates>27.615210972726345,-24.456236958503723,1902.1099999999999</coordinates></Point></Placemark><Placemark><TimeSpan><begin>2026-04-26T09:11:30Z</begin><end>2026-04-26T09:11:31Z</end></TimeSpan><styleUrl>#point</styleUrl><Point><altitudeMode>clampToGround</altitudeMode><coordinates>27.615210972726345,-24.456236958503723,1902.5899999999999</coordinates></Point></Placemark><Placemark><TimeSpan><begin>2026-04-26T09:11:31Z</begin><end>2026-04-26T09:11:32Z</end></TimeSpan><styleUrl>#point</styleUrl><Point><altitudeMode>clampToGround</altitudeMode><coordinates>27.615226982161403,-24.456284986808896,1903.55</coordinates></Point></Placemark><Placemark><TimeSpan><begin>2026-04-26T09:11:32Z</begin><end>2026-04-26T09:11:33Z</end></TimeSpan><styleUrl>#point</styleUrl><Point><altitudeMode>clampToGround</altitudeMode><coordinates>27.61524299159646,-24.45633502677083,1904.03</coordinates></Point></Placemark><Placemark><TimeSpan><begin>2026-04-26T09:11:33Z</begin><end>2026-04-26T09:11:34Z</end></TimeSpan><styleUrl>#point</styleUrl><Point><altitudeMode>clampToGround</altitudeMode><coordinates>27.615260006859899,-24.456384982913733,1904.99</coordinates></Point></Placemark><Placemark><TimeSpan><begin>2026-04-26T09:11:34Z</begin><end>2026-04-26T09:11:35Z</end></TimeSpan><styleUrl>#point</styleUrl><Point><altitudeMode>clampToGround</altitudeMode><coordinates>27.615281967446208,-24.456432005390525,1905.95</coordinates></Point></Placemark><Placemark><TimeSpan><begin>2026-04-26T09:11:35Z</begin><end>2026-04-26T09:11:36Z</end></TimeSpan><styleUrl>#point</styleUrl><Point><altitudeMode>clampToGround</altitudeMode><coordinates>27.615324966609478,-24.456468969583511,1906.4300000000001</coordinates></Point></Placemark><Placemark><TimeSpan><begin>2026-04-26T09:11:36Z</begin><end>2026-04-26T09:11:37Z</end></TimeSpan><styleUrl>#point</styleUrl><Point><altitudeMode>clampToGround</altitudeMode><coordinates>27.615368971601129,-24.45650601759553,1907.3900000000001</coordinates></Point></Placemark><Placemark><TimeSpan><begin>2026-04-26T09:11:37Z</begin><end>2026-04-26T09:11:42Z</end></TimeSpan><styleUrl>#point</styleUrl><Point><altitudeMode>clampToGround</altitudeMode><coordinates>27.615617997944355,-24.456717995926738,1911.24</coordinates></Point></Placemark><Placemark><TimeSpan><begin>2026-04-26T09:11:42Z</begin><end>2026-04-26T09:11:44Z</end></TimeSpan><styleUrl>#point</styleUrl><Point><altitudeMode>clampToGround</altitudeMode><coordinates>27.615767028182745,-24.456826960667968,1911.72</coordinates></Point></Placemark><Placemark><TimeSpan><begin>2026-04-26T09:11:44Z</begin><end>2026-04-26T09:11:52Z</end></TimeSpan><styleUrl>#point</styleUrl><Point><altitudeMode>clampToGround</altitudeMode><coordinates>27.615878004580736,-24.456892004236579,1913.1600000000001</coordinates></Point></Placemark><Placemark><TimeSpan><begin>2026-04-26T09:11:52Z</begin><end>2026-04-26T09:12:25Z</end></TimeSpan><styleUrl>#point</styleUrl><Point><altitudeMode>clampToGround</altitudeMode><coordinates>27.616074979305267,-24.457007003948092,1915.0799999999999</coordinates></Point></Placemark><Placemark><TimeSpan><begin>2026-04-26T09:12:25Z</begin><end>2026-04-26T09:12:26Z</end></TimeSpan><styleUrl>#point</styleUrl><Point><altitudeMode>clampToGround</altitudeMode><coordinates>27.616119990125299,-24.457032987847924,1915.5599999999999</coordinates></Point></Placemark><Placemark><TimeSpan><begin>2026-04-26T09:12:26Z</begin><end>2026-04-26T09:12:27Z</end></TimeSpan><styleUrl>#point</styleUrl><Point><altitudeMode>clampToGround</altitudeMode><coordinates>27.616163995116949,-24.457058971747756,1916.04</coordinates></Point></Placemark><Placemark><TimeSpan><begin>2026-04-26T09:12:27Z</begin><end>2026-04-26T09:12:28Z</end></TimeSpan><styleUrl>#point</styleUrl><Point><altitudeMode>clampToGround</altitudeMode><coordinates>27.616202970966697,-24.457082021981478,1916.04</coordinates></Point></Placemark><Placemark><TimeSpan><begin>2026-04-26T09:12:28Z</begin><end>2026-04-26T09:12:29Z</end></TimeSpan><styleUrl>#point</styleUrl><Point><altitudeMode>clampToGround</altitudeMode><coordinates>27.616216968744993,-24.457120997831225,1916.53</coordinates></Point></Placemark><Placemark><TimeSpan><begin>2026-04-26T09:12:29Z</begin><end>2026-04-26T09:12:30Z</end></TimeSpan><styleUrl>#point</styleUrl><Point><altitudeMode>clampToGround</altitudeMode><coordinates>27.616216968744993,-24.457157040014863,1916.53</coordinates></Point></Placemark><Placemark><TimeSpan><begin>2026-04-26T09:12:30Z</begin><end>2026-04-26T09:12:31Z</end></TimeSpan><styleUrl>#point</styleUrl><Point><altitudeMode>clampToGround</altitudeMode><coordinates>27.616216968744993,-24.457190986722708,1916.53</coordinates></Point></Placemark><Placemark><TimeSpan><begin>2026-04-26T09:12:31Z</begin><end>2026-04-26T09:12:32Z</end></TimeSpan><styleUrl>#point</styleUrl><Point><altitudeMode>clampToGround</altitudeMode><coordinates>27.616201965138316,-24.457224011421204,1916.53</coordinates></Point></Placemark><Placemark><TimeSpan><begin>2026-04-26T09:12:32Z</begin><end>2026-04-26T09:12:33Z</end></TimeSpan><styleUrl>#point</styleUrl><Point><altitudeMode>clampToGround</altitudeMode><coordinates>27.61616500094533,-24.457235997542739,1917.01</coordinates></Point></Placemark><Placemark><TimeSpan><begin>2026-04-26T09:12:33Z</begin><end>2026-04-26T09:12:34Z</end></TimeSpan><styleUrl>#point</styleUrl><Point><altitudeMode>clampToGround</altitudeMode><coordinates>27.616127030923963,-24.457248989492655,1917.01</coordinates></Point></Placemark><Placemark><TimeSpan><begin>2026-04-26T09:12:34Z</begin><end>2026-04-26T09:12:43Z</end></TimeSpan><styleUrl>#point</styleUrl><Point><altitudeMode>clampToGround</altitudeMode><coordinates>27.615633001551032,-24.457177994772792,1920.3699999999999</coordinates></Point></Placemark><Placemark><TimeSpan><begin>2026-04-26T09:12:43Z</begin><end>2026-04-26T09:12:47Z</end></TimeSpan><styleUrl>#point</styleUrl><Point><altitudeMode>clampToGround</altitudeMode><coordinates>27.615351034328341,-24.457126026973128,1923.25</coordinates></Point></Placemark><Placemark><TimeSpan><begin>2026-04-26T09:12:47Z</begin><end>2026-04-26T09:12:52Z</end></TimeSpan><styleUrl>#point</styleUrl><Point><altitudeMode>clampToGround</altitudeMode><coordinates>27.614982984960079,-24.457081016153097,1925.1800000000001</coordinates></Point></Placemark><Placemark><TimeSpan><begin>2026-04-26T09:12:52Z</begin><end>2026-04-26T09:12:53Z</end></TimeSpan><styleUrl>#point</styleUrl><Point><altitudeMode>clampToGround</altitudeMode><coordinates>27.614916013553739,-24.457096019759774,1925.6600000000001</coordinates></Point></Placemark><Placemark><TimeSpan><begin>2026-04-26T09:12:53Z</begin><end>2026-04-26T09:12:54Z</end></TimeSpan><styleUrl>#point</styleUrl><Point><altitudeMode>clampToGround</altitudeMode><coordinates>27.614848958328366,-24.457111023366451,1926.1400000000001</coordinates></Point></Placemark><Placemark><TimeSpan><begin>2026-04-26T09:12:54Z</begin><end>2026-04-26T09:12:55Z</end></TimeSpan><styleUrl>#point</styleUrl><Point><altitudeMode>clampToGround</altitudeMode><coordinates>27.614783998578787,-24.457125021144748,1926.6199999999999</coordinates></Point></Placemark><Placemark><TimeSpan><begin>2026-04-26T09:12:55Z</begin><end>2026-04-26T09:12:56Z</end></TimeSpan><styleUrl>#point</styleUrl><Point><altitudeMode>clampToGround</altitudeMode><coordinates>27.614719960838556,-24.457139018923044,1927.5799999999999</coordinates></Point></Placemark><Placemark><TimeSpan><begin>2026-04-26T09:12:56Z</begin><end>2026-04-26T09:12:57Z</end></TimeSpan><styleUrl>#point</styleUrl><Point><altitudeMode>clampToGround</altitudeMode><coordinates>27.614657012745738,-24.457153016701341,1928.0599999999999</coordinates></Point></Placemark><Placemark><TimeSpan><begin>2026-04-26T09:12:57Z</begin><end>2026-04-26T09:12:58Z</end></TimeSpan><styleUrl>#point</styleUrl><Point><altitudeMode>clampToGround</altitudeMode><coordinates>27.614599009975791,-24.457197021692991,1929.02</coordinates></Point></Placemark><Placemark><TimeSpan><begin>2026-04-26T09:12:58Z</begin><end>2026-04-26T09:13:02Z</end></TimeSpan><styleUrl>#point</styleUrl><Point><altitudeMode>clampToGround</altitudeMode><coordinates>27.61438300833106,-24.457375975325704,1932.3900000000001</coordinates></Point></Placemark><Placemark><TimeSpan><begin>2026-04-26T09:13:02Z</begin><end>2026-04-26T09:13:06Z</end></TimeSpan><styleUrl>#point</styleUrl><Point><altitudeMode>clampToGround</altitudeMode><coordinates>27.614170024171472,-24.457550989463925,1936.23</coordinates></Point></Placemark><Placemark><TimeSpan><begin>2026-04-26T09:13:06Z</begin><end>2026-04-26T09:13:10Z</end></TimeSpan><styleUrl>#point</styleUrl><Point><altitudeMode>clampToGround</altitudeMode><coordinates>27.613969026133418,-24.457716029137373,1939.5999999999999</coordinates></Point></Placemark><Placemark><TimeSpan><begin>2026-04-26T09:13:10Z</begin><end>2026-04-26T09:13:14Z</end></TimeSpan><styleUrl>#point</styleUrl><Point><altitudeMode>clampToGround</altitudeMode><coordinates>27.613750007003546,-24.457873022183776,1943.4400000000001</coordinates></Point></Placemark><Placemark><TimeSpan><begin>2026-04-26T09:13:14Z</begin><end>2026-04-26T09:13:18Z</end></TimeSpan><styleUrl>#point</styleUrl><Point><altitudeMode>clampToGround</altitudeMode><coordinates>27.613554038107395,-24.458006964996457,1947.29</coordinates></Point></Placemark><Placemark><TimeSpan><begin>2026-04-26T09:13:18Z</begin><end>2026-04-26T09:13:22Z</end></TimeSpan><styleUrl>#point</styleUrl><Point><altitudeMode>clampToGround</altitudeMode><coordinates>27.613353040069342,-24.458145014941692,1949.6900000000001</coordinates></Point></Placemark><Placemark><TimeSpan><begin>2026-04-26T09:13:22Z</begin><end>2026-04-26T09:13:23Z</end></TimeSpan><styleUrl>#point</styleUrl><Point><altitudeMode>clampToGround</altitudeMode><coordinates>27.613296965137124,-24.45818399079144,1950.6500000000001</coordinates></Point></Placemark><Placemark><TimeSpan><begin>2026-04-26T09:13:23Z</begin><end>2026-04-26T09:13:24Z</end></TimeSpan><styleUrl>#point</styleUrl><Point><altitudeMode>clampToGround</altitudeMode><coordinates>27.613242985680699,-24.458221038803458,1951.6099999999999</coordinates></Point></Placemark><Placemark><TimeSpan><begin>2026-04-26T09:13:24Z</begin><end>2026-04-26T09:13:25Z</end></TimeSpan><styleUrl>#point</styleUrl><Point><altitudeMode>clampToGround</altitudeMode><coordinates>27.613193029537797,-24.458254985511303,1952.5699999999999</coordinates></Point></Placemark><Placemark><TimeSpan><begin>2026-04-26T09:13:25Z</begin><end>2026-04-26T09:13:26Z</end></TimeSpan><styleUrl>#point</styleUrl><Point><altitudeMode>clampToGround</altitudeMode><coordinates>27.613179031759501,-24.458340983837843,1953.54</coordinates></Point></Placemark><Placemark><TimeSpan><begin>2026-04-26T09:13:26Z</begin><end>2026-04-26T09:13:27Z</end></TimeSpan><styleUrl>#point</styleUrl><Point><altitudeMode>clampToGround</altitudeMode><coordinates>27.613185988739133,-24.458396974951029,1954.5</coordinates></Point></Placemark><Placemark><TimeSpan><begin>2026-04-26T09:13:27Z</begin><end>2026-04-26T09:13:28Z</end></TimeSpan><styleUrl>#point</styleUrl><Point><altitudeMode>clampToGround</altitudeMode><coordinates>27.613193029537797,-24.458455983549356,1955.46</coordinates></Point></Placemark><Placemark><TimeSpan><begin>2026-04-26T09:13:28Z</begin><end>2026-04-26T09:13:29Z</end></TimeSpan><styleUrl>#point</styleUrl><Point><altitudeMode>clampToGround</altitudeMode><coordinates>27.613199986517429,-24.458515997976065,1956.4200000000001</coordinates></Point></Placemark><Placemark><TimeSpan><begin>2026-04-26T09:13:29Z</begin><end>2026-04-26T09:13:34Z</end></TimeSpan><styleUrl>#point</styleUrl><Point><altitudeMode>clampToGround</altitudeMode><coordinates>27.613238040357828,-24.458822021260858,1959.78</coordinates></Point></Placemark><Placemark><TimeSpan><begin>2026-04-26T09:13:34Z</begin><end>2026-04-26T09:13:38Z</end></TimeSpan><styleUrl>#point</styleUrl><Point><altitudeMode>clampToGround</altitudeMode><coordinates>27.613268969580531,-24.459074987098575,1963.1500000000001</coordinates></Point></Placemark><Placemark><TimeSpan><begin>2026-04-26T09:13:38Z</begin><end>2026-04-26T09:13:39Z</end></TimeSpan><styleUrl>#point</styleUrl><Point><altitudeMode>clampToGround</altitudeMode><coordinates>27.613275004550815,-24.45912997238338,1964.1099999999999</coordinates></Point></Placemark><Placemark><TimeSpan><begin>2026-04-26T09:13:39Z</begin><end>2026-04-26T09:13:40Z</end></TimeSpan><styleUrl>#point</styleUrl><Point><altitudeMode>clampToGround</altitudeMode><coordinates>27.61326503008604,-24.459174983203411,1964.5899999999999</coordinates></Point></Placemark><Placemark><TimeSpan><begin>2026-04-26T09:13:40Z</begin><end>2026-04-26T09:13:41Z</end></TimeSpan><styleUrl>#point</styleUrl><Point><altitudeMode>clampToGround</altitudeMode><coordinates>27.61324399150908,-24.459216976538301,1965.0699999999999</coordinates></Point></Placemark><Placemark><TimeSpan><begin>2026-04-26T09:13:41Z</begin><end>2026-04-26T09:13:42Z</end></TimeSpan><styleUrl>#point</styleUrl><Point><altitudeMode>clampToGround</altitudeMode><coordinates>27.6132239587605,-24.459256958216429,1966.03</coordinates></Point></Placemark><Placemark><TimeSpan><begin>2026-04-26T09:13:42Z</begin><end>2026-04-26T09:13:43Z</end></TimeSpan><styleUrl>#point</styleUrl><Point><altitudeMode>clampToGround</altitudeMode><coordinates>27.613191017881036,-24.459290988743305,1966.99</coordinates></Point></Placemark><Placemark><TimeSpan><begin>2026-04-26T09:13:43Z</begin><end>2026-04-26T09:13:44Z</end></TimeSpan><styleUrl>#point</styleUrl><Point><altitudeMode>clampToGround</altitudeMode><coordinates>27.613147012889385,-24.459314960986376,1967.48</coordinates></Point></Placemark><Placemark><TimeSpan><begin>2026-04-26T09:13:44Z</begin><end>2026-04-26T09:13:45Z</end></TimeSpan><styleUrl>#point</styleUrl><Point><altitudeMode>clampToGround</altitudeMode><coordinates>27.613100996240973,-24.459340022876859,1968.4400000000001</coordinates></Point></Placemark><Placemark><TimeSpan><begin>2026-04-26T09:13:45Z</begin><end>2026-04-26T09:13:51Z</end></TimeSpan><styleUrl>#point</styleUrl><Point><altitudeMode>clampToGround</altitudeMode><coordinates>27.612774018198252,-24.45951696485281,1971.3199999999999</coordinates></Point></Placemark><Placemark><TimeSpan><begin>2026-04-26T09:13:51Z</begin><end>2026-04-26T09:13:53Z</end></TimeSpan><styleUrl>#point</styleUrl><Point><altitudeMode>clampToGround</altitudeMode><coordinates>27.612654995173216,-24.459595000371337,1972.76</coordinates></Point></Placemark><Placemark><TimeSpan><begin>2026-04-26T09:13:53Z</begin><end>2026-04-26T09:13:54Z</end></TimeSpan><styleUrl>#point</styleUrl><Point><altitudeMode>clampToGround</altitudeMode><coordinates>27.612602021545172,-24.459640011191368,1973.72</coordinates></Point></Placemark><Placemark><TimeSpan><begin>2026-04-26T09:13:54Z</begin><end>2026-04-26T09:13:55Z</end></TimeSpan><styleUrl>#point</styleUrl><Point><altitudeMode>clampToGround</altitudeMode><coordinates>27.612550975754857,-24.459684016183019,1974.6900000000001</coordinates></Point></Placemark><Placemark><TimeSpan><begin>2026-04-26T09:13:55Z</begin><end>2026-04-26T09:13:56Z</end></TimeSpan><styleUrl>#point</styleUrl><Point><altitudeMode>clampToGround</altitudeMode><coordinates>27.612546030431986,-24.459736989811063,1975.6500000000001</coordinates></Point></Placemark><Placemark><TimeSpan><begin>2026-04-26T09:13:56Z</begin><end>2026-04-26T09:13:57Z</end></TimeSpan><styleUrl>#point</styleUrl><Point><altitudeMode>clampToGround</altitudeMode><coordinates>27.612543012946844,-24.459799015894532,1976.6099999999999</coordinates></Point></Placemark><Placemark><TimeSpan><begin>2026-04-26T09:13:57Z</begin><end>2026-04-26T09:13:58Z</end></TimeSpan><styleUrl>#point</styleUrl><Point><altitudeMode>clampToGround</altitudeMode><coordinates>27.612539995461702,-24.45986095815897,1977.0899999999999</coordinates></Point></Placemark><Placemark><TimeSpan><begin>2026-04-26T09:13:58Z</begin><end>2026-04-26T09:14:01Z</end></TimeSpan><styleUrl>#point</styleUrl><Point><altitudeMode>clampToGround</altitudeMode><coordinates>27.612531026825309,-24.460050975903869,1979.49</coordinates></Point></Placemark><Placemark><TimeSpan><begin>2026-04-26T09:14:01Z</begin><end>2026-04-26T09:14:02Z</end></TimeSpan><styleUrl>#point</styleUrl><Point><altitudeMode>clampToGround</altitudeMode><coordinates>27.612528009340167,-24.460113001987338,1980.45</coordinates></Point></Placemark><Placemark><TimeSpan><begin>2026-04-26T09:14:02Z</begin><end>2026-04-26T09:14:03Z</end></TimeSpan><styleUrl>#point</styleUrl><Point><altitudeMode>clampToGround</altitudeMode><coordinates>27.612548964098096,-24.460175028070807,1980.9300000000001</coordinates></Point></Placemark><Placemark><TimeSpan><begin>2026-04-26T09:14:03Z</begin><end>2026-04-26T09:14:04Z</end></TimeSpan><styleUrl>#point</styleUrl><Point><altitudeMode>clampToGround</altitudeMode><coordinates>27.612579977139831,-24.460230013355613,1981.9000000000001</coordinates></Point></Placemark><Placemark><TimeSpan><begin>2026-04-26T09:14:04Z</begin><end>2026-04-26T09:14:05Z</end></TimeSpan><styleUrl>#point</styleUrl><Point><altitudeMode>clampToGround</altitudeMode><coordinates>27.612617025151849,-24.460290027782321,1982.8599999999999</coordinates></Point></Placemark><Placemark><TimeSpan><begin>2026-04-26T09:14:05Z</begin><end>2026-04-26T09:14:06Z</end></TimeSpan><styleUrl>#point</styleUrl><Point><altitudeMode>clampToGround</altitudeMode><coordinates>27.612674022093415,-24.460323974490166,1983.3399999999999</coordinates></Point></Placemark><Placemark><TimeSpan><begin>2026-04-26T09:14:06Z</begin><end>2026-04-26T09:14:11Z</end></TimeSpan><styleUrl>#point</styleUrl><Point><altitudeMode>clampToGround</altitudeMode><coordinates>27.612976022064686,-24.460505023598671,1987.1800000000001</coordinates></Point></Placemark><Placemark><TimeSpan><begin>2026-04-26T09:14:11Z</begin><end>2026-04-26T09:14:15Z</end></TimeSpan><styleUrl>#point</styleUrl><Point><altitudeMode>clampToGround</altitudeMode><coordinates>27.613212978467345,-24.460691018030047,1990.0699999999999</coordinates></Point></Placemark><Placemark><TimeSpan><begin>2026-04-26T09:14:15Z</begin><end>2026-04-26T09:14:17Z</end></TimeSpan><styleUrl>#point</styleUrl><Point><altitudeMode>clampToGround</altitudeMode><coordinates>27.613321021199226,-24.460781961679459,1991.51</coordinates></Point></Placemark><Placemark><TimeSpan><begin>2026-04-26T09:14:17Z</begin><end>2026-04-26T09:14:18Z</end></TimeSpan><styleUrl>#point</styleUrl><Point><altitudeMode>clampToGround</altitudeMode><coordinates>27.613370977342129,-24.46082403883338,1991.99</coordinates></Point></Placemark><Placemark><TimeSpan><begin>2026-04-26T09:14:18Z</begin><end>2026-04-26T09:14:22Z</end></TimeSpan><styleUrl>#point</styleUrl><Point><altitudeMode>clampToGround</altitudeMode><coordinates>27.613514978438616,-24.461015984416008,1995.3499999999999</coordinates></Point></Placemark><Placemark><TimeSpan><begin>2026-04-26T09:14:22Z</begin><end>2026-04-26T09:14:24Z</end></TimeSpan><styleUrl>#point</styleUrl><Point><altitudeMode>clampToGround</altitudeMode><coordinates>27.613555965945125,-24.461112963035703,1996.8</coordinates></Point></Placemark><Placemark><TimeSpan><begin>2026-04-26T09:14:24Z</begin><end>2026-04-26T09:14:25Z</end></TimeSpan><styleUrl>#point</styleUrl><Point><altitudeMode>clampToGround</altitudeMode><coordinates>27.613573987036943,-24.461155962198973,1997.76</coordinates></Point></Placemark><Placemark><TimeSpan><begin>2026-04-26T09:14:25Z</begin><end>2026-04-26T09:14:26Z</end></TimeSpan><styleUrl>#point</styleUrl><Point><altitudeMode>clampToGround</altitudeMode><coordinates>27.613560995087028,-24.461179012432694,1998.24</coordinates></Point></Placemark><Placemark><TimeSpan><begin>2026-04-26T09:14:26Z</begin><end>2026-04-26T09:14:27Z</end></TimeSpan><styleUrl>#point</styleUrl><Point><altitudeMode>clampToGround</altitudeMode><coordinates>27.613527970388532,-24.461202984675765,1998.72</coordinates></Point></Placemark><Placemark><TimeSpan><begin>2026-04-26T09:14:27Z</begin><end>2026-04-26T09:14:28Z</end></TimeSpan><styleUrl>#point</styleUrl><Point><altitudeMode>clampToGround</altitudeMode><coordinates>27.613484971225262,-24.4612339977175,1999.2</coordinates></Point></Placemark><Placemark><TimeSpan><begin>2026-04-26T09:14:28Z</begin><end>2026-04-26T09:14:29Z</end></TimeSpan><styleUrl>#point</styleUrl><Point><altitudeMode>clampToGround</altitudeMode><coordinates>27.61343602091074,-24.461269034072757,1999.2</coordinates></Point></Placemark><Placemark><TimeSpan><begin>2026-04-26T09:14:29Z</begin><end>2026-04-26T09:14:30Z</end></TimeSpan><styleUrl>#point</styleUrl><Point><altitudeMode>clampToGround</altitudeMode><coordinates>27.613385980948806,-24.461303986608982,2000.1600000000001</coordinates></Point></Placemark><Placemark><TimeSpan><begin>2026-04-26T09:14:30Z</begin><end>2026-04-26T09:14:31Z</end></TimeSpan><styleUrl>#point</styleUrl><Point><altitudeMode>clampToGround</altitudeMode><coordinates>27.613335018977523,-24.461341034621,2000.6400000000001</coordinates></Point></Placemark><Placemark><TimeSpan><begin>2026-04-26T09:14:31Z</begin><end>2026-04-26T09:14:32Z</end></TimeSpan><styleUrl>#point</styleUrl><Point><altitudeMode>clampToGround</altitudeMode><coordinates>27.613283973187208,-24.461376992985606,2001.1199999999999</coordinates></Point></Placemark><Placemark><TimeSpan><begin>2026-04-26T09:14:32Z</begin><end>2026-04-26T09:14:33Z</end></TimeSpan><styleUrl>#point</styleUrl><Point><altitudeMode>clampToGround</altitudeMode><coordinates>27.61326402425766,-24.461441030725837,2001.1199999999999</coordinates></Point></Placemark><Placemark><TimeSpan><begin>2026-04-26T09:14:33Z</begin><end>2026-04-26T09:14:34Z</end></TimeSpan><styleUrl>#point</styleUrl><Point><altitudeMode>clampToGround</altitudeMode><coordinates>27.613250026479363,-24.461500039324164,2001.5999999999999</coordinates></Point></Placemark><Placemark><TimeSpan><begin>2026-04-26T09:14:34Z</begin><end>2026-04-26T09:14:35Z</end></TimeSpan><styleUrl>#point</styleUrl><Point><altitudeMode>clampToGround</altitudeMode><coordinates>27.613236028701067,-24.46155795827508,2002.5599999999999</coordinates></Point></Placemark><Placemark><TimeSpan><begin>2026-04-26T09:14:35Z</begin><end>2026-04-26T09:14:40Z</end></TimeSpan><styleUrl>#point</styleUrl><Point><altitudeMode>clampToGround</altitudeMode><coordinates>27.613175008445978,-24.461815031245351,2005.9300000000001</coordinates></Point></Placemark><Placemark><TimeSpan><begin>2026-04-26T09:14:40Z</begin><end>2026-04-26T09:14:46Z</end></TimeSpan><styleUrl>#point</styleUrl><Point><altitudeMode>clampToGround</altitudeMode><coordinates>27.613169979304075,-24.462124994024634,2009.29</coordinates></Point></Placemark><Placemark><TimeSpan><begin>2026-04-26T09:14:46Z</begin><end>2026-04-26T09:14:51Z</end></TimeSpan><styleUrl>#point</styleUrl><Point><altitudeMode>clampToGround</altitudeMode><coordinates>27.613169979304075,-24.462429005652666,2012.6600000000001</coordinates></Point></Placemark><Placemark><TimeSpan><begin>2026-04-26T09:14:51Z</begin><end>2026-04-26T09:14:52Z</end></TimeSpan><styleUrl>#point</styleUrl><Point><altitudeMode>clampToGround</altitudeMode><coordinates>27.613196969032288,-24.462490025907755,2013.1400000000001</coordinates></Point></Placemark><Placemark><TimeSpan><begin>2026-04-26T09:14:52Z</begin><end>2026-04-26T09:14:58Z</end></TimeSpan><styleUrl>#point</styleUrl><Point><altitudeMode>clampToGround</altitudeMode><coordinates>27.613376006484032,-24.46286897175014,2016.5</coordinates></Point></Placemark><Placemark><TimeSpan><begin>2026-04-26T09:14:58Z</begin><end>2026-04-26T09:15:03Z</end></TimeSpan><styleUrl>#point</styleUrl><Point><altitudeMode>clampToGround</altitudeMode><coordinates>27.61352201923728,-24.463177006691694,2020.3499999999999</coordinates></Point></Placemark><Placemark><TimeSpan><begin>2026-04-26T09:15:03Z</begin><end>2026-04-26T09:15:06Z</end></TimeSpan><styleUrl>#point</styleUrl><Point><altitudeMode>clampToGround</altitudeMode><coordinates>27.613644981756806,-24.463344980031252,2021.79</coordinates></Point></Placemark><Placemark><TimeSpan><begin>2026-04-26T09:15:06Z</begin><end>2026-04-26T09:15:20Z</end></TimeSpan><styleUrl>#point</styleUrl><Point><altitudeMode>clampToGround</altitudeMode><coordinates>27.614345038309693,-24.464227007701993,2024.1900000000001</coordinates></Point></Placemark><Placemark><TimeSpan><begin>2026-04-26T09:15:20Z</begin><end>2026-04-26T09:15:21Z</end></TimeSpan><styleUrl>#point</styleUrl><Point><altitudeMode>clampToGround</altitudeMode><coordinates>27.614386025816202,-24.464278975501657,2024.6700000000001</coordinates></Point></Placemark><Placemark><TimeSpan><begin>2026-04-26T09:15:21Z</begin><end>2026-04-26T09:15:22Z</end></TimeSpan><styleUrl>#point</styleUrl><Point><altitudeMode>clampToGround</altitudeMode><coordinates>27.614432964473963,-24.464377965778112,2025.1500000000001</coordinates></Point></Placemark><Placemark><TimeSpan><begin>2026-04-26T09:15:22Z</begin><end>2026-04-26T09:15:23Z</end></TimeSpan><styleUrl>#point</styleUrl><Point><altitudeMode>clampToGround</altitudeMode><coordinates>27.614432964473963,-24.464377965778112,2025.6400000000001</coordinates></Point></Placemark><Placemark><TimeSpan><begin>2026-04-26T09:15:23Z</begin><end>2026-04-26T09:15:30Z</end></TimeSpan><styleUrl>#point</styleUrl><Point><altitudeMode>clampToGround</altitudeMode><coordinates>27.614420978352427,-24.464487014338374,2026.1199999999999</coordinates></Point></Placemark><Placemark><TimeSpan><begin>2026-04-26T09:15:30Z</begin><end>2026-04-26T09:15:41Z</end></TimeSpan><styleUrl>#point</styleUrl><Point><altitudeMode>clampToGround</altitudeMode><coordinates>27.614420978352427,-24.464487014338374,2025.6400000000001</coordinates></Point></Placemark><Placemark><TimeSpan><begin>2026-04-26T09:15:41Z</begin><end>2026-04-26T09:15:42Z</end></TimeSpan><styleUrl>#point</styleUrl><Point><altitudeMode>clampToGround</altitudeMode><coordinates>27.614431958645582,-24.464388024061918,2025.6400000000001</coordinates></Point></Placemark><Placemark><TimeSpan><begin>2026-04-26T09:15:42Z</begin><end>2026-04-26T09:15:56Z</end></TimeSpan><styleUrl>#point</styleUrl><Point><altitudeMode>clampToGround</altitudeMode><coordinates>27.614379990845919,-24.464286016300321,2025.1500000000001</coordinates></Point></Placemark><Placemark><TimeSpan><begin>2026-04-26T09:15:56Z</begin><end>2026-04-26T09:17:03Z</end></TimeSpan><styleUrl>#point</styleUrl><Point><altitudeMode>clampToGround</altitudeMode><coordinates>27.614386025816202,-24.464290961623192,2025.6400000000001</coordinates></Point></Placemark><Placemark><TimeSpan><begin>2026-04-26T09:17:03Z</begin><end>2026-04-26T09:17:08Z</end></TimeSpan><styleUrl>#point</styleUrl><Point><altitudeMode>clampToGround</altitudeMode><coordinates>27.614429024979472,-24.464399004355073,2026.1199999999999</coordinates></Point></Placemark><Placemark><TimeSpan><begin>2026-04-26T09:17:08Z</begin><end>2026-04-26T09:17:15Z</end></TimeSpan><styleUrl>#point</styleUrl><Point><altitudeMode>clampToGround</altitudeMode><coordinates>27.614400023594499,-24.464693963527679,2029.48</coordinates></Point></Placemark><Placemark><TimeSpan><begin>2026-04-26T09:17:15Z</begin><end>2026-04-26T09:17:20Z</end></TimeSpan><styleUrl>#point</styleUrl><Point><altitudeMode>clampToGround</altitudeMode><coordinates>27.614327017217875,-24.464980037882924,2032.8399999999999</coordinates></Point></Placemark><Placemark><TimeSpan><begin>2026-04-26T09:17:20Z</begin><end>2026-04-26T09:17:25Z</end></TimeSpan><styleUrl>#point</styleUrl><Point><altitudeMode>clampToGround</altitudeMode><coordinates>27.61423003859818,-24.465313972905278,2036.21</coordinates></Point></Placemark><Placemark><TimeSpan><begin>2026-04-26T09:17:25Z</begin><end>2026-04-26T09:17:32Z</end></TimeSpan><styleUrl>#point</styleUrl><Point><altitudeMode>clampToGround</altitudeMode><coordinates>27.614087965339422,-24.465800961479545,2039.5699999999999</coordinates></Point></Placemark><Placemark><TimeSpan><begin>2026-04-26T09:17:32Z</begin><end>2026-04-26T09:17:41Z</end></TimeSpan><styleUrl>#point</styleUrl><Point><altitudeMode>clampToGround</altitudeMode><coordinates>27.613967014476657,-24.466056022793055,2040.54</coordinates></Point></Placemark></Folder><Placemark><name>[417] Lenong Pass - Ascend - 2026-04-26</name><Style><LineStyle><color>ff00ff00</color><width>4</width></LineStyle></Style><MultiGeometry><LineString><coordinates>27.603884004056454,-24.464378971606493,1613.71 27.604392031207681,-24.464273024350405,1612.75 27.604753039777279,-24.464003965258598,1614.6700000000001 27.604772988706827,-24.463727027177811,1611.79 27.604752033948898,-24.463438019156456,1608.9000000000001 27.604684978723526,-24.463125038892031,1606.5 27.604590011760592,-24.462562026455998,1605.54 27.604594035074115,-24.462357005104423,1604.5799999999999 27.604597974568605,-24.462161036208272,1606.02 27.60460501536727,-24.461812013760209,1606.5 27.60460602119565,-24.461759040132165,1606.98 27.604607027024031,-24.461704976856709,1606.5 27.604852030053735,-24.46110600605607,1602.6600000000001 27.604951020330191,-24.460896039381623,1603.1400000000001 27.604980021715164,-24.460834013298154,1603.1400000000001 27.605008017271757,-24.460786990821362,1603.1400000000001 27.605228964239359,-24.460534024983644,1606.5 27.605409007519484,-24.460325986146927,1609.3800000000001 27.6055290363729,-24.460105961188674,1613.23 27.605607993900776,-24.459952991455793,1616.5899999999999 27.605717964470387,-24.459737995639443,1619.96 27.605804968625307,-24.459562981501222,1622.8399999999999 27.605899013578892,-24.459333987906575,1626.21 27.606004038825631,-24.459081022068858,1629.5699999999999 27.606072016060352,-24.45891497656703,1631.01 27.606089031323791,-24.458874994888902,1631.01 27.606105962768197,-24.458834007382393,1631.49 27.606122978031635,-24.458791008219123,1631.49 27.606142004951835,-24.458747003227472,1631.49 27.606335040181875,-24.458491019904613,1633.9000000000001 27.606492033228278,-24.458350958302617,1637.74 27.606643997132778,-24.458216009661555,1640.6300000000001 27.606751034036279,-24.45812095887959,1643.99 27.606900986284018,-24.457988021895289,1647.3599999999999 27.607059990987182,-24.457920966669917,1651.2 27.60720600374043,-24.457911998033524,1653.1199999999999 27.607246991246939,-24.457909986376762,1653.5999999999999 27.607290996238589,-24.457906968891621,1653.5999999999999 27.607332989573479,-24.457881990820169,1653.5999999999999 27.60735897347331,-24.457852989435196,1654.0899999999999 27.607385041192174,-24.457823988050222,1654.5699999999999 27.607412030920386,-24.457792975008488,1655.53 27.60746500454843,-24.457732960581779,1656.49 27.607520995661616,-24.457669006660581,1657.45 27.60755100287497,-24.457635981962085,1657.9300000000001 27.607583021745086,-24.457600023597479,1658.4100000000001 27.607799023389816,-24.457469014450908,1661.78 27.608034973964095,-24.457366000860929,1665.1400000000001 27.608386008068919,-24.457213031128049,1668.51 27.608660012483597,-24.457229962572455,1671.8699999999999 27.608736036345363,-24.457252006977797,1672.8299999999999 27.608770988881588,-24.457261981442571,1673.3099999999999 27.609047004953027,-24.456998035311699,1676.2 27.609178014099598,-24.45687297731638,1679.0799999999999 27.609407007694244,-24.456717995926738,1682.4400000000001 27.609821995720267,-24.456515992060304,1685.8099999999999 27.609922997653484,-24.456323962658644,1688.21 27.609943030402064,-24.456286998465657,1688.6900000000001 27.609961973503232,-24.456250034272671,1688.6900000000001 27.610002039000392,-24.45618499070406,1689.1700000000001 27.610002039000392,-24.45618499070406,1689.6500000000001 27.610039003193378,-24.456164035946131,1690.1400000000001 27.610234972089529,-24.45605599321425,1693.5 27.610454997047782,-24.455934958532453,1696.3800000000001 27.610688013955951,-24.45581803098321,1699.75 27.610846012830734,-24.455757010728121,1700.71 27.610885994508862,-24.455742007121444,1701.1900000000001 27.610906027257442,-24.45571199990809,1701.6700000000001 27.61092103086412,-24.455673024058342,1701.6700000000001 27.610937040299177,-24.455632958561182,1702.1500000000001 27.611147006973624,-24.455328024923801,1705.04 27.611221019178629,-24.455202966928482,1704.55 27.611192017793655,-24.455137001350522,1706 27.611124040558934,-24.45498201996088,1708.4000000000001 27.611124040558934,-24.45498201996088,1707.9200000000001 27.611089004203677,-24.454903984442353,1708.8800000000001 27.610972998663783,-24.454639032483101,1711.76 27.610868979245424,-24.45440299808979,1714.6500000000001 27.610774012282491,-24.45418699644506,1718.01 27.610630011186004,-24.453965965658426,1721.3800000000001 27.610606960952282,-24.453931013122201,1721.8599999999999 27.61058097705245,-24.453898994252086,1722.8199999999999 27.610549964010715,-24.453868987038732,1723.3 27.610403029248118,-24.453721968457103,1726.1800000000001 27.610238995403051,-24.453490963205695,1729.55 27.610231032595038,-24.453446036204696,1730.03 27.610185015946627,-24.453165996819735,1733.3900000000001 27.610165989026427,-24.452906996011734,1736.76 27.610165989026427,-24.452692000195384,1739.6400000000001 27.610165989026427,-24.452564008533955,1742.05 27.610165989026427,-24.452518997713923,1743.01 27.610175041481853,-24.452482033520937,1743.97 27.610270008444786,-24.452301990240812,1746.8499999999999 27.610439993441105,-24.451977023854852,1750.22 27.610626993700862,-24.451620960608125,1753.5799999999999 27.610723972320557,-24.45143798366189,1757.4300000000001 27.610845007002354,-24.451190968975425,1760.79 27.610914995893836,-24.4509850256145,1764.1600000000001 27.610997976735234,-24.450741028413177,1767.52 27.611091015860438,-24.45046903565526,1770.8900000000001 27.611177014186978,-24.45021397434175,1774.25 27.611241973936558,-24.449918009340763,1777.6099999999999 27.611248008906841,-24.449635958299041,1780.98 27.611252032220364,-24.449465973302722,1783.8599999999999 27.611255971714854,-24.4493099860847,1786.27 27.611256977543235,-24.449260029941797,1787.23 27.611258989199996,-24.449170008301735,1788.1900000000001 27.611259995028377,-24.449127009138465,1789.1500000000001 27.611383963376284,-24.448777986690402,1792.52 27.611477002501488,-24.448545975610614,1795.8800000000001 27.611563000828028,-24.448330979794264,1798.76 27.611581021919847,-24.448284963145852,1799.24 27.611598959192634,-24.448240958154202,1799.73 27.611627960577607,-24.448152026161551,1800.21 27.611656039953232,-24.44806301034987,1802.1300000000001 27.611670959740877,-24.448016993701458,1803.0899999999999 27.611729968339205,-24.44782898761332,1806.45 27.611809009686112,-24.447578033432364,1809.8199999999999 27.611843962222338,-24.447468984872103,1811.26 27.611858965829015,-24.4474190287292,1811.74 27.61189098469913,-24.447379969060421,1812.22 27.61206298135221,-24.447186011821032,1815.1099999999999 27.612233972176909,-24.446992976590991,1818.47 27.612273031845689,-24.446950983256102,1818.95 27.612312007695436,-24.44690597243607,1819.4300000000001 27.612349977716804,-24.446863979101181,1820.8699999999999 27.612376967445016,-24.446832966059446,1820.8699999999999 27.612366992980242,-24.446788039058447,1821.3499999999999 27.612359030172229,-24.446750991046429,1820.8699999999999 27.612352995201945,-24.446719978004694,1820.8699999999999 27.612345032393932,-24.446686031296849,1821.3499999999999 27.612303039059043,-24.446483021602035,1824.72 27.612293986603618,-24.446443961933255,1825.2 27.612290969118476,-24.446426024660468,1825.6800000000001 27.612329022958875,-24.446397023275495,1826.1600000000001 27.61236104182899,-24.446372967213392,1826.6400000000001 27.612389959394932,-24.446351006627083,1827.1199999999999 27.612413009628654,-24.446333991363645,1828.0799999999999 27.612430024892092,-24.446320999413729,1828.5599999999999 27.612487021833658,-24.446311024948955,1828.5599999999999 27.61274803429842,-24.446465000510216,1828.0799999999999 27.612797990441322,-24.446494001895189,1828.0799999999999 27.61283696629107,-24.446544041857123,1828.0799999999999 27.612851969897747,-24.446590980514884,1828.5599999999999 27.612867979332805,-24.446640014648438,1829.05 27.612882982939482,-24.44668997079134,1829.53 27.612960012629628,-24.446985013782978,1832.8900000000001 27.612988008186221,-24.447406958788633,1836.26 27.612996976822615,-24.447528999298811,1836.74 27.612979961559176,-24.447595970705152,1837.22 27.612478975206614,-24.44847296923399,1839.6199999999999 27.612447962164879,-24.448527032509446,1839.6199999999999 27.612398006021976,-24.448614036664367,1840.5799999999999 27.61240404099226,-24.448675978928804,1841.0599999999999 27.612408986315131,-24.4487280305475,1841.54 27.612415021285415,-24.448781004175544,1842.5 27.612418960779905,-24.448829032480717,1842.98 27.612461959943175,-24.448856022208929,1843.47 27.612507976591587,-24.448887035250664,1844.4300000000001 27.612722972407937,-24.449027013033628,1847.3099999999999 27.613152964040637,-24.449368994683027,1850.1900000000001 27.613640958443284,-24.449947010725737,1847.79 27.613679012283683,-24.450003001838923,1847.79 27.613713964819908,-24.450053041800857,1847.3099999999999 27.613731985911727,-24.450165024027228,1847.3099999999999 27.613731985911727,-24.450165024027228,1847.3099999999999 27.613751012831926,-24.45057800039649,1848.27 27.613757969811559,-24.450733987614512,1848.75 27.613795017823577,-24.451574021950364,1851.1600000000001 27.61380398645997,-24.451774014160037,1852.5999999999999 27.613815972581506,-24.452018011361361,1853.5599999999999 27.613913035020232,-24.452595021575689,1850.6800000000001 27.613942036405206,-24.45276802405715,1849.71 27.614207994192839,-24.453395996242762,1853.0799999999999 27.614321988075972,-24.453661032021046,1856.4400000000001 27.614427013322711,-24.453907962888479,1859.8099999999999 27.614527009427547,-24.454137040302157,1863.6500000000001 27.614732030779123,-24.454478016123176,1867.02 27.614972004666924,-24.454878000542521,1870.3800000000001 27.615009974688292,-24.454942038282752,1870.8599999999999 27.615051968023181,-24.454990988597274,1871.3399999999999 27.615111982449889,-24.455008003860712,1871.8199999999999 27.615166967734694,-24.455023007467389,1872.3 27.61521901935339,-24.455038011074066,1873.27 27.615270987153053,-24.455052008852363,1873.75 27.615446001291275,-24.455100037157536,1875.6700000000001 27.615511966869235,-24.455117974430323,1876.6300000000001 27.615577010437846,-24.455135995522141,1877.5899999999999 27.615639036521316,-24.45515301078558,1878.55 27.615691004320979,-24.455191986635327,1879.03 27.615732997655869,-24.455234985798597,1879.51 27.615777002647519,-24.455281002447009,1880 27.616042960435152,-24.455557018518448,1883.8399999999999 27.616096017882228,-24.455613009631634,1884.8 27.616148991510272,-24.455667994916439,1885.76 27.616212023422122,-24.455722980201244,1886.24 27.616287963464856,-24.455750975757837,1886.72 27.616363987326622,-24.45577796548605,1887.21 27.616568002849817,-24.455851977691054,1888.6500000000001 27.616621982306242,-24.455872010439634,1889.1300000000001 27.616664981469512,-24.455887014046311,1889.6099999999999 27.616647966206074,-24.455937976017594,1890.0899999999999 27.616647966206074,-24.455937976017594,1890.0899999999999 27.616626005619764,-24.45599396713078,1890.0899999999999 27.616626005619764,-24.45599396713078,1889.6099999999999 27.616586023941636,-24.455989021807909,1889.6099999999999 27.616535983979702,-24.455979969352484,1889.6099999999999 27.616140022873878,-24.455908974632621,1891.05 27.616071961820126,-24.455896988511086,1891.05 27.616071961820126,-24.455896988511086,1892.01 27.615739032626152,-24.45594996213913,1895.3800000000001 27.615415994077921,-24.456031015142798,1898.26 27.615354973822832,-24.456049958243966,1899.22 27.615298982709646,-24.456066973507404,1899.7 27.615246009081602,-24.456102009862661,1900.6600000000001 27.61521901935339,-24.456195970997214,1901.1400000000001 27.615210972726345,-24.456236958503723,1902.1099999999999 27.615210972726345,-24.456236958503723,1902.5899999999999 27.615226982161403,-24.456284986808896,1903.55 27.61524299159646,-24.45633502677083,1904.03 27.615260006859899,-24.456384982913733,1904.99 27.615281967446208,-24.456432005390525,1905.95 27.615324966609478,-24.456468969583511,1906.4300000000001 27.615368971601129,-24.45650601759553,1907.3900000000001 27.615617997944355,-24.456717995926738,1911.24 27.615767028182745,-24.456826960667968,1911.72 27.615878004580736,-24.456892004236579,1913.1600000000001 27.616074979305267,-24.457007003948092,1915.0799999999999 27.616119990125299,-24.457032987847924,1915.5599999999999 27.616163995116949,-24.457058971747756,1916.04 27.616202970966697,-24.457082021981478,1916.04 27.616216968744993,-24.457120997831225,1916.53 27.616216968744993,-24.457157040014863,1916.53 27.616216968744993,-24.457190986722708,1916.53 27.616201965138316,-24.457224011421204,1916.53 27.61616500094533,-24.457235997542739,1917.01 27.616127030923963,-24.457248989492655,1917.01 27.615633001551032,-24.457177994772792,1920.3699999999999 27.615351034328341,-24.457126026973128,1923.25 27.614982984960079,-24.457081016153097,1925.1800000000001 27.614916013553739,-24.457096019759774,1925.6600000000001 27.614848958328366,-24.457111023366451,1926.1400000000001 27.614783998578787,-24.457125021144748,1926.6199999999999 27.614719960838556,-24.457139018923044,1927.5799999999999 27.614657012745738,-24.457153016701341,1928.0599999999999 27.614599009975791,-24.457197021692991,1929.02 27.61438300833106,-24.457375975325704,1932.3900000000001 27.614170024171472,-24.457550989463925,1936.23 27.613969026133418,-24.457716029137373,1939.5999999999999 27.613750007003546,-24.457873022183776,1943.4400000000001 27.613554038107395,-24.458006964996457,1947.29 27.613353040069342,-24.458145014941692,1949.6900000000001 27.613296965137124,-24.45818399079144,1950.6500000000001 27.613242985680699,-24.458221038803458,1951.6099999999999 27.613193029537797,-24.458254985511303,1952.5699999999999 27.613179031759501,-24.458340983837843,1953.54 27.613185988739133,-24.458396974951029,1954.5 27.613193029537797,-24.458455983549356,1955.46 27.613199986517429,-24.458515997976065,1956.4200000000001 27.613238040357828,-24.458822021260858,1959.78 27.613268969580531,-24.459074987098575,1963.1500000000001 27.613275004550815,-24.45912997238338,1964.1099999999999 27.61326503008604,-24.459174983203411,1964.5899999999999 27.61324399150908,-24.459216976538301,1965.0699999999999 27.6132239587605,-24.459256958216429,1966.03 27.613191017881036,-24.459290988743305,1966.99 27.613147012889385,-24.459314960986376,1967.48 27.613100996240973,-24.459340022876859,1968.4400000000001 27.612774018198252,-24.45951696485281,1971.3199999999999 27.612654995173216,-24.459595000371337,1972.76 27.612602021545172,-24.459640011191368,1973.72 27.612550975754857,-24.459684016183019,1974.6900000000001 27.612546030431986,-24.459736989811063,1975.6500000000001 27.612543012946844,-24.459799015894532,1976.6099999999999 27.612539995461702,-24.45986095815897,1977.0899999999999 27.612531026825309,-24.460050975903869,1979.49 27.612528009340167,-24.460113001987338,1980.45 27.612548964098096,-24.460175028070807,1980.9300000000001 27.612579977139831,-24.460230013355613,1981.9000000000001 27.612617025151849,-24.460290027782321,1982.8599999999999 27.612674022093415,-24.460323974490166,1983.3399999999999 27.612976022064686,-24.460505023598671,1987.1800000000001 27.613212978467345,-24.460691018030047,1990.0699999999999 27.613321021199226,-24.460781961679459,1991.51 27.613370977342129,-24.46082403883338,1991.99 27.613514978438616,-24.461015984416008,1995.3499999999999 27.613555965945125,-24.461112963035703,1996.8 27.613573987036943,-24.461155962198973,1997.76 27.613560995087028,-24.461179012432694,1998.24 27.613527970388532,-24.461202984675765,1998.72 27.613484971225262,-24.4612339977175,1999.2 27.61343602091074,-24.461269034072757,1999.2 27.613385980948806,-24.461303986608982,2000.1600000000001 27.613335018977523,-24.461341034621,2000.6400000000001 27.613283973187208,-24.461376992985606,2001.1199999999999 27.61326402425766,-24.461441030725837,2001.1199999999999 27.613250026479363,-24.461500039324164,2001.5999999999999 27.613236028701067,-24.46155795827508,2002.5599999999999 27.613175008445978,-24.461815031245351,2005.9300000000001 27.613169979304075,-24.462124994024634,2009.29 27.613169979304075,-24.462429005652666,2012.6600000000001 27.613196969032288,-24.462490025907755,2013.1400000000001 27.613376006484032,-24.46286897175014,2016.5 27.61352201923728,-24.463177006691694,2020.3499999999999 27.613644981756806,-24.463344980031252,2021.79 27.614345038309693,-24.464227007701993,2024.1900000000001 27.614386025816202,-24.464278975501657,2024.6700000000001 27.614432964473963,-24.464377965778112,2025.1500000000001 27.614432964473963,-24.464377965778112,2025.6400000000001 27.614420978352427,-24.464487014338374,2026.1199999999999 27.614420978352427,-24.464487014338374,2025.6400000000001 27.614431958645582,-24.464388024061918,2025.6400000000001 27.614379990845919,-24.464286016300321,2025.1500000000001 27.614386025816202,-24.464290961623192,2025.6400000000001 27.614429024979472,-24.464399004355073,2026.1199999999999 27.614400023594499,-24.464693963527679,2029.48 27.614327017217875,-24.464980037882924,2032.8399999999999 27.61423003859818,-24.465313972905278,2036.21 27.614087965339422,-24.465800961479545,2039.5699999999999 27.613967014476657,-24.466056022793055,2040.54 </coordinates></LineString></MultiGeometry></Placemark></Folder></Folder></Document></kml>