<?xml version="1.0" encoding="utf-8"?><gpx creator="Garmin Desktop App" version="1.1" xsi:schemaLocation="http://www.topografix.com/GPX/1/1 http://www.topografix.com/GPX/1/1/gpx.xsd http://www.garmin.com/xmlschemas/WaypointExtension/v1 http://www8.garmin.com/xmlschemas/WaypointExtensionv1.xsd http://www.garmin.com/xmlschemas/TrackPointExtension/v1 http://www.garmin.com/xmlschemas/TrackPointExtensionv1.xsd http://www.garmin.com/xmlschemas/GpxExtensions/v3 http://www8.garmin.com/xmlschemas/GpxExtensionsv3.xsd http://www.garmin.com/xmlschemas/ActivityExtension/v1 http://www8.garmin.com/xmlschemas/ActivityExtensionv1.xsd http://www.garmin.com/xmlschemas/AdventuresExtensions/v1 http://www8.garmin.com/xmlschemas/AdventuresExtensionv1.xsd http://www.garmin.com/xmlschemas/PressureExtension/v1 http://www.garmin.com/xmlschemas/PressureExtensionv1.xsd http://www.garmin.com/xmlschemas/TripExtensions/v1 http://www.garmin.com/xmlschemas/TripExtensionsv1.xsd http://www.garmin.com/xmlschemas/TripMetaDataExtensions/v1 http://www.garmin.com/xmlschemas/TripMetaDataExtensionsv1.xsd http://www.garmin.com/xmlschemas/ViaPointTransportationModeExtensions/v1 http://www.garmin.com/xmlschemas/ViaPointTransportationModeExtensionsv1.xsd http://www.garmin.com/xmlschemas/CreationTimeExtension/v1 http://www.garmin.com/xmlschemas/CreationTimeExtensionsv1.xsd http://www.garmin.com/xmlschemas/AccelerationExtension/v1 http://www.garmin.com/xmlschemas/AccelerationExtensionv1.xsd http://www.garmin.com/xmlschemas/PowerExtension/v1 http://www.garmin.com/xmlschemas/PowerExtensionv1.xsd http://www.garmin.com/xmlschemas/VideoExtension/v1 http://www.garmin.com/xmlschemas/VideoExtensionv1.xsd" xmlns="http://www.topografix.com/GPX/1/1" xmlns:xsi="http://www.w3.org/2001/XMLSchema-instance" xmlns:wptx1="http://www.garmin.com/xmlschemas/WaypointExtension/v1" xmlns:gpxtrx="http://www.garmin.com/xmlschemas/GpxExtensions/v3" xmlns:gpxtpx="http://www.garmin.com/xmlschemas/TrackPointExtension/v1" xmlns:gpxx="http://www.garmin.com/xmlschemas/GpxExtensions/v3" xmlns:trp="http://www.garmin.com/xmlschemas/TripExtensions/v1" xmlns:adv="http://www.garmin.com/xmlschemas/AdventuresExtensions/v1" xmlns:prs="http://www.garmin.com/xmlschemas/PressureExtension/v1" xmlns:tmd="http://www.garmin.com/xmlschemas/TripMetaDataExtensions/v1" xmlns:vptm="http://www.garmin.com/xmlschemas/ViaPointTransportationModeExtensions/v1" xmlns:ctx="http://www.garmin.com/xmlschemas/CreationTimeExtension/v1" xmlns:gpxacc="http://www.garmin.com/xmlschemas/AccelerationExtension/v1" xmlns:gpxpx="http://www.garmin.com/xmlschemas/PowerExtension/v1" xmlns:vidx1="http://www.garmin.com/xmlschemas/VideoExtension/v1">

  <metadata>
    <link href="http://www.garmin.com">
      <text>Garmin International</text>
    </link>
    <time>2022-07-02T19:19:09Z</time>
    <bounds maxlat="-25.757829006761312" maxlon="31.117810998111963" minlat="-25.947337970137596" minlon="31.032028002664447" />
  </metadata>

  <trk>
    <name>[196B] Bulembu</name>
    <extensions>
      <gpxx:TrackExtension>
        <gpxx:DisplayColor>White</gpxx:DisplayColor>
      </gpxx:TrackExtension>
    </extensions>
    <trkseg>
      <trkpt lat="-25.762546006590128" lon="31.049856981262565">
        <ele>689.39999999999998</ele>
        <time>2021-09-25T08:38:27Z</time>
      </trkpt>
      <trkpt lat="-25.762499989941716" lon="31.049870979040861">
        <ele>687.48000000000002</ele>
        <time>2021-09-25T08:38:29Z</time>
      </trkpt>
      <trkpt lat="-25.762453973293304" lon="31.049924036487937">
        <ele>687.96000000000004</ele>
        <time>2021-09-25T08:38:31Z</time>
      </trkpt>
      <trkpt lat="-25.762430001050234" lon="31.049990002065897">
        <ele>687.96000000000004</ele>
        <time>2021-09-25T08:38:32Z</time>
      </trkpt>
      <trkpt lat="-25.762419020757079" lon="31.050074994564056">
        <ele>688.91999999999996</ele>
        <time>2021-09-25T08:38:33Z</time>
      </trkpt>
      <trkpt lat="-25.762418014928699" lon="31.050172979012132">
        <ele>689.39999999999998</ele>
        <time>2021-09-25T08:38:34Z</time>
      </trkpt>
      <trkpt lat="-25.76242396607995" lon="31.05027699843049">
        <ele>688.91999999999996</ele>
        <time>2021-09-25T08:38:35Z</time>
      </trkpt>
      <trkpt lat="-25.762480041012168" lon="31.050907988101244">
        <ele>691.80999999999995</ele>
        <time>2021-09-25T08:38:40Z</time>
      </trkpt>
      <trkpt lat="-25.762532008811831" lon="31.051358012482524">
        <ele>693.25</ele>
        <time>2021-09-25T08:38:43Z</time>
      </trkpt>
      <trkpt lat="-25.762568973004818" lon="31.051690019667149">
        <ele>694.69000000000005</ele>
        <time>2021-09-25T08:38:45Z</time>
      </trkpt>
      <trkpt lat="-25.762655977159739" lon="31.052404996007681">
        <ele>699.5</ele>
        <time>2021-09-25T08:38:49Z</time>
      </trkpt>
      <trkpt lat="-25.762686990201473" lon="31.052587972953916">
        <ele>698.52999999999997</ele>
        <time>2021-09-25T08:38:50Z</time>
      </trkpt>
      <trkpt lat="-25.762889999896288" lon="31.05332599952817">
        <ele>702.38</ele>
        <time>2021-09-25T08:38:54Z</time>
      </trkpt>
      <trkpt lat="-25.762964012101293" lon="31.053506964817643">
        <ele>702.38</ele>
        <time>2021-09-25T08:38:55Z</time>
      </trkpt>
      <trkpt lat="-25.763443037867546" lon="31.054369965568185">
        <ele>705.75</ele>
        <time>2021-09-25T08:39:00Z</time>
      </trkpt>
      <trkpt lat="-25.76369097456336" lon="31.054697027429938">
        <ele>706.23000000000002</ele>
        <time>2021-09-25T08:39:02Z</time>
      </trkpt>
      <trkpt lat="-25.764116020873189" lon="31.055137999355793">
        <ele>708.14999999999998</ele>
        <time>2021-09-25T08:39:05Z</time>
      </trkpt>
      <trkpt lat="-25.765126040205359" lon="31.055810982361436">
        <ele>710.54999999999995</ele>
        <time>2021-09-25T08:39:11Z</time>
      </trkpt>
      <trkpt lat="-25.766343008726835" lon="31.056122034788132">
        <ele>714.39999999999998</ele>
        <time>2021-09-25T08:39:17Z</time>
      </trkpt>
      <trkpt lat="-25.767222018912435" lon="31.056191017851233">
        <ele>717.27999999999997</ele>
        <time>2021-09-25T08:39:21Z</time>
      </trkpt>
      <trkpt lat="-25.767417987808585" lon="31.056235022842884">
        <ele>717.75999999999999</ele>
        <time>2021-09-25T08:39:22Z</time>
      </trkpt>
      <trkpt lat="-25.76759903691709" lon="31.056299982592463">
        <ele>718.24000000000001</ele>
        <time>2021-09-25T08:39:23Z</time>
      </trkpt>
      <trkpt lat="-25.767768016085029" lon="31.056382041424513">
        <ele>718.72000000000003</ele>
        <time>2021-09-25T08:39:24Z</time>
      </trkpt>
      <trkpt lat="-25.767929032444954" lon="31.056483965367079">
        <ele>720.64999999999998</ele>
        <time>2021-09-25T08:39:25Z</time>
      </trkpt>
      <trkpt lat="-25.768082002177835" lon="31.056601982563734">
        <ele>720.64999999999998</ele>
        <time>2021-09-25T08:39:26Z</time>
      </trkpt>
      <trkpt lat="-25.768232960253954" lon="31.056728968396783">
        <ele>721.61000000000001</ele>
        <time>2021-09-25T08:39:27Z</time>
      </trkpt>
      <trkpt lat="-25.769005017355084" lon="31.057405974715948">
        <ele>724.97000000000003</ele>
        <time>2021-09-25T08:39:32Z</time>
      </trkpt>
      <trkpt lat="-25.769164022058249" lon="31.057545030489564">
        <ele>725.45000000000005</ele>
        <time>2021-09-25T08:39:33Z</time>
      </trkpt>
      <trkpt lat="-25.769638018682599" lon="31.057962030172348">
        <ele>728.82000000000005</ele>
        <time>2021-09-25T08:39:36Z</time>
      </trkpt>
      <trkpt lat="-25.769949993118644" lon="31.058229999616742">
        <ele>732.17999999999995</ele>
        <time>2021-09-25T08:39:38Z</time>
      </trkpt>
      <trkpt lat="-25.770258028060198" lon="31.058494029566646">
        <ele>733.13999999999999</ele>
        <time>2021-09-25T08:39:40Z</time>
      </trkpt>
      <trkpt lat="-25.770566985011101" lon="31.058759987354279">
        <ele>737.95000000000005</ele>
        <time>2021-09-25T08:39:42Z</time>
      </trkpt>
      <trkpt lat="-25.770872002467513" lon="31.059024017304182">
        <ele>741.30999999999995</ele>
        <time>2021-09-25T08:39:44Z</time>
      </trkpt>
      <trkpt lat="-25.771020026877522" lon="31.059153014793992">
        <ele>740.83000000000004</ele>
        <time>2021-09-25T08:39:45Z</time>
      </trkpt>
      <trkpt lat="-25.771372988820076" lon="31.059515029191971">
        <ele>742.27999999999997</ele>
        <time>2021-09-25T08:39:48Z</time>
      </trkpt>
      <trkpt lat="-25.771441971883178" lon="31.059645032510161">
        <ele>743.24000000000001</ele>
        <time>2021-09-25T08:39:49Z</time>
      </trkpt>
      <trkpt lat="-25.771482959389687" lon="31.059785010293126">
        <ele>743.24000000000001</ele>
        <time>2021-09-25T08:39:50Z</time>
      </trkpt>
      <trkpt lat="-25.771493017673492" lon="31.059929011389613">
        <ele>743.72000000000003</ele>
        <time>2021-09-25T08:39:51Z</time>
      </trkpt>
      <trkpt lat="-25.771470973268151" lon="31.060069995000958">
        <ele>745.15999999999997</ele>
        <time>2021-09-25T08:39:52Z</time>
      </trkpt>
      <trkpt lat="-25.771420011296868" lon="31.060204021632671">
        <ele>746.12</ele>
        <time>2021-09-25T08:39:53Z</time>
      </trkpt>
      <trkpt lat="-25.771343987435102" lon="31.060322960838675">
        <ele>746.60000000000002</ele>
        <time>2021-09-25T08:39:54Z</time>
      </trkpt>
      <trkpt lat="-25.771244997158647" lon="31.060419017449021">
        <ele>748.03999999999996</ele>
        <time>2021-09-25T08:39:55Z</time>
      </trkpt>
      <trkpt lat="-25.771128991618752" lon="31.060488000512123">
        <ele>749.97000000000003</ele>
        <time>2021-09-25T08:39:56Z</time>
      </trkpt>
      <trkpt lat="-25.771002005785704" lon="31.060527982190251">
        <ele>750.45000000000005</ele>
        <time>2021-09-25T08:39:57Z</time>
      </trkpt>
      <trkpt lat="-25.770869990810752" lon="31.060538040474057">
        <ele>751.40999999999997</ele>
        <time>2021-09-25T08:39:58Z</time>
      </trkpt>
      <trkpt lat="-25.770738981664181" lon="31.060515996068716">
        <ele>751.88999999999999</ele>
        <time>2021-09-25T08:39:59Z</time>
      </trkpt>
      <trkpt lat="-25.770609984174371" lon="31.060461010783911">
        <ele>753.33000000000004</ele>
        <time>2021-09-25T08:40:00Z</time>
      </trkpt>
      <trkpt lat="-25.770484004169703" lon="31.060382975265384">
        <ele>754.76999999999998</ele>
        <time>2021-09-25T08:40:01Z</time>
      </trkpt>
      <trkpt lat="-25.770355006679893" lon="31.060295971110463">
        <ele>756.69000000000005</ele>
        <time>2021-09-25T08:40:02Z</time>
      </trkpt>
      <trkpt lat="-25.769929038360715" lon="31.06003001332283">
        <ele>760.05999999999995</ele>
        <time>2021-09-25T08:40:05Z</time>
      </trkpt>
      <trkpt lat="-25.769518995657563" lon="31.059801019728184">
        <ele>762.94000000000005</ele>
        <time>2021-09-25T08:40:08Z</time>
      </trkpt>
      <trkpt lat="-25.769397960975766" lon="31.059784004464746">
        <ele>762.94000000000005</ele>
        <time>2021-09-25T08:40:09Z</time>
      </trkpt>
      <trkpt lat="-25.769291007891297" lon="31.059806970879436">
        <ele>763.89999999999998</ele>
        <time>2021-09-25T08:40:10Z</time>
      </trkpt>
      <trkpt lat="-25.769200986251235" lon="31.059862039983273">
        <ele>764.87</ele>
        <time>2021-09-25T08:40:11Z</time>
      </trkpt>
      <trkpt lat="-25.769130997359753" lon="31.059945020824671">
        <ele>766.78999999999996</ele>
        <time>2021-09-25T08:40:12Z</time>
      </trkpt>
      <trkpt lat="-25.769078023731709" lon="31.060047028586268">
        <ele>767.26999999999998</ele>
        <time>2021-09-25T08:40:13Z</time>
      </trkpt>
      <trkpt lat="-25.769037958234549" lon="31.060162028297782">
        <ele>769.66999999999996</ele>
        <time>2021-09-25T08:40:14Z</time>
      </trkpt>
      <trkpt lat="-25.769009962677956" lon="31.06028700247407">
        <ele>771.11000000000001</ele>
        <time>2021-09-25T08:40:15Z</time>
      </trkpt>
      <trkpt lat="-25.768991019576788" lon="31.060422034934163">
        <ele>771.60000000000002</ele>
        <time>2021-09-25T08:40:16Z</time>
      </trkpt>
      <trkpt lat="-25.768981967121363" lon="31.06056503020227">
        <ele>774</ele>
        <time>2021-09-25T08:40:17Z</time>
      </trkpt>
      <trkpt lat="-25.768981967121363" lon="31.060714982450008">
        <ele>775.44000000000005</ele>
        <time>2021-09-25T08:40:18Z</time>
      </trkpt>
      <trkpt lat="-25.768990013748407" lon="31.06086996383965">
        <ele>777.36000000000001</ele>
        <time>2021-09-25T08:40:19Z</time>
      </trkpt>
      <trkpt lat="-25.769006023183465" lon="31.061029974371195">
        <ele>779.76999999999998</ele>
        <time>2021-09-25T08:40:20Z</time>
      </trkpt>
      <trkpt lat="-25.769033012911677" lon="31.06119099073112">
        <ele>780.73000000000002</ele>
        <time>2021-09-25T08:40:21Z</time>
      </trkpt>
      <trkpt lat="-25.769066959619522" lon="31.061352007091045">
        <ele>782.16999999999996</ele>
        <time>2021-09-25T08:40:22Z</time>
      </trkpt>
      <trkpt lat="-25.76914600096643" lon="31.061678985133767">
        <ele>787.46000000000004</ele>
        <time>2021-09-25T08:40:24Z</time>
      </trkpt>
      <trkpt lat="-25.769229987636209" lon="31.062015015631914">
        <ele>791.77999999999997</ele>
        <time>2021-09-25T08:40:26Z</time>
      </trkpt>
      <trkpt lat="-25.769310034811497" lon="31.062352973967791">
        <ele>796.11000000000001</ele>
        <time>2021-09-25T08:40:28Z</time>
      </trkpt>
      <trkpt lat="-25.769437020644546" lon="31.06286502443254">
        <ele>800.44000000000005</ele>
        <time>2021-09-25T08:40:31Z</time>
      </trkpt>
      <trkpt lat="-25.769521007314324" lon="31.063213041052222">
        <ele>806.20000000000005</ele>
        <time>2021-09-25T08:40:33Z</time>
      </trkpt>
      <trkpt lat="-25.769651010632515" lon="31.063739005476236">
        <ele>811.97000000000003</ele>
        <time>2021-09-25T08:40:36Z</time>
      </trkpt>
      <trkpt lat="-25.769696021452546" lon="31.063916031271219">
        <ele>816.77999999999997</ele>
        <time>2021-09-25T08:40:37Z</time>
      </trkpt>
      <trkpt lat="-25.769820995628834" lon="31.064454987645149">
        <ele>823.02999999999997</ele>
        <time>2021-09-25T08:40:40Z</time>
      </trkpt>
      <trkpt lat="-25.769911017268896" lon="31.064813984557986">
        <ele>828.30999999999995</ele>
        <time>2021-09-25T08:40:42Z</time>
      </trkpt>
      <trkpt lat="-25.770001038908958" lon="31.065168958157301">
        <ele>831.20000000000005</ele>
        <time>2021-09-25T08:40:44Z</time>
      </trkpt>
      <trkpt lat="-25.770073039457202" lon="31.065476993098855">
        <ele>834.55999999999995</ele>
        <time>2021-09-25T08:40:46Z</time>
      </trkpt>
      <trkpt lat="-25.770107991993427" lon="31.06570397503674">
        <ele>836.48000000000002</ele>
        <time>2021-09-25T08:40:48Z</time>
      </trkpt>
      <trkpt lat="-25.770119978114963" lon="31.065873960033059">
        <ele>838.40999999999997</ele>
        <time>2021-09-25T08:40:52Z</time>
      </trkpt>
      <trkpt lat="-25.770119978114963" lon="31.065877983346581">
        <ele>838.88999999999999</ele>
        <time>2021-09-25T08:41:02Z</time>
      </trkpt>
      <trkpt lat="-25.770119978114963" lon="31.065877983346581">
        <ele>839.85000000000002</ele>
        <time>2021-09-25T08:41:04Z</time>
      </trkpt>
      <trkpt lat="-25.770119978114963" lon="31.065877983346581">
        <ele>904.74000000000001</ele>
        <time>2021-09-25T08:41:23Z</time>
      </trkpt>
      <trkpt lat="-25.770119978114963" lon="31.065877983346581">
        <ele>839.37</ele>
        <time>2021-09-25T08:41:25Z</time>
      </trkpt>
      <trkpt lat="-25.7701560202986" lon="31.06589499861002">
        <ele>838.88999999999999</ele>
        <time>2021-09-25T08:41:29Z</time>
      </trkpt>
      <trkpt lat="-25.770122995600104" lon="31.06587496586144">
        <ele>838.40999999999997</ele>
        <time>2021-09-25T08:41:40Z</time>
      </trkpt>
      <trkpt lat="-25.770130036398768" lon="31.065868008881807">
        <ele>841.76999999999998</ele>
        <time>2021-09-25T08:55:22Z</time>
      </trkpt>
      <trkpt lat="-25.770139005035162" lon="31.065873960033059">
        <ele>842.73000000000002</ele>
        <time>2021-09-25T09:09:50Z</time>
      </trkpt>
      <trkpt lat="-25.77019901946187" lon="31.065947972238064">
        <ele>843.69000000000005</ele>
        <time>2021-09-25T09:09:53Z</time>
      </trkpt>
      <trkpt lat="-25.770218968391418" lon="31.066009998321533">
        <ele>844.17999999999995</ele>
        <time>2021-09-25T09:09:54Z</time>
      </trkpt>
      <trkpt lat="-25.770240006968379" lon="31.066086022183299">
        <ele>845.62</ele>
        <time>2021-09-25T09:09:55Z</time>
      </trkpt>
      <trkpt lat="-25.770304966717958" lon="31.06625902466476">
        <ele>847.53999999999996</ele>
        <time>2021-09-25T09:09:57Z</time>
      </trkpt>
      <trkpt lat="-25.770359029993415" lon="31.066360026597977">
        <ele>849.46000000000004</ele>
        <time>2021-09-25T09:09:58Z</time>
      </trkpt>
      <trkpt lat="-25.770424995571375" lon="31.066462034359574">
        <ele>851.38</ele>
        <time>2021-09-25T09:09:59Z</time>
      </trkpt>
      <trkpt lat="-25.770502025261521" lon="31.066554989665747">
        <ele>854.26999999999998</ele>
        <time>2021-09-25T09:10:00Z</time>
      </trkpt>
      <trkpt lat="-25.770587017759681" lon="31.066639982163906">
        <ele>855.71000000000004</ele>
        <time>2021-09-25T09:10:01Z</time>
      </trkpt>
      <trkpt lat="-25.770681984722614" lon="31.066719023510814">
        <ele>856.66999999999996</ele>
        <time>2021-09-25T09:10:02Z</time>
      </trkpt>
      <trkpt lat="-25.770787009969354" lon="31.066791024059057">
        <ele>858.59000000000003</ele>
        <time>2021-09-25T09:10:03Z</time>
      </trkpt>
      <trkpt lat="-25.770898992195725" lon="31.066854977980256">
        <ele>860.51999999999998</ele>
        <time>2021-09-25T09:10:04Z</time>
      </trkpt>
      <trkpt lat="-25.771011980250478" lon="31.066912980750203">
        <ele>862.44000000000005</ele>
        <time>2021-09-25T09:10:05Z</time>
      </trkpt>
      <trkpt lat="-25.771235022693872" lon="31.06703300960362">
        <ele>865.32000000000005</ele>
        <time>2021-09-25T09:10:07Z</time>
      </trkpt>
      <trkpt lat="-25.771340969949961" lon="31.067108027637005">
        <ele>867.25</ele>
        <time>2021-09-25T09:10:08Z</time>
      </trkpt>
      <trkpt lat="-25.771442977711558" lon="31.067196959629655">
        <ele>869.64999999999998</ele>
        <time>2021-09-25T09:10:09Z</time>
      </trkpt>
      <trkpt lat="-25.771644981577992" lon="31.067395024001598">
        <ele>873.5</ele>
        <time>2021-09-25T09:10:11Z</time>
      </trkpt>
      <trkpt lat="-25.771847991272807" lon="31.067598033696413">
        <ele>877.82000000000005</ele>
        <time>2021-09-25T09:10:13Z</time>
      </trkpt>
      <trkpt lat="-25.772055024281144" lon="31.067795008420944">
        <ele>881.19000000000005</ele>
        <time>2021-09-25T09:10:15Z</time>
      </trkpt>
      <trkpt lat="-25.772286029532552" lon="31.067964993417263">
        <ele>885.50999999999999</ele>
        <time>2021-09-25T09:10:17Z</time>
      </trkpt>
      <trkpt lat="-25.772414021193981" lon="31.068032970651984">
        <ele>887.90999999999997</ele>
        <time>2021-09-25T09:10:18Z</time>
      </trkpt>
      <trkpt lat="-25.772546958178282" lon="31.068082004785538">
        <ele>889.84000000000003</ele>
        <time>2021-09-25T09:10:19Z</time>
      </trkpt>
      <trkpt lat="-25.772680984809995" lon="31.068110000342131">
        <ele>890.79999999999995</ele>
        <time>2021-09-25T09:10:20Z</time>
      </trkpt>
      <trkpt lat="-25.772818028926849" lon="31.068116035312414">
        <ele>892.72000000000003</ele>
        <time>2021-09-25T09:10:21Z</time>
      </trkpt>
      <trkpt lat="-25.772958006709814" lon="31.068100025877357">
        <ele>894.63999999999999</ele>
        <time>2021-09-25T09:10:22Z</time>
      </trkpt>
      <trkpt lat="-25.773095972836018" lon="31.068061972036958">
        <ele>897.04999999999995</ele>
        <time>2021-09-25T09:10:23Z</time>
      </trkpt>
      <trkpt lat="-25.773226981982589" lon="31.068002041429281">
        <ele>898.00999999999999</ele>
        <time>2021-09-25T09:10:24Z</time>
      </trkpt>
      <trkpt lat="-25.773358996957541" lon="31.067934986203909">
        <ele>900.40999999999997</ele>
        <time>2021-09-25T09:10:25Z</time>
      </trkpt>
      <trkpt lat="-25.773639036342502" lon="31.067815963178873">
        <ele>905.22000000000003</ele>
        <time>2021-09-25T09:10:27Z</time>
      </trkpt>
      <trkpt lat="-25.773785971105099" lon="31.067777993157506">
        <ele>906.65999999999997</ele>
        <time>2021-09-25T09:10:28Z</time>
      </trkpt>
      <trkpt lat="-25.773935001343489" lon="31.067756032571197">
        <ele>910.02999999999997</ele>
        <time>2021-09-25T09:10:29Z</time>
      </trkpt>
      <trkpt lat="-25.774084031581879" lon="31.067748991772532">
        <ele>911.47000000000003</ele>
        <time>2021-09-25T09:10:30Z</time>
      </trkpt>
      <trkpt lat="-25.774234989657998" lon="31.067757960408926">
        <ele>914.35000000000002</ele>
        <time>2021-09-25T09:10:31Z</time>
      </trkpt>
      <trkpt lat="-25.774387959390879" lon="31.067783022299409">
        <ele>916.75</ele>
        <time>2021-09-25T09:10:32Z</time>
      </trkpt>
      <trkpt lat="-25.77453900128603" lon="31.067821998149157">
        <ele>917.72000000000003</ele>
        <time>2021-09-25T09:10:33Z</time>
      </trkpt>
      <trkpt lat="-25.77469096519053" lon="31.067877989262342">
        <ele>920.12</ele>
        <time>2021-09-25T09:10:34Z</time>
      </trkpt>
      <trkpt lat="-25.774842007085681" lon="31.067946972325444">
        <ele>923.48000000000002</ele>
        <time>2021-09-25T09:10:35Z</time>
      </trkpt>
      <trkpt lat="-25.7749929651618" lon="31.068028025329113">
        <ele>925.40999999999997</ele>
        <time>2021-09-25T09:10:36Z</time>
      </trkpt>
      <trkpt lat="-25.775144007056952" lon="31.068117041140795">
        <ele>928.76999999999998</ele>
        <time>2021-09-25T09:10:37Z</time>
      </trkpt>
      <trkpt lat="-25.775449024513364" lon="31.068294988945127">
        <ele>932.62</ele>
        <time>2021-09-25T09:10:39Z</time>
      </trkpt>
      <trkpt lat="-25.775600988417864" lon="31.068384004756808">
        <ele>936.46000000000004</ele>
        <time>2021-09-25T09:10:40Z</time>
      </trkpt>
      <trkpt lat="-25.775908017531037" lon="31.068562958389521">
        <ele>940.30999999999995</ele>
        <time>2021-09-25T09:10:42Z</time>
      </trkpt>
      <trkpt lat="-25.776210017502308" lon="31.068744007498026">
        <ele>945.59000000000003</ele>
        <time>2021-09-25T09:10:44Z</time>
      </trkpt>
      <trkpt lat="-25.776348989456892" lon="31.068847021088004">
        <ele>947.51999999999998</ele>
        <time>2021-09-25T09:10:45Z</time>
      </trkpt>
      <trkpt lat="-25.77647102996707" lon="31.06896897777915">
        <ele>948.48000000000002</ele>
        <time>2021-09-25T09:10:46Z</time>
      </trkpt>
      <trkpt lat="-25.776573037728667" lon="31.069109961390495">
        <ele>950.39999999999998</ele>
        <time>2021-09-25T09:10:47Z</time>
      </trkpt>
      <trkpt lat="-25.776654006913304" lon="31.069267960265279">
        <ele>952.32000000000005</ele>
        <time>2021-09-25T09:10:48Z</time>
      </trkpt>
      <trkpt lat="-25.776719972491264" lon="31.069440962746739">
        <ele>954.73000000000002</ele>
        <time>2021-09-25T09:10:49Z</time>
      </trkpt>
      <trkpt lat="-25.776852993294597" lon="31.069799959659576">
        <ele>958.57000000000005</ele>
        <time>2021-09-25T09:10:51Z</time>
      </trkpt>
      <trkpt lat="-25.777000011876225" lon="31.070161974057555">
        <ele>964.82000000000005</ele>
        <time>2021-09-25T09:10:53Z</time>
      </trkpt>
      <trkpt lat="-25.777206961065531" lon="31.070682993158698">
        <ele>969.63</ele>
        <time>2021-09-25T09:10:56Z</time>
      </trkpt>
      <trkpt lat="-25.777316009625793" lon="31.07096403837204">
        <ele>972.99000000000001</ele>
        <time>2021-09-25T09:10:58Z</time>
      </trkpt>
      <trkpt lat="-25.777453975751996" lon="31.071303002536297">
        <ele>976.84000000000003</ele>
        <time>2021-09-25T09:11:01Z</time>
      </trkpt>
      <trkpt lat="-25.777562018483877" lon="31.071529984474182">
        <ele>981.63999999999999</ele>
        <time>2021-09-25T09:11:03Z</time>
      </trkpt>
      <trkpt lat="-25.777631001546979" lon="31.071643978357315">
        <ele>982.60000000000002</ele>
        <time>2021-09-25T09:11:04Z</time>
      </trkpt>
      <trkpt lat="-25.777711970731616" lon="31.071755960583687">
        <ele>984.52999999999997</ele>
        <time>2021-09-25T09:11:05Z</time>
      </trkpt>
      <trkpt lat="-25.77780500985682" lon="31.071861991658807">
        <ele>986.45000000000005</ele>
        <time>2021-09-25T09:11:06Z</time>
      </trkpt>
      <trkpt lat="-25.777908023446798" lon="31.071957964450121">
        <ele>988.85000000000002</ele>
        <time>2021-09-25T09:11:07Z</time>
      </trkpt>
      <trkpt lat="-25.778021011501551" lon="31.072043962776661">
        <ele>990.29999999999995</ele>
        <time>2021-09-25T09:11:08Z</time>
      </trkpt>
      <trkpt lat="-25.778144979849458" lon="31.072117974981666">
        <ele>991.74000000000001</ele>
        <time>2021-09-25T09:11:09Z</time>
      </trkpt>
      <trkpt lat="-25.778280012309551" lon="31.072178995236754">
        <ele>993.65999999999997</ele>
        <time>2021-09-25T09:11:10Z</time>
      </trkpt>
      <trkpt lat="-25.778426025062799" lon="31.072225011885166">
        <ele>995.10000000000002</ele>
        <time>2021-09-25T09:11:11Z</time>
      </trkpt>
      <trkpt lat="-25.778573965653777" lon="31.072265999391675">
        <ele>997.01999999999998</ele>
        <time>2021-09-25T09:11:12Z</time>
      </trkpt>
      <trkpt lat="-25.778884012252092" lon="31.072347974404693">
        <ele>1000.87</ele>
        <time>2021-09-25T09:11:14Z</time>
      </trkpt>
      <trkpt lat="-25.779208978638053" lon="31.072431961074471">
        <ele>1004.72</ele>
        <time>2021-09-25T09:11:16Z</time>
      </trkpt>
      <trkpt lat="-25.779521958902478" lon="31.072508990764618">
        <ele>1007.6</ele>
        <time>2021-09-25T09:11:18Z</time>
      </trkpt>
      <trkpt lat="-25.779665037989616" lon="31.072532963007689">
        <ele>1008.5599999999999</ele>
        <time>2021-09-25T09:11:19Z</time>
      </trkpt>
      <trkpt lat="-25.779808033257723" lon="31.072536986321211">
        <ele>1010</ele>
        <time>2021-09-25T09:11:20Z</time>
      </trkpt>
      <trkpt lat="-25.779949016869068" lon="31.072516031563282">
        <ele>1010.48</ele>
        <time>2021-09-25T09:11:21Z</time>
      </trkpt>
      <trkpt lat="-25.780088994652033" lon="31.072477977722883">
        <ele>1012.41</ele>
        <time>2021-09-25T09:11:22Z</time>
      </trkpt>
      <trkpt lat="-25.780229978263378" lon="31.072431039065123">
        <ele>1014.8099999999999</ele>
        <time>2021-09-25T09:11:23Z</time>
      </trkpt>
      <trkpt lat="-25.780371967703104" lon="31.072389967739582">
        <ele>1016.73</ele>
        <time>2021-09-25T09:11:24Z</time>
      </trkpt>
      <trkpt lat="-25.780513035133481" lon="31.072371024638414">
        <ele>1018.17</ele>
        <time>2021-09-25T09:11:25Z</time>
      </trkpt>
      <trkpt lat="-25.780649995431304" lon="31.072379993274808">
        <ele>1019.13</ele>
        <time>2021-09-25T09:11:26Z</time>
      </trkpt>
      <trkpt lat="-25.780778992921114" lon="31.072415029630065">
        <ele>1020.1</ele>
        <time>2021-09-25T09:11:27Z</time>
      </trkpt>
      <trkpt lat="-25.780897010117769" lon="31.072474960237741">
        <ele>1021.54</ele>
        <time>2021-09-25T09:11:28Z</time>
      </trkpt>
      <trkpt lat="-25.780993988737464" lon="31.072563976049423">
        <ele>1022.5</ele>
        <time>2021-09-25T09:11:29Z</time>
      </trkpt>
      <trkpt lat="-25.781064983457327" lon="31.072678975760937">
        <ele>1023.46</ele>
        <time>2021-09-25T09:11:30Z</time>
      </trkpt>
      <trkpt lat="-25.781104965135455" lon="31.072810990735888">
        <ele>1024.4200000000001</ele>
        <time>2021-09-25T09:11:31Z</time>
      </trkpt>
      <trkpt lat="-25.781112005934119" lon="31.072951974347234">
        <ele>1026.3399999999999</ele>
        <time>2021-09-25T09:11:32Z</time>
      </trkpt>
      <trkpt lat="-25.781099013984203" lon="31.07309496961534">
        <ele>1028.75</ele>
        <time>2021-09-25T09:11:33Z</time>
      </trkpt>
      <trkpt lat="-25.781085016205907" lon="31.073237964883447">
        <ele>1030.6700000000001</ele>
        <time>2021-09-25T09:11:34Z</time>
      </trkpt>
      <trkpt lat="-25.781094990670681" lon="31.073369979858398">
        <ele>1030.6700000000001</ele>
        <time>2021-09-25T09:11:35Z</time>
      </trkpt>
      <trkpt lat="-25.781134972348809" lon="31.07348196208477">
        <ele>1031.6300000000001</ele>
        <time>2021-09-25T09:11:36Z</time>
      </trkpt>
      <trkpt lat="-25.781202027574182" lon="31.073576007038355">
        <ele>1032.5899999999999</ele>
        <time>2021-09-25T09:11:37Z</time>
      </trkpt>
      <trkpt lat="-25.781290959566832" lon="31.073654964566231">
        <ele>1035</ele>
        <time>2021-09-25T09:11:38Z</time>
      </trkpt>
      <trkpt lat="-25.781395984813571" lon="31.073722019791603">
        <ele>1035.48</ele>
        <time>2021-09-25T09:11:39Z</time>
      </trkpt>
      <trkpt lat="-25.781511990353465" lon="31.073778010904789">
        <ele>1036.9200000000001</ele>
        <time>2021-09-25T09:11:40Z</time>
      </trkpt>
      <trkpt lat="-25.781638976186514" lon="31.07382201589644">
        <ele>1039.3199999999999</ele>
        <time>2021-09-25T09:11:41Z</time>
      </trkpt>
      <trkpt lat="-25.781776020303369" lon="31.073853028938174">
        <ele>1040.76</ele>
        <time>2021-09-25T09:11:42Z</time>
      </trkpt>
      <trkpt lat="-25.781923960894346" lon="31.073877001181245">
        <ele>1042.6900000000001</ele>
        <time>2021-09-25T09:11:43Z</time>
      </trkpt>
      <trkpt lat="-25.782228978350759" lon="31.073926035314798">
        <ele>1046.53</ele>
        <time>2021-09-25T09:11:45Z</time>
      </trkpt>
      <trkpt lat="-25.782656036317348" lon="31.074015973135829">
        <ele>1050.8599999999999</ele>
        <time>2021-09-25T09:11:48Z</time>
      </trkpt>
      <trkpt lat="-25.782759971916676" lon="31.074064001441002">
        <ele>1051.8199999999999</ele>
        <time>2021-09-25T09:11:49Z</time>
      </trkpt>
      <trkpt lat="-25.782843958586454" lon="31.074129967018962">
        <ele>1052.78</ele>
        <time>2021-09-25T09:11:50Z</time>
      </trkpt>
      <trkpt lat="-25.782909002155066" lon="31.074213031679392">
        <ele>1053.74</ele>
        <time>2021-09-25T09:11:51Z</time>
      </trkpt>
      <trkpt lat="-25.782949989661574" lon="31.074309004470706">
        <ele>1055.1800000000001</ele>
        <time>2021-09-25T09:11:52Z</time>
      </trkpt>
      <trkpt lat="-25.782965999096632" lon="31.074413023889065">
        <ele>1056.1500000000001</ele>
        <time>2021-09-25T09:11:53Z</time>
      </trkpt>
      <trkpt lat="-25.782954012975097" lon="31.074521988630295">
        <ele>1057.5899999999999</ele>
        <time>2021-09-25T09:11:54Z</time>
      </trkpt>
      <trkpt lat="-25.78291998244822" lon="31.074635982513428">
        <ele>1059.99</ele>
        <time>2021-09-25T09:11:55Z</time>
      </trkpt>
      <trkpt lat="-25.782872959971428" lon="31.074756011366844">
        <ele>1061.4300000000001</ele>
        <time>2021-09-25T09:11:56Z</time>
      </trkpt>
      <trkpt lat="-25.782760977745056" lon="31.075023980811238">
        <ele>1064.8</ele>
        <time>2021-09-25T09:11:58Z</time>
      </trkpt>
      <trkpt lat="-25.782634997740388" lon="31.075330004096031">
        <ele>1069.5999999999999</ele>
        <time>2021-09-25T09:12:00Z</time>
      </trkpt>
      <trkpt lat="-25.782518992200494" lon="31.075648013502359">
        <ele>1072.97</ele>
        <time>2021-09-25T09:12:02Z</time>
      </trkpt>
      <trkpt lat="-25.782484961673617" lon="31.075807018205523">
        <ele>1074.8900000000001</ele>
        <time>2021-09-25T09:12:03Z</time>
      </trkpt>
      <trkpt lat="-25.782470963895321" lon="31.075968034565449">
        <ele>1076.8099999999999</ele>
        <time>2021-09-25T09:12:04Z</time>
      </trkpt>
      <trkpt lat="-25.782480016350746" lon="31.076126033440232">
        <ele>1078.26</ele>
        <time>2021-09-25T09:12:05Z</time>
      </trkpt>
      <trkpt lat="-25.782511029392481" lon="31.0762710403651">
        <ele>1078.74</ele>
        <time>2021-09-25T09:12:06Z</time>
      </trkpt>
      <trkpt lat="-25.782570037990808" lon="31.076394002884626">
        <ele>1079.7</ele>
        <time>2021-09-25T09:12:07Z</time>
      </trkpt>
      <trkpt lat="-25.782654024660587" lon="31.076492993161082">
        <ele>1081.1400000000001</ele>
        <time>2021-09-25T09:12:08Z</time>
      </trkpt>
      <trkpt lat="-25.782758966088295" lon="31.076563987880945">
        <ele>1082.5799999999999</ele>
        <time>2021-09-25T09:12:09Z</time>
      </trkpt>
      <trkpt lat="-25.782877989113331" lon="31.076611010357738">
        <ele>1083.54</ele>
        <time>2021-09-25T09:12:10Z</time>
      </trkpt>
      <trkpt lat="-25.783010004088283" lon="31.076635988429189">
        <ele>1084.99</ele>
        <time>2021-09-25T09:12:11Z</time>
      </trkpt>
      <trkpt lat="-25.783151993528008" lon="31.076643029227853">
        <ele>1086.9100000000001</ele>
        <time>2021-09-25T09:12:12Z</time>
      </trkpt>
      <trkpt lat="-25.783301023766398" lon="31.07663900591433">
        <ele>1087.8699999999999</ele>
        <time>2021-09-25T09:12:13Z</time>
      </trkpt>
      <trkpt lat="-25.783601012080908" lon="31.076646968722343">
        <ele>1091.23</ele>
        <time>2021-09-25T09:12:15Z</time>
      </trkpt>
      <trkpt lat="-25.783740989863873" lon="31.076683010905981">
        <ele>1091.71</ele>
        <time>2021-09-25T09:12:16Z</time>
      </trkpt>
      <trkpt lat="-25.783868981525302" lon="31.07674503698945">
        <ele>1092.6800000000001</ele>
        <time>2021-09-25T09:12:17Z</time>
      </trkpt>
      <trkpt lat="-25.783979035913944" lon="31.076835980638862">
        <ele>1093.6400000000001</ele>
        <time>2021-09-25T09:12:18Z</time>
      </trkpt>
      <trkpt lat="-25.784070985391736" lon="31.076952992007136">
        <ele>1094.5999999999999</ele>
        <time>2021-09-25T09:12:19Z</time>
      </trkpt>
      <trkpt lat="-25.784153966233134" lon="31.077086012810469">
        <ele>1097</ele>
        <time>2021-09-25T09:12:20Z</time>
      </trkpt>
      <trkpt lat="-25.784236025065184" lon="31.077222973108292">
        <ele>1098.9200000000001</ele>
        <time>2021-09-25T09:12:21Z</time>
      </trkpt>
      <trkpt lat="-25.784325040876865" lon="31.077355993911624">
        <ele>1100.8499999999999</ele>
        <time>2021-09-25T09:12:22Z</time>
      </trkpt>
      <trkpt lat="-25.784424031153321" lon="31.077471999451518">
        <ele>1101.8099999999999</ele>
        <time>2021-09-25T09:12:23Z</time>
      </trkpt>
      <trkpt lat="-25.784534001722932" lon="31.077566966414452">
        <ele>1103.25</ele>
        <time>2021-09-25T09:12:24Z</time>
      </trkpt>
      <trkpt lat="-25.78465897589922" lon="31.077640978619456">
        <ele>1105.6500000000001</ele>
        <time>2021-09-25T09:12:25Z</time>
      </trkpt>
      <trkpt lat="-25.784799037501216" lon="31.077695041894913">
        <ele>1108.0599999999999</ele>
        <time>2021-09-25T09:12:26Z</time>
      </trkpt>
      <trkpt lat="-25.784947983920574" lon="31.077731000259519">
        <ele>1110.46</ele>
        <time>2021-09-25T09:12:27Z</time>
      </trkpt>
      <trkpt lat="-25.785104976966977" lon="31.077754972502589">
        <ele>1112.3800000000001</ele>
        <time>2021-09-25T09:12:28Z</time>
      </trkpt>
      <trkpt lat="-25.785266999155283" lon="31.077775005251169">
        <ele>1115.27</ele>
        <time>2021-09-25T09:12:29Z</time>
      </trkpt>
      <trkpt lat="-25.785604035481811" lon="31.077818004414439">
        <ele>1120.55</ele>
        <time>2021-09-25T09:12:31Z</time>
      </trkpt>
      <trkpt lat="-25.785944005474448" lon="31.077865026891232">
        <ele>1124.4000000000001</ele>
        <time>2021-09-25T09:12:33Z</time>
      </trkpt>
      <trkpt lat="-25.786111978814006" lon="31.077890004962683">
        <ele>1127.76</ele>
        <time>2021-09-25T09:12:34Z</time>
      </trkpt>
      <trkpt lat="-25.786279030144215" lon="31.077915988862514">
        <ele>1130.6500000000001</ele>
        <time>2021-09-25T09:12:35Z</time>
      </trkpt>
      <trkpt lat="-25.78661497682333" lon="31.077962005510926">
        <ele>1134.97</ele>
        <time>2021-09-25T09:12:37Z</time>
      </trkpt>
      <trkpt lat="-25.786947989836335" lon="31.078006010502577">
        <ele>1140.26</ele>
        <time>2021-09-25T09:12:39Z</time>
      </trkpt>
      <trkpt lat="-25.78728100284934" lon="31.07805403880775">
        <ele>1144.5899999999999</ele>
        <time>2021-09-25T09:12:41Z</time>
      </trkpt>
      <trkpt lat="-25.787612004205585" lon="31.078102989122272">
        <ele>1149.8699999999999</ele>
        <time>2021-09-25T09:12:43Z</time>
      </trkpt>
      <trkpt lat="-25.787909980863333" lon="31.078158980235457">
        <ele>1154.2</ele>
        <time>2021-09-25T09:12:45Z</time>
      </trkpt>
      <trkpt lat="-25.788039984181523" lon="31.078204996883869">
        <ele>1155.6400000000001</ele>
        <time>2021-09-25T09:12:46Z</time>
      </trkpt>
      <trkpt lat="-25.788158001378179" lon="31.078273979946971">
        <ele>1158.05</ele>
        <time>2021-09-25T09:12:47Z</time>
      </trkpt>
      <trkpt lat="-25.788263026624918" lon="31.078366013243794">
        <ele>1160.45</ele>
        <time>2021-09-25T09:12:48Z</time>
      </trkpt>
      <trkpt lat="-25.788351958617568" lon="31.078479001298547">
        <ele>1162.8499999999999</ele>
        <time>2021-09-25T09:12:49Z</time>
      </trkpt>
      <trkpt lat="-25.788432005792856" lon="31.078606992959976">
        <ele>1164.29</ele>
        <time>2021-09-25T09:12:50Z</time>
      </trkpt>
      <trkpt lat="-25.788512974977493" lon="31.07874303124845">
        <ele>1167.1800000000001</ele>
        <time>2021-09-25T09:12:51Z</time>
      </trkpt>
      <trkpt lat="-25.788682959973812" lon="31.079024998471141">
        <ele>1172.47</ele>
        <time>2021-09-25T09:12:53Z</time>
      </trkpt>
      <trkpt lat="-25.788953024893999" lon="31.079465970396996">
        <ele>1178.71</ele>
        <time>2021-09-25T09:12:56Z</time>
      </trkpt>
      <trkpt lat="-25.789210014045238" lon="31.079893028363585">
        <ele>1181.5999999999999</ele>
        <time>2021-09-25T09:12:59Z</time>
      </trkpt>
      <trkpt lat="-25.789272962138057" lon="31.080025965347886">
        <ele>1184</ele>
        <time>2021-09-25T09:13:00Z</time>
      </trkpt>
      <trkpt lat="-25.789309004321694" lon="31.080154040828347">
        <ele>1184.48</ele>
        <time>2021-09-25T09:13:01Z</time>
      </trkpt>
      <trkpt lat="-25.789316967129707" lon="31.080274991691113">
        <ele>1185.4400000000001</ele>
        <time>2021-09-25T09:13:02Z</time>
      </trkpt>
      <trkpt lat="-25.789294000715017" lon="31.080394014716148">
        <ele>1185.4400000000001</ele>
        <time>2021-09-25T09:13:03Z</time>
      </trkpt>
      <trkpt lat="-25.789245972409844" lon="31.080511026084423">
        <ele>1186.8800000000001</ele>
        <time>2021-09-25T09:13:04Z</time>
      </trkpt>
      <trkpt lat="-25.78917196020484" lon="31.080616973340511">
        <ele>1187.8499999999999</ele>
        <time>2021-09-25T09:13:05Z</time>
      </trkpt>
      <trkpt lat="-25.789070958271623" lon="31.080703977495432">
        <ele>1190.25</ele>
        <time>2021-09-25T09:13:06Z</time>
      </trkpt>
      <trkpt lat="-25.788950007408857" lon="31.080771032720804">
        <ele>1192.1700000000001</ele>
        <time>2021-09-25T09:13:07Z</time>
      </trkpt>
      <trkpt lat="-25.788810029625893" lon="31.080830041319132">
        <ele>1193.1300000000001</ele>
        <time>2021-09-25T09:13:08Z</time>
      </trkpt>
      <trkpt lat="-25.788659993559122" lon="31.080888966098428">
        <ele>1196.02</ele>
        <time>2021-09-25T09:13:09Z</time>
      </trkpt>
      <trkpt lat="-25.788351958617568" lon="31.081022992730141">
        <ele>1199.3800000000001</ele>
        <time>2021-09-25T09:13:11Z</time>
      </trkpt>
      <trkpt lat="-25.788034033030272" lon="31.081160958856344">
        <ele>1203.23</ele>
        <time>2021-09-25T09:13:13Z</time>
      </trkpt>
      <trkpt lat="-25.78770998865366" lon="31.081319041550159">
        <ele>1207.0699999999999</ele>
        <time>2021-09-25T09:13:15Z</time>
      </trkpt>
      <trkpt lat="-25.787562970072031" lon="31.081415014341474">
        <ele>1208.51</ele>
        <time>2021-09-25T09:13:16Z</time>
      </trkpt>
      <trkpt lat="-25.787431038916111" lon="31.081520961597562">
        <ele>1208.51</ele>
        <time>2021-09-25T09:13:17Z</time>
      </trkpt>
      <trkpt lat="-25.787310004234314" lon="31.081636967137456">
        <ele>1209.96</ele>
        <time>2021-09-25T09:13:18Z</time>
      </trkpt>
      <trkpt lat="-25.787196010351181" lon="31.081765964627266">
        <ele>1211.8800000000001</ele>
        <time>2021-09-25T09:13:19Z</time>
      </trkpt>
      <trkpt lat="-25.78708503395319" lon="31.081906026229262">
        <ele>1213.3199999999999</ele>
        <time>2021-09-25T09:13:20Z</time>
      </trkpt>
      <trkpt lat="-25.786785967648029" lon="31.082368036732078">
        <ele>1217.6500000000001</ele>
        <time>2021-09-25T09:13:23Z</time>
      </trkpt>
      <trkpt lat="-25.786560997366905" lon="31.082784030586481">
        <ele>1219.5699999999999</ele>
        <time>2021-09-25T09:13:26Z</time>
      </trkpt>
      <trkpt lat="-25.78652897849679" lon="31.082900036126375">
        <ele>1220.53</ele>
        <time>2021-09-25T09:13:27Z</time>
      </trkpt>
      <trkpt lat="-25.786529984325171" lon="31.083006989210844">
        <ele>1221.01</ele>
        <time>2021-09-25T09:13:28Z</time>
      </trkpt>
      <trkpt lat="-25.786560997366905" lon="31.083102039992809">
        <ele>1222.45</ele>
        <time>2021-09-25T09:13:29Z</time>
      </trkpt>
      <trkpt lat="-25.786616988480091" lon="31.083177980035543">
        <ele>1222.45</ele>
        <time>2021-09-25T09:13:30Z</time>
      </trkpt>
      <trkpt lat="-25.786691000685096" lon="31.083227014169097">
        <ele>1223.9000000000001</ele>
        <time>2021-09-25T09:13:31Z</time>
      </trkpt>
      <trkpt lat="-25.786775993183255" lon="31.083245035260916">
        <ele>1224.8599999999999</ele>
        <time>2021-09-25T09:13:32Z</time>
      </trkpt>
      <trkpt lat="-25.786862997338176" lon="31.083228019997478">
        <ele>1226.3</ele>
        <time>2021-09-25T09:13:33Z</time>
      </trkpt>
      <trkpt lat="-25.786946984007955" lon="31.083179991692305">
        <ele>1227.26</ele>
        <time>2021-09-25T09:13:34Z</time>
      </trkpt>
      <trkpt lat="-25.78702300786972" lon="31.083106985315681">
        <ele>1228.7</ele>
        <time>2021-09-25T09:13:35Z</time>
      </trkpt>
      <trkpt lat="-25.787097020074725" lon="31.083016963675618">
        <ele>1231.1099999999999</ele>
        <time>2021-09-25T09:13:36Z</time>
      </trkpt>
      <trkpt lat="-25.78717203810811" lon="31.082915961742401">
        <ele>1233.03</ele>
        <time>2021-09-25T09:13:37Z</time>
      </trkpt>
      <trkpt lat="-25.787448976188898" lon="31.082607004791498">
        <ele>1237.8299999999999</ele>
        <time>2021-09-25T09:13:40Z</time>
      </trkpt>
      <trkpt lat="-25.787556013092399" lon="31.082516983151436">
        <ele>1239.76</ele>
        <time>2021-09-25T09:13:41Z</time>
      </trkpt>
      <trkpt lat="-25.78766799531877" lon="31.082445988431573">
        <ele>1240.72</ele>
        <time>2021-09-25T09:13:42Z</time>
      </trkpt>
      <trkpt lat="-25.787785006687045" lon="31.082397038117051">
        <ele>1241.6800000000001</ele>
        <time>2021-09-25T09:13:43Z</time>
      </trkpt>
      <trkpt lat="-25.787906041368842" lon="31.082368036732078">
        <ele>1243.5999999999999</ele>
        <time>2021-09-25T09:13:44Z</time>
      </trkpt>
      <trkpt lat="-25.78803101554513" lon="31.082358984276652">
        <ele>1245.04</ele>
        <time>2021-09-25T09:13:45Z</time>
      </trkpt>
      <trkpt lat="-25.78816001303494" lon="31.082366025075316">
        <ele>1247.45</ele>
        <time>2021-09-25T09:13:46Z</time>
      </trkpt>
      <trkpt lat="-25.788292028009892" lon="31.082385974004865">
        <ele>1248.8900000000001</ele>
        <time>2021-09-25T09:13:47Z</time>
      </trkpt>
      <trkpt lat="-25.788425970822573" lon="31.082420004531741">
        <ele>1249.8499999999999</ele>
        <time>2021-09-25T09:13:48Z</time>
      </trkpt>
      <trkpt lat="-25.788561003282666" lon="31.082470966503024">
        <ele>1251.77</ele>
        <time>2021-09-25T09:13:49Z</time>
      </trkpt>
      <trkpt lat="-25.788694024085999" lon="31.082536010071635">
        <ele>1252.74</ele>
        <time>2021-09-25T09:13:50Z</time>
      </trkpt>
      <trkpt lat="-25.788823021575809" lon="31.082616979256272">
        <ele>1255.6199999999999</ele>
        <time>2021-09-25T09:13:51Z</time>
      </trkpt>
      <trkpt lat="-25.788943972438574" lon="31.082716975361109">
        <ele>1259.46</ele>
        <time>2021-09-25T09:13:52Z</time>
      </trkpt>
      <trkpt lat="-25.789056960493326" lon="31.082837004214525">
        <ele>1259.46</ele>
        <time>2021-09-25T09:13:53Z</time>
      </trkpt>
      <trkpt lat="-25.789162991568446" lon="31.082970025017858">
        <ele>1261.8699999999999</ele>
        <time>2021-09-25T09:13:54Z</time>
      </trkpt>
      <trkpt lat="-25.789372036233544" lon="31.08325500972569">
        <ele>1266.1900000000001</ele>
        <time>2021-09-25T09:13:56Z</time>
      </trkpt>
      <trkpt lat="-25.789577979594469" lon="31.083560027182102">
        <ele>1270.52</ele>
        <time>2021-09-25T09:13:58Z</time>
      </trkpt>
      <trkpt lat="-25.789786018431187" lon="31.083845011889935">
        <ele>1274.3599999999999</ele>
        <time>2021-09-25T09:14:00Z</time>
      </trkpt>
      <trkpt lat="-25.78990001231432" lon="31.08396302908659">
        <ele>1275.3299999999999</ele>
        <time>2021-09-25T09:14:01Z</time>
      </trkpt>
      <trkpt lat="-25.790023980662227" lon="31.084057996049523">
        <ele>1276.77</ele>
        <time>2021-09-25T09:14:02Z</time>
      </trkpt>
      <trkpt lat="-25.790157001465559" lon="31.084131002426147">
        <ele>1278.21</ele>
        <time>2021-09-25T09:14:03Z</time>
      </trkpt>
      <trkpt lat="-25.790295973420143" lon="31.084184981882572">
        <ele>1279.6500000000001</ele>
        <time>2021-09-25T09:14:04Z</time>
      </trkpt>
      <trkpt lat="-25.79043997451663" lon="31.084218006581068">
        <ele>1281.0899999999999</ele>
        <time>2021-09-25T09:14:05Z</time>
      </trkpt>
      <trkpt lat="-25.79058900475502" lon="31.084227981045842">
        <ele>1281.5699999999999</ele>
        <time>2021-09-25T09:14:06Z</time>
      </trkpt>
      <trkpt lat="-25.790745997801423" lon="31.0842249635607">
        <ele>1283.02</ele>
        <time>2021-09-25T09:14:07Z</time>
      </trkpt>
      <trkpt lat="-25.79108202829957" lon="31.084204008802772">
        <ele>1283.98</ele>
        <time>2021-09-25T09:14:09Z</time>
      </trkpt>
      <trkpt lat="-25.79247803427279" lon="31.084094038233161">
        <ele>1281.5699999999999</ele>
        <time>2021-09-25T09:14:16Z</time>
      </trkpt>
      <trkpt lat="-25.794346025213599" lon="31.083935033529997">
        <ele>1283.5</ele>
        <time>2021-09-25T09:14:25Z</time>
      </trkpt>
      <trkpt lat="-25.79450000077486" lon="31.083933021873236">
        <ele>1283.02</ele>
        <time>2021-09-25T09:14:26Z</time>
      </trkpt>
      <trkpt lat="-25.794638972729445" lon="31.083950959146023">
        <ele>1282.54</ele>
        <time>2021-09-25T09:14:27Z</time>
      </trkpt>
      <trkpt lat="-25.794764030724764" lon="31.083994964137673">
        <ele>1283.5</ele>
        <time>2021-09-25T09:14:28Z</time>
      </trkpt>
      <trkpt lat="-25.794876012951136" lon="31.084065958857536">
        <ele>1283.5</ele>
        <time>2021-09-25T09:14:29Z</time>
      </trkpt>
      <trkpt lat="-25.79497299157083" lon="31.084162015467882">
        <ele>1283.98</ele>
        <time>2021-09-25T09:14:30Z</time>
      </trkpt>
      <trkpt lat="-25.795052032917738" lon="31.084283972159028">
        <ele>1285.4200000000001</ele>
        <time>2021-09-25T09:14:31Z</time>
      </trkpt>
      <trkpt lat="-25.795109029859304" lon="31.084424033761024">
        <ele>1285.9000000000001</ele>
        <time>2021-09-25T09:14:32Z</time>
      </trkpt>
      <trkpt lat="-25.795139959082007" lon="31.084583038464189">
        <ele>1286.8599999999999</ele>
        <time>2021-09-25T09:14:33Z</time>
      </trkpt>
      <trkpt lat="-25.795142976567149" lon="31.084753023460507">
        <ele>1288.3</ele>
        <time>2021-09-25T09:14:34Z</time>
      </trkpt>
      <trkpt lat="-25.795124033465981" lon="31.0849329829216">
        <ele>1290.23</ele>
        <time>2021-09-25T09:14:35Z</time>
      </trkpt>
      <trkpt lat="-25.795087991282344" lon="31.08512501232326">
        <ele>1291.1900000000001</ele>
        <time>2021-09-25T09:14:36Z</time>
      </trkpt>
      <trkpt lat="-25.794969974085689" lon="31.085735969245434">
        <ele>1294.55</ele>
        <time>2021-09-25T09:14:39Z</time>
      </trkpt>
      <trkpt lat="-25.794935021549463" lon="31.085925986990333">
        <ele>1294.55</ele>
        <time>2021-09-25T09:14:40Z</time>
      </trkpt>
      <trkpt lat="-25.7948640268296" lon="31.086425967514515">
        <ele>1295.51</ele>
        <time>2021-09-25T09:14:43Z</time>
      </trkpt>
      <trkpt lat="-25.794874001294374" lon="31.086581032723188">
        <ele>1295.51</ele>
        <time>2021-09-25T09:14:44Z</time>
      </trkpt>
      <trkpt lat="-25.794908031821251" lon="31.086726961657405">
        <ele>1295.99</ele>
        <time>2021-09-25T09:14:45Z</time>
      </trkpt>
      <trkpt lat="-25.794967040419579" lon="31.086867023259401">
        <ele>1295.99</ele>
        <time>2021-09-25T09:14:46Z</time>
      </trkpt>
      <trkpt lat="-25.795050021260977" lon="31.086997026577592">
        <ele>1296.96</ele>
        <time>2021-09-25T09:14:47Z</time>
      </trkpt>
      <trkpt lat="-25.795152029022574" lon="31.087118983268738">
        <ele>1298.4000000000001</ele>
        <time>2021-09-25T09:14:48Z</time>
      </trkpt>
      <trkpt lat="-25.795269040390849" lon="31.087227026000619">
        <ele>1299.8399999999999</ele>
        <time>2021-09-25T09:14:49Z</time>
      </trkpt>
      <trkpt lat="-25.795394014567137" lon="31.087332973256707">
        <ele>1299.8399999999999</ele>
        <time>2021-09-25T09:14:50Z</time>
      </trkpt>
      <trkpt lat="-25.795633988454938" lon="31.087565990164876">
        <ele>1301.76</ele>
        <time>2021-09-25T09:14:52Z</time>
      </trkpt>
      <trkpt lat="-25.795729961246252" lon="31.08770496211946">
        <ele>1302.24</ele>
        <time>2021-09-25T09:14:53Z</time>
      </trkpt>
      <trkpt lat="-25.795804979279637" lon="31.087857009842992">
        <ele>1302.72</ele>
        <time>2021-09-25T09:14:54Z</time>
      </trkpt>
      <trkpt lat="-25.795858958736062" lon="31.088019032031298">
        <ele>1303.2</ele>
        <time>2021-09-25T09:14:55Z</time>
      </trkpt>
      <trkpt lat="-25.795889971777797" lon="31.088191028684378">
        <ele>1304.6500000000001</ele>
        <time>2021-09-25T09:14:56Z</time>
      </trkpt>
      <trkpt lat="-25.795899024233222" lon="31.088366964831948">
        <ele>1304.6500000000001</ele>
        <time>2021-09-25T09:14:57Z</time>
      </trkpt>
      <trkpt lat="-25.795881003141403" lon="31.088543990626931">
        <ele>1305.6099999999999</ele>
        <time>2021-09-25T09:14:58Z</time>
      </trkpt>
      <trkpt lat="-25.795839009806514" lon="31.088717998936772">
        <ele>1306.0899999999999</ele>
        <time>2021-09-25T09:14:59Z</time>
      </trkpt>
      <trkpt lat="-25.795784024521708" lon="31.088887983933091">
        <ele>1307.05</ele>
        <time>2021-09-25T09:15:00Z</time>
      </trkpt>
      <trkpt lat="-25.795731972903013" lon="31.089056963101029">
        <ele>1307.05</ele>
        <time>2021-09-25T09:15:01Z</time>
      </trkpt>
      <trkpt lat="-25.795692997053266" lon="31.089228959754109">
        <ele>1307.05</ele>
        <time>2021-09-25T09:15:02Z</time>
      </trkpt>
      <trkpt lat="-25.795673970133066" lon="31.089405985549092">
        <ele>1306.5699999999999</ele>
        <time>2021-09-25T09:15:03Z</time>
      </trkpt>
      <trkpt lat="-25.795675981789827" lon="31.089587034657598">
        <ele>1305.6099999999999</ele>
        <time>2021-09-25T09:15:04Z</time>
      </trkpt>
      <trkpt lat="-25.795698026195168" lon="31.089767999947071">
        <ele>1304.1700000000001</ele>
        <time>2021-09-25T09:15:05Z</time>
      </trkpt>
      <trkpt lat="-25.795739013701677" lon="31.089941002428532">
        <ele>1302.72</ele>
        <time>2021-09-25T09:15:06Z</time>
      </trkpt>
      <trkpt lat="-25.79578603617847" lon="31.09010998159647">
        <ele>1302.24</ele>
        <time>2021-09-25T09:15:07Z</time>
      </trkpt>
      <trkpt lat="-25.795819982886314" lon="31.090275021269917">
        <ele>1300.8</ele>
        <time>2021-09-25T09:15:08Z</time>
      </trkpt>
      <trkpt lat="-25.795828029513359" lon="31.090441988781095">
        <ele>1298.4000000000001</ele>
        <time>2021-09-25T09:15:09Z</time>
      </trkpt>
      <trkpt lat="-25.795802967622876" lon="31.090612979605794">
        <ele>1298.4000000000001</ele>
        <time>2021-09-25T09:15:10Z</time>
      </trkpt>
      <trkpt lat="-25.79574597068131" lon="31.090783970430493">
        <ele>1296.48</ele>
        <time>2021-09-25T09:15:11Z</time>
      </trkpt>
      <trkpt lat="-25.795668018981814" lon="31.090952027589083">
        <ele>1296.48</ele>
        <time>2021-09-25T09:15:12Z</time>
      </trkpt>
      <trkpt lat="-25.795581014826894" lon="31.091114971786737">
        <ele>1295.03</ele>
        <time>2021-09-25T09:15:13Z</time>
      </trkpt>
      <trkpt lat="-25.79540197737515" lon="31.091429963707924">
        <ele>1291.6700000000001</ele>
        <time>2021-09-25T09:15:15Z</time>
      </trkpt>
      <trkpt lat="-25.795152029022574" lon="31.091873031109571">
        <ele>1286.8599999999999</ele>
        <time>2021-09-25T09:15:18Z</time>
      </trkpt>
      <trkpt lat="-25.795082962140441" lon="31.092020971700549">
        <ele>1284.46</ele>
        <time>2021-09-25T09:15:19Z</time>
      </trkpt>
      <trkpt lat="-25.795028982684016" lon="31.092176036909223">
        <ele>1283.5</ele>
        <time>2021-09-25T09:15:20Z</time>
      </trkpt>
      <trkpt lat="-25.794990006834269" lon="31.092340992763638">
        <ele>1283.02</ele>
        <time>2021-09-25T09:15:21Z</time>
      </trkpt>
      <trkpt lat="-25.794968968257308" lon="31.092518018558621">
        <ele>1282.0599999999999</ele>
        <time>2021-09-25T09:15:22Z</time>
      </trkpt>
      <trkpt lat="-25.794958993792534" lon="31.092706024646759">
        <ele>1280.1300000000001</ele>
        <time>2021-09-25T09:15:23Z</time>
      </trkpt>
      <trkpt lat="-25.794955976307392" lon="31.09290299937129">
        <ele>1279.6500000000001</ele>
        <time>2021-09-25T09:15:24Z</time>
      </trkpt>
      <trkpt lat="-25.794936027377844" lon="31.093511022627354">
        <ele>1275.3299999999999</ele>
        <time>2021-09-25T09:15:27Z</time>
      </trkpt>
      <trkpt lat="-25.794911971315742" lon="31.093896003440022">
        <ele>1271.48</ele>
        <time>2021-09-25T09:15:29Z</time>
      </trkpt>
      <trkpt lat="-25.794880036264658" lon="31.094420962035656">
        <ele>1265.23</ele>
        <time>2021-09-25T09:15:32Z</time>
      </trkpt>
      <trkpt lat="-25.794852040708065" lon="31.094567980617285">
        <ele>1263.3099999999999</ele>
        <time>2021-09-25T09:15:33Z</time>
      </trkpt>
      <trkpt lat="-25.794802000746131" lon="31.094697983935475">
        <ele>1262.3499999999999</ele>
        <time>2021-09-25T09:15:34Z</time>
      </trkpt>
      <trkpt lat="-25.794733017683029" lon="31.094806026667356">
        <ele>1260.9100000000001</ele>
        <time>2021-09-25T09:15:35Z</time>
      </trkpt>
      <trkpt lat="-25.79464903101325" lon="31.094889007508755">
        <ele>1259.46</ele>
        <time>2021-09-25T09:15:36Z</time>
      </trkpt>
      <trkpt lat="-25.794539982452989" lon="31.094948016107082">
        <ele>1258.98</ele>
        <time>2021-09-25T09:15:37Z</time>
      </trkpt>
      <trkpt lat="-25.794406961649656" lon="31.094995038583875">
        <ele>1258.5</ele>
        <time>2021-09-25T09:15:38Z</time>
      </trkpt>
      <trkpt lat="-25.794252986088395" lon="31.095041977241635">
        <ele>1258.5</ele>
        <time>2021-09-25T09:15:39Z</time>
      </trkpt>
      <trkpt lat="-25.793928019702435" lon="31.095139961689711">
        <ele>1254.6600000000001</ele>
        <time>2021-09-25T09:15:41Z</time>
      </trkpt>
      <trkpt lat="-25.793479001149535" lon="31.095312964171171">
        <ele>1249.8499999999999</ele>
        <time>2021-09-25T09:15:44Z</time>
      </trkpt>
      <trkpt lat="-25.793353021144867" lon="31.095397034659982">
        <ele>1247.9300000000001</ele>
        <time>2021-09-25T09:15:45Z</time>
      </trkpt>
      <trkpt lat="-25.793245984241366" lon="31.095501976087689">
        <ele>1246.49</ele>
        <time>2021-09-25T09:15:46Z</time>
      </trkpt>
      <trkpt lat="-25.793160991743207" lon="31.095623010769486">
        <ele>1245.04</ele>
        <time>2021-09-25T09:15:47Z</time>
      </trkpt>
      <trkpt lat="-25.79310298897326" lon="31.095757959410548">
        <ele>1243.5999999999999</ele>
        <time>2021-09-25T09:15:48Z</time>
      </trkpt>
      <trkpt lat="-25.793066024780273" lon="31.095900032669306">
        <ele>1242.1600000000001</ele>
        <time>2021-09-25T09:15:49Z</time>
      </trkpt>
      <trkpt lat="-25.793055966496468" lon="31.096055014058948">
        <ele>1241.2</ele>
        <time>2021-09-25T09:15:50Z</time>
      </trkpt>
      <trkpt lat="-25.793067030608654" lon="31.096219969913363">
        <ele>1240.24</ele>
        <time>2021-09-25T09:15:51Z</time>
      </trkpt>
      <trkpt lat="-25.793096031993628" lon="31.096395989879966">
        <ele>1238.8</ele>
        <time>2021-09-25T09:15:52Z</time>
      </trkpt>
      <trkpt lat="-25.793134002014995" lon="31.096582990139723">
        <ele>1238.3199999999999</ele>
        <time>2021-09-25T09:15:53Z</time>
      </trkpt>
      <trkpt lat="-25.793211031705141" lon="31.096976017579436">
        <ele>1234.95</ele>
        <time>2021-09-25T09:15:55Z</time>
      </trkpt>
      <trkpt lat="-25.793324019759893" lon="31.097357980906963">
        <ele>1231.5899999999999</ele>
        <time>2021-09-25T09:15:57Z</time>
      </trkpt>
      <trkpt lat="-25.793410018086433" lon="31.097532995045185">
        <ele>1230.1400000000001</ele>
        <time>2021-09-25T09:15:58Z</time>
      </trkpt>
      <trkpt lat="-25.793512025848031" lon="31.097697028890252">
        <ele>1227.26</ele>
        <time>2021-09-25T09:15:59Z</time>
      </trkpt>
      <trkpt lat="-25.793738001957536" lon="31.09799399971962">
        <ele>1223.9000000000001</ele>
        <time>2021-09-25T09:16:01Z</time>
      </trkpt>
      <trkpt lat="-25.79396397806704" lon="31.098276972770691">
        <ele>1220.05</ele>
        <time>2021-09-25T09:16:03Z</time>
      </trkpt>
      <trkpt lat="-25.79406900331378" lon="31.098421979695559">
        <ele>1218.1300000000001</ele>
        <time>2021-09-25T09:16:04Z</time>
      </trkpt>
      <trkpt lat="-25.794158019125462" lon="31.098576039075851">
        <ele>1216.6900000000001</ele>
        <time>2021-09-25T09:16:05Z</time>
      </trkpt>
      <trkpt lat="-25.794233959168196" lon="31.098735965788364">
        <ele>1214.28</ele>
        <time>2021-09-25T09:16:06Z</time>
      </trkpt>
      <trkpt lat="-25.79437100328505" lon="31.099056992679834">
        <ele>1210.4400000000001</ele>
        <time>2021-09-25T09:16:08Z</time>
      </trkpt>
      <trkpt lat="-25.794453984126449" lon="31.099207028746605">
        <ele>1209.48</ele>
        <time>2021-09-25T09:16:09Z</time>
      </trkpt>
      <trkpt lat="-25.794560015201569" lon="31.099342983216047">
        <ele>1208.51</ele>
        <time>2021-09-25T09:16:10Z</time>
      </trkpt>
      <trkpt lat="-25.794683983549476" lon="31.099465023726225">
        <ele>1207.0699999999999</ele>
        <time>2021-09-25T09:16:11Z</time>
      </trkpt>
      <trkpt lat="-25.794823039323092" lon="31.099581029266119">
        <ele>1207.55</ele>
        <time>2021-09-25T09:16:12Z</time>
      </trkpt>
      <trkpt lat="-25.79563801176846" lon="31.10024998895824">
        <ele>1208.51</ele>
        <time>2021-09-25T09:16:17Z</time>
      </trkpt>
      <trkpt lat="-25.796159030869603" lon="31.100776037201285">
        <ele>1211.8800000000001</ele>
        <time>2021-09-25T09:16:21Z</time>
      </trkpt>
      <trkpt lat="-25.796506041660905" lon="31.10138900578022">
        <ele>1216.21</ele>
        <time>2021-09-25T09:16:25Z</time>
      </trkpt>
      <trkpt lat="-25.796727994456887" lon="31.101895021274686">
        <ele>1220.05</ele>
        <time>2021-09-25T09:16:28Z</time>
      </trkpt>
      <trkpt lat="-25.796950031071901" lon="31.102413022890687">
        <ele>1223.9000000000001</ele>
        <time>2021-09-25T09:16:31Z</time>
      </trkpt>
      <trkpt lat="-25.797406006604433" lon="31.103461012244225">
        <ele>1226.3</ele>
        <time>2021-09-25T09:16:38Z</time>
      </trkpt>
      <trkpt lat="-25.797488987445831" lon="31.103578023612499">
        <ele>1226.3</ele>
        <time>2021-09-25T09:16:39Z</time>
      </trkpt>
      <trkpt lat="-25.797583032399416" lon="31.103678019717336">
        <ele>1226.78</ele>
        <time>2021-09-25T09:16:40Z</time>
      </trkpt>
      <trkpt lat="-25.79767900519073" lon="31.103756977245212">
        <ele>1225.8199999999999</ele>
        <time>2021-09-25T09:16:41Z</time>
      </trkpt>
      <trkpt lat="-25.797773972153664" lon="31.10381699167192">
        <ele>1225.3399999999999</ele>
        <time>2021-09-25T09:16:42Z</time>
      </trkpt>
      <trkpt lat="-25.797867011278868" lon="31.103862002491951">
        <ele>1224.8599999999999</ele>
        <time>2021-09-25T09:16:43Z</time>
      </trkpt>
      <trkpt lat="-25.797954015433788" lon="31.103894021362066">
        <ele>1224.3800000000001</ele>
        <time>2021-09-25T09:16:44Z</time>
      </trkpt>
      <trkpt lat="-25.798031967133284" lon="31.103918999433517">
        <ele>1223.9000000000001</ele>
        <time>2021-09-25T09:16:45Z</time>
      </trkpt>
      <trkpt lat="-25.798359028995037" lon="31.103958981111646">
        <ele>1221.97</ele>
        <time>2021-09-25T09:16:50Z</time>
      </trkpt>
      <trkpt lat="-25.798461036756635" lon="31.103956969454885">
        <ele>1221.49</ele>
        <time>2021-09-25T09:16:52Z</time>
      </trkpt>
      <trkpt lat="-25.798503030091524" lon="31.103951018303633">
        <ele>1221.01</ele>
        <time>2021-09-25T09:16:53Z</time>
      </trkpt>
      <trkpt lat="-25.798535970970988" lon="31.103941965848207">
        <ele>1221.01</ele>
        <time>2021-09-25T09:16:54Z</time>
      </trkpt>
      <trkpt lat="-25.798561032861471" lon="31.103934003040195">
        <ele>1221.01</ele>
        <time>2021-09-25T09:16:55Z</time>
      </trkpt>
      <trkpt lat="-25.798582993447781" lon="31.103927968069911">
        <ele>1220.53</ele>
        <time>2021-09-25T09:16:56Z</time>
      </trkpt>
      <trkpt lat="-25.798619035631418" lon="31.103916987776756">
        <ele>1219.5699999999999</ele>
        <time>2021-09-25T09:17:04Z</time>
      </trkpt>
      <trkpt lat="-25.798646025359631" lon="31.103909024968743">
        <ele>1220.05</ele>
        <time>2021-09-25T09:17:07Z</time>
      </trkpt>
      <trkpt lat="-25.798755995929241" lon="31.103868037462234">
        <ele>1219.5699999999999</ele>
        <time>2021-09-25T09:17:09Z</time>
      </trkpt>
      <trkpt lat="-25.799143994227052" lon="31.103648012503982">
        <ele>1216.6900000000001</ele>
        <time>2021-09-25T09:17:15Z</time>
      </trkpt>
      <trkpt lat="-25.799323031678796" lon="31.103556985035539">
        <ele>1215.24</ele>
        <time>2021-09-25T09:17:17Z</time>
      </trkpt>
      <trkpt lat="-25.799440965056419" lon="31.103523960337043">
        <ele>1214.28</ele>
        <time>2021-09-25T09:17:18Z</time>
      </trkpt>
      <trkpt lat="-25.799577003344893" lon="31.103505017235875">
        <ele>1214.28</ele>
        <time>2021-09-25T09:17:19Z</time>
      </trkpt>
      <trkpt lat="-25.800160970538855" lon="31.103492025285959">
        <ele>1210.4400000000001</ele>
        <time>2021-09-25T09:17:23Z</time>
      </trkpt>
      <trkpt lat="-25.800620969384909" lon="31.10345397144556">
        <ele>1206.5899999999999</ele>
        <time>2021-09-25T09:17:26Z</time>
      </trkpt>
      <trkpt lat="-25.801427979022264" lon="31.103175021708012">
        <ele>1203.23</ele>
        <time>2021-09-25T09:17:31Z</time>
      </trkpt>
      <trkpt lat="-25.801728973165154" lon="31.102993972599506">
        <ele>1200.3399999999999</ele>
        <time>2021-09-25T09:17:33Z</time>
      </trkpt>
      <trkpt lat="-25.802273964509368" lon="31.102660037577152">
        <ele>1197.46</ele>
        <time>2021-09-25T09:17:37Z</time>
      </trkpt>
      <trkpt lat="-25.80264100804925" lon="31.102431965991855">
        <ele>1195.54</ele>
        <time>2021-09-25T09:17:40Z</time>
      </trkpt>
      <trkpt lat="-25.803003022447228" lon="31.10220598988235">
        <ele>1193.6099999999999</ele>
        <time>2021-09-25T09:17:43Z</time>
      </trkpt>
      <trkpt lat="-25.803555976599455" lon="31.10184196382761">
        <ele>1191.21</ele>
        <time>2021-09-25T09:17:47Z</time>
      </trkpt>
      <trkpt lat="-25.803677011281252" lon="31.101734004914761">
        <ele>1189.29</ele>
        <time>2021-09-25T09:17:48Z</time>
      </trkpt>
      <trkpt lat="-25.803786981850863" lon="31.101611964404583">
        <ele>1187.8499999999999</ele>
        <time>2021-09-25T09:17:49Z</time>
      </trkpt>
      <trkpt lat="-25.803884966298938" lon="31.101476009935141">
        <ele>1186.4000000000001</ele>
        <time>2021-09-25T09:17:50Z</time>
      </trkpt>
      <trkpt lat="-25.803968030959368" lon="31.101324968039989">
        <ele>1185.4400000000001</ele>
        <time>2021-09-25T09:17:51Z</time>
      </trkpt>
      <trkpt lat="-25.804039025679231" lon="31.101160012185574">
        <ele>1184</ele>
        <time>2021-09-25T09:17:52Z</time>
      </trkpt>
      <trkpt lat="-25.804091999307275" lon="31.100984998047352">
        <ele>1182.0799999999999</ele>
        <time>2021-09-25T09:17:53Z</time>
      </trkpt>
      <trkpt lat="-25.804130975157022" lon="31.100796991959214">
        <ele>1180.6400000000001</ele>
        <time>2021-09-25T09:17:54Z</time>
      </trkpt>
      <trkpt lat="-25.804165005683899" lon="31.100604962557554">
        <ele>1178.71</ele>
        <time>2021-09-25T09:17:55Z</time>
      </trkpt>
      <trkpt lat="-25.804280005395412" lon="31.100089978426695">
        <ele>1173.9100000000001</ele>
        <time>2021-09-25T09:17:58Z</time>
      </trkpt>
      <trkpt lat="-25.804345970973372" lon="31.099977996200323">
        <ele>1172.47</ele>
        <time>2021-09-25T09:17:59Z</time>
      </trkpt>
      <trkpt lat="-25.804431969299912" lon="31.099896021187305">
        <ele>1171.98</ele>
        <time>2021-09-25T09:18:00Z</time>
      </trkpt>
      <trkpt lat="-25.80453397706151" lon="31.09984396956861">
        <ele>1171.98</ele>
        <time>2021-09-25T09:18:01Z</time>
      </trkpt>
      <trkpt lat="-25.804649982601404" lon="31.099813962355256">
        <ele>1172.47</ele>
        <time>2021-09-25T09:18:02Z</time>
      </trkpt>
      <trkpt lat="-25.804777974262834" lon="31.09980097040534">
        <ele>1172.95</ele>
        <time>2021-09-25T09:18:03Z</time>
      </trkpt>
      <trkpt lat="-25.804912000894547" lon="31.099795019254088">
        <ele>1173.4300000000001</ele>
        <time>2021-09-25T09:18:04Z</time>
      </trkpt>
      <trkpt lat="-25.805189022794366" lon="31.099753025919199">
        <ele>1173.4300000000001</ele>
        <time>2021-09-25T09:18:06Z</time>
      </trkpt>
      <trkpt lat="-25.805333023890853" lon="31.099702985957265">
        <ele>1173.9100000000001</ele>
        <time>2021-09-25T09:18:07Z</time>
      </trkpt>
      <trkpt lat="-25.805478030815721" lon="31.099632997065783">
        <ele>1173.9100000000001</ele>
        <time>2021-09-25T09:18:08Z</time>
      </trkpt>
      <trkpt lat="-25.805625971406698" lon="31.099543981254101">
        <ele>1173.9100000000001</ele>
        <time>2021-09-25T09:18:09Z</time>
      </trkpt>
      <trkpt lat="-25.805773995816708" lon="31.099439961835742">
        <ele>1173.4300000000001</ele>
        <time>2021-09-25T09:18:10Z</time>
      </trkpt>
      <trkpt lat="-25.806676978245378" lon="31.098793968558311">
        <ele>1170.54</ele>
        <time>2021-09-25T09:18:16Z</time>
      </trkpt>
      <trkpt lat="-25.807320037856698" lon="31.098346039652824">
        <ele>1166.7</ele>
        <time>2021-09-25T09:18:20Z</time>
      </trkpt>
      <trkpt lat="-25.807624971494079" lon="31.098133977502584">
        <ele>1165.74</ele>
        <time>2021-09-25T09:18:22Z</time>
      </trkpt>
      <trkpt lat="-25.80822603777051" lon="31.097795013338327">
        <ele>1169.0999999999999</ele>
        <time>2021-09-25T09:18:26Z</time>
      </trkpt>
      <trkpt lat="-25.808671033009887" lon="31.097553027793765">
        <ele>1171.02</ele>
        <time>2021-09-25T09:18:29Z</time>
      </trkpt>
      <trkpt lat="-25.80955901183188" lon="31.097104009240866">
        <ele>1168.1400000000001</ele>
        <time>2021-09-25T09:18:36Z</time>
      </trkpt>
      <trkpt lat="-25.809761015698314" lon="31.097008036449552">
        <ele>1165.74</ele>
        <time>2021-09-25T09:18:40Z</time>
      </trkpt>
      <trkpt lat="-25.809776019304991" lon="31.096997978165746">
        <ele>1165.74</ele>
        <time>2021-09-25T09:18:49Z</time>
      </trkpt>
      <trkpt lat="-25.809907028451562" lon="31.096936035901308">
        <ele>1166.7</ele>
        <time>2021-09-25T09:19:12Z</time>
      </trkpt>
      <trkpt lat="-25.810437016189098" lon="31.09668399207294">
        <ele>1166.7</ele>
        <time>2021-09-25T09:19:18Z</time>
      </trkpt>
      <trkpt lat="-25.811414010822773" lon="31.096194991841912">
        <ele>1163.3299999999999</ele>
        <time>2021-09-25T09:19:26Z</time>
      </trkpt>
      <trkpt lat="-25.811852971091866" lon="31.095987958833575">
        <ele>1159.49</ele>
        <time>2021-09-25T09:19:29Z</time>
      </trkpt>
      <trkpt lat="-25.812284974381328" lon="31.095770029351115">
        <ele>1154.6800000000001</ele>
        <time>2021-09-25T09:19:32Z</time>
      </trkpt>
      <trkpt lat="-25.812427969649434" lon="31.095668021589518">
        <ele>1152.76</ele>
        <time>2021-09-25T09:19:33Z</time>
      </trkpt>
      <trkpt lat="-25.812559984624386" lon="31.095554027706385">
        <ele>1152.76</ele>
        <time>2021-09-25T09:19:34Z</time>
      </trkpt>
      <trkpt lat="-25.812689987942576" lon="31.095423018559813">
        <ele>1151.3199999999999</ele>
        <time>2021-09-25T09:19:35Z</time>
      </trkpt>
      <trkpt lat="-25.812822002917528" lon="31.095263008028269">
        <ele>1148.9100000000001</ele>
        <time>2021-09-25T09:19:36Z</time>
      </trkpt>
      <trkpt lat="-25.812951000407338" lon="31.095084976404905">
        <ele>1147.47</ele>
        <time>2021-09-25T09:19:37Z</time>
      </trkpt>
      <trkpt lat="-25.813081003725529" lon="31.09490099363029">
        <ele>1146.99</ele>
        <time>2021-09-25T09:19:38Z</time>
      </trkpt>
      <trkpt lat="-25.813370011746883" lon="31.094544008374214">
        <ele>1142.1800000000001</ele>
        <time>2021-09-25T09:19:40Z</time>
      </trkpt>
      <trkpt lat="-25.813671005889773" lon="31.094219963997602">
        <ele>1138.8199999999999</ele>
        <time>2021-09-25T09:19:42Z</time>
      </trkpt>
      <trkpt lat="-25.813967976719141" lon="31.093914024531841">
        <ele>1134.97</ele>
        <time>2021-09-25T09:19:44Z</time>
      </trkpt>
      <trkpt lat="-25.814404003322124" lon="31.093481015414">
        <ele>1133.05</ele>
        <time>2021-09-25T09:19:47Z</time>
      </trkpt>
      <trkpt lat="-25.815244959667325" lon="31.09240896999836">
        <ele>1137.3800000000001</ele>
        <time>2021-09-25T09:19:54Z</time>
      </trkpt>
      <trkpt lat="-25.815518964082003" lon="31.09189298003912">
        <ele>1142.6600000000001</ele>
        <time>2021-09-25T09:19:57Z</time>
      </trkpt>
      <trkpt lat="-25.815698001533747" lon="31.091541023924947">
        <ele>1144.1099999999999</ele>
        <time>2021-09-25T09:19:59Z</time>
      </trkpt>
      <trkpt lat="-25.815882990136743" lon="31.091181021183729">
        <ele>1147.47</ele>
        <time>2021-09-25T09:20:01Z</time>
      </trkpt>
      <trkpt lat="-25.816277023404837" lon="31.090470990166068">
        <ele>1150.8399999999999</ele>
        <time>2021-09-25T09:20:05Z</time>
      </trkpt>
      <trkpt lat="-25.816527977585793" lon="31.090163961052895">
        <ele>1151.8</ele>
        <time>2021-09-25T09:20:07Z</time>
      </trkpt>
      <trkpt lat="-25.81682201474905" lon="31.089905966073275">
        <ele>1151.8</ele>
        <time>2021-09-25T09:20:09Z</time>
      </trkpt>
      <trkpt lat="-25.816984958946705" lon="31.089797001332045">
        <ele>1152.28</ele>
        <time>2021-09-25T09:20:10Z</time>
      </trkpt>
      <trkpt lat="-25.817997995764017" lon="31.089170034974813">
        <ele>1158.05</ele>
        <time>2021-09-25T09:20:16Z</time>
      </trkpt>
      <trkpt lat="-25.818489007651806" lon="31.088864011690021">
        <ele>1150.3499999999999</ele>
        <time>2021-09-25T09:20:19Z</time>
      </trkpt>
      <trkpt lat="-25.818650024011731" lon="31.088766027241945">
        <ele>1154.6800000000001</ele>
        <time>2021-09-25T09:20:20Z</time>
      </trkpt>
      <trkpt lat="-25.818808022886515" lon="31.088667958974838">
        <ele>1161.8900000000001</ele>
        <time>2021-09-25T09:20:21Z</time>
      </trkpt>
      <trkpt lat="-25.818965015932918" lon="31.088571986183524">
        <ele>1159.01</ele>
        <time>2021-09-25T09:20:22Z</time>
      </trkpt>
      <trkpt lat="-25.819587036967278" lon="31.088187005370855">
        <ele>1160.45</ele>
        <time>2021-09-25T09:20:26Z</time>
      </trkpt>
      <trkpt lat="-25.820252979174256" lon="31.087865978479385">
        <ele>1163.8099999999999</ele>
        <time>2021-09-25T09:20:30Z</time>
      </trkpt>
      <trkpt lat="-25.821905974298716" lon="31.08705603517592">
        <ele>1161.8900000000001</ele>
        <time>2021-09-25T09:20:40Z</time>
      </trkpt>
      <trkpt lat="-25.822470998391509" lon="31.086572986096144">
        <ele>1166.22</ele>
        <time>2021-09-25T09:20:44Z</time>
      </trkpt>
      <trkpt lat="-25.822874000295997" lon="31.086174007505178">
        <ele>1169.5799999999999</ele>
        <time>2021-09-25T09:20:47Z</time>
      </trkpt>
      <trkpt lat="-25.823141969740391" lon="31.08589799143374">
        <ele>1171.98</ele>
        <time>2021-09-25T09:20:49Z</time>
      </trkpt>
      <trkpt lat="-25.823936993256211" lon="31.084881015121937">
        <ele>1172.47</ele>
        <time>2021-09-25T09:20:56Z</time>
      </trkpt>
      <trkpt lat="-25.824236981570721" lon="31.084396038204432">
        <ele>1171.5</ele>
        <time>2021-09-25T09:20:59Z</time>
      </trkpt>
      <trkpt lat="-25.824313005432487" lon="31.084223035722971">
        <ele>1172.47</ele>
        <time>2021-09-25T09:21:00Z</time>
      </trkpt>
      <trkpt lat="-25.824375031515956" lon="31.084042992442846">
        <ele>1172.95</ele>
        <time>2021-09-25T09:21:01Z</time>
      </trkpt>
      <trkpt lat="-25.824428005144" lon="31.08385699801147">
        <ele>1174.8699999999999</ele>
        <time>2021-09-25T09:21:02Z</time>
      </trkpt>
      <trkpt lat="-25.824475027620792" lon="31.083663962781429">
        <ele>1175.3499999999999</ele>
        <time>2021-09-25T09:21:03Z</time>
      </trkpt>
      <trkpt lat="-25.824574017897248" lon="31.08327898196876">
        <ele>1178.23</ele>
        <time>2021-09-25T09:21:05Z</time>
      </trkpt>
      <trkpt lat="-25.824640989303589" lon="31.083091981709003">
        <ele>1179.6700000000001</ele>
        <time>2021-09-25T09:21:06Z</time>
      </trkpt>
      <trkpt lat="-25.824721958488226" lon="31.082909004762769">
        <ele>1180.1600000000001</ele>
        <time>2021-09-25T09:21:07Z</time>
      </trkpt>
      <trkpt lat="-25.824818015098572" lon="31.082732984796166">
        <ele>1182.0799999999999</ele>
        <time>2021-09-25T09:21:08Z</time>
      </trkpt>
      <trkpt lat="-25.824926979839802" lon="31.082568028941751">
        <ele>1183.52</ele>
        <time>2021-09-25T09:21:09Z</time>
      </trkpt>
      <trkpt lat="-25.825049020349979" lon="31.082414975389838">
        <ele>1185.4400000000001</ele>
        <time>2021-09-25T09:21:10Z</time>
      </trkpt>
      <trkpt lat="-25.825178017839789" lon="31.082270974293351">
        <ele>1185.9200000000001</ele>
        <time>2021-09-25T09:21:11Z</time>
      </trkpt>
      <trkpt lat="-25.825312966480851" lon="31.082135019823909">
        <ele>1186.8800000000001</ele>
        <time>2021-09-25T09:21:12Z</time>
      </trkpt>
      <trkpt lat="-25.825599962845445" lon="31.081882975995541">
        <ele>1191.21</ele>
        <time>2021-09-25T09:21:14Z</time>
      </trkpt>
      <trkpt lat="-25.825902968645096" lon="31.081658005714417">
        <ele>1194.0899999999999</ele>
        <time>2021-09-25T09:21:16Z</time>
      </trkpt>
      <trkpt lat="-25.826380988582969" lon="31.081374026834965">
        <ele>1198.9000000000001</ele>
        <time>2021-09-25T09:21:19Z</time>
      </trkpt>
      <trkpt lat="-25.826703021302819" lon="31.081234971061349">
        <ele>1201.3</ele>
        <time>2021-09-25T09:21:21Z</time>
      </trkpt>
      <trkpt lat="-25.826863031834364" lon="31.081194989383221">
        <ele>1202.75</ele>
        <time>2021-09-25T09:21:22Z</time>
      </trkpt>
      <trkpt lat="-25.827021030709147" lon="31.081183003261685">
        <ele>1204.1900000000001</ele>
        <time>2021-09-25T09:21:23Z</time>
      </trkpt>
      <trkpt lat="-25.82717802375555" lon="31.081197001039982">
        <ele>1204.1900000000001</ele>
        <time>2021-09-25T09:21:24Z</time>
      </trkpt>
      <trkpt lat="-25.827333005145192" lon="31.081234971061349">
        <ele>1206.1099999999999</ele>
        <time>2021-09-25T09:21:25Z</time>
      </trkpt>
      <trkpt lat="-25.827483041211963" lon="31.081291968002915">
        <ele>1207.0699999999999</ele>
        <time>2021-09-25T09:21:26Z</time>
      </trkpt>
      <trkpt lat="-25.827631987631321" lon="31.081362040713429">
        <ele>1209.48</ele>
        <time>2021-09-25T09:21:27Z</time>
      </trkpt>
      <trkpt lat="-25.828105984255672" lon="31.081577036529779">
        <ele>1213.3199999999999</ele>
        <time>2021-09-25T09:21:30Z</time>
      </trkpt>
      <trkpt lat="-25.828278986737132" lon="31.08162397518754">
        <ele>1215.24</ele>
        <time>2021-09-25T09:21:31Z</time>
      </trkpt>
      <trkpt lat="-25.828456012532115" lon="31.081655994057655">
        <ele>1216.21</ele>
        <time>2021-09-25T09:21:32Z</time>
      </trkpt>
      <trkpt lat="-25.828987006098032" lon="31.081720031797886">
        <ele>1220.53</ele>
        <time>2021-09-25T09:21:35Z</time>
      </trkpt>
      <trkpt lat="-25.82915497943759" lon="31.081758001819253">
        <ele>1221.97</ele>
        <time>2021-09-25T09:21:36Z</time>
      </trkpt>
      <trkpt lat="-25.829319013282657" lon="31.081813992932439">
        <ele>1224.3800000000001</ele>
        <time>2021-09-25T09:21:37Z</time>
      </trkpt>
      <trkpt lat="-25.829804996028543" lon="31.082018008455634">
        <ele>1227.74</ele>
        <time>2021-09-25T09:21:40Z</time>
      </trkpt>
      <trkpt lat="-25.830126022920012" lon="31.08215999789536">
        <ele>1229.1800000000001</ele>
        <time>2021-09-25T09:21:42Z</time>
      </trkpt>
      <trkpt lat="-25.830600019544363" lon="31.082365019246936">
        <ele>1231.5899999999999</ele>
        <time>2021-09-25T09:21:45Z</time>
      </trkpt>
      <trkpt lat="-25.831221034750342" lon="31.082636006176472">
        <ele>1235.4300000000001</ele>
        <time>2021-09-25T09:21:49Z</time>
      </trkpt>
      <trkpt lat="-25.831525968387723" lon="31.082769026979804">
        <ele>1236.3900000000001</ele>
        <time>2021-09-25T09:21:51Z</time>
      </trkpt>
      <trkpt lat="-25.831972975283861" lon="31.082961978390813">
        <ele>1239.28</ele>
        <time>2021-09-25T09:21:54Z</time>
      </trkpt>
      <trkpt lat="-25.832404978573322" lon="31.083149984478951">
        <ele>1242.6400000000001</ele>
        <time>2021-09-25T09:21:57Z</time>
      </trkpt>
      <trkpt lat="-25.832880986854434" lon="31.083344025537372">
        <ele>1243.5999999999999</ele>
        <time>2021-09-25T09:22:01Z</time>
      </trkpt>
      <trkpt lat="-25.833005961030722" lon="31.083355005830526">
        <ele>1244.0799999999999</ele>
        <time>2021-09-25T09:22:02Z</time>
      </trkpt>
      <trkpt lat="-25.83313001319766" lon="31.083328016102314">
        <ele>1245.53</ele>
        <time>2021-09-25T09:22:03Z</time>
      </trkpt>
      <trkpt lat="-25.833241995424032" lon="31.083269007503986">
        <ele>1246.01</ele>
        <time>2021-09-25T09:22:04Z</time>
      </trkpt>
      <trkpt lat="-25.833333022892475" lon="31.083180997520685">
        <ele>1246.01</ele>
        <time>2021-09-25T09:22:05Z</time>
      </trkpt>
      <trkpt lat="-25.833401000127196" lon="31.083069015294313">
        <ele>1246.97</ele>
        <time>2021-09-25T09:22:06Z</time>
      </trkpt>
      <trkpt lat="-25.833445005118847" lon="31.082940017804503">
        <ele>1248.4100000000001</ele>
        <time>2021-09-25T09:22:07Z</time>
      </trkpt>
      <trkpt lat="-25.833463026210666" lon="31.082797022536397">
        <ele>1249.3699999999999</ele>
        <time>2021-09-25T09:22:08Z</time>
      </trkpt>
      <trkpt lat="-25.83345397375524" lon="31.082648998126388">
        <ele>1251.29</ele>
        <time>2021-09-25T09:22:09Z</time>
      </trkpt>
      <trkpt lat="-25.833427989855409" lon="31.082493010908365">
        <ele>1250.3299999999999</ele>
        <time>2021-09-25T09:22:10Z</time>
      </trkpt>
      <trkpt lat="-25.833399994298816" lon="31.082324031740427">
        <ele>1250.8099999999999</ele>
        <time>2021-09-25T09:22:11Z</time>
      </trkpt>
      <trkpt lat="-25.83338800817728" lon="31.082146000117064">
        <ele>1252.25</ele>
        <time>2021-09-25T09:22:12Z</time>
      </trkpt>
      <trkpt lat="-25.833399994298816" lon="31.081964028999209">
        <ele>1252.25</ele>
        <time>2021-09-25T09:22:13Z</time>
      </trkpt>
      <trkpt lat="-25.833438970148563" lon="31.081781974062324">
        <ele>1251.77</ele>
        <time>2021-09-25T09:22:14Z</time>
      </trkpt>
      <trkpt lat="-25.833506025373936" lon="31.081609977409244">
        <ele>1252.25</ele>
        <time>2021-09-25T09:22:15Z</time>
      </trkpt>
      <trkpt lat="-25.833598980680108" lon="31.08145197853446">
        <ele>1252.74</ele>
        <time>2021-09-25T09:22:16Z</time>
      </trkpt>
      <trkpt lat="-25.83371096290648" lon="31.081307977437973">
        <ele>1252.74</ele>
        <time>2021-09-25T09:22:17Z</time>
      </trkpt>
      <trkpt lat="-25.833839038386941" lon="31.081175040453672">
        <ele>1254.1800000000001</ele>
        <time>2021-09-25T09:22:18Z</time>
      </trkpt>
      <trkpt lat="-25.833978010341525" lon="31.081048976629972">
        <ele>1254.6600000000001</ele>
        <time>2021-09-25T09:22:19Z</time>
      </trkpt>
      <trkpt lat="-25.834259977564216" lon="31.080811014398932">
        <ele>1258.02</ele>
        <time>2021-09-25T09:22:21Z</time>
      </trkpt>
      <trkpt lat="-25.834400039166212" lon="31.080691991373897">
        <ele>1258.02</ele>
        <time>2021-09-25T09:22:22Z</time>
      </trkpt>
      <trkpt lat="-25.834815027192235" lon="31.080338023602962">
        <ele>1260.9100000000001</ele>
        <time>2021-09-25T09:22:25Z</time>
      </trkpt>
      <trkpt lat="-25.835373010486364" lon="31.079854974523187">
        <ele>1264.27</ele>
        <time>2021-09-25T09:22:29Z</time>
      </trkpt>
      <trkpt lat="-25.835640979930758" lon="31.07962497510016">
        <ele>1265.23</ele>
        <time>2021-09-25T09:22:31Z</time>
      </trkpt>
      <trkpt lat="-25.836034007370472" lon="31.079310989007354">
        <ele>1269.5599999999999</ele>
        <time>2021-09-25T09:22:34Z</time>
      </trkpt>
      <trkpt lat="-25.836178008466959" lon="31.079224990680814">
        <ele>1269.5599999999999</ele>
        <time>2021-09-25T09:22:35Z</time>
      </trkpt>
      <trkpt lat="-25.836329972371459" lon="31.07915299013257">
        <ele>1271</ele>
        <time>2021-09-25T09:22:36Z</time>
      </trkpt>
      <trkpt lat="-25.836483025923371" lon="31.079091969877481">
        <ele>1272.4400000000001</ele>
        <time>2021-09-25T09:22:37Z</time>
      </trkpt>
      <trkpt lat="-25.836941013112664" lon="31.078939000144601">
        <ele>1275.3299999999999</ele>
        <time>2021-09-25T09:22:40Z</time>
      </trkpt>
      <trkpt lat="-25.837381985038519" lon="31.07878896407783">
        <ele>1278.21</ele>
        <time>2021-09-25T09:22:43Z</time>
      </trkpt>
      <trkpt lat="-25.837803008034825" lon="31.078677987679839">
        <ele>1280.1300000000001</ele>
        <time>2021-09-25T09:22:46Z</time>
      </trkpt>
      <trkpt lat="-25.838275998830795" lon="31.078642029315233">
        <ele>1284.46</ele>
        <time>2021-09-25T09:22:50Z</time>
      </trkpt>
      <trkpt lat="-25.838378006592393" lon="31.07861696742475">
        <ele>1285.9000000000001</ele>
        <time>2021-09-25T09:22:51Z</time>
      </trkpt>
      <trkpt lat="-25.838470039889216" lon="31.078568017110229">
        <ele>1286.8599999999999</ele>
        <time>2021-09-25T09:22:52Z</time>
      </trkpt>
      <trkpt lat="-25.838548997417092" lon="31.078491993248463">
        <ele>1286.8599999999999</ele>
        <time>2021-09-25T09:22:53Z</time>
      </trkpt>
      <trkpt lat="-25.838612029328942" lon="31.078395014628768">
        <ele>1289.27</ele>
        <time>2021-09-25T09:22:54Z</time>
      </trkpt>
      <trkpt lat="-25.838652011007071" lon="31.078282026574016">
        <ele>1291.6700000000001</ele>
        <time>2021-09-25T09:22:55Z</time>
      </trkpt>
      <trkpt lat="-25.83867103792727" lon="31.078160991892219">
        <ele>1292.1500000000001</ele>
        <time>2021-09-25T09:22:56Z</time>
      </trkpt>
      <trkpt lat="-25.838675983250141" lon="31.078027971088886">
        <ele>1292.6300000000001</ele>
        <time>2021-09-25T09:22:57Z</time>
      </trkpt>
      <trkpt lat="-25.838685035705566" lon="31.077881036326289">
        <ele>1295.03</ele>
        <time>2021-09-25T09:22:58Z</time>
      </trkpt>
      <trkpt lat="-25.838708002120256" lon="31.077720019966364">
        <ele>1296.96</ele>
        <time>2021-09-25T09:22:59Z</time>
      </trkpt>
      <trkpt lat="-25.838753012940288" lon="31.077545005828142">
        <ele>1298.8800000000001</ele>
        <time>2021-09-25T09:23:00Z</time>
      </trkpt>
      <trkpt lat="-25.838815039023757" lon="31.077372003346682">
        <ele>1301.76</ele>
        <time>2021-09-25T09:23:01Z</time>
      </trkpt>
      <trkpt lat="-25.838884022086859" lon="31.077199000865221">
        <ele>1302.24</ele>
        <time>2021-09-25T09:23:02Z</time>
      </trkpt>
      <trkpt lat="-25.839098012074828" lon="31.076679993420839">
        <ele>1307.53</ele>
        <time>2021-09-25T09:23:05Z</time>
      </trkpt>
      <trkpt lat="-25.839243018999696" lon="31.076341029256582">
        <ele>1311.3800000000001</ele>
        <time>2021-09-25T09:23:07Z</time>
      </trkpt>
      <trkpt lat="-25.839398000389338" lon="31.076026037335396">
        <ele>1314.74</ele>
        <time>2021-09-25T09:23:09Z</time>
      </trkpt>
      <trkpt lat="-25.839592041447759" lon="31.075742980465293">
        <ele>1318.0999999999999</ele>
        <time>2021-09-25T09:23:11Z</time>
      </trkpt>
      <trkpt lat="-25.839707041159272" lon="31.075619012117386">
        <ele>1320.51</ele>
        <time>2021-09-25T09:23:12Z</time>
      </trkpt>
      <trkpt lat="-25.839836038649082" lon="31.075504012405872">
        <ele>1321.95</ele>
        <time>2021-09-25T09:23:13Z</time>
      </trkpt>
      <trkpt lat="-25.839974004775286" lon="31.075399992987514">
        <ele>1323.8699999999999</ele>
        <time>2021-09-25T09:23:14Z</time>
      </trkpt>
      <trkpt lat="-25.840117000043392" lon="31.075306031852961">
        <ele>1325.3099999999999</ele>
        <time>2021-09-25T09:23:15Z</time>
      </trkpt>
      <trkpt lat="-25.840544980019331" lon="31.075021969154477">
        <ele>1330.5999999999999</ele>
        <time>2021-09-25T09:23:18Z</time>
      </trkpt>
      <trkpt lat="-25.84082099609077" lon="31.074816025793552">
        <ele>1333.97</ele>
        <time>2021-09-25T09:23:20Z</time>
      </trkpt>
      <trkpt lat="-25.841098017990589" lon="31.074605975300074">
        <ele>1336.8499999999999</ele>
        <time>2021-09-25T09:23:22Z</time>
      </trkpt>
      <trkpt lat="-25.841386020183563" lon="31.074430039152503">
        <ele>1340.22</ele>
        <time>2021-09-25T09:23:24Z</time>
      </trkpt>
      <trkpt lat="-25.841685002669692" lon="31.074297018349171">
        <ele>1344.54</ele>
        <time>2021-09-25T09:23:26Z</time>
      </trkpt>
      <trkpt lat="-25.841988008469343" lon="31.074199033901095">
        <ele>1347.9100000000001</ele>
        <time>2021-09-25T09:23:28Z</time>
      </trkpt>
      <trkpt lat="-25.842451024800539" lon="31.074129967018962">
        <ele>1351.75</ele>
        <time>2021-09-25T09:23:31Z</time>
      </trkpt>
      <trkpt lat="-25.842607012018561" lon="31.074133990332484">
        <ele>1353.6700000000001</ele>
        <time>2021-09-25T09:23:32Z</time>
      </trkpt>
      <trkpt lat="-25.842759981751442" lon="31.074151005595922">
        <ele>1354.6300000000001</ele>
        <time>2021-09-25T09:23:33Z</time>
      </trkpt>
      <trkpt lat="-25.842910017818213" lon="31.074184030294418">
        <ele>1357.04</ele>
        <time>2021-09-25T09:23:34Z</time>
      </trkpt>
      <trkpt lat="-25.843053013086319" lon="31.074225017800927">
        <ele>1358.48</ele>
        <time>2021-09-25T09:23:35Z</time>
      </trkpt>
      <trkpt lat="-25.843303967267275" lon="31.07429500669241">
        <ele>1359.9200000000001</ele>
        <time>2021-09-25T09:23:37Z</time>
      </trkpt>
      <trkpt lat="-25.843414021655917" lon="31.074298024177551">
        <ele>1360.4000000000001</ele>
        <time>2021-09-25T09:23:38Z</time>
      </trkpt>
      <trkpt lat="-25.843514017760754" lon="31.074266005307436">
        <ele>1361.8399999999999</ele>
        <time>2021-09-25T09:23:39Z</time>
      </trkpt>
      <trkpt lat="-25.843605967238545" lon="31.074200961738825">
        <ele>1362.8099999999999</ele>
        <time>2021-09-25T09:23:40Z</time>
      </trkpt>
      <trkpt lat="-25.843693977221847" lon="31.074113035574555">
        <ele>1364.25</ele>
        <time>2021-09-25T09:23:41Z</time>
      </trkpt>
      <trkpt lat="-25.843789028003812" lon="31.074021002277732">
        <ele>1364.73</ele>
        <time>2021-09-25T09:23:42Z</time>
      </trkpt>
      <trkpt lat="-25.843896986916661" lon="31.073936009779572">
        <ele>1366.1700000000001</ele>
        <time>2021-09-25T09:23:43Z</time>
      </trkpt>
      <trkpt lat="-25.844022966921329" lon="31.073861997574568">
        <ele>1368.0899999999999</ele>
        <time>2021-09-25T09:23:44Z</time>
      </trkpt>
      <trkpt lat="-25.844162022694945" lon="31.073800977319479">
        <ele>1369.54</ele>
        <time>2021-09-25T09:23:45Z</time>
      </trkpt>
      <trkpt lat="-25.844308035448194" lon="31.073743980377913">
        <ele>1370.98</ele>
        <time>2021-09-25T09:23:46Z</time>
      </trkpt>
      <trkpt lat="-25.844443989917636" lon="31.073678014799953">
        <ele>1372.4200000000001</ele>
        <time>2021-09-25T09:23:47Z</time>
      </trkpt>
      <trkpt lat="-25.844556977972388" lon="31.073591010645032">
        <ele>1373.3800000000001</ele>
        <time>2021-09-25T09:23:48Z</time>
      </trkpt>
      <trkpt lat="-25.844652028754354" lon="31.073489002883434">
        <ele>1375.3</ele>
        <time>2021-09-25T09:23:49Z</time>
      </trkpt>
      <trkpt lat="-25.844829976558685" lon="31.073299990966916">
        <ele>1377.71</ele>
        <time>2021-09-25T09:23:51Z</time>
      </trkpt>
      <trkpt lat="-25.844928966835141" lon="31.073236959055066">
        <ele>1379.1500000000001</ele>
        <time>2021-09-25T09:23:52Z</time>
      </trkpt>
      <trkpt lat="-25.845031980425119" lon="31.073204018175602">
        <ele>1380.5899999999999</ele>
        <time>2021-09-25T09:23:53Z</time>
      </trkpt>
      <trkpt lat="-25.84513901732862" lon="31.073207035660744">
        <ele>1382.03</ele>
        <time>2021-09-25T09:23:54Z</time>
      </trkpt>
      <trkpt lat="-25.845248987898231" lon="31.073238970711827">
        <ele>1382.99</ele>
        <time>2021-09-25T09:23:55Z</time>
      </trkpt>
      <trkpt lat="-25.845359964296222" lon="31.073284987360239">
        <ele>1384.4400000000001</ele>
        <time>2021-09-25T09:23:56Z</time>
      </trkpt>
      <trkpt lat="-25.845480998978019" lon="31.073324969038367">
        <ele>1386.8399999999999</ele>
        <time>2021-09-25T09:23:57Z</time>
      </trkpt>
      <trkpt lat="-25.845611002296209" lon="31.073346007615328">
        <ele>1389.24</ele>
        <time>2021-09-25T09:23:58Z</time>
      </trkpt>
      <trkpt lat="-25.845750980079174" lon="31.073342990130186">
        <ele>1389.72</ele>
        <time>2021-09-25T09:23:59Z</time>
      </trkpt>
      <trkpt lat="-25.845897998660803" lon="31.073319017887115">
        <ele>1391.6500000000001</ele>
        <time>2021-09-25T09:24:00Z</time>
      </trkpt>
      <trkpt lat="-25.846048034727573" lon="31.073284987360239">
        <ele>1394.05</ele>
        <time>2021-09-25T09:24:01Z</time>
      </trkpt>
      <trkpt lat="-25.846347017213702" lon="31.073213992640376">
        <ele>1398.8599999999999</ele>
        <time>2021-09-25T09:24:03Z</time>
      </trkpt>
      <trkpt lat="-25.846940036863089" lon="31.073139980435371">
        <ele>1401.74</ele>
        <time>2021-09-25T09:24:07Z</time>
      </trkpt>
      <trkpt lat="-25.847756015136838" lon="31.073077032342553">
        <ele>1397.8900000000001</ele>
        <time>2021-09-25T09:24:12Z</time>
      </trkpt>
      <trkpt lat="-25.848268987610936" lon="31.073043001815677">
        <ele>1393.5699999999999</ele>
        <time>2021-09-25T09:24:15Z</time>
      </trkpt>
      <trkpt lat="-25.848761005327106" lon="31.0730089712888">
        <ele>1390.2</ele>
        <time>2021-09-25T09:24:18Z</time>
      </trkpt>
      <trkpt lat="-25.849254028871655" lon="31.072969995439053">
        <ele>1385.8800000000001</ele>
        <time>2021-09-25T09:24:21Z</time>
      </trkpt>
      <trkpt lat="-25.849932041019201" lon="31.072916015982628">
        <ele>1382.03</ele>
        <time>2021-09-25T09:24:25Z</time>
      </trkpt>
      <trkpt lat="-25.850100014358759" lon="31.072902018204331">
        <ele>1382.03</ele>
        <time>2021-09-25T09:24:26Z</time>
      </trkpt>
      <trkpt lat="-25.850432021543384" lon="31.072874022647738">
        <ele>1380.5899999999999</ele>
        <time>2021-09-25T09:24:28Z</time>
      </trkpt>
      <trkpt lat="-25.851214975118637" lon="31.072963960468769">
        <ele>1379.6300000000001</ele>
        <time>2021-09-25T09:24:33Z</time>
      </trkpt>
      <trkpt lat="-25.851364005357027" lon="31.073012994602323">
        <ele>1380.1099999999999</ele>
        <time>2021-09-25T09:24:34Z</time>
      </trkpt>
      <trkpt lat="-25.852375030517578" lon="31.073532002046704">
        <ele>1378.6700000000001</ele>
        <time>2021-09-25T09:24:41Z</time>
      </trkpt>
      <trkpt lat="-25.852528000250459" lon="31.07358698733151">
        <ele>1379.1500000000001</ele>
        <time>2021-09-25T09:24:42Z</time>
      </trkpt>
      <trkpt lat="-25.852685999125242" lon="31.073623029515147">
        <ele>1380.5899999999999</ele>
        <time>2021-09-25T09:24:43Z</time>
      </trkpt>
      <trkpt lat="-25.852848021313548" lon="31.073640966787934">
        <ele>1381.0699999999999</ele>
        <time>2021-09-25T09:24:44Z</time>
      </trkpt>
      <trkpt lat="-25.853011971339583" lon="31.073637027293444">
        <ele>1382.99</ele>
        <time>2021-09-25T09:24:45Z</time>
      </trkpt>
      <trkpt lat="-25.853173993527889" lon="31.073612971231341">
        <ele>1382.99</ele>
        <time>2021-09-25T09:24:46Z</time>
      </trkpt>
      <trkpt lat="-25.853332998231053" lon="31.073569972068071">
        <ele>1384.4400000000001</ele>
        <time>2021-09-25T09:24:47Z</time>
      </trkpt>
      <trkpt lat="-25.853485967963934" lon="31.073510041460395">
        <ele>1384.9200000000001</ele>
        <time>2021-09-25T09:24:48Z</time>
      </trkpt>
      <trkpt lat="-25.853631980717182" lon="31.073431000113487">
        <ele>1386.8399999999999</ele>
        <time>2021-09-25T09:24:49Z</time>
      </trkpt>
      <trkpt lat="-25.853771958500147" lon="31.073338966816664">
        <ele>1387.8</ele>
        <time>2021-09-25T09:24:50Z</time>
      </trkpt>
      <trkpt lat="-25.85390699096024" lon="31.073240982368588">
        <ele>1389.24</ele>
        <time>2021-09-25T09:24:51Z</time>
      </trkpt>
      <trkpt lat="-25.854453993961215" lon="31.07283596880734">
        <ele>1393.0899999999999</ele>
        <time>2021-09-25T09:24:55Z</time>
      </trkpt>
      <trkpt lat="-25.855982014909387" lon="31.071737017482519">
        <ele>1394.05</ele>
        <time>2021-09-25T09:25:06Z</time>
      </trkpt>
      <trkpt lat="-25.856666984036565" lon="31.071250028908253">
        <ele>1396.9300000000001</ele>
        <time>2021-09-25T09:25:11Z</time>
      </trkpt>
      <trkpt lat="-25.857041990384459" lon="31.070991028100252">
        <ele>1400.78</ele>
        <time>2021-09-25T09:25:14Z</time>
      </trkpt>
      <trkpt lat="-25.857570972293615" lon="31.070614010095596">
        <ele>1404.1400000000001</ele>
        <time>2021-09-25T09:25:18Z</time>
      </trkpt>
      <trkpt lat="-25.858562970533967" lon="31.069916971027851">
        <ele>1400.78</ele>
        <time>2021-09-25T09:25:25Z</time>
      </trkpt>
      <trkpt lat="-25.858819037675858" lon="31.069702981039882">
        <ele>1397.4100000000001</ele>
        <time>2021-09-25T09:25:27Z</time>
      </trkpt>
      <trkpt lat="-25.85904099047184" lon="31.069453032687306">
        <ele>1395.01</ele>
        <time>2021-09-25T09:25:29Z</time>
      </trkpt>
      <trkpt lat="-25.859140986576676" lon="31.069304002448916">
        <ele>1395.01</ele>
        <time>2021-09-25T09:25:30Z</time>
      </trkpt>
      <trkpt lat="-25.859228996559978" lon="31.06913804076612">
        <ele>1393.0899999999999</ele>
        <time>2021-09-25T09:25:31Z</time>
      </trkpt>
      <trkpt lat="-25.859305020421743" lon="31.068962020799518">
        <ele>1392.1300000000001</ele>
        <time>2021-09-25T09:25:32Z</time>
      </trkpt>
      <trkpt lat="-25.859379032626748" lon="31.068787006661296">
        <ele>1391.6500000000001</ele>
        <time>2021-09-25T09:25:33Z</time>
      </trkpt>
      <trkpt lat="-25.859466958791018" lon="31.068621966987848">
        <ele>1391.6500000000001</ele>
        <time>2021-09-25T09:25:34Z</time>
      </trkpt>
      <trkpt lat="-25.859571984037757" lon="31.068474026396871">
        <ele>1392.1300000000001</ele>
        <time>2021-09-25T09:25:35Z</time>
      </trkpt>
      <trkpt lat="-25.859682038426399" lon="31.068332036957145">
        <ele>1393.5699999999999</ele>
        <time>2021-09-25T09:25:36Z</time>
      </trkpt>
      <trkpt lat="-25.85998797789216" lon="31.067886035889387">
        <ele>1398.8599999999999</ele>
        <time>2021-09-25T09:25:39Z</time>
      </trkpt>
      <trkpt lat="-25.860173972323537" lon="31.067573977634311">
        <ele>1402.22</ele>
        <time>2021-09-25T09:25:41Z</time>
      </trkpt>
      <trkpt lat="-25.860326020047069" lon="31.06726803816855">
        <ele>1405.0999999999999</ele>
        <time>2021-09-25T09:25:43Z</time>
      </trkpt>
      <trkpt lat="-25.860378993675113" lon="31.067107021808624">
        <ele>1407.03</ele>
        <time>2021-09-25T09:25:44Z</time>
      </trkpt>
      <trkpt lat="-25.860413024201989" lon="31.066941982135177">
        <ele>1408.47</ele>
        <time>2021-09-25T09:25:45Z</time>
      </trkpt>
      <trkpt lat="-25.860434984788299" lon="31.066774008795619">
        <ele>1409.4300000000001</ele>
        <time>2021-09-25T09:25:46Z</time>
      </trkpt>
      <trkpt lat="-25.860450994223356" lon="31.066606035456061">
        <ele>1411.3499999999999</ele>
        <time>2021-09-25T09:25:47Z</time>
      </trkpt>
      <trkpt lat="-25.860483013093472" lon="31.066273022443056">
        <ele>1415.2</ele>
        <time>2021-09-25T09:25:49Z</time>
      </trkpt>
      <trkpt lat="-25.860519977286458" lon="31.065940009430051">
        <ele>1418.0799999999999</ele>
        <time>2021-09-25T09:25:51Z</time>
      </trkpt>
      <trkpt lat="-25.860564988106489" lon="31.065599033609033">
        <ele>1421.9300000000001</ele>
        <time>2021-09-25T09:25:53Z</time>
      </trkpt>
      <trkpt lat="-25.860634976997972" lon="31.065258979797363">
        <ele>1425.77</ele>
        <time>2021-09-25T09:25:55Z</time>
      </trkpt>
      <trkpt lat="-25.860726004466414" lon="31.064933007583022">
        <ele>1428.6600000000001</ele>
        <time>2021-09-25T09:25:57Z</time>
      </trkpt>
      <trkpt lat="-25.860762968659401" lon="31.064770985394716">
        <ele>1430.5799999999999</ele>
        <time>2021-09-25T09:25:58Z</time>
      </trkpt>
      <trkpt lat="-25.8607819955796" lon="31.064608041197062">
        <ele>1432.02</ele>
        <time>2021-09-25T09:25:59Z</time>
      </trkpt>
      <trkpt lat="-25.860784007236362" lon="31.064446019008756">
        <ele>1433.46</ele>
        <time>2021-09-25T09:26:00Z</time>
      </trkpt>
      <trkpt lat="-25.860764980316162" lon="31.064123986288905">
        <ele>1436.8299999999999</ele>
        <time>2021-09-25T09:26:02Z</time>
      </trkpt>
      <trkpt lat="-25.860721981152892" lon="31.063806982710958">
        <ele>1439.71</ele>
        <time>2021-09-25T09:26:04Z</time>
      </trkpt>
      <trkpt lat="-25.86067596450448" lon="31.063658036291599">
        <ele>1442.1099999999999</ele>
        <time>2021-09-25T09:26:05Z</time>
      </trkpt>
      <trkpt lat="-25.860612010583282" lon="31.063517974689603">
        <ele>1444.04</ele>
        <time>2021-09-25T09:26:06Z</time>
      </trkpt>
      <trkpt lat="-25.860529029741883" lon="31.063390988856554">
        <ele>1445.48</ele>
        <time>2021-09-25T09:26:07Z</time>
      </trkpt>
      <trkpt lat="-25.860430039465427" lon="31.063279006630182">
        <ele>1446.9200000000001</ele>
        <time>2021-09-25T09:26:08Z</time>
      </trkpt>
      <trkpt lat="-25.860317973420024" lon="31.063182028010488">
        <ele>1447.8800000000001</ele>
        <time>2021-09-25T09:26:09Z</time>
      </trkpt>
      <trkpt lat="-25.860194005072117" lon="31.063099969178438">
        <ele>1449.8099999999999</ele>
        <time>2021-09-25T09:26:10Z</time>
      </trkpt>
      <trkpt lat="-25.860064001753926" lon="31.063024029135704">
        <ele>1452.21</ele>
        <time>2021-09-25T09:26:11Z</time>
      </trkpt>
      <trkpt lat="-25.859682038426399" lon="31.062786988914013">
        <ele>1455.5699999999999</ele>
        <time>2021-09-25T09:26:14Z</time>
      </trkpt>
      <trkpt lat="-25.859487997367978" lon="31.062623960897326">
        <ele>1455.5699999999999</ele>
        <time>2021-09-25T09:26:16Z</time>
      </trkpt>
      <trkpt lat="-25.859413985162973" lon="31.062534023076296">
        <ele>1456.05</ele>
        <time>2021-09-25T09:26:17Z</time>
      </trkpt>
      <trkpt lat="-25.859357994049788" lon="31.062430003657937">
        <ele>1456.53</ele>
        <time>2021-09-25T09:26:18Z</time>
      </trkpt>
      <trkpt lat="-25.85931901820004" lon="31.062307963147759">
        <ele>1456.05</ele>
        <time>2021-09-25T09:26:19Z</time>
      </trkpt>
      <trkpt lat="-25.85929999127984" lon="31.062172008678317">
        <ele>1456.05</ele>
        <time>2021-09-25T09:26:20Z</time>
      </trkpt>
      <trkpt lat="-25.859307032078505" lon="31.062029013410211">
        <ele>1455.5699999999999</ele>
        <time>2021-09-25T09:26:21Z</time>
      </trkpt>
      <trkpt lat="-25.85934198461473" lon="31.061885012313724">
        <ele>1455.0899999999999</ele>
        <time>2021-09-25T09:26:22Z</time>
      </trkpt>
      <trkpt lat="-25.85940602235496" lon="31.061750985682011">
        <ele>1454.1300000000001</ele>
        <time>2021-09-25T09:26:23Z</time>
      </trkpt>
      <trkpt lat="-25.859495960175991" lon="31.061637997627258">
        <ele>1454.6099999999999</ele>
        <time>2021-09-25T09:26:24Z</time>
      </trkpt>
      <trkpt lat="-25.859607020393014" lon="31.06155501678586">
        <ele>1455.0899999999999</ele>
        <time>2021-09-25T09:26:25Z</time>
      </trkpt>
      <trkpt lat="-25.859739035367966" lon="31.061497014015913">
        <ele>1454.6099999999999</ele>
        <time>2021-09-25T09:26:26Z</time>
      </trkpt>
      <trkpt lat="-25.859883958473802" lon="31.061473041772842">
        <ele>1453.6500000000001</ele>
        <time>2021-09-25T09:26:27Z</time>
      </trkpt>
      <trkpt lat="-25.86003097705543" lon="31.061496008187532">
        <ele>1455.0899999999999</ele>
        <time>2021-09-25T09:26:28Z</time>
      </trkpt>
      <trkpt lat="-25.860182018950582" lon="31.061535989865661">
        <ele>1456.53</ele>
        <time>2021-09-25T09:26:29Z</time>
      </trkpt>
      <trkpt lat="-25.8605039678514" lon="31.061588963493705">
        <ele>1457.5</ele>
        <time>2021-09-25T09:26:31Z</time>
      </trkpt>
      <trkpt lat="-25.860669007524848" lon="31.061589969322085">
        <ele>1457.5</ele>
        <time>2021-09-25T09:26:32Z</time>
      </trkpt>
      <trkpt lat="-25.861499989405274" lon="31.061520986258984">
        <ele>1453.6500000000001</ele>
        <time>2021-09-25T09:26:37Z</time>
      </trkpt>
      <trkpt lat="-25.862018996849656" lon="31.061487039551139">
        <ele>1450.29</ele>
        <time>2021-09-25T09:26:40Z</time>
      </trkpt>
      <trkpt lat="-25.862530041486025" lon="31.061458960175514">
        <ele>1446.9200000000001</ele>
        <time>2021-09-25T09:26:43Z</time>
      </trkpt>
      <trkpt lat="-25.86269298568368" lon="31.06144797988236">
        <ele>1446.4400000000001</ele>
        <time>2021-09-25T09:26:44Z</time>
      </trkpt>
      <trkpt lat="-25.863173017278314" lon="31.061345972120762">
        <ele>1443.0799999999999</ele>
        <time>2021-09-25T09:26:47Z</time>
      </trkpt>
      <trkpt lat="-25.863334033638239" lon="31.061292998492718">
        <ele>1443.0799999999999</ele>
        <time>2021-09-25T09:26:48Z</time>
      </trkpt>
      <trkpt lat="-25.863666962832212" lon="31.061182022094727">
        <ele>1439.71</ele>
        <time>2021-09-25T09:26:50Z</time>
      </trkpt>
      <trkpt lat="-25.864011039957404" lon="31.061069034039974">
        <ele>1436.3499999999999</ele>
        <time>2021-09-25T09:26:52Z</time>
      </trkpt>
      <trkpt lat="-25.864183036610484" lon="31.061014970764518">
        <ele>1436.3499999999999</ele>
        <time>2021-09-25T09:26:53Z</time>
      </trkpt>
      <trkpt lat="-25.864516971632838" lon="31.060906006023288">
        <ele>1432.5</ele>
        <time>2021-09-25T09:26:55Z</time>
      </trkpt>
      <trkpt lat="-25.86484101600945" lon="31.060811961069703">
        <ele>1429.6199999999999</ele>
        <time>2021-09-25T09:26:57Z</time>
      </trkpt>
      <trkpt lat="-25.865006977692246" lon="31.060787988826632">
        <ele>1427.7</ele>
        <time>2021-09-25T09:26:58Z</time>
      </trkpt>
      <trkpt lat="-25.865174029022455" lon="31.060792012140155">
        <ele>1426.73</ele>
        <time>2021-09-25T09:26:59Z</time>
      </trkpt>
      <trkpt lat="-25.865337979048491" lon="31.060825036838651">
        <ele>1426.25</ele>
        <time>2021-09-25T09:27:00Z</time>
      </trkpt>
      <trkpt lat="-25.865491032600403" lon="31.060884967446327">
        <ele>1425.77</ele>
        <time>2021-09-25T09:27:01Z</time>
      </trkpt>
      <trkpt lat="-25.865634027868509" lon="31.060967026278377">
        <ele>1426.25</ele>
        <time>2021-09-25T09:27:02Z</time>
      </trkpt>
      <trkpt lat="-25.865771993994713" lon="31.061058975756168">
        <ele>1425.77</ele>
        <time>2021-09-25T09:27:03Z</time>
      </trkpt>
      <trkpt lat="-25.866141971200705" lon="31.061343960464001">
        <ele>1424.3299999999999</ele>
        <time>2021-09-25T09:27:06Z</time>
      </trkpt>
      <trkpt lat="-25.86624096147716" lon="31.061462983489037">
        <ele>1424.3299999999999</ele>
        <time>2021-09-25T09:27:07Z</time>
      </trkpt>
      <trkpt lat="-25.866326037794352" lon="31.061597010120749">
        <ele>1423.8499999999999</ele>
        <time>2021-09-25T09:27:08Z</time>
      </trkpt>
      <trkpt lat="-25.866390997543931" lon="31.061748974025249">
        <ele>1423.8499999999999</ele>
        <time>2021-09-25T09:27:09Z</time>
      </trkpt>
      <trkpt lat="-25.866439025849104" lon="31.061912002041936">
        <ele>1424.3299999999999</ele>
        <time>2021-09-25T09:27:10Z</time>
      </trkpt>
      <trkpt lat="-25.866470960900187" lon="31.062087016180158">
        <ele>1425.29</ele>
        <time>2021-09-25T09:27:11Z</time>
      </trkpt>
      <trkpt lat="-25.866494011133909" lon="31.062274016439915">
        <ele>1425.77</ele>
        <time>2021-09-25T09:27:12Z</time>
      </trkpt>
      <trkpt lat="-25.866540027782321" lon="31.062670983374119">
        <ele>1430.0999999999999</ele>
        <time>2021-09-25T09:27:14Z</time>
      </trkpt>
      <trkpt lat="-25.866559976711869" lon="31.06286502443254">
        <ele>1429.1400000000001</ele>
        <time>2021-09-25T09:27:15Z</time>
      </trkpt>
      <trkpt lat="-25.866529969498515" lon="31.063774041831493">
        <ele>1432.5</ele>
        <time>2021-09-25T09:27:20Z</time>
      </trkpt>
      <trkpt lat="-25.866522006690502" lon="31.064118035137653">
        <ele>1433.46</ele>
        <time>2021-09-25T09:27:22Z</time>
      </trkpt>
      <trkpt lat="-25.866542039439082" lon="31.064287014305592">
        <ele>1434.9100000000001</ele>
        <time>2021-09-25T09:27:23Z</time>
      </trkpt>
      <trkpt lat="-25.866574980318546" lon="31.064452975988388">
        <ele>1435.3900000000001</ele>
        <time>2021-09-25T09:27:24Z</time>
      </trkpt>
      <trkpt lat="-25.866740019991994" lon="31.065091006457806">
        <ele>1438.75</ele>
        <time>2021-09-25T09:27:28Z</time>
      </trkpt>
      <trkpt lat="-25.866791987791657" lon="31.065369034186006">
        <ele>1440.6700000000001</ele>
        <time>2021-09-25T09:27:30Z</time>
      </trkpt>
      <trkpt lat="-25.866801962256432" lon="31.065510017797351">
        <ele>1442.1099999999999</ele>
        <time>2021-09-25T09:27:31Z</time>
      </trkpt>
      <trkpt lat="-25.866800034418702" lon="31.065654018893838">
        <ele>1442.5999999999999</ele>
        <time>2021-09-25T09:27:32Z</time>
      </trkpt>
      <trkpt lat="-25.866786958649755" lon="31.065802965313196">
        <ele>1443.0799999999999</ele>
        <time>2021-09-25T09:27:33Z</time>
      </trkpt>
      <trkpt lat="-25.866761980578303" lon="31.065954007208347">
        <ele>1445</ele>
        <time>2021-09-25T09:27:34Z</time>
      </trkpt>
      <trkpt lat="-25.866729961708188" lon="31.066107982769608">
        <ele>1446.4400000000001</ele>
        <time>2021-09-25T09:27:35Z</time>
      </trkpt>
      <trkpt lat="-25.866653015837073" lon="31.066546021029353">
        <ele>1449.3199999999999</ele>
        <time>2021-09-25T09:27:38Z</time>
      </trkpt>
      <trkpt lat="-25.866654021665454" lon="31.06669002212584">
        <ele>1450.29</ele>
        <time>2021-09-25T09:27:39Z</time>
      </trkpt>
      <trkpt lat="-25.866680005565286" lon="31.066826982423663">
        <ele>1450.29</ele>
        <time>2021-09-25T09:27:40Z</time>
      </trkpt>
      <trkpt lat="-25.86673297919333" lon="31.066951034590602">
        <ele>1451.25</ele>
        <time>2021-09-25T09:27:41Z</time>
      </trkpt>
      <trkpt lat="-25.866809003055096" lon="31.067061005160213">
        <ele>1452.21</ele>
        <time>2021-09-25T09:27:42Z</time>
      </trkpt>
      <trkpt lat="-25.86690598167479" lon="31.067149015143514">
        <ele>1453.1700000000001</ele>
        <time>2021-09-25T09:27:43Z</time>
      </trkpt>
      <trkpt lat="-25.867017041891813" lon="31.067219004034996">
        <ele>1453.6500000000001</ele>
        <time>2021-09-25T09:27:44Z</time>
      </trkpt>
      <trkpt lat="-25.867142016068101" lon="31.067268960177898">
        <ele>1454.6099999999999</ele>
        <time>2021-09-25T09:27:45Z</time>
      </trkpt>
      <trkpt lat="-25.867279982194304" lon="31.067311959341168">
        <ele>1455.0899999999999</ele>
        <time>2021-09-25T09:27:46Z</time>
      </trkpt>
      <trkpt lat="-25.867575025185943" lon="31.067412961274385">
        <ele>1456.53</ele>
        <time>2021-09-25T09:27:48Z</time>
      </trkpt>
      <trkpt lat="-25.867706034332514" lon="31.067490996792912">
        <ele>1456.05</ele>
        <time>2021-09-25T09:27:49Z</time>
      </trkpt>
      <trkpt lat="-25.867817010730505" lon="31.067586969584227">
        <ele>1456.53</ele>
        <time>2021-09-25T09:27:50Z</time>
      </trkpt>
      <trkpt lat="-25.867908960208297" lon="31.067702975124121">
        <ele>1457.5</ele>
        <time>2021-09-25T09:27:51Z</time>
      </trkpt>
      <trkpt lat="-25.867980038747191" lon="31.067834990099072">
        <ele>1457.98</ele>
        <time>2021-09-25T09:27:52Z</time>
      </trkpt>
      <trkpt lat="-25.868029994890094" lon="31.067981002852321">
        <ele>1459.4200000000001</ele>
        <time>2021-09-25T09:27:53Z</time>
      </trkpt>
      <trkpt lat="-25.868055978789926" lon="31.068139001727104">
        <ele>1460.3800000000001</ele>
        <time>2021-09-25T09:27:54Z</time>
      </trkpt>
      <trkpt lat="-25.868054972961545" lon="31.068304041400552">
        <ele>1461.3399999999999</ele>
        <time>2021-09-25T09:27:55Z</time>
      </trkpt>
      <trkpt lat="-25.868026977404952" lon="31.068467991426587">
        <ele>1463.26</ele>
        <time>2021-09-25T09:27:56Z</time>
      </trkpt>
      <trkpt lat="-25.867975009605289" lon="31.068631019443274">
        <ele>1464.71</ele>
        <time>2021-09-25T09:27:57Z</time>
      </trkpt>
      <trkpt lat="-25.867900997400284" lon="31.068788012489676">
        <ele>1465.1900000000001</ele>
        <time>2021-09-25T09:27:58Z</time>
      </trkpt>
      <trkpt lat="-25.86780896410346" lon="31.068942993879318">
        <ele>1466.1500000000001</ele>
        <time>2021-09-25T09:27:59Z</time>
      </trkpt>
      <trkpt lat="-25.867713997140527" lon="31.06909504160285">
        <ele>1467.5899999999999</ele>
        <time>2021-09-25T09:28:00Z</time>
      </trkpt>
      <trkpt lat="-25.86754996329546" lon="31.069385977461934">
        <ele>1469.99</ele>
        <time>2021-09-25T09:28:02Z</time>
      </trkpt>
      <trkpt lat="-25.867491960525513" lon="31.069529978558421">
        <ele>1470.47</ele>
        <time>2021-09-25T09:28:03Z</time>
      </trkpt>
      <trkpt lat="-25.867451978847384" lon="31.069678002968431">
        <ele>1471.4400000000001</ele>
        <time>2021-09-25T09:28:04Z</time>
      </trkpt>
      <trkpt lat="-25.867432029917836" lon="31.06982703320682">
        <ele>1472.4000000000001</ele>
        <time>2021-09-25T09:28:05Z</time>
      </trkpt>
      <trkpt lat="-25.867433035746217" lon="31.06997799128294">
        <ele>1473.3599999999999</ele>
        <time>2021-09-25T09:28:06Z</time>
      </trkpt>
      <trkpt lat="-25.867449967190623" lon="31.07012802734971">
        <ele>1473.8399999999999</ele>
        <time>2021-09-25T09:28:07Z</time>
      </trkpt>
      <trkpt lat="-25.867477040737867" lon="31.070275967940688">
        <ele>1474.3199999999999</ele>
        <time>2021-09-25T09:28:08Z</time>
      </trkpt>
      <trkpt lat="-25.867509981617332" lon="31.070426004007459">
        <ele>1476.72</ele>
        <time>2021-09-25T09:28:09Z</time>
      </trkpt>
      <trkpt lat="-25.86761400103569" lon="31.070890026167035">
        <ele>1480.0899999999999</ele>
        <time>2021-09-25T09:28:12Z</time>
      </trkpt>
      <trkpt lat="-25.867680972442031" lon="31.071531996130943">
        <ele>1482.97</ele>
        <time>2021-09-25T09:28:16Z</time>
      </trkpt>
      <trkpt lat="-25.867738975211978" lon="31.071993000805378">
        <ele>1485.8499999999999</ele>
        <time>2021-09-25T09:28:19Z</time>
      </trkpt>
      <trkpt lat="-25.867781974375248" lon="31.072142031043768">
        <ele>1486.8199999999999</ele>
        <time>2021-09-25T09:28:20Z</time>
      </trkpt>
      <trkpt lat="-25.867885993793607" lon="31.07244897633791">
        <ele>1487.3</ele>
        <time>2021-09-25T09:28:22Z</time>
      </trkpt>
      <trkpt lat="-25.868287989869714" lon="31.073616994544864">
        <ele>1490.6600000000001</ele>
        <time>2021-09-25T09:28:29Z</time>
      </trkpt>
      <trkpt lat="-25.868535004556179" lon="31.074333982542157">
        <ele>1492.5799999999999</ele>
        <time>2021-09-25T09:28:33Z</time>
      </trkpt>
      <trkpt lat="-25.868710018694401" lon="31.074844021350145">
        <ele>1495.47</ele>
        <time>2021-09-25T09:28:36Z</time>
      </trkpt>
      <trkpt lat="-25.868921997025609" lon="31.075464030727744">
        <ele>1499.3099999999999</ele>
        <time>2021-09-25T09:28:40Z</time>
      </trkpt>
      <trkpt lat="-25.868972036987543" lon="31.075612977147102">
        <ele>1499.79</ele>
        <time>2021-09-25T09:28:41Z</time>
      </trkpt>
      <trkpt lat="-25.869122995063663" lon="31.076050009578466">
        <ele>1501.24</ele>
        <time>2021-09-25T09:28:44Z</time>
      </trkpt>
      <trkpt lat="-25.869237994775176" lon="31.076326025649905">
        <ele>1502.6800000000001</ele>
        <time>2021-09-25T09:28:46Z</time>
      </trkpt>
      <trkpt lat="-25.869315024465322" lon="31.076450999826193">
        <ele>1503.6400000000001</ele>
        <time>2021-09-25T09:28:47Z</time>
      </trkpt>
      <trkpt lat="-25.869408985599875" lon="31.076561976224184">
        <ele>1503.6400000000001</ele>
        <time>2021-09-25T09:28:48Z</time>
      </trkpt>
      <trkpt lat="-25.869518034160137" lon="31.076656021177769">
        <ele>1503.6400000000001</ele>
        <time>2021-09-25T09:28:49Z</time>
      </trkpt>
      <trkpt lat="-25.869642002508044" lon="31.076734978705645">
        <ele>1503.6400000000001</ele>
        <time>2021-09-25T09:28:50Z</time>
      </trkpt>
      <trkpt lat="-25.869779968634248" lon="31.076801028102636">
        <ele>1505.0799999999999</ele>
        <time>2021-09-25T09:28:51Z</time>
      </trkpt>
      <trkpt lat="-25.869926987215877" lon="31.076861964538693">
        <ele>1505.0799999999999</ele>
        <time>2021-09-25T09:28:52Z</time>
      </trkpt>
      <trkpt lat="-25.870794011279941" lon="31.077212998643517">
        <ele>1508.45</ele>
        <time>2021-09-25T09:28:57Z</time>
      </trkpt>
      <trkpt lat="-25.871189972385764" lon="31.07736999168992">
        <ele>1509.4100000000001</ele>
        <time>2021-09-25T09:28:59Z</time>
      </trkpt>
      <trkpt lat="-25.871839988976717" lon="31.077729994431138">
        <ele>1508.45</ele>
        <time>2021-09-25T09:29:03Z</time>
      </trkpt>
      <trkpt lat="-25.872468966990709" lon="31.07835796661675">
        <ele>1509.4100000000001</ele>
        <time>2021-09-25T09:29:08Z</time>
      </trkpt>
      <trkpt lat="-25.87298596277833" lon="31.079288022592664">
        <ele>1509.8900000000001</ele>
        <time>2021-09-25T09:29:14Z</time>
      </trkpt>
      <trkpt lat="-25.87302996776998" lon="31.079437974840403">
        <ele>1508.9300000000001</ele>
        <time>2021-09-25T09:29:15Z</time>
      </trkpt>
      <trkpt lat="-25.873056035488844" lon="31.079585999250412">
        <ele>1508.45</ele>
        <time>2021-09-25T09:29:16Z</time>
      </trkpt>
      <trkpt lat="-25.873063998296857" lon="31.07973201200366">
        <ele>1508.9300000000001</ele>
        <time>2021-09-25T09:29:17Z</time>
      </trkpt>
      <trkpt lat="-25.87305000051856" lon="31.079876013100147">
        <ele>1509.4100000000001</ele>
        <time>2021-09-25T09:29:18Z</time>
      </trkpt>
      <trkpt lat="-25.873013036325574" lon="31.080014985054731">
        <ele>1509.4100000000001</ele>
        <time>2021-09-25T09:29:19Z</time>
      </trkpt>
      <trkpt lat="-25.872954027727246" lon="31.080149011686444">
        <ele>1509.4100000000001</ele>
        <time>2021-09-25T09:29:20Z</time>
      </trkpt>
      <trkpt lat="-25.872881021350622" lon="31.080282032489777">
        <ele>1509.4100000000001</ele>
        <time>2021-09-25T09:29:21Z</time>
      </trkpt>
      <trkpt lat="-25.872795023024082" lon="31.080413963645697">
        <ele>1509.8900000000001</ele>
        <time>2021-09-25T09:29:22Z</time>
      </trkpt>
      <trkpt lat="-25.87253300473094" lon="31.080789975821972">
        <ele>1506.04</ele>
        <time>2021-09-25T09:29:25Z</time>
      </trkpt>
      <trkpt lat="-25.872461004182696" lon="31.080908998847008">
        <ele>1504.5999999999999</ele>
        <time>2021-09-25T09:29:26Z</time>
      </trkpt>
      <trkpt lat="-25.872412975877523" lon="31.081031961366534">
        <ele>1502.6800000000001</ele>
        <time>2021-09-25T09:29:27Z</time>
      </trkpt>
      <trkpt lat="-25.872393026947975" lon="31.081158025190234">
        <ele>1502.2</ele>
        <time>2021-09-25T09:29:28Z</time>
      </trkpt>
      <trkpt lat="-25.872406018897891" lon="31.081286016851664">
        <ele>1501.72</ele>
        <time>2021-09-25T09:29:29Z</time>
      </trkpt>
      <trkpt lat="-25.872452035546303" lon="31.081405961886048">
        <ele>1501.24</ele>
        <time>2021-09-25T09:29:30Z</time>
      </trkpt>
      <trkpt lat="-25.872524036094546" lon="31.081506041809916">
        <ele>1500.27</ele>
        <time>2021-09-25T09:29:31Z</time>
      </trkpt>
      <trkpt lat="-25.87261900305748" lon="31.08158097602427">
        <ele>1500.76</ele>
        <time>2021-09-25T09:29:32Z</time>
      </trkpt>
      <trkpt lat="-25.872732996940613" lon="31.081632021814585">
        <ele>1501.24</ele>
        <time>2021-09-25T09:29:33Z</time>
      </trkpt>
      <trkpt lat="-25.872858976945281" lon="31.0816640406847">
        <ele>1501.72</ele>
        <time>2021-09-25T09:29:34Z</time>
      </trkpt>
      <trkpt lat="-25.872994009405375" lon="31.08168700709939">
        <ele>1502.2</ele>
        <time>2021-09-25T09:29:35Z</time>
      </trkpt>
      <trkpt lat="-25.873387036845088" lon="31.081785997375846">
        <ele>1501.24</ele>
        <time>2021-09-25T09:29:38Z</time>
      </trkpt>
      <trkpt lat="-25.873492984101176" lon="31.081845005974174">
        <ele>1501.24</ele>
        <time>2021-09-25T09:29:39Z</time>
      </trkpt>
      <trkpt lat="-25.873569007962942" lon="31.081921029835939">
        <ele>1500.27</ele>
        <time>2021-09-25T09:29:40Z</time>
      </trkpt>
      <trkpt lat="-25.873620975762606" lon="31.082011973485351">
        <ele>1499.79</ele>
        <time>2021-09-25T09:29:41Z</time>
      </trkpt>
      <trkpt lat="-25.873648971319199" lon="31.082120016217232">
        <ele>1499.3099999999999</ele>
        <time>2021-09-25T09:29:42Z</time>
      </trkpt>
      <trkpt lat="-25.87365098297596" lon="31.082239039242268">
        <ele>1498.8299999999999</ele>
        <time>2021-09-25T09:29:43Z</time>
      </trkpt>
      <trkpt lat="-25.873624999076128" lon="31.082360995933414">
        <ele>1498.3499999999999</ele>
        <time>2021-09-25T09:29:44Z</time>
      </trkpt>
      <trkpt lat="-25.873566996306181" lon="31.08248395845294">
        <ele>1496.9100000000001</ele>
        <time>2021-09-25T09:29:45Z</time>
      </trkpt>
      <trkpt lat="-25.873480997979641" lon="31.082598958164454">
        <ele>1496.9100000000001</ele>
        <time>2021-09-25T09:29:46Z</time>
      </trkpt>
      <trkpt lat="-25.873372033238411" lon="31.082710018381476">
        <ele>1496.9100000000001</ele>
        <time>2021-09-25T09:29:47Z</time>
      </trkpt>
      <trkpt lat="-25.873252004384995" lon="31.082826023921371">
        <ele>1496.9100000000001</ele>
        <time>2021-09-25T09:29:48Z</time>
      </trkpt>
      <trkpt lat="-25.873010018840432" lon="31.083096005022526">
        <ele>1495.47</ele>
        <time>2021-09-25T09:29:50Z</time>
      </trkpt>
      <trkpt lat="-25.872915973886847" lon="31.083239000290632">
        <ele>1495.47</ele>
        <time>2021-09-25T09:29:51Z</time>
      </trkpt>
      <trkpt lat="-25.872746994718909" lon="31.083504036068916">
        <ele>1493.0599999999999</ele>
        <time>2021-09-25T09:29:53Z</time>
      </trkpt>
      <trkpt lat="-25.872645992785692" lon="31.083605038002133">
        <ele>1492.0999999999999</ele>
        <time>2021-09-25T09:29:54Z</time>
      </trkpt>
      <trkpt lat="-25.872530993074179" lon="31.083681983873248">
        <ele>1492.5799999999999</ele>
        <time>2021-09-25T09:29:55Z</time>
      </trkpt>
      <trkpt lat="-25.872408030554652" lon="31.083740992471576">
        <ele>1492.0999999999999</ele>
        <time>2021-09-25T09:29:56Z</time>
      </trkpt>
      <trkpt lat="-25.872288001701236" lon="31.083805030211806">
        <ele>1492.0999999999999</ele>
        <time>2021-09-25T09:29:57Z</time>
      </trkpt>
      <trkpt lat="-25.872176019474864" lon="31.083889016881585">
        <ele>1490.6600000000001</ele>
        <time>2021-09-25T09:29:58Z</time>
      </trkpt>
      <trkpt lat="-25.872076023370028" lon="31.083993036299944">
        <ele>1491.1400000000001</ele>
        <time>2021-09-25T09:29:59Z</time>
      </trkpt>
      <trkpt lat="-25.871989019215107" lon="31.084113987162709">
        <ele>1491.1400000000001</ele>
        <time>2021-09-25T09:30:00Z</time>
      </trkpt>
      <trkpt lat="-25.871921963989735" lon="31.084252037107944">
        <ele>1491.1400000000001</ele>
        <time>2021-09-25T09:30:01Z</time>
      </trkpt>
      <trkpt lat="-25.871877958998084" lon="31.084405006840825">
        <ele>1491.6199999999999</ele>
        <time>2021-09-25T09:30:02Z</time>
      </trkpt>
      <trkpt lat="-25.871857004240155" lon="31.084567029029131">
        <ele>1491.6199999999999</ele>
        <time>2021-09-25T09:30:03Z</time>
      </trkpt>
      <trkpt lat="-25.871859015896916" lon="31.084733996540308">
        <ele>1491.1400000000001</ele>
        <time>2021-09-25T09:30:04Z</time>
      </trkpt>
      <trkpt lat="-25.871881982311606" lon="31.084900964051485">
        <ele>1491.1400000000001</ele>
        <time>2021-09-25T09:30:05Z</time>
      </trkpt>
      <trkpt lat="-25.871922969818115" lon="31.08506097458303">
        <ele>1490.6600000000001</ele>
        <time>2021-09-25T09:30:06Z</time>
      </trkpt>
      <trkpt lat="-25.871976027265191" lon="31.085214028134942">
        <ele>1490.6600000000001</ele>
        <time>2021-09-25T09:30:07Z</time>
      </trkpt>
      <trkpt lat="-25.8720170147717" lon="31.085358029231429">
        <ele>1490.1800000000001</ele>
        <time>2021-09-25T09:30:08Z</time>
      </trkpt>
      <trkpt lat="-25.872031012549996" lon="31.085493983700871">
        <ele>1488.26</ele>
        <time>2021-09-25T09:30:09Z</time>
      </trkpt>
      <trkpt lat="-25.8720170147717" lon="31.085633039474487">
        <ele>1487.78</ele>
        <time>2021-09-25T09:30:10Z</time>
      </trkpt>
      <trkpt lat="-25.871981978416443" lon="31.085783997550607">
        <ele>1486.8199999999999</ele>
        <time>2021-09-25T09:30:11Z</time>
      </trkpt>
      <trkpt lat="-25.871947025880218" lon="31.08594199642539">
        <ele>1486.8199999999999</ele>
        <time>2021-09-25T09:30:12Z</time>
      </trkpt>
      <trkpt lat="-25.871925987303257" lon="31.086105024442077">
        <ele>1485.8499999999999</ele>
        <time>2021-09-25T09:30:13Z</time>
      </trkpt>
      <trkpt lat="-25.871930010616779" lon="31.086267968639731">
        <ele>1484.8900000000001</ele>
        <time>2021-09-25T09:30:14Z</time>
      </trkpt>
      <trkpt lat="-25.871964963153005" lon="31.086424039676785">
        <ele>1483.45</ele>
        <time>2021-09-25T09:30:15Z</time>
      </trkpt>
      <trkpt lat="-25.87201802060008" lon="31.086571980267763">
        <ele>1482.97</ele>
        <time>2021-09-25T09:30:16Z</time>
      </trkpt>
      <trkpt lat="-25.872067976742983" lon="31.08671497553587">
        <ele>1482.97</ele>
        <time>2021-09-25T09:30:17Z</time>
      </trkpt>
      <trkpt lat="-25.872096978127956" lon="31.086855959147215">
        <ele>1482.01</ele>
        <time>2021-09-25T09:30:18Z</time>
      </trkpt>
      <trkpt lat="-25.872099995613098" lon="31.086998032405972">
        <ele>1482.01</ele>
        <time>2021-09-25T09:30:19Z</time>
      </trkpt>
      <trkpt lat="-25.872078035026789" lon="31.08714203350246">
        <ele>1480.5699999999999</ele>
        <time>2021-09-25T09:30:20Z</time>
      </trkpt>
      <trkpt lat="-25.872032018378377" lon="31.087287040427327">
        <ele>1480.0899999999999</ele>
        <time>2021-09-25T09:30:21Z</time>
      </trkpt>
      <trkpt lat="-25.87197502143681" lon="31.087433975189924">
        <ele>1481.05</ele>
        <time>2021-09-25T09:30:22Z</time>
      </trkpt>
      <trkpt lat="-25.871882988139987" lon="31.087734969332814">
        <ele>1480.0899999999999</ele>
        <time>2021-09-25T09:30:24Z</time>
      </trkpt>
      <trkpt lat="-25.871860021725297" lon="31.087891040369868">
        <ele>1480.5699999999999</ele>
        <time>2021-09-25T09:30:25Z</time>
      </trkpt>
      <trkpt lat="-25.871854992583394" lon="31.088049039244652">
        <ele>1480.0899999999999</ele>
        <time>2021-09-25T09:30:26Z</time>
      </trkpt>
      <trkpt lat="-25.871868990361691" lon="31.088207960128784">
        <ele>1479.6099999999999</ele>
        <time>2021-09-25T09:30:27Z</time>
      </trkpt>
      <trkpt lat="-25.871903020888567" lon="31.088365959003568">
        <ele>1480.0899999999999</ele>
        <time>2021-09-25T09:30:28Z</time>
      </trkpt>
      <trkpt lat="-25.871959012001753" lon="31.088514989241958">
        <ele>1478.6500000000001</ele>
        <time>2021-09-25T09:30:29Z</time>
      </trkpt>
      <trkpt lat="-25.872033024206758" lon="31.088650021702051">
        <ele>1478.1600000000001</ele>
        <time>2021-09-25T09:30:30Z</time>
      </trkpt>
      <trkpt lat="-25.872124973684549" lon="31.088768960908055">
        <ele>1477.2</ele>
        <time>2021-09-25T09:30:31Z</time>
      </trkpt>
      <trkpt lat="-25.872231004759669" lon="31.088873986154795">
        <ele>1476.24</ele>
        <time>2021-09-25T09:30:32Z</time>
      </trkpt>
      <trkpt lat="-25.872352961450815" lon="31.088959984481335">
        <ele>1475.28</ele>
        <time>2021-09-25T09:30:33Z</time>
      </trkpt>
      <trkpt lat="-25.872487993910909" lon="31.089025028049946">
        <ele>1473.3599999999999</ele>
        <time>2021-09-25T09:30:34Z</time>
      </trkpt>
      <trkpt lat="-25.872631995007396" lon="31.089068027213216">
        <ele>1472.8800000000001</ele>
        <time>2021-09-25T09:30:35Z</time>
      </trkpt>
      <trkpt lat="-25.872780019417405" lon="31.089090993627906">
        <ele>1471.4400000000001</ele>
        <time>2021-09-25T09:30:36Z</time>
      </trkpt>
      <trkpt lat="-25.872929971665144" lon="31.089083030819893">
        <ele>1470.47</ele>
        <time>2021-09-25T09:30:37Z</time>
      </trkpt>
      <trkpt lat="-25.873079001903534" lon="31.089044976979494">
        <ele>1469.03</ele>
        <time>2021-09-25T09:30:38Z</time>
      </trkpt>
      <trkpt lat="-25.873227026313543" lon="31.088981023058295">
        <ele>1468.55</ele>
        <time>2021-09-25T09:30:39Z</time>
      </trkpt>
      <trkpt lat="-25.87337396107614" lon="31.088895024731755">
        <ele>1467.5899999999999</ele>
        <time>2021-09-25T09:30:40Z</time>
      </trkpt>
      <trkpt lat="-25.873517962172627" lon="31.088795028626919">
        <ele>1467.1099999999999</ele>
        <time>2021-09-25T09:30:41Z</time>
      </trkpt>
      <trkpt lat="-25.874220030382276" lon="31.088234027847648">
        <ele>1470.47</ele>
        <time>2021-09-25T09:30:46Z</time>
      </trkpt>
      <trkpt lat="-25.875033996999264" lon="31.087554004043341">
        <ele>1468.0699999999999</ele>
        <time>2021-09-25T09:30:52Z</time>
      </trkpt>
      <trkpt lat="-25.875173974782228" lon="31.087480997666717">
        <ele>1466.6300000000001</ele>
        <time>2021-09-25T09:30:53Z</time>
      </trkpt>
      <trkpt lat="-25.875315964221954" lon="31.087431963533163">
        <ele>1465.1900000000001</ele>
        <time>2021-09-25T09:30:54Z</time>
      </trkpt>
      <trkpt lat="-25.875461976975203" lon="31.087411008775234">
        <ele>1464.23</ele>
        <time>2021-09-25T09:30:55Z</time>
      </trkpt>
      <trkpt lat="-25.875607989728451" lon="31.087411008775234">
        <ele>1462.3</ele>
        <time>2021-09-25T09:30:56Z</time>
      </trkpt>
      <trkpt lat="-25.87575500831008" lon="31.087427018210292">
        <ele>1461.8199999999999</ele>
        <time>2021-09-25T09:30:57Z</time>
      </trkpt>
      <trkpt lat="-25.875905966386199" lon="31.087458031252027">
        <ele>1460.3800000000001</ele>
        <time>2021-09-25T09:30:58Z</time>
      </trkpt>
      <trkpt lat="-25.876061031594872" lon="31.087501030415297">
        <ele>1459.4200000000001</ele>
        <time>2021-09-25T09:30:59Z</time>
      </trkpt>
      <trkpt lat="-25.876219030469656" lon="31.087555009871721">
        <ele>1458.46</ele>
        <time>2021-09-25T09:31:00Z</time>
      </trkpt>
      <trkpt lat="-25.876714987680316" lon="31.087734969332814">
        <ele>1455.0899999999999</ele>
        <time>2021-09-25T09:31:03Z</time>
      </trkpt>
      <trkpt lat="-25.877063004299998" lon="31.087847035378218">
        <ele>1451.73</ele>
        <time>2021-09-25T09:31:05Z</time>
      </trkpt>
      <trkpt lat="-25.877590980380774" lon="31.08796002343297">
        <ele>1448.3599999999999</ele>
        <time>2021-09-25T09:31:08Z</time>
      </trkpt>
      <trkpt lat="-25.877952994778752" lon="31.088004028424621">
        <ele>1447.4000000000001</ele>
        <time>2021-09-25T09:31:10Z</time>
      </trkpt>
      <trkpt lat="-25.878320960327983" lon="31.088037975132465">
        <ele>1442.1099999999999</ele>
        <time>2021-09-25T09:31:12Z</time>
      </trkpt>
      <trkpt lat="-25.878900988027453" lon="31.088095977902412">
        <ele>1437.79</ele>
        <time>2021-09-25T09:31:15Z</time>
      </trkpt>
      <trkpt lat="-25.879312958568335" lon="31.088124979287386">
        <ele>1434.4200000000001</ele>
        <time>2021-09-25T09:31:17Z</time>
      </trkpt>
      <trkpt lat="-25.879869014024734" lon="31.088166972622275">
        <ele>1430.5799999999999</ele>
        <time>2021-09-25T09:31:20Z</time>
      </trkpt>
      <trkpt lat="-25.880026007071137" lon="31.088195974007249">
        <ele>1430.0999999999999</ele>
        <time>2021-09-25T09:31:21Z</time>
      </trkpt>
      <trkpt lat="-25.880171013996005" lon="31.088248025625944">
        <ele>1428.1800000000001</ele>
        <time>2021-09-25T09:31:22Z</time>
      </trkpt>
      <trkpt lat="-25.880300011485815" lon="31.088327988982201">
        <ele>1427.7</ele>
        <time>2021-09-25T09:31:23Z</time>
      </trkpt>
      <trkpt lat="-25.880404030904174" lon="31.088440977036953">
        <ele>1426.73</ele>
        <time>2021-09-25T09:31:24Z</time>
      </trkpt>
      <trkpt lat="-25.880492040887475" lon="31.088577015325427">
        <ele>1424.8099999999999</ele>
        <time>2021-09-25T09:31:25Z</time>
      </trkpt>
      <trkpt lat="-25.880578039214015" lon="31.088724033907056">
        <ele>1424.3299999999999</ele>
        <time>2021-09-25T09:31:26Z</time>
      </trkpt>
      <trkpt lat="-25.880672000348568" lon="31.088871974498034">
        <ele>1424.3299999999999</ele>
        <time>2021-09-25T09:31:27Z</time>
      </trkpt>
      <trkpt lat="-25.880779037252069" lon="31.089008012786508">
        <ele>1423.3699999999999</ele>
        <time>2021-09-25T09:31:28Z</time>
      </trkpt>
      <trkpt lat="-25.880898982286453" lon="31.089126029983163">
        <ele>1422.8900000000001</ele>
        <time>2021-09-25T09:31:29Z</time>
      </trkpt>
      <trkpt lat="-25.881026973947883" lon="31.089228959754109">
        <ele>1422.8900000000001</ele>
        <time>2021-09-25T09:31:30Z</time>
      </trkpt>
      <trkpt lat="-25.88116804137826" lon="31.089316969737411">
        <ele>1422.4100000000001</ele>
        <time>2021-09-25T09:31:31Z</time>
      </trkpt>
      <trkpt lat="-25.88132000528276" lon="31.089388970285654">
        <ele>1421.9300000000001</ele>
        <time>2021-09-25T09:31:32Z</time>
      </trkpt>
      <trkpt lat="-25.881481021642685" lon="31.08944202773273">
        <ele>1421.9300000000001</ele>
        <time>2021-09-25T09:31:33Z</time>
      </trkpt>
      <trkpt lat="-25.881647989153862" lon="31.089478991925716">
        <ele>1421.45</ele>
        <time>2021-09-25T09:31:34Z</time>
      </trkpt>
      <trkpt lat="-25.881817974150181" lon="31.089506987482309">
        <ele>1420.97</ele>
        <time>2021-09-25T09:31:35Z</time>
      </trkpt>
      <trkpt lat="-25.88198896497488" lon="31.08953095972538">
        <ele>1420.49</ele>
        <time>2021-09-25T09:31:36Z</time>
      </trkpt>
      <trkpt lat="-25.883604995906353" lon="31.089746039360762">
        <ele>1419.04</ele>
        <time>2021-09-25T09:31:46Z</time>
      </trkpt>
      <trkpt lat="-25.884093996137381" lon="31.089815022423863">
        <ele>1415.6800000000001</ele>
        <time>2021-09-25T09:31:49Z</time>
      </trkpt>
      <trkpt lat="-25.884591965004802" lon="31.089882999658585">
        <ele>1414.24</ele>
        <time>2021-09-25T09:31:52Z</time>
      </trkpt>
      <trkpt lat="-25.885074008256197" lon="31.089953994378448">
        <ele>1411.3499999999999</ele>
        <time>2021-09-25T09:31:55Z</time>
      </trkpt>
      <trkpt lat="-25.885363016277552" lon="31.090028006583452">
        <ele>1409.4300000000001</ele>
        <time>2021-09-25T09:31:57Z</time>
      </trkpt>
      <trkpt lat="-25.885496037080884" lon="31.090089026838541">
        <ele>1408.95</ele>
        <time>2021-09-25T09:31:58Z</time>
      </trkpt>
      <trkpt lat="-25.885624028742313" lon="31.090163961052895">
        <ele>1408.95</ele>
        <time>2021-09-25T09:31:59Z</time>
      </trkpt>
      <trkpt lat="-25.885745985433459" lon="31.090255994349718">
        <ele>1409.4300000000001</ele>
        <time>2021-09-25T09:32:00Z</time>
      </trkpt>
      <trkpt lat="-25.885858973488212" lon="31.090366970747709">
        <ele>1409.4300000000001</ele>
        <time>2021-09-25T09:32:01Z</time>
      </trkpt>
      <trkpt lat="-25.88596198707819" lon="31.090493034571409">
        <ele>1408.95</ele>
        <time>2021-09-25T09:32:02Z</time>
      </trkpt>
      <trkpt lat="-25.886054020375013" lon="31.090633012354374">
        <ele>1409.4300000000001</ele>
        <time>2021-09-25T09:32:03Z</time>
      </trkpt>
      <trkpt lat="-25.886138007044792" lon="31.090782964602113">
        <ele>1410.3900000000001</ele>
        <time>2021-09-25T09:32:04Z</time>
      </trkpt>
      <trkpt lat="-25.886211013421416" lon="31.090945992618799">
        <ele>1409.9100000000001</ele>
        <time>2021-09-25T09:32:05Z</time>
      </trkpt>
      <trkpt lat="-25.886271027848125" lon="31.091124024242163">
        <ele>1411.3499999999999</ele>
        <time>2021-09-25T09:32:06Z</time>
      </trkpt>
      <trkpt lat="-25.886329030618072" lon="31.091313036158681">
        <ele>1411.8299999999999</ele>
        <time>2021-09-25T09:32:07Z</time>
      </trkpt>
      <trkpt lat="-25.886388039216399" lon="31.09150598756969">
        <ele>1411.8299999999999</ele>
        <time>2021-09-25T09:32:08Z</time>
      </trkpt>
      <trkpt lat="-25.886579984799027" lon="31.092164972797036">
        <ele>1409.9100000000001</ele>
        <time>2021-09-25T09:32:12Z</time>
      </trkpt>
      <trkpt lat="-25.886598005890846" lon="31.09230101108551">
        <ele>1408.95</ele>
        <time>2021-09-25T09:32:13Z</time>
      </trkpt>
      <trkpt lat="-25.886595994234085" lon="31.092433026060462">
        <ele>1409.4300000000001</ele>
        <time>2021-09-25T09:32:14Z</time>
      </trkpt>
      <trkpt lat="-25.886572021991014" lon="31.092567974701524">
        <ele>1409.9100000000001</ele>
        <time>2021-09-25T09:32:15Z</time>
      </trkpt>
      <trkpt lat="-25.886540003120899" lon="31.09270703047514">
        <ele>1410.3900000000001</ele>
        <time>2021-09-25T09:32:16Z</time>
      </trkpt>
      <trkpt lat="-25.886287037283182" lon="31.093684025108814">
        <ele>1414.24</ele>
        <time>2021-09-25T09:32:22Z</time>
      </trkpt>
      <trkpt lat="-25.886152004823089" lon="31.094238990917802">
        <ele>1418.0799999999999</ele>
        <time>2021-09-25T09:32:25Z</time>
      </trkpt>
      <trkpt lat="-25.886076986789703" lon="31.094846008345485">
        <ele>1421.9300000000001</ele>
        <time>2021-09-25T09:32:28Z</time>
      </trkpt>
      <trkpt lat="-25.886060977354646" lon="31.095042983070016">
        <ele>1421.9300000000001</ele>
        <time>2021-09-25T09:32:29Z</time>
      </trkpt>
      <trkpt lat="-25.885899038985372" lon="31.095842029899359">
        <ele>1420.49</ele>
        <time>2021-09-25T09:32:34Z</time>
      </trkpt>
      <trkpt lat="-25.885874982923269" lon="31.095986030995846">
        <ele>1420</ele>
        <time>2021-09-25T09:32:35Z</time>
      </trkpt>
      <trkpt lat="-25.885873977094889" lon="31.096132965758443">
        <ele>1419.04</ele>
        <time>2021-09-25T09:32:36Z</time>
      </trkpt>
      <trkpt lat="-25.885891998186707" lon="31.096285013481975">
        <ele>1418.5599999999999</ele>
        <time>2021-09-25T09:32:37Z</time>
      </trkpt>
      <trkpt lat="-25.885927034541965" lon="31.096438989043236">
        <ele>1417.1199999999999</ele>
        <time>2021-09-25T09:32:38Z</time>
      </trkpt>
      <trkpt lat="-25.885971039533615" lon="31.096589025110006">
        <ele>1416.1600000000001</ele>
        <time>2021-09-25T09:32:39Z</time>
      </trkpt>
      <trkpt lat="-25.886024013161659" lon="31.096721962094307">
        <ele>1414.72</ele>
        <time>2021-09-25T09:32:40Z</time>
      </trkpt>
      <trkpt lat="-25.88609199039638" lon="31.096825981512666">
        <ele>1413.28</ele>
        <time>2021-09-25T09:32:41Z</time>
      </trkpt>
      <trkpt lat="-25.886180000379682" lon="31.096902005374432">
        <ele>1411.8299999999999</ele>
        <time>2021-09-25T09:32:42Z</time>
      </trkpt>
      <trkpt lat="-25.88628401979804" lon="31.096952967345715">
        <ele>1410.8699999999999</ele>
        <time>2021-09-25T09:32:43Z</time>
      </trkpt>
      <trkpt lat="-25.886404970660806" lon="31.096974005922675">
        <ele>1410.3900000000001</ele>
        <time>2021-09-25T09:32:44Z</time>
      </trkpt>
      <trkpt lat="-25.886538997292519" lon="31.09696201980114">
        <ele>1409.4300000000001</ele>
        <time>2021-09-25T09:32:45Z</time>
      </trkpt>
      <trkpt lat="-25.886681992560625" lon="31.096930000931025">
        <ele>1408.47</ele>
        <time>2021-09-25T09:32:46Z</time>
      </trkpt>
      <trkpt lat="-25.886832028627396" lon="31.096887001767755">
        <ele>1407.51</ele>
        <time>2021-09-25T09:32:47Z</time>
      </trkpt>
      <trkpt lat="-25.887339971959591" lon="31.09679396264255">
        <ele>1403.1800000000001</ele>
        <time>2021-09-25T09:32:50Z</time>
      </trkpt>
      <trkpt lat="-25.887690000236034" lon="31.096776025369763">
        <ele>1399.8199999999999</ele>
        <time>2021-09-25T09:32:52Z</time>
      </trkpt>
      <trkpt lat="-25.888033993542194" lon="31.096759010106325">
        <ele>1395.49</ele>
        <time>2021-09-25T09:32:54Z</time>
      </trkpt>
      <trkpt lat="-25.888369018211961" lon="31.09670402482152">
        <ele>1391.6500000000001</ele>
        <time>2021-09-25T09:32:56Z</time>
      </trkpt>
      <trkpt lat="-25.888851983472705" lon="31.0965789668262">
        <ele>1387.3199999999999</ele>
        <time>2021-09-25T09:32:59Z</time>
      </trkpt>
      <trkpt lat="-25.889164041727781" lon="31.09649003483355">
        <ele>1382.99</ele>
        <time>2021-09-25T09:33:01Z</time>
      </trkpt>
      <trkpt lat="-25.889467969536781" lon="31.096394984051585">
        <ele>1379.6300000000001</ele>
        <time>2021-09-25T09:33:03Z</time>
      </trkpt>
      <trkpt lat="-25.889766030013561" lon="31.096295993775129">
        <ele>1375.78</ele>
        <time>2021-09-25T09:33:05Z</time>
      </trkpt>
      <trkpt lat="-25.890193004161119" lon="31.096126008778811">
        <ele>1371.9400000000001</ele>
        <time>2021-09-25T09:33:08Z</time>
      </trkpt>
      <trkpt lat="-25.890622995793819" lon="31.095934985205531">
        <ele>1368.5699999999999</ele>
        <time>2021-09-25T09:33:11Z</time>
      </trkpt>
      <trkpt lat="-25.891118030995131" lon="31.095716971904039">
        <ele>1364.25</ele>
        <time>2021-09-25T09:33:14Z</time>
      </trkpt>
      <trkpt lat="-25.891652964055538" lon="31.095505999401212">
        <ele>1359.4400000000001</ele>
        <time>2021-09-25T09:33:17Z</time>
      </trkpt>
      <trkpt lat="-25.892224023118615" lon="31.095374990254641">
        <ele>1355.5999999999999</ele>
        <time>2021-09-25T09:33:20Z</time>
      </trkpt>
      <trkpt lat="-25.892626019194722" lon="31.095353029668331">
        <ele>1351.27</ele>
        <time>2021-09-25T09:33:22Z</time>
      </trkpt>
      <trkpt lat="-25.893034972250462" lon="31.095385970547795">
        <ele>1347.9100000000001</ele>
        <time>2021-09-25T09:33:24Z</time>
      </trkpt>
      <trkpt lat="-25.893432023003697" lon="31.095431987196207">
        <ele>1343.5799999999999</ele>
        <time>2021-09-25T09:33:26Z</time>
      </trkpt>
      <trkpt lat="-25.893987994641066" lon="31.095501976087689">
        <ele>1339.73</ele>
        <time>2021-09-25T09:33:29Z</time>
      </trkpt>
      <trkpt lat="-25.894330982118845" lon="31.095541035756469">
        <ele>1335.8900000000001</ele>
        <time>2021-09-25T09:33:31Z</time>
      </trkpt>
      <trkpt lat="-25.89483498595655" lon="31.095574982464314">
        <ele>1333.01</ele>
        <time>2021-09-25T09:33:34Z</time>
      </trkpt>
      <trkpt lat="-25.8958650380373" lon="31.095403991639614">
        <ele>1329.1600000000001</ele>
        <time>2021-09-25T09:33:40Z</time>
      </trkpt>
      <trkpt lat="-25.89603996835649" lon="31.095356969162822">
        <ele>1329.6400000000001</ele>
        <time>2021-09-25T09:33:41Z</time>
      </trkpt>
      <trkpt lat="-25.89638396166265" lon="31.095295026898384">
        <ele>1328.2</ele>
        <time>2021-09-25T09:33:43Z</time>
      </trkpt>
      <trkpt lat="-25.89655302464962" lon="31.095291003584862">
        <ele>1328.2</ele>
        <time>2021-09-25T09:33:44Z</time>
      </trkpt>
      <trkpt lat="-25.896723009645939" lon="31.095303995534778">
        <ele>1328.2</ele>
        <time>2021-09-25T09:33:45Z</time>
      </trkpt>
      <trkpt lat="-25.896890982985497" lon="31.095328973606229">
        <ele>1327.24</ele>
        <time>2021-09-25T09:33:46Z</time>
      </trkpt>
      <trkpt lat="-25.897053005173802" lon="31.095361998304725">
        <ele>1327.72</ele>
        <time>2021-09-25T09:33:47Z</time>
      </trkpt>
      <trkpt lat="-25.8980149962008" lon="31.095368033275008">
        <ele>1326.28</ele>
        <time>2021-09-25T09:33:53Z</time>
      </trkpt>
      <trkpt lat="-25.898623019456863" lon="31.095248004421592">
        <ele>1327.72</ele>
        <time>2021-09-25T09:33:57Z</time>
      </trkpt>
      <trkpt lat="-25.898930970579386" lon="31.095180027186871">
        <ele>1330.1199999999999</ele>
        <time>2021-09-25T09:33:59Z</time>
      </trkpt>
      <trkpt lat="-25.899245962500572" lon="31.095120012760162">
        <ele>1333.49</ele>
        <time>2021-09-25T09:34:01Z</time>
      </trkpt>
      <trkpt lat="-25.899571012705564" lon="31.095100985839963">
        <ele>1335.4100000000001</ele>
        <time>2021-09-25T09:34:03Z</time>
      </trkpt>
      <trkpt lat="-25.899731023237109" lon="31.095124036073685">
        <ele>1335.8900000000001</ele>
        <time>2021-09-25T09:34:04Z</time>
      </trkpt>
      <trkpt lat="-25.89988499879837" lon="31.095169968903065">
        <ele>1338.29</ele>
        <time>2021-09-25T09:34:05Z</time>
      </trkpt>
      <trkpt lat="-25.900030005723238" lon="31.095238029956818">
        <ele>1337.8099999999999</ele>
        <time>2021-09-25T09:34:06Z</time>
      </trkpt>
      <trkpt lat="-25.900168977677822" lon="31.095322016626596">
        <ele>1339.73</ele>
        <time>2021-09-25T09:34:07Z</time>
      </trkpt>
      <trkpt lat="-25.900301998481154" lon="31.095421006903052">
        <ele>1339.25</ele>
        <time>2021-09-25T09:34:08Z</time>
      </trkpt>
      <trkpt lat="-25.900697037577629" lon="31.095684031024575">
        <ele>1340.22</ele>
        <time>2021-09-25T09:34:11Z</time>
      </trkpt>
      <trkpt lat="-25.900831986218691" lon="31.095737004652619">
        <ele>1341.1800000000001</ele>
        <time>2021-09-25T09:34:12Z</time>
      </trkpt>
      <trkpt lat="-25.900971964001656" lon="31.095768017694354">
        <ele>1341.6600000000001</ele>
        <time>2021-09-25T09:34:13Z</time>
      </trkpt>
      <trkpt lat="-25.901115965098143" lon="31.095775980502367">
        <ele>1342.6199999999999</ele>
        <time>2021-09-25T09:34:14Z</time>
      </trkpt>
      <trkpt lat="-25.90125996619463" lon="31.095757959410548">
        <ele>1342.6199999999999</ele>
        <time>2021-09-25T09:34:15Z</time>
      </trkpt>
      <trkpt lat="-25.901404973119497" lon="31.095714038237929">
        <ele>1344.0599999999999</ele>
        <time>2021-09-25T09:34:16Z</time>
      </trkpt>
      <trkpt lat="-25.901545034721494" lon="31.095642959699035">
        <ele>1344.0599999999999</ele>
        <time>2021-09-25T09:34:17Z</time>
      </trkpt>
      <trkpt lat="-25.901677971705794" lon="31.095553021878004">
        <ele>1345.98</ele>
        <time>2021-09-25T09:34:18Z</time>
      </trkpt>
      <trkpt lat="-25.901810992509127" lon="31.095454031601548">
        <ele>1346.46</ele>
        <time>2021-09-25T09:34:19Z</time>
      </trkpt>
      <trkpt lat="-25.902391020208597" lon="31.095026973634958">
        <ele>1350.79</ele>
        <time>2021-09-25T09:34:23Z</time>
      </trkpt>
      <trkpt lat="-25.902704000473022" lon="31.094790017232299">
        <ele>1355.5999999999999</ele>
        <time>2021-09-25T09:34:25Z</time>
      </trkpt>
      <trkpt lat="-25.902857976034284" lon="31.094673005864024">
        <ele>1355.5999999999999</ele>
        <time>2021-09-25T09:34:26Z</time>
      </trkpt>
      <trkpt lat="-25.903553003445268" lon="31.094153998419642">
        <ele>1358.96</ele>
        <time>2021-09-25T09:34:31Z</time>
      </trkpt>
      <trkpt lat="-25.904244007542729" lon="31.093643959611654">
        <ele>1362.3299999999999</ele>
        <time>2021-09-25T09:34:36Z</time>
      </trkpt>
      <trkpt lat="-25.904633011668921" lon="31.093298038467765">
        <ele>1364.25</ele>
        <time>2021-09-25T09:34:39Z</time>
      </trkpt>
      <trkpt lat="-25.905238017439842" lon="31.09236597083509">
        <ele>1366.6500000000001</ele>
        <time>2021-09-25T09:34:45Z</time>
      </trkpt>
      <trkpt lat="-25.905315969139338" lon="31.092183999717236">
        <ele>1366.6500000000001</ele>
        <time>2021-09-25T09:34:46Z</time>
      </trkpt>
      <trkpt lat="-25.905660968273878" lon="31.091342037543654">
        <ele>1365.6900000000001</ele>
        <time>2021-09-25T09:34:51Z</time>
      </trkpt>
      <trkpt lat="-25.905735986307263" lon="31.091223014518619">
        <ele>1366.1700000000001</ele>
        <time>2021-09-25T09:34:52Z</time>
      </trkpt>
      <trkpt lat="-25.905827013775706" lon="31.091127963736653">
        <ele>1367.1300000000001</ele>
        <time>2021-09-25T09:34:53Z</time>
      </trkpt>
      <trkpt lat="-25.905932961031795" lon="31.091059986501932">
        <ele>1367.6099999999999</ele>
        <time>2021-09-25T09:34:54Z</time>
      </trkpt>
      <trkpt lat="-25.906053995713592" lon="31.091020004823804">
        <ele>1368.5699999999999</ele>
        <time>2021-09-25T09:34:55Z</time>
      </trkpt>
      <trkpt lat="-25.906185004860163" lon="31.091009024530649">
        <ele>1370.5</ele>
        <time>2021-09-25T09:34:56Z</time>
      </trkpt>
      <trkpt lat="-25.906322970986366" lon="31.091024028137326">
        <ele>1370.02</ele>
        <time>2021-09-25T09:34:57Z</time>
      </trkpt>
      <trkpt lat="-25.906468983739614" lon="31.091052023693919">
        <ele>1371.46</ele>
        <time>2021-09-25T09:34:58Z</time>
      </trkpt>
      <trkpt lat="-25.906617008149624" lon="31.091071972623467">
        <ele>1370.98</ele>
        <time>2021-09-25T09:34:59Z</time>
      </trkpt>
      <trkpt lat="-25.906763020902872" lon="31.091069960966706">
        <ele>1370.98</ele>
        <time>2021-09-25T09:35:00Z</time>
      </trkpt>
      <trkpt lat="-25.906906016170979" lon="31.091041965410113">
        <ele>1370.98</ele>
        <time>2021-09-25T09:35:01Z</time>
      </trkpt>
      <trkpt lat="-25.907043982297182" lon="31.09099100343883">
        <ele>1370.98</ele>
        <time>2021-09-25T09:35:02Z</time>
      </trkpt>
      <trkpt lat="-25.907179014757276" lon="31.090920008718967">
        <ele>1371.9400000000001</ele>
        <time>2021-09-25T09:35:03Z</time>
      </trkpt>
      <trkpt lat="-25.907316980883479" lon="31.090837027877569">
        <ele>1371.9400000000001</ele>
        <time>2021-09-25T09:35:04Z</time>
      </trkpt>
      <trkpt lat="-25.907716965302825" lon="31.090621026232839">
        <ele>1370.02</ele>
        <time>2021-09-25T09:35:07Z</time>
      </trkpt>
      <trkpt lat="-25.907851997762918" lon="31.090596970170736">
        <ele>1368.5699999999999</ele>
        <time>2021-09-25T09:35:08Z</time>
      </trkpt>
      <trkpt lat="-25.907989041879773" lon="31.0906040109694">
        <ele>1369.05</ele>
        <time>2021-09-25T09:35:09Z</time>
      </trkpt>
      <trkpt lat="-25.908120973035693" lon="31.090651033446193">
        <ele>1368.5699999999999</ele>
        <time>2021-09-25T09:35:10Z</time>
      </trkpt>
      <trkpt lat="-25.908233039081097" lon="31.090742982923985">
        <ele>1368.5699999999999</ele>
        <time>2021-09-25T09:35:11Z</time>
      </trkpt>
      <trkpt lat="-25.908314008265734" lon="31.090868962928653">
        <ele>1368.0899999999999</ele>
        <time>2021-09-25T09:35:12Z</time>
      </trkpt>
      <trkpt lat="-25.90835097245872" lon="31.091025033965707">
        <ele>1368.5699999999999</ele>
        <time>2021-09-25T09:35:13Z</time>
      </trkpt>
      <trkpt lat="-25.908365976065397" lon="31.091178003698587">
        <ele>1368.5699999999999</ele>
        <time>2021-09-25T09:35:14Z</time>
      </trkpt>
      <trkpt lat="-25.90834996663034" lon="31.091327033936977">
        <ele>1369.05</ele>
        <time>2021-09-25T09:35:15Z</time>
      </trkpt>
      <trkpt lat="-25.908302022144198" lon="31.091467011719942">
        <ele>1369.54</ele>
        <time>2021-09-25T09:35:16Z</time>
      </trkpt>
      <trkpt lat="-25.908224992454052" lon="31.091589974239469">
        <ele>1370.98</ele>
        <time>2021-09-25T09:35:17Z</time>
      </trkpt>
      <trkpt lat="-25.908120973035693" lon="31.091694999486208">
        <ele>1370.98</ele>
        <time>2021-09-25T09:35:18Z</time>
      </trkpt>
      <trkpt lat="-25.908003961667418" lon="31.091787032783031">
        <ele>1371.46</ele>
        <time>2021-09-25T09:35:19Z</time>
      </trkpt>
      <trkpt lat="-25.907885022461414" lon="31.091875964775681">
        <ele>1371.46</ele>
        <time>2021-09-25T09:35:20Z</time>
      </trkpt>
      <trkpt lat="-25.907336007803679" lon="31.092330012470484">
        <ele>1372.9000000000001</ele>
        <time>2021-09-25T09:35:25Z</time>
      </trkpt>
      <trkpt lat="-25.907241040840745" lon="31.092443000525236">
        <ele>1372.9000000000001</ele>
        <time>2021-09-25T09:35:26Z</time>
      </trkpt>
      <trkpt lat="-25.907156970351934" lon="31.092565041035414">
        <ele>1373.3800000000001</ele>
        <time>2021-09-25T09:35:27Z</time>
      </trkpt>
      <trkpt lat="-25.907094022259116" lon="31.092696972191334">
        <ele>1373.3800000000001</ele>
        <time>2021-09-25T09:35:28Z</time>
      </trkpt>
      <trkpt lat="-25.907055968418717" lon="31.09283602796495">
        <ele>1373.3800000000001</ele>
        <time>2021-09-25T09:35:29Z</time>
      </trkpt>
      <trkpt lat="-25.907044988125563" lon="31.092982040718198">
        <ele>1373.3800000000001</ele>
        <time>2021-09-25T09:35:30Z</time>
      </trkpt>
      <trkpt lat="-25.90706099756062" lon="31.093127969652414">
        <ele>1372.9000000000001</ele>
        <time>2021-09-25T09:35:31Z</time>
      </trkpt>
      <trkpt lat="-25.90710399672389" lon="31.093271970748901">
        <ele>1372.4200000000001</ele>
        <time>2021-09-25T09:35:32Z</time>
      </trkpt>
      <trkpt lat="-25.907165016978979" lon="31.093411026522517">
        <ele>1373.8599999999999</ele>
        <time>2021-09-25T09:35:33Z</time>
      </trkpt>
      <trkpt lat="-25.907234000042081" lon="31.093549998477101">
        <ele>1373.8599999999999</ele>
        <time>2021-09-25T09:35:34Z</time>
      </trkpt>
      <trkpt lat="-25.90729602612555" lon="31.093690982088447">
        <ele>1374.3399999999999</ele>
        <time>2021-09-25T09:35:35Z</time>
      </trkpt>
      <trkpt lat="-25.907343970611691" lon="31.093832971528172">
        <ele>1373.8599999999999</ele>
        <time>2021-09-25T09:35:36Z</time>
      </trkpt>
      <trkpt lat="-25.907372971996665" lon="31.093974038958549">
        <ele>1373.8599999999999</ele>
        <time>2021-09-25T09:35:37Z</time>
      </trkpt>
      <trkpt lat="-25.907375989481807" lon="31.094110999256372">
        <ele>1373.8599999999999</ele>
        <time>2021-09-25T09:35:38Z</time>
      </trkpt>
      <trkpt lat="-25.907353023067117" lon="31.094246031716466">
        <ele>1374.3399999999999</ele>
        <time>2021-09-25T09:35:39Z</time>
      </trkpt>
      <trkpt lat="-25.907313041388988" lon="31.094379974529147">
        <ele>1374.8199999999999</ele>
        <time>2021-09-25T09:35:40Z</time>
      </trkpt>
      <trkpt lat="-25.907254032790661" lon="31.094512995332479">
        <ele>1375.3</ele>
        <time>2021-09-25T09:35:41Z</time>
      </trkpt>
      <trkpt lat="-25.907186977565289" lon="31.094648027792573">
        <ele>1374.3399999999999</ele>
        <time>2021-09-25T09:35:42Z</time>
      </trkpt>
      <trkpt lat="-25.907069966197014" lon="31.094924965873361">
        <ele>1374.8199999999999</ele>
        <time>2021-09-25T09:35:44Z</time>
      </trkpt>
      <trkpt lat="-25.907027972862124" lon="31.095067961141467">
        <ele>1373.3800000000001</ele>
        <time>2021-09-25T09:35:45Z</time>
      </trkpt>
      <trkpt lat="-25.90699695982039" lon="31.095213973894715">
        <ele>1373.3800000000001</ele>
        <time>2021-09-25T09:35:46Z</time>
      </trkpt>
      <trkpt lat="-25.906980028375983" lon="31.095365015789866">
        <ele>1374.8199999999999</ele>
        <time>2021-09-25T09:35:47Z</time>
      </trkpt>
      <trkpt lat="-25.906976005062461" lon="31.095522008836269">
        <ele>1375.78</ele>
        <time>2021-09-25T09:35:48Z</time>
      </trkpt>
      <trkpt lat="-25.906979022547603" lon="31.095683025196195">
        <ele>1373.8599999999999</ele>
        <time>2021-09-25T09:35:49Z</time>
      </trkpt>
      <trkpt lat="-25.90697499923408" lon="31.096466984599829">
        <ele>1373.3800000000001</ele>
        <time>2021-09-25T09:35:54Z</time>
      </trkpt>
      <trkpt lat="-25.906942980363965" lon="31.096611991524696">
        <ele>1373.3800000000001</ele>
        <time>2021-09-25T09:35:55Z</time>
      </trkpt>
      <trkpt lat="-25.906893024221063" lon="31.096754986792803">
        <ele>1372.9000000000001</ele>
        <time>2021-09-25T09:35:56Z</time>
      </trkpt>
      <trkpt lat="-25.906616002321243" lon="31.097524026408792">
        <ele>1370.5</ele>
        <time>2021-09-25T09:36:02Z</time>
      </trkpt>
      <trkpt lat="-25.906599992886186" lon="31.097635002806783">
        <ele>1370.5</ele>
        <time>2021-09-25T09:36:03Z</time>
      </trkpt>
      <trkpt lat="-25.906594963744283" lon="31.097746985033154">
        <ele>1370.02</ele>
        <time>2021-09-25T09:36:04Z</time>
      </trkpt>
      <trkpt lat="-25.906596975401044" lon="31.097860978916287">
        <ele>1370.02</ele>
        <time>2021-09-25T09:36:05Z</time>
      </trkpt>
      <trkpt lat="-25.906646009534597" lon="31.098719034343958">
        <ele>1371.46</ele>
        <time>2021-09-25T09:36:11Z</time>
      </trkpt>
      <trkpt lat="-25.906634023413062" lon="31.098869992420077">
        <ele>1371.46</ele>
        <time>2021-09-25T09:36:12Z</time>
      </trkpt>
      <trkpt lat="-25.90660996735096" lon="31.099017011001706">
        <ele>1371.46</ele>
        <time>2021-09-25T09:36:13Z</time>
      </trkpt>
      <trkpt lat="-25.906551964581013" lon="31.099298978224397">
        <ele>1370.02</ele>
        <time>2021-09-25T09:36:15Z</time>
      </trkpt>
      <trkpt lat="-25.906536038964987" lon="31.099428981542587">
        <ele>1368.5699999999999</ele>
        <time>2021-09-25T09:36:16Z</time>
      </trkpt>
      <trkpt lat="-25.906534027308226" lon="31.099551022052765">
        <ele>1368.0899999999999</ele>
        <time>2021-09-25T09:36:17Z</time>
      </trkpt>
      <trkpt lat="-25.906547019258142" lon="31.099667027592659">
        <ele>1367.1300000000001</ele>
        <time>2021-09-25T09:36:18Z</time>
      </trkpt>
      <trkpt lat="-25.906574008986354" lon="31.09977800399065">
        <ele>1366.1700000000001</ele>
        <time>2021-09-25T09:36:19Z</time>
      </trkpt>
      <trkpt lat="-25.906614996492863" lon="31.099891997873783">
        <ele>1366.1700000000001</ele>
        <time>2021-09-25T09:36:20Z</time>
      </trkpt>
      <trkpt lat="-25.906664030626416" lon="31.10001496039331">
        <ele>1366.1700000000001</ele>
        <time>2021-09-25T09:36:21Z</time>
      </trkpt>
      <trkpt lat="-25.906810965389013" lon="31.100530028343201">
        <ele>1365.21</ele>
        <time>2021-09-25T09:36:25Z</time>
      </trkpt>
      <trkpt lat="-25.906811971217394" lon="31.100651985034347">
        <ele>1364.73</ele>
        <time>2021-09-25T09:36:26Z</time>
      </trkpt>
      <trkpt lat="-25.906793028116226" lon="31.100773019716144">
        <ele>1364.25</ele>
        <time>2021-09-25T09:36:27Z</time>
      </trkpt>
      <trkpt lat="-25.906749023124576" lon="31.100891958922148">
        <ele>1363.77</ele>
        <time>2021-09-25T09:36:28Z</time>
      </trkpt>
      <trkpt lat="-25.906681967899203" lon="31.100998995825648">
        <ele>1363.77</ele>
        <time>2021-09-25T09:36:29Z</time>
      </trkpt>
      <trkpt lat="-25.906594041734934" lon="31.101090023294091">
        <ele>1363.77</ele>
        <time>2021-09-25T09:36:30Z</time>
      </trkpt>
      <trkpt lat="-25.906490022316575" lon="31.101159006357193">
        <ele>1363.77</ele>
        <time>2021-09-25T09:36:31Z</time>
      </trkpt>
      <trkpt lat="-25.906377034261823" lon="31.101211979985237">
        <ele>1363.77</ele>
        <time>2021-09-25T09:36:32Z</time>
      </trkpt>
      <trkpt lat="-25.906264968216419" lon="31.101262019947171">
        <ele>1362.8099999999999</ele>
        <time>2021-09-25T09:36:33Z</time>
      </trkpt>
      <trkpt lat="-25.906162038445473" lon="31.101322034373879">
        <ele>1361.8399999999999</ele>
        <time>2021-09-25T09:36:34Z</time>
      </trkpt>
      <trkpt lat="-25.906079979613423" lon="31.101397974416614">
        <ele>1361.3599999999999</ele>
        <time>2021-09-25T09:36:35Z</time>
      </trkpt>
      <trkpt lat="-25.906022982671857" lon="31.101490007713437">
        <ele>1359.4400000000001</ele>
        <time>2021-09-25T09:36:36Z</time>
      </trkpt>
      <trkpt lat="-25.905990041792393" lon="31.101595032960176">
        <ele>1359.9200000000001</ele>
        <time>2021-09-25T09:36:37Z</time>
      </trkpt>
      <trkpt lat="-25.905979983508587" lon="31.101711038500071">
        <ele>1359.4400000000001</ele>
        <time>2021-09-25T09:36:38Z</time>
      </trkpt>
      <trkpt lat="-25.905996998772025" lon="31.101829977706075">
        <ele>1359.4400000000001</ele>
        <time>2021-09-25T09:36:39Z</time>
      </trkpt>
      <trkpt lat="-25.906044021248817" lon="31.101942965760827">
        <ele>1359.4400000000001</ele>
        <time>2021-09-25T09:36:40Z</time>
      </trkpt>
      <trkpt lat="-25.906121972948313" lon="31.102042039856315">
        <ele>1357.04</ele>
        <time>2021-09-25T09:36:41Z</time>
      </trkpt>
      <trkpt lat="-25.90622297488153" lon="31.102127032354474">
        <ele>1358.48</ele>
        <time>2021-09-25T09:36:42Z</time>
      </trkpt>
      <trkpt lat="-25.906340992078185" lon="31.102208001539111">
        <ele>1358.48</ele>
        <time>2021-09-25T09:36:43Z</time>
      </trkpt>
      <trkpt lat="-25.906579960137606" lon="31.102393995970488">
        <ele>1358.96</ele>
        <time>2021-09-25T09:36:45Z</time>
      </trkpt>
      <trkpt lat="-25.906676016747952" lon="31.102501032873988">
        <ele>1358</ele>
        <time>2021-09-25T09:36:46Z</time>
      </trkpt>
      <trkpt lat="-25.906747011467814" lon="31.102603962644935">
        <ele>1357.52</ele>
        <time>2021-09-25T09:36:47Z</time>
      </trkpt>
      <trkpt lat="-25.906795961782336" lon="31.102703036740422">
        <ele>1357.04</ele>
        <time>2021-09-25T09:36:48Z</time>
      </trkpt>
      <trkpt lat="-25.906824041157961" lon="31.102803032845259">
        <ele>1357.04</ele>
        <time>2021-09-25T09:36:49Z</time>
      </trkpt>
      <trkpt lat="-25.906833009794354" lon="31.102908980101347">
        <ele>1357.04</ele>
        <time>2021-09-25T09:36:50Z</time>
      </trkpt>
      <trkpt lat="-25.906830998137593" lon="31.103024985641241">
        <ele>1357.04</ele>
        <time>2021-09-25T09:36:51Z</time>
      </trkpt>
      <trkpt lat="-25.906821023672819" lon="31.103154988959432">
        <ele>1357.04</ele>
        <time>2021-09-25T09:36:52Z</time>
      </trkpt>
      <trkpt lat="-25.906775007024407" lon="31.104130977764726">
        <ele>1358.96</ele>
        <time>2021-09-25T09:36:58Z</time>
      </trkpt>
      <trkpt lat="-25.906800990924239" lon="31.104306997731328">
        <ele>1358.48</ele>
        <time>2021-09-25T09:36:59Z</time>
      </trkpt>
      <trkpt lat="-25.906849019229412" lon="31.104640010744333">
        <ele>1358</ele>
        <time>2021-09-25T09:37:01Z</time>
      </trkpt>
      <trkpt lat="-25.906843990087509" lon="31.104792980477214">
        <ele>1357.52</ele>
        <time>2021-09-25T09:37:02Z</time>
      </trkpt>
      <trkpt lat="-25.906809959560633" lon="31.104931030422449">
        <ele>1356.0799999999999</ele>
        <time>2021-09-25T09:37:03Z</time>
      </trkpt>
      <trkpt lat="-25.906750028952956" lon="31.105047035962343">
        <ele>1355.1199999999999</ele>
        <time>2021-09-25T09:37:04Z</time>
      </trkpt>
      <trkpt lat="-25.906670987606049" lon="31.105138985440135">
        <ele>1354.6300000000001</ele>
        <time>2021-09-25T09:37:05Z</time>
      </trkpt>
      <trkpt lat="-25.906575014814734" lon="31.105209980159998">
        <ele>1354.6300000000001</ele>
        <time>2021-09-25T09:37:06Z</time>
      </trkpt>
      <trkpt lat="-25.906464960426092" lon="31.10525700263679">
        <ele>1354.6300000000001</ele>
        <time>2021-09-25T09:37:07Z</time>
      </trkpt>
      <trkpt lat="-25.906345015391707" lon="31.105284998193383">
        <ele>1353.6700000000001</ele>
        <time>2021-09-25T09:37:08Z</time>
      </trkpt>
      <trkpt lat="-25.906216017901897" lon="31.105305030941963">
        <ele>1352.71</ele>
        <time>2021-09-25T09:37:09Z</time>
      </trkpt>
      <trkpt lat="-25.905855009332299" lon="31.105379965156317">
        <ele>1350.79</ele>
        <time>2021-09-25T09:37:12Z</time>
      </trkpt>
      <trkpt lat="-25.905759958550334" lon="31.105439979583025">
        <ele>1350.3099999999999</ele>
        <time>2021-09-25T09:37:13Z</time>
      </trkpt>
      <trkpt lat="-25.90568502433598" lon="31.105523966252804">
        <ele>1349.8299999999999</ele>
        <time>2021-09-25T09:37:14Z</time>
      </trkpt>
      <trkpt lat="-25.905639007687569" lon="31.105632008984685">
        <ele>1349.8299999999999</ele>
        <time>2021-09-25T09:37:15Z</time>
      </trkpt>
      <trkpt lat="-25.905624004080892" lon="31.105752037838101">
        <ele>1349.8299999999999</ele>
        <time>2021-09-25T09:37:16Z</time>
      </trkpt>
      <trkpt lat="-25.905638001859188" lon="31.105872988700867">
        <ele>1351.27</ele>
        <time>2021-09-25T09:37:17Z</time>
      </trkpt>
      <trkpt lat="-25.905676977708936" lon="31.105991005897522">
        <ele>1350.3099999999999</ele>
        <time>2021-09-25T09:37:18Z</time>
      </trkpt>
      <trkpt lat="-25.905737997964025" lon="31.106101982295513">
        <ele>1350.79</ele>
        <time>2021-09-25T09:37:19Z</time>
      </trkpt>
      <trkpt lat="-25.905817039310932" lon="31.106209019199014">
        <ele>1351.27</ele>
        <time>2021-09-25T09:37:20Z</time>
      </trkpt>
      <trkpt lat="-25.905905971303582" lon="31.106316978111863">
        <ele>1350.79</ele>
        <time>2021-09-25T09:37:21Z</time>
      </trkpt>
      <trkpt lat="-25.906096994876862" lon="31.106544965878129">
        <ele>1349.3499999999999</ele>
        <time>2021-09-25T09:37:23Z</time>
      </trkpt>
      <trkpt lat="-25.906474012881517" lon="31.10703899525106">
        <ele>1345.5</ele>
        <time>2021-09-25T09:37:27Z</time>
      </trkpt>
      <trkpt lat="-25.906532015651464" lon="31.107180984690785">
        <ele>1345.02</ele>
        <time>2021-09-25T09:37:28Z</time>
      </trkpt>
      <trkpt lat="-25.90656797401607" lon="31.107334960252047">
        <ele>1344.0599999999999</ele>
        <time>2021-09-25T09:37:29Z</time>
      </trkpt>
      <trkpt lat="-25.906579038128257" lon="31.107497988268733">
        <ele>1343.0999999999999</ele>
        <time>2021-09-25T09:37:30Z</time>
      </trkpt>
      <trkpt lat="-25.90656504034996" lon="31.107666967436671">
        <ele>1341.6600000000001</ele>
        <time>2021-09-25T09:37:31Z</time>
      </trkpt>
      <trkpt lat="-25.906544001773" lon="31.107837958261371">
        <ele>1340.7</ele>
        <time>2021-09-25T09:37:32Z</time>
      </trkpt>
      <trkpt lat="-25.906525980681181" lon="31.108179017901421">
        <ele>1337.8099999999999</ele>
        <time>2021-09-25T09:37:34Z</time>
      </trkpt>
      <trkpt lat="-25.906538972631097" lon="31.108341962099075">
        <ele>1336.3699999999999</ele>
        <time>2021-09-25T09:37:35Z</time>
      </trkpt>
      <trkpt lat="-25.90656504034996" lon="31.108503984287381">
        <ele>1335.8900000000001</ele>
        <time>2021-09-25T09:37:36Z</time>
      </trkpt>
      <trkpt lat="-25.906603010371327" lon="31.108666006475687">
        <ele>1334.9300000000001</ele>
        <time>2021-09-25T09:37:37Z</time>
      </trkpt>
      <trkpt lat="-25.906648021191359" lon="31.108831968158484">
        <ele>1333.01</ele>
        <time>2021-09-25T09:37:38Z</time>
      </trkpt>
      <trkpt lat="-25.906838960945606" lon="31.109449965879321">
        <ele>1328.2</ele>
        <time>2021-09-25T09:37:42Z</time>
      </trkpt>
      <trkpt lat="-25.90690802782774" lon="31.109567983075976">
        <ele>1327.72</ele>
        <time>2021-09-25T09:37:43Z</time>
      </trkpt>
      <trkpt lat="-25.906996037811041" lon="31.1096600163728">
        <ele>1326.76</ele>
        <time>2021-09-25T09:37:44Z</time>
      </trkpt>
      <trkpt lat="-25.907098967581987" lon="31.109723970293999">
        <ele>1325.3099999999999</ele>
        <time>2021-09-25T09:37:45Z</time>
      </trkpt>
      <trkpt lat="-25.90721296146512" lon="31.109762024134398">
        <ele>1325.3099999999999</ele>
        <time>2021-09-25T09:37:46Z</time>
      </trkpt>
      <trkpt lat="-25.907332990318537" lon="31.109770992770791">
        <ele>1324.8299999999999</ele>
        <time>2021-09-25T09:37:47Z</time>
      </trkpt>
      <trkpt lat="-25.907452013343573" lon="31.109745008870959">
        <ele>1324.3499999999999</ele>
        <time>2021-09-25T09:37:48Z</time>
      </trkpt>
      <trkpt lat="-25.907567013055086" lon="31.109689017757773">
        <ele>1322.4300000000001</ele>
        <time>2021-09-25T09:37:49Z</time>
      </trkpt>
      <trkpt lat="-25.9076820127666" lon="31.109608970582485">
        <ele>1322.4300000000001</ele>
        <time>2021-09-25T09:37:50Z</time>
      </trkpt>
      <trkpt lat="-25.907796006649733" lon="31.10951098613441">
        <ele>1324.3499999999999</ele>
        <time>2021-09-25T09:37:51Z</time>
      </trkpt>
      <trkpt lat="-25.907907988876104" lon="31.109401015564799">
        <ele>1321.95</ele>
        <time>2021-09-25T09:37:52Z</time>
      </trkpt>
      <trkpt lat="-25.908202026039362" lon="31.109111001715064">
        <ele>1320.99</ele>
        <time>2021-09-25T09:37:55Z</time>
      </trkpt>
      <trkpt lat="-25.908292969688773" lon="31.109054004773498">
        <ele>1319.55</ele>
        <time>2021-09-25T09:37:56Z</time>
      </trkpt>
      <trkpt lat="-25.908385002985597" lon="31.109026009216905">
        <ele>1319.55</ele>
        <time>2021-09-25T09:37:57Z</time>
      </trkpt>
      <trkpt lat="-25.90847703628242" lon="31.109026009216905">
        <ele>1318.0999999999999</ele>
        <time>2021-09-25T09:37:58Z</time>
      </trkpt>
      <trkpt lat="-25.908568985760212" lon="31.109048975631595">
        <ele>1318.5899999999999</ele>
        <time>2021-09-25T09:37:59Z</time>
      </trkpt>
      <trkpt lat="-25.908656995743513" lon="31.109093986451626">
        <ele>1318.5899999999999</ele>
        <time>2021-09-25T09:38:00Z</time>
      </trkpt>
      <trkpt lat="-25.908736037090421" lon="31.109164981171489">
        <ele>1318.0999999999999</ele>
        <time>2021-09-25T09:38:01Z</time>
      </trkpt>
      <trkpt lat="-25.908795967698097" lon="31.109265983104706">
        <ele>1318.5899999999999</ele>
        <time>2021-09-25T09:38:02Z</time>
      </trkpt>
      <trkpt lat="-25.908839972689748" lon="31.109389029443264">
        <ele>1317.6199999999999</ele>
        <time>2021-09-25T09:38:03Z</time>
      </trkpt>
      <trkpt lat="-25.908888000994921" lon="31.109523978084326">
        <ele>1315.22</ele>
        <time>2021-09-25T09:38:04Z</time>
      </trkpt>
      <trkpt lat="-25.908952038735151" lon="31.109654987230897">
        <ele>1315.7</ele>
        <time>2021-09-25T09:38:05Z</time>
      </trkpt>
      <trkpt lat="-25.909038037061691" lon="31.109776021912694">
        <ele>1316.1800000000001</ele>
        <time>2021-09-25T09:38:06Z</time>
      </trkpt>
      <trkpt lat="-25.909145995974541" lon="31.109889009967446">
        <ele>1313.78</ele>
        <time>2021-09-25T09:38:07Z</time>
      </trkpt>
      <trkpt lat="-25.909268036484718" lon="31.109995041042566">
        <ele>1315.7</ele>
        <time>2021-09-25T09:38:08Z</time>
      </trkpt>
      <trkpt lat="-25.90963801369071" lon="31.11028203740716">
        <ele>1312.8199999999999</ele>
        <time>2021-09-25T09:38:11Z</time>
      </trkpt>
      <trkpt lat="-25.909763993695378" lon="31.110343979671597">
        <ele>1312.8199999999999</ele>
        <time>2021-09-25T09:38:12Z</time>
      </trkpt>
      <trkpt lat="-25.909890979528427" lon="31.110387984663248">
        <ele>1312.3399999999999</ele>
        <time>2021-09-25T09:38:13Z</time>
      </trkpt>
      <trkpt lat="-25.910018971189857" lon="31.110412962734699">
        <ele>1309.9300000000001</ele>
        <time>2021-09-25T09:38:14Z</time>
      </trkpt>
      <trkpt lat="-25.910151991993189" lon="31.110418997704983">
        <ele>1308.97</ele>
        <time>2021-09-25T09:38:15Z</time>
      </trkpt>
      <trkpt lat="-25.910291969776154" lon="31.110401982441545">
        <ele>1305.1300000000001</ele>
        <time>2021-09-25T09:38:16Z</time>
      </trkpt>
      <trkpt lat="-25.910435970872641" lon="31.110357977449894">
        <ele>1307.05</ele>
        <time>2021-09-25T09:38:17Z</time>
      </trkpt>
      <trkpt lat="-25.910579971969128" lon="31.110282959416509">
        <ele>1305.6099999999999</ele>
        <time>2021-09-25T09:38:18Z</time>
      </trkpt>
      <trkpt lat="-25.91071299277246" lon="31.110182963311672">
        <ele>1304.1700000000001</ele>
        <time>2021-09-25T09:38:19Z</time>
      </trkpt>
      <trkpt lat="-25.910830004140735" lon="31.110062012448907">
        <ele>1303.6900000000001</ele>
        <time>2021-09-25T09:38:20Z</time>
      </trkpt>
      <trkpt lat="-25.910924971103668" lon="31.109926979988813">
        <ele>1302.24</ele>
        <time>2021-09-25T09:38:21Z</time>
      </trkpt>
      <trkpt lat="-25.910997977480292" lon="31.109783984720707">
        <ele>1301.76</ele>
        <time>2021-09-25T09:38:22Z</time>
      </trkpt>
      <trkpt lat="-25.911050029098988" lon="31.109633026644588">
        <ele>1303.6900000000001</ele>
        <time>2021-09-25T09:38:23Z</time>
      </trkpt>
      <trkpt lat="-25.911079030483961" lon="31.109477961435914">
        <ele>1305.6099999999999</ele>
        <time>2021-09-25T09:38:24Z</time>
      </trkpt>
      <trkpt lat="-25.911086993291974" lon="31.109320968389511">
        <ele>1305.1300000000001</ele>
        <time>2021-09-25T09:38:25Z</time>
      </trkpt>
      <trkpt lat="-25.911072995513678" lon="31.109165986999869">
        <ele>1302.72</ele>
        <time>2021-09-25T09:38:26Z</time>
      </trkpt>
      <trkpt lat="-25.911037959158421" lon="31.109014023095369">
        <ele>1308.01</ele>
        <time>2021-09-25T09:38:27Z</time>
      </trkpt>
      <trkpt lat="-25.910984985530376" lon="31.108862981200218">
        <ele>1311.3800000000001</ele>
        <time>2021-09-25T09:38:28Z</time>
      </trkpt>
      <trkpt lat="-25.910913990810513" lon="31.108715962618589">
        <ele>1311.3800000000001</ele>
        <time>2021-09-25T09:38:29Z</time>
      </trkpt>
      <trkpt lat="-25.910832015797496" lon="31.108569027855992">
        <ele>1311.8599999999999</ele>
        <time>2021-09-25T09:38:30Z</time>
      </trkpt>
      <trkpt lat="-25.910661024972796" lon="31.108256969600916">
        <ele>1316.1800000000001</ele>
        <time>2021-09-25T09:38:32Z</time>
      </trkpt>
      <trkpt lat="-25.910576032474637" lon="31.108097964897752">
        <ele>1316.1800000000001</ele>
        <time>2021-09-25T09:38:33Z</time>
      </trkpt>
      <trkpt lat="-25.91043496504426" lon="31.107777021825314">
        <ele>1318.5899999999999</ele>
        <time>2021-09-25T09:38:35Z</time>
      </trkpt>
      <trkpt lat="-25.910393977537751" lon="31.107607958838344">
        <ele>1322.4300000000001</ele>
        <time>2021-09-25T09:38:36Z</time>
      </trkpt>
      <trkpt lat="-25.910373022779822" lon="31.107436968013644">
        <ele>1322.9100000000001</ele>
        <time>2021-09-25T09:38:37Z</time>
      </trkpt>
      <trkpt lat="-25.910367993637919" lon="31.107268994674087">
        <ele>1325.3099999999999</ele>
        <time>2021-09-25T09:38:38Z</time>
      </trkpt>
      <trkpt lat="-25.910377968102694" lon="31.107100015506148">
        <ele>1325.8</ele>
        <time>2021-09-25T09:38:39Z</time>
      </trkpt>
      <trkpt lat="-25.910404035821557" lon="31.10693296417594">
        <ele>1328.2</ele>
        <time>2021-09-25T09:38:40Z</time>
      </trkpt>
      <trkpt lat="-25.910448040813208" lon="31.106771025806665">
        <ele>1329.6400000000001</ele>
        <time>2021-09-25T09:38:41Z</time>
      </trkpt>
      <trkpt lat="-25.910510988906026" lon="31.106614032760262">
        <ele>1331.0799999999999</ele>
        <time>2021-09-25T09:38:42Z</time>
      </trkpt>
      <trkpt lat="-25.910588018596172" lon="31.106462990865111">
        <ele>1332.04</ele>
        <time>2021-09-25T09:38:43Z</time>
      </trkpt>
      <trkpt lat="-25.910682985559106" lon="31.106323013082147">
        <ele>1333.97</ele>
        <time>2021-09-25T09:38:44Z</time>
      </trkpt>
      <trkpt lat="-25.910794967785478" lon="31.106195021420717">
        <ele>1335.8900000000001</ele>
        <time>2021-09-25T09:38:45Z</time>
      </trkpt>
      <trkpt lat="-25.910920025780797" lon="31.106081027537584">
        <ele>1337.3299999999999</ele>
        <time>2021-09-25T09:38:46Z</time>
      </trkpt>
      <trkpt lat="-25.911054974421859" lon="31.105979019775987">
        <ele>1339.73</ele>
        <time>2021-09-25T09:38:47Z</time>
      </trkpt>
      <trkpt lat="-25.911193024367094" lon="31.105884974822402">
        <ele>1340.7</ele>
        <time>2021-09-25T09:38:48Z</time>
      </trkpt>
      <trkpt lat="-25.911467028781772" lon="31.105698980391026">
        <ele>1343.5799999999999</ele>
        <time>2021-09-25T09:38:50Z</time>
      </trkpt>
      <trkpt lat="-25.912004979327321" lon="31.105313999578357">
        <ele>1347.4300000000001</ele>
        <time>2021-09-25T09:38:54Z</time>
      </trkpt>
      <trkpt lat="-25.912404963746667" lon="31.105039995163679">
        <ele>1351.27</ele>
        <time>2021-09-25T09:38:57Z</time>
      </trkpt>
      <trkpt lat="-25.912533039227128" lon="31.104951985180378">
        <ele>1354.6300000000001</ele>
        <time>2021-09-25T09:38:58Z</time>
      </trkpt>
      <trkpt lat="-25.913004018366337" lon="31.104628024622798">
        <ele>1356.5599999999999</ele>
        <time>2021-09-25T09:39:02Z</time>
      </trkpt>
      <trkpt lat="-25.913123041391373" lon="31.104573961347342">
        <ele>1358.48</ele>
        <time>2021-09-25T09:39:03Z</time>
      </trkpt>
      <trkpt lat="-25.913243992254138" lon="31.104545965790749">
        <ele>1359.4400000000001</ele>
        <time>2021-09-25T09:39:04Z</time>
      </trkpt>
      <trkpt lat="-25.913363015279174" lon="31.104550994932652">
        <ele>1360.8800000000001</ele>
        <time>2021-09-25T09:39:05Z</time>
      </trkpt>
      <trkpt lat="-25.913469968363643" lon="31.104589970782399">
        <ele>1361.3599999999999</ele>
        <time>2021-09-25T09:39:06Z</time>
      </trkpt>
      <trkpt lat="-25.913557978346944" lon="31.104656020179391">
        <ele>1363.29</ele>
        <time>2021-09-25T09:39:07Z</time>
      </trkpt>
      <trkpt lat="-25.913626961410046" lon="31.104746041819453">
        <ele>1363.77</ele>
        <time>2021-09-25T09:39:08Z</time>
      </trkpt>
      <trkpt lat="-25.913674989715219" lon="31.104854000732303">
        <ele>1364.73</ele>
        <time>2021-09-25T09:39:09Z</time>
      </trkpt>
      <trkpt lat="-25.913696028292179" lon="31.104974029585719">
        <ele>1366.1700000000001</ele>
        <time>2021-09-25T09:39:10Z</time>
      </trkpt>
      <trkpt lat="-25.913687981665134" lon="31.105100009590387">
        <ele>1366.6500000000001</ele>
        <time>2021-09-25T09:39:11Z</time>
      </trkpt>
      <trkpt lat="-25.913664009422064" lon="31.105229007080197">
        <ele>1368.0899999999999</ele>
        <time>2021-09-25T09:39:12Z</time>
      </trkpt>
      <trkpt lat="-25.913632996380329" lon="31.10536202788353">
        <ele>1369.05</ele>
        <time>2021-09-25T09:39:13Z</time>
      </trkpt>
      <trkpt lat="-25.91361497528851" lon="31.105496976524591">
        <ele>1370.5</ele>
        <time>2021-09-25T09:39:14Z</time>
      </trkpt>
      <trkpt lat="-25.913617992773652" lon="31.105631003156304">
        <ele>1370.98</ele>
        <time>2021-09-25T09:39:15Z</time>
      </trkpt>
      <trkpt lat="-25.913649005815387" lon="31.105753965675831">
        <ele>1371.9400000000001</ele>
        <time>2021-09-25T09:39:16Z</time>
      </trkpt>
      <trkpt lat="-25.913704996928573" lon="31.105856979265809">
        <ele>1372.9000000000001</ele>
        <time>2021-09-25T09:39:17Z</time>
      </trkpt>
      <trkpt lat="-25.913784960284829" lon="31.105933003127575">
        <ele>1373.8599999999999</ele>
        <time>2021-09-25T09:39:18Z</time>
      </trkpt>
      <trkpt lat="-25.913884034380317" lon="31.105982037261128">
        <ele>1375.3</ele>
        <time>2021-09-25T09:39:19Z</time>
      </trkpt>
      <trkpt lat="-25.913997022435069" lon="31.106006009504199">
        <ele>1376.26</ele>
        <time>2021-09-25T09:39:20Z</time>
      </trkpt>
      <trkpt lat="-25.914123002439737" lon="31.106010032817721">
        <ele>1377.23</ele>
        <time>2021-09-25T09:39:21Z</time>
      </trkpt>
      <trkpt lat="-25.914258034899831" lon="31.106001986190677">
        <ele>1378.1900000000001</ele>
        <time>2021-09-25T09:39:22Z</time>
      </trkpt>
      <trkpt lat="-25.915238969027996" lon="31.105935014784336">
        <ele>1376.26</ele>
        <time>2021-09-25T09:39:28Z</time>
      </trkpt>
      <trkpt lat="-25.91606299392879" lon="31.105936020612717">
        <ele>1379.6300000000001</ele>
        <time>2021-09-25T09:39:33Z</time>
      </trkpt>
      <trkpt lat="-25.916356025263667" lon="31.105896038934588">
        <ele>1382.99</ele>
        <time>2021-09-25T09:39:35Z</time>
      </trkpt>
      <trkpt lat="-25.916494997218251" lon="31.105856979265809">
        <ele>1384.4400000000001</ele>
        <time>2021-09-25T09:39:36Z</time>
      </trkpt>
      <trkpt lat="-25.916905961930752" lon="31.105698980391026">
        <ele>1387.8</ele>
        <time>2021-09-25T09:39:39Z</time>
      </trkpt>
      <trkpt lat="-25.917149959132075" lon="31.105586998164654">
        <ele>1388.28</ele>
        <time>2021-09-25T09:39:41Z</time>
      </trkpt>
      <trkpt lat="-25.917245009914041" lon="31.105516003444791">
        <ele>1388.76</ele>
        <time>2021-09-25T09:39:42Z</time>
      </trkpt>
      <trkpt lat="-25.917313992977142" lon="31.105423970147967">
        <ele>1388.76</ele>
        <time>2021-09-25T09:39:43Z</time>
      </trkpt>
      <trkpt lat="-25.917351040989161" lon="31.105315005406737">
        <ele>1389.24</ele>
        <time>2021-09-25T09:39:44Z</time>
      </trkpt>
      <trkpt lat="-25.917365038767457" lon="31.105194976553321">
        <ele>1389.24</ele>
        <time>2021-09-25T09:39:45Z</time>
      </trkpt>
      <trkpt lat="-25.917365038767457" lon="31.105071008205414">
        <ele>1390.2</ele>
        <time>2021-09-25T09:39:46Z</time>
      </trkpt>
      <trkpt lat="-25.917365960776806" lon="31.104938993230462">
        <ele>1390.2</ele>
        <time>2021-09-25T09:39:47Z</time>
      </trkpt>
      <trkpt lat="-25.917385993525386" lon="31.104800021275878">
        <ele>1389.72</ele>
        <time>2021-09-25T09:39:48Z</time>
      </trkpt>
      <trkpt lat="-25.917429998517036" lon="31.104659959673882">
        <ele>1390.2</ele>
        <time>2021-09-25T09:39:49Z</time>
      </trkpt>
      <trkpt lat="-25.917498981580138" lon="31.104522999376059">
        <ele>1389.72</ele>
        <time>2021-09-25T09:39:50Z</time>
      </trkpt>
      <trkpt lat="-25.917591014876962" lon="31.10439601354301">
        <ele>1390.2</ele>
        <time>2021-09-25T09:39:51Z</time>
      </trkpt>
      <trkpt lat="-25.917702997103333" lon="31.104282019659877">
        <ele>1390.6800000000001</ele>
        <time>2021-09-25T09:39:52Z</time>
      </trkpt>
      <trkpt lat="-25.917825037613511" lon="31.10418202355504">
        <ele>1392.1300000000001</ele>
        <time>2021-09-25T09:39:53Z</time>
      </trkpt>
      <trkpt lat="-25.917955962941051" lon="31.104094013571739">
        <ele>1393.0899999999999</ele>
        <time>2021-09-25T09:39:54Z</time>
      </trkpt>
      <trkpt lat="-25.918096024543047" lon="31.10401296056807">
        <ele>1394.53</ele>
        <time>2021-09-25T09:39:55Z</time>
      </trkpt>
      <trkpt lat="-25.918243965134025" lon="31.103937020525336">
        <ele>1395.49</ele>
        <time>2021-09-25T09:39:56Z</time>
      </trkpt>
      <trkpt lat="-25.918550994247198" lon="31.103787990286946">
        <ele>1398.8599999999999</ele>
        <time>2021-09-25T09:39:58Z</time>
      </trkpt>
      <trkpt lat="-25.918699018657207" lon="31.103700986132026">
        <ele>1399.3399999999999</ele>
        <time>2021-09-25T09:39:59Z</time>
      </trkpt>
      <trkpt lat="-25.918836984783411" lon="31.103595038875937">
        <ele>1400.3</ele>
        <time>2021-09-25T09:40:00Z</time>
      </trkpt>
      <trkpt lat="-25.91896103695035" lon="31.103471992537379">
        <ele>1401.74</ele>
        <time>2021-09-25T09:40:01Z</time>
      </trkpt>
      <trkpt lat="-25.919197993353009" lon="31.103202011436224">
        <ele>1404.1400000000001</ele>
        <time>2021-09-25T09:40:03Z</time>
      </trkpt>
      <trkpt lat="-25.919446013867855" lon="31.102905962616205">
        <ele>1407.51</ele>
        <time>2021-09-25T09:40:05Z</time>
      </trkpt>
      <trkpt lat="-25.919855972751975" lon="31.102419979870319">
        <ele>1410.8699999999999</ele>
        <time>2021-09-25T09:40:08Z</time>
      </trkpt>
      <trkpt lat="-25.920351007953286" lon="31.101869959384203">
        <ele>1410.3900000000001</ele>
        <time>2021-09-25T09:40:12Z</time>
      </trkpt>
      <trkpt lat="-25.920470030978322" lon="31.101778009906411">
        <ele>1409.9100000000001</ele>
        <time>2021-09-25T09:40:13Z</time>
      </trkpt>
      <trkpt lat="-25.92059601098299" lon="31.101703997701406">
        <ele>1408.95</ele>
        <time>2021-09-25T09:40:14Z</time>
      </trkpt>
      <trkpt lat="-25.920729031786323" lon="31.101645994931459">
        <ele>1408.47</ele>
        <time>2021-09-25T09:40:15Z</time>
      </trkpt>
      <trkpt lat="-25.92087403871119" lon="31.101605007424951">
        <ele>1407.99</ele>
        <time>2021-09-25T09:40:16Z</time>
      </trkpt>
      <trkpt lat="-25.921029020100832" lon="31.101579023525119">
        <ele>1407.99</ele>
        <time>2021-09-25T09:40:17Z</time>
      </trkpt>
      <trkpt lat="-25.921191964298487" lon="31.101567959412932">
        <ele>1406.0699999999999</ele>
        <time>2021-09-25T09:40:18Z</time>
      </trkpt>
      <trkpt lat="-25.921366978436708" lon="31.101564019918442">
        <ele>1403.6600000000001</ele>
        <time>2021-09-25T09:40:19Z</time>
      </trkpt>
      <trkpt lat="-25.921939965337515" lon="31.101569971069694">
        <ele>1399.3399999999999</ele>
        <time>2021-09-25T09:40:22Z</time>
      </trkpt>
      <trkpt lat="-25.922547988593578" lon="31.101576006039977">
        <ele>1395.49</ele>
        <time>2021-09-25T09:40:25Z</time>
      </trkpt>
      <trkpt lat="-25.922933975234628" lon="31.101572988554835">
        <ele>1391.1700000000001</ele>
        <time>2021-09-25T09:40:27Z</time>
      </trkpt>
      <trkpt lat="-25.923491958528757" lon="31.101505011320114">
        <ele>1387.3199999999999</ele>
        <time>2021-09-25T09:40:30Z</time>
      </trkpt>
      <trkpt lat="-25.923863025382161" lon="31.101386994123459">
        <ele>1383.96</ele>
        <time>2021-09-25T09:40:32Z</time>
      </trkpt>
      <trkpt lat="-25.92422503978014" lon="31.101214997470379">
        <ele>1378.1900000000001</ele>
        <time>2021-09-25T09:40:34Z</time>
      </trkpt>
      <trkpt lat="-25.924756033346057" lon="31.100936969742179">
        <ele>1373.3800000000001</ele>
        <time>2021-09-25T09:40:37Z</time>
      </trkpt>
      <trkpt lat="-25.925090974196792" lon="31.100788023322821">
        <ele>1368.0899999999999</ele>
        <time>2021-09-25T09:40:39Z</time>
      </trkpt>
      <trkpt lat="-25.925252996385098" lon="31.100736977532506">
        <ele>1367.6099999999999</ele>
        <time>2021-09-25T09:40:40Z</time>
      </trkpt>
      <trkpt lat="-25.925415018573403" lon="31.100705964490771">
        <ele>1366.1700000000001</ele>
        <time>2021-09-25T09:40:41Z</time>
      </trkpt>
      <trkpt lat="-25.925576034933329" lon="31.100695990025997">
        <ele>1364.73</ele>
        <time>2021-09-25T09:40:42Z</time>
      </trkpt>
      <trkpt lat="-25.92573001049459" lon="31.100713005289435">
        <ele>1363.77</ele>
        <time>2021-09-25T09:40:43Z</time>
      </trkpt>
      <trkpt lat="-25.925876023247838" lon="31.100760027766228">
        <ele>1361.8399999999999</ele>
        <time>2021-09-25T09:40:44Z</time>
      </trkpt>
      <trkpt lat="-25.926017006859183" lon="31.100838985294104">
        <ele>1359.9200000000001</ele>
        <time>2021-09-25T09:40:45Z</time>
      </trkpt>
      <trkpt lat="-25.926155978813767" lon="31.100949039682746">
        <ele>1358.96</ele>
        <time>2021-09-25T09:40:46Z</time>
      </trkpt>
      <trkpt lat="-25.92629000544548" lon="31.10108801163733">
        <ele>1357.52</ele>
        <time>2021-09-25T09:40:47Z</time>
      </trkpt>
      <trkpt lat="-25.926425037905574" lon="31.101245004683733">
        <ele>1356.5599999999999</ele>
        <time>2021-09-25T09:40:48Z</time>
      </trkpt>
      <trkpt lat="-25.92656803317368" lon="31.101407026872039">
        <ele>1356.5599999999999</ele>
        <time>2021-09-25T09:40:49Z</time>
      </trkpt>
      <trkpt lat="-25.927011016756296" lon="31.101868031546474">
        <ele>1355.1199999999999</ele>
        <time>2021-09-25T09:40:52Z</time>
      </trkpt>
      <trkpt lat="-25.9274079836905" lon="31.102276984602213">
        <ele>1351.75</ele>
        <time>2021-09-25T09:40:55Z</time>
      </trkpt>
      <trkpt lat="-25.927660027518868" lon="31.102539002895355">
        <ele>1348.8699999999999</ele>
        <time>2021-09-25T09:40:57Z</time>
      </trkpt>
      <trkpt lat="-25.927898995578289" lon="31.102790040895343">
        <ele>1345.02</ele>
        <time>2021-09-25T09:40:59Z</time>
      </trkpt>
      <trkpt lat="-25.927999997511506" lon="31.102921972051263">
        <ele>1342.6199999999999</ele>
        <time>2021-09-25T09:41:00Z</time>
      </trkpt>
      <trkpt lat="-25.928077027201653" lon="31.103062033653259">
        <ele>1342.1400000000001</ele>
        <time>2021-09-25T09:41:01Z</time>
      </trkpt>
      <trkpt lat="-25.928123965859413" lon="31.103199999779463">
        <ele>1339.25</ele>
        <time>2021-09-25T09:41:02Z</time>
      </trkpt>
      <trkpt lat="-25.928140981122851" lon="31.103335032239556">
        <ele>1338.77</ele>
        <time>2021-09-25T09:41:03Z</time>
      </trkpt>
      <trkpt lat="-25.928132012486458" lon="31.103466963395476">
        <ele>1335.4100000000001</ele>
        <time>2021-09-25T09:41:04Z</time>
      </trkpt>
      <trkpt lat="-25.92809597030282" lon="31.103593027219176">
        <ele>1334.9300000000001</ele>
        <time>2021-09-25T09:41:05Z</time>
      </trkpt>
      <trkpt lat="-25.928035033866763" lon="31.103714983910322">
        <ele>1334.9300000000001</ele>
        <time>2021-09-25T09:41:06Z</time>
      </trkpt>
      <trkpt lat="-25.927964961156249" lon="31.103831995278597">
        <ele>1333.49</ele>
        <time>2021-09-25T09:41:07Z</time>
      </trkpt>
      <trkpt lat="-25.927850967273116" lon="31.104058977216482">
        <ele>1333.01</ele>
        <time>2021-09-25T09:41:09Z</time>
      </trkpt>
      <trkpt lat="-25.927817020565271" lon="31.104169031605124">
        <ele>1333.49</ele>
        <time>2021-09-25T09:41:10Z</time>
      </trkpt>
      <trkpt lat="-25.927801011130214" lon="31.104279002174735">
        <ele>1332.52</ele>
        <time>2021-09-25T09:41:11Z</time>
      </trkpt>
      <trkpt lat="-25.927810985594988" lon="31.104382015764713">
        <ele>1332.04</ele>
        <time>2021-09-25T09:41:12Z</time>
      </trkpt>
      <trkpt lat="-25.927848033607006" lon="31.104473965242505">
        <ele>1331.5599999999999</ele>
        <time>2021-09-25T09:41:13Z</time>
      </trkpt>
      <trkpt lat="-25.927910981699824" lon="31.104550994932652">
        <ele>1332.04</ele>
        <time>2021-09-25T09:41:14Z</time>
      </trkpt>
      <trkpt lat="-25.927984993904829" lon="31.104616038501263">
        <ele>1331.5599999999999</ele>
        <time>2021-09-25T09:41:15Z</time>
      </trkpt>
      <trkpt lat="-25.928055988624692" lon="31.104669012129307">
        <ele>1332.52</ele>
        <time>2021-09-25T09:41:16Z</time>
      </trkpt>
      <trkpt lat="-25.928125977516174" lon="31.104700025171041">
        <ele>1336.8499999999999</ele>
        <time>2021-09-25T09:41:17Z</time>
      </trkpt>
      <trkpt lat="-25.928207030519843" lon="31.1046970076859">
        <ele>1334.9300000000001</ele>
        <time>2021-09-25T09:41:18Z</time>
      </trkpt>
      <trkpt lat="-25.928313983604312" lon="31.104667000472546">
        <ele>1335.4100000000001</ele>
        <time>2021-09-25T09:41:19Z</time>
      </trkpt>
      <trkpt lat="-25.92843702994287" lon="31.104636993259192">
        <ele>1336.8499999999999</ele>
        <time>2021-09-25T09:41:20Z</time>
      </trkpt>
      <trkpt lat="-25.928715979680419" lon="31.104592988267541">
        <ele>1340.22</ele>
        <time>2021-09-25T09:41:22Z</time>
      </trkpt>
      <trkpt lat="-25.929156029596925" lon="31.104579996317625">
        <ele>1343.5799999999999</ele>
        <time>2021-09-25T09:41:25Z</time>
      </trkpt>
      <trkpt lat="-25.929717030376196" lon="31.10463397577405">
        <ele>1347.4300000000001</ele>
        <time>2021-09-25T09:41:29Z</time>
      </trkpt>
      <trkpt lat="-25.929847033694386" lon="31.10465400852263">
        <ele>1347.9100000000001</ele>
        <time>2021-09-25T09:41:30Z</time>
      </trkpt>
      <trkpt lat="-25.929961027577519" lon="31.104691978543997">
        <ele>1348.8699999999999</ele>
        <time>2021-09-25T09:41:31Z</time>
      </trkpt>
      <trkpt lat="-25.930057000368834" lon="31.104742018505931">
        <ele>1348.8699999999999</ele>
        <time>2021-09-25T09:41:32Z</time>
      </trkpt>
      <trkpt lat="-25.93013696372509" lon="31.104801027104259">
        <ele>1348.3900000000001</ele>
        <time>2021-09-25T09:41:33Z</time>
      </trkpt>
      <trkpt lat="-25.930198989808559" lon="31.104873027652502">
        <ele>1348.8699999999999</ele>
        <time>2021-09-25T09:41:34Z</time>
      </trkpt>
      <trkpt lat="-25.930274007841945" lon="31.104929018765688">
        <ele>1350.3099999999999</ele>
        <time>2021-09-25T09:41:35Z</time>
      </trkpt>
      <trkpt lat="-25.930305020883679" lon="31.105030020698905">
        <ele>1351.27</ele>
        <time>2021-09-25T09:41:36Z</time>
      </trkpt>
      <trkpt lat="-25.930324969813228" lon="31.105146026238799">
        <ele>1352.23</ele>
        <time>2021-09-25T09:41:37Z</time>
      </trkpt>
      <trkpt lat="-25.930337039753795" lon="31.10527996905148">
        <ele>1351.27</ele>
        <time>2021-09-25T09:41:38Z</time>
      </trkpt>
      <trkpt lat="-25.930346008390188" lon="31.105426987633109">
        <ele>1351.75</ele>
        <time>2021-09-25T09:41:39Z</time>
      </trkpt>
      <trkpt lat="-25.930327987298369" lon="31.106043979525566">
        <ele>1350.79</ele>
        <time>2021-09-25T09:41:43Z</time>
      </trkpt>
      <trkpt lat="-25.930340979248285" lon="31.106173982843757">
        <ele>1349.8299999999999</ele>
        <time>2021-09-25T09:41:44Z</time>
      </trkpt>
      <trkpt lat="-25.930366041138768" lon="31.106292000040412">
        <ele>1348.8699999999999</ele>
        <time>2021-09-25T09:41:45Z</time>
      </trkpt>
      <trkpt lat="-25.930408034473658" lon="31.106399036943913">
        <ele>1349.3499999999999</ele>
        <time>2021-09-25T09:41:46Z</time>
      </trkpt>
      <trkpt lat="-25.930476011708379" lon="31.106491992250085">
        <ele>1349.8299999999999</ele>
        <time>2021-09-25T09:41:47Z</time>
      </trkpt>
      <trkpt lat="-25.93056402169168" lon="31.106570027768612">
        <ele>1349.8299999999999</ele>
        <time>2021-09-25T09:41:48Z</time>
      </trkpt>
      <trkpt lat="-25.930665023624897" lon="31.106640016660094">
        <ele>1351.27</ele>
        <time>2021-09-25T09:41:49Z</time>
      </trkpt>
      <trkpt lat="-25.930763008072972" lon="31.106716962531209">
        <ele>1352.23</ele>
        <time>2021-09-25T09:41:50Z</time>
      </trkpt>
      <trkpt lat="-25.930840037763119" lon="31.10680497251451">
        <ele>1352.71</ele>
        <time>2021-09-25T09:41:51Z</time>
      </trkpt>
      <trkpt lat="-25.930895023047924" lon="31.106904968619347">
        <ele>1353.6700000000001</ele>
        <time>2021-09-25T09:41:52Z</time>
      </trkpt>
      <trkpt lat="-25.930929975584149" lon="31.10701602883637">
        <ele>1353.6700000000001</ele>
        <time>2021-09-25T09:41:53Z</time>
      </trkpt>
      <trkpt lat="-25.930941039696336" lon="31.107135973870754">
        <ele>1353.1900000000001</ele>
        <time>2021-09-25T09:41:54Z</time>
      </trkpt>
      <trkpt lat="-25.930926958099008" lon="31.107259020209312">
        <ele>1354.6300000000001</ele>
        <time>2021-09-25T09:41:55Z</time>
      </trkpt>
      <trkpt lat="-25.930885970592499" lon="31.107390029355884">
        <ele>1356.0799999999999</ele>
        <time>2021-09-25T09:41:56Z</time>
      </trkpt>
      <trkpt lat="-25.930832996964455" lon="31.107536964118481">
        <ele>1357.52</ele>
        <time>2021-09-25T09:41:57Z</time>
      </trkpt>
      <trkpt lat="-25.930724032223225" lon="31.107865031808615">
        <ele>1359.4400000000001</ele>
        <time>2021-09-25T09:41:59Z</time>
      </trkpt>
      <trkpt lat="-25.930590005591512" lon="31.108294017612934">
        <ele>1356.0799999999999</ele>
        <time>2021-09-25T09:42:02Z</time>
      </trkpt>
      <trkpt lat="-25.930580031126738" lon="31.10841304063797">
        <ele>1356.0799999999999</ele>
        <time>2021-09-25T09:42:03Z</time>
      </trkpt>
      <trkpt lat="-25.930596040561795" lon="31.108524017035961">
        <ele>1356.0799999999999</ele>
        <time>2021-09-25T09:42:04Z</time>
      </trkpt>
      <trkpt lat="-25.930636022239923" lon="31.10863097012043">
        <ele>1353.6700000000001</ele>
        <time>2021-09-25T09:42:05Z</time>
      </trkpt>
      <trkpt lat="-25.930701987817883" lon="31.108728032559156">
        <ele>1354.1500000000001</ele>
        <time>2021-09-25T09:42:06Z</time>
      </trkpt>
      <trkpt lat="-25.930792009457946" lon="31.108803972601891">
        <ele>1352.23</ele>
        <time>2021-09-25T09:42:07Z</time>
      </trkpt>
      <trkpt lat="-25.930900974199176" lon="31.108849989250302">
        <ele>1351.27</ele>
        <time>2021-09-25T09:42:08Z</time>
      </trkpt>
      <trkpt lat="-25.931017985567451" lon="31.108868010342121">
        <ele>1351.75</ele>
        <time>2021-09-25T09:42:09Z</time>
      </trkpt>
      <trkpt lat="-25.931136002764106" lon="31.108853006735444">
        <ele>1351.75</ele>
        <time>2021-09-25T09:42:10Z</time>
      </trkpt>
      <trkpt lat="-25.931240022182465" lon="31.108803972601891">
        <ele>1351.75</ele>
        <time>2021-09-25T09:42:11Z</time>
      </trkpt>
      <trkpt lat="-25.931337000802159" lon="31.108729960396886">
        <ele>1351.75</ele>
        <time>2021-09-25T09:42:12Z</time>
      </trkpt>
      <trkpt lat="-25.93142501078546" lon="31.108641028404236">
        <ele>1353.6700000000001</ele>
        <time>2021-09-25T09:42:13Z</time>
      </trkpt>
      <trkpt lat="-25.93151000328362" lon="31.108553018420935">
        <ele>1355.5999999999999</ele>
        <time>2021-09-25T09:42:14Z</time>
      </trkpt>
      <trkpt lat="-25.931804040446877" lon="31.108293011784554">
        <ele>1359.4400000000001</ele>
        <time>2021-09-25T09:42:17Z</time>
      </trkpt>
      <trkpt lat="-25.931933959946036" lon="31.108212964609265">
        <ele>1362.8099999999999</ele>
        <time>2021-09-25T09:42:18Z</time>
      </trkpt>
      <trkpt lat="-25.932075027376413" lon="31.108150016516447">
        <ele>1363.77</ele>
        <time>2021-09-25T09:42:19Z</time>
      </trkpt>
      <trkpt lat="-25.932225985452533" lon="31.108103999868035">
        <ele>1363.29</ele>
        <time>2021-09-25T09:42:20Z</time>
      </trkpt>
      <trkpt lat="-25.932385995984077" lon="31.108072986826301">
        <ele>1364.73</ele>
        <time>2021-09-25T09:42:21Z</time>
      </trkpt>
      <trkpt lat="-25.932552963495255" lon="31.108053037896752">
        <ele>1366.6500000000001</ele>
        <time>2021-09-25T09:42:22Z</time>
      </trkpt>
      <trkpt lat="-25.932889999821782" lon="31.108040967956185">
        <ele>1370.5</ele>
        <time>2021-09-25T09:42:24Z</time>
      </trkpt>
      <trkpt lat="-25.933385035023093" lon="31.108034010976553">
        <ele>1375.3</ele>
        <time>2021-09-25T09:42:27Z</time>
      </trkpt>
      <trkpt lat="-25.933697009459138" lon="31.108041973784566">
        <ele>1378.6700000000001</ele>
        <time>2021-09-25T09:42:29Z</time>
      </trkpt>
      <trkpt lat="-25.933847967535257" lon="31.108062006533146">
        <ele>1379.1500000000001</ele>
        <time>2021-09-25T09:42:30Z</time>
      </trkpt>
      <trkpt lat="-25.933994986116886" lon="31.108093019574881">
        <ele>1380.5899999999999</ele>
        <time>2021-09-25T09:42:31Z</time>
      </trkpt>
      <trkpt lat="-25.934134041890502" lon="31.108139958232641">
        <ele>1382.99</ele>
        <time>2021-09-25T09:42:32Z</time>
      </trkpt>
      <trkpt lat="-25.934263039380312" lon="31.108203995972872">
        <ele>1384.4400000000001</ele>
        <time>2021-09-25T09:42:33Z</time>
      </trkpt>
      <trkpt lat="-25.934383990243077" lon="31.108280019834638">
        <ele>1385.8800000000001</ele>
        <time>2021-09-25T09:42:34Z</time>
      </trkpt>
      <trkpt lat="-25.934495972469449" lon="31.108370963484049">
        <ele>1386.8399999999999</ele>
        <time>2021-09-25T09:42:35Z</time>
      </trkpt>
      <trkpt lat="-25.93460401520133" lon="31.108466014266014">
        <ele>1388.28</ele>
        <time>2021-09-25T09:42:36Z</time>
      </trkpt>
      <trkpt lat="-25.934918001294136" lon="31.108730966225266">
        <ele>1391.6500000000001</ele>
        <time>2021-09-25T09:42:39Z</time>
      </trkpt>
      <trkpt lat="-25.935029983520508" lon="31.108798021450639">
        <ele>1393.0899999999999</ele>
        <time>2021-09-25T09:42:40Z</time>
      </trkpt>
      <trkpt lat="-25.935148000717163" lon="31.108848983421922">
        <ele>1395.97</ele>
        <time>2021-09-25T09:42:41Z</time>
      </trkpt>
      <trkpt lat="-25.93527096323669" lon="31.108883013948798">
        <ele>1396.45</ele>
        <time>2021-09-25T09:42:42Z</time>
      </trkpt>
      <trkpt lat="-25.935401972383261" lon="31.108895000070333">
        <ele>1397.8900000000001</ele>
        <time>2021-09-25T09:42:43Z</time>
      </trkpt>
      <trkpt lat="-25.935539016500115" lon="31.108890976756811">
        <ele>1399.3399999999999</ele>
        <time>2021-09-25T09:42:44Z</time>
      </trkpt>
      <trkpt lat="-25.9356779884547" lon="31.108876978978515">
        <ele>1402.22</ele>
        <time>2021-09-25T09:42:45Z</time>
      </trkpt>
      <trkpt lat="-25.936116026714444" lon="31.108815036714077">
        <ele>1407.99</ele>
        <time>2021-09-25T09:42:48Z</time>
      </trkpt>
      <trkpt lat="-25.936261033639312" lon="31.108781006187201">
        <ele>1409.4300000000001</ele>
        <time>2021-09-25T09:42:49Z</time>
      </trkpt>
      <trkpt lat="-25.936404028907418" lon="31.108729960396886">
        <ele>1413.28</ele>
        <time>2021-09-25T09:42:50Z</time>
      </trkpt>
      <trkpt lat="-25.936546018347144" lon="31.108666006475687">
        <ele>1413.28</ele>
        <time>2021-09-25T09:42:51Z</time>
      </trkpt>
      <trkpt lat="-25.936690019443631" lon="31.108595011755824">
        <ele>1416.1600000000001</ele>
        <time>2021-09-25T09:42:52Z</time>
      </trkpt>
      <trkpt lat="-25.937125040218234" lon="31.108383033424616">
        <ele>1420.49</ele>
        <time>2021-09-25T09:42:55Z</time>
      </trkpt>
      <trkpt lat="-25.937412036582828" lon="31.10826401039958">
        <ele>1423.8499999999999</ele>
        <time>2021-09-25T09:42:57Z</time>
      </trkpt>
      <trkpt lat="-25.937556959688663" lon="31.108227968215942">
        <ele>1423.3699999999999</ele>
        <time>2021-09-25T09:42:58Z</time>
      </trkpt>
      <trkpt lat="-25.937699032947421" lon="31.108217993751168">
        <ele>1425.29</ele>
        <time>2021-09-25T09:42:59Z</time>
      </trkpt>
      <trkpt lat="-25.937835993245244" lon="31.108234003186226">
        <ele>1427.21</ele>
        <time>2021-09-25T09:43:00Z</time>
      </trkpt>
      <trkpt lat="-25.937964990735054" lon="31.108277002349496">
        <ele>1428.6600000000001</ele>
        <time>2021-09-25T09:43:01Z</time>
      </trkpt>
      <trkpt lat="-25.938082002103329" lon="31.10835000872612">
        <ele>1429.1400000000001</ele>
        <time>2021-09-25T09:43:02Z</time>
      </trkpt>
      <trkpt lat="-25.9381939843297" lon="31.108442964032292">
        <ele>1430.0999999999999</ele>
        <time>2021-09-25T09:43:03Z</time>
      </trkpt>
      <trkpt lat="-25.938304038718343" lon="31.108547989279032">
        <ele>1432.5</ele>
        <time>2021-09-25T09:43:04Z</time>
      </trkpt>
      <trkpt lat="-25.938721038401127" lon="31.108935987576842">
        <ele>1435.8699999999999</ele>
        <time>2021-09-25T09:43:08Z</time>
      </trkpt>
      <trkpt lat="-25.938935028389096" lon="31.109087029471993">
        <ele>1436.8299999999999</ele>
        <time>2021-09-25T09:43:10Z</time>
      </trkpt>
      <trkpt lat="-25.93905103392899" lon="31.109128016978502">
        <ele>1439.23</ele>
        <time>2021-09-25T09:43:11Z</time>
      </trkpt>
      <trkpt lat="-25.939170978963375" lon="31.109142014756799">
        <ele>1436.8299999999999</ele>
        <time>2021-09-25T09:43:12Z</time>
      </trkpt>
      <trkpt lat="-25.93928899616003" lon="31.109130028635263">
        <ele>1438.75</ele>
        <time>2021-09-25T09:43:13Z</time>
      </trkpt>
      <trkpt lat="-25.939400978386402" lon="31.109088035300374">
        <ele>1439.23</ele>
        <time>2021-09-25T09:43:14Z</time>
      </trkpt>
      <trkpt lat="-25.93950399197638" lon="31.109018968418241">
        <ele>1440.1900000000001</ele>
        <time>2021-09-25T09:43:15Z</time>
      </trkpt>
      <trkpt lat="-25.939593007788062" lon="31.108927018940449">
        <ele>1440.6700000000001</ele>
        <time>2021-09-25T09:43:16Z</time>
      </trkpt>
      <trkpt lat="-25.939665008336306" lon="31.108816964551806">
        <ele>1439.23</ele>
        <time>2021-09-25T09:43:17Z</time>
      </trkpt>
      <trkpt lat="-25.93971898779273" lon="31.108686961233616">
        <ele>1439.23</ele>
        <time>2021-09-25T09:43:18Z</time>
      </trkpt>
      <trkpt lat="-25.939753018319607" lon="31.108542960137129">
        <ele>1440.1900000000001</ele>
        <time>2021-09-25T09:43:19Z</time>
      </trkpt>
      <trkpt lat="-25.939766010269523" lon="31.108384039252996">
        <ele>1439.71</ele>
        <time>2021-09-25T09:43:20Z</time>
      </trkpt>
      <trkpt lat="-25.939763998612761" lon="31.108212964609265">
        <ele>1437.79</ele>
        <time>2021-09-25T09:43:21Z</time>
      </trkpt>
      <trkpt lat="-25.939752012491226" lon="31.108025964349508">
        <ele>1436.3499999999999</ele>
        <time>2021-09-25T09:43:22Z</time>
      </trkpt>
      <trkpt lat="-25.93973801471293" lon="31.107825972139835">
        <ele>1436.3499999999999</ele>
        <time>2021-09-25T09:43:23Z</time>
      </trkpt>
      <trkpt lat="-25.939671965315938" lon="31.10718903131783">
        <ele>1431.54</ele>
        <time>2021-09-25T09:43:26Z</time>
      </trkpt>
      <trkpt lat="-25.939636006951332" lon="31.106788963079453">
        <ele>1426.73</ele>
        <time>2021-09-25T09:43:28Z</time>
      </trkpt>
      <trkpt lat="-25.939622009173036" lon="31.106615960597992">
        <ele>1427.21</ele>
        <time>2021-09-25T09:43:29Z</time>
      </trkpt>
      <trkpt lat="-25.939625026658177" lon="31.106315972283483">
        <ele>1422.8900000000001</ele>
        <time>2021-09-25T09:43:31Z</time>
      </trkpt>
      <trkpt lat="-25.939665008336306" lon="31.106181023642421">
        <ele>1420.97</ele>
        <time>2021-09-25T09:43:32Z</time>
      </trkpt>
      <trkpt lat="-25.939730973914266" lon="31.106054037809372">
        <ele>1420</ele>
        <time>2021-09-25T09:43:33Z</time>
      </trkpt>
      <trkpt lat="-25.939818983897567" lon="31.105930991470814">
        <ele>1418.5599999999999</ele>
        <time>2021-09-25T09:43:34Z</time>
      </trkpt>
      <trkpt lat="-25.939919985830784" lon="31.105810040608048">
        <ele>1418.0799999999999</ele>
        <time>2021-09-25T09:43:35Z</time>
      </trkpt>
      <trkpt lat="-25.940034985542297" lon="31.105684982612729">
        <ele>1417.5999999999999</ele>
        <time>2021-09-25T09:43:36Z</time>
      </trkpt>
      <trkpt lat="-25.940311001613736" lon="31.10540603287518">
        <ele>1412.79</ele>
        <time>2021-09-25T09:43:38Z</time>
      </trkpt>
      <trkpt lat="-25.940730012953281" lon="31.105005964636803">
        <ele>1407.99</ele>
        <time>2021-09-25T09:43:41Z</time>
      </trkpt>
      <trkpt lat="-25.940858004614711" lon="31.10489197075367">
        <ele>1407.99</ele>
        <time>2021-09-25T09:43:42Z</time>
      </trkpt>
      <trkpt lat="-25.940971998497844" lon="31.104786023497581">
        <ele>1405.0999999999999</ele>
        <time>2021-09-25T09:43:43Z</time>
      </trkpt>
      <trkpt lat="-25.941170984879136" lon="31.104622995480895">
        <ele>1402.22</ele>
        <time>2021-09-25T09:43:45Z</time>
      </trkpt>
      <trkpt lat="-25.941265029832721" lon="31.104579996317625">
        <ele>1402.22</ele>
        <time>2021-09-25T09:43:46Z</time>
      </trkpt>
      <trkpt lat="-25.941367037594318" lon="31.104573039337993">
        <ele>1401.26</ele>
        <time>2021-09-25T09:43:47Z</time>
      </trkpt>
      <trkpt lat="-25.941472984850407" lon="31.104602962732315">
        <ele>1400.3</ele>
        <time>2021-09-25T09:43:48Z</time>
      </trkpt>
      <trkpt lat="-25.941583039239049" lon="31.104658031836152">
        <ele>1399.3399999999999</ele>
        <time>2021-09-25T09:43:49Z</time>
      </trkpt>
      <trkpt lat="-25.941698038950562" lon="31.104721985757351">
        <ele>1398.3699999999999</ele>
        <time>2021-09-25T09:43:50Z</time>
      </trkpt>
      <trkpt lat="-25.942239006981254" lon="31.105025997385383">
        <ele>1397.8900000000001</ele>
        <time>2021-09-25T09:43:54Z</time>
      </trkpt>
      <trkpt lat="-25.942702023312449" lon="31.105223977938294">
        <ele>1396.45</ele>
        <time>2021-09-25T09:43:57Z</time>
      </trkpt>
      <trkpt lat="-25.943162022158504" lon="31.105377031490207">
        <ele>1394.53</ele>
        <time>2021-09-25T09:44:00Z</time>
      </trkpt>
      <trkpt lat="-25.943292025476694" lon="31.10542899928987">
        <ele>1394.53</ele>
        <time>2021-09-25T09:44:01Z</time>
      </trkpt>
      <trkpt lat="-25.943397972732782" lon="31.105497982352972">
        <ele>1394.05</ele>
        <time>2021-09-25T09:44:02Z</time>
      </trkpt>
      <trkpt lat="-25.943473996594548" lon="31.105585992336273">
        <ele>1394.05</ele>
        <time>2021-09-25T09:44:03Z</time>
      </trkpt>
      <trkpt lat="-25.943521019071341" lon="31.105683976784348">
        <ele>1394.53</ele>
        <time>2021-09-25T09:44:04Z</time>
      </trkpt>
      <trkpt lat="-25.943539040163159" lon="31.105782967060804">
        <ele>1395.49</ele>
        <time>2021-09-25T09:44:05Z</time>
      </trkpt>
      <trkpt lat="-25.943537028506398" lon="31.105880029499531">
        <ele>1395.49</ele>
        <time>2021-09-25T09:44:06Z</time>
      </trkpt>
      <trkpt lat="-25.943529987707734" lon="31.105982037261128">
        <ele>1394.53</ele>
        <time>2021-09-25T09:44:07Z</time>
      </trkpt>
      <trkpt lat="-25.943498974665999" lon="31.106214970350266">
        <ele>1391.6500000000001</ele>
        <time>2021-09-25T09:44:09Z</time>
      </trkpt>
      <trkpt lat="-25.943446001037955" lon="31.106334999203682">
        <ele>1390.2</ele>
        <time>2021-09-25T09:44:10Z</time>
      </trkpt>
      <trkpt lat="-25.943323960527778" lon="31.106544965878129">
        <ele>1387.8</ele>
        <time>2021-09-25T09:44:12Z</time>
      </trkpt>
      <trkpt lat="-25.943303005769849" lon="31.106639010831714">
        <ele>1386.3599999999999</ele>
        <time>2021-09-25T09:44:13Z</time>
      </trkpt>
      <trkpt lat="-25.943312980234623" lon="31.106728026643395">
        <ele>1385.8800000000001</ele>
        <time>2021-09-25T09:44:14Z</time>
      </trkpt>
      <trkpt lat="-25.943355979397893" lon="31.106807989999652">
        <ele>1385.8800000000001</ele>
        <time>2021-09-25T09:44:15Z</time>
      </trkpt>
      <trkpt lat="-25.943425968289375" lon="31.106880996376276">
        <ele>1383.96</ele>
        <time>2021-09-25T09:44:16Z</time>
      </trkpt>
      <trkpt lat="-25.943510960787535" lon="31.106951991096139">
        <ele>1385.8800000000001</ele>
        <time>2021-09-25T09:44:17Z</time>
      </trkpt>
      <trkpt lat="-25.943608023226261" lon="31.107023991644382">
        <ele>1384.4400000000001</ele>
        <time>2021-09-25T09:44:18Z</time>
      </trkpt>
      <trkpt lat="-25.943710030987859" lon="31.107089035212994">
        <ele>1381.55</ele>
        <time>2021-09-25T09:44:19Z</time>
      </trkpt>
      <trkpt lat="-25.943824024870992" lon="31.107134968042374">
        <ele>1381.55</ele>
        <time>2021-09-25T09:44:20Z</time>
      </trkpt>
      <trkpt lat="-25.943951010704041" lon="31.107160029932857">
        <ele>1381.0699999999999</ele>
        <time>2021-09-25T09:44:21Z</time>
      </trkpt>
      <trkpt lat="-25.944536989554763" lon="31.107268994674087">
        <ele>1377.23</ele>
        <time>2021-09-25T09:44:25Z</time>
      </trkpt>
      <trkpt lat="-25.944819962605834" lon="31.107354993000627">
        <ele>1374.3399999999999</ele>
        <time>2021-09-25T09:44:27Z</time>
      </trkpt>
      <trkpt lat="-25.945078041404486" lon="31.107464041560888">
        <ele>1370.5</ele>
        <time>2021-09-25T09:44:29Z</time>
      </trkpt>
      <trkpt lat="-25.94541298225522" lon="31.107661016285419">
        <ele>1366.1700000000001</ele>
        <time>2021-09-25T09:44:32Z</time>
      </trkpt>
      <trkpt lat="-25.945493029430509" lon="31.107757994905114">
        <ele>1365.21</ele>
        <time>2021-09-25T09:44:33Z</time>
      </trkpt>
      <trkpt lat="-25.945554971694946" lon="31.107881963253021">
        <ele>1363.29</ele>
        <time>2021-09-25T09:44:34Z</time>
      </trkpt>
      <trkpt lat="-25.94560501165688" lon="31.108027976006269">
        <ele>1361.3599999999999</ele>
        <time>2021-09-25T09:44:35Z</time>
      </trkpt>
      <trkpt lat="-25.945658991113305" lon="31.108167031779885">
        <ele>1358.48</ele>
        <time>2021-09-25T09:44:36Z</time>
      </trkpt>
      <trkpt lat="-25.945719005540013" lon="31.108298040926456">
        <ele>1358.96</ele>
        <time>2021-09-25T09:44:37Z</time>
      </trkpt>
      <trkpt lat="-25.94577600248158" lon="31.108418991789222">
        <ele>1356.5599999999999</ele>
        <time>2021-09-25T09:44:38Z</time>
      </trkpt>
      <trkpt lat="-25.945816989988089" lon="31.108536003157496">
        <ele>1355.5999999999999</ele>
        <time>2021-09-25T09:44:39Z</time>
      </trkpt>
      <trkpt lat="-25.945831993594766" lon="31.108656032010913">
        <ele>1352.23</ele>
        <time>2021-09-25T09:44:40Z</time>
      </trkpt>
      <trkpt lat="-25.945824030786753" lon="31.108776982873678">
        <ele>1350.79</ele>
        <time>2021-09-25T09:44:41Z</time>
      </trkpt>
      <trkpt lat="-25.945800980553031" lon="31.108900029212236">
        <ele>1349.3499999999999</ele>
        <time>2021-09-25T09:44:42Z</time>
      </trkpt>
      <trkpt lat="-25.945768039673567" lon="31.109029026702046">
        <ele>1348.3900000000001</ele>
        <time>2021-09-25T09:44:43Z</time>
      </trkpt>
      <trkpt lat="-25.945700984448195" lon="31.109304958954453">
        <ele>1345.02</ele>
        <time>2021-09-25T09:44:45Z</time>
      </trkpt>
      <trkpt lat="-25.945682041347027" lon="31.109433034434915">
        <ele>1344.0599999999999</ele>
        <time>2021-09-25T09:44:46Z</time>
      </trkpt>
      <trkpt lat="-25.945673994719982" lon="31.109549961984158">
        <ele>1343.5799999999999</ele>
        <time>2021-09-25T09:44:47Z</time>
      </trkpt>
      <trkpt lat="-25.945682041347027" lon="31.109658004716039">
        <ele>1343.0999999999999</ele>
        <time>2021-09-25T09:44:48Z</time>
      </trkpt>
      <trkpt lat="-25.945709031075239" lon="31.109758000820875">
        <ele>1343.0999999999999</ele>
        <time>2021-09-25T09:44:49Z</time>
      </trkpt>
      <trkpt lat="-25.945754963904619" lon="31.109848022460938">
        <ele>1342.1400000000001</ele>
        <time>2021-09-25T09:44:50Z</time>
      </trkpt>
      <trkpt lat="-25.94582000747323" lon="31.109922034665942">
        <ele>1344.0599999999999</ele>
        <time>2021-09-25T09:44:51Z</time>
      </trkpt>
      <trkpt lat="-25.945898965001106" lon="31.109978025779128">
        <ele>1345.02</ele>
        <time>2021-09-25T09:44:52Z</time>
      </trkpt>
      <trkpt lat="-25.945996027439833" lon="31.110015995800495">
        <ele>1345.98</ele>
        <time>2021-09-25T09:44:53Z</time>
      </trkpt>
      <trkpt lat="-25.946109015494585" lon="31.110046003013849">
        <ele>1346.9400000000001</ele>
        <time>2021-09-25T09:44:54Z</time>
      </trkpt>
      <trkpt lat="-25.946224015206099" lon="31.1100709810853">
        <ele>1346.46</ele>
        <time>2021-09-25T09:44:55Z</time>
      </trkpt>
      <trkpt lat="-25.946429036557674" lon="31.11013300716877">
        <ele>1345.02</ele>
        <time>2021-09-25T09:44:57Z</time>
      </trkpt>
      <trkpt lat="-25.946510005742311" lon="31.110188998281956">
        <ele>1343.5799999999999</ele>
        <time>2021-09-25T09:44:58Z</time>
      </trkpt>
      <trkpt lat="-25.946561973541975" lon="31.110268961638212">
        <ele>1343.5799999999999</ele>
        <time>2021-09-25T09:44:59Z</time>
      </trkpt>
      <trkpt lat="-25.946590974926949" lon="31.1103490088135">
        <ele>1342.6199999999999</ele>
        <time>2021-09-25T09:45:00Z</time>
      </trkpt>
      <trkpt lat="-25.946576977148652" lon="31.110439030453563">
        <ele>1342.6199999999999</ele>
        <time>2021-09-25T09:45:01Z</time>
      </trkpt>
      <trkpt lat="-25.94653096050024" lon="31.110524022951722">
        <ele>1342.1400000000001</ele>
        <time>2021-09-25T09:45:02Z</time>
      </trkpt>
      <trkpt lat="-25.946462983265519" lon="31.11060700379312">
        <ele>1341.6600000000001</ele>
        <time>2021-09-25T09:45:03Z</time>
      </trkpt>
      <trkpt lat="-25.946392994374037" lon="31.110701970756054">
        <ele>1341.1800000000001</ele>
        <time>2021-09-25T09:45:04Z</time>
      </trkpt>
      <trkpt lat="-25.946341026574373" lon="31.110808001831174">
        <ele>1340.22</ele>
        <time>2021-09-25T09:45:05Z</time>
      </trkpt>
      <trkpt lat="-25.946320993825793" lon="31.110917972400784">
        <ele>1338.29</ele>
        <time>2021-09-25T09:45:06Z</time>
      </trkpt>
      <trkpt lat="-25.946326022967696" lon="31.111026015132666">
        <ele>1337.3299999999999</ele>
        <time>2021-09-25T09:45:07Z</time>
      </trkpt>
      <trkpt lat="-25.946362987160683" lon="31.111128022894263">
        <ele>1336.3699999999999</ele>
        <time>2021-09-25T09:45:08Z</time>
      </trkpt>
      <trkpt lat="-25.946432976052165" lon="31.111209997907281">
        <ele>1335.8900000000001</ele>
        <time>2021-09-25T09:45:09Z</time>
      </trkpt>
      <trkpt lat="-25.94652802683413" lon="31.11127101816237">
        <ele>1335.8900000000001</ele>
        <time>2021-09-25T09:45:10Z</time>
      </trkpt>
      <trkpt lat="-25.946640009060502" lon="31.111320974305272">
        <ele>1336.3699999999999</ele>
        <time>2021-09-25T09:45:11Z</time>
      </trkpt>
      <trkpt lat="-25.946757020428777" lon="31.111375959590077">
        <ele>1336.8499999999999</ele>
        <time>2021-09-25T09:45:12Z</time>
      </trkpt>
      <trkpt lat="-25.946869002655149" lon="31.111446032300591">
        <ele>1336.3699999999999</ele>
        <time>2021-09-25T09:45:13Z</time>
      </trkpt>
      <trkpt lat="-25.947249960154295" lon="31.111777033656836">
        <ele>1332.52</ele>
        <time>2021-09-25T09:45:17Z</time>
      </trkpt>
      <trkpt lat="-25.947303017601371" lon="31.111883986741304">
        <ele>1332.04</ele>
        <time>2021-09-25T09:45:18Z</time>
      </trkpt>
      <trkpt lat="-25.9473239723593" lon="31.111998986452818">
        <ele>1331.0799999999999</ele>
        <time>2021-09-25T09:45:19Z</time>
      </trkpt>
      <trkpt lat="-25.947319027036428" lon="31.112112980335951">
        <ele>1329.1600000000001</ele>
        <time>2021-09-25T09:45:20Z</time>
      </trkpt>
      <trkpt lat="-25.947290025651455" lon="31.112219011411071">
        <ele>1327.72</ele>
        <time>2021-09-25T09:45:21Z</time>
      </trkpt>
      <trkpt lat="-25.947235962375998" lon="31.112315990030766">
        <ele>1325.8</ele>
        <time>2021-09-25T09:45:22Z</time>
      </trkpt>
      <trkpt lat="-25.947154993191361" lon="31.112400982528925">
        <ele>1324.3499999999999</ele>
        <time>2021-09-25T09:45:23Z</time>
      </trkpt>
      <trkpt lat="-25.947050973773003" lon="31.112464014440775">
        <ele>1323.3900000000001</ele>
        <time>2021-09-25T09:45:24Z</time>
      </trkpt>
      <trkpt lat="-25.946923987939954" lon="31.112503996118903">
        <ele>1322.4300000000001</ele>
        <time>2021-09-25T09:45:25Z</time>
      </trkpt>
      <trkpt lat="-25.946775041520596" lon="31.112528974190354">
        <ele>1321.95</ele>
        <time>2021-09-25T09:45:26Z</time>
      </trkpt>
      <trkpt lat="-25.946612013503909" lon="31.112556969746947">
        <ele>1320.51</ele>
        <time>2021-09-25T09:45:27Z</time>
      </trkpt>
      <trkpt lat="-25.94644102267921" lon="31.112612038850784">
        <ele>1320.51</ele>
        <time>2021-09-25T09:45:28Z</time>
      </trkpt>
      <trkpt lat="-25.946259973570704" lon="31.112700970843434">
        <ele>1320.51</ele>
        <time>2021-09-25T09:45:29Z</time>
      </trkpt>
      <trkpt lat="-25.946072973310947" lon="31.112809013575315">
        <ele>1320.03</ele>
        <time>2021-09-25T09:45:30Z</time>
      </trkpt>
      <trkpt lat="-25.945572992786765" lon="31.113132974132895">
        <ele>1315.22</ele>
        <time>2021-09-25T09:45:33Z</time>
      </trkpt>
      <trkpt lat="-25.945431003347039" lon="31.113244034349918">
        <ele>1313.3</ele>
        <time>2021-09-25T09:45:34Z</time>
      </trkpt>
      <trkpt lat="-25.945305023342371" lon="31.113360961899161">
        <ele>1312.3399999999999</ele>
        <time>2021-09-25T09:45:35Z</time>
      </trkpt>
      <trkpt lat="-25.945203015580773" lon="31.113475039601326">
        <ele>1310.9000000000001</ele>
        <time>2021-09-25T09:45:36Z</time>
      </trkpt>
      <trkpt lat="-25.945125985890627" lon="31.113585010170937">
        <ele>1310.9000000000001</ele>
        <time>2021-09-25T09:45:37Z</time>
      </trkpt>
      <trkpt lat="-25.945060020312667" lon="31.113691963255405">
        <ele>1310.9000000000001</ele>
        <time>2021-09-25T09:45:38Z</time>
      </trkpt>
      <trkpt lat="-25.944761959835887" lon="31.114276014268398">
        <ele>1313.78</ele>
        <time>2021-09-25T09:45:43Z</time>
      </trkpt>
      <trkpt lat="-25.944520980119705" lon="31.115031978115439">
        <ele>1313.78</ele>
        <time>2021-09-25T09:45:49Z</time>
      </trkpt>
      <trkpt lat="-25.944464989006519" lon="31.115127028897405">
        <ele>1313.78</ele>
        <time>2021-09-25T09:45:50Z</time>
      </trkpt>
      <trkpt lat="-25.944389970973134" lon="31.115219984203577">
        <ele>1313.78</ele>
        <time>2021-09-25T09:45:51Z</time>
      </trkpt>
      <trkpt lat="-25.944292992353439" lon="31.115314029157162">
        <ele>1314.26</ele>
        <time>2021-09-25T09:45:52Z</time>
      </trkpt>
      <trkpt lat="-25.94418603926897" lon="31.115410001948476">
        <ele>1313.3</ele>
        <time>2021-09-25T09:45:53Z</time>
      </trkpt>
      <trkpt lat="-25.943976994603872" lon="31.115595996379852">
        <ele>1312.3399999999999</ele>
        <time>2021-09-25T09:45:55Z</time>
      </trkpt>
      <trkpt lat="-25.943798962980509" lon="31.115792971104383">
        <ele>1312.8199999999999</ele>
        <time>2021-09-25T09:45:57Z</time>
      </trkpt>
      <trkpt lat="-25.943655967712402" lon="31.116014001891017">
        <ele>1314.74</ele>
        <time>2021-09-25T09:45:59Z</time>
      </trkpt>
      <trkpt lat="-25.943603999912739" lon="31.116138976067305">
        <ele>1316.6600000000001</ele>
        <time>2021-09-25T09:46:00Z</time>
      </trkpt>
      <trkpt lat="-25.943487994372845" lon="31.11653602682054">
        <ele>1320.99</ele>
        <time>2021-09-25T09:46:03Z</time>
      </trkpt>
      <trkpt lat="-25.943360002711415" lon="31.11707397736609">
        <ele>1322.9100000000001</ele>
        <time>2021-09-25T09:46:08Z</time>
      </trkpt>
      <trkpt lat="-25.943295964971185" lon="31.117355022579432">
        <ele>1324.3499999999999</ele>
        <time>2021-09-25T09:46:11Z</time>
      </trkpt>
      <trkpt lat="-25.943250032141805" lon="31.117680994793773">
        <ele>1322.4300000000001</ele>
        <time>2021-09-25T09:46:17Z</time>
      </trkpt>
      <trkpt lat="-25.943251959979534" lon="31.117698010057211">
        <ele>1321.95</ele>
        <time>2021-09-25T09:46:18Z</time>
      </trkpt>
      <trkpt lat="-25.943251037970185" lon="31.117720976471901">
        <ele>1322.4300000000001</ele>
        <time>2021-09-25T09:46:19Z</time>
      </trkpt>
      <trkpt lat="-25.943256989121437" lon="31.117810998111963">
        <ele>1321.47</ele>
        <time>2021-09-25T09:46:22Z</time>
      </trkpt>
      <trkpt lat="-25.943290013819933" lon="31.117791971191764">
        <ele>1320.99</ele>
        <time>2021-09-25T09:46:27Z</time>
      </trkpt>
      <trkpt lat="-25.943291019648314" lon="31.117793982848525">
        <ele>1321.47</ele>
        <time>2021-09-25T09:47:58Z</time>
      </trkpt>
      <trkpt lat="-25.943285990506411" lon="31.117793982848525">
        <ele>1321.95</ele>
        <time>2021-09-25T09:50:32Z</time>
      </trkpt>
      <trkpt lat="-25.943297976627946" lon="31.117484020069242">
        <ele>1323.8699999999999</ele>
        <time>2021-09-25T09:50:38Z</time>
      </trkpt>
      <trkpt lat="-25.943324966356158" lon="31.117372959852219">
        <ele>1323.8699999999999</ele>
        <time>2021-09-25T09:50:40Z</time>
      </trkpt>
      <trkpt lat="-25.943355979397893" lon="31.117286961525679">
        <ele>1323.3900000000001</ele>
        <time>2021-09-25T09:50:45Z</time>
      </trkpt>
      <trkpt lat="-25.943362014368176" lon="31.117287967354059">
        <ele>1323.8699999999999</ele>
        <time>2021-09-25T09:51:45Z</time>
      </trkpt>
      <trkpt lat="-25.943392021581531" lon="31.117171039804816">
        <ele>1325.3099999999999</ele>
        <time>2021-09-25T10:18:17Z</time>
      </trkpt>
      <trkpt lat="-25.943427979946136" lon="31.116909021511674">
        <ele>1323.8699999999999</ele>
        <time>2021-09-25T10:18:22Z</time>
      </trkpt>
      <trkpt lat="-25.943484976887703" lon="31.116663012653589">
        <ele>1321.95</ele>
        <time>2021-09-25T10:18:26Z</time>
      </trkpt>
      <trkpt lat="-25.943613974377513" lon="31.116174012422562">
        <ele>1318.5899999999999</ele>
        <time>2021-09-25T10:18:33Z</time>
      </trkpt>
      <trkpt lat="-25.94364901073277" lon="31.116083990782499">
        <ele>1317.6199999999999</ele>
        <time>2021-09-25T10:18:34Z</time>
      </trkpt>
      <trkpt lat="-25.943856965750456" lon="31.115727005526423">
        <ele>1314.74</ele>
        <time>2021-09-25T10:18:38Z</time>
      </trkpt>
      <trkpt lat="-25.944396005943418" lon="31.115229958668351">
        <ele>1316.1800000000001</ele>
        <time>2021-09-25T10:18:43Z</time>
      </trkpt>
      <trkpt lat="-25.944468006491661" lon="31.115134991705418">
        <ele>1315.7</ele>
        <time>2021-09-25T10:18:44Z</time>
      </trkpt>
      <trkpt lat="-25.94453003257513" lon="31.115030972287059">
        <ele>1316.1800000000001</ele>
        <time>2021-09-25T10:18:45Z</time>
      </trkpt>
      <trkpt lat="-25.944576971232891" lon="31.114912033081055">
        <ele>1315.7</ele>
        <time>2021-09-25T10:18:46Z</time>
      </trkpt>
      <trkpt lat="-25.944619970396161" lon="31.114779012277722">
        <ele>1316.6600000000001</ele>
        <time>2021-09-25T10:18:47Z</time>
      </trkpt>
      <trkpt lat="-25.944974021986127" lon="31.11387100070715">
        <ele>1315.22</ele>
        <time>2021-09-25T10:18:53Z</time>
      </trkpt>
      <trkpt lat="-25.945149036124349" lon="31.113588027656078">
        <ele>1314.26</ele>
        <time>2021-09-25T10:18:55Z</time>
      </trkpt>
      <trkpt lat="-25.945348022505641" lon="31.113331960514188">
        <ele>1312.8199999999999</ele>
        <time>2021-09-25T10:18:57Z</time>
      </trkpt>
      <trkpt lat="-25.945460004732013" lon="31.113228024914861">
        <ele>1313.78</ele>
        <time>2021-09-25T10:18:58Z</time>
      </trkpt>
      <trkpt lat="-25.94558103941381" lon="31.113138003274798">
        <ele>1314.26</ele>
        <time>2021-09-25T10:18:59Z</time>
      </trkpt>
      <trkpt lat="-25.945986974984407" lon="31.112874979153275">
        <ele>1317.6199999999999</ele>
        <time>2021-09-25T10:19:02Z</time>
      </trkpt>
      <trkpt lat="-25.946559961885214" lon="31.112571973353624">
        <ele>1320.99</ele>
        <time>2021-09-25T10:19:06Z</time>
      </trkpt>
      <trkpt lat="-25.946711003780365" lon="31.112534003332257">
        <ele>1321.95</ele>
        <time>2021-09-25T10:19:07Z</time>
      </trkpt>
      <trkpt lat="-25.947005962952971" lon="31.112481029704213">
        <ele>1323.3900000000001</ele>
        <time>2021-09-25T10:19:09Z</time>
      </trkpt>
      <trkpt lat="-25.947120962664485" lon="31.112434007227421">
        <ele>1324.8299999999999</ele>
        <time>2021-09-25T10:19:10Z</time>
      </trkpt>
      <trkpt lat="-25.947206960991025" lon="31.112371981143951">
        <ele>1325.8</ele>
        <time>2021-09-25T10:19:11Z</time>
      </trkpt>
      <trkpt lat="-25.947260018438101" lon="31.112297968938947">
        <ele>1326.28</ele>
        <time>2021-09-25T10:19:12Z</time>
      </trkpt>
      <trkpt lat="-25.947293965145946" lon="31.112219011411071">
        <ele>1328.2</ele>
        <time>2021-09-25T10:19:13Z</time>
      </trkpt>
      <trkpt lat="-25.94732103869319" lon="31.112137958407402">
        <ele>1329.1600000000001</ele>
        <time>2021-09-25T10:19:14Z</time>
      </trkpt>
      <trkpt lat="-25.947337970137596" lon="31.112051960080862">
        <ele>1330.1199999999999</ele>
        <time>2021-09-25T10:19:15Z</time>
      </trkpt>
      <trkpt lat="-25.947337970137596" lon="31.111962022259831">
        <ele>1331.0799999999999</ele>
        <time>2021-09-25T10:19:16Z</time>
      </trkpt>
      <trkpt lat="-25.947318021208048" lon="31.11187401227653">
        <ele>1332.04</ele>
        <time>2021-09-25T10:19:17Z</time>
      </trkpt>
      <trkpt lat="-25.94727803952992" lon="31.111789019778371">
        <ele>1333.01</ele>
        <time>2021-09-25T10:19:18Z</time>
      </trkpt>
      <trkpt lat="-25.947221964597702" lon="31.111706960946321">
        <ele>1334.45</ele>
        <time>2021-09-25T10:19:19Z</time>
      </trkpt>
      <trkpt lat="-25.947157004848123" lon="31.111632026731968">
        <ele>1335.4100000000001</ele>
        <time>2021-09-25T10:19:20Z</time>
      </trkpt>
      <trkpt lat="-25.947082992643118" lon="31.111566983163357">
        <ele>1336.3699999999999</ele>
        <time>2021-09-25T10:19:21Z</time>
      </trkpt>
      <trkpt lat="-25.947005962952971" lon="31.111506968736649">
        <ele>1337.3299999999999</ele>
        <time>2021-09-25T10:19:22Z</time>
      </trkpt>
      <trkpt lat="-25.946778981015086" lon="31.111330026760697">
        <ele>1338.77</ele>
        <time>2021-09-25T10:19:25Z</time>
      </trkpt>
      <trkpt lat="-25.946691976860166" lon="31.111287027597427">
        <ele>1338.77</ele>
        <time>2021-09-25T10:19:26Z</time>
      </trkpt>
      <trkpt lat="-25.946597009897232" lon="31.11125199124217">
        <ele>1339.25</ele>
        <time>2021-09-25T10:19:27Z</time>
      </trkpt>
      <trkpt lat="-25.946501959115267" lon="31.111214021220803">
        <ele>1338.29</ele>
        <time>2021-09-25T10:19:28Z</time>
      </trkpt>
      <trkpt lat="-25.94642098993063" lon="31.111162975430489">
        <ele>1338.29</ele>
        <time>2021-09-25T10:19:29Z</time>
      </trkpt>
      <trkpt lat="-25.946358041837811" lon="31.111102038994431">
        <ele>1337.3299999999999</ele>
        <time>2021-09-25T10:19:30Z</time>
      </trkpt>
      <trkpt lat="-25.94631596468389" lon="31.111031966283917">
        <ele>1338.29</ele>
        <time>2021-09-25T10:19:31Z</time>
      </trkpt>
      <trkpt lat="-25.946300961077213" lon="31.110953008756042">
        <ele>1339.25</ele>
        <time>2021-09-25T10:19:32Z</time>
      </trkpt>
      <trkpt lat="-25.946308001875877" lon="31.110869022086263">
        <ele>1339.73</ele>
        <time>2021-09-25T10:19:33Z</time>
      </trkpt>
      <trkpt lat="-25.946331974118948" lon="31.110782017931342">
        <ele>1340.22</ele>
        <time>2021-09-25T10:19:34Z</time>
      </trkpt>
      <trkpt lat="-25.946374973282218" lon="31.110694007948041">
        <ele>1341.1800000000001</ele>
        <time>2021-09-25T10:19:35Z</time>
      </trkpt>
      <trkpt lat="-25.946439011022449" lon="31.110612032935023">
        <ele>1341.6600000000001</ele>
        <time>2021-09-25T10:19:36Z</time>
      </trkpt>
      <trkpt lat="-25.946508999913931" lon="31.110535003244877">
        <ele>1343.0999999999999</ele>
        <time>2021-09-25T10:19:37Z</time>
      </trkpt>
      <trkpt lat="-25.946563985198736" lon="31.11045403406024">
        <ele>1343.5799999999999</ele>
        <time>2021-09-25T10:19:38Z</time>
      </trkpt>
      <trkpt lat="-25.946586029604077" lon="31.11037096939981">
        <ele>1344.0599999999999</ele>
        <time>2021-09-25T10:19:39Z</time>
      </trkpt>
      <trkpt lat="-25.946577982977033" lon="31.110288994386792">
        <ele>1344.54</ele>
        <time>2021-09-25T10:19:40Z</time>
      </trkpt>
      <trkpt lat="-25.946539007127285" lon="31.110210036858916">
        <ele>1345.02</ele>
        <time>2021-09-25T10:19:41Z</time>
      </trkpt>
      <trkpt lat="-25.946475975215435" lon="31.110138958320022">
        <ele>1345.98</ele>
        <time>2021-09-25T10:19:42Z</time>
      </trkpt>
      <trkpt lat="-25.946391988545656" lon="31.110086990520358">
        <ele>1345.98</ele>
        <time>2021-09-25T10:19:43Z</time>
      </trkpt>
      <trkpt lat="-25.946288974955678" lon="31.110052959993482">
        <ele>1347.4300000000001</ele>
        <time>2021-09-25T10:19:44Z</time>
      </trkpt>
      <trkpt lat="-25.946175986900926" lon="31.11002798192203">
        <ele>1347.9100000000001</ele>
        <time>2021-09-25T10:19:45Z</time>
      </trkpt>
      <trkpt lat="-25.945954034104943" lon="31.109971990808845">
        <ele>1348.8699999999999</ele>
        <time>2021-09-25T10:19:47Z</time>
      </trkpt>
      <trkpt lat="-25.945859989151359" lon="31.109931003302336">
        <ele>1349.3499999999999</ele>
        <time>2021-09-25T10:19:48Z</time>
      </trkpt>
      <trkpt lat="-25.945779019966722" lon="31.10987501218915">
        <ele>1348.8699999999999</ele>
        <time>2021-09-25T10:19:49Z</time>
      </trkpt>
      <trkpt lat="-25.945571986958385" lon="31.10968398861587">
        <ele>1346.9400000000001</ele>
        <time>2021-09-25T10:19:52Z</time>
      </trkpt>
      <trkpt lat="-25.945532005280256" lon="31.109600001946092">
        <ele>1345.98</ele>
        <time>2021-09-25T10:19:53Z</time>
      </trkpt>
      <trkpt lat="-25.94549797475338" lon="31.109520960599184">
        <ele>1346.46</ele>
        <time>2021-09-25T10:19:54Z</time>
      </trkpt>
      <trkpt lat="-25.945477019995451" lon="31.109433034434915">
        <ele>1346.9400000000001</ele>
        <time>2021-09-25T10:19:55Z</time>
      </trkpt>
      <trkpt lat="-25.94549898058176" lon="31.109299007803202">
        <ele>1347.4300000000001</ele>
        <time>2021-09-25T10:19:56Z</time>
      </trkpt>
      <trkpt lat="-25.945538962259889" lon="31.109156012535095">
        <ele>1347.9100000000001</ele>
        <time>2021-09-25T10:19:57Z</time>
      </trkpt>
      <trkpt lat="-25.945576010271907" lon="31.109023997560143">
        <ele>1349.3499999999999</ele>
        <time>2021-09-25T10:19:58Z</time>
      </trkpt>
      <trkpt lat="-25.945601994171739" lon="31.108902040868998">
        <ele>1350.79</ele>
        <time>2021-09-25T10:19:59Z</time>
      </trkpt>
      <trkpt lat="-25.945612974464893" lon="31.108784023672342">
        <ele>1352.71</ele>
        <time>2021-09-25T10:20:00Z</time>
      </trkpt>
      <trkpt lat="-25.945606017485261" lon="31.108663994818926">
        <ele>1353.1900000000001</ele>
        <time>2021-09-25T10:20:01Z</time>
      </trkpt>
      <trkpt lat="-25.945578021928668" lon="31.108545977622271">
        <ele>1355.5999999999999</ele>
        <time>2021-09-25T10:20:02Z</time>
      </trkpt>
      <trkpt lat="-25.945546003058553" lon="31.108424020931125">
        <ele>1357.04</ele>
        <time>2021-09-25T10:20:03Z</time>
      </trkpt>
      <trkpt lat="-25.94549797475338" lon="31.108298040926456">
        <ele>1358.96</ele>
        <time>2021-09-25T10:20:04Z</time>
      </trkpt>
      <trkpt lat="-25.945465033873916" lon="31.108148004859686">
        <ele>1360.4000000000001</ele>
        <time>2021-09-25T10:20:05Z</time>
      </trkpt>
      <trkpt lat="-25.94536897726357" lon="31.10785698518157">
        <ele>1362.8099999999999</ele>
        <time>2021-09-25T10:20:07Z</time>
      </trkpt>
      <trkpt lat="-25.945289013907313" lon="31.107753971591592">
        <ele>1364.73</ele>
        <time>2021-09-25T10:20:08Z</time>
      </trkpt>
      <trkpt lat="-25.945195974782109" lon="31.107677025720477">
        <ele>1366.6500000000001</ele>
        <time>2021-09-25T10:20:09Z</time>
      </trkpt>
      <trkpt lat="-25.945093967020512" lon="31.107611982151866">
        <ele>1368.0899999999999</ele>
        <time>2021-09-25T10:20:10Z</time>
      </trkpt>
      <trkpt lat="-25.944977039471269" lon="31.107550039887428">
        <ele>1370.5</ele>
        <time>2021-09-25T10:20:11Z</time>
      </trkpt>
      <trkpt lat="-25.944713009521365" lon="31.107429005205631">
        <ele>1374.8199999999999</ele>
        <time>2021-09-25T10:20:13Z</time>
      </trkpt>
      <trkpt lat="-25.94427103176713" lon="31.107276035472751">
        <ele>1378.6700000000001</ele>
        <time>2021-09-25T10:20:16Z</time>
      </trkpt>
      <trkpt lat="-25.943789994344115" lon="31.10714896582067">
        <ele>1382.51</ele>
        <time>2021-09-25T10:20:20Z</time>
      </trkpt>
      <trkpt lat="-25.943697039037943" lon="31.107114013284445">
        <ele>1382.99</ele>
        <time>2021-09-25T10:20:21Z</time>
      </trkpt>
      <trkpt lat="-25.943611040711403" lon="31.10705902799964">
        <ele>1384.4400000000001</ele>
        <time>2021-09-25T10:20:22Z</time>
      </trkpt>
      <trkpt lat="-25.943531999364495" lon="31.106989961117506">
        <ele>1385.4000000000001</ele>
        <time>2021-09-25T10:20:23Z</time>
      </trkpt>
      <trkpt lat="-25.943317003548145" lon="31.106757028028369">
        <ele>1388.28</ele>
        <time>2021-09-25T10:20:26Z</time>
      </trkpt>
      <trkpt lat="-25.943292025476694" lon="31.106679998338223">
        <ele>1388.76</ele>
        <time>2021-09-25T10:20:27Z</time>
      </trkpt>
      <trkpt lat="-25.943298982456326" lon="31.106597017496824">
        <ele>1388.76</ele>
        <time>2021-09-25T10:20:28Z</time>
      </trkpt>
      <trkpt lat="-25.943336030468345" lon="31.106511019170284">
        <ele>1390.6800000000001</ele>
        <time>2021-09-25T10:20:29Z</time>
      </trkpt>
      <trkpt lat="-25.94339101575315" lon="31.106425020843744">
        <ele>1391.6500000000001</ele>
        <time>2021-09-25T10:20:30Z</time>
      </trkpt>
      <trkpt lat="-25.943451030179858" lon="31.106327036395669">
        <ele>1392.1300000000001</ele>
        <time>2021-09-25T10:20:31Z</time>
      </trkpt>
      <trkpt lat="-25.943492017686367" lon="31.106214970350266">
        <ele>1393.0899999999999</ele>
        <time>2021-09-25T10:20:32Z</time>
      </trkpt>
      <trkpt lat="-25.943510960787535" lon="31.106091002002358">
        <ele>1393.5699999999999</ele>
        <time>2021-09-25T10:20:33Z</time>
      </trkpt>
      <trkpt lat="-25.943515989929438" lon="31.105970973148942">
        <ele>1394.53</ele>
        <time>2021-09-25T10:20:34Z</time>
      </trkpt>
      <trkpt lat="-25.943529987707734" lon="31.105769975110888">
        <ele>1396.45</ele>
        <time>2021-09-25T10:20:36Z</time>
      </trkpt>
      <trkpt lat="-25.943519007414579" lon="31.105680959299207">
        <ele>1396.45</ele>
        <time>2021-09-25T10:20:37Z</time>
      </trkpt>
      <trkpt lat="-25.943486988544464" lon="31.10559999011457">
        <ele>1396.45</ele>
        <time>2021-09-25T10:20:38Z</time>
      </trkpt>
      <trkpt lat="-25.943436026573181" lon="31.105522960424423">
        <ele>1396.45</ele>
        <time>2021-09-25T10:20:39Z</time>
      </trkpt>
      <trkpt lat="-25.943365031853318" lon="31.10545196570456">
        <ele>1395.97</ele>
        <time>2021-09-25T10:20:40Z</time>
      </trkpt>
      <trkpt lat="-25.943274004384875" lon="31.105392035096884">
        <ele>1395.97</ele>
        <time>2021-09-25T10:20:41Z</time>
      </trkpt>
      <trkpt lat="-25.943168979138136" lon="31.105346018448472">
        <ele>1395.49</ele>
        <time>2021-09-25T10:20:42Z</time>
      </trkpt>
      <trkpt lat="-25.943051967769861" lon="31.105306958779693">
        <ele>1395.01</ele>
        <time>2021-09-25T10:20:43Z</time>
      </trkpt>
      <trkpt lat="-25.942216040566564" lon="31.105028009042144">
        <ele>1398.3699999999999</ele>
        <time>2021-09-25T10:20:49Z</time>
      </trkpt>
      <trkpt lat="-25.941541967913508" lon="31.104658031836152">
        <ele>1401.74</ele>
        <time>2021-09-25T10:20:54Z</time>
      </trkpt>
      <trkpt lat="-25.941434009000659" lon="31.104604974389076">
        <ele>1402.22</ele>
        <time>2021-09-25T10:20:55Z</time>
      </trkpt>
      <trkpt lat="-25.9413299895823" lon="31.104581002146006">
        <ele>1402.7</ele>
        <time>2021-09-25T10:20:56Z</time>
      </trkpt>
      <trkpt lat="-25.941232005134225" lon="31.104588964954019">
        <ele>1403.1800000000001</ele>
        <time>2021-09-25T10:20:57Z</time>
      </trkpt>
      <trkpt lat="-25.941142989322543" lon="31.104627018794417">
        <ele>1403.6600000000001</ele>
        <time>2021-09-25T10:20:58Z</time>
      </trkpt>
      <trkpt lat="-25.941061014309525" lon="31.104689966887236">
        <ele>1404.1400000000001</ele>
        <time>2021-09-25T10:20:59Z</time>
      </trkpt>
      <trkpt lat="-25.940977027639747" lon="31.104768002405763">
        <ele>1405.5799999999999</ele>
        <time>2021-09-25T10:21:00Z</time>
      </trkpt>
      <trkpt lat="-25.940607972443104" lon="31.105116019025445">
        <ele>1408.95</ele>
        <time>2021-09-25T10:21:04Z</time>
      </trkpt>
      <trkpt lat="-25.94031997025013" lon="31.105404021218419">
        <ele>1412.79</ele>
        <time>2021-09-25T10:21:07Z</time>
      </trkpt>
      <trkpt lat="-25.940127018839121" lon="31.105605019256473">
        <ele>1415.6800000000001</ele>
        <time>2021-09-25T10:21:09Z</time>
      </trkpt>
      <trkpt lat="-25.9399329777807" lon="31.105808028951287">
        <ele>1419.04</ele>
        <time>2021-09-25T10:21:11Z</time>
      </trkpt>
      <trkpt lat="-25.939757963642478" lon="31.106021013110876">
        <ele>1422.4100000000001</ele>
        <time>2021-09-25T10:21:13Z</time>
      </trkpt>
      <trkpt lat="-25.939689986407757" lon="31.106127966195345">
        <ele>1424.3299999999999</ele>
        <time>2021-09-25T10:21:14Z</time>
      </trkpt>
      <trkpt lat="-25.939640030264854" lon="31.106237014755607">
        <ele>1425.29</ele>
        <time>2021-09-25T10:21:15Z</time>
      </trkpt>
      <trkpt lat="-25.939613040536642" lon="31.106348996981978">
        <ele>1425.77</ele>
        <time>2021-09-25T10:21:16Z</time>
      </trkpt>
      <trkpt lat="-25.939604993909597" lon="31.106462990865111">
        <ele>1426.73</ele>
        <time>2021-09-25T10:21:17Z</time>
      </trkpt>
      <trkpt lat="-25.93960901722312" lon="31.106582013890147">
        <ele>1427.7</ele>
        <time>2021-09-25T10:21:18Z</time>
      </trkpt>
      <trkpt lat="-25.939621003344655" lon="31.106701958924532">
        <ele>1428.1800000000001</ele>
        <time>2021-09-25T10:21:19Z</time>
      </trkpt>
      <trkpt lat="-25.939670037478209" lon="31.107387011870742">
        <ele>1432.02</ele>
        <time>2021-09-25T10:21:24Z</time>
      </trkpt>
      <trkpt lat="-25.939700966700912" lon="31.107846004888415">
        <ele>1436.8299999999999</ele>
        <time>2021-09-25T10:21:27Z</time>
      </trkpt>
      <trkpt lat="-25.939724016934633" lon="31.108159990981221">
        <ele>1440.1900000000001</ele>
        <time>2021-09-25T10:21:29Z</time>
      </trkpt>
      <trkpt lat="-25.939733991399407" lon="31.108563998714089">
        <ele>1442.5999999999999</ele>
        <time>2021-09-25T10:21:32Z</time>
      </trkpt>
      <trkpt lat="-25.939707001671195" lon="31.108677992597222">
        <ele>1443.0799999999999</ele>
        <time>2021-09-25T10:21:33Z</time>
      </trkpt>
      <trkpt lat="-25.939659979194403" lon="31.108786035329103">
        <ele>1443.5599999999999</ele>
        <time>2021-09-25T10:21:34Z</time>
      </trkpt>
      <trkpt lat="-25.939596025273204" lon="31.108887959271669">
        <ele>1443.5599999999999</ele>
        <time>2021-09-25T10:21:35Z</time>
      </trkpt>
      <trkpt lat="-25.939510026946664" lon="31.108979992568493">
        <ele>1443.0799999999999</ele>
        <time>2021-09-25T10:21:36Z</time>
      </trkpt>
      <trkpt lat="-25.939401984214783" lon="31.109052998945117">
        <ele>1443.0799999999999</ele>
        <time>2021-09-25T10:21:37Z</time>
      </trkpt>
      <trkpt lat="-25.939279021695256" lon="31.10910102725029">
        <ele>1442.5999999999999</ele>
        <time>2021-09-25T10:21:38Z</time>
      </trkpt>
      <trkpt lat="-25.939148012548685" lon="31.109117036685348">
        <ele>1442.1099999999999</ele>
        <time>2021-09-25T10:21:39Z</time>
      </trkpt>
      <trkpt lat="-25.939019015058875" lon="31.109099015593529">
        <ele>1441.1500000000001</ele>
        <time>2021-09-25T10:21:40Z</time>
      </trkpt>
      <trkpt lat="-25.938891023397446" lon="31.109052998945117">
        <ele>1441.1500000000001</ele>
        <time>2021-09-25T10:21:41Z</time>
      </trkpt>
      <trkpt lat="-25.93877200037241" lon="31.108980998396873">
        <ele>1440.6700000000001</ele>
        <time>2021-09-25T10:21:42Z</time>
      </trkpt>
      <trkpt lat="-25.938668986782432" lon="31.108877984806895">
        <ele>1440.6700000000001</ele>
        <time>2021-09-25T10:21:43Z</time>
      </trkpt>
      <trkpt lat="-25.938563039526343" lon="31.108761979267001">
        <ele>1441.1500000000001</ele>
        <time>2021-09-25T10:21:44Z</time>
      </trkpt>
      <trkpt lat="-25.938245030120015" lon="31.108422009274364">
        <ele>1437.3099999999999</ele>
        <time>2021-09-25T10:21:47Z</time>
      </trkpt>
      <trkpt lat="-25.938135981559753" lon="31.108324024826288">
        <ele>1436.8299999999999</ele>
        <time>2021-09-25T10:21:48Z</time>
      </trkpt>
      <trkpt lat="-25.938017964363098" lon="31.108245989307761">
        <ele>1435.3900000000001</ele>
        <time>2021-09-25T10:21:49Z</time>
      </trkpt>
      <trkpt lat="-25.937895001843572" lon="31.108189998194575">
        <ele>1433.46</ele>
        <time>2021-09-25T10:21:50Z</time>
      </trkpt>
      <trkpt lat="-25.937773967161775" lon="31.108159990981221">
        <ele>1431.54</ele>
        <time>2021-09-25T10:21:51Z</time>
      </trkpt>
      <trkpt lat="-25.93765502795577" lon="31.108153034001589">
        <ele>1430.5799999999999</ele>
        <time>2021-09-25T10:21:52Z</time>
      </trkpt>
      <trkpt lat="-25.937539022415876" lon="31.108166025951505">
        <ele>1429.1400000000001</ele>
        <time>2021-09-25T10:21:53Z</time>
      </trkpt>
      <trkpt lat="-25.937425028532743" lon="31.108194021508098">
        <ele>1428.1800000000001</ele>
        <time>2021-09-25T10:21:54Z</time>
      </trkpt>
      <trkpt lat="-25.937312040477991" lon="31.108236014842987">
        <ele>1426.73</ele>
        <time>2021-09-25T10:21:55Z</time>
      </trkpt>
      <trkpt lat="-25.937198968604207" lon="31.108283959329128">
        <ele>1426.25</ele>
        <time>2021-09-25T10:21:56Z</time>
      </trkpt>
      <trkpt lat="-25.936861010268331" lon="31.10843600705266">
        <ele>1422.8900000000001</ele>
        <time>2021-09-25T10:21:59Z</time>
      </trkpt>
      <trkpt lat="-25.936518022790551" lon="31.108606997877359">
        <ele>1419.52</ele>
        <time>2021-09-25T10:22:02Z</time>
      </trkpt>
      <trkpt lat="-25.936250975355506" lon="31.108712023124099">
        <ele>1416.1600000000001</ele>
        <time>2021-09-25T10:22:04Z</time>
      </trkpt>
      <trkpt lat="-25.936105968430638" lon="31.108747981488705">
        <ele>1415.6800000000001</ele>
        <time>2021-09-25T10:22:05Z</time>
      </trkpt>
      <trkpt lat="-25.935799023136497" lon="31.108801038935781">
        <ele>1411.8299999999999</ele>
        <time>2021-09-25T10:22:07Z</time>
      </trkpt>
      <trkpt lat="-25.935492999851704" lon="31.108847977593541">
        <ele>1407.03</ele>
        <time>2021-09-25T10:22:09Z</time>
      </trkpt>
      <trkpt lat="-25.935341035947204" lon="31.108856024220586">
        <ele>1406.0699999999999</ele>
        <time>2021-09-25T10:22:10Z</time>
      </trkpt>
      <trkpt lat="-25.935190999880433" lon="31.108840014785528">
        <ele>1403.6600000000001</ele>
        <time>2021-09-25T10:22:11Z</time>
      </trkpt>
      <trkpt lat="-25.935045992955565" lon="31.108795003965497">
        <ele>1400.3</ele>
        <time>2021-09-25T10:22:12Z</time>
      </trkpt>
      <trkpt lat="-25.934908026829362" lon="31.108715962618589">
        <ele>1398.3699999999999</ele>
        <time>2021-09-25T10:22:13Z</time>
      </trkpt>
      <trkpt lat="-25.934777017682791" lon="31.108606997877359">
        <ele>1397.4100000000001</ele>
        <time>2021-09-25T10:22:14Z</time>
      </trkpt>
      <trkpt lat="-25.934645002707839" lon="31.108487974852324">
        <ele>1395.01</ele>
        <time>2021-09-25T10:22:15Z</time>
      </trkpt>
      <trkpt lat="-25.934383990243077" lon="31.108265016227961">
        <ele>1391.6500000000001</ele>
        <time>2021-09-25T10:22:17Z</time>
      </trkpt>
      <trkpt lat="-25.934247029945254" lon="31.108174994587898">
        <ele>1390.2</ele>
        <time>2021-09-25T10:22:18Z</time>
      </trkpt>
      <trkpt lat="-25.934105040505528" lon="31.108101988211274">
        <ele>1389.72</ele>
        <time>2021-09-25T10:22:19Z</time>
      </trkpt>
      <trkpt lat="-25.933960033580661" lon="31.108045997098088">
        <ele>1387.3199999999999</ele>
        <time>2021-09-25T10:22:20Z</time>
      </trkpt>
      <trkpt lat="-25.933812009170651" lon="31.108007021248341">
        <ele>1384.9200000000001</ele>
        <time>2021-09-25T10:22:21Z</time>
      </trkpt>
      <trkpt lat="-25.933662978932261" lon="31.107984976842999">
        <ele>1383.47</ele>
        <time>2021-09-25T10:22:22Z</time>
      </trkpt>
      <trkpt lat="-25.93350799754262" lon="31.107979025691748">
        <ele>1383.47</ele>
        <time>2021-09-25T10:22:23Z</time>
      </trkpt>
      <trkpt lat="-25.933348992839456" lon="31.107981959357858">
        <ele>1381.55</ele>
        <time>2021-09-25T10:22:24Z</time>
      </trkpt>
      <trkpt lat="-25.933013968169689" lon="31.107994029298425">
        <ele>1377.71</ele>
        <time>2021-09-25T10:22:26Z</time>
      </trkpt>
      <trkpt lat="-25.932679027318954" lon="31.107997968792915">
        <ele>1373.8599999999999</ele>
        <time>2021-09-25T10:22:28Z</time>
      </trkpt>
      <trkpt lat="-25.932360012084246" lon="31.108014984056354">
        <ele>1370.5</ele>
        <time>2021-09-25T10:22:30Z</time>
      </trkpt>
      <trkpt lat="-25.932207964360714" lon="31.108044991269708">
        <ele>1368.5699999999999</ele>
        <time>2021-09-25T10:22:31Z</time>
      </trkpt>
      <trkpt lat="-25.932063041254878" lon="31.108093019574881">
        <ele>1367.1300000000001</ele>
        <time>2021-09-25T10:22:32Z</time>
      </trkpt>
      <trkpt lat="-25.931927002966404" lon="31.108159990981221">
        <ele>1366.6500000000001</ele>
        <time>2021-09-25T10:22:33Z</time>
      </trkpt>
      <trkpt lat="-25.931800017133355" lon="31.108244983479381">
        <ele>1365.21</ele>
        <time>2021-09-25T10:22:34Z</time>
      </trkpt>
      <trkpt lat="-25.931686023250222" lon="31.108342967927456">
        <ele>1363.77</ele>
        <time>2021-09-25T10:22:35Z</time>
      </trkpt>
      <trkpt lat="-25.93157697468996" lon="31.108451010659337">
        <ele>1363.29</ele>
        <time>2021-09-25T10:22:36Z</time>
      </trkpt>
      <trkpt lat="-25.931474966928363" lon="31.108562992885709">
        <ele>1361.8399999999999</ele>
        <time>2021-09-25T10:22:37Z</time>
      </trkpt>
      <trkpt lat="-25.931262988597155" lon="31.10875996761024">
        <ele>1357.52</ele>
        <time>2021-09-25T10:22:39Z</time>
      </trkpt>
      <trkpt lat="-25.931148994714022" lon="31.108819982036948">
        <ele>1356.5599999999999</ele>
        <time>2021-09-25T10:22:40Z</time>
      </trkpt>
      <trkpt lat="-25.931038018316031" lon="31.108842026442289">
        <ele>1355.1199999999999</ele>
        <time>2021-09-25T10:22:41Z</time>
      </trkpt>
      <trkpt lat="-25.930937016382813" lon="31.108827022835612">
        <ele>1354.6300000000001</ele>
        <time>2021-09-25T10:22:42Z</time>
      </trkpt>
      <trkpt lat="-25.930841965600848" lon="31.108786035329103">
        <ele>1355.1199999999999</ele>
        <time>2021-09-25T10:22:43Z</time>
      </trkpt>
      <trkpt lat="-25.930753033608198" lon="31.108724009245634">
        <ele>1356.0799999999999</ele>
        <time>2021-09-25T10:22:44Z</time>
      </trkpt>
      <trkpt lat="-25.930684972554445" lon="31.108637005090714">
        <ele>1356.0799999999999</ele>
        <time>2021-09-25T10:22:45Z</time>
      </trkpt>
      <trkpt lat="-25.930641973391175" lon="31.108534997329116">
        <ele>1357.04</ele>
        <time>2021-09-25T10:22:46Z</time>
      </trkpt>
      <trkpt lat="-25.930622024461627" lon="31.108425026759505">
        <ele>1358.48</ele>
        <time>2021-09-25T10:22:47Z</time>
      </trkpt>
      <trkpt lat="-25.930627975612879" lon="31.108306003734469">
        <ele>1358.96</ele>
        <time>2021-09-25T10:22:48Z</time>
      </trkpt>
      <trkpt lat="-25.930657982826233" lon="31.108177006244659">
        <ele>1358.96</ele>
        <time>2021-09-25T10:22:49Z</time>
      </trkpt>
      <trkpt lat="-25.930700981989503" lon="31.108037028461695">
        <ele>1359.9200000000001</ele>
        <time>2021-09-25T10:22:50Z</time>
      </trkpt>
      <trkpt lat="-25.930968029424548" lon="31.107214009389281">
        <ele>1359.4400000000001</ele>
        <time>2021-09-25T10:22:56Z</time>
      </trkpt>
      <trkpt lat="-25.930981021374464" lon="31.10708199441433">
        <ele>1358.48</ele>
        <time>2021-09-25T10:22:57Z</time>
      </trkpt>
      <trkpt lat="-25.930964006111026" lon="31.106956014409661">
        <ele>1358</ele>
        <time>2021-09-25T10:22:58Z</time>
      </trkpt>
      <trkpt lat="-25.930917989462614" lon="31.106843026354909">
        <ele>1357.52</ele>
        <time>2021-09-25T10:22:59Z</time>
      </trkpt>
      <trkpt lat="-25.930850012227893" lon="31.106742024421692">
        <ele>1357.04</ele>
        <time>2021-09-25T10:23:00Z</time>
      </trkpt>
      <trkpt lat="-25.930762002244592" lon="31.106655020266771">
        <ele>1356.0799999999999</ele>
        <time>2021-09-25T10:23:01Z</time>
      </trkpt>
      <trkpt lat="-25.930657982826233" lon="31.106580002233386">
        <ele>1355.5999999999999</ele>
        <time>2021-09-25T10:23:02Z</time>
      </trkpt>
      <trkpt lat="-25.930555975064635" lon="31.106499033048749">
        <ele>1354.6300000000001</ele>
        <time>2021-09-25T10:23:03Z</time>
      </trkpt>
      <trkpt lat="-25.930469976738095" lon="31.106405993923545">
        <ele>1353.6700000000001</ele>
        <time>2021-09-25T10:23:04Z</time>
      </trkpt>
      <trkpt lat="-25.930408034473658" lon="31.106302980333567">
        <ele>1353.1900000000001</ele>
        <time>2021-09-25T10:23:05Z</time>
      </trkpt>
      <trkpt lat="-25.930375009775162" lon="31.106186974793673">
        <ele>1353.6700000000001</ele>
        <time>2021-09-25T10:23:06Z</time>
      </trkpt>
      <trkpt lat="-25.930364029482007" lon="31.106056971475482">
        <ele>1353.6700000000001</ele>
        <time>2021-09-25T10:23:07Z</time>
      </trkpt>
      <trkpt lat="-25.930366963148117" lon="31.105912970378995">
        <ele>1354.1500000000001</ele>
        <time>2021-09-25T10:23:08Z</time>
      </trkpt>
      <trkpt lat="-25.930376015603542" lon="31.105762012302876">
        <ele>1354.6300000000001</ele>
        <time>2021-09-25T10:23:09Z</time>
      </trkpt>
      <trkpt lat="-25.93034902587533" lon="31.105001019313931">
        <ele>1355.1199999999999</ele>
        <time>2021-09-25T10:23:14Z</time>
      </trkpt>
      <trkpt lat="-25.930310972034931" lon="31.104877972975373">
        <ele>1354.1500000000001</ele>
        <time>2021-09-25T10:23:15Z</time>
      </trkpt>
      <trkpt lat="-25.930246012285352" lon="31.104775965213776">
        <ele>1353.6700000000001</ele>
        <time>2021-09-25T10:23:16Z</time>
      </trkpt>
      <trkpt lat="-25.930166970938444" lon="31.104691978543997">
        <ele>1353.6700000000001</ele>
        <time>2021-09-25T10:23:17Z</time>
      </trkpt>
      <trkpt lat="-25.93007099814713" lon="31.104627018794417">
        <ele>1352.71</ele>
        <time>2021-09-25T10:23:18Z</time>
      </trkpt>
      <trkpt lat="-25.929955998435616" lon="31.104577984660864">
        <ele>1352.23</ele>
        <time>2021-09-25T10:23:19Z</time>
      </trkpt>
      <trkpt lat="-25.929832030087709" lon="31.104536997154355">
        <ele>1351.75</ele>
        <time>2021-09-25T10:23:20Z</time>
      </trkpt>
      <trkpt lat="-25.929680988192558" lon="31.104511013254523">
        <ele>1351.75</ele>
        <time>2021-09-25T10:23:21Z</time>
      </trkpt>
      <trkpt lat="-25.929517960175872" lon="31.104487963020802">
        <ele>1351.27</ele>
        <time>2021-09-25T10:23:22Z</time>
      </trkpt>
      <trkpt lat="-25.929014962166548" lon="31.104454016312957">
        <ele>1348.3900000000001</ele>
        <time>2021-09-25T10:23:25Z</time>
      </trkpt>
      <trkpt lat="-25.928692007437348" lon="31.104457033798099">
        <ele>1345.02</ele>
        <time>2021-09-25T10:23:27Z</time>
      </trkpt>
      <trkpt lat="-25.928395036607981" lon="31.104503972455859">
        <ele>1342.6199999999999</ele>
        <time>2021-09-25T10:23:29Z</time>
      </trkpt>
      <trkpt lat="-25.928147016093135" lon="31.104578990489244">
        <ele>1339.25</ele>
        <time>2021-09-25T10:23:31Z</time>
      </trkpt>
      <trkpt lat="-25.928040985018015" lon="31.10459198243916">
        <ele>1336.8499999999999</ele>
        <time>2021-09-25T10:23:32Z</time>
      </trkpt>
      <trkpt lat="-25.927948029711843" lon="31.104573039337993">
        <ele>1334.9300000000001</ele>
        <time>2021-09-25T10:23:33Z</time>
      </trkpt>
      <trkpt lat="-25.927872005850077" lon="31.104527022689581">
        <ele>1334.45</ele>
        <time>2021-09-25T10:23:34Z</time>
      </trkpt>
      <trkpt lat="-25.92781500890851" lon="31.104467008262873">
        <ele>1334.45</ele>
        <time>2021-09-25T10:23:35Z</time>
      </trkpt>
      <trkpt lat="-25.927777960896492" lon="31.104390984401107">
        <ele>1334.9300000000001</ele>
        <time>2021-09-25T10:23:36Z</time>
      </trkpt>
      <trkpt lat="-25.927762035280466" lon="31.104301968589425">
        <ele>1334.45</ele>
        <time>2021-09-25T10:23:37Z</time>
      </trkpt>
      <trkpt lat="-25.927763041108847" lon="31.10420498996973">
        <ele>1334.9300000000001</ele>
        <time>2021-09-25T10:23:38Z</time>
      </trkpt>
      <trkpt lat="-25.927778966724873" lon="31.104102982208133">
        <ele>1335.4100000000001</ele>
        <time>2021-09-25T10:23:39Z</time>
      </trkpt>
      <trkpt lat="-25.92781500890851" lon="31.103998962789774">
        <ele>1335.8900000000001</ele>
        <time>2021-09-25T10:23:40Z</time>
      </trkpt>
      <trkpt lat="-25.927863959223032" lon="31.103892009705305">
        <ele>1336.8499999999999</ele>
        <time>2021-09-25T10:23:41Z</time>
      </trkpt>
      <trkpt lat="-25.927934031933546" lon="31.103779021650553">
        <ele>1337.3299999999999</ele>
        <time>2021-09-25T10:23:42Z</time>
      </trkpt>
      <trkpt lat="-25.928001003339887" lon="31.103653041645885">
        <ele>1337.8099999999999</ele>
        <time>2021-09-25T10:23:43Z</time>
      </trkpt>
      <trkpt lat="-25.928041990846395" lon="31.103518009185791">
        <ele>1338.77</ele>
        <time>2021-09-25T10:23:44Z</time>
      </trkpt>
      <trkpt lat="-25.928050959482789" lon="31.103382976725698">
        <ele>1339.73</ele>
        <time>2021-09-25T10:23:45Z</time>
      </trkpt>
      <trkpt lat="-25.928035033866763" lon="31.103255990892649">
        <ele>1340.7</ele>
        <time>2021-09-25T10:23:46Z</time>
      </trkpt>
      <trkpt lat="-25.927996980026364" lon="31.103134034201503">
        <ele>1341.1800000000001</ele>
        <time>2021-09-25T10:23:47Z</time>
      </trkpt>
      <trkpt lat="-25.927946018055081" lon="31.103008976206183">
        <ele>1343.0999999999999</ele>
        <time>2021-09-25T10:23:48Z</time>
      </trkpt>
      <trkpt lat="-25.927873011678457" lon="31.102892970666289">
        <ele>1344.54</ele>
        <time>2021-09-25T10:23:49Z</time>
      </trkpt>
      <trkpt lat="-25.927787013351917" lon="31.102778976783156">
        <ele>1345.5</ele>
        <time>2021-09-25T10:23:50Z</time>
      </trkpt>
      <trkpt lat="-25.927580986171961" lon="31.102545959874988">
        <ele>1348.8699999999999</ele>
        <time>2021-09-25T10:23:52Z</time>
      </trkpt>
      <trkpt lat="-25.927354004234076" lon="31.102301040664315">
        <ele>1352.71</ele>
        <time>2021-09-25T10:23:54Z</time>
      </trkpt>
      <trkpt lat="-25.927110007032752" lon="31.102042039856315">
        <ele>1356.0799999999999</ele>
        <time>2021-09-25T10:23:56Z</time>
      </trkpt>
      <trkpt lat="-25.926292017102242" lon="31.101146014407277">
        <ele>1358.48</ele>
        <time>2021-09-25T10:24:02Z</time>
      </trkpt>
      <trkpt lat="-25.926063023507595" lon="31.100926995277405">
        <ele>1358.96</ele>
        <time>2021-09-25T10:24:04Z</time>
      </trkpt>
      <trkpt lat="-25.925950035452843" lon="31.100845020264387">
        <ele>1359.9200000000001</ele>
        <time>2021-09-25T10:24:05Z</time>
      </trkpt>
      <trkpt lat="-25.925833024084568" lon="31.100780982524157">
        <ele>1361.3599999999999</ele>
        <time>2021-09-25T10:24:06Z</time>
      </trkpt>
      <trkpt lat="-25.925715006887913" lon="31.100734965875745">
        <ele>1363.77</ele>
        <time>2021-09-25T10:24:07Z</time>
      </trkpt>
      <trkpt lat="-25.925588021054864" lon="31.100711999461055">
        <ele>1365.21</ele>
        <time>2021-09-25T10:24:08Z</time>
      </trkpt>
      <trkpt lat="-25.925456006079912" lon="31.100708981975913">
        <ele>1366.1700000000001</ele>
        <time>2021-09-25T10:24:09Z</time>
      </trkpt>
      <trkpt lat="-25.925316028296947" lon="31.10072398558259">
        <ele>1368.0899999999999</ele>
        <time>2021-09-25T10:24:10Z</time>
      </trkpt>
      <trkpt lat="-25.925169009715319" lon="31.100758016109467">
        <ele>1369.54</ele>
        <time>2021-09-25T10:24:11Z</time>
      </trkpt>
      <trkpt lat="-25.925016039982438" lon="31.100806966423988">
        <ele>1370.5</ele>
        <time>2021-09-25T10:24:12Z</time>
      </trkpt>
      <trkpt lat="-25.924859968945384" lon="31.100868992507458">
        <ele>1371.9400000000001</ele>
        <time>2021-09-25T10:24:13Z</time>
      </trkpt>
      <trkpt lat="-25.924699958413839" lon="31.100945016369224">
        <ele>1372.9000000000001</ele>
        <time>2021-09-25T10:24:14Z</time>
      </trkpt>
      <trkpt lat="-25.924537014216185" lon="31.101031014695764">
        <ele>1374.8199999999999</ele>
        <time>2021-09-25T10:24:15Z</time>
      </trkpt>
      <trkpt lat="-25.924196038395166" lon="31.101214997470379">
        <ele>1380.5899999999999</ele>
        <time>2021-09-25T10:24:17Z</time>
      </trkpt>
      <trkpt lat="-25.923823965713382" lon="31.101380959153175">
        <ele>1384.4400000000001</ele>
        <time>2021-09-25T10:24:19Z</time>
      </trkpt>
      <trkpt lat="-25.923420041799545" lon="31.101492019370198">
        <ele>1390.2</ele>
        <time>2021-09-25T10:24:21Z</time>
      </trkpt>
      <trkpt lat="-25.923207979649305" lon="31.101524960249662">
        <ele>1394.05</ele>
        <time>2021-09-25T10:24:22Z</time>
      </trkpt>
      <trkpt lat="-25.922770025208592" lon="31.101552033796906">
        <ele>1397.8900000000001</ele>
        <time>2021-09-25T10:24:24Z</time>
      </trkpt>
      <trkpt lat="-25.922548994421959" lon="31.101553039625287">
        <ele>1400.78</ele>
        <time>2021-09-25T10:24:25Z</time>
      </trkpt>
      <trkpt lat="-25.921891015022993" lon="31.101550022140145">
        <ele>1405.0999999999999</ele>
        <time>2021-09-25T10:24:28Z</time>
      </trkpt>
      <trkpt lat="-25.921453982591629" lon="31.101553039625287">
        <ele>1408.95</ele>
        <time>2021-09-25T10:24:30Z</time>
      </trkpt>
      <trkpt lat="-25.920889964327216" lon="31.101586986333132">
        <ele>1412.79</ele>
        <time>2021-09-25T10:24:33Z</time>
      </trkpt>
      <trkpt lat="-25.920734982937574" lon="31.10162696801126">
        <ele>1414.72</ele>
        <time>2021-09-25T10:24:34Z</time>
      </trkpt>
      <trkpt lat="-25.920592993497849" lon="31.101687988266349">
        <ele>1414.72</ele>
        <time>2021-09-25T10:24:35Z</time>
      </trkpt>
      <trkpt lat="-25.920460978522897" lon="31.101767029613256">
        <ele>1415.2</ele>
        <time>2021-09-25T10:24:36Z</time>
      </trkpt>
      <trkpt lat="-25.92033801600337" lon="31.101863002404571">
        <ele>1416.1600000000001</ele>
        <time>2021-09-25T10:24:37Z</time>
      </trkpt>
      <trkpt lat="-25.920221004635096" lon="31.101975990459323">
        <ele>1415.6800000000001</ele>
        <time>2021-09-25T10:24:38Z</time>
      </trkpt>
      <trkpt lat="-25.920100975781679" lon="31.102110017091036">
        <ele>1416.6400000000001</ele>
        <time>2021-09-25T10:24:39Z</time>
      </trkpt>
      <trkpt lat="-25.919404020532966" lon="31.102922977879643">
        <ele>1413.76</ele>
        <time>2021-09-25T10:24:44Z</time>
      </trkpt>
      <trkpt lat="-25.918991966173053" lon="31.103394962847233">
        <ele>1409.9100000000001</ele>
        <time>2021-09-25T10:24:47Z</time>
      </trkpt>
      <trkpt lat="-25.91872600838542" lon="31.103661004453897">
        <ele>1407.03</ele>
        <time>2021-09-25T10:24:49Z</time>
      </trkpt>
      <trkpt lat="-25.918573038652539" lon="31.103767035529017">
        <ele>1407.03</ele>
        <time>2021-09-25T10:24:50Z</time>
      </trkpt>
      <trkpt lat="-25.918409004807472" lon="31.103856973350048">
        <ele>1406.55</ele>
        <time>2021-09-25T10:24:51Z</time>
      </trkpt>
      <trkpt lat="-25.918070962652564" lon="31.104018995538354">
        <ele>1403.1800000000001</ele>
        <time>2021-09-25T10:24:53Z</time>
      </trkpt>
      <trkpt lat="-25.917767034843564" lon="31.104193003848195">
        <ele>1399.8199999999999</ele>
        <time>2021-09-25T10:24:55Z</time>
      </trkpt>
      <trkpt lat="-25.917634014040232" lon="31.104297023266554">
        <ele>1397.4100000000001</ele>
        <time>2021-09-25T10:24:56Z</time>
      </trkpt>
      <trkpt lat="-25.917514991015196" lon="31.104416968300939">
        <ele>1396.45</ele>
        <time>2021-09-25T10:24:57Z</time>
      </trkpt>
      <trkpt lat="-25.917419018223882" lon="31.104549989104271">
        <ele>1397.4100000000001</ele>
        <time>2021-09-25T10:24:58Z</time>
      </trkpt>
      <trkpt lat="-25.917351962998509" lon="31.104688961058855">
        <ele>1396.45</ele>
        <time>2021-09-25T10:24:59Z</time>
      </trkpt>
      <trkpt lat="-25.917311981320381" lon="31.104829022660851">
        <ele>1395.01</ele>
        <time>2021-09-25T10:25:00Z</time>
      </trkpt>
      <trkpt lat="-25.917295971885324" lon="31.104971012100577">
        <ele>1395.49</ele>
        <time>2021-09-25T10:25:01Z</time>
      </trkpt>
      <trkpt lat="-25.917293960228562" lon="31.105108978226781">
        <ele>1395.49</ele>
        <time>2021-09-25T10:25:02Z</time>
      </trkpt>
      <trkpt lat="-25.917271999642253" lon="31.105364039540291">
        <ele>1394.05</ele>
        <time>2021-09-25T10:25:04Z</time>
      </trkpt>
      <trkpt lat="-25.917232017964125" lon="31.105469986796379">
        <ele>1393.0899999999999</ele>
        <time>2021-09-25T10:25:05Z</time>
      </trkpt>
      <trkpt lat="-25.917164040729403" lon="31.105551961809397">
        <ele>1392.1300000000001</ele>
        <time>2021-09-25T10:25:06Z</time>
      </trkpt>
      <trkpt lat="-25.917069995775819" lon="31.105613987892866">
        <ele>1392.6099999999999</ele>
        <time>2021-09-25T10:25:07Z</time>
      </trkpt>
      <trkpt lat="-25.916951978579164" lon="31.1056640278548">
        <ele>1392.6099999999999</ele>
        <time>2021-09-25T10:25:08Z</time>
      </trkpt>
      <trkpt lat="-25.916819041594863" lon="31.105710966512561">
        <ele>1392.1300000000001</ele>
        <time>2021-09-25T10:25:09Z</time>
      </trkpt>
      <trkpt lat="-25.916118985041976" lon="31.105896960943937">
        <ele>1389.24</ele>
        <time>2021-09-25T10:25:13Z</time>
      </trkpt>
      <trkpt lat="-25.915422029793262" lon="31.105933003127575">
        <ele>1385.8800000000001</ele>
        <time>2021-09-25T10:25:16Z</time>
      </trkpt>
      <trkpt lat="-25.91475198045373" lon="31.105945995077491">
        <ele>1381.55</ele>
        <time>2021-09-25T10:25:19Z</time>
      </trkpt>
      <trkpt lat="-25.914562968537211" lon="31.105954963713884">
        <ele>1381.55</ele>
        <time>2021-09-25T10:25:20Z</time>
      </trkpt>
      <trkpt lat="-25.913970032706857" lon="31.105992011725903">
        <ele>1379.6300000000001</ele>
        <time>2021-09-25T10:25:24Z</time>
      </trkpt>
      <trkpt lat="-25.913859978318214" lon="31.105963010340929">
        <ele>1379.6300000000001</ele>
        <time>2021-09-25T10:25:25Z</time>
      </trkpt>
      <trkpt lat="-25.913767023012042" lon="31.105904001742601">
        <ele>1378.1900000000001</ele>
        <time>2021-09-25T10:25:26Z</time>
      </trkpt>
      <trkpt lat="-25.913694016635418" lon="31.105818003416061">
        <ele>1376.75</ele>
        <time>2021-09-25T10:25:27Z</time>
      </trkpt>
      <trkpt lat="-25.913643976673484" lon="31.105710966512561">
        <ele>1375.3</ele>
        <time>2021-09-25T10:25:28Z</time>
      </trkpt>
      <trkpt lat="-25.913623021915555" lon="31.105585992336273">
        <ele>1374.8199999999999</ele>
        <time>2021-09-25T10:25:29Z</time>
      </trkpt>
      <trkpt lat="-25.913632996380329" lon="31.10545095987618">
        <ele>1374.3399999999999</ele>
        <time>2021-09-25T10:25:30Z</time>
      </trkpt>
      <trkpt lat="-25.913660991936922" lon="31.105312993749976">
        <ele>1372.9000000000001</ele>
        <time>2021-09-25T10:25:31Z</time>
      </trkpt>
      <trkpt lat="-25.913690999150276" lon="31.105177961289883">
        <ele>1373.3800000000001</ele>
        <time>2021-09-25T10:25:32Z</time>
      </trkpt>
      <trkpt lat="-25.913710026070476" lon="31.105050975456834">
        <ele>1371.46</ele>
        <time>2021-09-25T10:25:33Z</time>
      </trkpt>
      <trkpt lat="-25.913707008585334" lon="31.104933964088559">
        <ele>1370.5</ele>
        <time>2021-09-25T10:25:34Z</time>
      </trkpt>
      <trkpt lat="-25.913679013028741" lon="31.10482600517571">
        <ele>1370.02</ele>
        <time>2021-09-25T10:25:35Z</time>
      </trkpt>
      <trkpt lat="-25.913628973066807" lon="31.104726009070873">
        <ele>1369.54</ele>
        <time>2021-09-25T10:25:36Z</time>
      </trkpt>
      <trkpt lat="-25.913559990003705" lon="31.104644034057856">
        <ele>1368.0899999999999</ele>
        <time>2021-09-25T10:25:37Z</time>
      </trkpt>
      <trkpt lat="-25.913476003333926" lon="31.104582007974386">
        <ele>1367.6099999999999</ele>
        <time>2021-09-25T10:25:38Z</time>
      </trkpt>
      <trkpt lat="-25.913381958380342" lon="31.104543032124639">
        <ele>1365.6900000000001</ele>
        <time>2021-09-25T10:25:39Z</time>
      </trkpt>
      <trkpt lat="-25.913279028609395" lon="31.104527022689581">
        <ele>1365.21</ele>
        <time>2021-09-25T10:25:40Z</time>
      </trkpt>
      <trkpt lat="-25.913168974220753" lon="31.104535991325974">
        <ele>1364.25</ele>
        <time>2021-09-25T10:25:41Z</time>
      </trkpt>
      <trkpt lat="-25.913052968680859" lon="31.104575973004103">
        <ele>1363.29</ele>
        <time>2021-09-25T10:25:42Z</time>
      </trkpt>
      <trkpt lat="-25.912930006161332" lon="31.104644034057856">
        <ele>1363.29</ele>
        <time>2021-09-25T10:25:43Z</time>
      </trkpt>
      <trkpt lat="-25.91279799118638" lon="31.104733971878886">
        <ele>1362.3299999999999</ele>
        <time>2021-09-25T10:25:44Z</time>
      </trkpt>
      <trkpt lat="-25.912656001746655" lon="31.104838997125626">
        <ele>1360.8800000000001</ele>
        <time>2021-09-25T10:25:45Z</time>
      </trkpt>
      <trkpt lat="-25.912498002871871" lon="31.104952991008759">
        <ele>1361.3599999999999</ele>
        <time>2021-09-25T10:25:46Z</time>
      </trkpt>
      <trkpt lat="-25.911952005699277" lon="31.105337971821427">
        <ele>1359.4400000000001</ele>
        <time>2021-09-25T10:25:49Z</time>
      </trkpt>
      <trkpt lat="-25.91155101545155" lon="31.105611976236105">
        <ele>1355.5999999999999</ele>
        <time>2021-09-25T10:25:51Z</time>
      </trkpt>
      <trkpt lat="-25.911189001053572" lon="31.105866031721234">
        <ele>1351.27</ele>
        <time>2021-09-25T10:25:53Z</time>
      </trkpt>
      <trkpt lat="-25.910908039659262" lon="31.10607398673892">
        <ele>1345.02</ele>
        <time>2021-09-25T10:25:55Z</time>
      </trkpt>
      <trkpt lat="-25.910708969458938" lon="31.106261992827058">
        <ele>1341.6600000000001</ele>
        <time>2021-09-25T10:25:57Z</time>
      </trkpt>
      <trkpt lat="-25.910633029416203" lon="31.106353020295501">
        <ele>1339.73</ele>
        <time>2021-09-25T10:25:58Z</time>
      </trkpt>
      <trkpt lat="-25.910565974190831" lon="31.106445975601673">
        <ele>1338.29</ele>
        <time>2021-09-25T10:25:59Z</time>
      </trkpt>
      <trkpt lat="-25.910505959764123" lon="31.106547983363271">
        <ele>1337.3299999999999</ele>
        <time>2021-09-25T10:26:00Z</time>
      </trkpt>
      <trkpt lat="-25.910451980307698" lon="31.106660971418023">
        <ele>1336.3699999999999</ele>
        <time>2021-09-25T10:26:01Z</time>
      </trkpt>
      <trkpt lat="-25.910405041649938" lon="31.106788041070104">
        <ele>1335.8900000000001</ele>
        <time>2021-09-25T10:26:02Z</time>
      </trkpt>
      <trkpt lat="-25.910365981981158" lon="31.106925001367927">
        <ele>1334.9300000000001</ele>
        <time>2021-09-25T10:26:03Z</time>
      </trkpt>
      <trkpt lat="-25.910338992252946" lon="31.107073025777936">
        <ele>1333.97</ele>
        <time>2021-09-25T10:26:04Z</time>
      </trkpt>
      <trkpt lat="-25.910323988646269" lon="31.107231024652719">
        <ele>1333.49</ele>
        <time>2021-09-25T10:26:05Z</time>
      </trkpt>
      <trkpt lat="-25.910321976989508" lon="31.107398997992277">
        <ele>1331.0799999999999</ele>
        <time>2021-09-25T10:26:06Z</time>
      </trkpt>
      <trkpt lat="-25.910334968939424" lon="31.107572000473738">
        <ele>1329.1600000000001</ele>
        <time>2021-09-25T10:26:07Z</time>
      </trkpt>
      <trkpt lat="-25.910365981981158" lon="31.107740979641676">
        <ele>1326.76</ele>
        <time>2021-09-25T10:26:08Z</time>
      </trkpt>
      <trkpt lat="-25.910413004457951" lon="31.107905013486743">
        <ele>1325.3099999999999</ele>
        <time>2021-09-25T10:26:09Z</time>
      </trkpt>
      <trkpt lat="-25.910476036369801" lon="31.108064018189907">
        <ele>1323.3900000000001</ele>
        <time>2021-09-25T10:26:10Z</time>
      </trkpt>
      <trkpt lat="-25.910549964755774" lon="31.108215982094407">
        <ele>1321.47</ele>
        <time>2021-09-25T10:26:11Z</time>
      </trkpt>
      <trkpt lat="-25.910629006102681" lon="31.108361994847655">
        <ele>1320.03</ele>
        <time>2021-09-25T10:26:12Z</time>
      </trkpt>
      <trkpt lat="-25.910861017182469" lon="31.10875996761024">
        <ele>1316.1800000000001</ele>
        <time>2021-09-25T10:26:15Z</time>
      </trkpt>
      <trkpt lat="-25.910980040207505" lon="31.109018968418241">
        <ele>1313.78</ele>
        <time>2021-09-25T10:26:17Z</time>
      </trkpt>
      <trkpt lat="-25.911017004400492" lon="31.109156012535095">
        <ele>1312.8199999999999</ele>
        <time>2021-09-25T10:26:18Z</time>
      </trkpt>
      <trkpt lat="-25.911033013835549" lon="31.109298001974821">
        <ele>1311.3800000000001</ele>
        <time>2021-09-25T10:26:19Z</time>
      </trkpt>
      <trkpt lat="-25.911032008007169" lon="31.109443008899689">
        <ele>1309.9300000000001</ele>
        <time>2021-09-25T10:26:20Z</time>
      </trkpt>
      <trkpt lat="-25.91101398691535" lon="31.109588015824556">
        <ele>1308.49</ele>
        <time>2021-09-25T10:26:21Z</time>
      </trkpt>
      <trkpt lat="-25.910980962216854" lon="31.109727993607521">
        <ele>1306.5699999999999</ele>
        <time>2021-09-25T10:26:22Z</time>
      </trkpt>
      <trkpt lat="-25.910930000245571" lon="31.109864031895995">
        <ele>1305.6099999999999</ele>
        <time>2021-09-25T10:26:23Z</time>
      </trkpt>
      <trkpt lat="-25.910860011354089" lon="31.109991017729044">
        <ele>1304.6500000000001</ele>
        <time>2021-09-25T10:26:24Z</time>
      </trkpt>
      <trkpt lat="-25.910775018855929" lon="31.110107023268938">
        <ele>1304.1700000000001</ele>
        <time>2021-09-25T10:26:25Z</time>
      </trkpt>
      <trkpt lat="-25.910680973902345" lon="31.110205007717013">
        <ele>1305.1300000000001</ele>
        <time>2021-09-25T10:26:26Z</time>
      </trkpt>
      <trkpt lat="-25.910576032474637" lon="31.11028497107327">
        <ele>1306.0899999999999</ele>
        <time>2021-09-25T10:26:27Z</time>
      </trkpt>
      <trkpt lat="-25.910462038591504" lon="31.110346997156739">
        <ele>1307.53</ele>
        <time>2021-09-25T10:26:28Z</time>
      </trkpt>
      <trkpt lat="-25.910344021394849" lon="31.110389996320009">
        <ele>1308.49</ele>
        <time>2021-09-25T10:26:29Z</time>
      </trkpt>
      <trkpt lat="-25.910220975056291" lon="31.110416986048222">
        <ele>1309.9300000000001</ele>
        <time>2021-09-25T10:26:30Z</time>
      </trkpt>
      <trkpt lat="-25.910098012536764" lon="31.110426960512996">
        <ele>1310.4100000000001</ele>
        <time>2021-09-25T10:26:31Z</time>
      </trkpt>
      <trkpt lat="-25.909975972026587" lon="31.110417991876602">
        <ele>1311.8599999999999</ele>
        <time>2021-09-25T10:26:32Z</time>
      </trkpt>
      <trkpt lat="-25.909856026992202" lon="31.110388990491629">
        <ele>1313.3</ele>
        <time>2021-09-25T10:26:33Z</time>
      </trkpt>
      <trkpt lat="-25.909738009795547" lon="31.110340040177107">
        <ele>1313.78</ele>
        <time>2021-09-25T10:26:34Z</time>
      </trkpt>
      <trkpt lat="-25.909622004255652" lon="31.110277008265257">
        <ele>1315.22</ele>
        <time>2021-09-25T10:26:35Z</time>
      </trkpt>
      <trkpt lat="-25.909511027857661" lon="31.110196961089969">
        <ele>1315.7</ele>
        <time>2021-09-25T10:26:36Z</time>
      </trkpt>
      <trkpt lat="-25.909403990954161" lon="31.110107023268938">
        <ele>1316.6600000000001</ele>
        <time>2021-09-25T10:26:37Z</time>
      </trkpt>
      <trkpt lat="-25.909296032041311" lon="31.110011972486973">
        <ele>1316.6600000000001</ele>
        <time>2021-09-25T10:26:38Z</time>
      </trkpt>
      <trkpt lat="-25.908989002928138" lon="31.10970402136445">
        <ele>1319.0699999999999</ele>
        <time>2021-09-25T10:26:41Z</time>
      </trkpt>
      <trkpt lat="-25.908921025693417" lon="31.109579969197512">
        <ele>1320.03</ele>
        <time>2021-09-25T10:26:42Z</time>
      </trkpt>
      <trkpt lat="-25.908870985731483" lon="31.109448960050941">
        <ele>1320.03</ele>
        <time>2021-09-25T10:26:43Z</time>
      </trkpt>
      <trkpt lat="-25.90882102958858" lon="31.109321974217892">
        <ele>1320.99</ele>
        <time>2021-09-25T10:26:44Z</time>
      </trkpt>
      <trkpt lat="-25.908762020990252" lon="31.10920999199152">
        <ele>1320.51</ele>
        <time>2021-09-25T10:26:45Z</time>
      </trkpt>
      <trkpt lat="-25.90869203209877" lon="31.109120976179838">
        <ele>1320.99</ele>
        <time>2021-09-25T10:26:46Z</time>
      </trkpt>
      <trkpt lat="-25.908607039600611" lon="31.109059033915401">
        <ele>1321.47</ele>
        <time>2021-09-25T10:26:47Z</time>
      </trkpt>
      <trkpt lat="-25.908509977161884" lon="31.109026009216905">
        <ele>1321.95</ele>
        <time>2021-09-25T10:26:48Z</time>
      </trkpt>
      <trkpt lat="-25.908411992713809" lon="31.109017040580511">
        <ele>1321.95</ele>
        <time>2021-09-25T10:26:49Z</time>
      </trkpt>
      <trkpt lat="-25.908319037407637" lon="31.109032966196537">
        <ele>1322.4300000000001</ele>
        <time>2021-09-25T10:26:50Z</time>
      </trkpt>
      <trkpt lat="-25.908236978575587" lon="31.109066996723413">
        <ele>1322.4300000000001</ele>
        <time>2021-09-25T10:26:51Z</time>
      </trkpt>
      <trkpt lat="-25.908162966370583" lon="31.109115025028586">
        <ele>1322.9100000000001</ele>
        <time>2021-09-25T10:26:52Z</time>
      </trkpt>
      <trkpt lat="-25.90809197165072" lon="31.109175961464643">
        <ele>1322.4300000000001</ele>
        <time>2021-09-25T10:26:53Z</time>
      </trkpt>
      <trkpt lat="-25.908021982759237" lon="31.109247962012887">
        <ele>1323.3900000000001</ele>
        <time>2021-09-25T10:26:54Z</time>
      </trkpt>
      <trkpt lat="-25.907949982210994" lon="31.109324991703033">
        <ele>1323.3900000000001</ele>
        <time>2021-09-25T10:26:55Z</time>
      </trkpt>
      <trkpt lat="-25.907565001398325" lon="31.109676025807858">
        <ele>1325.3099999999999</ele>
        <time>2021-09-25T10:27:01Z</time>
      </trkpt>
      <trkpt lat="-25.907512027770281" lon="31.10970402136445">
        <ele>1325.3099999999999</ele>
        <time>2021-09-25T10:27:02Z</time>
      </trkpt>
      <trkpt lat="-25.907459976151586" lon="31.109723970293999">
        <ele>1325.3099999999999</ele>
        <time>2021-09-25T10:27:03Z</time>
      </trkpt>
      <trkpt lat="-25.907405996695161" lon="31.109737968072295">
        <ele>1325.3099999999999</ele>
        <time>2021-09-25T10:27:04Z</time>
      </trkpt>
      <trkpt lat="-25.907350005581975" lon="31.109748026356101">
        <ele>1325.8</ele>
        <time>2021-09-25T10:27:05Z</time>
      </trkpt>
      <trkpt lat="-25.907292002812028" lon="31.109750960022211">
        <ele>1326.28</ele>
        <time>2021-09-25T10:27:06Z</time>
      </trkpt>
      <trkpt lat="-25.907229976728559" lon="31.10974601469934">
        <ele>1326.76</ele>
        <time>2021-09-25T10:27:07Z</time>
      </trkpt>
      <trkpt lat="-25.90716702863574" lon="31.109730005264282">
        <ele>1327.24</ele>
        <time>2021-09-25T10:27:08Z</time>
      </trkpt>
      <trkpt lat="-25.907105002552271" lon="31.109705027192831">
        <ele>1327.72</ele>
        <time>2021-09-25T10:27:09Z</time>
      </trkpt>
      <trkpt lat="-25.907044988125563" lon="31.109669990837574">
        <ele>1327.72</ele>
        <time>2021-09-25T10:27:10Z</time>
      </trkpt>
      <trkpt lat="-25.906988997012377" lon="31.109626991674304">
        <ele>1327.72</ele>
        <time>2021-09-25T10:27:11Z</time>
      </trkpt>
      <trkpt lat="-25.906937029212713" lon="31.10957401804626">
        <ele>1327.72</ele>
        <time>2021-09-25T10:27:12Z</time>
      </trkpt>
      <trkpt lat="-25.906892018392682" lon="31.109512997791171">
        <ele>1328.2</ele>
        <time>2021-09-25T10:27:13Z</time>
      </trkpt>
      <trkpt lat="-25.906852036714554" lon="31.109444014728069">
        <ele>1328.6800000000001</ele>
        <time>2021-09-25T10:27:14Z</time>
      </trkpt>
      <trkpt lat="-25.906821023672819" lon="31.109371008351445">
        <ele>1329.1600000000001</ele>
        <time>2021-09-25T10:27:15Z</time>
      </trkpt>
      <trkpt lat="-25.906795961782336" lon="31.10929599031806">
        <ele>1329.6400000000001</ele>
        <time>2021-09-25T10:27:16Z</time>
      </trkpt>
      <trkpt lat="-25.906771989539266" lon="31.109221978113055">
        <ele>1329.6400000000001</ele>
        <time>2021-09-25T10:27:17Z</time>
      </trkpt>
      <trkpt lat="-25.906703006476164" lon="31.108998013660312">
        <ele>1331.5599999999999</ele>
        <time>2021-09-25T10:27:20Z</time>
      </trkpt>
      <trkpt lat="-25.906623965129256" lon="31.108711017295718">
        <ele>1333.49</ele>
        <time>2021-09-25T10:27:24Z</time>
      </trkpt>
      <trkpt lat="-25.90654500760138" lon="31.108388984575868">
        <ele>1336.8499999999999</ele>
        <time>2021-09-25T10:27:28Z</time>
      </trkpt>
      <trkpt lat="-25.906530003994703" lon="31.108270967379212">
        <ele>1337.3299999999999</ele>
        <time>2021-09-25T10:27:29Z</time>
      </trkpt>
      <trkpt lat="-25.906525980681181" lon="31.108139958232641">
        <ele>1338.77</ele>
        <time>2021-09-25T10:27:30Z</time>
      </trkpt>
      <trkpt lat="-25.906533021479845" lon="31.107999980449677">
        <ele>1340.22</ele>
        <time>2021-09-25T10:27:31Z</time>
      </trkpt>
      <trkpt lat="-25.906565962359309" lon="31.107433028519154">
        <ele>1343.5799999999999</ele>
        <time>2021-09-25T10:27:35Z</time>
      </trkpt>
      <trkpt lat="-25.906550036743283" lon="31.107293972745538">
        <ele>1344.54</ele>
        <time>2021-09-25T10:27:36Z</time>
      </trkpt>
      <trkpt lat="-25.906515000388026" lon="31.107160029932857">
        <ele>1345.98</ele>
        <time>2021-09-25T10:27:37Z</time>
      </trkpt>
      <trkpt lat="-25.906462026759982" lon="31.107032960280776">
        <ele>1346.46</ele>
        <time>2021-09-25T10:27:38Z</time>
      </trkpt>
      <trkpt lat="-25.906389020383358" lon="31.10691100358963">
        <ele>1347.4300000000001</ele>
        <time>2021-09-25T10:27:39Z</time>
      </trkpt>
      <trkpt lat="-25.906298998743296" lon="31.106793992221355">
        <ele>1349.3499999999999</ele>
        <time>2021-09-25T10:27:40Z</time>
      </trkpt>
      <trkpt lat="-25.90620000846684" lon="31.106673963367939">
        <ele>1351.27</ele>
        <time>2021-09-25T10:27:41Z</time>
      </trkpt>
      <trkpt lat="-25.905998004600406" lon="31.106425020843744">
        <ele>1353.1900000000001</ele>
        <time>2021-09-25T10:27:43Z</time>
      </trkpt>
      <trkpt lat="-25.905721988528967" lon="31.106082033365965">
        <ele>1353.1900000000001</ele>
        <time>2021-09-25T10:27:46Z</time>
      </trkpt>
      <trkpt lat="-25.90566398575902" lon="31.105969967320561">
        <ele>1353.6700000000001</ele>
        <time>2021-09-25T10:27:47Z</time>
      </trkpt>
      <trkpt lat="-25.905631966888905" lon="31.10585798509419">
        <ele>1353.1900000000001</ele>
        <time>2021-09-25T10:27:48Z</time>
      </trkpt>
      <trkpt lat="-25.905629033222795" lon="31.105744997039437">
        <ele>1352.71</ele>
        <time>2021-09-25T10:27:49Z</time>
      </trkpt>
      <trkpt lat="-25.905654011294246" lon="31.105632008984685">
        <ele>1354.1500000000001</ele>
        <time>2021-09-25T10:27:50Z</time>
      </trkpt>
      <trkpt lat="-25.905702039599419" lon="31.105531007051468">
        <ele>1353.6700000000001</ele>
        <time>2021-09-25T10:27:51Z</time>
      </trkpt>
      <trkpt lat="-25.905769011005759" lon="31.105455989018083">
        <ele>1353.6700000000001</ele>
        <time>2021-09-25T10:27:52Z</time>
      </trkpt>
      <trkpt lat="-25.905849980190396" lon="31.10540603287518">
        <ele>1353.6700000000001</ele>
        <time>2021-09-25T10:27:53Z</time>
      </trkpt>
      <trkpt lat="-25.905944025143981" lon="31.105376025661826">
        <ele>1353.6700000000001</ele>
        <time>2021-09-25T10:27:54Z</time>
      </trkpt>
      <trkpt lat="-25.906052989885211" lon="31.105355992913246">
        <ele>1354.1500000000001</ele>
        <time>2021-09-25T10:27:55Z</time>
      </trkpt>
      <trkpt lat="-25.906173018738627" lon="31.105340989306569">
        <ele>1354.1500000000001</ele>
        <time>2021-09-25T10:27:56Z</time>
      </trkpt>
      <trkpt lat="-25.906419027596712" lon="31.105293966829777">
        <ele>1355.5999999999999</ele>
        <time>2021-09-25T10:27:58Z</time>
      </trkpt>
      <trkpt lat="-25.906528998166323" lon="31.105253985151649">
        <ele>1355.5999999999999</ele>
        <time>2021-09-25T10:27:59Z</time>
      </trkpt>
      <trkpt lat="-25.906624970957637" lon="31.105195982381701">
        <ele>1355.5999999999999</ele>
        <time>2021-09-25T10:28:00Z</time>
      </trkpt>
      <trkpt lat="-25.906707029789686" lon="31.105119958519936">
        <ele>1356.0799999999999</ele>
        <time>2021-09-25T10:28:01Z</time>
      </trkpt>
      <trkpt lat="-25.906770983710885" lon="31.105028009042144">
        <ele>1356.5599999999999</ele>
        <time>2021-09-25T10:28:02Z</time>
      </trkpt>
      <trkpt lat="-25.906818006187677" lon="31.104924995452166">
        <ele>1357.04</ele>
        <time>2021-09-25T10:28:03Z</time>
      </trkpt>
      <trkpt lat="-25.906849019229412" lon="31.104811001569033">
        <ele>1357.52</ele>
        <time>2021-09-25T10:28:04Z</time>
      </trkpt>
      <trkpt lat="-25.906858993694186" lon="31.104686027392745">
        <ele>1358</ele>
        <time>2021-09-25T10:28:05Z</time>
      </trkpt>
      <trkpt lat="-25.906847007572651" lon="31.104555018246174">
        <ele>1358.96</ele>
        <time>2021-09-25T10:28:06Z</time>
      </trkpt>
      <trkpt lat="-25.90682303532958" lon="31.104415040463209">
        <ele>1359.4400000000001</ele>
        <time>2021-09-25T10:28:07Z</time>
      </trkpt>
      <trkpt lat="-25.906776012852788" lon="31.104112034663558">
        <ele>1359.9200000000001</ele>
        <time>2021-09-25T10:28:09Z</time>
      </trkpt>
      <trkpt lat="-25.906772995367646" lon="31.103950012475252">
        <ele>1360.8800000000001</ele>
        <time>2021-09-25T10:28:10Z</time>
      </trkpt>
      <trkpt lat="-25.906836027279496" lon="31.102954996749759">
        <ele>1360.4000000000001</ele>
        <time>2021-09-25T10:28:16Z</time>
      </trkpt>
      <trkpt lat="-25.90682303532958" lon="31.102822981774807">
        <ele>1360.4000000000001</ele>
        <time>2021-09-25T10:28:17Z</time>
      </trkpt>
      <trkpt lat="-25.906795039772987" lon="31.102704964578152">
        <ele>1359.9200000000001</ele>
        <time>2021-09-25T10:28:18Z</time>
      </trkpt>
      <trkpt lat="-25.906754974275827" lon="31.102603040635586">
        <ele>1359.4400000000001</ele>
        <time>2021-09-25T10:28:19Z</time>
      </trkpt>
      <trkpt lat="-25.906704012304544" lon="31.102511007338762">
        <ele>1359.4400000000001</ele>
        <time>2021-09-25T10:28:20Z</time>
      </trkpt>
      <trkpt lat="-25.906638968735933" lon="31.102426014840603">
        <ele>1359.9200000000001</ele>
        <time>2021-09-25T10:28:21Z</time>
      </trkpt>
      <trkpt lat="-25.906560011208057" lon="31.102350996807218">
        <ele>1360.4000000000001</ele>
        <time>2021-09-25T10:28:22Z</time>
      </trkpt>
      <trkpt lat="-25.906469989567995" lon="31.102282013744116">
        <ele>1360.8800000000001</ele>
        <time>2021-09-25T10:28:23Z</time>
      </trkpt>
      <trkpt lat="-25.906374016776681" lon="31.102215964347124">
        <ele>1361.3599999999999</ele>
        <time>2021-09-25T10:28:24Z</time>
      </trkpt>
      <trkpt lat="-25.906178969889879" lon="31.102080009877682">
        <ele>1361.3599999999999</ele>
        <time>2021-09-25T10:28:26Z</time>
      </trkpt>
      <trkpt lat="-25.906098000705242" lon="31.102000968530774">
        <ele>1361.3599999999999</ele>
        <time>2021-09-25T10:28:27Z</time>
      </trkpt>
      <trkpt lat="-25.906037986278534" lon="31.101914970204234">
        <ele>1361.3599999999999</ele>
        <time>2021-09-25T10:28:28Z</time>
      </trkpt>
      <trkpt lat="-25.905999010428786" lon="31.101822014898062">
        <ele>1361.3599999999999</ele>
        <time>2021-09-25T10:28:29Z</time>
      </trkpt>
      <trkpt lat="-25.90598601847887" lon="31.101721012964845">
        <ele>1362.3299999999999</ele>
        <time>2021-09-25T10:28:30Z</time>
      </trkpt>
      <trkpt lat="-25.905998004600406" lon="31.101616993546486">
        <ele>1363.29</ele>
        <time>2021-09-25T10:28:31Z</time>
      </trkpt>
      <trkpt lat="-25.906036980450153" lon="31.101514985784888">
        <ele>1363.29</ele>
        <time>2021-09-25T10:28:32Z</time>
      </trkpt>
      <trkpt lat="-25.906103029847145" lon="31.101421024650335">
        <ele>1363.29</ele>
        <time>2021-09-25T10:28:33Z</time>
      </trkpt>
      <trkpt lat="-25.906191039830446" lon="31.10134600661695">
        <ele>1363.29</ele>
        <time>2021-09-25T10:28:34Z</time>
      </trkpt>
      <trkpt lat="-25.906297992914915" lon="31.101289009675384">
        <ele>1363.77</ele>
        <time>2021-09-25T10:28:35Z</time>
      </trkpt>
      <trkpt lat="-25.906412992626429" lon="31.101235030218959">
        <ele>1363.77</ele>
        <time>2021-09-25T10:28:36Z</time>
      </trkpt>
      <trkpt lat="-25.90652396902442" lon="31.101171998307109">
        <ele>1364.73</ele>
        <time>2021-09-25T10:28:37Z</time>
      </trkpt>
      <trkpt lat="-25.906623965129256" lon="31.101093040779233">
        <ele>1364.73</ele>
        <time>2021-09-25T10:28:38Z</time>
      </trkpt>
      <trkpt lat="-25.906708035618067" lon="31.100995978340507">
        <ele>1364.73</ele>
        <time>2021-09-25T10:28:39Z</time>
      </trkpt>
      <trkpt lat="-25.906769977882504" lon="31.100881984457374">
        <ele>1365.6900000000001</ele>
        <time>2021-09-25T10:28:40Z</time>
      </trkpt>
      <trkpt lat="-25.906808031722903" lon="31.100756004452705">
        <ele>1366.1700000000001</ele>
        <time>2021-09-25T10:28:41Z</time>
      </trkpt>
      <trkpt lat="-25.90682303532958" lon="31.100618960335851">
        <ele>1367.1300000000001</ele>
        <time>2021-09-25T10:28:42Z</time>
      </trkpt>
      <trkpt lat="-25.906814988702536" lon="31.100475965067744">
        <ele>1368.0899999999999</ele>
        <time>2021-09-25T10:28:43Z</time>
      </trkpt>
      <trkpt lat="-25.906783975660801" lon="31.100330036133528">
        <ele>1367.1300000000001</ele>
        <time>2021-09-25T10:28:44Z</time>
      </trkpt>
      <trkpt lat="-25.906734019517899" lon="31.100186035037041">
        <ele>1368.0899999999999</ele>
        <time>2021-09-25T10:28:45Z</time>
      </trkpt>
      <trkpt lat="-25.906675010919571" lon="31.100045973435044">
        <ele>1369.05</ele>
        <time>2021-09-25T10:28:46Z</time>
      </trkpt>
      <trkpt lat="-25.906547019258142" lon="31.099685970693827">
        <ele>1370.5</ele>
        <time>2021-09-25T10:28:49Z</time>
      </trkpt>
      <trkpt lat="-25.906532015651464" lon="31.0995820350945">
        <ele>1370.02</ele>
        <time>2021-09-25T10:28:50Z</time>
      </trkpt>
      <trkpt lat="-25.906530003994703" lon="31.099479021504521">
        <ele>1370.02</ele>
        <time>2021-09-25T10:28:51Z</time>
      </trkpt>
      <trkpt lat="-25.906538972631097" lon="31.099372990429401">
        <ele>1370.02</ele>
        <time>2021-09-25T10:28:52Z</time>
      </trkpt>
      <trkpt lat="-25.906559005379677" lon="31.099263019859791">
        <ele>1370.5</ele>
        <time>2021-09-25T10:28:53Z</time>
      </trkpt>
      <trkpt lat="-25.90658800676465" lon="31.099145002663136">
        <ele>1370.98</ele>
        <time>2021-09-25T10:28:54Z</time>
      </trkpt>
      <trkpt lat="-25.906648021191359" lon="31.098726997151971">
        <ele>1373.3800000000001</ele>
        <time>2021-09-25T10:28:57Z</time>
      </trkpt>
      <trkpt lat="-25.906646009534597" lon="31.098576039075851">
        <ele>1373.8599999999999</ele>
        <time>2021-09-25T10:28:58Z</time>
      </trkpt>
      <trkpt lat="-25.906602004542947" lon="31.097828960046172">
        <ele>1372.9000000000001</ele>
        <time>2021-09-25T10:29:04Z</time>
      </trkpt>
      <trkpt lat="-25.906602004542947" lon="31.097726030275226">
        <ele>1372.9000000000001</ele>
        <time>2021-09-25T10:29:05Z</time>
      </trkpt>
      <trkpt lat="-25.906637962907553" lon="31.09741598367691">
        <ele>1372.9000000000001</ele>
        <time>2021-09-25T10:29:08Z</time>
      </trkpt>
      <trkpt lat="-25.906665958464146" lon="31.0973060131073">
        <ele>1373.3800000000001</ele>
        <time>2021-09-25T10:29:09Z</time>
      </trkpt>
      <trkpt lat="-25.906707029789686" lon="31.097190007567406">
        <ele>1374.3399999999999</ele>
        <time>2021-09-25T10:29:10Z</time>
      </trkpt>
      <trkpt lat="-25.906761009246111" lon="31.097058998420835">
        <ele>1374.3399999999999</ele>
        <time>2021-09-25T10:29:11Z</time>
      </trkpt>
      <trkpt lat="-25.906948009505868" lon="31.0965979937464">
        <ele>1374.8199999999999</ele>
        <time>2021-09-25T10:29:14Z</time>
      </trkpt>
      <trkpt lat="-25.906980028375983" lon="31.096434965729713">
        <ele>1375.3</ele>
        <time>2021-09-25T10:29:15Z</time>
      </trkpt>
      <trkpt lat="-25.906993020325899" lon="31.096261041238904">
        <ele>1375.78</ele>
        <time>2021-09-25T10:29:16Z</time>
      </trkpt>
      <trkpt lat="-25.906982962042093" lon="31.095700962468982">
        <ele>1378.1900000000001</ele>
        <time>2021-09-25T10:29:19Z</time>
      </trkpt>
      <trkpt lat="-25.907062003389001" lon="31.094938963651657">
        <ele>1377.23</ele>
        <time>2021-09-25T10:29:24Z</time>
      </trkpt>
      <trkpt lat="-25.907109025865793" lon="31.094808960333467">
        <ele>1376.75</ele>
        <time>2021-09-25T10:29:25Z</time>
      </trkpt>
      <trkpt lat="-25.907169040292501" lon="31.094679040834308">
        <ele>1376.75</ele>
        <time>2021-09-25T10:29:26Z</time>
      </trkpt>
      <trkpt lat="-25.907350005581975" lon="31.09427897259593">
        <ele>1376.75</ele>
        <time>2021-09-25T10:29:29Z</time>
      </trkpt>
      <trkpt lat="-25.907378001138568" lon="31.094144023954868">
        <ele>1376.26</ele>
        <time>2021-09-25T10:29:30Z</time>
      </trkpt>
      <trkpt lat="-25.907383030280471" lon="31.094005974009633">
        <ele>1376.26</ele>
        <time>2021-09-25T10:29:31Z</time>
      </trkpt>
      <trkpt lat="-25.907365009188652" lon="31.09386901371181">
        <ele>1375.78</ele>
        <time>2021-09-25T10:29:32Z</time>
      </trkpt>
      <trkpt lat="-25.907325027510524" lon="31.093731969594955">
        <ele>1376.26</ele>
        <time>2021-09-25T10:29:33Z</time>
      </trkpt>
      <trkpt lat="-25.907265013083816" lon="31.093594003468752">
        <ele>1377.23</ele>
        <time>2021-09-25T10:29:34Z</time>
      </trkpt>
      <trkpt lat="-25.907194018363953" lon="31.093451008200645">
        <ele>1377.23</ele>
        <time>2021-09-25T10:29:35Z</time>
      </trkpt>
      <trkpt lat="-25.9070810303092" lon="31.09318102709949">
        <ele>1375.78</ele>
        <time>2021-09-25T10:29:37Z</time>
      </trkpt>
      <trkpt lat="-25.907054040580988" lon="31.093049012124538">
        <ele>1375.3</ele>
        <time>2021-09-25T10:29:38Z</time>
      </trkpt>
      <trkpt lat="-25.907049011439085" lon="31.092912973836064">
        <ele>1375.3</ele>
        <time>2021-09-25T10:29:39Z</time>
      </trkpt>
      <trkpt lat="-25.907068038359284" lon="31.092778025195003">
        <ele>1375.78</ele>
        <time>2021-09-25T10:29:40Z</time>
      </trkpt>
      <trkpt lat="-25.907114977017045" lon="31.092648021876812">
        <ele>1376.26</ele>
        <time>2021-09-25T10:29:41Z</time>
      </trkpt>
      <trkpt lat="-25.907187983393669" lon="31.092522041872144">
        <ele>1376.75</ele>
        <time>2021-09-25T10:29:42Z</time>
      </trkpt>
      <trkpt lat="-25.907282028347254" lon="31.092403018847108">
        <ele>1377.23</ele>
        <time>2021-09-25T10:29:43Z</time>
      </trkpt>
      <trkpt lat="-25.907398033887148" lon="31.092285001650453">
        <ele>1377.23</ele>
        <time>2021-09-25T10:29:44Z</time>
      </trkpt>
      <trkpt lat="-25.907529965043068" lon="31.092168996110559">
        <ele>1377.23</ele>
        <time>2021-09-25T10:29:45Z</time>
      </trkpt>
      <trkpt lat="-25.907680001109838" lon="31.092056008055806">
        <ele>1376.26</ele>
        <time>2021-09-25T10:29:46Z</time>
      </trkpt>
      <trkpt lat="-25.908206971362233" lon="31.091644037514925">
        <ele>1373.8599999999999</ele>
        <time>2021-09-25T10:29:50Z</time>
      </trkpt>
      <trkpt lat="-25.90828400105238" lon="31.091542029753327">
        <ele>1373.3800000000001</ele>
        <time>2021-09-25T10:29:51Z</time>
      </trkpt>
      <trkpt lat="-25.908339992165565" lon="31.091429963707924">
        <ele>1373.3800000000001</ele>
        <time>2021-09-25T10:29:52Z</time>
      </trkpt>
      <trkpt lat="-25.9083710052073" lon="31.091307001188397">
        <ele>1372.9000000000001</ele>
        <time>2021-09-25T10:29:53Z</time>
      </trkpt>
      <trkpt lat="-25.908376034349203" lon="31.091176997870207">
        <ele>1371.9400000000001</ele>
        <time>2021-09-25T10:29:54Z</time>
      </trkpt>
      <trkpt lat="-25.908358013257384" lon="31.091045988723636">
        <ele>1371.9400000000001</ele>
        <time>2021-09-25T10:29:55Z</time>
      </trkpt>
      <trkpt lat="-25.908316019922495" lon="31.090920008718967">
        <ele>1372.4200000000001</ele>
        <time>2021-09-25T10:29:56Z</time>
      </trkpt>
      <trkpt lat="-25.908249970525503" lon="31.090809032320976">
        <ele>1371.9400000000001</ele>
        <time>2021-09-25T10:29:57Z</time>
      </trkpt>
      <trkpt lat="-25.908163972198963" lon="31.090718004852533">
        <ele>1371.9400000000001</ele>
        <time>2021-09-25T10:29:58Z</time>
      </trkpt>
      <trkpt lat="-25.908061964437366" lon="31.09064701013267">
        <ele>1372.9000000000001</ele>
        <time>2021-09-25T10:29:59Z</time>
      </trkpt>
      <trkpt lat="-25.907949982210994" lon="31.0906040109694">
        <ele>1373.8599999999999</ele>
        <time>2021-09-25T10:30:00Z</time>
      </trkpt>
      <trkpt lat="-25.9078339766711" lon="31.090590013191104">
        <ele>1373.8599999999999</ele>
        <time>2021-09-25T10:30:01Z</time>
      </trkpt>
      <trkpt lat="-25.907718976959586" lon="31.09060300514102">
        <ele>1374.3399999999999</ele>
        <time>2021-09-25T10:30:02Z</time>
      </trkpt>
      <trkpt lat="-25.907609006389976" lon="31.090641980990767">
        <ele>1374.8199999999999</ele>
        <time>2021-09-25T10:30:03Z</time>
      </trkpt>
      <trkpt lat="-25.907500041648746" lon="31.090698977932334">
        <ele>1375.78</ele>
        <time>2021-09-25T10:30:04Z</time>
      </trkpt>
      <trkpt lat="-25.9073849581182" lon="31.090767038986087">
        <ele>1376.26</ele>
        <time>2021-09-25T10:30:05Z</time>
      </trkpt>
      <trkpt lat="-25.90690802782774" lon="31.091023022308946">
        <ele>1376.75</ele>
        <time>2021-09-25T10:30:09Z</time>
      </trkpt>
      <trkpt lat="-25.906776012852788" lon="31.09105403535068">
        <ele>1376.75</ele>
        <time>2021-09-25T10:30:10Z</time>
      </trkpt>
      <trkpt lat="-25.906640980392694" lon="31.091058980673552">
        <ele>1377.23</ele>
        <time>2021-09-25T10:30:11Z</time>
      </trkpt>
      <trkpt lat="-25.906507959589362" lon="31.091040037572384">
        <ele>1376.75</ele>
        <time>2021-09-25T10:30:12Z</time>
      </trkpt>
      <trkpt lat="-25.906380973756313" lon="31.091014975681901">
        <ele>1376.26</ele>
        <time>2021-09-25T10:30:13Z</time>
      </trkpt>
      <trkpt lat="-25.906143011525273" lon="31.090983040630817">
        <ele>1374.8199999999999</ele>
        <time>2021-09-25T10:30:15Z</time>
      </trkpt>
      <trkpt lat="-25.906031029298902" lon="31.090994020923972">
        <ele>1374.3399999999999</ele>
        <time>2021-09-25T10:30:16Z</time>
      </trkpt>
      <trkpt lat="-25.905927009880543" lon="31.091027967631817">
        <ele>1373.8599999999999</ele>
        <time>2021-09-25T10:30:17Z</time>
      </trkpt>
      <trkpt lat="-25.905831037089229" lon="31.091083036735654">
        <ele>1373.3800000000001</ele>
        <time>2021-09-25T10:30:18Z</time>
      </trkpt>
      <trkpt lat="-25.905745960772038" lon="31.091157970950007">
        <ele>1373.3800000000001</ele>
        <time>2021-09-25T10:30:19Z</time>
      </trkpt>
      <trkpt lat="-25.905673038214445" lon="31.091252015903592">
        <ele>1372.4200000000001</ele>
        <time>2021-09-25T10:30:20Z</time>
      </trkpt>
      <trkpt lat="-25.905611012130976" lon="31.091362992301583">
        <ele>1371.46</ele>
        <time>2021-09-25T10:30:21Z</time>
      </trkpt>
      <trkpt lat="-25.90555602684617" lon="31.09148696064949">
        <ele>1370.5</ele>
        <time>2021-09-25T10:30:22Z</time>
      </trkpt>
      <trkpt lat="-25.905503975227475" lon="31.091620987281203">
        <ele>1370.5</ele>
        <time>2021-09-25T10:30:23Z</time>
      </trkpt>
      <trkpt lat="-25.905000977218151" lon="31.092757992446423">
        <ele>1369.05</ele>
        <time>2021-09-25T10:30:31Z</time>
      </trkpt>
      <trkpt lat="-25.904326988384128" lon="31.09354698099196">
        <ele>1369.54</ele>
        <time>2021-09-25T10:30:38Z</time>
      </trkpt>
      <trkpt lat="-25.903798006474972" lon="31.093950988724828">
        <ele>1367.1300000000001</ele>
        <time>2021-09-25T10:30:42Z</time>
      </trkpt>
      <trkpt lat="-25.903242034837604" lon="31.094361031427979">
        <ele>1365.6900000000001</ele>
        <time>2021-09-25T10:30:46Z</time>
      </trkpt>
      <trkpt lat="-25.902686985209584" lon="31.094774007797241">
        <ele>1360.8800000000001</ele>
        <time>2021-09-25T10:30:50Z</time>
      </trkpt>
      <trkpt lat="-25.902411974966526" lon="31.094981962814927">
        <ele>1359.9200000000001</ele>
        <time>2021-09-25T10:30:52Z</time>
      </trkpt>
      <trkpt lat="-25.901977960020304" lon="31.095302989706397">
        <ele>1356.5599999999999</ele>
        <time>2021-09-25T10:30:55Z</time>
      </trkpt>
      <trkpt lat="-25.901545034721494" lon="31.095622004941106">
        <ele>1352.71</ele>
        <time>2021-09-25T10:30:58Z</time>
      </trkpt>
      <trkpt lat="-25.901392986997962" lon="31.095704985782504">
        <ele>1351.75</ele>
        <time>2021-09-25T10:30:59Z</time>
      </trkpt>
      <trkpt lat="-25.901230964809656" lon="31.095757037401199">
        <ele>1349.8299999999999</ele>
        <time>2021-09-25T10:31:00Z</time>
      </trkpt>
      <trkpt lat="-25.90106500312686" lon="31.095772963017225">
        <ele>1348.3900000000001</ele>
        <time>2021-09-25T10:31:01Z</time>
      </trkpt>
      <trkpt lat="-25.900898035615683" lon="31.095756031572819">
        <ele>1347.4300000000001</ele>
        <time>2021-09-25T10:31:02Z</time>
      </trkpt>
      <trkpt lat="-25.900734001770616" lon="31.095709009096026">
        <ele>1346.9400000000001</ele>
        <time>2021-09-25T10:31:03Z</time>
      </trkpt>
      <trkpt lat="-25.900578014552593" lon="31.095630973577499">
        <ele>1346.46</ele>
        <time>2021-09-25T10:31:04Z</time>
      </trkpt>
      <trkpt lat="-25.900428984314203" lon="31.095527959987521">
        <ele>1345.98</ele>
        <time>2021-09-25T10:31:05Z</time>
      </trkpt>
      <trkpt lat="-25.900280959904194" lon="31.095422012731433">
        <ele>1345.02</ele>
        <time>2021-09-25T10:31:06Z</time>
      </trkpt>
      <trkpt lat="-25.899973008781672" lon="31.095229983329773">
        <ele>1345.02</ele>
        <time>2021-09-25T10:31:08Z</time>
      </trkpt>
      <trkpt lat="-25.899808974936604" lon="31.095162006095052">
        <ele>1345.02</ele>
        <time>2021-09-25T10:31:09Z</time>
      </trkpt>
      <trkpt lat="-25.899641001597047" lon="31.095122024416924">
        <ele>1344.54</ele>
        <time>2021-09-25T10:31:10Z</time>
      </trkpt>
      <trkpt lat="-25.899467999115586" lon="31.095104003325105">
        <ele>1343.5799999999999</ele>
        <time>2021-09-25T10:31:11Z</time>
      </trkpt>
      <trkpt lat="-25.899292984977365" lon="31.095108026638627">
        <ele>1343.0999999999999</ele>
        <time>2021-09-25T10:31:12Z</time>
      </trkpt>
      <trkpt lat="-25.899117970839143" lon="31.095130993053317">
        <ele>1342.1400000000001</ele>
        <time>2021-09-25T10:31:13Z</time>
      </trkpt>
      <trkpt lat="-25.898943040519953" lon="31.095161000266671">
        <ele>1340.22</ele>
        <time>2021-09-25T10:31:14Z</time>
      </trkpt>
      <trkpt lat="-25.898598963394761" lon="31.095227971673012">
        <ele>1336.8499999999999</ele>
        <time>2021-09-25T10:31:16Z</time>
      </trkpt>
      <trkpt lat="-25.898068975657225" lon="31.095342971384525">
        <ele>1332.52</ele>
        <time>2021-09-25T10:31:19Z</time>
      </trkpt>
      <trkpt lat="-25.897881975397468" lon="31.095377001911402">
        <ele>1332.52</ele>
        <time>2021-09-25T10:31:20Z</time>
      </trkpt>
      <trkpt lat="-25.897507974877954" lon="31.095402985811234">
        <ele>1332.52</ele>
        <time>2021-09-25T10:31:22Z</time>
      </trkpt>
      <trkpt lat="-25.897323992103338" lon="31.095385970547795">
        <ele>1332.52</ele>
        <time>2021-09-25T10:31:23Z</time>
      </trkpt>
      <trkpt lat="-25.896287988871336" lon="31.095286980271339">
        <ele>1332.52</ele>
        <time>2021-09-25T10:31:29Z</time>
      </trkpt>
      <trkpt lat="-25.896141976118088" lon="31.095310030505061">
        <ele>1332.04</ele>
        <time>2021-09-25T10:31:30Z</time>
      </trkpt>
      <trkpt lat="-25.895022992044687" lon="31.095536006614566">
        <ele>1334.9300000000001</ele>
        <time>2021-09-25T10:31:38Z</time>
      </trkpt>
      <trkpt lat="-25.894388984888792" lon="31.095517985522747">
        <ele>1338.77</ele>
        <time>2021-09-25T10:31:42Z</time>
      </trkpt>
      <trkpt lat="-25.893727988004684" lon="31.095430981367826">
        <ele>1342.6199999999999</ele>
        <time>2021-09-25T10:31:46Z</time>
      </trkpt>
      <trkpt lat="-25.893562026321888" lon="31.095410026609898">
        <ele>1342.6199999999999</ele>
        <time>2021-09-25T10:31:47Z</time>
      </trkpt>
      <trkpt lat="-25.893234964460135" lon="31.095366021618247">
        <ele>1346.46</ele>
        <time>2021-09-25T10:31:49Z</time>
      </trkpt>
      <trkpt lat="-25.892759962007403" lon="31.095323022454977">
        <ele>1349.8299999999999</ele>
        <time>2021-09-25T10:31:52Z</time>
      </trkpt>
      <trkpt lat="-25.89229803532362" lon="31.095331991091371">
        <ele>1354.1500000000001</ele>
        <time>2021-09-25T10:31:55Z</time>
      </trkpt>
      <trkpt lat="-25.891853040084243" lon="31.095411032438278">
        <ele>1358.48</ele>
        <time>2021-09-25T10:31:58Z</time>
      </trkpt>
      <trkpt lat="-25.891562020406127" lon="31.095501976087689">
        <ele>1361.8399999999999</ele>
        <time>2021-09-25T10:32:00Z</time>
      </trkpt>
      <trkpt lat="-25.890973024070263" lon="31.095746979117393">
        <ele>1367.6099999999999</ele>
        <time>2021-09-25T10:32:04Z</time>
      </trkpt>
      <trkpt lat="-25.890506990253925" lon="31.095945965498686">
        <ele>1371.9400000000001</ele>
        <time>2021-09-25T10:32:07Z</time>
      </trkpt>
      <trkpt lat="-25.890193004161119" lon="31.09608200378716">
        <ele>1375.3</ele>
        <time>2021-09-25T10:32:09Z</time>
      </trkpt>
      <trkpt lat="-25.889878012239933" lon="31.096215024590492">
        <ele>1378.1900000000001</ele>
        <time>2021-09-25T10:32:11Z</time>
      </trkpt>
      <trkpt lat="-25.889557991176844" lon="31.096334969624877">
        <ele>1381.55</ele>
        <time>2021-09-25T10:32:13Z</time>
      </trkpt>
      <trkpt lat="-25.889235958456993" lon="31.096432032063603">
        <ele>1384.4400000000001</ele>
        <time>2021-09-25T10:32:15Z</time>
      </trkpt>
      <trkpt lat="-25.888915015384555" lon="31.096522975713015">
        <ele>1387.8</ele>
        <time>2021-09-25T10:32:17Z</time>
      </trkpt>
      <trkpt lat="-25.888438001275063" lon="31.096655996516347">
        <ele>1392.1300000000001</ele>
        <time>2021-09-25T10:32:20Z</time>
      </trkpt>
      <trkpt lat="-25.888118986040354" lon="31.096709975972772">
        <ele>1395.49</ele>
        <time>2021-09-25T10:32:22Z</time>
      </trkpt>
      <trkpt lat="-25.887641971930861" lon="31.096744006499648">
        <ele>1399.3399999999999</ele>
        <time>2021-09-25T10:32:25Z</time>
      </trkpt>
      <trkpt lat="-25.887319017201662" lon="31.096756998449564">
        <ele>1403.1800000000001</ele>
        <time>2021-09-25T10:32:27Z</time>
      </trkpt>
      <trkpt lat="-25.887159006670117" lon="31.096775019541383">
        <ele>1404.1400000000001</ele>
        <time>2021-09-25T10:32:28Z</time>
      </trkpt>
      <trkpt lat="-25.887004025280476" lon="31.096807038411498">
        <ele>1406.0699999999999</ele>
        <time>2021-09-25T10:32:29Z</time>
      </trkpt>
      <trkpt lat="-25.886595994234085" lon="31.096913991495967">
        <ele>1409.9100000000001</ele>
        <time>2021-09-25T10:32:32Z</time>
      </trkpt>
      <trkpt lat="-25.886488035321236" lon="31.096937963739038">
        <ele>1409.9100000000001</ele>
        <time>2021-09-25T10:32:33Z</time>
      </trkpt>
      <trkpt lat="-25.886270022019744" lon="31.096981968730688">
        <ele>1411.8299999999999</ele>
        <time>2021-09-25T10:32:36Z</time>
      </trkpt>
      <trkpt lat="-25.886229034513235" lon="31.097002001479268">
        <ele>1412.3099999999999</ele>
        <time>2021-09-25T10:32:37Z</time>
      </trkpt>
      <trkpt lat="-25.886124009266496" lon="31.097151031717658">
        <ele>1411.3499999999999</ele>
        <time>2021-09-25T10:32:42Z</time>
      </trkpt>
      <trkpt lat="-25.886098025366664" lon="31.097087999805808">
        <ele>1411.8299999999999</ele>
        <time>2021-09-25T10:32:47Z</time>
      </trkpt>
      <trkpt lat="-25.886100037023425" lon="31.097085988149047">
        <ele>1411.8299999999999</ele>
        <time>2021-09-25T10:33:00Z</time>
      </trkpt>
      <trkpt lat="-25.886110011488199" lon="31.09709202311933">
        <ele>1412.3099999999999</ele>
        <time>2021-09-25T10:39:42Z</time>
      </trkpt>
      <trkpt lat="-25.886121997609735" lon="31.097090011462569">
        <ele>1413.28</ele>
        <time>2021-09-25T10:54:00Z</time>
      </trkpt>
      <trkpt lat="-25.886113028973341" lon="31.097090011462569">
        <ele>1413.76</ele>
        <time>2021-09-25T10:57:51Z</time>
      </trkpt>
      <trkpt lat="-25.886161979287863" lon="31.097052963450551">
        <ele>1416.1600000000001</ele>
        <time>2021-09-25T11:15:50Z</time>
      </trkpt>
      <trkpt lat="-25.886201960965991" lon="31.097029997035861">
        <ele>1416.1600000000001</ele>
        <time>2021-09-25T11:15:51Z</time>
      </trkpt>
      <trkpt lat="-25.886244960129261" lon="31.097010970115662">
        <ele>1416.1600000000001</ele>
        <time>2021-09-25T11:15:52Z</time>
      </trkpt>
      <trkpt lat="-25.886420980095863" lon="31.096961013972759">
        <ele>1415.6800000000001</ele>
        <time>2021-09-25T11:15:55Z</time>
      </trkpt>
      <trkpt lat="-25.886820964515209" lon="31.096875015646219">
        <ele>1412.3099999999999</ele>
        <time>2021-09-25T11:15:59Z</time>
      </trkpt>
      <trkpt lat="-25.88714400306344" lon="31.096807038411498">
        <ele>1408.95</ele>
        <time>2021-09-25T11:16:02Z</time>
      </trkpt>
      <trkpt lat="-25.88744499720633" lon="31.096780970692635">
        <ele>1405.0999999999999</ele>
        <time>2021-09-25T11:16:05Z</time>
      </trkpt>
      <trkpt lat="-25.887709027156234" lon="31.096781976521015">
        <ele>1402.22</ele>
        <time>2021-09-25T11:16:08Z</time>
      </trkpt>
      <trkpt lat="-25.887875994667411" lon="31.096774013713002">
        <ele>1399.3399999999999</ele>
        <time>2021-09-25T11:16:11Z</time>
      </trkpt>
      <trkpt lat="-25.887775998562574" lon="31.096732020378113">
        <ele>1399.8199999999999</ele>
        <time>2021-09-25T11:16:18Z</time>
      </trkpt>
      <trkpt lat="-25.887724030762911" lon="31.096736965700984">
        <ele>1400.78</ele>
        <time>2021-09-25T11:16:19Z</time>
      </trkpt>
      <trkpt lat="-25.887376014143229" lon="31.096762027591467">
        <ele>1403.6600000000001</ele>
        <time>2021-09-25T11:16:24Z</time>
      </trkpt>
      <trkpt lat="-25.887115001678467" lon="31.096787005662918">
        <ele>1407.03</ele>
        <time>2021-09-25T11:16:27Z</time>
      </trkpt>
      <trkpt lat="-25.886837979778647" lon="31.096849031746387">
        <ele>1410.8699999999999</ele>
        <time>2021-09-25T11:16:30Z</time>
      </trkpt>
      <trkpt lat="-25.886470014229417" lon="31.096937041729689">
        <ele>1414.72</ele>
        <time>2021-09-25T11:16:34Z</time>
      </trkpt>
      <trkpt lat="-25.886385021731257" lon="31.096937963739038">
        <ele>1414.72</ele>
        <time>2021-09-25T11:16:35Z</time>
      </trkpt>
      <trkpt lat="-25.886304974555969" lon="31.096925977617502">
        <ele>1415.6800000000001</ele>
        <time>2021-09-25T11:16:36Z</time>
      </trkpt>
      <trkpt lat="-25.886230962350965" lon="31.096895970404148">
        <ele>1416.1600000000001</ele>
        <time>2021-09-25T11:16:37Z</time>
      </trkpt>
      <trkpt lat="-25.886162985116243" lon="31.096850037574768">
        <ele>1417.1199999999999</ele>
        <time>2021-09-25T11:16:38Z</time>
      </trkpt>
      <trkpt lat="-25.886100037023425" lon="31.096788011491299">
        <ele>1417.5999999999999</ele>
        <time>2021-09-25T11:16:39Z</time>
      </trkpt>
      <trkpt lat="-25.886046979576349" lon="31.096712993457913">
        <ele>1418.0799999999999</ele>
        <time>2021-09-25T11:16:40Z</time>
      </trkpt>
      <trkpt lat="-25.88600498624146" lon="31.096626995131373">
        <ele>1419.04</ele>
        <time>2021-09-25T11:16:41Z</time>
      </trkpt>
      <trkpt lat="-25.885971961542964" lon="31.096534039825201">
        <ele>1420</ele>
        <time>2021-09-25T11:16:42Z</time>
      </trkpt>
      <trkpt lat="-25.885943965986371" lon="31.096435971558094">
        <ele>1420.97</ele>
        <time>2021-09-25T11:16:43Z</time>
      </trkpt>
      <trkpt lat="-25.88591898791492" lon="31.096335975453258">
        <ele>1421.45</ele>
        <time>2021-09-25T11:16:44Z</time>
      </trkpt>
      <trkpt lat="-25.885886969044805" lon="31.096131037920713">
        <ele>1422.4100000000001</ele>
        <time>2021-09-25T11:16:46Z</time>
      </trkpt>
      <trkpt lat="-25.885885963216424" lon="31.096026012673974">
        <ele>1423.8499999999999</ele>
        <time>2021-09-25T11:16:47Z</time>
      </trkpt>
      <trkpt lat="-25.88589702732861" lon="31.095920987427235">
        <ele>1424.3299999999999</ele>
        <time>2021-09-25T11:16:48Z</time>
      </trkpt>
      <trkpt lat="-25.8859199937433" lon="31.095815040171146">
        <ele>1424.8099999999999</ele>
        <time>2021-09-25T11:16:49Z</time>
      </trkpt>
      <trkpt lat="-25.885952012613416" lon="31.095704985782504">
        <ele>1425.29</ele>
        <time>2021-09-25T11:16:50Z</time>
      </trkpt>
      <trkpt lat="-25.886101964861155" lon="31.094725979492068">
        <ele>1425.29</ele>
        <time>2021-09-25T11:16:58Z</time>
      </trkpt>
      <trkpt lat="-25.886267004534602" lon="31.093764994293451">
        <ele>1421.9300000000001</ele>
        <time>2021-09-25T11:17:05Z</time>
      </trkpt>
      <trkpt lat="-25.886454004794359" lon="31.093152025714517">
        <ele>1420</ele>
        <time>2021-09-25T11:17:09Z</time>
      </trkpt>
      <trkpt lat="-25.886593982577324" lon="31.09255800023675">
        <ele>1416.1600000000001</ele>
        <time>2021-09-25T11:17:13Z</time>
      </trkpt>
      <trkpt lat="-25.88660697452724" lon="31.092421961948276">
        <ele>1415.6800000000001</ele>
        <time>2021-09-25T11:17:14Z</time>
      </trkpt>
      <trkpt lat="-25.886604962870479" lon="31.092288019135594">
        <ele>1415.6800000000001</ele>
        <time>2021-09-25T11:17:15Z</time>
      </trkpt>
      <trkpt lat="-25.886591970920563" lon="31.092158015817404">
        <ele>1416.1600000000001</ele>
        <time>2021-09-25T11:17:16Z</time>
      </trkpt>
      <trkpt lat="-25.886567998677492" lon="31.092036981135607">
        <ele>1415.6800000000001</ele>
        <time>2021-09-25T11:17:17Z</time>
      </trkpt>
      <trkpt lat="-25.886540003120899" lon="31.091923993080854">
        <ele>1415.6800000000001</ele>
        <time>2021-09-25T11:17:18Z</time>
      </trkpt>
      <trkpt lat="-25.886404970660806" lon="31.091455025598407">
        <ele>1413.76</ele>
        <time>2021-09-25T11:17:24Z</time>
      </trkpt>
      <trkpt lat="-25.886277984827757" lon="31.091040037572384">
        <ele>1414.24</ele>
        <time>2021-09-25T11:17:31Z</time>
      </trkpt>
      <trkpt lat="-25.885941032320261" lon="31.090392032638192">
        <ele>1413.28</ele>
        <time>2021-09-25T11:17:40Z</time>
      </trkpt>
      <trkpt lat="-25.885885963216424" lon="31.090326989069581">
        <ele>1413.28</ele>
        <time>2021-09-25T11:17:41Z</time>
      </trkpt>
      <trkpt lat="-25.885826032608747" lon="31.090266974642873">
        <ele>1413.28</ele>
        <time>2021-09-25T11:17:42Z</time>
      </trkpt>
      <trkpt lat="-25.885239969938993" lon="31.089944019913673">
        <ele>1414.24</ele>
        <time>2021-09-25T11:17:50Z</time>
      </trkpt>
      <trkpt lat="-25.884640999138355" lon="31.089847041293979">
        <ele>1417.5999999999999</ele>
        <time>2021-09-25T11:17:57Z</time>
      </trkpt>
      <trkpt lat="-25.884392978623509" lon="31.089815022423863">
        <ele>1419.04</ele>
        <time>2021-09-25T11:17:59Z</time>
      </trkpt>
      <trkpt lat="-25.883799036964774" lon="31.089740004390478">
        <ele>1422.8900000000001</ele>
        <time>2021-09-25T11:18:03Z</time>
      </trkpt>
      <trkpt lat="-25.883135022595525" lon="31.089653000235558">
        <ele>1427.21</ele>
        <time>2021-09-25T11:18:07Z</time>
      </trkpt>
      <trkpt lat="-25.882390961050987" lon="31.089556021615863">
        <ele>1430.0999999999999</ele>
        <time>2021-09-25T11:18:11Z</time>
      </trkpt>
      <trkpt lat="-25.881460988894105" lon="31.089413026347756">
        <ele>1428.6600000000001</ele>
        <time>2021-09-25T11:18:16Z</time>
      </trkpt>
      <trkpt lat="-25.88129997253418" lon="31.089357035234571">
        <ele>1428.6600000000001</ele>
        <time>2021-09-25T11:18:17Z</time>
      </trkpt>
      <trkpt lat="-25.88114800862968" lon="31.089278999716043">
        <ele>1428.6600000000001</ele>
        <time>2021-09-25T11:18:18Z</time>
      </trkpt>
      <trkpt lat="-25.881004007533193" lon="31.089183026924729">
        <ele>1429.1400000000001</ele>
        <time>2021-09-25T11:18:19Z</time>
      </trkpt>
      <trkpt lat="-25.88087098672986" lon="31.089070960879326">
        <ele>1429.1400000000001</ele>
        <time>2021-09-25T11:18:20Z</time>
      </trkpt>
      <trkpt lat="-25.880751963704824" lon="31.088942969217896">
        <ele>1430.0999999999999</ele>
        <time>2021-09-25T11:18:21Z</time>
      </trkpt>
      <trkpt lat="-25.880649033933878" lon="31.088802991434932">
        <ele>1430.0999999999999</ele>
        <time>2021-09-25T11:18:22Z</time>
      </trkpt>
      <trkpt lat="-25.880558006465435" lon="31.088654967024922">
        <ele>1430.0999999999999</ele>
        <time>2021-09-25T11:18:23Z</time>
      </trkpt>
      <trkpt lat="-25.880465973168612" lon="31.088510965928435">
        <ele>1430.5799999999999</ele>
        <time>2021-09-25T11:18:24Z</time>
      </trkpt>
      <trkpt lat="-25.880362959578633" lon="31.088385991752148">
        <ele>1432.02</ele>
        <time>2021-09-25T11:18:25Z</time>
      </trkpt>
      <trkpt lat="-25.88024795986712" lon="31.088285995647311">
        <ele>1432.98</ele>
        <time>2021-09-25T11:18:26Z</time>
      </trkpt>
      <trkpt lat="-25.880124997347593" lon="31.088211983442307">
        <ele>1433.46</ele>
        <time>2021-09-25T11:18:27Z</time>
      </trkpt>
      <trkpt lat="-25.879993988201022" lon="31.088164960965514">
        <ele>1434.9100000000001</ele>
        <time>2021-09-25T11:18:28Z</time>
      </trkpt>
      <trkpt lat="-25.879854010418057" lon="31.088139982894063">
        <ele>1435.8699999999999</ele>
        <time>2021-09-25T11:18:29Z</time>
      </trkpt>
      <trkpt lat="-25.879703974351287" lon="31.088129002600908">
        <ele>1436.8299999999999</ele>
        <time>2021-09-25T11:18:30Z</time>
      </trkpt>
      <trkpt lat="-25.879225032404065" lon="31.088096983730793">
        <ele>1440.1900000000001</ele>
        <time>2021-09-25T11:18:33Z</time>
      </trkpt>
      <trkpt lat="-25.878579961135983" lon="31.088050967082381">
        <ele>1443.5599999999999</ele>
        <time>2021-09-25T11:18:37Z</time>
      </trkpt>
      <trkpt lat="-25.878276033326983" lon="31.088026994839311">
        <ele>1446.4400000000001</ele>
        <time>2021-09-25T11:18:39Z</time>
      </trkpt>
      <trkpt lat="-25.877981996163726" lon="31.087998999282718">
        <ele>1450.77</ele>
        <time>2021-09-25T11:18:41Z</time>
      </trkpt>
      <trkpt lat="-25.877396017313004" lon="31.087921969592571">
        <ele>1454.1300000000001</ele>
        <time>2021-09-25T11:18:45Z</time>
      </trkpt>
      <trkpt lat="-25.877096028998494" lon="31.087854998186231">
        <ele>1457.02</ele>
        <time>2021-09-25T11:18:47Z</time>
      </trkpt>
      <trkpt lat="-25.876639969646931" lon="31.087704040110111">
        <ele>1460.3800000000001</ele>
        <time>2021-09-25T11:18:50Z</time>
      </trkpt>
      <trkpt lat="-25.876181982457638" lon="31.087541012093425">
        <ele>1463.74</ele>
        <time>2021-09-25T11:18:53Z</time>
      </trkpt>
      <trkpt lat="-25.875889034941792" lon="31.087456019595265">
        <ele>1467.1099999999999</ele>
        <time>2021-09-25T11:18:55Z</time>
      </trkpt>
      <trkpt lat="-25.875462982803583" lon="31.087419977411628">
        <ele>1470.47</ele>
        <time>2021-09-25T11:18:58Z</time>
      </trkpt>
      <trkpt lat="-25.87532602250576" lon="31.087434981018305">
        <ele>1471.4400000000001</ele>
        <time>2021-09-25T11:18:59Z</time>
      </trkpt>
      <trkpt lat="-25.875193001702428" lon="31.087469011545181">
        <ele>1472.4000000000001</ele>
        <time>2021-09-25T11:19:00Z</time>
      </trkpt>
      <trkpt lat="-25.875064004212618" lon="31.087520979344845">
        <ele>1473.3599999999999</ele>
        <time>2021-09-25T11:19:01Z</time>
      </trkpt>
      <trkpt lat="-25.87494196370244" lon="31.087592979893088">
        <ele>1473.8399999999999</ele>
        <time>2021-09-25T11:19:02Z</time>
      </trkpt>
      <trkpt lat="-25.874824030324817" lon="31.08768098987639">
        <ele>1474.3199999999999</ele>
        <time>2021-09-25T11:19:03Z</time>
      </trkpt>
      <trkpt lat="-25.874709030613303" lon="31.087781991809607">
        <ele>1476.24</ele>
        <time>2021-09-25T11:19:04Z</time>
      </trkpt>
      <trkpt lat="-25.874356990680099" lon="31.088096983730793">
        <ele>1477.6800000000001</ele>
        <time>2021-09-25T11:19:07Z</time>
      </trkpt>
      <trkpt lat="-25.873445039615035" lon="31.088797962293029">
        <ele>1474.3199999999999</ele>
        <time>2021-09-25T11:19:14Z</time>
      </trkpt>
      <trkpt lat="-25.873315036296844" lon="31.088889995589852">
        <ele>1474.3199999999999</ele>
        <time>2021-09-25T11:19:15Z</time>
      </trkpt>
      <trkpt lat="-25.873184027150273" lon="31.088967025279999">
        <ele>1474.3199999999999</ele>
        <time>2021-09-25T11:19:16Z</time>
      </trkpt>
      <trkpt lat="-25.873051006346941" lon="31.089023016393185">
        <ele>1475.28</ele>
        <time>2021-09-25T11:19:17Z</time>
      </trkpt>
      <trkpt lat="-25.872911028563976" lon="31.089056041091681">
        <ele>1476.24</ele>
        <time>2021-09-25T11:19:18Z</time>
      </trkpt>
      <trkpt lat="-25.87277096696198" lon="31.089061992242932">
        <ele>1478.1600000000001</ele>
        <time>2021-09-25T11:19:19Z</time>
      </trkpt>
      <trkpt lat="-25.872635012492537" lon="31.089041959494352">
        <ele>1478.6500000000001</ele>
        <time>2021-09-25T11:19:20Z</time>
      </trkpt>
      <trkpt lat="-25.872502997517586" lon="31.088999966159463">
        <ele>1480.0899999999999</ele>
        <time>2021-09-25T11:19:21Z</time>
      </trkpt>
      <trkpt lat="-25.872376011684537" lon="31.088940035551786">
        <ele>1481.53</ele>
        <time>2021-09-25T11:19:22Z</time>
      </trkpt>
      <trkpt lat="-25.872259000316262" lon="31.088862000033259">
        <ele>1482.49</ele>
        <time>2021-09-25T11:19:23Z</time>
      </trkpt>
      <trkpt lat="-25.872151963412762" lon="31.088765021413565">
        <ele>1482.97</ele>
        <time>2021-09-25T11:19:24Z</time>
      </trkpt>
      <trkpt lat="-25.872062025591731" lon="31.088650021702051">
        <ele>1483.45</ele>
        <time>2021-09-25T11:19:25Z</time>
      </trkpt>
      <trkpt lat="-25.871989019215107" lon="31.08851901255548">
        <ele>1485.3699999999999</ele>
        <time>2021-09-25T11:19:26Z</time>
      </trkpt>
      <trkpt lat="-25.87193101644516" lon="31.088375011458993">
        <ele>1486.3399999999999</ele>
        <time>2021-09-25T11:19:27Z</time>
      </trkpt>
      <trkpt lat="-25.871892040595412" lon="31.088222963735461">
        <ele>1486.3399999999999</ele>
        <time>2021-09-25T11:19:28Z</time>
      </trkpt>
      <trkpt lat="-25.871873013675213" lon="31.088063959032297">
        <ele>1486.8199999999999</ele>
        <time>2021-09-25T11:19:29Z</time>
      </trkpt>
      <trkpt lat="-25.871877036988735" lon="31.087904032319784">
        <ele>1487.3</ele>
        <time>2021-09-25T11:19:30Z</time>
      </trkpt>
      <trkpt lat="-25.871903020888567" lon="31.087741004303098">
        <ele>1487.3</ele>
        <time>2021-09-25T11:19:31Z</time>
      </trkpt>
      <trkpt lat="-25.871947025880218" lon="31.087576970458031">
        <ele>1487.3</ele>
        <time>2021-09-25T11:19:32Z</time>
      </trkpt>
      <trkpt lat="-25.872004022821784" lon="31.087415032088757">
        <ele>1487.78</ele>
        <time>2021-09-25T11:19:33Z</time>
      </trkpt>
      <trkpt lat="-25.872102007269859" lon="31.087110014632344">
        <ele>1487.78</ele>
        <time>2021-09-25T11:19:35Z</time>
      </trkpt>
      <trkpt lat="-25.872122962027788" lon="31.086967019364238">
        <ele>1487.3</ele>
        <time>2021-09-25T11:19:36Z</time>
      </trkpt>
      <trkpt lat="-25.872119022533298" lon="31.086825029924512">
        <ele>1487.3</ele>
        <time>2021-09-25T11:19:37Z</time>
      </trkpt>
      <trkpt lat="-25.872090021148324" lon="31.086689997464418">
        <ele>1487.78</ele>
        <time>2021-09-25T11:19:38Z</time>
      </trkpt>
      <trkpt lat="-25.872045010328293" lon="31.086562005802989">
        <ele>1487.78</ele>
        <time>2021-09-25T11:19:39Z</time>
      </trkpt>
      <trkpt lat="-25.871997987851501" lon="31.086436025798321">
        <ele>1488.74</ele>
        <time>2021-09-25T11:19:40Z</time>
      </trkpt>
      <trkpt lat="-25.871966974809766" lon="31.08630501665175">
        <ele>1489.7</ele>
        <time>2021-09-25T11:19:41Z</time>
      </trkpt>
      <trkpt lat="-25.871954988688231" lon="31.086169984191656">
        <ele>1490.1800000000001</ele>
        <time>2021-09-25T11:19:42Z</time>
      </trkpt>
      <trkpt lat="-25.871962029486895" lon="31.086034029722214">
        <ele>1491.1400000000001</ele>
        <time>2021-09-25T11:19:43Z</time>
      </trkpt>
      <trkpt lat="-25.871983990073204" lon="31.085896985605359">
        <ele>1492.0999999999999</ele>
        <time>2021-09-25T11:19:44Z</time>
      </trkpt>
      <trkpt lat="-25.872015003114939" lon="31.085759019479156">
        <ele>1492.5799999999999</ele>
        <time>2021-09-25T11:19:45Z</time>
      </trkpt>
      <trkpt lat="-25.872064959257841" lon="31.085483003407717">
        <ele>1494.03</ele>
        <time>2021-09-25T11:19:47Z</time>
      </trkpt>
      <trkpt lat="-25.872058002278209" lon="31.085353000089526">
        <ele>1494.99</ele>
        <time>2021-09-25T11:19:48Z</time>
      </trkpt>
      <trkpt lat="-25.872027995064855" lon="31.085229031741619">
        <ele>1495.47</ele>
        <time>2021-09-25T11:19:49Z</time>
      </trkpt>
      <trkpt lat="-25.871981978416443" lon="31.085106991231441">
        <ele>1494.99</ele>
        <time>2021-09-25T11:19:50Z</time>
      </trkpt>
      <trkpt lat="-25.871935039758682" lon="31.084982017055154">
        <ele>1495.47</ele>
        <time>2021-09-25T11:19:51Z</time>
      </trkpt>
      <trkpt lat="-25.871897991746664" lon="31.084850002080202">
        <ele>1496.4300000000001</ele>
        <time>2021-09-25T11:19:52Z</time>
      </trkpt>
      <trkpt lat="-25.871878964826465" lon="31.084710024297237">
        <ele>1495.95</ele>
        <time>2021-09-25T11:19:53Z</time>
      </trkpt>
      <trkpt lat="-25.871880976483226" lon="31.08456602320075">
        <ele>1496.9100000000001</ele>
        <time>2021-09-25T11:19:54Z</time>
      </trkpt>
      <trkpt lat="-25.871900003403425" lon="31.084423027932644">
        <ele>1496.9100000000001</ele>
        <time>2021-09-25T11:19:55Z</time>
      </trkpt>
      <trkpt lat="-25.871939985081553" lon="31.084284977987409">
        <ele>1497.3900000000001</ele>
        <time>2021-09-25T11:19:56Z</time>
      </trkpt>
      <trkpt lat="-25.871998993679881" lon="31.084155980497599">
        <ele>1498.3499999999999</ele>
        <time>2021-09-25T11:19:57Z</time>
      </trkpt>
      <trkpt lat="-25.872076023370028" lon="31.084037041291595">
        <ele>1497.8699999999999</ele>
        <time>2021-09-25T11:19:58Z</time>
      </trkpt>
      <trkpt lat="-25.87216998450458" lon="31.083930004388094">
        <ele>1498.3499999999999</ele>
        <time>2021-09-25T11:19:59Z</time>
      </trkpt>
      <trkpt lat="-25.872281966730952" lon="31.08383797109127">
        <ele>1498.3499999999999</ele>
        <time>2021-09-25T11:20:00Z</time>
      </trkpt>
      <trkpt lat="-25.872407024726272" lon="31.083763036876917">
        <ele>1499.3099999999999</ele>
        <time>2021-09-25T11:20:01Z</time>
      </trkpt>
      <trkpt lat="-25.87253401055932" lon="31.083701010793447">
        <ele>1499.79</ele>
        <time>2021-09-25T11:20:02Z</time>
      </trkpt>
      <trkpt lat="-25.872653033584356" lon="31.083633033558726">
        <ele>1500.27</ele>
        <time>2021-09-25T11:20:03Z</time>
      </trkpt>
      <trkpt lat="-25.872753029689193" lon="31.083543011918664">
        <ele>1500.27</ele>
        <time>2021-09-25T11:20:04Z</time>
      </trkpt>
      <trkpt lat="-25.872837016358972" lon="31.083433963358402">
        <ele>1500.76</ele>
        <time>2021-09-25T11:20:05Z</time>
      </trkpt>
      <trkpt lat="-25.872910022735596" lon="31.083309995010495">
        <ele>1500.27</ele>
        <time>2021-09-25T11:20:06Z</time>
      </trkpt>
      <trkpt lat="-25.872982023283839" lon="31.083180997520685">
        <ele>1500.27</ele>
        <time>2021-09-25T11:20:07Z</time>
      </trkpt>
      <trkpt lat="-25.873063998296857" lon="31.083057029172778">
        <ele>1501.24</ele>
        <time>2021-09-25T11:20:08Z</time>
      </trkpt>
      <trkpt lat="-25.873162988573313" lon="31.082944963127375">
        <ele>1501.24</ele>
        <time>2021-09-25T11:20:09Z</time>
      </trkpt>
      <trkpt lat="-25.873577976599336" lon="31.082527963444591">
        <ele>1503.6400000000001</ele>
        <time>2021-09-25T11:20:13Z</time>
      </trkpt>
      <trkpt lat="-25.873644025996327" lon="31.082407012581825">
        <ele>1504.1199999999999</ele>
        <time>2021-09-25T11:20:14Z</time>
      </trkpt>
      <trkpt lat="-25.873679984360933" lon="31.082281032577157">
        <ele>1505.0799999999999</ele>
        <time>2021-09-25T11:20:15Z</time>
      </trkpt>
      <trkpt lat="-25.873684007674456" lon="31.082156980410218">
        <ele>1506.04</ele>
        <time>2021-09-25T11:20:16Z</time>
      </trkpt>
      <trkpt lat="-25.873660035431385" lon="31.082036029547453">
        <ele>1506.52</ele>
        <time>2021-09-25T11:20:17Z</time>
      </trkpt>
      <trkpt lat="-25.87360798381269" lon="31.08192496933043">
        <ele>1507.97</ele>
        <time>2021-09-25T11:20:18Z</time>
      </trkpt>
      <trkpt lat="-25.873532965779305" lon="31.081835031509399">
        <ele>1507</ele>
        <time>2021-09-25T11:20:19Z</time>
      </trkpt>
      <trkpt lat="-25.873434981331229" lon="31.081765964627266">
        <ele>1507.48</ele>
        <time>2021-09-25T11:20:20Z</time>
      </trkpt>
      <trkpt lat="-25.873319981619716" lon="31.081717014312744">
        <ele>1508.45</ele>
        <time>2021-09-25T11:20:21Z</time>
      </trkpt>
      <trkpt lat="-25.873190984129906" lon="31.081681977957487">
        <ele>1509.4100000000001</ele>
        <time>2021-09-25T11:20:22Z</time>
      </trkpt>
      <trkpt lat="-25.873047988861799" lon="31.081651970744133">
        <ele>1509.4100000000001</ele>
        <time>2021-09-25T11:20:23Z</time>
      </trkpt>
      <trkpt lat="-25.872637024149299" lon="31.081534037366509">
        <ele>1508.9300000000001</ele>
        <time>2021-09-25T11:20:26Z</time>
      </trkpt>
      <trkpt lat="-25.87253401055932" lon="31.081460025161505">
        <ele>1508.9300000000001</ele>
        <time>2021-09-25T11:20:27Z</time>
      </trkpt>
      <trkpt lat="-25.872459998354316" lon="31.081362962722778">
        <ele>1508.9300000000001</ele>
        <time>2021-09-25T11:20:28Z</time>
      </trkpt>
      <trkpt lat="-25.872419010847807" lon="31.081253997981548">
        <ele>1508.45</ele>
        <time>2021-09-25T11:20:29Z</time>
      </trkpt>
      <trkpt lat="-25.872409036383033" lon="31.081136986613274">
        <ele>1509.8900000000001</ele>
        <time>2021-09-25T11:20:30Z</time>
      </trkpt>
      <trkpt lat="-25.872428985312581" lon="31.081017041578889">
        <ele>1508.45</ele>
        <time>2021-09-25T11:20:31Z</time>
      </trkpt>
      <trkpt lat="-25.872477013617754" lon="31.080901036038995">
        <ele>1509.8900000000001</ele>
        <time>2021-09-25T11:20:32Z</time>
      </trkpt>
      <trkpt lat="-25.872539961710572" lon="31.080789975821972">
        <ele>1510.3699999999999</ele>
        <time>2021-09-25T11:20:33Z</time>
      </trkpt>
      <trkpt lat="-25.872613973915577" lon="31.080682016909122">
        <ele>1511.8099999999999</ele>
        <time>2021-09-25T11:20:34Z</time>
      </trkpt>
      <trkpt lat="-25.872696032747626" lon="31.080574980005622">
        <ele>1513.25</ele>
        <time>2021-09-25T11:20:35Z</time>
      </trkpt>
      <trkpt lat="-25.872996021062136" lon="31.080094026401639">
        <ele>1517.0999999999999</ele>
        <time>2021-09-25T11:20:39Z</time>
      </trkpt>
      <trkpt lat="-25.873046983033419" lon="31.079955976456404">
        <ele>1516.6199999999999</ele>
        <time>2021-09-25T11:20:40Z</time>
      </trkpt>
      <trkpt lat="-25.873077996075153" lon="31.079811975359917">
        <ele>1517.5799999999999</ele>
        <time>2021-09-25T11:20:41Z</time>
      </trkpt>
      <trkpt lat="-25.873085036873817" lon="31.079666968435049">
        <ele>1518.0599999999999</ele>
        <time>2021-09-25T11:20:42Z</time>
      </trkpt>
      <trkpt lat="-25.87307196110487" lon="31.079521039500833">
        <ele>1516.1400000000001</ele>
        <time>2021-09-25T11:20:43Z</time>
      </trkpt>
      <trkpt lat="-25.873039020225406" lon="31.079378966242075">
        <ele>1516.6199999999999</ele>
        <time>2021-09-25T11:20:44Z</time>
      </trkpt>
      <trkpt lat="-25.872991997748613" lon="31.079239994287491">
        <ele>1518.0599999999999</ele>
        <time>2021-09-25T11:20:45Z</time>
      </trkpt>
      <trkpt lat="-25.872930977493525" lon="31.079104039818048">
        <ele>1517.5799999999999</ele>
        <time>2021-09-25T11:20:46Z</time>
      </trkpt>
      <trkpt lat="-25.872861994430423" lon="31.078966995701194">
        <ele>1516.1400000000001</ele>
        <time>2021-09-25T11:20:47Z</time>
      </trkpt>
      <trkpt lat="-25.872786976397038" lon="31.078826012089849">
        <ele>1516.6199999999999</ele>
        <time>2021-09-25T11:20:48Z</time>
      </trkpt>
      <trkpt lat="-25.872320020571351" lon="31.078140959143639">
        <ele>1516.1400000000001</ele>
        <time>2021-09-25T11:20:53Z</time>
      </trkpt>
      <trkpt lat="-25.871957000344992" lon="31.077787997201085">
        <ele>1514.6900000000001</ele>
        <time>2021-09-25T11:20:56Z</time>
      </trkpt>
      <trkpt lat="-25.871095005422831" lon="31.077289022505283">
        <ele>1514.6900000000001</ele>
        <time>2021-09-25T11:21:02Z</time>
      </trkpt>
      <trkpt lat="-25.869577964767814" lon="31.076657027006149">
        <ele>1514.6900000000001</ele>
        <time>2021-09-25T11:21:12Z</time>
      </trkpt>
      <trkpt lat="-25.8694629650563" lon="31.076571028679609">
        <ele>1514.21</ele>
        <time>2021-09-25T11:21:13Z</time>
      </trkpt>
      <trkpt lat="-25.869361041113734" lon="31.076464997604489">
        <ele>1513.73</ele>
        <time>2021-09-25T11:21:14Z</time>
      </trkpt>
      <trkpt lat="-25.869273031130433" lon="31.076341029256582">
        <ele>1512.77</ele>
        <time>2021-09-25T11:21:15Z</time>
      </trkpt>
      <trkpt lat="-25.86920103058219" lon="31.076198033988476">
        <ele>1512.77</ele>
        <time>2021-09-25T11:21:16Z</time>
      </trkpt>
      <trkpt lat="-25.869141016155481" lon="31.076038023456931">
        <ele>1511.8099999999999</ele>
        <time>2021-09-25T11:21:17Z</time>
      </trkpt>
      <trkpt lat="-25.869084019213915" lon="31.07586401514709">
        <ele>1510.3699999999999</ele>
        <time>2021-09-25T11:21:18Z</time>
      </trkpt>
      <trkpt lat="-25.868780007585883" lon="31.074962960556149">
        <ele>1507</ele>
        <time>2021-09-25T11:21:23Z</time>
      </trkpt>
      <trkpt lat="-25.868654027581215" lon="31.074602035805583">
        <ele>1505.0799999999999</ele>
        <time>2021-09-25T11:21:25Z</time>
      </trkpt>
      <trkpt lat="-25.868530981242657" lon="31.074243038892746">
        <ele>1501.72</ele>
        <time>2021-09-25T11:21:27Z</time>
      </trkpt>
      <trkpt lat="-25.868469038978219" lon="31.074067018926144">
        <ele>1501.24</ele>
        <time>2021-09-25T11:21:28Z</time>
      </trkpt>
      <trkpt lat="-25.868226969614625" lon="31.073364028707147">
        <ele>1499.3099999999999</ele>
        <time>2021-09-25T11:21:32Z</time>
      </trkpt>
      <trkpt lat="-25.867773005738854" lon="31.072010016068816">
        <ele>1495.95</ele>
        <time>2021-09-25T11:21:40Z</time>
      </trkpt>
      <trkpt lat="-25.867738975211978" lon="31.071841036900878">
        <ele>1494.51</ele>
        <time>2021-09-25T11:21:41Z</time>
      </trkpt>
      <trkpt lat="-25.867713997140527" lon="31.071661999449134">
        <ele>1494.03</ele>
        <time>2021-09-25T11:21:42Z</time>
      </trkpt>
      <trkpt lat="-25.867660017684102" lon="31.071119019761682">
        <ele>1490.6600000000001</ele>
        <time>2021-09-25T11:21:45Z</time>
      </trkpt>
      <trkpt lat="-25.867600003257394" lon="31.070783995091915">
        <ele>1487.78</ele>
        <time>2021-09-25T11:21:47Z</time>
      </trkpt>
      <trkpt lat="-25.867466982454062" lon="31.070164991542697">
        <ele>1483.45</ele>
        <time>2021-09-25T11:21:51Z</time>
      </trkpt>
      <trkpt lat="-25.867444016039371" lon="31.069876989349723">
        <ele>1481.53</ele>
        <time>2021-09-25T11:21:53Z</time>
      </trkpt>
      <trkpt lat="-25.867460025474429" lon="31.069728964939713">
        <ele>1480.5699999999999</ele>
        <time>2021-09-25T11:21:54Z</time>
      </trkpt>
      <trkpt lat="-25.867495983839035" lon="31.069582030177116">
        <ele>1479.6099999999999</ele>
        <time>2021-09-25T11:21:55Z</time>
      </trkpt>
      <trkpt lat="-25.867551974952221" lon="31.069438029080629">
        <ele>1479.1300000000001</ele>
        <time>2021-09-25T11:21:56Z</time>
      </trkpt>
      <trkpt lat="-25.867623975500464" lon="31.069298973307014">
        <ele>1478.1600000000001</ele>
        <time>2021-09-25T11:21:57Z</time>
      </trkpt>
      <trkpt lat="-25.867702011018991" lon="31.069165030494332">
        <ele>1476.72</ele>
        <time>2021-09-25T11:21:58Z</time>
      </trkpt>
      <trkpt lat="-25.86793502792716" lon="31.068768985569477">
        <ele>1473.8399999999999</ele>
        <time>2021-09-25T11:22:01Z</time>
      </trkpt>
      <trkpt lat="-25.867997976019979" lon="31.068644011393189">
        <ele>1472.4000000000001</ele>
        <time>2021-09-25T11:22:02Z</time>
      </trkpt>
      <trkpt lat="-25.868040975183249" lon="31.068525994196534">
        <ele>1470.47</ele>
        <time>2021-09-25T11:22:03Z</time>
      </trkpt>
      <trkpt lat="-25.868068970739841" lon="31.068410994485021">
        <ele>1470.47</ele>
        <time>2021-09-25T11:22:04Z</time>
      </trkpt>
      <trkpt lat="-25.868083974346519" lon="31.068299012258649">
        <ele>1469.99</ele>
        <time>2021-09-25T11:22:05Z</time>
      </trkpt>
      <trkpt lat="-25.868084980174899" lon="31.068184012547135">
        <ele>1468.55</ele>
        <time>2021-09-25T11:22:06Z</time>
      </trkpt>
      <trkpt lat="-25.868071988224983" lon="31.068074963986874">
        <ele>1468.55</ele>
        <time>2021-09-25T11:22:07Z</time>
      </trkpt>
      <trkpt lat="-25.868049021810293" lon="31.067973040044308">
        <ele>1468.0699999999999</ele>
        <time>2021-09-25T11:22:08Z</time>
      </trkpt>
      <trkpt lat="-25.868019014596939" lon="31.067880000919104">
        <ele>1467.1099999999999</ele>
        <time>2021-09-25T11:22:09Z</time>
      </trkpt>
      <trkpt lat="-25.867980038747191" lon="31.067796014249325">
        <ele>1466.1500000000001</ele>
        <time>2021-09-25T11:22:10Z</time>
      </trkpt>
      <trkpt lat="-25.86793502792716" lon="31.067719990387559">
        <ele>1465.6700000000001</ele>
        <time>2021-09-25T11:22:11Z</time>
      </trkpt>
      <trkpt lat="-25.867883982136846" lon="31.067648995667696">
        <ele>1465.1900000000001</ele>
        <time>2021-09-25T11:22:12Z</time>
      </trkpt>
      <trkpt lat="-25.867825979366899" lon="31.067582024261355">
        <ele>1465.1900000000001</ele>
        <time>2021-09-25T11:22:13Z</time>
      </trkpt>
      <trkpt lat="-25.8677620254457" lon="31.067522009834647">
        <ele>1464.23</ele>
        <time>2021-09-25T11:22:14Z</time>
      </trkpt>
      <trkpt lat="-25.867689019069076" lon="31.067469036206603">
        <ele>1464.71</ele>
        <time>2021-09-25T11:22:15Z</time>
      </trkpt>
      <trkpt lat="-25.867610983550549" lon="31.067424025386572">
        <ele>1463.74</ele>
        <time>2021-09-25T11:22:16Z</time>
      </trkpt>
      <trkpt lat="-25.867533031851053" lon="31.067389994859695">
        <ele>1462.78</ele>
        <time>2021-09-25T11:22:17Z</time>
      </trkpt>
      <trkpt lat="-25.867448039352894" lon="31.067366022616625">
        <ele>1462.78</ele>
        <time>2021-09-25T11:22:18Z</time>
      </trkpt>
      <trkpt lat="-25.867347959429026" lon="31.067339032888412">
        <ele>1462.78</ele>
        <time>2021-09-25T11:22:19Z</time>
      </trkpt>
      <trkpt lat="-25.867237988859415" lon="31.067305002361536">
        <ele>1462.78</ele>
        <time>2021-09-25T11:22:20Z</time>
      </trkpt>
      <trkpt lat="-25.867005977779627" lon="31.067209029570222">
        <ele>1460.8599999999999</ele>
        <time>2021-09-25T11:22:22Z</time>
      </trkpt>
      <trkpt lat="-25.866899024695158" lon="31.067136023193598">
        <ele>1461.8199999999999</ele>
        <time>2021-09-25T11:22:23Z</time>
      </trkpt>
      <trkpt lat="-25.866803973913193" lon="31.067039966583252">
        <ele>1460.8599999999999</ele>
        <time>2021-09-25T11:22:24Z</time>
      </trkpt>
      <trkpt lat="-25.866729039698839" lon="31.066923961043358">
        <ele>1459.9000000000001</ele>
        <time>2021-09-25T11:22:25Z</time>
      </trkpt>
      <trkpt lat="-25.866682017222047" lon="31.066792029887438">
        <ele>1459.4200000000001</ele>
        <time>2021-09-25T11:22:26Z</time>
      </trkpt>
      <trkpt lat="-25.866665001958609" lon="31.06664702296257">
        <ele>1458.46</ele>
        <time>2021-09-25T11:22:27Z</time>
      </trkpt>
      <trkpt lat="-25.866675982251763" lon="31.066491035744548">
        <ele>1457.98</ele>
        <time>2021-09-25T11:22:28Z</time>
      </trkpt>
      <trkpt lat="-25.866705989465117" lon="31.0663259960711">
        <ele>1457.02</ele>
        <time>2021-09-25T11:22:29Z</time>
      </trkpt>
      <trkpt lat="-25.866745971143246" lon="31.06615299358964">
        <ele>1456.53</ele>
        <time>2021-09-25T11:22:30Z</time>
      </trkpt>
      <trkpt lat="-25.866814032196999" lon="31.065806988626719">
        <ele>1454.1300000000001</ele>
        <time>2021-09-25T11:22:32Z</time>
      </trkpt>
      <trkpt lat="-25.866828029975295" lon="31.065629962831736">
        <ele>1453.1700000000001</ele>
        <time>2021-09-25T11:22:33Z</time>
      </trkpt>
      <trkpt lat="-25.866821995005012" lon="31.065451009199023">
        <ele>1451.73</ele>
        <time>2021-09-25T11:22:34Z</time>
      </trkpt>
      <trkpt lat="-25.866795005276799" lon="31.065268032252789">
        <ele>1450.77</ele>
        <time>2021-09-25T11:22:35Z</time>
      </trkpt>
      <trkpt lat="-25.86675301194191" lon="31.065082959830761">
        <ele>1450.29</ele>
        <time>2021-09-25T11:22:36Z</time>
      </trkpt>
      <trkpt lat="-25.866702971979976" lon="31.064897971227765">
        <ele>1449.3199999999999</ele>
        <time>2021-09-25T11:22:37Z</time>
      </trkpt>
      <trkpt lat="-25.866570034995675" lon="31.06434803456068">
        <ele>1445.96</ele>
        <time>2021-09-25T11:22:40Z</time>
      </trkpt>
      <trkpt lat="-25.866545978933573" lon="31.064159022644162">
        <ele>1445</ele>
        <time>2021-09-25T11:22:41Z</time>
      </trkpt>
      <trkpt lat="-25.866541033610702" lon="31.063960958272219">
        <ele>1444.52</ele>
        <time>2021-09-25T11:22:42Z</time>
      </trkpt>
      <trkpt lat="-25.866594007238746" lon="31.063120001927018">
        <ele>1440.6700000000001</ele>
        <time>2021-09-25T11:22:46Z</time>
      </trkpt>
      <trkpt lat="-25.866542961448431" lon="31.062483983114362">
        <ele>1436.8299999999999</ele>
        <time>2021-09-25T11:22:49Z</time>
      </trkpt>
      <trkpt lat="-25.866465009748936" lon="31.061905967071652">
        <ele>1434.4200000000001</ele>
        <time>2021-09-25T11:22:52Z</time>
      </trkpt>
      <trkpt lat="-25.866412036120892" lon="31.061731958761811">
        <ele>1434.9100000000001</ele>
        <time>2021-09-25T11:22:53Z</time>
      </trkpt>
      <trkpt lat="-25.866336012259126" lon="31.061571026220918">
        <ele>1432.5</ele>
        <time>2021-09-25T11:22:54Z</time>
      </trkpt>
      <trkpt lat="-25.86623702198267" lon="31.06142601929605">
        <ele>1433.9400000000001</ele>
        <time>2021-09-25T11:22:55Z</time>
      </trkpt>
      <trkpt lat="-25.866117998957634" lon="31.06129702180624">
        <ele>1434.9100000000001</ele>
        <time>2021-09-25T11:22:56Z</time>
      </trkpt>
      <trkpt lat="-25.865981038659811" lon="31.061183027923107">
        <ele>1435.8699999999999</ele>
        <time>2021-09-25T11:22:57Z</time>
      </trkpt>
      <trkpt lat="-25.865833014249802" lon="31.061076996847987">
        <ele>1436.3499999999999</ele>
        <time>2021-09-25T11:22:58Z</time>
      </trkpt>
      <trkpt lat="-25.865397993475199" lon="31.060820007696748">
        <ele>1433.9400000000001</ele>
        <time>2021-09-25T11:23:01Z</time>
      </trkpt>
      <trkpt lat="-25.865245023742318" lon="31.060776002705097">
        <ele>1433.9400000000001</ele>
        <time>2021-09-25T11:23:02Z</time>
      </trkpt>
      <trkpt lat="-25.865083001554012" lon="31.060755969956517">
        <ele>1434.4200000000001</ele>
        <time>2021-09-25T11:23:03Z</time>
      </trkpt>
      <trkpt lat="-25.864911004900932" lon="31.06075999327004">
        <ele>1435.8699999999999</ele>
        <time>2021-09-25T11:23:04Z</time>
      </trkpt>
      <trkpt lat="-25.864733979105949" lon="31.060790000483394">
        <ele>1438.75</ele>
        <time>2021-09-25T11:23:05Z</time>
      </trkpt>
      <trkpt lat="-25.864551002159715" lon="31.060839034616947">
        <ele>1439.23</ele>
        <time>2021-09-25T11:23:06Z</time>
      </trkpt>
      <trkpt lat="-25.864365007728338" lon="31.060900976881385">
        <ele>1439.71</ele>
        <time>2021-09-25T11:23:07Z</time>
      </trkpt>
      <trkpt lat="-25.86398103274405" lon="31.061031986027956">
        <ele>1445</ele>
        <time>2021-09-25T11:23:09Z</time>
      </trkpt>
      <trkpt lat="-25.863781962543726" lon="31.061099041253328">
        <ele>1448.3599999999999</ele>
        <time>2021-09-25T11:23:10Z</time>
      </trkpt>
      <trkpt lat="-25.863370997831225" lon="31.061231978237629">
        <ele>1451.73</ele>
        <time>2021-09-25T11:23:12Z</time>
      </trkpt>
      <trkpt lat="-25.862974030897021" lon="31.061353012919426">
        <ele>1455.0899999999999</ele>
        <time>2021-09-25T11:23:14Z</time>
      </trkpt>
      <trkpt lat="-25.862780995666981" lon="31.061392994597554">
        <ele>1455.0899999999999</ele>
        <time>2021-09-25T11:23:15Z</time>
      </trkpt>
      <trkpt lat="-25.862582009285688" lon="31.061416966840625">
        <ele>1456.53</ele>
        <time>2021-09-25T11:23:16Z</time>
      </trkpt>
      <trkpt lat="-25.861938027665019" lon="31.061466000974178">
        <ele>1460.3800000000001</ele>
        <time>2021-09-25T11:23:19Z</time>
      </trkpt>
      <trkpt lat="-25.861298991367221" lon="31.061517968773842">
        <ele>1464.23</ele>
        <time>2021-09-25T11:23:22Z</time>
      </trkpt>
      <trkpt lat="-25.861108973622322" lon="31.061542024835944">
        <ele>1464.71</ele>
        <time>2021-09-25T11:23:23Z</time>
      </trkpt>
      <trkpt lat="-25.860443031415343" lon="31.061599021777511">
        <ele>1466.1500000000001</ele>
        <time>2021-09-25T11:23:27Z</time>
      </trkpt>
      <trkpt lat="-25.860290983691812" lon="31.061576977372169">
        <ele>1466.6300000000001</ele>
        <time>2021-09-25T11:23:28Z</time>
      </trkpt>
      <trkpt lat="-25.859877001494169" lon="31.061501959338784">
        <ele>1465.1900000000001</ele>
        <time>2021-09-25T11:23:31Z</time>
      </trkpt>
      <trkpt lat="-25.859748004004359" lon="31.061507994309068">
        <ele>1463.74</ele>
        <time>2021-09-25T11:23:32Z</time>
      </trkpt>
      <trkpt lat="-25.859623029828072" lon="31.061542024835944">
        <ele>1464.23</ele>
        <time>2021-09-25T11:23:33Z</time>
      </trkpt>
      <trkpt lat="-25.859506018459797" lon="31.061603967100382">
        <ele>1464.23</ele>
        <time>2021-09-25T11:23:34Z</time>
      </trkpt>
      <trkpt lat="-25.859407028183341" lon="31.061691977083683">
        <ele>1464.71</ele>
        <time>2021-09-25T11:23:35Z</time>
      </trkpt>
      <trkpt lat="-25.859331004321575" lon="31.061802031472325">
        <ele>1463.74</ele>
        <time>2021-09-25T11:23:36Z</time>
      </trkpt>
      <trkpt lat="-25.859280964359641" lon="31.061930023133755">
        <ele>1462.78</ele>
        <time>2021-09-25T11:23:37Z</time>
      </trkpt>
      <trkpt lat="-25.85925699211657" lon="31.062070000916719">
        <ele>1463.26</ele>
        <time>2021-09-25T11:23:38Z</time>
      </trkpt>
      <trkpt lat="-25.859261015430093" lon="31.062212996184826">
        <ele>1464.23</ele>
        <time>2021-09-25T11:23:39Z</time>
      </trkpt>
      <trkpt lat="-25.859294040128589" lon="31.062352973967791">
        <ele>1464.71</ele>
        <time>2021-09-25T11:23:40Z</time>
      </trkpt>
      <trkpt lat="-25.859351959079504" lon="31.06248096562922">
        <ele>1465.6700000000001</ele>
        <time>2021-09-25T11:23:41Z</time>
      </trkpt>
      <trkpt lat="-25.859431000426412" lon="31.062594959512353">
        <ele>1465.6700000000001</ele>
        <time>2021-09-25T11:23:42Z</time>
      </trkpt>
      <trkpt lat="-25.85953501984477" lon="31.06269596144557">
        <ele>1465.6700000000001</ele>
        <time>2021-09-25T11:23:43Z</time>
      </trkpt>
      <trkpt lat="-25.859662005677819" lon="31.062793023884296">
        <ele>1466.1500000000001</ele>
        <time>2021-09-25T11:23:44Z</time>
      </trkpt>
      <trkpt lat="-25.859803995117545" lon="31.062890002503991">
        <ele>1466.1500000000001</ele>
        <time>2021-09-25T11:23:45Z</time>
      </trkpt>
      <trkpt lat="-25.860237004235387" lon="31.063155038282275">
        <ele>1462.3</ele>
        <time>2021-09-25T11:23:48Z</time>
      </trkpt>
      <trkpt lat="-25.860368013381958" lon="31.063243970274925">
        <ele>1462.78</ele>
        <time>2021-09-25T11:23:49Z</time>
      </trkpt>
      <trkpt lat="-25.860483013093472" lon="31.063345978036523">
        <ele>1460.3800000000001</ele>
        <time>2021-09-25T11:23:50Z</time>
      </trkpt>
      <trkpt lat="-25.860575968399644" lon="31.063462989404798">
        <ele>1457.02</ele>
        <time>2021-09-25T11:23:51Z</time>
      </trkpt>
      <trkpt lat="-25.860646041110158" lon="31.063599027693272">
        <ele>1451.73</ele>
        <time>2021-09-25T11:23:52Z</time>
      </trkpt>
      <trkpt lat="-25.86069599725306" lon="31.063756020739675">
        <ele>1453.1700000000001</ele>
        <time>2021-09-25T11:23:53Z</time>
      </trkpt>
      <trkpt lat="-25.860732039436698" lon="31.063932040706277">
        <ele>1449.3199999999999</ele>
        <time>2021-09-25T11:23:54Z</time>
      </trkpt>
      <trkpt lat="-25.860749976709485" lon="31.064121974632144">
        <ele>1449.8099999999999</ele>
        <time>2021-09-25T11:23:55Z</time>
      </trkpt>
      <trkpt lat="-25.860760034993291" lon="31.064314004033804">
        <ele>1450.29</ele>
        <time>2021-09-25T11:23:56Z</time>
      </trkpt>
      <trkpt lat="-25.860767997801304" lon="31.064505027607083">
        <ele>1446.4400000000001</ele>
        <time>2021-09-25T11:23:57Z</time>
      </trkpt>
      <trkpt lat="-25.860756011679769" lon="31.064697979018092">
        <ele>1446.4400000000001</ele>
        <time>2021-09-25T11:23:58Z</time>
      </trkpt>
      <trkpt lat="-25.86071896366775" lon="31.064900988712907">
        <ele>1443.5599999999999</ele>
        <time>2021-09-25T11:23:59Z</time>
      </trkpt>
      <trkpt lat="-25.860554007813334" lon="31.065570032224059">
        <ele>1438.75</ele>
        <time>2021-09-25T11:24:02Z</time>
      </trkpt>
      <trkpt lat="-25.860489970073104" lon="31.066075963899493">
        <ele>1434.4200000000001</ele>
        <time>2021-09-25T11:24:04Z</time>
      </trkpt>
      <trkpt lat="-25.860443031415343" lon="31.066563036292791">
        <ele>1429.1400000000001</ele>
        <time>2021-09-25T11:24:06Z</time>
      </trkpt>
      <trkpt lat="-25.860422998666763" lon="31.066783983260393">
        <ele>1425.29</ele>
        <time>2021-09-25T11:24:07Z</time>
      </trkpt>
      <trkpt lat="-25.860344041138887" lon="31.067194025963545">
        <ele>1420.49</ele>
        <time>2021-09-25T11:24:09Z</time>
      </trkpt>
      <trkpt lat="-25.860270028933883" lon="31.06737800873816">
        <ele>1419.04</ele>
        <time>2021-09-25T11:24:10Z</time>
      </trkpt>
      <trkpt lat="-25.860174978151917" lon="31.067559979856014">
        <ele>1416.6400000000001</ele>
        <time>2021-09-25T11:24:11Z</time>
      </trkpt>
      <trkpt lat="-25.859955037012696" lon="31.067934986203909">
        <ele>1413.28</ele>
        <time>2021-09-25T11:24:13Z</time>
      </trkpt>
      <trkpt lat="-25.859719002619386" lon="31.068298006430268">
        <ele>1407.99</ele>
        <time>2021-09-25T11:24:15Z</time>
      </trkpt>
      <trkpt lat="-25.859466958791018" lon="31.068622972816229">
        <ele>1403.6600000000001</ele>
        <time>2021-09-25T11:24:17Z</time>
      </trkpt>
      <trkpt lat="-25.859360005706549" lon="31.068793041631579">
        <ele>1403.6600000000001</ele>
        <time>2021-09-25T11:24:18Z</time>
      </trkpt>
      <trkpt lat="-25.859265038743615" lon="31.068974006921053">
        <ele>1403.6600000000001</ele>
        <time>2021-09-25T11:24:19Z</time>
      </trkpt>
      <trkpt lat="-25.859075020998716" lon="31.069340966641903">
        <ele>1405.0999999999999</ele>
        <time>2021-09-25T11:24:21Z</time>
      </trkpt>
      <trkpt lat="-25.858961027115583" lon="31.069506006315351">
        <ele>1404.6199999999999</ele>
        <time>2021-09-25T11:24:22Z</time>
      </trkpt>
      <trkpt lat="-25.858835969120264" lon="31.069660987704992">
        <ele>1405.5799999999999</ele>
        <time>2021-09-25T11:24:23Z</time>
      </trkpt>
      <trkpt lat="-25.85869699716568" lon="31.069807000458241">
        <ele>1407.51</ele>
        <time>2021-09-25T11:24:24Z</time>
      </trkpt>
      <trkpt lat="-25.858546961098909" lon="31.069946978241205">
        <ele>1409.9100000000001</ele>
        <time>2021-09-25T11:24:25Z</time>
      </trkpt>
      <trkpt lat="-25.858384016901255" lon="31.070078993216157">
        <ele>1412.3099999999999</ele>
        <time>2021-09-25T11:24:26Z</time>
      </trkpt>
      <trkpt lat="-25.858030971139669" lon="31.070341011509299">
        <ele>1416.1600000000001</ele>
        <time>2021-09-25T11:24:28Z</time>
      </trkpt>
      <trkpt lat="-25.857438035309315" lon="31.070747030898929">
        <ele>1420</ele>
        <time>2021-09-25T11:24:31Z</time>
      </trkpt>
      <trkpt lat="-25.856831017881632" lon="31.071163024753332">
        <ele>1416.1600000000001</ele>
        <time>2021-09-25T11:24:34Z</time>
      </trkpt>
      <trkpt lat="-25.856198016554117" lon="31.071606008335948">
        <ele>1412.3099999999999</ele>
        <time>2021-09-25T11:24:37Z</time>
      </trkpt>
      <trkpt lat="-25.855546994134784" lon="31.072058966383338">
        <ele>1409.4300000000001</ele>
        <time>2021-09-25T11:24:40Z</time>
      </trkpt>
      <trkpt lat="-25.853935992345214" lon="31.073218015953898">
        <ele>1402.22</ele>
        <time>2021-09-25T11:24:48Z</time>
      </trkpt>
      <trkpt lat="-25.853593004867435" lon="31.073446003720164">
        <ele>1400.3</ele>
        <time>2021-09-25T11:24:50Z</time>
      </trkpt>
      <trkpt lat="-25.853417990729213" lon="31.073527978733182">
        <ele>1397.4100000000001</ele>
        <time>2021-09-25T11:24:51Z</time>
      </trkpt>
      <trkpt lat="-25.853236019611359" lon="31.07358799315989">
        <ele>1395.97</ele>
        <time>2021-09-25T11:24:52Z</time>
      </trkpt>
      <trkpt lat="-25.853050025179982" lon="31.073621017858386">
        <ele>1395.49</ele>
        <time>2021-09-25T11:24:53Z</time>
      </trkpt>
      <trkpt lat="-25.852866964414716" lon="31.073624035343528">
        <ele>1393.5699999999999</ele>
        <time>2021-09-25T11:24:54Z</time>
      </trkpt>
      <trkpt lat="-25.852691028267145" lon="31.073596039786935">
        <ele>1393.5699999999999</ele>
        <time>2021-09-25T11:24:55Z</time>
      </trkpt>
      <trkpt lat="-25.852515008300543" lon="31.073538959026337">
        <ele>1391.6500000000001</ele>
        <time>2021-09-25T11:24:56Z</time>
      </trkpt>
      <trkpt lat="-25.852333959192038" lon="31.07345899567008">
        <ele>1390.2</ele>
        <time>2021-09-25T11:24:57Z</time>
      </trkpt>
      <trkpt lat="-25.852146958932281" lon="31.073357993736863">
        <ele>1389.72</ele>
        <time>2021-09-25T11:24:58Z</time>
      </trkpt>
      <trkpt lat="-25.851571038365364" lon="31.073041995987296">
        <ele>1390.2</ele>
        <time>2021-09-25T11:25:01Z</time>
      </trkpt>
      <trkpt lat="-25.851373979821801" lon="31.07296303845942">
        <ele>1391.1700000000001</ele>
        <time>2021-09-25T11:25:02Z</time>
      </trkpt>
      <trkpt lat="-25.851174993440509" lon="31.072902018204331">
        <ele>1391.6500000000001</ele>
        <time>2021-09-25T11:25:03Z</time>
      </trkpt>
      <trkpt lat="-25.850970977917314" lon="31.072859019041061">
        <ele>1392.1300000000001</ele>
        <time>2021-09-25T11:25:04Z</time>
      </trkpt>
      <trkpt lat="-25.850760005414486" lon="31.072831023484468">
        <ele>1392.1300000000001</ele>
        <time>2021-09-25T11:25:05Z</time>
      </trkpt>
      <trkpt lat="-25.850539980456233" lon="31.072821971029043">
        <ele>1394.05</ele>
        <time>2021-09-25T11:25:06Z</time>
      </trkpt>
      <trkpt lat="-25.850311992689967" lon="31.072830017656088">
        <ele>1395.01</ele>
        <time>2021-09-25T11:25:07Z</time>
      </trkpt>
      <trkpt lat="-25.850075958296657" lon="31.072844015434384">
        <ele>1398.3699999999999</ele>
        <time>2021-09-25T11:25:08Z</time>
      </trkpt>
      <trkpt lat="-25.849835984408855" lon="31.072860024869442">
        <ele>1398.3699999999999</ele>
        <time>2021-09-25T11:25:09Z</time>
      </trkpt>
      <trkpt lat="-25.849084965884686" lon="31.07292003929615">
        <ele>1401.74</ele>
        <time>2021-09-25T11:25:12Z</time>
      </trkpt>
      <trkpt lat="-25.848569981753826" lon="31.072961026802659">
        <ele>1405.5799999999999</ele>
        <time>2021-09-25T11:25:14Z</time>
      </trkpt>
      <trkpt lat="-25.848307963460684" lon="31.072977958247066">
        <ele>1408.95</ele>
        <time>2021-09-25T11:25:15Z</time>
      </trkpt>
      <trkpt lat="-25.847299033775926" lon="31.073062028735876">
        <ele>1413.28</ele>
        <time>2021-09-25T11:25:19Z</time>
      </trkpt>
      <trkpt lat="-25.846334025263786" lon="31.073203012347221">
        <ele>1413.28</ele>
        <time>2021-09-25T11:25:24Z</time>
      </trkpt>
      <trkpt lat="-25.845965975895524" lon="31.073284987360239">
        <ele>1409.4300000000001</ele>
        <time>2021-09-25T11:25:26Z</time>
      </trkpt>
      <trkpt lat="-25.845789033919573" lon="31.073314994573593">
        <ele>1406.0699999999999</ele>
        <time>2021-09-25T11:25:27Z</time>
      </trkpt>
      <trkpt lat="-25.845617037266493" lon="31.073317006230354">
        <ele>1402.7</ele>
        <time>2021-09-25T11:25:28Z</time>
      </trkpt>
      <trkpt lat="-25.845451997593045" lon="31.073283981531858">
        <ele>1401.74</ele>
        <time>2021-09-25T11:25:29Z</time>
      </trkpt>
      <trkpt lat="-25.845300033688545" lon="31.073232013732195">
        <ele>1398.3699999999999</ele>
        <time>2021-09-25T11:25:30Z</time>
      </trkpt>
      <trkpt lat="-25.845163995400071" lon="31.073193037882447">
        <ele>1395.49</ele>
        <time>2021-09-25T11:25:31Z</time>
      </trkpt>
      <trkpt lat="-25.845046984031796" lon="31.073183985427022">
        <ele>1393.0899999999999</ele>
        <time>2021-09-25T11:25:32Z</time>
      </trkpt>
      <trkpt lat="-25.844943970441818" lon="31.073206029832363">
        <ele>1391.6500000000001</ele>
        <time>2021-09-25T11:25:33Z</time>
      </trkpt>
      <trkpt lat="-25.844851015135646" lon="31.073256991803646">
        <ele>1391.1700000000001</ele>
        <time>2021-09-25T11:25:34Z</time>
      </trkpt>
      <trkpt lat="-25.844764010980725" lon="31.073334021493793">
        <ele>1389.72</ele>
        <time>2021-09-25T11:25:35Z</time>
      </trkpt>
      <trkpt lat="-25.844677006825805" lon="31.073429994285107">
        <ele>1388.28</ele>
        <time>2021-09-25T11:25:36Z</time>
      </trkpt>
      <trkpt lat="-25.844469973817468" lon="31.073625041171908">
        <ele>1385.8800000000001</ele>
        <time>2021-09-25T11:25:38Z</time>
      </trkpt>
      <trkpt lat="-25.844337036833167" lon="31.073697041720152">
        <ele>1384.9200000000001</ele>
        <time>2021-09-25T11:25:39Z</time>
      </trkpt>
      <trkpt lat="-25.844050962477922" lon="31.073826039209962">
        <ele>1380.5899999999999</ele>
        <time>2021-09-25T11:25:41Z</time>
      </trkpt>
      <trkpt lat="-25.843914002180099" lon="31.07390801422298">
        <ele>1380.1099999999999</ele>
        <time>2021-09-25T11:25:42Z</time>
      </trkpt>
      <trkpt lat="-25.843790033832192" lon="31.074000969529152">
        <ele>1377.71</ele>
        <time>2021-09-25T11:25:43Z</time>
      </trkpt>
      <trkpt lat="-25.843575960025191" lon="31.074183024466038">
        <ele>1373.8599999999999</ele>
        <time>2021-09-25T11:25:45Z</time>
      </trkpt>
      <trkpt lat="-25.843470012769103" lon="31.074243038892746">
        <ele>1372.9000000000001</ele>
        <time>2021-09-25T11:25:46Z</time>
      </trkpt>
      <trkpt lat="-25.843359958380461" lon="31.074269022792578">
        <ele>1371.46</ele>
        <time>2021-09-25T11:25:47Z</time>
      </trkpt>
      <trkpt lat="-25.843244036659598" lon="31.074261981993914">
        <ele>1371.46</ele>
        <time>2021-09-25T11:25:48Z</time>
      </trkpt>
      <trkpt lat="-25.843118978664279" lon="31.074227029457688">
        <ele>1369.54</ele>
        <time>2021-09-25T11:25:49Z</time>
      </trkpt>
      <trkpt lat="-25.842983024194837" lon="31.074181012809277">
        <ele>1369.05</ele>
        <time>2021-09-25T11:25:50Z</time>
      </trkpt>
      <trkpt lat="-25.842671971768141" lon="31.074115969240665">
        <ele>1367.6099999999999</ele>
        <time>2021-09-25T11:25:52Z</time>
      </trkpt>
      <trkpt lat="-25.842499975115061" lon="31.074108006432652">
        <ele>1367.6099999999999</ele>
        <time>2021-09-25T11:25:53Z</time>
      </trkpt>
      <trkpt lat="-25.842324960976839" lon="31.074117980897427">
        <ele>1364.73</ele>
        <time>2021-09-25T11:25:54Z</time>
      </trkpt>
      <trkpt lat="-25.842150030657649" lon="31.074144970625639">
        <ele>1362.8099999999999</ele>
        <time>2021-09-25T11:25:55Z</time>
      </trkpt>
      <trkpt lat="-25.841974010691047" lon="31.074184030294418">
        <ele>1363.29</ele>
        <time>2021-09-25T11:25:56Z</time>
      </trkpt>
      <trkpt lat="-25.841802014037967" lon="31.074230968952179">
        <ele>1359.4400000000001</ele>
        <time>2021-09-25T11:25:57Z</time>
      </trkpt>
      <trkpt lat="-25.841634962707758" lon="31.074288971722126">
        <ele>1357.52</ele>
        <time>2021-09-25T11:25:58Z</time>
      </trkpt>
      <trkpt lat="-25.841474030166864" lon="31.07436097227037">
        <ele>1354.6300000000001</ele>
        <time>2021-09-25T11:25:59Z</time>
      </trkpt>
      <trkpt lat="-25.8413150254637" lon="31.074444036930799">
        <ele>1353.6700000000001</ele>
        <time>2021-09-25T11:26:00Z</time>
      </trkpt>
      <trkpt lat="-25.841159960255027" lon="31.074537998065352">
        <ele>1353.6700000000001</ele>
        <time>2021-09-25T11:26:01Z</time>
      </trkpt>
      <trkpt lat="-25.841006990522146" lon="31.074642017483711">
        <ele>1350.79</ele>
        <time>2021-09-25T11:26:02Z</time>
      </trkpt>
      <trkpt lat="-25.84071303717792" lon="31.074863970279694">
        <ele>1347.4300000000001</ele>
        <time>2021-09-25T11:26:04Z</time>
      </trkpt>
      <trkpt lat="-25.840250020846725" lon="31.075195977464318">
        <ele>1342.6199999999999</ele>
        <time>2021-09-25T11:26:07Z</time>
      </trkpt>
      <trkpt lat="-25.839933017268777" lon="31.075400998815894">
        <ele>1339.25</ele>
        <time>2021-09-25T11:26:09Z</time>
      </trkpt>
      <trkpt lat="-25.839784992858768" lon="31.075518010184169">
        <ele>1335.8900000000001</ele>
        <time>2021-09-25T11:26:10Z</time>
      </trkpt>
      <trkpt lat="-25.839645015075803" lon="31.075654970481992">
        <ele>1333.49</ele>
        <time>2021-09-25T11:26:11Z</time>
      </trkpt>
      <trkpt lat="-25.839516017585993" lon="31.075810035690665">
        <ele>1332.04</ele>
        <time>2021-09-25T11:26:12Z</time>
      </trkpt>
      <trkpt lat="-25.839400012046099" lon="31.075982032343745">
        <ele>1330.5999999999999</ele>
        <time>2021-09-25T11:26:13Z</time>
      </trkpt>
      <trkpt lat="-25.83929699845612" lon="31.076170960441232">
        <ele>1329.1600000000001</ele>
        <time>2021-09-25T11:26:14Z</time>
      </trkpt>
      <trkpt lat="-25.839205970987678" lon="31.076371036469936">
        <ele>1329.1600000000001</ele>
        <time>2021-09-25T11:26:15Z</time>
      </trkpt>
      <trkpt lat="-25.839119972661138" lon="31.076576979830861">
        <ele>1326.28</ele>
        <time>2021-09-25T11:26:16Z</time>
      </trkpt>
      <trkpt lat="-25.839035985991359" lon="31.076777977868915">
        <ele>1322.9100000000001</ele>
        <time>2021-09-25T11:26:17Z</time>
      </trkpt>
      <trkpt lat="-25.838799029588699" lon="31.077340990304947">
        <ele>1315.7</ele>
        <time>2021-09-25T11:26:20Z</time>
      </trkpt>
      <trkpt lat="-25.838738009333611" lon="31.07751801609993">
        <ele>1315.22</ele>
        <time>2021-09-25T11:26:21Z</time>
      </trkpt>
      <trkpt lat="-25.838697021827102" lon="31.077695041894913">
        <ele>1310.4100000000001</ele>
        <time>2021-09-25T11:26:22Z</time>
      </trkpt>
      <trkpt lat="-25.838672965764999" lon="31.077869972214103">
        <ele>1308.97</ele>
        <time>2021-09-25T11:26:23Z</time>
      </trkpt>
      <trkpt lat="-25.838646981865168" lon="31.078197034075856">
        <ele>1304.1700000000001</ele>
        <time>2021-09-25T11:26:25Z</time>
      </trkpt>
      <trkpt lat="-25.838618986308575" lon="31.078333994373679">
        <ele>1301.28</ele>
        <time>2021-09-25T11:26:26Z</time>
      </trkpt>
      <trkpt lat="-25.838564001023769" lon="31.078447988256812">
        <ele>1300.3199999999999</ele>
        <time>2021-09-25T11:26:27Z</time>
      </trkpt>
      <trkpt lat="-25.838483031839132" lon="31.078542033210397">
        <ele>1300.8</ele>
        <time>2021-09-25T11:26:28Z</time>
      </trkpt>
      <trkpt lat="-25.838382029905915" lon="31.078605987131596">
        <ele>1298.8800000000001</ele>
        <time>2021-09-25T11:26:29Z</time>
      </trkpt>
      <trkpt lat="-25.83826401270926" lon="31.078638006001711">
        <ele>1296.48</ele>
        <time>2021-09-25T11:26:30Z</time>
      </trkpt>
      <trkpt lat="-25.838127974420786" lon="31.078646974638104">
        <ele>1295.99</ele>
        <time>2021-09-25T11:26:31Z</time>
      </trkpt>
      <trkpt lat="-25.837973998859525" lon="31.078654015436769">
        <ele>1295.99</ele>
        <time>2021-09-25T11:26:32Z</time>
      </trkpt>
      <trkpt lat="-25.837630005553365" lon="31.078710006549954">
        <ele>1294.0699999999999</ele>
        <time>2021-09-25T11:26:34Z</time>
      </trkpt>
      <trkpt lat="-25.837440993636847" lon="31.07876499183476">
        <ele>1294.0699999999999</ele>
        <time>2021-09-25T11:26:35Z</time>
      </trkpt>
      <trkpt lat="-25.837036985903978" lon="31.078900024294853">
        <ele>1291.6700000000001</ele>
        <time>2021-09-25T11:26:37Z</time>
      </trkpt>
      <trkpt lat="-25.836640018969774" lon="31.079032961279154">
        <ele>1287.8199999999999</ele>
        <time>2021-09-25T11:26:39Z</time>
      </trkpt>
      <trkpt lat="-25.836278004571795" lon="31.079168999567628">
        <ele>1286.3800000000001</ele>
        <time>2021-09-25T11:26:41Z</time>
      </trkpt>
      <trkpt lat="-25.836112964898348" lon="31.079257009550929">
        <ele>1283.98</ele>
        <time>2021-09-25T11:26:42Z</time>
      </trkpt>
      <trkpt lat="-25.835953960195184" lon="31.079363040626049">
        <ele>1282.54</ele>
        <time>2021-09-25T11:26:43Z</time>
      </trkpt>
      <trkpt lat="-25.835310984402895" lon="31.079895962029696">
        <ele>1279.1700000000001</ele>
        <time>2021-09-25T11:26:47Z</time>
      </trkpt>
      <trkpt lat="-25.835140999406576" lon="31.080039041116834">
        <ele>1279.1700000000001</ele>
        <time>2021-09-25T11:26:48Z</time>
      </trkpt>
      <trkpt lat="-25.834616962820292" lon="31.08048495836556">
        <ele>1275.3299999999999</ele>
        <time>2021-09-25T11:26:51Z</time>
      </trkpt>
      <trkpt lat="-25.834275986999273" lon="31.080775978043675">
        <ele>1272.4400000000001</ele>
        <time>2021-09-25T11:26:53Z</time>
      </trkpt>
      <trkpt lat="-25.833809031173587" lon="31.081175040453672">
        <ele>1267.6400000000001</ele>
        <time>2021-09-25T11:26:56Z</time>
      </trkpt>
      <trkpt lat="-25.833675004541874" lon="31.081319963559508">
        <ele>1267.1600000000001</ele>
        <time>2021-09-25T11:26:57Z</time>
      </trkpt>
      <trkpt lat="-25.83355899900198" lon="31.081480979919434">
        <ele>1265.71</ele>
        <time>2021-09-25T11:26:58Z</time>
      </trkpt>
      <trkpt lat="-25.833466965705156" lon="31.081656999886036">
        <ele>1263.79</ele>
        <time>2021-09-25T11:26:59Z</time>
      </trkpt>
      <trkpt lat="-25.833404017612338" lon="31.081841988489032">
        <ele>1265.71</ele>
        <time>2021-09-25T11:27:00Z</time>
      </trkpt>
      <trkpt lat="-25.833368981257081" lon="31.082028988748789">
        <ele>1263.79</ele>
        <time>2021-09-25T11:27:01Z</time>
      </trkpt>
      <trkpt lat="-25.83336504176259" lon="31.082215989008546">
        <ele>1262.8299999999999</ele>
        <time>2021-09-25T11:27:02Z</time>
      </trkpt>
      <trkpt lat="-25.833381973206997" lon="31.082398965954781">
        <ele>1262.3499999999999</ele>
        <time>2021-09-25T11:27:03Z</time>
      </trkpt>
      <trkpt lat="-25.83340703509748" lon="31.082571968436241">
        <ele>1261.3900000000001</ele>
        <time>2021-09-25T11:27:04Z</time>
      </trkpt>
      <trkpt lat="-25.833424972370267" lon="31.082729967311025">
        <ele>1259.9400000000001</ele>
        <time>2021-09-25T11:27:05Z</time>
      </trkpt>
      <trkpt lat="-25.833422960713506" lon="31.082872040569782">
        <ele>1258.98</ele>
        <time>2021-09-25T11:27:06Z</time>
      </trkpt>
      <trkpt lat="-25.833398988470435" lon="31.082996008917689">
        <ele>1258.02</ele>
        <time>2021-09-25T11:27:07Z</time>
      </trkpt>
      <trkpt lat="-25.833353977650404" lon="31.083106985315681">
        <ele>1257.54</ele>
        <time>2021-09-25T11:27:08Z</time>
      </trkpt>
      <trkpt lat="-25.833288012072444" lon="31.083199018612504">
        <ele>1255.6199999999999</ele>
        <time>2021-09-25T11:27:09Z</time>
      </trkpt>
      <trkpt lat="-25.833203019574285" lon="31.083270013332367">
        <ele>1255.1400000000001</ele>
        <time>2021-09-25T11:27:10Z</time>
      </trkpt>
      <trkpt lat="-25.833097994327545" lon="31.083317035809159">
        <ele>1254.6600000000001</ele>
        <time>2021-09-25T11:27:11Z</time>
      </trkpt>
      <trkpt lat="-25.832982994616032" lon="31.083334973081946">
        <ele>1255.1400000000001</ele>
        <time>2021-09-25T11:27:12Z</time>
      </trkpt>
      <trkpt lat="-25.832860032096505" lon="31.083313012495637">
        <ele>1255.6199999999999</ele>
        <time>2021-09-25T11:27:13Z</time>
      </trkpt>
      <trkpt lat="-25.832723993808031" lon="31.083260960876942">
        <ele>1254.1800000000001</ele>
        <time>2021-09-25T11:27:14Z</time>
      </trkpt>
      <trkpt lat="-25.832575969398022" lon="31.083193989470601">
        <ele>1255.6199999999999</ele>
        <time>2021-09-25T11:27:15Z</time>
      </trkpt>
      <trkpt lat="-25.83162403665483" lon="31.082774978131056">
        <ele>1252.25</ele>
        <time>2021-09-25T11:27:20Z</time>
      </trkpt>
      <trkpt lat="-25.831399988383055" lon="31.082676993682981">
        <ele>1252.74</ele>
        <time>2021-09-25T11:27:21Z</time>
      </trkpt>
      <trkpt lat="-25.830937977880239" lon="31.082474989816546">
        <ele>1249.8499999999999</ele>
        <time>2021-09-25T11:27:23Z</time>
      </trkpt>
      <trkpt lat="-25.830218978226185" lon="31.082162009552121">
        <ele>1248.4100000000001</ele>
        <time>2021-09-25T11:27:26Z</time>
      </trkpt>
      <trkpt lat="-25.829548006877303" lon="31.081875013187528">
        <ele>1243.1199999999999</ele>
        <time>2021-09-25T11:27:29Z</time>
      </trkpt>
      <trkpt lat="-25.829130001366138" lon="31.081736041232944">
        <ele>1237.3499999999999</ele>
        <time>2021-09-25T11:27:31Z</time>
      </trkpt>
      <trkpt lat="-25.828921040520072" lon="31.081692958250642">
        <ele>1234.95</ele>
        <time>2021-09-25T11:27:32Z</time>
      </trkpt>
      <trkpt lat="-25.82850999198854" lon="31.081630010157824">
        <ele>1233.51</ele>
        <time>2021-09-25T11:27:34Z</time>
      </trkpt>
      <trkpt lat="-25.828311005607247" lon="31.081593967974186">
        <ele>1228.7</ele>
        <time>2021-09-25T11:27:35Z</time>
      </trkpt>
      <trkpt lat="-25.828117970377207" lon="31.081542000174522">
        <ele>1226.3</ele>
        <time>2021-09-25T11:27:36Z</time>
      </trkpt>
      <trkpt lat="-25.82793197594583" lon="31.08147201128304">
        <ele>1222.9300000000001</ele>
        <time>2021-09-25T11:27:37Z</time>
      </trkpt>
      <trkpt lat="-25.827750004827976" lon="31.081389030441642">
        <ele>1223.9000000000001</ele>
        <time>2021-09-25T11:27:38Z</time>
      </trkpt>
      <trkpt lat="-25.827238038182259" lon="31.081179985776544">
        <ele>1221.01</ele>
        <time>2021-09-25T11:27:41Z</time>
      </trkpt>
      <trkpt lat="-25.827076015993953" lon="31.081157019361854">
        <ele>1217.1700000000001</ele>
        <time>2021-09-25T11:27:42Z</time>
      </trkpt>
      <trkpt lat="-25.826916005462408" lon="31.081158025190234">
        <ele>1216.21</ele>
        <time>2021-09-25T11:27:43Z</time>
      </trkpt>
      <trkpt lat="-25.826759012416005" lon="31.081185014918447">
        <ele>1215.24</ele>
        <time>2021-09-25T11:27:44Z</time>
      </trkpt>
      <trkpt lat="-25.826607970520854" lon="31.081232959404588">
        <ele>1213.8</ele>
        <time>2021-09-25T11:27:45Z</time>
      </trkpt>
      <trkpt lat="-25.826463969424367" lon="31.081295991316438">
        <ele>1213.3199999999999</ele>
        <time>2021-09-25T11:27:46Z</time>
      </trkpt>
      <trkpt lat="-25.82631703466177" lon="31.081368997693062">
        <ele>1210.9200000000001</ele>
        <time>2021-09-25T11:27:47Z</time>
      </trkpt>
      <trkpt lat="-25.8257179800421" lon="31.081744004040956">
        <ele>1205.6300000000001</ele>
        <time>2021-09-25T11:27:51Z</time>
      </trkpt>
      <trkpt lat="-25.825569033622742" lon="31.08185900375247">
        <ele>1205.6300000000001</ele>
        <time>2021-09-25T11:27:52Z</time>
      </trkpt>
      <trkpt lat="-25.824883980676532" lon="31.082542967051268">
        <ele>1198.4200000000001</ele>
        <time>2021-09-25T11:27:57Z</time>
      </trkpt>
      <trkpt lat="-25.824773004278541" lon="31.082707000896335">
        <ele>1196.98</ele>
        <time>2021-09-25T11:27:58Z</time>
      </trkpt>
      <trkpt lat="-25.824678037315607" lon="31.082886960357428">
        <ele>1194.5799999999999</ele>
        <time>2021-09-25T11:27:59Z</time>
      </trkpt>
      <trkpt lat="-25.824595978483558" lon="31.083078989759088">
        <ele>1195.0599999999999</ele>
        <time>2021-09-25T11:28:00Z</time>
      </trkpt>
      <trkpt lat="-25.824531018733978" lon="31.083279987797141">
        <ele>1194.0899999999999</ele>
        <time>2021-09-25T11:28:01Z</time>
      </trkpt>
      <trkpt lat="-25.824476033449173" lon="31.083489032462239">
        <ele>1191.21</ele>
        <time>2021-09-25T11:28:02Z</time>
      </trkpt>
      <trkpt lat="-25.824366984888911" lon="31.083917012438178">
        <ele>1187.8499999999999</ele>
        <time>2021-09-25T11:28:04Z</time>
      </trkpt>
      <trkpt lat="-25.824085017666221" lon="31.084597958251834">
        <ele>1185.4400000000001</ele>
        <time>2021-09-25T11:28:07Z</time>
      </trkpt>
      <trkpt lat="-25.823335004970431" lon="31.085673021152616">
        <ele>1188.3299999999999</ele>
        <time>2021-09-25T11:28:12Z</time>
      </trkpt>
      <trkpt lat="-25.822675013914704" lon="31.0863490216434">
        <ele>1186.4000000000001</ele>
        <time>2021-09-25T11:28:16Z</time>
      </trkpt>
      <trkpt lat="-25.822348035871983" lon="31.086666025221348">
        <ele>1184.96</ele>
        <time>2021-09-25T11:28:18Z</time>
      </trkpt>
      <trkpt lat="-25.822176039218903" lon="31.086818994954228">
        <ele>1181.5999999999999</ele>
        <time>2021-09-25T11:28:19Z</time>
      </trkpt>
      <trkpt lat="-25.821805978193879" lon="31.087100962176919">
        <ele>1177.27</ele>
        <time>2021-09-25T11:28:21Z</time>
      </trkpt>
      <trkpt lat="-25.82161202095449" lon="31.087228031829">
        <ele>1178.23</ele>
        <time>2021-09-25T11:28:22Z</time>
      </trkpt>
      <trkpt lat="-25.820465041324496" lon="31.087786015123129">
        <ele>1182.5599999999999</ele>
        <time>2021-09-25T11:28:28Z</time>
      </trkpt>
      <trkpt lat="-25.820276029407978" lon="31.087863966822624">
        <ele>1179.6700000000001</ele>
        <time>2021-09-25T11:28:29Z</time>
      </trkpt>
      <trkpt lat="-25.819904962554574" lon="31.08802598901093">
        <ele>1176.3099999999999</ele>
        <time>2021-09-25T11:28:31Z</time>
      </trkpt>
      <trkpt lat="-25.818628985434771" lon="31.088760998100042">
        <ele>1172.47</ele>
        <time>2021-09-25T11:28:38Z</time>
      </trkpt>
      <trkpt lat="-25.818250961601734" lon="31.089001977816224">
        <ele>1171.5</ele>
        <time>2021-09-25T11:28:40Z</time>
      </trkpt>
      <trkpt lat="-25.817646039649844" lon="31.089372038841248">
        <ele>1170.0599999999999</ele>
        <time>2021-09-25T11:28:43Z</time>
      </trkpt>
      <trkpt lat="-25.817258041352034" lon="31.089602038264275">
        <ele>1167.6600000000001</ele>
        <time>2021-09-25T11:28:45Z</time>
      </trkpt>
      <trkpt lat="-25.816599978134036" lon="31.090062959119678">
        <ele>1164.29</ele>
        <time>2021-09-25T11:28:49Z</time>
      </trkpt>
      <trkpt lat="-25.81645798869431" lon="31.090212995186448">
        <ele>1164.29</ele>
        <time>2021-09-25T11:28:50Z</time>
      </trkpt>
      <trkpt lat="-25.816324967890978" lon="31.090378034859896">
        <ele>1164.77</ele>
        <time>2021-09-25T11:28:51Z</time>
      </trkpt>
      <trkpt lat="-25.816203011199832" lon="31.090556988492608">
        <ele>1164.77</ele>
        <time>2021-09-25T11:28:52Z</time>
      </trkpt>
      <trkpt lat="-25.81609102897346" lon="31.090749017894268">
        <ele>1164.29</ele>
        <time>2021-09-25T11:28:53Z</time>
      </trkpt>
      <trkpt lat="-25.81598499789834" lon="31.090943980962038">
        <ele>1163.8099999999999</ele>
        <time>2021-09-25T11:28:54Z</time>
      </trkpt>
      <trkpt lat="-25.815690960735083" lon="31.091492995619774">
        <ele>1159.49</ele>
        <time>2021-09-25T11:28:57Z</time>
      </trkpt>
      <trkpt lat="-25.815303968265653" lon="31.092217024415731">
        <ele>1154.6800000000001</ele>
        <time>2021-09-25T11:29:01Z</time>
      </trkpt>
      <trkpt lat="-25.815084027126431" lon="31.092589013278484">
        <ele>1151.8</ele>
        <time>2021-09-25T11:29:03Z</time>
      </trkpt>
      <trkpt lat="-25.814811028540134" lon="31.092957984656096">
        <ele>1147.95</ele>
        <time>2021-09-25T11:29:05Z</time>
      </trkpt>
      <trkpt lat="-25.814496958628297" lon="31.093328967690468">
        <ele>1146.99</ele>
        <time>2021-09-25T11:29:07Z</time>
      </trkpt>
      <trkpt lat="-25.813464978709817" lon="31.094445018097758">
        <ele>1150.8399999999999</ele>
        <time>2021-09-25T11:29:13Z</time>
      </trkpt>
      <trkpt lat="-25.813145041465759" lon="31.094826981425285">
        <ele>1155.6400000000001</ele>
        <time>2021-09-25T11:29:15Z</time>
      </trkpt>
      <trkpt lat="-25.812712032347918" lon="31.095399968326092">
        <ele>1160.9300000000001</ele>
        <time>2021-09-25T11:29:18Z</time>
      </trkpt>
      <trkpt lat="-25.812555961310863" lon="31.09556601382792">
        <ele>1162.8499999999999</ele>
        <time>2021-09-25T11:29:19Z</time>
      </trkpt>
      <trkpt lat="-25.812391005456448" lon="31.095705991610885">
        <ele>1164.29</ele>
        <time>2021-09-25T11:29:20Z</time>
      </trkpt>
      <trkpt lat="-25.812214985489845" lon="31.095820991322398">
        <ele>1165.74</ele>
        <time>2021-09-25T11:29:21Z</time>
      </trkpt>
      <trkpt lat="-25.811837967485189" lon="31.096016960218549">
        <ele>1171.5</ele>
        <time>2021-09-25T11:29:23Z</time>
      </trkpt>
      <trkpt lat="-25.8116440102458" lon="31.096116034314036">
        <ele>1174.8699999999999</ele>
        <time>2021-09-25T11:29:24Z</time>
      </trkpt>
      <trkpt lat="-25.811238996684551" lon="31.096315020695329">
        <ele>1178.23</ele>
        <time>2021-09-25T11:29:26Z</time>
      </trkpt>
      <trkpt lat="-25.811036992818117" lon="31.096417028456926">
        <ele>1181.1199999999999</ele>
        <time>2021-09-25T11:29:27Z</time>
      </trkpt>
      <trkpt lat="-25.810620998963714" lon="31.096628000959754">
        <ele>1184.48</ele>
        <time>2021-09-25T11:29:29Z</time>
      </trkpt>
      <trkpt lat="-25.810407008975744" lon="31.096734032034874">
        <ele>1184.48</ele>
        <time>2021-09-25T11:29:30Z</time>
      </trkpt>
      <trkpt lat="-25.809477958828211" lon="31.097192019224167">
        <ele>1186.8800000000001</ele>
        <time>2021-09-25T11:29:34Z</time>
      </trkpt>
      <trkpt lat="-25.808367021381855" lon="31.097751008346677">
        <ele>1185.9200000000001</ele>
        <time>2021-09-25T11:29:39Z</time>
      </trkpt>
      <trkpt lat="-25.807791016995907" lon="31.098066000267863">
        <ele>1183.04</ele>
        <time>2021-09-25T11:29:42Z</time>
      </trkpt>
      <trkpt lat="-25.807209983468056" lon="31.098452992737293">
        <ele>1179.6700000000001</ele>
        <time>2021-09-25T11:29:45Z</time>
      </trkpt>
      <trkpt lat="-25.806628027930856" lon="31.098850965499878">
        <ele>1182.5599999999999</ele>
        <time>2021-09-25T11:29:48Z</time>
      </trkpt>
      <trkpt lat="-25.806121006608009" lon="31.099206022918224">
        <ele>1186.4000000000001</ele>
        <time>2021-09-25T11:29:51Z</time>
      </trkpt>
      <trkpt lat="-25.805362025275826" lon="31.099693011492491">
        <ele>1185.9200000000001</ele>
        <time>2021-09-25T11:29:56Z</time>
      </trkpt>
      <trkpt lat="-25.805204026401043" lon="31.099742967635393">
        <ele>1185.9200000000001</ele>
        <time>2021-09-25T11:29:57Z</time>
      </trkpt>
      <trkpt lat="-25.805044015869498" lon="31.099766017869115">
        <ele>1186.4000000000001</ele>
        <time>2021-09-25T11:29:58Z</time>
      </trkpt>
      <trkpt lat="-25.804604971781373" lon="31.099812034517527">
        <ele>1183.04</ele>
        <time>2021-09-25T11:30:01Z</time>
      </trkpt>
      <trkpt lat="-25.804483015090227" lon="31.09986299648881">
        <ele>1185.9200000000001</ele>
        <time>2021-09-25T11:30:02Z</time>
      </trkpt>
      <trkpt lat="-25.804380001500249" lon="31.099942037835717">
        <ele>1184</ele>
        <time>2021-09-25T11:30:03Z</time>
      </trkpt>
      <trkpt lat="-25.804300038143992" lon="31.100049996748567">
        <ele>1187.8499999999999</ele>
        <time>2021-09-25T11:30:04Z</time>
      </trkpt>
      <trkpt lat="-25.804242035374045" lon="31.100178994238377">
        <ele>1187.8499999999999</ele>
        <time>2021-09-25T11:30:05Z</time>
      </trkpt>
      <trkpt lat="-25.804200964048505" lon="31.100315032526851">
        <ele>1184.96</ele>
        <time>2021-09-25T11:30:06Z</time>
      </trkpt>
      <trkpt lat="-25.804173974320292" lon="31.100473031401634">
        <ele>1187.3699999999999</ele>
        <time>2021-09-25T11:30:07Z</time>
      </trkpt>
      <trkpt lat="-25.804083030670881" lon="31.100949961692095">
        <ele>1190.25</ele>
        <time>2021-09-25T11:30:10Z</time>
      </trkpt>
      <trkpt lat="-25.804035002365708" lon="31.101112989708781">
        <ele>1193.6099999999999</ele>
        <time>2021-09-25T11:30:11Z</time>
      </trkpt>
      <trkpt lat="-25.803971970453858" lon="31.101273000240326">
        <ele>1195.54</ele>
        <time>2021-09-25T11:30:12Z</time>
      </trkpt>
      <trkpt lat="-25.803893012925982" lon="31.101424964144826">
        <ele>1193.1300000000001</ele>
        <time>2021-09-25T11:30:13Z</time>
      </trkpt>
      <trkpt lat="-25.803798967972398" lon="31.101570976898074">
        <ele>1195.0599999999999</ele>
        <time>2021-09-25T11:30:14Z</time>
      </trkpt>
      <trkpt lat="-25.803688997402787" lon="31.101705003529787">
        <ele>1200.8199999999999</ele>
        <time>2021-09-25T11:30:15Z</time>
      </trkpt>
      <trkpt lat="-25.803562011569738" lon="31.101827966049314">
        <ele>1204.1900000000001</ele>
        <time>2021-09-25T11:30:16Z</time>
      </trkpt>
      <trkpt lat="-25.803420022130013" lon="31.101939026266336">
        <ele>1203.23</ele>
        <time>2021-09-25T11:30:17Z</time>
      </trkpt>
      <trkpt lat="-25.80326403491199" lon="31.102044973522425">
        <ele>1206.5899999999999</ele>
        <time>2021-09-25T11:30:18Z</time>
      </trkpt>
      <trkpt lat="-25.803096983581781" lon="31.102148992940784">
        <ele>1210.9200000000001</ele>
        <time>2021-09-25T11:30:19Z</time>
      </trkpt>
      <trkpt lat="-25.802920963615179" lon="31.102256029844284">
        <ele>1210.9200000000001</ele>
        <time>2021-09-25T11:30:20Z</time>
      </trkpt>
      <trkpt lat="-25.802008006721735" lon="31.102805966511369">
        <ele>1215.24</ele>
        <time>2021-09-25T11:30:25Z</time>
      </trkpt>
      <trkpt lat="-25.801822012290359" lon="31.102918032556772">
        <ele>1213.3199999999999</ele>
        <time>2021-09-25T11:30:26Z</time>
      </trkpt>
      <trkpt lat="-25.800922969356179" lon="31.103351041674614">
        <ele>1218.1300000000001</ele>
        <time>2021-09-25T11:30:31Z</time>
      </trkpt>
      <trkpt lat="-25.80072901211679" lon="31.103394962847233">
        <ele>1217.6500000000001</ele>
        <time>2021-09-25T11:30:32Z</time>
      </trkpt>
      <trkpt lat="-25.800530025735497" lon="31.103424970060587">
        <ele>1218.1300000000001</ele>
        <time>2021-09-25T11:30:33Z</time>
      </trkpt>
      <trkpt lat="-25.800327016040683" lon="31.103439973667264">
        <ele>1220.53</ele>
        <time>2021-09-25T11:30:34Z</time>
      </trkpt>
      <trkpt lat="-25.799924014136195" lon="31.103449026122689">
        <ele>1222.45</ele>
        <time>2021-09-25T11:30:36Z</time>
      </trkpt>
      <trkpt lat="-25.799554036930203" lon="31.103478027507663">
        <ele>1224.8599999999999</ele>
        <time>2021-09-25T11:30:38Z</time>
      </trkpt>
      <trkpt lat="-25.799383968114853" lon="31.10351700335741">
        <ele>1225.8199999999999</ele>
        <time>2021-09-25T11:30:39Z</time>
      </trkpt>
      <trkpt lat="-25.799225969240069" lon="31.103578023612499">
        <ele>1228.7</ele>
        <time>2021-09-25T11:30:40Z</time>
      </trkpt>
      <trkpt lat="-25.799076016992331" lon="31.103650024160743">
        <ele>1229.6600000000001</ele>
        <time>2021-09-25T11:30:41Z</time>
      </trkpt>
      <trkpt lat="-25.798553992062807" lon="31.103870971128345">
        <ele>1230.6199999999999</ele>
        <time>2021-09-25T11:30:45Z</time>
      </trkpt>
      <trkpt lat="-25.798445027321577" lon="31.103891003876925">
        <ele>1231.5899999999999</ele>
        <time>2021-09-25T11:30:46Z</time>
      </trkpt>
      <trkpt lat="-25.798345031216741" lon="31.10390298999846">
        <ele>1232.55</ele>
        <time>2021-09-25T11:30:47Z</time>
      </trkpt>
      <trkpt lat="-25.798150990158319" lon="31.103905001655221">
        <ele>1234.47</ele>
        <time>2021-09-25T11:30:49Z</time>
      </trkpt>
      <trkpt lat="-25.798058034852147" lon="31.103895027190447">
        <ele>1234.47</ele>
        <time>2021-09-25T11:30:50Z</time>
      </trkpt>
      <trkpt lat="-25.797982010990381" lon="31.103893015533686">
        <ele>1233.51</ele>
        <time>2021-09-25T11:30:51Z</time>
      </trkpt>
      <trkpt lat="-25.797929037362337" lon="31.103901984170079">
        <ele>1233.51</ele>
        <time>2021-09-25T11:30:52Z</time>
      </trkpt>
      <trkpt lat="-25.797896012663841" lon="31.103918999433517">
        <ele>1234.95</ele>
        <time>2021-09-25T11:30:53Z</time>
      </trkpt>
      <trkpt lat="-25.797877991572022" lon="31.103944983333349">
        <ele>1234.95</ele>
        <time>2021-09-25T11:30:54Z</time>
      </trkpt>
      <trkpt lat="-25.79787296243012" lon="31.103972978889942">
        <ele>1233.99</ele>
        <time>2021-09-25T11:30:55Z</time>
      </trkpt>
      <trkpt lat="-25.797876985743642" lon="31.104007009416819">
        <ele>1233.51</ele>
        <time>2021-09-25T11:30:56Z</time>
      </trkpt>
      <trkpt lat="-25.797880003228784" lon="31.104059983044863">
        <ele>1233.99</ele>
        <time>2021-09-25T11:30:57Z</time>
      </trkpt>
      <trkpt lat="-25.797887966036797" lon="31.104484023526311">
        <ele>1235.4300000000001</ele>
        <time>2021-09-25T11:31:02Z</time>
      </trkpt>
      <trkpt lat="-25.797892995178699" lon="31.104729026556015">
        <ele>1230.6199999999999</ele>
        <time>2021-09-25T11:31:06Z</time>
      </trkpt>
      <trkpt lat="-25.79789400100708" lon="31.104765990749002">
        <ele>1231.5899999999999</ele>
        <time>2021-09-25T11:31:07Z</time>
      </trkpt>
      <trkpt lat="-25.797901041805744" lon="31.10480597242713">
        <ele>1231.1099999999999</ele>
        <time>2021-09-25T11:31:09Z</time>
      </trkpt>
      <trkpt lat="-25.797912022098899" lon="31.104813013225794">
        <ele>1231.1099999999999</ele>
        <time>2021-09-25T11:31:10Z</time>
      </trkpt>
      <trkpt lat="-25.79795703291893" lon="31.104772025719285">
        <ele>1231.5899999999999</ele>
        <time>2021-09-25T11:31:15Z</time>
      </trkpt>
      <trkpt lat="-25.797956027090549" lon="31.10474101267755">
        <ele>1233.03</ele>
        <time>2021-09-25T11:31:17Z</time>
      </trkpt>
      <trkpt lat="-25.797956027090549" lon="31.104714022949338">
        <ele>1233.03</ele>
        <time>2021-09-25T11:31:18Z</time>
      </trkpt>
      <trkpt lat="-25.79791596159339" lon="31.104338010773063">
        <ele>1237.3499999999999</ele>
        <time>2021-09-25T11:31:25Z</time>
      </trkpt>
      <trkpt lat="-25.797915039584041" lon="31.104259975254536">
        <ele>1235.4300000000001</ele>
        <time>2021-09-25T11:31:26Z</time>
      </trkpt>
      <trkpt lat="-25.79791696742177" lon="31.103925034403801">
        <ele>1233.51</ele>
        <time>2021-09-25T11:31:32Z</time>
      </trkpt>
      <trkpt lat="-25.797907998785377" lon="31.103898966684937">
        <ele>1233.51</ele>
        <time>2021-09-25T11:31:44Z</time>
      </trkpt>
      <trkpt lat="-25.797883020713925" lon="31.10385999083519">
        <ele>1233.99</ele>
        <time>2021-09-25T11:31:45Z</time>
      </trkpt>
      <trkpt lat="-25.797837004065514" lon="31.103811040520668">
        <ele>1234.95</ele>
        <time>2021-09-25T11:31:46Z</time>
      </trkpt>
      <trkpt lat="-25.797771960496902" lon="31.103767035529017">
        <ele>1234.95</ele>
        <time>2021-09-25T11:31:47Z</time>
      </trkpt>
      <trkpt lat="-25.797695014625788" lon="31.103721018880606">
        <ele>1234.95</ele>
        <time>2021-09-25T11:31:48Z</time>
      </trkpt>
      <trkpt lat="-25.797611027956009" lon="31.103655975311995">
        <ele>1236.3900000000001</ele>
        <time>2021-09-25T11:31:49Z</time>
      </trkpt>
      <trkpt lat="-25.79752603545785" lon="31.103568971157074">
        <ele>1236.3900000000001</ele>
        <time>2021-09-25T11:31:50Z</time>
      </trkpt>
      <trkpt lat="-25.797445988282561" lon="31.103460006415844">
        <ele>1239.76</ele>
        <time>2021-09-25T11:31:51Z</time>
      </trkpt>
      <trkpt lat="-25.797369964420795" lon="31.103326985612512">
        <ele>1236.8699999999999</ele>
        <time>2021-09-25T11:31:52Z</time>
      </trkpt>
      <trkpt lat="-25.797297041863203" lon="31.103176027536392">
        <ele>1240.72</ele>
        <time>2021-09-25T11:31:53Z</time>
      </trkpt>
      <trkpt lat="-25.796903008595109" lon="31.102254018187523">
        <ele>1237.3499999999999</ele>
        <time>2021-09-25T11:31:58Z</time>
      </trkpt>
      <trkpt lat="-25.796816004440188" lon="31.102050002664328">
        <ele>1238.8</ele>
        <time>2021-09-25T11:31:59Z</time>
      </trkpt>
      <trkpt lat="-25.796725982800126" lon="31.101842969655991">
        <ele>1233.99</ele>
        <time>2021-09-25T11:32:00Z</time>
      </trkpt>
      <trkpt lat="-25.796635961160064" lon="31.101637026295066">
        <ele>1233.99</ele>
        <time>2021-09-25T11:32:01Z</time>
      </trkpt>
      <trkpt lat="-25.796365980058908" lon="31.101068984717131">
        <ele>1228.22</ele>
        <time>2021-09-25T11:32:04Z</time>
      </trkpt>
      <trkpt lat="-25.796132041141391" lon="31.100724991410971">
        <ele>1227.26</ele>
        <time>2021-09-25T11:32:06Z</time>
      </trkpt>
      <trkpt lat="-25.795989967882633" lon="31.100561963394284">
        <ele>1225.8199999999999</ele>
        <time>2021-09-25T11:32:07Z</time>
      </trkpt>
      <trkpt lat="-25.79582903534174" lon="31.100405976176262">
        <ele>1223.9000000000001</ele>
        <time>2021-09-25T11:32:08Z</time>
      </trkpt>
      <trkpt lat="-25.795652009546757" lon="31.10024998895824">
        <ele>1219.0899999999999</ele>
        <time>2021-09-25T11:32:09Z</time>
      </trkpt>
      <trkpt lat="-25.795470960438251" lon="31.100092995911837">
        <ele>1222.9300000000001</ele>
        <time>2021-09-25T11:32:10Z</time>
      </trkpt>
      <trkpt lat="-25.795110035687685" lon="31.099783033132553">
        <ele>1219.5699999999999</ele>
        <time>2021-09-25T11:32:12Z</time>
      </trkpt>
      <trkpt lat="-25.794622963294387" lon="31.099352035671473">
        <ele>1217.1700000000001</ele>
        <time>2021-09-25T11:32:15Z</time>
      </trkpt>
      <trkpt lat="-25.794507041573524" lon="31.099211974069476">
        <ele>1218.6099999999999</ele>
        <time>2021-09-25T11:32:16Z</time>
      </trkpt>
      <trkpt lat="-25.794411990791559" lon="31.099064033478498">
        <ele>1220.05</ele>
        <time>2021-09-25T11:32:17Z</time>
      </trkpt>
      <trkpt lat="-25.794332027435303" lon="31.098903017118573">
        <ele>1220.53</ele>
        <time>2021-09-25T11:32:18Z</time>
      </trkpt>
      <trkpt lat="-25.794260026887059" lon="31.098732026293874">
        <ele>1221.01</ele>
        <time>2021-09-25T11:32:19Z</time>
      </trkpt>
      <trkpt lat="-25.794188026338816" lon="31.098561035469174">
        <ele>1224.8599999999999</ele>
        <time>2021-09-25T11:32:20Z</time>
      </trkpt>
      <trkpt lat="-25.794098004698753" lon="31.098398007452488">
        <ele>1229.1800000000001</ele>
        <time>2021-09-25T11:32:21Z</time>
      </trkpt>
      <trkpt lat="-25.793990967795253" lon="31.098245959728956">
        <ele>1230.1400000000001</ele>
        <time>2021-09-25T11:32:22Z</time>
      </trkpt>
      <trkpt lat="-25.793520994484425" lon="31.097619999200106">
        <ele>1234.47</ele>
        <time>2021-09-25T11:32:26Z</time>
      </trkpt>
      <trkpt lat="-25.793423010036349" lon="31.09743601642549">
        <ele>1237.3499999999999</ele>
        <time>2021-09-25T11:32:27Z</time>
      </trkpt>
      <trkpt lat="-25.793342040851712" lon="31.097238035872579">
        <ele>1239.76</ele>
        <time>2021-09-25T11:32:28Z</time>
      </trkpt>
      <trkpt lat="-25.793278003111482" lon="31.097029997035861">
        <ele>1241.2</ele>
        <time>2021-09-25T11:32:29Z</time>
      </trkpt>
      <trkpt lat="-25.793227963149548" lon="31.09681399539113">
        <ele>1244.0799999999999</ele>
        <time>2021-09-25T11:32:30Z</time>
      </trkpt>
      <trkpt lat="-25.793184963986278" lon="31.0965979937464">
        <ele>1246.97</ele>
        <time>2021-09-25T11:32:31Z</time>
      </trkpt>
      <trkpt lat="-25.793142970651388" lon="31.096391966566443">
        <ele>1246.49</ele>
        <time>2021-09-25T11:32:32Z</time>
      </trkpt>
      <trkpt lat="-25.793086979538202" lon="31.096029030159116">
        <ele>1248.8900000000001</ele>
        <time>2021-09-25T11:32:34Z</time>
      </trkpt>
      <trkpt lat="-25.793094020336866" lon="31.095866002142429">
        <ele>1249.8499999999999</ele>
        <time>2021-09-25T11:32:35Z</time>
      </trkpt>
      <trkpt lat="-25.793127967044711" lon="31.095715966075659">
        <ele>1250.3299999999999</ele>
        <time>2021-09-25T11:32:36Z</time>
      </trkpt>
      <trkpt lat="-25.793184963986278" lon="31.095581017434597">
        <ele>1251.29</ele>
        <time>2021-09-25T11:32:37Z</time>
      </trkpt>
      <trkpt lat="-25.793266016989946" lon="31.095463000237942">
        <ele>1254.6600000000001</ele>
        <time>2021-09-25T11:32:38Z</time>
      </trkpt>
      <trkpt lat="-25.793371964246035" lon="31.095368033275008">
        <ele>1256.0999999999999</ele>
        <time>2021-09-25T11:32:39Z</time>
      </trkpt>
      <trkpt lat="-25.793495010584593" lon="31.095292009413242">
        <ele>1256.5799999999999</ele>
        <time>2021-09-25T11:32:40Z</time>
      </trkpt>
      <trkpt lat="-25.793629037216306" lon="31.095230989158154">
        <ele>1256.5799999999999</ele>
        <time>2021-09-25T11:32:41Z</time>
      </trkpt>
      <trkpt lat="-25.793770020827651" lon="31.095178015530109">
        <ele>1262.3499999999999</ele>
        <time>2021-09-25T11:32:42Z</time>
      </trkpt>
      <trkpt lat="-25.793907986953855" lon="31.095126969739795">
        <ele>1262.3499999999999</ele>
        <time>2021-09-25T11:32:43Z</time>
      </trkpt>
      <trkpt lat="-25.794591028243303" lon="31.094882972538471">
        <ele>1268.1199999999999</ele>
        <time>2021-09-25T11:32:48Z</time>
      </trkpt>
      <trkpt lat="-25.794702004641294" lon="31.094822958111763">
        <ele>1268.1199999999999</ele>
        <time>2021-09-25T11:32:49Z</time>
      </trkpt>
      <trkpt lat="-25.794792026281357" lon="31.094742994755507">
        <ele>1265.71</ele>
        <time>2021-09-25T11:32:50Z</time>
      </trkpt>
      <trkpt lat="-25.794856986030936" lon="31.094640986993909">
        <ele>1269.0799999999999</ele>
        <time>2021-09-25T11:32:51Z</time>
      </trkpt>
      <trkpt lat="-25.794898979365826" lon="31.094519030302763">
        <ele>1271.48</ele>
        <time>2021-09-25T11:32:52Z</time>
      </trkpt>
      <trkpt lat="-25.794924963265657" lon="31.09438500367105">
        <ele>1270.52</ele>
        <time>2021-09-25T11:32:53Z</time>
      </trkpt>
      <trkpt lat="-25.794938961043954" lon="31.094241002574563">
        <ele>1274.3599999999999</ele>
        <time>2021-09-25T11:32:54Z</time>
      </trkpt>
      <trkpt lat="-25.794947007670999" lon="31.09408400952816">
        <ele>1274.3599999999999</ele>
        <time>2021-09-25T11:32:55Z</time>
      </trkpt>
      <trkpt lat="-25.794959999620914" lon="31.093743033707142">
        <ele>1282.54</ele>
        <time>2021-09-25T11:32:57Z</time>
      </trkpt>
      <trkpt lat="-25.794969974085689" lon="31.093559972941875">
        <ele>1282.0599999999999</ele>
        <time>2021-09-25T11:32:58Z</time>
      </trkpt>
      <trkpt lat="-25.794990006834269" lon="31.093200976029038">
        <ele>1285.4200000000001</ele>
        <time>2021-09-25T11:33:00Z</time>
      </trkpt>
      <trkpt lat="-25.794997969642282" lon="31.093024034053087">
        <ele>1291.1900000000001</ele>
        <time>2021-09-25T11:33:01Z</time>
      </trkpt>
      <trkpt lat="-25.795006016269326" lon="31.092848014086485">
        <ele>1285.4200000000001</ele>
        <time>2021-09-25T11:33:02Z</time>
      </trkpt>
      <trkpt lat="-25.795016996562481" lon="31.092493962496519">
        <ele>1291.6700000000001</ele>
        <time>2021-09-25T11:33:04Z</time>
      </trkpt>
      <trkpt lat="-25.795034011825919" lon="31.092315008863807">
        <ele>1292.6300000000001</ele>
        <time>2021-09-25T11:33:05Z</time>
      </trkpt>
      <trkpt lat="-25.795071981847286" lon="31.092143012210727">
        <ele>1290.23</ele>
        <time>2021-09-25T11:33:06Z</time>
      </trkpt>
      <trkpt lat="-25.795130990445614" lon="31.09197998419404">
        <ele>1295.51</ele>
        <time>2021-09-25T11:33:07Z</time>
      </trkpt>
      <trkpt lat="-25.795209025964141" lon="31.091822991147637">
        <ele>1294.0699999999999</ele>
        <time>2021-09-25T11:33:08Z</time>
      </trkpt>
      <trkpt lat="-25.7952940184623" lon="31.091670021414757">
        <ele>1295.03</ele>
        <time>2021-09-25T11:33:09Z</time>
      </trkpt>
      <trkpt lat="-25.79538001678884" lon="31.091515962034464">
        <ele>1299.3599999999999</ele>
        <time>2021-09-25T11:33:10Z</time>
      </trkpt>
      <trkpt lat="-25.79546601511538" lon="31.091359974816442">
        <ele>1297.9200000000001</ele>
        <time>2021-09-25T11:33:11Z</time>
      </trkpt>
      <trkpt lat="-25.79555201344192" lon="31.091201975941658">
        <ele>1302.24</ele>
        <time>2021-09-25T11:33:12Z</time>
      </trkpt>
      <trkpt lat="-25.79563801176846" lon="31.091044982895255">
        <ele>1302.24</ele>
        <time>2021-09-25T11:33:13Z</time>
      </trkpt>
      <trkpt lat="-25.795844038948417" lon="31.09058397822082">
        <ele>1307.05</ele>
        <time>2021-09-25T11:33:16Z</time>
      </trkpt>
      <trkpt lat="-25.795871028676629" lon="31.090428996831179">
        <ele>1305.6099999999999</ele>
        <time>2021-09-25T11:33:17Z</time>
      </trkpt>
      <trkpt lat="-25.79587203450501" lon="31.090274015441537">
        <ele>1308.97</ele>
        <time>2021-09-25T11:33:18Z</time>
      </trkpt>
      <trkpt lat="-25.795844038948417" lon="31.090120039880276">
        <ele>1307.53</ele>
        <time>2021-09-25T11:33:19Z</time>
      </trkpt>
      <trkpt lat="-25.795797016471624" lon="31.089964974671602">
        <ele>1312.3399999999999</ele>
        <time>2021-09-25T11:33:20Z</time>
      </trkpt>
      <trkpt lat="-25.795752005651593" lon="31.089806975796819">
        <ele>1312.3399999999999</ele>
        <time>2021-09-25T11:33:21Z</time>
      </trkpt>
      <trkpt lat="-25.795721998438239" lon="31.089643025770783">
        <ele>1314.74</ele>
        <time>2021-09-25T11:33:22Z</time>
      </trkpt>
      <trkpt lat="-25.795713029801846" lon="31.089477986097336">
        <ele>1314.74</ele>
        <time>2021-09-25T11:33:23Z</time>
      </trkpt>
      <trkpt lat="-25.795724010095" lon="31.089318981394172">
        <ele>1318.5899999999999</ele>
        <time>2021-09-25T11:33:24Z</time>
      </trkpt>
      <trkpt lat="-25.795752005651593" lon="31.089158970862627">
        <ele>1316.1800000000001</ele>
        <time>2021-09-25T11:33:25Z</time>
      </trkpt>
      <trkpt lat="-25.795791987329721" lon="31.088999966159463">
        <ele>1314.26</ele>
        <time>2021-09-25T11:33:26Z</time>
      </trkpt>
      <trkpt lat="-25.795842027291656" lon="31.088839033618569">
        <ele>1315.7</ele>
        <time>2021-09-25T11:33:27Z</time>
      </trkpt>
      <trkpt lat="-25.795922996476293" lon="31.088512977585196">
        <ele>1320.51</ele>
        <time>2021-09-25T11:33:29Z</time>
      </trkpt>
      <trkpt lat="-25.795934982597828" lon="31.088339975103736">
        <ele>1318.0999999999999</ele>
        <time>2021-09-25T11:33:30Z</time>
      </trkpt>
      <trkpt lat="-25.795919978991151" lon="31.088162027299404">
        <ele>1317.6199999999999</ele>
        <time>2021-09-25T11:33:31Z</time>
      </trkpt>
      <trkpt lat="-25.795878991484642" lon="31.087983995676041">
        <ele>1316.1800000000001</ele>
        <time>2021-09-25T11:33:32Z</time>
      </trkpt>
      <trkpt lat="-25.795813025906682" lon="31.087808981537819">
        <ele>1315.22</ele>
        <time>2021-09-25T11:33:33Z</time>
      </trkpt>
      <trkpt lat="-25.79572300426662" lon="31.087641008198261">
        <ele>1314.26</ele>
        <time>2021-09-25T11:33:34Z</time>
      </trkpt>
      <trkpt lat="-25.795605992898345" lon="31.087490972131491">
        <ele>1312.8199999999999</ele>
        <time>2021-09-25T11:33:35Z</time>
      </trkpt>
      <trkpt lat="-25.795469032600522" lon="31.087355017662048">
        <ele>1317.6199999999999</ele>
        <time>2021-09-25T11:33:36Z</time>
      </trkpt>
      <trkpt lat="-25.795323019847274" lon="31.087226020172238">
        <ele>1313.78</ele>
        <time>2021-09-25T11:33:37Z</time>
      </trkpt>
      <trkpt lat="-25.795067958533764" lon="31.086953021585941">
        <ele>1311.3800000000001</ele>
        <time>2021-09-25T11:33:39Z</time>
      </trkpt>
      <trkpt lat="-25.794973997399211" lon="31.08680097386241">
        <ele>1308.97</ele>
        <time>2021-09-25T11:33:40Z</time>
      </trkpt>
      <trkpt lat="-25.794912977144122" lon="31.086640041321516">
        <ele>1307.53</ele>
        <time>2021-09-25T11:33:41Z</time>
      </trkpt>
      <trkpt lat="-25.794882969930768" lon="31.086473995819688">
        <ele>1307.05</ele>
        <time>2021-09-25T11:33:42Z</time>
      </trkpt>
      <trkpt lat="-25.794883975759149" lon="31.086300993338227">
        <ele>1305.1300000000001</ele>
        <time>2021-09-25T11:33:43Z</time>
      </trkpt>
      <trkpt lat="-25.79490995965898" lon="31.086120028048754">
        <ele>1305.6099999999999</ele>
        <time>2021-09-25T11:33:44Z</time>
      </trkpt>
      <trkpt lat="-25.794948013499379" lon="31.085927998647094">
        <ele>1305.1300000000001</ele>
        <time>2021-09-25T11:33:45Z</time>
      </trkpt>
      <trkpt lat="-25.795140964910388" lon="31.084893001243472">
        <ele>1301.76</ele>
        <time>2021-09-25T11:33:50Z</time>
      </trkpt>
      <trkpt lat="-25.795159991830587" lon="31.084710024297237">
        <ele>1300.8</ele>
        <time>2021-09-25T11:33:51Z</time>
      </trkpt>
      <trkpt lat="-25.795155968517065" lon="31.084542972967029">
        <ele>1298.8800000000001</ele>
        <time>2021-09-25T11:33:52Z</time>
      </trkpt>
      <trkpt lat="-25.795125961303711" lon="31.084388997405767">
        <ele>1297.4400000000001</ele>
        <time>2021-09-25T11:33:53Z</time>
      </trkpt>
      <trkpt lat="-25.795068964362144" lon="31.084251031279564">
        <ele>1296.96</ele>
        <time>2021-09-25T11:33:54Z</time>
      </trkpt>
      <trkpt lat="-25.794987995177507" lon="31.084132008254528">
        <ele>1302.24</ele>
        <time>2021-09-25T11:33:55Z</time>
      </trkpt>
      <trkpt lat="-25.79488699324429" lon="31.084034023806453">
        <ele>1296.48</ele>
        <time>2021-09-25T11:33:56Z</time>
      </trkpt>
      <trkpt lat="-25.794767970219254" lon="31.083957999944687">
        <ele>1296.48</ele>
        <time>2021-09-25T11:33:57Z</time>
      </trkpt>
      <trkpt lat="-25.794634027406573" lon="31.083904020488262">
        <ele>1298.4000000000001</ele>
        <time>2021-09-25T11:33:58Z</time>
      </trkpt>
      <trkpt lat="-25.794487008824944" lon="31.083876024931669">
        <ele>1296.48</ele>
        <time>2021-09-25T11:33:59Z</time>
      </trkpt>
      <trkpt lat="-25.794330015778542" lon="31.083870995789766">
        <ele>1295.51</ele>
        <time>2021-09-25T11:34:00Z</time>
      </trkpt>
      <trkpt lat="-25.794161958619952" lon="31.083883987739682">
        <ele>1295.03</ele>
        <time>2021-09-25T11:34:01Z</time>
      </trkpt>
      <trkpt lat="-25.793978981673717" lon="31.083907037973404">
        <ele>1295.03</ele>
        <time>2021-09-25T11:34:02Z</time>
      </trkpt>
      <trkpt lat="-25.792888998985291" lon="31.08400996774435">
        <ele>1295.51</ele>
        <time>2021-09-25T11:34:07Z</time>
      </trkpt>
      <trkpt lat="-25.791934970766306" lon="31.08409303240478">
        <ele>1298.8800000000001</ele>
        <time>2021-09-25T11:34:11Z</time>
      </trkpt>
      <trkpt lat="-25.791239021345973" lon="31.084150029346347">
        <ele>1295.03</ele>
        <time>2021-09-25T11:34:14Z</time>
      </trkpt>
      <trkpt lat="-25.790468975901604" lon="31.084191016852856">
        <ele>1295.51</ele>
        <time>2021-09-25T11:34:18Z</time>
      </trkpt>
      <trkpt lat="-25.790297985076904" lon="31.08415899798274">
        <ele>1293.1099999999999</ele>
        <time>2021-09-25T11:34:19Z</time>
      </trkpt>
      <trkpt lat="-25.79013898037374" lon="31.084098983556032">
        <ele>1288.78</ele>
        <time>2021-09-25T11:34:20Z</time>
      </trkpt>
      <trkpt lat="-25.789993973448873" lon="31.084011979401112">
        <ele>1290.71</ele>
        <time>2021-09-25T11:34:21Z</time>
      </trkpt>
      <trkpt lat="-25.789861958473921" lon="31.08390100300312">
        <ele>1289.27</ele>
        <time>2021-09-25T11:34:22Z</time>
      </trkpt>
      <trkpt lat="-25.789742013439536" lon="31.083761025220156">
        <ele>1288.78</ele>
        <time>2021-09-25T11:34:23Z</time>
      </trkpt>
      <trkpt lat="-25.789629025384784" lon="31.083594979718328">
        <ele>1287.3399999999999</ele>
        <time>2021-09-25T11:34:24Z</time>
      </trkpt>
      <trkpt lat="-25.789515031501651" lon="31.083418959751725">
        <ele>1286.8599999999999</ele>
        <time>2021-09-25T11:34:25Z</time>
      </trkpt>
      <trkpt lat="-25.789397014304996" lon="31.083243023604155">
        <ele>1283.5</ele>
        <time>2021-09-25T11:34:26Z</time>
      </trkpt>
      <trkpt lat="-25.789157040417194" lon="31.082904981449246">
        <ele>1277.73</ele>
        <time>2021-09-25T11:34:28Z</time>
      </trkpt>
      <trkpt lat="-25.789034999907017" lon="31.082755029201508">
        <ele>1277.73</ele>
        <time>2021-09-25T11:34:29Z</time>
      </trkpt>
      <trkpt lat="-25.788900973275304" lon="31.082627037540078">
        <ele>1273.4000000000001</ele>
        <time>2021-09-25T11:34:30Z</time>
      </trkpt>
      <trkpt lat="-25.788754960522056" lon="31.082521006464958">
        <ele>1271.48</ele>
        <time>2021-09-25T11:34:31Z</time>
      </trkpt>
      <trkpt lat="-25.788600984960794" lon="31.08243802562356">
        <ele>1269.0799999999999</ele>
        <time>2021-09-25T11:34:32Z</time>
      </trkpt>
      <trkpt lat="-25.78844198025763" lon="31.082378011196852">
        <ele>1267.6400000000001</ele>
        <time>2021-09-25T11:34:33Z</time>
      </trkpt>
      <trkpt lat="-25.788280963897705" lon="31.082336017861962">
        <ele>1266.1900000000001</ele>
        <time>2021-09-25T11:34:34Z</time>
      </trkpt>
      <trkpt lat="-25.788119025528431" lon="31.082312967628241">
        <ele>1266.1900000000001</ele>
        <time>2021-09-25T11:34:35Z</time>
      </trkpt>
      <trkpt lat="-25.787961026653647" lon="31.082315985113382">
        <ele>1262.3499999999999</ele>
        <time>2021-09-25T11:34:36Z</time>
      </trkpt>
      <trkpt lat="-25.787811996415257" lon="31.082345992326736">
        <ele>1262.3499999999999</ele>
        <time>2021-09-25T11:34:37Z</time>
      </trkpt>
      <trkpt lat="-25.787671012803912" lon="31.082399971783161">
        <ele>1262.3499999999999</ele>
        <time>2021-09-25T11:34:38Z</time>
      </trkpt>
      <trkpt lat="-25.787540003657341" lon="31.082477001473308">
        <ele>1258.98</ele>
        <time>2021-09-25T11:34:39Z</time>
      </trkpt>
      <trkpt lat="-25.787419974803925" lon="31.082575991749763">
        <ele>1256.0999999999999</ele>
        <time>2021-09-25T11:34:40Z</time>
      </trkpt>
      <trkpt lat="-25.787312015891075" lon="31.082690991461277">
        <ele>1252.25</ele>
        <time>2021-09-25T11:34:41Z</time>
      </trkpt>
      <trkpt lat="-25.787213025614619" lon="31.082812026143074">
        <ele>1251.77</ele>
        <time>2021-09-25T11:34:42Z</time>
      </trkpt>
      <trkpt lat="-25.787032982334495" lon="31.083036996424198">
        <ele>1246.49</ele>
        <time>2021-09-25T11:34:44Z</time>
      </trkpt>
      <trkpt lat="-25.786953018978238" lon="31.08312701806426">
        <ele>1243.1199999999999</ele>
        <time>2021-09-25T11:34:45Z</time>
      </trkpt>
      <trkpt lat="-25.78687297180295" lon="31.083188960328698">
        <ele>1242.1600000000001</ele>
        <time>2021-09-25T11:34:46Z</time>
      </trkpt>
      <trkpt lat="-25.786789990961552" lon="31.083217039704323">
        <ele>1239.76</ele>
        <time>2021-09-25T11:34:47Z</time>
      </trkpt>
      <trkpt lat="-25.786707010120153" lon="31.083205975592136">
        <ele>1237.8299999999999</ele>
        <time>2021-09-25T11:34:48Z</time>
      </trkpt>
      <trkpt lat="-25.786631992086768" lon="31.083163982257247">
        <ele>1236.3900000000001</ele>
        <time>2021-09-25T11:34:49Z</time>
      </trkpt>
      <trkpt lat="-25.786574995145202" lon="31.083096005022526">
        <ele>1234.95</ele>
        <time>2021-09-25T11:34:50Z</time>
      </trkpt>
      <trkpt lat="-25.786548005416989" lon="31.083011012524366">
        <ele>1233.99</ele>
        <time>2021-09-25T11:34:51Z</time>
      </trkpt>
      <trkpt lat="-25.786553034558892" lon="31.08291202224791">
        <ele>1233.03</ele>
        <time>2021-09-25T11:34:52Z</time>
      </trkpt>
      <trkpt lat="-25.786585975438356" lon="31.082803979516029">
        <ele>1231.5899999999999</ele>
        <time>2021-09-25T11:34:53Z</time>
      </trkpt>
      <trkpt lat="-25.786641966551542" lon="31.082687973976135">
        <ele>1231.1099999999999</ele>
        <time>2021-09-25T11:34:54Z</time>
      </trkpt>
      <trkpt lat="-25.786712961271405" lon="31.082561993971467">
        <ele>1229.6600000000001</ele>
        <time>2021-09-25T11:34:55Z</time>
      </trkpt>
      <trkpt lat="-25.786792002618313" lon="31.082427967339754">
        <ele>1229.6600000000001</ele>
        <time>2021-09-25T11:34:56Z</time>
      </trkpt>
      <trkpt lat="-25.787031976506114" lon="31.082020020112395">
        <ele>1225.8199999999999</ele>
        <time>2021-09-25T11:34:59Z</time>
      </trkpt>
      <trkpt lat="-25.787123003974557" lon="31.081889010965824">
        <ele>1225.8199999999999</ele>
        <time>2021-09-25T11:35:00Z</time>
      </trkpt>
      <trkpt lat="-25.787229035049677" lon="31.081763030961156">
        <ele>1224.3800000000001</ele>
        <time>2021-09-25T11:35:01Z</time>
      </trkpt>
      <trkpt lat="-25.78734596259892" lon="31.081643002107739">
        <ele>1222.9300000000001</ele>
        <time>2021-09-25T11:35:02Z</time>
      </trkpt>
      <trkpt lat="-25.787468003109097" lon="31.081534959375858">
        <ele>1220.53</ele>
        <time>2021-09-25T11:35:03Z</time>
      </trkpt>
      <trkpt lat="-25.787598006427288" lon="31.081436974927783">
        <ele>1219.5699999999999</ele>
        <time>2021-09-25T11:35:04Z</time>
      </trkpt>
      <trkpt lat="-25.787734966725111" lon="31.081350976601243">
        <ele>1218.1300000000001</ele>
        <time>2021-09-25T11:35:05Z</time>
      </trkpt>
      <trkpt lat="-25.787880979478359" lon="31.081275958567858">
        <ele>1217.6500000000001</ele>
        <time>2021-09-25T11:35:06Z</time>
      </trkpt>
      <trkpt lat="-25.788035038858652" lon="31.081206975504756">
        <ele>1214.28</ele>
        <time>2021-09-25T11:35:07Z</time>
      </trkpt>
      <trkpt lat="-25.788197983056307" lon="31.081137992441654">
        <ele>1214.76</ele>
        <time>2021-09-25T11:35:08Z</time>
      </trkpt>
      <trkpt lat="-25.788679020479321" lon="31.080927019938827">
        <ele>1209.48</ele>
        <time>2021-09-25T11:35:11Z</time>
      </trkpt>
      <trkpt lat="-25.78908696770668" lon="31.080735996365547">
        <ele>1204.6700000000001</ele>
        <time>2021-09-25T11:35:14Z</time>
      </trkpt>
      <trkpt lat="-25.789187969639897" lon="31.080652009695768">
        <ele>1202.75</ele>
        <time>2021-09-25T11:35:15Z</time>
      </trkpt>
      <trkpt lat="-25.789266005158424" lon="31.08054799027741">
        <ele>1202.27</ele>
        <time>2021-09-25T11:35:16Z</time>
      </trkpt>
      <trkpt lat="-25.789317972958088" lon="31.080427039414644">
        <ele>1201.79</ele>
        <time>2021-09-25T11:35:17Z</time>
      </trkpt>
      <trkpt lat="-25.789344040676951" lon="31.080293012782931">
        <ele>1200.8199999999999</ele>
        <time>2021-09-25T11:35:18Z</time>
      </trkpt>
      <trkpt lat="-25.789335994049907" lon="31.080154962837696">
        <ele>1199.8599999999999</ele>
        <time>2021-09-25T11:35:19Z</time>
      </trkpt>
      <trkpt lat="-25.78929802402854" lon="31.08001297339797">
        <ele>1197.9400000000001</ele>
        <time>2021-09-25T11:35:20Z</time>
      </trkpt>
      <trkpt lat="-25.789230968803167" lon="31.079874001443386">
        <ele>1197.9400000000001</ele>
        <time>2021-09-25T11:35:21Z</time>
      </trkpt>
      <trkpt lat="-25.789145976305008" lon="31.07973201200366">
        <ele>1197.46</ele>
        <time>2021-09-25T11:35:22Z</time>
      </trkpt>
      <trkpt lat="-25.788949001580477" lon="31.079417020082474">
        <ele>1193.1300000000001</ele>
        <time>2021-09-25T11:35:24Z</time>
      </trkpt>
      <trkpt lat="-25.78861397691071" lon="31.078865993767977">
        <ele>1189.29</ele>
        <time>2021-09-25T11:35:27Z</time>
      </trkpt>
      <trkpt lat="-25.788406021893024" lon="31.078515965491533">
        <ele>1183.52</ele>
        <time>2021-09-25T11:35:29Z</time>
      </trkpt>
      <trkpt lat="-25.788299990817904" lon="31.078372970223427">
        <ele>1178.71</ele>
        <time>2021-09-25T11:35:30Z</time>
      </trkpt>
      <trkpt lat="-25.788179961964488" lon="31.078255958855152">
        <ele>1176.3099999999999</ele>
        <time>2021-09-25T11:35:31Z</time>
      </trkpt>
      <trkpt lat="-25.788045013323426" lon="31.078169038519263">
        <ele>1175.3499999999999</ele>
        <time>2021-09-25T11:35:32Z</time>
      </trkpt>
      <trkpt lat="-25.787895983085036" lon="31.078111035749316">
        <ele>1173.9100000000001</ele>
        <time>2021-09-25T11:35:33Z</time>
      </trkpt>
      <trkpt lat="-25.787732033059001" lon="31.078073987737298">
        <ele>1170.54</ele>
        <time>2021-09-25T11:35:34Z</time>
      </trkpt>
      <trkpt lat="-25.787552995607257" lon="31.078048003837466">
        <ele>1169.5799999999999</ele>
        <time>2021-09-25T11:35:35Z</time>
      </trkpt>
      <trkpt lat="-25.787172960117459" lon="31.077997041866183">
        <ele>1164.29</ele>
        <time>2021-09-25T11:35:37Z</time>
      </trkpt>
      <trkpt lat="-25.786972967907786" lon="31.07797097414732">
        <ele>1161.4100000000001</ele>
        <time>2021-09-25T11:35:38Z</time>
      </trkpt>
      <trkpt lat="-25.786557979881763" lon="31.077911965548992">
        <ele>1158.05</ele>
        <time>2021-09-25T11:35:40Z</time>
      </trkpt>
      <trkpt lat="-25.786137040704489" lon="31.077853040769696">
        <ele>1150.8399999999999</ele>
        <time>2021-09-25T11:35:42Z</time>
      </trkpt>
      <trkpt lat="-25.785930007696152" lon="31.077826973050833">
        <ele>1147.47</ele>
        <time>2021-09-25T11:35:43Z</time>
      </trkpt>
      <trkpt lat="-25.785524994134903" lon="31.07777701690793">
        <ele>1141.22</ele>
        <time>2021-09-25T11:35:45Z</time>
      </trkpt>
      <trkpt lat="-25.785327013581991" lon="31.077750027179718">
        <ele>1137.3800000000001</ele>
        <time>2021-09-25T11:35:46Z</time>
      </trkpt>
      <trkpt lat="-25.785133978351951" lon="31.077724965289235">
        <ele>1134.01</ele>
        <time>2021-09-25T11:35:47Z</time>
      </trkpt>
      <trkpt lat="-25.784957958385348" lon="31.077699987217784">
        <ele>1129.21</ele>
        <time>2021-09-25T11:35:48Z</time>
      </trkpt>
      <trkpt lat="-25.784799037501216" lon="31.077665034681559">
        <ele>1126.3199999999999</ele>
        <time>2021-09-25T11:35:49Z</time>
      </trkpt>
      <trkpt lat="-25.784651013091207" lon="31.077608037739992">
        <ele>1123.4400000000001</ele>
        <time>2021-09-25T11:35:50Z</time>
      </trkpt>
      <trkpt lat="-25.784515980631113" lon="31.077521033585072">
        <ele>1120.55</ele>
        <time>2021-09-25T11:35:51Z</time>
      </trkpt>
      <trkpt lat="-25.784394023939967" lon="31.077403016388416">
        <ele>1117.6700000000001</ele>
        <time>2021-09-25T11:35:52Z</time>
      </trkpt>
      <trkpt lat="-25.784285981208086" lon="31.07726102694869">
        <ele>1116.71</ele>
        <time>2021-09-25T11:35:53Z</time>
      </trkpt>
      <trkpt lat="-25.784187996760011" lon="31.077106967568398">
        <ele>1114.79</ele>
        <time>2021-09-25T11:35:54Z</time>
      </trkpt>
      <trkpt lat="-25.783985992893577" lon="31.076827012002468">
        <ele>1110.46</ele>
        <time>2021-09-25T11:35:56Z</time>
      </trkpt>
      <trkpt lat="-25.78386596404016" lon="31.076722992584109">
        <ele>1108.0599999999999</ele>
        <time>2021-09-25T11:35:57Z</time>
      </trkpt>
      <trkpt lat="-25.783726992085576" lon="31.076651997864246">
        <ele>1107.0999999999999</ele>
        <time>2021-09-25T11:35:58Z</time>
      </trkpt>
      <trkpt lat="-25.783574022352695" lon="31.076613022014499">
        <ele>1108.0599999999999</ele>
        <time>2021-09-25T11:35:59Z</time>
      </trkpt>
      <trkpt lat="-25.78341300599277" lon="31.076601035892963">
        <ele>1105.1700000000001</ele>
        <time>2021-09-25T11:36:00Z</time>
      </trkpt>
      <trkpt lat="-25.783255007117987" lon="31.076605981215835">
        <ele>1103.73</ele>
        <time>2021-09-25T11:36:01Z</time>
      </trkpt>
      <trkpt lat="-25.783104971051216" lon="31.076614027842879">
        <ele>1102.77</ele>
        <time>2021-09-25T11:36:02Z</time>
      </trkpt>
      <trkpt lat="-25.782969016581774" lon="31.076608998700976">
        <ele>1100.8499999999999</ele>
        <time>2021-09-25T11:36:03Z</time>
      </trkpt>
      <trkpt lat="-25.782844964414835" lon="31.076578991487622">
        <ele>1098.9200000000001</ele>
        <time>2021-09-25T11:36:04Z</time>
      </trkpt>
      <trkpt lat="-25.782737005501986" lon="31.076521994546056">
        <ele>1097.96</ele>
        <time>2021-09-25T11:36:05Z</time>
      </trkpt>
      <trkpt lat="-25.782644972205162" lon="31.076439013704658">
        <ele>1096.04</ele>
        <time>2021-09-25T11:36:06Z</time>
      </trkpt>
      <trkpt lat="-25.782573977485299" lon="31.076331976801157">
        <ele>1093.6400000000001</ele>
        <time>2021-09-25T11:36:07Z</time>
      </trkpt>
      <trkpt lat="-25.782527960836887" lon="31.076201973482966">
        <ele>1092.6800000000001</ele>
        <time>2021-09-25T11:36:08Z</time>
      </trkpt>
      <trkpt lat="-25.782507006078959" lon="31.076057972386479">
        <ele>1091.71</ele>
        <time>2021-09-25T11:36:09Z</time>
      </trkpt>
      <trkpt lat="-25.782512035220861" lon="31.075898967683315">
        <ele>1089.3099999999999</ele>
        <time>2021-09-25T11:36:10Z</time>
      </trkpt>
      <trkpt lat="-25.782540030777454" lon="31.075728982686996">
        <ele>1090.27</ele>
        <time>2021-09-25T11:36:11Z</time>
      </trkpt>
      <trkpt lat="-25.782589986920357" lon="31.075549023225904">
        <ele>1088.8299999999999</ele>
        <time>2021-09-25T11:36:12Z</time>
      </trkpt>
      <trkpt lat="-25.782662993296981" lon="31.075356993824244">
        <ele>1086.9100000000001</ele>
        <time>2021-09-25T11:36:13Z</time>
      </trkpt>
      <trkpt lat="-25.78274697996676" lon="31.075163036584854">
        <ele>1083.54</ele>
        <time>2021-09-25T11:36:14Z</time>
      </trkpt>
      <trkpt lat="-25.78289701603353" lon="31.074803033843637">
        <ele>1078.74</ele>
        <time>2021-09-25T11:36:16Z</time>
      </trkpt>
      <trkpt lat="-25.783006986603141" lon="31.074520982801914">
        <ele>1073.9300000000001</ele>
        <time>2021-09-25T11:36:18Z</time>
      </trkpt>
      <trkpt lat="-25.783020984381437" lon="31.074400031939149">
        <ele>1072.49</ele>
        <time>2021-09-25T11:36:19Z</time>
      </trkpt>
      <trkpt lat="-25.782999023795128" lon="31.074282014742494">
        <ele>1071.53</ele>
        <time>2021-09-25T11:36:20Z</time>
      </trkpt>
      <trkpt lat="-25.782944038510323" lon="31.074172966182232">
        <ele>1070.0799999999999</ele>
        <time>2021-09-25T11:36:21Z</time>
      </trkpt>
      <trkpt lat="-25.782858962193131" lon="31.074084034189582">
        <ele>1069.5999999999999</ele>
        <time>2021-09-25T11:36:22Z</time>
      </trkpt>
      <trkpt lat="-25.782748991623521" lon="31.074022008106112">
        <ele>1068.1600000000001</ele>
        <time>2021-09-25T11:36:23Z</time>
      </trkpt>
      <trkpt lat="-25.782619994133711" lon="31.073981020599604">
        <ele>1066.72</ele>
        <time>2021-09-25T11:36:24Z</time>
      </trkpt>
      <trkpt lat="-25.782475993037224" lon="31.07395201921463">
        <ele>1066.24</ele>
        <time>2021-09-25T11:36:25Z</time>
      </trkpt>
      <trkpt lat="-25.782148009166121" lon="31.073898039758205">
        <ele>1062.3900000000001</ele>
        <time>2021-09-25T11:36:27Z</time>
      </trkpt>
      <trkpt lat="-25.781809967011213" lon="31.073836013674736">
        <ele>1058.55</ele>
        <time>2021-09-25T11:36:29Z</time>
      </trkpt>
      <trkpt lat="-25.781509978696704" lon="31.073748003691435">
        <ele>1055.6700000000001</ele>
        <time>2021-09-25T11:36:31Z</time>
      </trkpt>
      <trkpt lat="-25.781375030055642" lon="31.07367298565805">
        <ele>1052.78</ele>
        <time>2021-09-25T11:36:32Z</time>
      </trkpt>
      <trkpt lat="-25.781257012858987" lon="31.073580030351877">
        <ele>1051.8199999999999</ele>
        <time>2021-09-25T11:36:33Z</time>
      </trkpt>
      <trkpt lat="-25.781165985390544" lon="31.073467964306474">
        <ele>1049.4200000000001</ele>
        <time>2021-09-25T11:36:34Z</time>
      </trkpt>
      <trkpt lat="-25.78111401759088" lon="31.073337960988283">
        <ele>1046.53</ele>
        <time>2021-09-25T11:36:35Z</time>
      </trkpt>
      <trkpt lat="-25.781102031469345" lon="31.073194965720177">
        <ele>1045.5699999999999</ele>
        <time>2021-09-25T11:36:36Z</time>
      </trkpt>
      <trkpt lat="-25.781118040904403" lon="31.073047025129199">
        <ele>1045.0899999999999</ele>
        <time>2021-09-25T11:36:37Z</time>
      </trkpt>
      <trkpt lat="-25.781132960692048" lon="31.072906963527203">
        <ele>1043.6500000000001</ele>
        <time>2021-09-25T11:36:38Z</time>
      </trkpt>
      <trkpt lat="-25.781124997884035" lon="31.072778971865773">
        <ele>1040.76</ele>
        <time>2021-09-25T11:36:39Z</time>
      </trkpt>
      <trkpt lat="-25.781089039519429" lon="31.072662966325879">
        <ele>1039.3199999999999</ele>
        <time>2021-09-25T11:36:40Z</time>
      </trkpt>
      <trkpt lat="-25.781025001779199" lon="31.072559030726552">
        <ele>1038.3599999999999</ele>
        <time>2021-09-25T11:36:41Z</time>
      </trkpt>
      <trkpt lat="-25.780934980139136" lon="31.072472026571631">
        <ele>1037.4000000000001</ele>
        <time>2021-09-25T11:36:42Z</time>
      </trkpt>
      <trkpt lat="-25.780822997912765" lon="31.072404971346259">
        <ele>1036.9200000000001</ele>
        <time>2021-09-25T11:36:43Z</time>
      </trkpt>
      <trkpt lat="-25.780692994594574" lon="31.072365995496511">
        <ele>1037.4000000000001</ele>
        <time>2021-09-25T11:36:44Z</time>
      </trkpt>
      <trkpt lat="-25.780553016811609" lon="31.072354009374976">
        <ele>1034.04</ele>
        <time>2021-09-25T11:36:45Z</time>
      </trkpt>
      <trkpt lat="-25.78040599822998" lon="31.072370018810034">
        <ele>1032.5899999999999</ele>
        <time>2021-09-25T11:36:46Z</time>
      </trkpt>
      <trkpt lat="-25.780260991305113" lon="31.07240698300302">
        <ele>1031.6300000000001</ele>
        <time>2021-09-25T11:36:47Z</time>
      </trkpt>
      <trkpt lat="-25.780122019350529" lon="31.072452999651432">
        <ele>1028.75</ele>
        <time>2021-09-25T11:36:48Z</time>
      </trkpt>
      <trkpt lat="-25.779981035739183" lon="31.072489963844419">
        <ele>1033.0699999999999</ele>
        <time>2021-09-25T11:36:49Z</time>
      </trkpt>
      <trkpt lat="-25.779838040471077" lon="31.072507984936237">
        <ele>1026.3399999999999</ele>
        <time>2021-09-25T11:36:50Z</time>
      </trkpt>
      <trkpt lat="-25.779690016061068" lon="31.072503961622715">
        <ele>1027.3099999999999</ele>
        <time>2021-09-25T11:36:51Z</time>
      </trkpt>
      <trkpt lat="-25.779533023014665" lon="31.072478983551264">
        <ele>1024.9000000000001</ele>
        <time>2021-09-25T11:36:52Z</time>
      </trkpt>
      <trkpt lat="-25.779365971684456" lon="31.072440007701516">
        <ele>1022.5</ele>
        <time>2021-09-25T11:36:53Z</time>
      </trkpt>
      <trkpt lat="-25.778839001432061" lon="31.072311010211706">
        <ele>1019.13</ele>
        <time>2021-09-25T11:36:56Z</time>
      </trkpt>
      <trkpt lat="-25.778511017560959" lon="31.072230963036418">
        <ele>1014.8099999999999</ele>
        <time>2021-09-25T11:36:58Z</time>
      </trkpt>
      <trkpt lat="-25.778357964009047" lon="31.072180001065135">
        <ele>1013.85</ele>
        <time>2021-09-25T11:36:59Z</time>
      </trkpt>
      <trkpt lat="-25.77821496874094" lon="31.072114035487175">
        <ele>1010.96</ele>
        <time>2021-09-25T11:37:00Z</time>
      </trkpt>
      <trkpt lat="-25.778079014271498" lon="31.072034994140267">
        <ele>1009.52</ele>
        <time>2021-09-25T11:37:01Z</time>
      </trkpt>
      <trkpt lat="-25.777952028438449" lon="31.071940027177334">
        <ele>1006.64</ele>
        <time>2021-09-25T11:37:02Z</time>
      </trkpt>
      <trkpt lat="-25.777829987928271" lon="31.071822009980679">
        <ele>1004.72</ele>
        <time>2021-09-25T11:37:03Z</time>
      </trkpt>
      <trkpt lat="-25.777714988216758" lon="31.071683960035443">
        <ele>1004.23</ele>
        <time>2021-09-25T11:37:04Z</time>
      </trkpt>
      <trkpt lat="-25.777609962970018" lon="31.071531996130943">
        <ele>1001.35</ele>
        <time>2021-09-25T11:37:05Z</time>
      </trkpt>
      <trkpt lat="-25.777516001835465" lon="31.071362011134624">
        <ele>997.50999999999999</ele>
        <time>2021-09-25T11:37:06Z</time>
      </trkpt>
      <trkpt lat="-25.777431009337306" lon="31.071177022531629">
        <ele>994.62</ele>
        <time>2021-09-25T11:37:07Z</time>
      </trkpt>
      <trkpt lat="-25.777350040152669" lon="31.070972001180053">
        <ele>992.22000000000003</ele>
        <time>2021-09-25T11:37:08Z</time>
      </trkpt>
      <trkpt lat="-25.777269992977381" lon="31.0707519762218">
        <ele>990.77999999999997</ele>
        <time>2021-09-25T11:37:09Z</time>
      </trkpt>
      <trkpt lat="-25.777186006307602" lon="31.070529017597437">
        <ele>987.40999999999997</ele>
        <time>2021-09-25T11:37:10Z</time>
      </trkpt>
      <trkpt lat="-25.777100007981062" lon="31.070309998467565">
        <ele>982.12</ele>
        <time>2021-09-25T11:37:11Z</time>
      </trkpt>
      <trkpt lat="-25.776846958324313" lon="31.069664005190134">
        <ele>976.84000000000003</ele>
        <time>2021-09-25T11:37:14Z</time>
      </trkpt>
      <trkpt lat="-25.776765989139676" lon="31.069455966353416">
        <ele>972.50999999999999</ele>
        <time>2021-09-25T11:37:15Z</time>
      </trkpt>
      <trkpt lat="-25.776608996093273" lon="31.069096969440579">
        <ele>969.63</ele>
        <time>2021-09-25T11:37:17Z</time>
      </trkpt>
      <trkpt lat="-25.776511011645198" lon="31.068953974172473">
        <ele>966.74000000000001</ele>
        <time>2021-09-25T11:37:18Z</time>
      </trkpt>
      <trkpt lat="-25.776390982791781" lon="31.068830005824566">
        <ele>964.34000000000003</ele>
        <time>2021-09-25T11:37:19Z</time>
      </trkpt>
      <trkpt lat="-25.776246981695294" lon="31.068720035254955">
        <ele>962.89999999999998</ele>
        <time>2021-09-25T11:37:20Z</time>
      </trkpt>
      <trkpt lat="-25.77608697116375" lon="31.068620039150119">
        <ele>962.89999999999998</ele>
        <time>2021-09-25T11:37:21Z</time>
      </trkpt>
      <trkpt lat="-25.775916986167431" lon="31.068523982539773">
        <ele>962.41999999999996</ele>
        <time>2021-09-25T11:37:22Z</time>
      </trkpt>
      <trkpt lat="-25.775569975376129" lon="31.068329019472003">
        <ele>955.69000000000005</ele>
        <time>2021-09-25T11:37:24Z</time>
      </trkpt>
      <trkpt lat="-25.775228999555111" lon="31.068130033090711">
        <ele>949.91999999999996</ele>
        <time>2021-09-25T11:37:26Z</time>
      </trkpt>
      <trkpt lat="-25.77490696683526" lon="31.067944960668683">
        <ele>945.11000000000001</ele>
        <time>2021-09-25T11:37:28Z</time>
      </trkpt>
      <trkpt lat="-25.774590969085693" lon="31.06780699454248">
        <ele>939.83000000000004</ele>
        <time>2021-09-25T11:37:30Z</time>
      </trkpt>
      <trkpt lat="-25.774419978260994" lon="31.067762989550829">
        <ele>939.35000000000002</ele>
        <time>2021-09-25T11:37:31Z</time>
      </trkpt>
      <trkpt lat="-25.774243036285043" lon="31.067735999822617">
        <ele>936.94000000000005</ele>
        <time>2021-09-25T11:37:32Z</time>
      </trkpt>
      <trkpt lat="-25.774059975519776" lon="31.067729964852333">
        <ele>933.10000000000002</ele>
        <time>2021-09-25T11:37:33Z</time>
      </trkpt>
      <trkpt lat="-25.773878004401922" lon="31.06774396263063">
        <ele>930.21000000000004</ele>
        <time>2021-09-25T11:37:34Z</time>
      </trkpt>
      <trkpt lat="-25.773699972778559" lon="31.067784028127789">
        <ele>928.76999999999998</ele>
        <time>2021-09-25T11:37:35Z</time>
      </trkpt>
      <trkpt lat="-25.77352998778224" lon="31.067845970392227">
        <ele>925.88999999999999</ele>
        <time>2021-09-25T11:37:36Z</time>
      </trkpt>
      <trkpt lat="-25.773369977250695" lon="31.067917970940471">
        <ele>923.48000000000002</ele>
        <time>2021-09-25T11:37:37Z</time>
      </trkpt>
      <trkpt lat="-25.77307702973485" lon="31.068049985915422">
        <ele>917.24000000000001</ele>
        <time>2021-09-25T11:37:39Z</time>
      </trkpt>
      <trkpt lat="-25.772937973961234" lon="31.068090973421931">
        <ele>915.30999999999995</ele>
        <time>2021-09-25T11:37:40Z</time>
      </trkpt>
      <trkpt lat="-25.772796990349889" lon="31.06810899451375">
        <ele>913.87</ele>
        <time>2021-09-25T11:37:41Z</time>
      </trkpt>
      <trkpt lat="-25.772655000910163" lon="31.068099020048976">
        <ele>910.50999999999999</ele>
        <time>2021-09-25T11:37:42Z</time>
      </trkpt>
      <trkpt lat="-25.77251804061234" lon="31.068067001178861">
        <ele>905.70000000000005</ele>
        <time>2021-09-25T11:37:43Z</time>
      </trkpt>
      <trkpt lat="-25.772382002323866" lon="31.068005980923772">
        <ele>906.17999999999995</ele>
        <time>2021-09-25T11:37:44Z</time>
      </trkpt>
      <trkpt lat="-25.772246969863772" lon="31.067917970940471">
        <ele>906.17999999999995</ele>
        <time>2021-09-25T11:37:45Z</time>
      </trkpt>
      <trkpt lat="-25.77211101539433" lon="31.067805988714099">
        <ele>902.82000000000005</ele>
        <time>2021-09-25T11:37:46Z</time>
      </trkpt>
      <trkpt lat="-25.771973971277475" lon="31.06767900288105">
        <ele>901.37</ele>
        <time>2021-09-25T11:37:47Z</time>
      </trkpt>
      <trkpt lat="-25.771696027368307" lon="31.067415978759527">
        <ele>897.04999999999995</ele>
        <time>2021-09-25T11:37:49Z</time>
      </trkpt>
      <trkpt lat="-25.77155495993793" lon="31.067283041775227">
        <ele>892.72000000000003</ele>
        <time>2021-09-25T11:37:50Z</time>
      </trkpt>
      <trkpt lat="-25.771409031003714" lon="31.067155972123146">
        <ele>893.67999999999995</ele>
        <time>2021-09-25T11:37:51Z</time>
      </trkpt>
      <trkpt lat="-25.771254971623421" lon="31.067043989896774">
        <ele>890.32000000000005</ele>
        <time>2021-09-25T11:37:52Z</time>
      </trkpt>
      <trkpt lat="-25.771096972748637" lon="31.066952040418983">
        <ele>887.42999999999995</ele>
        <time>2021-09-25T11:37:53Z</time>
      </trkpt>
      <trkpt lat="-25.770784998312593" lon="31.066775014624">
        <ele>882.14999999999998</ele>
        <time>2021-09-25T11:37:55Z</time>
      </trkpt>
      <trkpt lat="-25.77064803801477" lon="31.066672001034021">
        <ele>879.25999999999999</ele>
        <time>2021-09-25T11:37:56Z</time>
      </trkpt>
      <trkpt lat="-25.770527003332973" lon="31.066553983837366">
        <ele>876.86000000000001</ele>
        <time>2021-09-25T11:37:57Z</time>
      </trkpt>
      <trkpt lat="-25.770423989742994" lon="31.066422974690795">
        <ele>873.00999999999999</ele>
        <time>2021-09-25T11:37:58Z</time>
      </trkpt>
      <trkpt lat="-25.770338997244835" lon="31.066276961937547">
        <ele>869.16999999999996</ele>
        <time>2021-09-25T11:37:59Z</time>
      </trkpt>
      <trkpt lat="-25.770274037495255" lon="31.066117035225034">
        <ele>866.28999999999996</ele>
        <time>2021-09-25T11:38:00Z</time>
      </trkpt>
      <trkpt lat="-25.770225003361702" lon="31.065945038571954">
        <ele>864.36000000000001</ele>
        <time>2021-09-25T11:38:01Z</time>
      </trkpt>
      <trkpt lat="-25.770184015855193" lon="31.065764995291829">
        <ele>863.39999999999998</ele>
        <time>2021-09-25T11:38:02Z</time>
      </trkpt>
      <trkpt lat="-25.770093994215131" lon="31.065393006429076">
        <ele>858.11000000000001</ele>
        <time>2021-09-25T11:38:04Z</time>
      </trkpt>
      <trkpt lat="-25.769999027252197" lon="31.065007019788027">
        <ele>852.83000000000004</ele>
        <time>2021-09-25T11:38:06Z</time>
      </trkpt>
      <trkpt lat="-25.769899031147361" lon="31.064614998176694">
        <ele>849.46000000000004</ele>
        <time>2021-09-25T11:38:08Z</time>
      </trkpt>
      <trkpt lat="-25.769848991185427" lon="31.064415005967021">
        <ele>845.62</ele>
        <time>2021-09-25T11:38:09Z</time>
      </trkpt>
      <trkpt lat="-25.76974798925221" lon="31.064008986577392">
        <ele>839.85000000000002</ele>
        <time>2021-09-25T11:38:11Z</time>
      </trkpt>
      <trkpt lat="-25.769646987318993" lon="31.063595004379749">
        <ele>836.48000000000002</ele>
        <time>2021-09-25T11:38:13Z</time>
      </trkpt>
      <trkpt lat="-25.76959703117609" lon="31.063386965543032">
        <ele>833.12</ele>
        <time>2021-09-25T11:38:14Z</time>
      </trkpt>
      <trkpt lat="-25.769499968737364" lon="31.062977006658912">
        <ele>829.26999999999998</ele>
        <time>2021-09-25T11:38:16Z</time>
      </trkpt>
      <trkpt lat="-25.769401984289289" lon="31.062575010582805">
        <ele>823.99000000000001</ele>
        <time>2021-09-25T11:38:18Z</time>
      </trkpt>
      <trkpt lat="-25.769305005669594" lon="31.062178965657949">
        <ele>819.17999999999995</ele>
        <time>2021-09-25T11:38:20Z</time>
      </trkpt>
      <trkpt lat="-25.769256977364421" lon="31.061980985105038">
        <ele>815.82000000000005</ele>
        <time>2021-09-25T11:38:21Z</time>
      </trkpt>
      <trkpt lat="-25.769159998744726" lon="31.061588963493705">
        <ele>810.52999999999997</ele>
        <time>2021-09-25T11:38:23Z</time>
      </trkpt>
      <trkpt lat="-25.769113982096314" lon="31.061396012082696">
        <ele>807.15999999999997</ele>
        <time>2021-09-25T11:38:24Z</time>
      </trkpt>
      <trkpt lat="-25.76904097571969" lon="31.061007007956505">
        <ele>805.24000000000001</ele>
        <time>2021-09-25T11:38:26Z</time>
      </trkpt>
      <trkpt lat="-25.769026977941394" lon="31.060811961069703">
        <ele>801.39999999999998</ele>
        <time>2021-09-25T11:38:27Z</time>
      </trkpt>
      <trkpt lat="-25.769028989598155" lon="31.060615992173553">
        <ele>798.02999999999997</ele>
        <time>2021-09-25T11:38:28Z</time>
      </trkpt>
      <trkpt lat="-25.769048016518354" lon="31.060420023277402">
        <ele>797.54999999999995</ele>
        <time>2021-09-25T11:38:29Z</time>
      </trkpt>
      <trkpt lat="-25.76908397488296" lon="31.060236040502787">
        <ele>795.63</ele>
        <time>2021-09-25T11:38:30Z</time>
      </trkpt>
      <trkpt lat="-25.769133009016514" lon="31.060078963637352">
        <ele>792.74000000000001</ele>
        <time>2021-09-25T11:38:31Z</time>
      </trkpt>
      <trkpt lat="-25.769186988472939" lon="31.059960024431348">
        <ele>789.38</ele>
        <time>2021-09-25T11:38:32Z</time>
      </trkpt>
      <trkpt lat="-25.76925303786993" lon="31.05988098308444">
        <ele>788.41999999999996</ele>
        <time>2021-09-25T11:38:33Z</time>
      </trkpt>
      <trkpt lat="-25.769331995397806" lon="31.059841001406312">
        <ele>786.5</ele>
        <time>2021-09-25T11:38:34Z</time>
      </trkpt>
      <trkpt lat="-25.769423022866249" lon="31.059823986142874">
        <ele>785.04999999999995</ele>
        <time>2021-09-25T11:38:35Z</time>
      </trkpt>
      <trkpt lat="-25.769514972344041" lon="31.059827003628016">
        <ele>784.57000000000005</ele>
        <time>2021-09-25T11:38:36Z</time>
      </trkpt>
      <trkpt lat="-25.769611028954387" lon="31.059860028326511">
        <ele>784.09000000000003</ele>
        <time>2021-09-25T11:38:37Z</time>
      </trkpt>
      <trkpt lat="-25.769715970382094" lon="31.059925993904471">
        <ele>784.57000000000005</ele>
        <time>2021-09-25T11:38:38Z</time>
      </trkpt>
      <trkpt lat="-25.769828958436847" lon="31.060001011937857">
        <ele>783.13</ele>
        <time>2021-09-25T11:38:39Z</time>
      </trkpt>
      <trkpt lat="-25.770085025578737" lon="31.060163034126163">
        <ele>778.32000000000005</ele>
        <time>2021-09-25T11:38:41Z</time>
      </trkpt>
      <trkpt lat="-25.770747028291225" lon="31.060538962483406">
        <ele>774.48000000000002</ele>
        <time>2021-09-25T11:38:46Z</time>
      </trkpt>
      <trkpt lat="-25.770876025781035" lon="31.060563018545508">
        <ele>774</ele>
        <time>2021-09-25T11:38:47Z</time>
      </trkpt>
      <trkpt lat="-25.771000999957323" lon="31.060558995231986">
        <ele>772.55999999999995</ele>
        <time>2021-09-25T11:38:48Z</time>
      </trkpt>
      <trkpt lat="-25.771115999668837" lon="31.06052496470511">
        <ele>771.11000000000001</ele>
        <time>2021-09-25T11:38:49Z</time>
      </trkpt>
      <trkpt lat="-25.771218007430434" lon="31.060468973591924">
        <ele>769.19000000000005</ele>
        <time>2021-09-25T11:38:50Z</time>
      </trkpt>
      <trkpt lat="-25.771310040727258" lon="31.06039303354919">
        <ele>768.71000000000004</ele>
        <time>2021-09-25T11:38:51Z</time>
      </trkpt>
      <trkpt lat="-25.771394027397037" lon="31.060298988595605">
        <ele>768.71000000000004</ele>
        <time>2021-09-25T11:38:52Z</time>
      </trkpt>
      <trkpt lat="-25.771463010460138" lon="31.060183988884091">
        <ele>767.26999999999998</ele>
        <time>2021-09-25T11:38:53Z</time>
      </trkpt>
      <trkpt lat="-25.771508021280169" lon="31.060055997222662">
        <ele>765.83000000000004</ele>
        <time>2021-09-25T11:38:54Z</time>
      </trkpt>
      <trkpt lat="-25.771526964381337" lon="31.059919958934188">
        <ele>765.35000000000002</ele>
        <time>2021-09-25T11:38:55Z</time>
      </trkpt>
      <trkpt lat="-25.771520007401705" lon="31.059782998636365">
        <ele>764.87</ele>
        <time>2021-09-25T11:38:56Z</time>
      </trkpt>
      <trkpt lat="-25.771483965218067" lon="31.059644026681781">
        <ele>764.38999999999999</ele>
        <time>2021-09-25T11:38:57Z</time>
      </trkpt>
      <trkpt lat="-25.771419005468488" lon="31.059517962858081">
        <ele>764.87</ele>
        <time>2021-09-25T11:38:58Z</time>
      </trkpt>
      <trkpt lat="-25.771329989656806" lon="31.059404974803329">
        <ele>766.30999999999995</ele>
        <time>2021-09-25T11:38:59Z</time>
      </trkpt>
      <trkpt lat="-25.771221024915576" lon="31.059300033375621">
        <ele>763.41999999999996</ele>
        <time>2021-09-25T11:39:00Z</time>
      </trkpt>
      <trkpt lat="-25.771093033254147" lon="31.05919199064374">
        <ele>763.89999999999998</ele>
        <time>2021-09-25T11:39:01Z</time>
      </trkpt>
      <trkpt lat="-25.770643008872867" lon="31.058810027316213">
        <ele>761.5</ele>
        <time>2021-09-25T11:39:04Z</time>
      </trkpt>
      <trkpt lat="-25.770116960629821" lon="31.058350028470159">
        <ele>757.17999999999995</ele>
        <time>2021-09-25T11:39:07Z</time>
      </trkpt>
      <trkpt lat="-25.769568029791117" lon="31.057864967733622">
        <ele>753.80999999999995</ele>
        <time>2021-09-25T11:39:10Z</time>
      </trkpt>
      <trkpt lat="-25.769386980682611" lon="31.057705041021109">
        <ele>754.28999999999996</ele>
        <time>2021-09-25T11:39:11Z</time>
      </trkpt>
      <trkpt lat="-25.769208027049899" lon="31.057549975812435">
        <ele>750.45000000000005</ele>
        <time>2021-09-25T11:39:12Z</time>
      </trkpt>
      <trkpt lat="-25.769033012911677" lon="31.057399017736316">
        <ele>750.92999999999995</ele>
        <time>2021-09-25T11:39:13Z</time>
      </trkpt>
      <trkpt lat="-25.768688013777137" lon="31.05710900388658">
        <ele>746.60000000000002</ele>
        <time>2021-09-25T11:39:15Z</time>
      </trkpt>
      <trkpt lat="-25.767912017181516" lon="31.056466028094292">
        <ele>742.75999999999999</ele>
        <time>2021-09-25T11:39:20Z</time>
      </trkpt>
      <trkpt lat="-25.767756029963493" lon="31.056367959827185">
        <ele>741.30999999999995</ele>
        <time>2021-09-25T11:39:21Z</time>
      </trkpt>
      <trkpt lat="-25.767594007775187" lon="31.056289002299309">
        <ele>741.30999999999995</ele>
        <time>2021-09-25T11:39:22Z</time>
      </trkpt>
      <trkpt lat="-25.767425028607249" lon="31.05622798204422">
        <ele>740.83000000000004</ele>
        <time>2021-09-25T11:39:23Z</time>
      </trkpt>
      <trkpt lat="-25.767251020297408" lon="31.05618498288095">
        <ele>740.35000000000002</ele>
        <time>2021-09-25T11:39:24Z</time>
      </trkpt>
      <trkpt lat="-25.767070977017283" lon="31.056157993152738">
        <ele>739.87</ele>
        <time>2021-09-25T11:39:25Z</time>
      </trkpt>
      <trkpt lat="-25.766885988414288" lon="31.056140977889299">
        <ele>738.42999999999995</ele>
        <time>2021-09-25T11:39:26Z</time>
      </trkpt>
      <trkpt lat="-25.76669798232615" lon="31.056127985939384">
        <ele>738.42999999999995</ele>
        <time>2021-09-25T11:39:27Z</time>
      </trkpt>
      <trkpt lat="-25.766113009303808" lon="31.056075012311339">
        <ele>735.07000000000005</ele>
        <time>2021-09-25T11:39:30Z</time>
      </trkpt>
      <trkpt lat="-25.765913017094135" lon="31.056037964299321">
        <ele>734.58000000000004</ele>
        <time>2021-09-25T11:39:31Z</time>
      </trkpt>
      <trkpt lat="-25.764748016372323" lon="31.055589029565454">
        <ele>732.17999999999995</ele>
        <time>2021-09-25T11:39:37Z</time>
      </trkpt>
      <trkpt lat="-25.763923991471529" lon="31.054920991882682">
        <ele>729.77999999999997</ele>
        <time>2021-09-25T11:39:42Z</time>
      </trkpt>
      <trkpt lat="-25.76351503841579" lon="31.054445989429951">
        <ele>728.34000000000003</ele>
        <time>2021-09-25T11:39:45Z</time>
      </trkpt>
      <trkpt lat="-25.763181019574404" lon="31.053894041106105">
        <ele>725.45000000000005</ele>
        <time>2021-09-25T11:39:48Z</time>
      </trkpt>
      <trkpt lat="-25.762777011841536" lon="31.052846973761916">
        <ele>724.00999999999999</ele>
        <time>2021-09-25T11:39:53Z</time>
      </trkpt>
      <trkpt lat="-25.76265899464488" lon="31.052198968827724">
        <ele>721.13</ele>
        <time>2021-09-25T11:39:56Z</time>
      </trkpt>
      <trkpt lat="-25.76257199048996" lon="31.0514369700104">
        <ele>717.27999999999997</ele>
        <time>2021-09-25T11:40:00Z</time>
      </trkpt>
      <trkpt lat="-25.762533014640212" lon="31.05109398253262">
        <ele>716.79999999999995</ele>
        <time>2021-09-25T11:40:02Z</time>
      </trkpt>
      <trkpt lat="-25.762476017698646" lon="31.050526024773717">
        <ele>712.95000000000005</ele>
        <time>2021-09-25T11:40:06Z</time>
      </trkpt>
      <trkpt lat="-25.762440981343389" lon="31.050222013145685">
        <ele>711.50999999999999</ele>
        <time>2021-09-25T11:40:09Z</time>
      </trkpt>
      <trkpt lat="-25.762419020757079" lon="31.050028977915645">
        <ele>710.07000000000005</ele>
        <time>2021-09-25T11:40:13Z</time>
      </trkpt>
      <trkpt lat="-25.762376021593809" lon="31.049734018743038">
        <ele>710.07000000000005</ele>
        <time>2021-09-25T11:40:18Z</time>
      </trkpt>
      <trkpt lat="-25.762288011610508" lon="31.049028011038899">
        <ele>709.59000000000003</ele>
        <time>2021-09-25T11:40:23Z</time>
      </trkpt>
      <trkpt lat="-25.762160019949079" lon="31.04797700420022">
        <ele>708.14999999999998</ele>
        <time>2021-09-25T11:40:28Z</time>
      </trkpt>
      <trkpt lat="-25.762029010802507" lon="31.046971008181572">
        <ele>706.71000000000004</ele>
        <time>2021-09-25T11:40:32Z</time>
      </trkpt>
      <trkpt lat="-25.761774033308029" lon="31.04505498893559">
        <ele>702.86000000000001</ele>
        <time>2021-09-25T11:40:39Z</time>
      </trkpt>
      <trkpt lat="-25.761662973091006" lon="31.044219983741641">
        <ele>704.29999999999995</ele>
        <time>2021-09-25T11:40:42Z</time>
      </trkpt>
      <trkpt lat="-25.761228036135435" lon="31.041008038446307">
        <ele>703.34000000000003</ele>
        <time>2021-09-25T11:40:54Z</time>
      </trkpt>
      <trkpt lat="-25.760904997587204" lon="31.039473982527852">
        <ele>702.38</ele>
        <time>2021-09-25T11:41:00Z</time>
      </trkpt>
      <trkpt lat="-25.760425971820951" lon="31.037762984633446">
        <ele>699.01999999999998</ele>
        <time>2021-09-25T11:41:06Z</time>
      </trkpt>
      <trkpt lat="-25.760236959904432" lon="31.037224028259516">
        <ele>695.64999999999998</ele>
        <time>2021-09-25T11:41:08Z</time>
      </trkpt>
      <trkpt lat="-25.75982297770679" lon="31.036173021420836">
        <ele>693.73000000000002</ele>
        <time>2021-09-25T11:41:12Z</time>
      </trkpt>
      <trkpt lat="-25.759236998856068" lon="31.034901989623904">
        <ele>694.69000000000005</ele>
        <time>2021-09-25T11:41:17Z</time>
      </trkpt>
      <trkpt lat="-25.758482962846756" lon="31.033374974504113">
        <ele>698.04999999999995</ele>
        <time>2021-09-25T11:41:23Z</time>
      </trkpt>
      <trkpt lat="-25.758222034201026" lon="31.032843980938196">
        <ele>700.94000000000005</ele>
        <time>2021-09-25T11:41:25Z</time>
      </trkpt>
      <trkpt lat="-25.757829006761312" lon="31.032028002664447">
        <ele>704.29999999999995</ele>
        <time>2021-09-25T11:41:28Z</time>
      </trkpt>
    </trkseg>
  </trk>

</gpx>