<?xml version="1.0" encoding="utf-8"?><gpx creator="Garmin Desktop App" version="1.1" xsi:schemaLocation="http://www.topografix.com/GPX/1/1 http://www.topografix.com/GPX/1/1/gpx.xsd http://www.garmin.com/xmlschemas/WaypointExtension/v1 http://www8.garmin.com/xmlschemas/WaypointExtensionv1.xsd http://www.garmin.com/xmlschemas/TrackPointExtension/v1 http://www.garmin.com/xmlschemas/TrackPointExtensionv1.xsd http://www.garmin.com/xmlschemas/GpxExtensions/v3 http://www8.garmin.com/xmlschemas/GpxExtensionsv3.xsd http://www.garmin.com/xmlschemas/ActivityExtension/v1 http://www8.garmin.com/xmlschemas/ActivityExtensionv1.xsd http://www.garmin.com/xmlschemas/AdventuresExtensions/v1 http://www8.garmin.com/xmlschemas/AdventuresExtensionv1.xsd http://www.garmin.com/xmlschemas/PressureExtension/v1 http://www.garmin.com/xmlschemas/PressureExtensionv1.xsd http://www.garmin.com/xmlschemas/TripExtensions/v1 http://www.garmin.com/xmlschemas/TripExtensionsv1.xsd http://www.garmin.com/xmlschemas/TripMetaDataExtensions/v1 http://www.garmin.com/xmlschemas/TripMetaDataExtensionsv1.xsd http://www.garmin.com/xmlschemas/ViaPointTransportationModeExtensions/v1 http://www.garmin.com/xmlschemas/ViaPointTransportationModeExtensionsv1.xsd http://www.garmin.com/xmlschemas/CreationTimeExtension/v1 http://www.garmin.com/xmlschemas/CreationTimeExtensionsv1.xsd http://www.garmin.com/xmlschemas/AccelerationExtension/v1 http://www.garmin.com/xmlschemas/AccelerationExtensionv1.xsd http://www.garmin.com/xmlschemas/PowerExtension/v1 http://www.garmin.com/xmlschemas/PowerExtensionv1.xsd http://www.garmin.com/xmlschemas/VideoExtension/v1 http://www.garmin.com/xmlschemas/VideoExtensionv1.xsd" xmlns="http://www.topografix.com/GPX/1/1" xmlns:xsi="http://www.w3.org/2001/XMLSchema-instance" xmlns:wptx1="http://www.garmin.com/xmlschemas/WaypointExtension/v1" xmlns:gpxtrx="http://www.garmin.com/xmlschemas/GpxExtensions/v3" xmlns:gpxtpx="http://www.garmin.com/xmlschemas/TrackPointExtension/v1" xmlns:gpxx="http://www.garmin.com/xmlschemas/GpxExtensions/v3" xmlns:trp="http://www.garmin.com/xmlschemas/TripExtensions/v1" xmlns:adv="http://www.garmin.com/xmlschemas/AdventuresExtensions/v1" xmlns:prs="http://www.garmin.com/xmlschemas/PressureExtension/v1" xmlns:tmd="http://www.garmin.com/xmlschemas/TripMetaDataExtensions/v1" xmlns:vptm="http://www.garmin.com/xmlschemas/ViaPointTransportationModeExtensions/v1" xmlns:ctx="http://www.garmin.com/xmlschemas/CreationTimeExtension/v1" xmlns:gpxacc="http://www.garmin.com/xmlschemas/AccelerationExtension/v1" xmlns:gpxpx="http://www.garmin.com/xmlschemas/PowerExtension/v1" xmlns:vidx1="http://www.garmin.com/xmlschemas/VideoExtension/v1">

  <metadata>
    <link href="http://www.garmin.com">
      <text>Garmin International</text>
    </link>
    <time>2022-07-02T19:25:55Z</time>
    <bounds maxlat="-33.636083230376244" maxlon="24.365446195006371" minlat="-33.656150177121162" minlon="24.317859448492527" />
  </metadata>

  <trk>
    <name>[248] Grasnek Pass</name>
    <extensions>
      <gpxx:TrackExtension>
        <gpxx:DisplayColor>Red</gpxx:DisplayColor>
      </gpxx:TrackExtension>
    </extensions>
    <trkseg>
      <trkpt lat="-33.655227581039071" lon="24.365446195006371">
        <ele>175.58000000000001</ele>
        <time>2022-01-26T07:29:21Z</time>
      </trkpt>
      <trkpt lat="-33.654660042375326" lon="24.364910088479519">
        <ele>175.58000000000001</ele>
        <time>2022-01-26T07:29:30Z</time>
      </trkpt>
      <trkpt lat="-33.654621988534927" lon="24.364845883101225">
        <ele>175.58000000000001</ele>
        <time>2022-01-26T07:29:31Z</time>
      </trkpt>
      <trkpt lat="-33.654595585539937" lon="24.364777402952313">
        <ele>176.06</ele>
        <time>2022-01-26T07:29:32Z</time>
      </trkpt>
      <trkpt lat="-33.654580917209387" lon="24.364714371040463">
        <ele>176.53999999999999</ele>
        <time>2022-01-26T07:29:33Z</time>
      </trkpt>
      <trkpt lat="-33.654577229171991" lon="24.364656955003738">
        <ele>176.53999999999999</ele>
        <time>2022-01-26T07:29:34Z</time>
      </trkpt>
      <trkpt lat="-33.654581168666482" lon="24.364599119871855">
        <ele>177.02000000000001</ele>
        <time>2022-01-26T07:29:35Z</time>
      </trkpt>
      <trkpt lat="-33.654585191980004" lon="24.364536423236132">
        <ele>177.5</ele>
        <time>2022-01-26T07:29:36Z</time>
      </trkpt>
      <trkpt lat="-33.654587538912892" lon="24.364472888410091">
        <ele>177.97999999999999</ele>
        <time>2022-01-26T07:29:37Z</time>
      </trkpt>
      <trkpt lat="-33.654674626886845" lon="24.363882970064878">
        <ele>183.27000000000001</ele>
        <time>2022-01-26T07:29:45Z</time>
      </trkpt>
      <trkpt lat="-33.654694324359298" lon="24.363803090527654">
        <ele>183.75</ele>
        <time>2022-01-26T07:29:46Z</time>
      </trkpt>
      <trkpt lat="-33.65477847866714" lon="24.363434119150043">
        <ele>187.11000000000001</ele>
        <time>2022-01-26T07:29:51Z</time>
      </trkpt>
      <trkpt lat="-33.65480094216764" lon="24.363397238776088">
        <ele>187.59</ele>
        <time>2022-01-26T07:29:52Z</time>
      </trkpt>
      <trkpt lat="-33.654832122847438" lon="24.363374942913651">
        <ele>188.08000000000001</ele>
        <time>2022-01-26T07:29:53Z</time>
      </trkpt>
      <trkpt lat="-33.654872439801693" lon="24.363358933478594">
        <ele>189.03999999999999</ele>
        <time>2022-01-26T07:29:54Z</time>
      </trkpt>
      <trkpt lat="-33.654920468106866" lon="24.363347953185439">
        <ele>189.52000000000001</ele>
        <time>2022-01-26T07:29:55Z</time>
      </trkpt>
      <trkpt lat="-33.654972855001688" lon="24.363339152187109">
        <ele>190</ele>
        <time>2022-01-26T07:29:56Z</time>
      </trkpt>
      <trkpt lat="-33.655029516667128" lon="24.363324232399464">
        <ele>190.96000000000001</ele>
        <time>2022-01-26T07:29:57Z</time>
      </trkpt>
      <trkpt lat="-33.655083160847425" lon="24.363297829404473">
        <ele>191.44</ele>
        <time>2022-01-26T07:29:58Z</time>
      </trkpt>
      <trkpt lat="-33.655136385932565" lon="24.363260110840201">
        <ele>191.91999999999999</ele>
        <time>2022-01-26T07:29:59Z</time>
      </trkpt>
      <trkpt lat="-33.655186677351594" lon="24.363215519115329">
        <ele>192.40000000000001</ele>
        <time>2022-01-26T07:30:00Z</time>
      </trkpt>
      <trkpt lat="-33.655235795304179" lon="24.363167406991124">
        <ele>192.88</ele>
        <time>2022-01-26T07:30:01Z</time>
      </trkpt>
      <trkpt lat="-33.65546889603138" lon="24.362909495830536">
        <ele>195.77000000000001</ele>
        <time>2022-01-26T07:30:06Z</time>
      </trkpt>
      <trkpt lat="-33.655498567968607" lon="24.362847469747066">
        <ele>196.25</ele>
        <time>2022-01-26T07:30:07Z</time>
      </trkpt>
      <trkpt lat="-33.655519606545568" lon="24.362781336531043">
        <ele>196.72999999999999</ele>
        <time>2022-01-26T07:30:08Z</time>
      </trkpt>
      <trkpt lat="-33.655533939599991" lon="24.362718388438225">
        <ele>197.21000000000001</ele>
        <time>2022-01-26T07:30:09Z</time>
      </trkpt>
      <trkpt lat="-33.655540812760592" lon="24.362664995715022">
        <ele>197.69</ele>
        <time>2022-01-26T07:30:10Z</time>
      </trkpt>
      <trkpt lat="-33.655542992055416" lon="24.362625852227211">
        <ele>198.16999999999999</ele>
        <time>2022-01-26T07:30:11Z</time>
      </trkpt>
      <trkpt lat="-33.655540058389306" lon="24.362585870549083">
        <ele>198.16999999999999</ele>
        <time>2022-01-26T07:30:12Z</time>
      </trkpt>
      <trkpt lat="-33.655528156086802" lon="24.362536417320371">
        <ele>198.16999999999999</ele>
        <time>2022-01-26T07:30:13Z</time>
      </trkpt>
      <trkpt lat="-33.655505524948239" lon="24.362481515854597">
        <ele>198.65000000000001</ele>
        <time>2022-01-26T07:30:14Z</time>
      </trkpt>
      <trkpt lat="-33.655476020649076" lon="24.362422507256269">
        <ele>198.65000000000001</ele>
        <time>2022-01-26T07:30:15Z</time>
      </trkpt>
      <trkpt lat="-33.655439894646406" lon="24.362361906096339">
        <ele>199.13</ele>
        <time>2022-01-26T07:30:16Z</time>
      </trkpt>
      <trkpt lat="-33.655399912968278" lon="24.362300718203187">
        <ele>199.61000000000001</ele>
        <time>2022-01-26T07:30:17Z</time>
      </trkpt>
      <trkpt lat="-33.655198914930224" lon="24.362021265551448">
        <ele>202.00999999999999</ele>
        <time>2022-01-26T07:30:22Z</time>
      </trkpt>
      <trkpt lat="-33.65517477504909" lon="24.361966112628579">
        <ele>202.49000000000001</ele>
        <time>2022-01-26T07:30:23Z</time>
      </trkpt>
      <trkpt lat="-33.655164800584316" lon="24.361922023817897">
        <ele>203.46000000000001</ele>
        <time>2022-01-26T07:30:24Z</time>
      </trkpt>
      <trkpt lat="-33.655166812241077" lon="24.361880281940103">
        <ele>203.94</ele>
        <time>2022-01-26T07:30:25Z</time>
      </trkpt>
      <trkpt lat="-33.655176116153598" lon="24.361836109310389">
        <ele>204.41999999999999</ele>
        <time>2022-01-26T07:30:26Z</time>
      </trkpt>
      <trkpt lat="-33.6552260722965" lon="24.361607283353806">
        <ele>206.81999999999999</ele>
        <time>2022-01-26T07:30:30Z</time>
      </trkpt>
      <trkpt lat="-33.65551533177495" lon="24.360878309234977">
        <ele>212.59</ele>
        <time>2022-01-26T07:30:42Z</time>
      </trkpt>
      <trkpt lat="-33.655655393376946" lon="24.360484192147851">
        <ele>215.47</ele>
        <time>2022-01-26T07:30:48Z</time>
      </trkpt>
      <trkpt lat="-33.655660841614008" lon="24.360414706170559">
        <ele>215.94999999999999</ele>
        <time>2022-01-26T07:30:49Z</time>
      </trkpt>
      <trkpt lat="-33.655658243224025" lon="24.36035368591547">
        <ele>216.43000000000001</ele>
        <time>2022-01-26T07:30:50Z</time>
      </trkpt>
      <trkpt lat="-33.655648017302155" lon="24.360293755307794">
        <ele>216.91</ele>
        <time>2022-01-26T07:30:51Z</time>
      </trkpt>
      <trkpt lat="-33.65563066676259" lon="24.360235584899783">
        <ele>217.40000000000001</ele>
        <time>2022-01-26T07:30:52Z</time>
      </trkpt>
      <trkpt lat="-33.655512230470777" lon="24.359744573011994">
        <ele>219.80000000000001</ele>
        <time>2022-01-26T07:31:00Z</time>
      </trkpt>
      <trkpt lat="-33.655506279319525" lon="24.359690090641379">
        <ele>219.80000000000001</ele>
        <time>2022-01-26T07:31:01Z</time>
      </trkpt>
      <trkpt lat="-33.655507368966937" lon="24.35964030213654">
        <ele>220.28</ele>
        <time>2022-01-26T07:31:02Z</time>
      </trkpt>
      <trkpt lat="-33.655517427250743" lon="24.359592525288463">
        <ele>220.28</ele>
        <time>2022-01-26T07:31:03Z</time>
      </trkpt>
      <trkpt lat="-33.655534358695149" lon="24.35954843647778">
        <ele>220.28</ele>
        <time>2022-01-26T07:31:04Z</time>
      </trkpt>
      <trkpt lat="-33.655557408928871" lon="24.359506694599986">
        <ele>220.75999999999999</ele>
        <time>2022-01-26T07:31:05Z</time>
      </trkpt>
      <trkpt lat="-33.655581548810005" lon="24.359471658244729">
        <ele>220.75999999999999</ele>
        <time>2022-01-26T07:31:06Z</time>
      </trkpt>
      <trkpt lat="-33.655635360628366" lon="24.359398484230042">
        <ele>220.75999999999999</ele>
        <time>2022-01-26T07:31:08Z</time>
      </trkpt>
      <trkpt lat="-33.655789671465755" lon="24.359216513112187">
        <ele>222.19999999999999</ele>
        <time>2022-01-26T07:31:12Z</time>
      </trkpt>
      <trkpt lat="-33.655837029218674" lon="24.359175693243742">
        <ele>222.68000000000001</ele>
        <time>2022-01-26T07:31:13Z</time>
      </trkpt>
      <trkpt lat="-33.655883800238371" lon="24.35913453809917">
        <ele>223.16</ele>
        <time>2022-01-26T07:31:14Z</time>
      </trkpt>
      <trkpt lat="-33.655925961211324" lon="24.359091455116868">
        <ele>223.63999999999999</ele>
        <time>2022-01-26T07:31:15Z</time>
      </trkpt>
      <trkpt lat="-33.655965439975262" lon="24.359049377962947">
        <ele>224.12</ele>
        <time>2022-01-26T07:31:16Z</time>
      </trkpt>
      <trkpt lat="-33.656042134389281" lon="24.358966983854771">
        <ele>224.61000000000001</ele>
        <time>2022-01-26T07:31:18Z</time>
      </trkpt>
      <trkpt lat="-33.656150177121162" lon="24.358755089342594">
        <ele>226.05000000000001</ele>
        <time>2022-01-26T07:31:24Z</time>
      </trkpt>
      <trkpt lat="-33.656120505183935" lon="24.358697002753615">
        <ele>226.53</ele>
        <time>2022-01-26T07:31:26Z</time>
      </trkpt>
      <trkpt lat="-33.656092006713152" lon="24.358678562566638">
        <ele>227.00999999999999</ele>
        <time>2022-01-26T07:31:27Z</time>
      </trkpt>
      <trkpt lat="-33.656062753871083" lon="24.358671605587006">
        <ele>227.49000000000001</ele>
        <time>2022-01-26T07:31:28Z</time>
      </trkpt>
      <trkpt lat="-33.656030399724841" lon="24.35867328196764">
        <ele>227.97</ele>
        <time>2022-01-26T07:31:29Z</time>
      </trkpt>
      <trkpt lat="-33.655999721959233" lon="24.358677892014384">
        <ele>228.93000000000001</ele>
        <time>2022-01-26T07:31:30Z</time>
      </trkpt>
      <trkpt lat="-33.655977174639702" lon="24.35868501663208">
        <ele>229.41</ele>
        <time>2022-01-26T07:31:31Z</time>
      </trkpt>
      <trkpt lat="-33.655971810221672" lon="24.358693398535252">
        <ele>230.37</ele>
        <time>2022-01-26T07:31:43Z</time>
      </trkpt>
      <trkpt lat="-33.655909700319171" lon="24.358719466254115">
        <ele>230.84999999999999</ele>
        <time>2022-01-26T07:31:50Z</time>
      </trkpt>
      <trkpt lat="-33.655861672013998" lon="24.358735391870141">
        <ele>231.33000000000001</ele>
        <time>2022-01-26T07:31:51Z</time>
      </trkpt>
      <trkpt lat="-33.655803836882114" lon="24.358752742409706">
        <ele>231.81</ele>
        <time>2022-01-26T07:31:52Z</time>
      </trkpt>
      <trkpt lat="-33.655514493584633" lon="24.358825162053108">
        <ele>234.22</ele>
        <time>2022-01-26T07:31:57Z</time>
      </trkpt>
      <trkpt lat="-33.655466381460428" lon="24.358825664967299">
        <ele>234.69999999999999</ele>
        <time>2022-01-26T07:31:58Z</time>
      </trkpt>
      <trkpt lat="-33.655422376468778" lon="24.358814768493176">
        <ele>235.18000000000001</ele>
        <time>2022-01-26T07:31:59Z</time>
      </trkpt>
      <trkpt lat="-33.655383568257093" lon="24.358793813735247">
        <ele>235.66</ele>
        <time>2022-01-26T07:32:00Z</time>
      </trkpt>
      <trkpt lat="-33.655347023159266" lon="24.358764057978988">
        <ele>236.13999999999999</ele>
        <time>2022-01-26T07:32:01Z</time>
      </trkpt>
      <trkpt lat="-33.65531450137496" lon="24.358724327757955">
        <ele>237.09999999999999</ele>
        <time>2022-01-26T07:32:02Z</time>
      </trkpt>
      <trkpt lat="-33.65528323687613" lon="24.358675377443433">
        <ele>237.58000000000001</ele>
        <time>2022-01-26T07:32:03Z</time>
      </trkpt>
      <trkpt lat="-33.655221126973629" lon="24.358563479036093">
        <ele>238.53999999999999</ele>
        <time>2022-01-26T07:32:05Z</time>
      </trkpt>
      <trkpt lat="-33.655197070911527" lon="24.35850472189486">
        <ele>239.02000000000001</ele>
        <time>2022-01-26T07:32:06Z</time>
      </trkpt>
      <trkpt lat="-33.6551777087152" lon="24.358444539830089">
        <ele>239.50999999999999</ele>
        <time>2022-01-26T07:32:07Z</time>
      </trkpt>
      <trkpt lat="-33.655167063698173" lon="24.358380669727921">
        <ele>239.99000000000001</ele>
        <time>2022-01-26T07:32:08Z</time>
      </trkpt>
      <trkpt lat="-33.655167818069458" lon="24.358316129073501">
        <ele>239.99000000000001</ele>
        <time>2022-01-26T07:32:09Z</time>
      </trkpt>
      <trkpt lat="-33.655175194144249" lon="24.358252426609397">
        <ele>240.47</ele>
        <time>2022-01-26T07:32:10Z</time>
      </trkpt>
      <trkpt lat="-33.655188521370292" lon="24.358187550678849">
        <ele>240.94999999999999</ele>
        <time>2022-01-26T07:32:11Z</time>
      </trkpt>
      <trkpt lat="-33.655202435329556" lon="24.358120411634445">
        <ele>240.94999999999999</ele>
        <time>2022-01-26T07:32:12Z</time>
      </trkpt>
      <trkpt lat="-33.655212493613362" lon="24.358051512390375">
        <ele>241.43000000000001</ele>
        <time>2022-01-26T07:32:13Z</time>
      </trkpt>
      <trkpt lat="-33.655213918536901" lon="24.357981355860829">
        <ele>241.91</ele>
        <time>2022-01-26T07:32:14Z</time>
      </trkpt>
      <trkpt lat="-33.655205955728889" lon="24.357911869883537">
        <ele>242.38999999999999</ele>
        <time>2022-01-26T07:32:15Z</time>
      </trkpt>
      <trkpt lat="-33.655188353732228" lon="24.357840036973357">
        <ele>242.38999999999999</ele>
        <time>2022-01-26T07:32:16Z</time>
      </trkpt>
      <trkpt lat="-33.655163291841745" lon="24.357767449691892">
        <ele>242.87</ele>
        <time>2022-01-26T07:32:17Z</time>
      </trkpt>
      <trkpt lat="-33.655133452266455" lon="24.357692180201411">
        <ele>243.34999999999999</ele>
        <time>2022-01-26T07:32:18Z</time>
      </trkpt>
      <trkpt lat="-33.655071090906858" lon="24.357533175498247">
        <ele>243.83000000000001</ele>
        <time>2022-01-26T07:32:20Z</time>
      </trkpt>
      <trkpt lat="-33.655032617971301" lon="24.357457151636481">
        <ele>244.31</ele>
        <time>2022-01-26T07:32:21Z</time>
      </trkpt>
      <trkpt lat="-33.654987271875143" lon="24.357388000935316">
        <ele>244.31</ele>
        <time>2022-01-26T07:32:22Z</time>
      </trkpt>
      <trkpt lat="-33.654933208599687" lon="24.357326393947005">
        <ele>244.78999999999999</ele>
        <time>2022-01-26T07:32:23Z</time>
      </trkpt>
      <trkpt lat="-33.654871853068471" lon="24.357269816100597">
        <ele>244.78999999999999</ele>
        <time>2022-01-26T07:32:24Z</time>
      </trkpt>
      <trkpt lat="-33.654806222766638" lon="24.357212316244841">
        <ele>245.27000000000001</ele>
        <time>2022-01-26T07:32:25Z</time>
      </trkpt>
      <trkpt lat="-33.654588125646114" lon="24.357021376490593">
        <ele>246.72</ele>
        <time>2022-01-26T07:32:29Z</time>
      </trkpt>
      <trkpt lat="-33.654556442052126" lon="24.356980808079243">
        <ele>247.19999999999999</ele>
        <time>2022-01-26T07:32:30Z</time>
      </trkpt>
      <trkpt lat="-33.654533056542277" lon="24.356943424791098">
        <ele>247.68000000000001</ele>
        <time>2022-01-26T07:32:31Z</time>
      </trkpt>
      <trkpt lat="-33.654515538364649" lon="24.356900174170732">
        <ele>247.68000000000001</ele>
        <time>2022-01-26T07:32:32Z</time>
      </trkpt>
      <trkpt lat="-33.654505396261811" lon="24.35685072094202">
        <ele>248.16</ele>
        <time>2022-01-26T07:32:33Z</time>
      </trkpt>
      <trkpt lat="-33.654506737366319" lon="24.356795903295279">
        <ele>248.63999999999999</ele>
        <time>2022-01-26T07:32:34Z</time>
      </trkpt>
      <trkpt lat="-33.654519477859139" lon="24.356738654896617">
        <ele>249.12</ele>
        <time>2022-01-26T07:32:35Z</time>
      </trkpt>
      <trkpt lat="-33.654539175331593" lon="24.356680316850543">
        <ele>249.59999999999999</ele>
        <time>2022-01-26T07:32:36Z</time>
      </trkpt>
      <trkpt lat="-33.654557280242443" lon="24.356621811166406">
        <ele>249.59999999999999</ele>
        <time>2022-01-26T07:32:37Z</time>
      </trkpt>
      <trkpt lat="-33.654567841440439" lon="24.356560120359063">
        <ele>250.08000000000001</ele>
        <time>2022-01-26T07:32:38Z</time>
      </trkpt>
      <trkpt lat="-33.65456935018301" lon="24.356492981314659">
        <ele>250.08000000000001</ele>
        <time>2022-01-26T07:32:39Z</time>
      </trkpt>
      <trkpt lat="-33.65456105209887" lon="24.35642215423286">
        <ele>250.56</ele>
        <time>2022-01-26T07:32:40Z</time>
      </trkpt>
      <trkpt lat="-33.654545294120908" lon="24.356350740417838">
        <ele>251.03999999999999</ele>
        <time>2022-01-26T07:32:41Z</time>
      </trkpt>
      <trkpt lat="-33.65452048368752" lon="24.356209421530366">
        <ele>251.52000000000001</ele>
        <time>2022-01-26T07:32:43Z</time>
      </trkpt>
      <trkpt lat="-33.654518304392695" lon="24.356144545599818">
        <ele>252</ele>
        <time>2022-01-26T07:32:44Z</time>
      </trkpt>
      <trkpt lat="-33.654524758458138" lon="24.356084698811173">
        <ele>252</ele>
        <time>2022-01-26T07:32:45Z</time>
      </trkpt>
      <trkpt lat="-33.654539510607719" lon="24.356034658849239">
        <ele>252.47999999999999</ele>
        <time>2022-01-26T07:32:46Z</time>
      </trkpt>
      <trkpt lat="-33.654555520042777" lon="24.355991324409842">
        <ele>252.47999999999999</ele>
        <time>2022-01-26T07:32:47Z</time>
      </trkpt>
      <trkpt lat="-33.654561638832092" lon="24.355949331074953">
        <ele>252.96000000000001</ele>
        <time>2022-01-26T07:32:48Z</time>
      </trkpt>
      <trkpt lat="-33.654551412910223" lon="24.35590616427362">
        <ele>252.96000000000001</ele>
        <time>2022-01-26T07:32:49Z</time>
      </trkpt>
      <trkpt lat="-33.65452685393393" lon="24.355867272242904">
        <ele>252.96000000000001</ele>
        <time>2022-01-26T07:32:50Z</time>
      </trkpt>
      <trkpt lat="-33.654487039893866" lon="24.355837935581803">
        <ele>252.96000000000001</ele>
        <time>2022-01-26T07:32:51Z</time>
      </trkpt>
      <trkpt lat="-33.65438218228519" lon="24.355820417404175">
        <ele>253.44</ele>
        <time>2022-01-26T07:32:53Z</time>
      </trkpt>
      <trkpt lat="-33.654321581125259" lon="24.355826620012522">
        <ele>253.93000000000001</ele>
        <time>2022-01-26T07:32:54Z</time>
      </trkpt>
      <trkpt lat="-33.654260141775012" lon="24.355834582820535">
        <ele>254.41</ele>
        <time>2022-01-26T07:32:55Z</time>
      </trkpt>
      <trkpt lat="-33.654202474281192" lon="24.355837432667613">
        <ele>254.88999999999999</ele>
        <time>2022-01-26T07:32:56Z</time>
      </trkpt>
      <trkpt lat="-33.654155451804399" lon="24.355826871469617">
        <ele>254.88999999999999</ele>
        <time>2022-01-26T07:32:57Z</time>
      </trkpt>
      <trkpt lat="-33.654111865907907" lon="24.355801725760102">
        <ele>255.37</ele>
        <time>2022-01-26T07:32:58Z</time>
      </trkpt>
      <trkpt lat="-33.654072051867843" lon="24.355758391320705">
        <ele>255.84999999999999</ele>
        <time>2022-01-26T07:32:59Z</time>
      </trkpt>
      <trkpt lat="-33.654036344960332" lon="24.355700891464949">
        <ele>256.32999999999998</ele>
        <time>2022-01-26T07:33:00Z</time>
      </trkpt>
      <trkpt lat="-33.654002314433455" lon="24.355637524276972">
        <ele>256.32999999999998</ele>
        <time>2022-01-26T07:33:01Z</time>
      </trkpt>
      <trkpt lat="-33.653653040528297" lon="24.354661954566836">
        <ele>261.62</ele>
        <time>2022-01-26T07:33:15Z</time>
      </trkpt>
      <trkpt lat="-33.653415413573384" lon="24.35412417165935">
        <ele>264.98000000000002</ele>
        <time>2022-01-26T07:33:22Z</time>
      </trkpt>
      <trkpt lat="-33.653399823233485" lon="24.354044543579221">
        <ele>265.45999999999998</ele>
        <time>2022-01-26T07:33:23Z</time>
      </trkpt>
      <trkpt lat="-33.653394710272551" lon="24.353967597708106">
        <ele>265.94</ele>
        <time>2022-01-26T07:33:24Z</time>
      </trkpt>
      <trkpt lat="-33.653402756899595" lon="24.35389643535018">
        <ele>266.42000000000002</ele>
        <time>2022-01-26T07:33:25Z</time>
      </trkpt>
      <trkpt lat="-33.653421700000763" lon="24.353827200829983">
        <ele>266.89999999999998</ele>
        <time>2022-01-26T07:33:26Z</time>
      </trkpt>
      <trkpt lat="-33.653449947014451" lon="24.353762324899435">
        <ele>266.89999999999998</ele>
        <time>2022-01-26T07:33:27Z</time>
      </trkpt>
      <trkpt lat="-33.653483726084232" lon="24.353700885549188">
        <ele>267.38</ele>
        <time>2022-01-26T07:33:28Z</time>
      </trkpt>
      <trkpt lat="-33.653535526245832" lon="24.353590663522482">
        <ele>267.38</ele>
        <time>2022-01-26T07:33:30Z</time>
      </trkpt>
      <trkpt lat="-33.653544494882226" lon="24.35354121029377">
        <ele>267.86000000000001</ele>
        <time>2022-01-26T07:33:31Z</time>
      </trkpt>
      <trkpt lat="-33.653541393578053" lon="24.353492092341185">
        <ele>267.86000000000001</ele>
        <time>2022-01-26T07:33:32Z</time>
      </trkpt>
      <trkpt lat="-33.653529491275549" lon="24.353436939418316">
        <ele>268.35000000000002</ele>
        <time>2022-01-26T07:33:33Z</time>
      </trkpt>
      <trkpt lat="-33.653506692498922" lon="24.353373907506466">
        <ele>268.35000000000002</ele>
        <time>2022-01-26T07:33:34Z</time>
      </trkpt>
      <trkpt lat="-33.653475260362029" lon="24.353306600823998">
        <ele>268.35000000000002</ele>
        <time>2022-01-26T07:33:35Z</time>
      </trkpt>
      <trkpt lat="-33.653211230412126" lon="24.352432284504175">
        <ele>269.79000000000002</ele>
        <time>2022-01-26T07:33:44Z</time>
      </trkpt>
      <trkpt lat="-33.652984667569399" lon="24.350852044299245">
        <ele>278.92000000000002</ele>
        <time>2022-01-26T07:33:59Z</time>
      </trkpt>
      <trkpt lat="-33.652978129684925" lon="24.350753640756011">
        <ele>279.39999999999998</ele>
        <time>2022-01-26T07:34:00Z</time>
      </trkpt>
      <trkpt lat="-33.652961868792772" lon="24.35066026635468">
        <ele>280.36000000000001</ele>
        <time>2022-01-26T07:34:01Z</time>
      </trkpt>
      <trkpt lat="-33.652937561273575" lon="24.350570663809776">
        <ele>281.31999999999999</ele>
        <time>2022-01-26T07:34:02Z</time>
      </trkpt>
      <trkpt lat="-33.652855837717652" lon="24.35018191114068">
        <ele>285.64999999999998</ele>
        <time>2022-01-26T07:34:07Z</time>
      </trkpt>
      <trkpt lat="-33.652858100831509" lon="24.350112928077579">
        <ele>286.61000000000001</ele>
        <time>2022-01-26T07:34:08Z</time>
      </trkpt>
      <trkpt lat="-33.652868159115314" lon="24.350043525919318">
        <ele>287.56999999999999</ele>
        <time>2022-01-26T07:34:09Z</time>
      </trkpt>
      <trkpt lat="-33.652885844931006" lon="24.349974291399121">
        <ele>288.52999999999997</ele>
        <time>2022-01-26T07:34:10Z</time>
      </trkpt>
      <trkpt lat="-33.652908224612474" lon="24.349903799593449">
        <ele>289.49000000000001</ele>
        <time>2022-01-26T07:34:11Z</time>
      </trkpt>
      <trkpt lat="-33.652934292331338" lon="24.349833140149713">
        <ele>289.97000000000003</ele>
        <time>2022-01-26T07:34:12Z</time>
      </trkpt>
      <trkpt lat="-33.652994055300951" lon="24.349701460450888">
        <ele>291.42000000000002</ele>
        <time>2022-01-26T07:34:14Z</time>
      </trkpt>
      <trkpt lat="-33.653032779693604" lon="24.349644128233194">
        <ele>291.89999999999998</ele>
        <time>2022-01-26T07:34:15Z</time>
      </trkpt>
      <trkpt lat="-33.653076030313969" lon="24.349591825157404">
        <ele>292.38</ele>
        <time>2022-01-26T07:34:16Z</time>
      </trkpt>
      <trkpt lat="-33.653347855433822" lon="24.34930139221251">
        <ele>296.69999999999999</ele>
        <time>2022-01-26T07:34:22Z</time>
      </trkpt>
      <trkpt lat="-33.653380461037159" lon="24.349246993660927">
        <ele>297.18000000000001</ele>
        <time>2022-01-26T07:34:23Z</time>
      </trkpt>
      <trkpt lat="-33.653406193479896" lon="24.349187314510345">
        <ele>297.67000000000002</ele>
        <time>2022-01-26T07:34:24Z</time>
      </trkpt>
      <trkpt lat="-33.653426729142666" lon="24.349123779684305">
        <ele>298.63</ele>
        <time>2022-01-26T07:34:25Z</time>
      </trkpt>
      <trkpt lat="-33.653446510434151" lon="24.349058400839567">
        <ele>299.11000000000001</ele>
        <time>2022-01-26T07:34:26Z</time>
      </trkpt>
      <trkpt lat="-33.653470315039158" lon="24.348992686718702">
        <ele>300.06999999999999</ele>
        <time>2022-01-26T07:34:27Z</time>
      </trkpt>
      <trkpt lat="-33.653501076623797" lon="24.348929319530725">
        <ele>301.02999999999997</ele>
        <time>2022-01-26T07:34:28Z</time>
      </trkpt>
      <trkpt lat="-33.653540723025799" lon="24.348871987313032">
        <ele>301.50999999999999</ele>
        <time>2022-01-26T07:34:29Z</time>
      </trkpt>
      <trkpt lat="-33.653587829321623" lon="24.348822701722383">
        <ele>302.47000000000003</ele>
        <time>2022-01-26T07:34:30Z</time>
      </trkpt>
      <trkpt lat="-33.653639042750001" lon="24.348778696730733">
        <ele>302.94999999999999</ele>
        <time>2022-01-26T07:34:31Z</time>
      </trkpt>
      <trkpt lat="-33.653687657788396" lon="24.348732093349099">
        <ele>303.91000000000003</ele>
        <time>2022-01-26T07:34:32Z</time>
      </trkpt>
      <trkpt lat="-33.653733087703586" lon="24.348680209368467">
        <ele>304.38999999999999</ele>
        <time>2022-01-26T07:34:33Z</time>
      </trkpt>
      <trkpt lat="-33.653776841238141" lon="24.348624553531408">
        <ele>305.36000000000001</ele>
        <time>2022-01-26T07:34:34Z</time>
      </trkpt>
      <trkpt lat="-33.65381590090692" lon="24.348563952371478">
        <ele>305.83999999999997</ele>
        <time>2022-01-26T07:34:35Z</time>
      </trkpt>
      <trkpt lat="-33.653850853443146" lon="24.348498824983835">
        <ele>306.80000000000001</ele>
        <time>2022-01-26T07:34:36Z</time>
      </trkpt>
      <trkpt lat="-33.653880776837468" lon="24.348433194682002">
        <ele>307.75999999999999</ele>
        <time>2022-01-26T07:34:37Z</time>
      </trkpt>
      <trkpt lat="-33.653904916718602" lon="24.348366474732757">
        <ele>308.72000000000003</ele>
        <time>2022-01-26T07:34:38Z</time>
      </trkpt>
      <trkpt lat="-33.653921261429787" lon="24.348310567438602">
        <ele>309.68000000000001</ele>
        <time>2022-01-26T07:34:39Z</time>
      </trkpt>
      <trkpt lat="-33.653931487351656" lon="24.348270166665316">
        <ele>310.16000000000003</ele>
        <time>2022-01-26T07:34:40Z</time>
      </trkpt>
      <trkpt lat="-33.653935762122273" lon="24.348238315433264">
        <ele>311.12</ele>
        <time>2022-01-26T07:34:41Z</time>
      </trkpt>
      <trkpt lat="-33.653934253379703" lon="24.348215432837605">
        <ele>311.60000000000002</ele>
        <time>2022-01-26T07:34:42Z</time>
      </trkpt>
      <trkpt lat="-33.653925368562341" lon="24.348195232450962">
        <ele>312.56999999999999</ele>
        <time>2022-01-26T07:34:43Z</time>
      </trkpt>
      <trkpt lat="-33.65383492782712" lon="24.348139744251966">
        <ele>313.52999999999997</ele>
        <time>2022-01-26T07:34:46Z</time>
      </trkpt>
      <trkpt lat="-33.653785809874535" lon="24.348152233287692">
        <ele>314.00999999999999</ele>
        <time>2022-01-26T07:34:47Z</time>
      </trkpt>
      <trkpt lat="-33.653728729113936" lon="24.348179474473">
        <ele>314.97000000000003</ele>
        <time>2022-01-26T07:34:48Z</time>
      </trkpt>
      <trkpt lat="-33.653656980022788" lon="24.348223311826587">
        <ele>315.44999999999999</ele>
        <time>2022-01-26T07:34:49Z</time>
      </trkpt>
      <trkpt lat="-33.653610041365027" lon="24.348256671801209">
        <ele>315.44999999999999</ele>
        <time>2022-01-26T07:34:50Z</time>
      </trkpt>
      <trkpt lat="-33.652997743338346" lon="24.348672833293676">
        <ele>320.25999999999999</ele>
        <time>2022-01-26T07:34:58Z</time>
      </trkpt>
      <trkpt lat="-33.65294418297708" lon="24.348686244338751">
        <ele>320.74000000000001</ele>
        <time>2022-01-26T07:34:59Z</time>
      </trkpt>
      <trkpt lat="-33.65289531648159" lon="24.348688423633575">
        <ele>321.22000000000003</ele>
        <time>2022-01-26T07:35:00Z</time>
      </trkpt>
      <trkpt lat="-33.652846030890942" lon="24.348681634292006">
        <ele>322.18000000000001</ele>
        <time>2022-01-26T07:35:01Z</time>
      </trkpt>
      <trkpt lat="-33.652798002585769" lon="24.348669312894344">
        <ele>322.66000000000003</ele>
        <time>2022-01-26T07:35:02Z</time>
      </trkpt>
      <trkpt lat="-33.652749890461564" lon="24.348653135821223">
        <ele>323.62</ele>
        <time>2022-01-26T07:35:03Z</time>
      </trkpt>
      <trkpt lat="-33.652490386739373" lon="24.348528413102031">
        <ele>326.99000000000001</ele>
        <time>2022-01-26T07:35:08Z</time>
      </trkpt>
      <trkpt lat="-33.652444621548057" lon="24.348497567698359">
        <ele>327.94999999999999</ele>
        <time>2022-01-26T07:35:09Z</time>
      </trkpt>
      <trkpt lat="-33.651971211656928" lon="24.34800554998219">
        <ele>333.23000000000002</ele>
        <time>2022-01-26T07:35:20Z</time>
      </trkpt>
      <trkpt lat="-33.651825953274965" lon="24.347667591646314">
        <ele>335.63999999999999</ele>
        <time>2022-01-26T07:35:25Z</time>
      </trkpt>
      <trkpt lat="-33.651752443984151" lon="24.347178339958191">
        <ele>338.51999999999998</ele>
        <time>2022-01-26T07:35:31Z</time>
      </trkpt>
      <trkpt lat="-33.651750264689326" lon="24.347089491784573">
        <ele>339</ele>
        <time>2022-01-26T07:35:32Z</time>
      </trkpt>
      <trkpt lat="-33.651756132021546" lon="24.347002906724811">
        <ele>339.48000000000002</ele>
        <time>2022-01-26T07:35:33Z</time>
      </trkpt>
      <trkpt lat="-33.651767363771796" lon="24.346920512616634">
        <ele>339.95999999999998</ele>
        <time>2022-01-26T07:35:34Z</time>
      </trkpt>
      <trkpt lat="-33.651782032102346" lon="24.346842393279076">
        <ele>340.44</ele>
        <time>2022-01-26T07:35:35Z</time>
      </trkpt>
      <trkpt lat="-33.651796700432897" lon="24.346774583682418">
        <ele>340.44</ele>
        <time>2022-01-26T07:35:36Z</time>
      </trkpt>
      <trkpt lat="-33.651777002960443" lon="24.346559923142195">
        <ele>342.37</ele>
        <time>2022-01-26T07:35:41Z</time>
      </trkpt>
      <trkpt lat="-33.65174314007163" lon="24.346532849594951">
        <ele>342.85000000000002</ele>
        <time>2022-01-26T07:35:42Z</time>
      </trkpt>
      <trkpt lat="-33.651700811460614" lon="24.346518348902464">
        <ele>343.32999999999998</ele>
        <time>2022-01-26T07:35:43Z</time>
      </trkpt>
      <trkpt lat="-33.651652866974473" lon="24.346517762169242">
        <ele>343.32999999999998</ele>
        <time>2022-01-26T07:35:44Z</time>
      </trkpt>
      <trkpt lat="-33.65160190500319" lon="24.346530418843031">
        <ele>343.81</ele>
        <time>2022-01-26T07:35:45Z</time>
      </trkpt>
      <trkpt lat="-33.651549182832241" lon="24.346548523753881">
        <ele>344.29000000000002</ele>
        <time>2022-01-26T07:35:46Z</time>
      </trkpt>
      <trkpt lat="-33.651494868099689" lon="24.346561599522829">
        <ele>344.76999999999998</ele>
        <time>2022-01-26T07:35:47Z</time>
      </trkpt>
      <trkpt lat="-33.651439882814884" lon="24.346559839323163">
        <ele>345.25</ele>
        <time>2022-01-26T07:35:48Z</time>
      </trkpt>
      <trkpt lat="-33.651388166472316" lon="24.346542907878757">
        <ele>345.73000000000002</ele>
        <time>2022-01-26T07:35:49Z</time>
      </trkpt>
      <trkpt lat="-33.651339048519731" lon="24.346514157950878">
        <ele>346.20999999999998</ele>
        <time>2022-01-26T07:35:50Z</time>
      </trkpt>
      <trkpt lat="-33.651291523128748" lon="24.346474846825004">
        <ele>346.69</ele>
        <time>2022-01-26T07:35:51Z</time>
      </trkpt>
      <trkpt lat="-33.651245841756463" lon="24.346426483243704">
        <ele>347.17000000000002</ele>
        <time>2022-01-26T07:35:52Z</time>
      </trkpt>
      <trkpt lat="-33.651204016059637" lon="24.346373258158565">
        <ele>347.64999999999998</ele>
        <time>2022-01-26T07:35:53Z</time>
      </trkpt>
      <trkpt lat="-33.651055488735437" lon="24.346159268170595">
        <ele>349.57999999999998</ele>
        <time>2022-01-26T07:35:57Z</time>
      </trkpt>
      <trkpt lat="-33.650983236730099" lon="24.346115933731198">
        <ele>350.54000000000002</ele>
        <time>2022-01-26T07:35:59Z</time>
      </trkpt>
      <trkpt lat="-33.650943506509066" lon="24.346121968701482">
        <ele>350.54000000000002</ele>
        <time>2022-01-26T07:36:00Z</time>
      </trkpt>
      <trkpt lat="-33.65090511739254" lon="24.346152562648058">
        <ele>351.01999999999998</ele>
        <time>2022-01-26T07:36:01Z</time>
      </trkpt>
      <trkpt lat="-33.650877038016915" lon="24.346200255677104">
        <ele>351.5</ele>
        <time>2022-01-26T07:36:02Z</time>
      </trkpt>
      <trkpt lat="-33.650863375514746" lon="24.346261527389288">
        <ele>351.5</ele>
        <time>2022-01-26T07:36:03Z</time>
      </trkpt>
      <trkpt lat="-33.650863124057651" lon="24.34632858261466">
        <ele>351.98000000000002</ele>
        <time>2022-01-26T07:36:04Z</time>
      </trkpt>
      <trkpt lat="-33.650870500132442" lon="24.346400080248713">
        <ele>351.98000000000002</ele>
        <time>2022-01-26T07:36:05Z</time>
      </trkpt>
      <trkpt lat="-33.650873769074678" lon="24.346471494063735">
        <ele>352.45999999999998</ele>
        <time>2022-01-26T07:36:06Z</time>
      </trkpt>
      <trkpt lat="-33.650866812095046" lon="24.346535447984934">
        <ele>352.94</ele>
        <time>2022-01-26T07:36:07Z</time>
      </trkpt>
      <trkpt lat="-33.650851640850306" lon="24.346582721918821">
        <ele>352.94</ele>
        <time>2022-01-26T07:36:08Z</time>
      </trkpt>
      <trkpt lat="-33.650830015540123" lon="24.34661733917892">
        <ele>353.42000000000002</ele>
        <time>2022-01-26T07:36:09Z</time>
      </trkpt>
      <trkpt lat="-33.650800846517086" lon="24.346641981974244">
        <ele>353.89999999999998</ele>
        <time>2022-01-26T07:36:10Z</time>
      </trkpt>
      <trkpt lat="-33.650768408551812" lon="24.346651118248701">
        <ele>354.38</ele>
        <time>2022-01-26T07:36:11Z</time>
      </trkpt>
      <trkpt lat="-33.650732366368175" lon="24.34665254317224">
        <ele>354.38</ele>
        <time>2022-01-26T07:36:12Z</time>
      </trkpt>
      <trkpt lat="-33.650605799630284" lon="24.346704510971904">
        <ele>356.79000000000002</ele>
        <time>2022-01-26T07:36:16Z</time>
      </trkpt>
      <trkpt lat="-33.650597333908081" lon="24.346734685823321">
        <ele>357.26999999999998</ele>
        <time>2022-01-26T07:36:17Z</time>
      </trkpt>
      <trkpt lat="-33.650663634762168" lon="24.347057892009616">
        <ele>360.63</ele>
        <time>2022-01-26T07:36:25Z</time>
      </trkpt>
      <trkpt lat="-33.650678638368845" lon="24.347112793475389">
        <ele>361.11000000000001</ele>
        <time>2022-01-26T07:36:26Z</time>
      </trkpt>
      <trkpt lat="-33.650688193738461" lon="24.347168868407607">
        <ele>361.58999999999997</ele>
        <time>2022-01-26T07:36:27Z</time>
      </trkpt>
      <trkpt lat="-33.650692384690046" lon="24.34722569771111">
        <ele>362.06999999999999</ele>
        <time>2022-01-26T07:36:28Z</time>
      </trkpt>
      <trkpt lat="-33.650691378861666" lon="24.347284538671374">
        <ele>362.55000000000001</ele>
        <time>2022-01-26T07:36:29Z</time>
      </trkpt>
      <trkpt lat="-33.650684840977192" lon="24.347343128174543">
        <ele>363.04000000000002</ele>
        <time>2022-01-26T07:36:30Z</time>
      </trkpt>
      <trkpt lat="-33.650668328627944" lon="24.347398281097412">
        <ele>363.51999999999998</ele>
        <time>2022-01-26T07:36:31Z</time>
      </trkpt>
      <trkpt lat="-33.650640919804573" lon="24.347446896135807">
        <ele>364</ele>
        <time>2022-01-26T07:36:32Z</time>
      </trkpt>
      <trkpt lat="-33.650604877620935" lon="24.347486877813935">
        <ele>364.48000000000002</ele>
        <time>2022-01-26T07:36:33Z</time>
      </trkpt>
      <trkpt lat="-33.650563973933458" lon="24.347521411255002">
        <ele>364.95999999999998</ele>
        <time>2022-01-26T07:36:34Z</time>
      </trkpt>
      <trkpt lat="-33.650520974770188" lon="24.347551921382546">
        <ele>365.44</ele>
        <time>2022-01-26T07:36:35Z</time>
      </trkpt>
      <trkpt lat="-33.650443274527788" lon="24.347617300227284">
        <ele>365.92000000000002</ele>
        <time>2022-01-26T07:36:37Z</time>
      </trkpt>
      <trkpt lat="-33.650413518771529" lon="24.347659712657332">
        <ele>366.39999999999998</ele>
        <time>2022-01-26T07:36:38Z</time>
      </trkpt>
      <trkpt lat="-33.650397257879376" lon="24.347709836438298">
        <ele>366.88</ele>
        <time>2022-01-26T07:36:39Z</time>
      </trkpt>
      <trkpt lat="-33.650393150746822" lon="24.347767001017928">
        <ele>367.36000000000001</ele>
        <time>2022-01-26T07:36:40Z</time>
      </trkpt>
      <trkpt lat="-33.650402035564184" lon="24.347823159769177">
        <ele>367.83999999999997</ele>
        <time>2022-01-26T07:36:41Z</time>
      </trkpt>
      <trkpt lat="-33.650421649217606" lon="24.347880072891712">
        <ele>368.80000000000001</ele>
        <time>2022-01-26T07:36:42Z</time>
      </trkpt>
      <trkpt lat="-33.650450315326452" lon="24.347938662394881">
        <ele>369.27999999999997</ele>
        <time>2022-01-26T07:36:43Z</time>
      </trkpt>
      <trkpt lat="-33.650484262034297" lon="24.34799917973578">
        <ele>369.27999999999997</ele>
        <time>2022-01-26T07:36:44Z</time>
      </trkpt>
      <trkpt lat="-33.650522902607918" lon="24.348062295466661">
        <ele>369.75999999999999</ele>
        <time>2022-01-26T07:36:45Z</time>
      </trkpt>
      <trkpt lat="-33.650708980858326" lon="24.348374856635928">
        <ele>372.17000000000002</ele>
        <time>2022-01-26T07:36:50Z</time>
      </trkpt>
      <trkpt lat="-33.650731947273016" lon="24.348442079499364">
        <ele>372.64999999999998</ele>
        <time>2022-01-26T07:36:51Z</time>
      </trkpt>
      <trkpt lat="-33.650743346661329" lon="24.348504859954119">
        <ele>373.13</ele>
        <time>2022-01-26T07:36:52Z</time>
      </trkpt>
      <trkpt lat="-33.650742843747139" lon="24.348559509962797">
        <ele>373.61000000000001</ele>
        <time>2022-01-26T07:36:53Z</time>
      </trkpt>
      <trkpt lat="-33.650732534006238" lon="24.3486094661057">
        <ele>374.08999999999997</ele>
        <time>2022-01-26T07:36:54Z</time>
      </trkpt>
      <trkpt lat="-33.65071015432477" lon="24.348649783059955">
        <ele>374.56999999999999</ele>
        <time>2022-01-26T07:36:55Z</time>
      </trkpt>
      <trkpt lat="-33.650677800178528" lon="24.348675515502691">
        <ele>375.05000000000001</ele>
        <time>2022-01-26T07:36:56Z</time>
      </trkpt>
      <trkpt lat="-33.650606805458665" lon="24.348682388663292">
        <ele>376.00999999999999</ele>
        <time>2022-01-26T07:36:58Z</time>
      </trkpt>
      <trkpt lat="-33.650463474914432" lon="24.348684400320053">
        <ele>377.44999999999999</ele>
        <time>2022-01-26T07:37:01Z</time>
      </trkpt>
      <trkpt lat="-33.650412932038307" lon="24.348697392269969">
        <ele>378.42000000000002</ele>
        <time>2022-01-26T07:37:02Z</time>
      </trkpt>
      <trkpt lat="-33.650367585942149" lon="24.348722118884325">
        <ele>378.89999999999998</ele>
        <time>2022-01-26T07:37:03Z</time>
      </trkpt>
      <trkpt lat="-33.650327939540148" lon="24.348762603476644">
        <ele>379.38</ele>
        <time>2022-01-26T07:37:04Z</time>
      </trkpt>
      <trkpt lat="-33.650300446897745" lon="24.348811721429229">
        <ele>379.86000000000001</ele>
        <time>2022-01-26T07:37:05Z</time>
      </trkpt>
      <trkpt lat="-33.650282761082053" lon="24.348867209628224">
        <ele>380.81999999999999</ele>
        <time>2022-01-26T07:37:06Z</time>
      </trkpt>
      <trkpt lat="-33.650270355865359" lon="24.348930241540074">
        <ele>381.77999999999997</ele>
        <time>2022-01-26T07:37:07Z</time>
      </trkpt>
      <trkpt lat="-33.650261638686061" lon="24.348995704203844">
        <ele>382.25999999999999</ele>
        <time>2022-01-26T07:37:08Z</time>
      </trkpt>
      <trkpt lat="-33.650243869051337" lon="24.349133754149079">
        <ele>383.22000000000003</ele>
        <time>2022-01-26T07:37:10Z</time>
      </trkpt>
      <trkpt lat="-33.650227608159184" lon="24.349201144650578">
        <ele>384.18000000000001</ele>
        <time>2022-01-26T07:37:11Z</time>
      </trkpt>
      <trkpt lat="-33.650185279548168" lon="24.349328046664596">
        <ele>385.14999999999998</ele>
        <time>2022-01-26T07:37:13Z</time>
      </trkpt>
      <trkpt lat="-33.650157786905766" lon="24.349385211244226">
        <ele>386.11000000000001</ele>
        <time>2022-01-26T07:37:14Z</time>
      </trkpt>
      <trkpt lat="-33.650125432759523" lon="24.349434999749064">
        <ele>386.58999999999997</ele>
        <time>2022-01-26T07:37:15Z</time>
      </trkpt>
      <trkpt lat="-33.650088300928473" lon="24.349480010569096">
        <ele>387.55000000000001</ele>
        <time>2022-01-26T07:37:16Z</time>
      </trkpt>
      <trkpt lat="-33.650043960660696" lon="24.349518064409494">
        <ele>388.02999999999997</ele>
        <time>2022-01-26T07:37:17Z</time>
      </trkpt>
      <trkpt lat="-33.649993920698762" lon="24.349547317251563">
        <ele>388.50999999999999</ele>
        <time>2022-01-26T07:37:18Z</time>
      </trkpt>
      <trkpt lat="-33.649943126365542" lon="24.349573468789458">
        <ele>388.99000000000001</ele>
        <time>2022-01-26T07:37:19Z</time>
      </trkpt>
      <trkpt lat="-33.649894678965211" lon="24.349602470174432">
        <ele>389.47000000000003</ele>
        <time>2022-01-26T07:37:20Z</time>
      </trkpt>
      <trkpt lat="-33.64985503256321" lon="24.34963071718812">
        <ele>389.94999999999999</ele>
        <time>2022-01-26T07:37:21Z</time>
      </trkpt>
      <trkpt lat="-33.649825444445014" lon="24.349660137668252">
        <ele>390.43000000000001</ele>
        <time>2022-01-26T07:37:22Z</time>
      </trkpt>
      <trkpt lat="-33.649798203259706" lon="24.349696850404143">
        <ele>390.91000000000003</ele>
        <time>2022-01-26T07:37:23Z</time>
      </trkpt>
      <trkpt lat="-33.649771884083748" lon="24.349746890366077">
        <ele>391.38999999999999</ele>
        <time>2022-01-26T07:37:24Z</time>
      </trkpt>
      <trkpt lat="-33.649752018973231" lon="24.349808162078261">
        <ele>391.87</ele>
        <time>2022-01-26T07:37:25Z</time>
      </trkpt>
      <trkpt lat="-33.649744223803282" lon="24.34987454675138">
        <ele>392.36000000000001</ele>
        <time>2022-01-26T07:37:26Z</time>
      </trkpt>
      <trkpt lat="-33.649745900183916" lon="24.349944368004799">
        <ele>392.83999999999997</ele>
        <time>2022-01-26T07:37:27Z</time>
      </trkpt>
      <trkpt lat="-33.649754617363214" lon="24.350015530362725">
        <ele>393.31999999999999</ele>
        <time>2022-01-26T07:37:28Z</time>
      </trkpt>
      <trkpt lat="-33.649775572121143" lon="24.35008954256773">
        <ele>393.80000000000001</ele>
        <time>2022-01-26T07:37:29Z</time>
      </trkpt>
      <trkpt lat="-33.649810943752527" lon="24.350161710754037">
        <ele>394.27999999999997</ele>
        <time>2022-01-26T07:37:30Z</time>
      </trkpt>
      <trkpt lat="-33.649855284020305" lon="24.350229520350695">
        <ele>394.75999999999999</ele>
        <time>2022-01-26T07:37:31Z</time>
      </trkpt>
      <trkpt lat="-33.649904569610953" lon="24.350299257785082">
        <ele>395.24000000000001</ele>
        <time>2022-01-26T07:37:32Z</time>
      </trkpt>
      <trkpt lat="-33.64999677054584" lon="24.350455412641168">
        <ele>396.68000000000001</ele>
        <time>2022-01-26T07:37:34Z</time>
      </trkpt>
      <trkpt lat="-33.650034656748176" lon="24.350541662424803">
        <ele>396.68000000000001</ele>
        <time>2022-01-26T07:37:35Z</time>
      </trkpt>
      <trkpt lat="-33.650229619815946" lon="24.351123198866844">
        <ele>400.52999999999997</ele>
        <time>2022-01-26T07:37:42Z</time>
      </trkpt>
      <trkpt lat="-33.650254011154175" lon="24.351366693153977">
        <ele>402.44999999999999</ele>
        <time>2022-01-26T07:37:45Z</time>
      </trkpt>
      <trkpt lat="-33.650246048346162" lon="24.351446907967329">
        <ele>402.93000000000001</ele>
        <time>2022-01-26T07:37:46Z</time>
      </trkpt>
      <trkpt lat="-33.650227524340153" lon="24.351512789726257">
        <ele>403.88999999999999</ele>
        <time>2022-01-26T07:37:47Z</time>
      </trkpt>
      <trkpt lat="-33.65020053461194" lon="24.35155981220305">
        <ele>404.37</ele>
        <time>2022-01-26T07:37:48Z</time>
      </trkpt>
      <trkpt lat="-33.650164660066366" lon="24.351588981226087">
        <ele>404.37</ele>
        <time>2022-01-26T07:37:49Z</time>
      </trkpt>
      <trkpt lat="-33.650124929845333" lon="24.351599039509892">
        <ele>404.85000000000002</ele>
        <time>2022-01-26T07:37:50Z</time>
      </trkpt>
      <trkpt lat="-33.650088384747505" lon="24.351589316502213">
        <ele>404.85000000000002</ele>
        <time>2022-01-26T07:37:51Z</time>
      </trkpt>
      <trkpt lat="-33.650054605677724" lon="24.351562159135938">
        <ele>405.32999999999998</ele>
        <time>2022-01-26T07:37:52Z</time>
      </trkpt>
      <trkpt lat="-33.650026526302099" lon="24.351521926000714">
        <ele>405.32999999999998</ele>
        <time>2022-01-26T07:37:53Z</time>
      </trkpt>
      <trkpt lat="-33.649993585422635" lon="24.351468533277512">
        <ele>405.81</ele>
        <time>2022-01-26T07:37:54Z</time>
      </trkpt>
      <trkpt lat="-33.649894511327147" lon="24.351335093379021">
        <ele>406.29000000000002</ele>
        <time>2022-01-26T07:37:56Z</time>
      </trkpt>
      <trkpt lat="-33.64982720464468" lon="24.351264601573348">
        <ele>406.29000000000002</ele>
        <time>2022-01-26T07:37:57Z</time>
      </trkpt>
      <trkpt lat="-33.649378269910812" lon="24.350779540836811">
        <ele>407.25999999999999</ele>
        <time>2022-01-26T07:38:03Z</time>
      </trkpt>
      <trkpt lat="-33.649298474192619" lon="24.350720448419452">
        <ele>407.25999999999999</ele>
        <time>2022-01-26T07:38:04Z</time>
      </trkpt>
      <trkpt lat="-33.648810563609004" lon="24.35045407153666">
        <ele>408.69999999999999</ele>
        <time>2022-01-26T07:38:10Z</time>
      </trkpt>
      <trkpt lat="-33.648775359615684" lon="24.35042180120945">
        <ele>409.18000000000001</ele>
        <time>2022-01-26T07:38:11Z</time>
      </trkpt>
      <trkpt lat="-33.64875758998096" lon="24.350387938320637">
        <ele>409.66000000000003</ele>
        <time>2022-01-26T07:38:12Z</time>
      </trkpt>
      <trkpt lat="-33.648797571659088" lon="24.350267825648189">
        <ele>409.66000000000003</ele>
        <time>2022-01-26T07:38:15Z</time>
      </trkpt>
      <trkpt lat="-33.648834284394979" lon="24.350226419046521">
        <ele>409.66000000000003</ele>
        <time>2022-01-26T07:38:16Z</time>
      </trkpt>
      <trkpt lat="-33.64887778647244" lon="24.35018484480679">
        <ele>410.13999999999999</ele>
        <time>2022-01-26T07:38:17Z</time>
      </trkpt>
      <trkpt lat="-33.648929838091135" lon="24.35014134272933">
        <ele>410.13999999999999</ele>
        <time>2022-01-26T07:38:18Z</time>
      </trkpt>
      <trkpt lat="-33.648992199450731" lon="24.350097337737679">
        <ele>410.13999999999999</ele>
        <time>2022-01-26T07:38:19Z</time>
      </trkpt>
      <trkpt lat="-33.649060260504484" lon="24.350059200078249">
        <ele>410.13999999999999</ele>
        <time>2022-01-26T07:38:20Z</time>
      </trkpt>
      <trkpt lat="-33.649267461150885" lon="24.349954929202795">
        <ele>411.10000000000002</ele>
        <time>2022-01-26T07:38:23Z</time>
      </trkpt>
      <trkpt lat="-33.649326218292117" lon="24.349908409640193">
        <ele>411.10000000000002</ele>
        <time>2022-01-26T07:38:24Z</time>
      </trkpt>
      <trkpt lat="-33.649376006796956" lon="24.34985501691699">
        <ele>411.57999999999998</ele>
        <time>2022-01-26T07:38:25Z</time>
      </trkpt>
      <trkpt lat="-33.64954330958426" lon="24.34960875660181">
        <ele>413.5</ele>
        <time>2022-01-26T07:38:29Z</time>
      </trkpt>
      <trkpt lat="-33.649570215493441" lon="24.349532732740045">
        <ele>413.98000000000002</ele>
        <time>2022-01-26T07:38:30Z</time>
      </trkpt>
      <trkpt lat="-33.649586141109467" lon="24.349450673907995">
        <ele>414.94999999999999</ele>
        <time>2022-01-26T07:38:31Z</time>
      </trkpt>
      <trkpt lat="-33.649672558531165" lon="24.348310567438602">
        <ele>427.44</ele>
        <time>2022-01-26T07:38:44Z</time>
      </trkpt>
      <trkpt lat="-33.649665685370564" lon="24.348239991813898">
        <ele>427.92000000000002</ele>
        <time>2022-01-26T07:38:45Z</time>
      </trkpt>
      <trkpt lat="-33.649654285982251" lon="24.348179893568158">
        <ele>428.88999999999999</ele>
        <time>2022-01-26T07:38:46Z</time>
      </trkpt>
      <trkpt lat="-33.649633917957544" lon="24.348123734816909">
        <ele>429.37</ele>
        <time>2022-01-26T07:38:47Z</time>
      </trkpt>
      <trkpt lat="-33.649605503305793" lon="24.348064977675676">
        <ele>429.85000000000002</ele>
        <time>2022-01-26T07:38:48Z</time>
      </trkpt>
      <trkpt lat="-33.649570802226663" lon="24.3480016104877">
        <ele>429.85000000000002</ele>
        <time>2022-01-26T07:38:49Z</time>
      </trkpt>
      <trkpt lat="-33.649173667654395" lon="24.347476651892066">
        <ele>431.76999999999998</ele>
        <time>2022-01-26T07:38:58Z</time>
      </trkpt>
      <trkpt lat="-33.649137457832694" lon="24.347463827580214">
        <ele>431.76999999999998</ele>
        <time>2022-01-26T07:38:59Z</time>
      </trkpt>
      <trkpt lat="-33.649102253839374" lon="24.347467431798577">
        <ele>431.76999999999998</ele>
        <time>2022-01-26T07:39:00Z</time>
      </trkpt>
      <trkpt lat="-33.649065373465419" lon="24.347483022138476">
        <ele>431.76999999999998</ele>
        <time>2022-01-26T07:39:01Z</time>
      </trkpt>
      <trkpt lat="-33.649029834195971" lon="24.347512861713767">
        <ele>431.76999999999998</ele>
        <time>2022-01-26T07:39:02Z</time>
      </trkpt>
      <trkpt lat="-33.649001000449061" lon="24.347557704895735">
        <ele>431.76999999999998</ele>
        <time>2022-01-26T07:39:03Z</time>
      </trkpt>
      <trkpt lat="-33.648972166702151" lon="24.347616881132126">
        <ele>431.76999999999998</ele>
        <time>2022-01-26T07:39:04Z</time>
      </trkpt>
      <trkpt lat="-33.648707214742899" lon="24.348081909120083">
        <ele>432.25</ele>
        <time>2022-01-26T07:39:12Z</time>
      </trkpt>
      <trkpt lat="-33.648656671866775" lon="24.348077885806561">
        <ele>433.69</ele>
        <time>2022-01-26T07:39:25Z</time>
      </trkpt>
      <trkpt lat="-33.648657258599997" lon="24.348072856664658">
        <ele>434.17000000000002</ele>
        <time>2022-01-26T07:39:57Z</time>
      </trkpt>
      <trkpt lat="-33.648672765120864" lon="24.348070090636611">
        <ele>436.10000000000002</ele>
        <time>2022-01-26T07:40:44Z</time>
      </trkpt>
      <trkpt lat="-33.648681482300162" lon="24.348080065101385">
        <ele>436.57999999999998</ele>
        <time>2022-01-26T07:41:32Z</time>
      </trkpt>
      <trkpt lat="-33.648672262206674" lon="24.348079729825258">
        <ele>435.61000000000001</ele>
        <time>2022-01-26T07:42:10Z</time>
      </trkpt>
      <trkpt lat="-33.648663461208344" lon="24.348076544702053">
        <ele>436.57999999999998</ele>
        <time>2022-01-26T07:42:56Z</time>
      </trkpt>
      <trkpt lat="-33.64867209456861" lon="24.348076628521085">
        <ele>437.06</ele>
        <time>2022-01-26T07:43:40Z</time>
      </trkpt>
      <trkpt lat="-33.648664550855756" lon="24.348074700683355">
        <ele>437.54000000000002</ele>
        <time>2022-01-26T07:44:18Z</time>
      </trkpt>
      <trkpt lat="-33.64866673015058" lon="24.348084926605225">
        <ele>438.01999999999998</ele>
        <time>2022-01-26T07:44:45Z</time>
      </trkpt>
      <trkpt lat="-33.648680308833718" lon="24.348094901069999">
        <ele>436.57999999999998</ele>
        <time>2022-01-26T07:45:21Z</time>
      </trkpt>
      <trkpt lat="-33.648667065426707" lon="24.348093895241618">
        <ele>436.57999999999998</ele>
        <time>2022-01-26T07:45:34Z</time>
      </trkpt>
      <trkpt lat="-33.648585928604007" lon="24.347984846681356">
        <ele>436.10000000000002</ele>
        <time>2022-01-26T07:45:38Z</time>
      </trkpt>
      <trkpt lat="-33.648514179512858" lon="24.347839085385203">
        <ele>436.10000000000002</ele>
        <time>2022-01-26T07:45:41Z</time>
      </trkpt>
      <trkpt lat="-33.64848542958498" lon="24.347786949947476">
        <ele>436.10000000000002</ele>
        <time>2022-01-26T07:45:42Z</time>
      </trkpt>
      <trkpt lat="-33.648452153429389" lon="24.347735149785876">
        <ele>435.61000000000001</ele>
        <time>2022-01-26T07:45:43Z</time>
      </trkpt>
      <trkpt lat="-33.648415189236403" lon="24.347685864195228">
        <ele>435.61000000000001</ele>
        <time>2022-01-26T07:45:44Z</time>
      </trkpt>
      <trkpt lat="-33.648375207558274" lon="24.34763859026134">
        <ele>435.61000000000001</ele>
        <time>2022-01-26T07:45:45Z</time>
      </trkpt>
      <trkpt lat="-33.647813284769654" lon="24.347086139023304">
        <ele>435.13</ele>
        <time>2022-01-26T07:45:57Z</time>
      </trkpt>
      <trkpt lat="-33.647716473788023" lon="24.346995195373893">
        <ele>435.61000000000001</ele>
        <time>2022-01-26T07:45:59Z</time>
      </trkpt>
      <trkpt lat="-33.647667020559311" lon="24.346960494294763">
        <ele>435.13</ele>
        <time>2022-01-26T07:46:00Z</time>
      </trkpt>
      <trkpt lat="-33.647616896778345" lon="24.346933253109455">
        <ele>435.13</ele>
        <time>2022-01-26T07:46:01Z</time>
      </trkpt>
      <trkpt lat="-33.647479601204395" lon="24.346850942820311">
        <ele>434.17000000000002</ele>
        <time>2022-01-26T07:46:04Z</time>
      </trkpt>
      <trkpt lat="-33.647443391382694" lon="24.346819007769227">
        <ele>433.69</ele>
        <time>2022-01-26T07:46:05Z</time>
      </trkpt>
      <trkpt lat="-33.647414054721594" lon="24.346783636137843">
        <ele>433.69</ele>
        <time>2022-01-26T07:46:06Z</time>
      </trkpt>
      <trkpt lat="-33.647391675040126" lon="24.346745582297444">
        <ele>433.20999999999998</ele>
        <time>2022-01-26T07:46:07Z</time>
      </trkpt>
      <trkpt lat="-33.647372899577022" lon="24.346705935895443">
        <ele>432.73000000000002</ele>
        <time>2022-01-26T07:46:08Z</time>
      </trkpt>
      <trkpt lat="-33.647356638684869" lon="24.346662014722824">
        <ele>432.25</ele>
        <time>2022-01-26T07:46:09Z</time>
      </trkpt>
      <trkpt lat="-33.647343227639794" lon="24.346614908427">
        <ele>431.76999999999998</ele>
        <time>2022-01-26T07:46:10Z</time>
      </trkpt>
      <trkpt lat="-33.647330487146974" lon="24.346566293388605">
        <ele>431.29000000000002</ele>
        <time>2022-01-26T07:46:11Z</time>
      </trkpt>
      <trkpt lat="-33.647315818816423" lon="24.346519354730844">
        <ele>431.29000000000002</ele>
        <time>2022-01-26T07:46:12Z</time>
      </trkpt>
      <trkpt lat="-33.647294528782368" lon="24.346474008634686">
        <ele>430.81</ele>
        <time>2022-01-26T07:46:13Z</time>
      </trkpt>
      <trkpt lat="-33.647263096645474" lon="24.346429752185941">
        <ele>430.32999999999998</ele>
        <time>2022-01-26T07:46:14Z</time>
      </trkpt>
      <trkpt lat="-33.646823130548" lon="24.345853161066771">
        <ele>425.51999999999998</ele>
        <time>2022-01-26T07:46:24Z</time>
      </trkpt>
      <trkpt lat="-33.646734282374382" lon="24.345720475539565">
        <ele>424.07999999999998</ele>
        <time>2022-01-26T07:46:27Z</time>
      </trkpt>
      <trkpt lat="-33.646715255454183" lon="24.345675548538566">
        <ele>423.60000000000002</ele>
        <time>2022-01-26T07:46:28Z</time>
      </trkpt>
      <trkpt lat="-33.64670536480844" lon="24.345627017319202">
        <ele>423.60000000000002</ele>
        <time>2022-01-26T07:46:29Z</time>
      </trkpt>
      <trkpt lat="-33.646706622093916" lon="24.345576306805015">
        <ele>422.63999999999999</ele>
        <time>2022-01-26T07:46:30Z</time>
      </trkpt>
      <trkpt lat="-33.646717183291912" lon="24.34552333317697">
        <ele>422.16000000000003</ele>
        <time>2022-01-26T07:46:31Z</time>
      </trkpt>
      <trkpt lat="-33.64673662930727" lon="24.345471784472466">
        <ele>421.19</ele>
        <time>2022-01-26T07:46:32Z</time>
      </trkpt>
      <trkpt lat="-33.646759930998087" lon="24.345420487225056">
        <ele>420.70999999999998</ele>
        <time>2022-01-26T07:46:33Z</time>
      </trkpt>
      <trkpt lat="-33.646788345649838" lon="24.345367597416043">
        <ele>420.23000000000002</ele>
        <time>2022-01-26T07:46:34Z</time>
      </trkpt>
      <trkpt lat="-33.646821537986398" lon="24.345312779769301">
        <ele>419.75</ele>
        <time>2022-01-26T07:46:35Z</time>
      </trkpt>
      <trkpt lat="-33.646859508007765" lon="24.345260225236416">
        <ele>419.26999999999998</ele>
        <time>2022-01-26T07:46:36Z</time>
      </trkpt>
      <trkpt lat="-33.646902423352003" lon="24.345210269093513">
        <ele>418.79000000000002</ele>
        <time>2022-01-26T07:46:37Z</time>
      </trkpt>
      <trkpt lat="-33.646949864923954" lon="24.345161654055119">
        <ele>418.79000000000002</ele>
        <time>2022-01-26T07:46:38Z</time>
      </trkpt>
      <trkpt lat="-33.646999150514603" lon="24.345112955197692">
        <ele>418.31</ele>
        <time>2022-01-26T07:46:39Z</time>
      </trkpt>
      <trkpt lat="-33.647045167163014" lon="24.345060233026743">
        <ele>417.82999999999998</ele>
        <time>2022-01-26T07:46:40Z</time>
      </trkpt>
      <trkpt lat="-33.647083807736635" lon="24.345002314075828">
        <ele>417.35000000000002</ele>
        <time>2022-01-26T07:46:41Z</time>
      </trkpt>
      <trkpt lat="-33.647148599848151" lon="24.344897121191025">
        <ele>416.87</ele>
        <time>2022-01-26T07:46:43Z</time>
      </trkpt>
      <trkpt lat="-33.647185312584043" lon="24.344857139512897">
        <ele>416.38999999999999</ele>
        <time>2022-01-26T07:46:44Z</time>
      </trkpt>
      <trkpt lat="-33.647224875167012" lon="24.344827383756638">
        <ele>415.91000000000003</ele>
        <time>2022-01-26T07:46:45Z</time>
      </trkpt>
      <trkpt lat="-33.647266114130616" lon="24.344804920256138">
        <ele>415.91000000000003</ele>
        <time>2022-01-26T07:46:46Z</time>
      </trkpt>
      <trkpt lat="-33.647309616208076" lon="24.344786899164319">
        <ele>415.43000000000001</ele>
        <time>2022-01-26T07:46:47Z</time>
      </trkpt>
      <trkpt lat="-33.647353537380695" lon="24.344777008518577">
        <ele>414.94999999999999</ele>
        <time>2022-01-26T07:46:48Z</time>
      </trkpt>
      <trkpt lat="-33.647399134933949" lon="24.344776086509228">
        <ele>414.94999999999999</ele>
        <time>2022-01-26T07:46:49Z</time>
      </trkpt>
      <trkpt lat="-33.647449342533946" lon="24.344784384593368">
        <ele>414.94999999999999</ele>
        <time>2022-01-26T07:46:50Z</time>
      </trkpt>
      <trkpt lat="-33.647503321990371" lon="24.344798130914569">
        <ele>414.94999999999999</ele>
        <time>2022-01-26T07:46:51Z</time>
      </trkpt>
      <trkpt lat="-33.647658806294203" lon="24.344827635213733">
        <ele>414.94999999999999</ele>
        <time>2022-01-26T07:46:54Z</time>
      </trkpt>
      <trkpt lat="-33.647704236209393" lon="24.344812044873834">
        <ele>414.94999999999999</ele>
        <time>2022-01-26T07:46:55Z</time>
      </trkpt>
      <trkpt lat="-33.647745810449123" lon="24.344778517261147">
        <ele>414.94999999999999</ele>
        <time>2022-01-26T07:46:56Z</time>
      </trkpt>
      <trkpt lat="-33.647783864289522" lon="24.344730908051133">
        <ele>414.94999999999999</ele>
        <time>2022-01-26T07:46:57Z</time>
      </trkpt>
      <trkpt lat="-33.647822085767984" lon="24.344672737643123">
        <ele>414.94999999999999</ele>
        <time>2022-01-26T07:46:58Z</time>
      </trkpt>
      <trkpt lat="-33.647950496524572" lon="24.344497220590711">
        <ele>415.43000000000001</ele>
        <time>2022-01-26T07:47:01Z</time>
      </trkpt>
      <trkpt lat="-33.647994166240096" lon="24.34445858001709">
        <ele>414.94999999999999</ele>
        <time>2022-01-26T07:47:02Z</time>
      </trkpt>
      <trkpt lat="-33.648041859269142" lon="24.344431255012751">
        <ele>414.94999999999999</ele>
        <time>2022-01-26T07:47:03Z</time>
      </trkpt>
      <trkpt lat="-33.648096760734916" lon="24.344414239749312">
        <ele>414.94999999999999</ele>
        <time>2022-01-26T07:47:04Z</time>
      </trkpt>
      <trkpt lat="-33.64815610460937" lon="24.344409042969346">
        <ele>414.94999999999999</ele>
        <time>2022-01-26T07:47:05Z</time>
      </trkpt>
      <trkpt lat="-33.648220142349601" lon="24.344409964978695">
        <ele>414.94999999999999</ele>
        <time>2022-01-26T07:47:06Z</time>
      </trkpt>
      <trkpt lat="-33.64834813401103" lon="24.344399068504572">
        <ele>414.47000000000003</ele>
        <time>2022-01-26T07:47:08Z</time>
      </trkpt>
      <trkpt lat="-33.648404963314533" lon="24.344377275556326">
        <ele>414.47000000000003</ele>
        <time>2022-01-26T07:47:09Z</time>
      </trkpt>
      <trkpt lat="-33.648457601666451" lon="24.344339054077864">
        <ele>414.47000000000003</ele>
        <time>2022-01-26T07:47:10Z</time>
      </trkpt>
      <trkpt lat="-33.648501355201006" lon="24.344289768487215">
        <ele>414.47000000000003</ele>
        <time>2022-01-26T07:47:11Z</time>
      </trkpt>
      <trkpt lat="-33.64854359999299" lon="24.344233023002744">
        <ele>414.47000000000003</ele>
        <time>2022-01-26T07:47:12Z</time>
      </trkpt>
      <trkpt lat="-33.648589365184307" lon="24.344177199527621">
        <ele>414.47000000000003</ele>
        <time>2022-01-26T07:47:13Z</time>
      </trkpt>
      <trkpt lat="-33.648639656603336" lon="24.344125483185053">
        <ele>414.47000000000003</ele>
        <time>2022-01-26T07:47:14Z</time>
      </trkpt>
      <trkpt lat="-33.648733450099826" lon="24.344034036621451">
        <ele>414.47000000000003</ele>
        <time>2022-01-26T07:47:16Z</time>
      </trkpt>
      <trkpt lat="-33.648769492283463" lon="24.343986008316278">
        <ele>414.47000000000003</ele>
        <time>2022-01-26T07:47:17Z</time>
      </trkpt>
      <trkpt lat="-33.648795476183295" lon="24.343929598107934">
        <ele>414.47000000000003</ele>
        <time>2022-01-26T07:47:18Z</time>
      </trkpt>
      <trkpt lat="-33.648804696276784" lon="24.343867152929306">
        <ele>414.47000000000003</ele>
        <time>2022-01-26T07:47:19Z</time>
      </trkpt>
      <trkpt lat="-33.648802097886801" lon="24.343800600618124">
        <ele>414.47000000000003</ele>
        <time>2022-01-26T07:47:20Z</time>
      </trkpt>
      <trkpt lat="-33.648795811459422" lon="24.343731366097927">
        <ele>414.47000000000003</ele>
        <time>2022-01-26T07:47:21Z</time>
      </trkpt>
      <trkpt lat="-33.648793632164598" lon="24.343592310324311">
        <ele>414.94999999999999</ele>
        <time>2022-01-26T07:47:23Z</time>
      </trkpt>
      <trkpt lat="-33.64880645647645" lon="24.343524249270558">
        <ele>414.94999999999999</ele>
        <time>2022-01-26T07:47:24Z</time>
      </trkpt>
      <trkpt lat="-33.648831183090806" lon="24.343459792435169">
        <ele>414.94999999999999</ele>
        <time>2022-01-26T07:47:25Z</time>
      </trkpt>
      <trkpt lat="-33.648866219446063" lon="24.343398520722985">
        <ele>414.94999999999999</ele>
        <time>2022-01-26T07:47:26Z</time>
      </trkpt>
      <trkpt lat="-33.64890762604773" lon="24.34333766810596">
        <ele>414.94999999999999</ele>
        <time>2022-01-26T07:47:27Z</time>
      </trkpt>
      <trkpt lat="-33.64895205013454" lon="24.343273798003793">
        <ele>414.94999999999999</ele>
        <time>2022-01-26T07:47:28Z</time>
      </trkpt>
      <trkpt lat="-33.6489921156317" lon="24.34320816770196">
        <ele>414.94999999999999</ele>
        <time>2022-01-26T07:47:29Z</time>
      </trkpt>
      <trkpt lat="-33.649026397615671" lon="24.343136502429843">
        <ele>414.94999999999999</ele>
        <time>2022-01-26T07:47:30Z</time>
      </trkpt>
      <trkpt lat="-33.64905372262001" lon="24.343057880178094">
        <ele>414.94999999999999</ele>
        <time>2022-01-26T07:47:31Z</time>
      </trkpt>
      <trkpt lat="-33.649071827530861" lon="24.342975905165076">
        <ele>414.94999999999999</ele>
        <time>2022-01-26T07:47:32Z</time>
      </trkpt>
      <trkpt lat="-33.649087585508823" lon="24.342892086133361">
        <ele>414.94999999999999</ele>
        <time>2022-01-26T07:47:33Z</time>
      </trkpt>
      <trkpt lat="-33.649108707904816" lon="24.342810027301311">
        <ele>414.94999999999999</ele>
        <time>2022-01-26T07:47:34Z</time>
      </trkpt>
      <trkpt lat="-33.649138296023011" lon="24.342728974297643">
        <ele>414.94999999999999</ele>
        <time>2022-01-26T07:47:35Z</time>
      </trkpt>
      <trkpt lat="-33.649172661826015" lon="24.34265605174005">
        <ele>415.43000000000001</ele>
        <time>2022-01-26T07:47:36Z</time>
      </trkpt>
      <trkpt lat="-33.649212308228016" lon="24.342591594904661">
        <ele>415.43000000000001</ele>
        <time>2022-01-26T07:47:37Z</time>
      </trkpt>
      <trkpt lat="-33.649254720658064" lon="24.342538537457585">
        <ele>415.43000000000001</ele>
        <time>2022-01-26T07:47:38Z</time>
      </trkpt>
      <trkpt lat="-33.649295959621668" lon="24.34249721467495">
        <ele>415.43000000000001</ele>
        <time>2022-01-26T07:47:39Z</time>
      </trkpt>
      <trkpt lat="-33.649333426728845" lon="24.342456478625536">
        <ele>415.43000000000001</ele>
        <time>2022-01-26T07:47:40Z</time>
      </trkpt>
      <trkpt lat="-33.649359913542867" lon="24.342410042881966">
        <ele>415.43000000000001</ele>
        <time>2022-01-26T07:47:41Z</time>
      </trkpt>
      <trkpt lat="-33.649374162778258" lon="24.34235748834908">
        <ele>414.94999999999999</ele>
        <time>2022-01-26T07:47:42Z</time>
      </trkpt>
      <trkpt lat="-33.64937424659729" lon="24.34229931794107">
        <ele>414.94999999999999</ele>
        <time>2022-01-26T07:47:43Z</time>
      </trkpt>
      <trkpt lat="-33.649365529417992" lon="24.342235028743744">
        <ele>414.94999999999999</ele>
        <time>2022-01-26T07:47:44Z</time>
      </trkpt>
      <trkpt lat="-33.64934834651649" lon="24.342172080650926">
        <ele>414.94999999999999</ele>
        <time>2022-01-26T07:47:45Z</time>
      </trkpt>
      <trkpt lat="-33.649318758398294" lon="24.342117011547089">
        <ele>414.94999999999999</ele>
        <time>2022-01-26T07:47:46Z</time>
      </trkpt>
      <trkpt lat="-33.649278776720166" lon="24.342078035697341">
        <ele>414.94999999999999</ele>
        <time>2022-01-26T07:47:47Z</time>
      </trkpt>
      <trkpt lat="-33.649230496957898" lon="24.342052806168795">
        <ele>414.94999999999999</ele>
        <time>2022-01-26T07:47:48Z</time>
      </trkpt>
      <trkpt lat="-33.649178361520171" lon="24.342041993513703">
        <ele>414.94999999999999</ele>
        <time>2022-01-26T07:47:49Z</time>
      </trkpt>
      <trkpt lat="-33.649123208597302" lon="24.34204475954175">
        <ele>415.43000000000001</ele>
        <time>2022-01-26T07:47:50Z</time>
      </trkpt>
      <trkpt lat="-33.649064786732197" lon="24.342053644359112">
        <ele>415.43000000000001</ele>
        <time>2022-01-26T07:47:51Z</time>
      </trkpt>
      <trkpt lat="-33.648999910801649" lon="24.342055656015873">
        <ele>415.91000000000003</ele>
        <time>2022-01-26T07:47:52Z</time>
      </trkpt>
      <trkpt lat="-33.648934112861753" lon="24.34204819612205">
        <ele>416.38999999999999</ele>
        <time>2022-01-26T07:47:53Z</time>
      </trkpt>
      <trkpt lat="-33.648802768439054" lon="24.342032857239246">
        <ele>416.87</ele>
        <time>2022-01-26T07:47:55Z</time>
      </trkpt>
      <trkpt lat="-33.64874049089849" lon="24.342040233314037">
        <ele>416.87</ele>
        <time>2022-01-26T07:47:56Z</time>
      </trkpt>
      <trkpt lat="-33.648682907223701" lon="24.342058002948761">
        <ele>417.35000000000002</ele>
        <time>2022-01-26T07:47:57Z</time>
      </trkpt>
      <trkpt lat="-33.648584755137563" lon="24.34208826161921">
        <ele>417.82999999999998</ele>
        <time>2022-01-26T07:47:59Z</time>
      </trkpt>
      <trkpt lat="-33.648540247231722" lon="24.342087842524052">
        <ele>417.82999999999998</ele>
        <time>2022-01-26T07:48:00Z</time>
      </trkpt>
      <trkpt lat="-33.648501355201006" lon="24.342079376801848">
        <ele>417.82999999999998</ele>
        <time>2022-01-26T07:48:01Z</time>
      </trkpt>
      <trkpt lat="-33.64846296608448" lon="24.342059344053268">
        <ele>418.31</ele>
        <time>2022-01-26T07:48:02Z</time>
      </trkpt>
      <trkpt lat="-33.648418374359608" lon="24.342030426487327">
        <ele>418.31</ele>
        <time>2022-01-26T07:48:03Z</time>
      </trkpt>
      <trkpt lat="-33.648307146504521" lon="24.341972256079316">
        <ele>418.31</ele>
        <time>2022-01-26T07:48:05Z</time>
      </trkpt>
      <trkpt lat="-33.648244701325893" lon="24.341950295493007">
        <ele>418.31</ele>
        <time>2022-01-26T07:48:06Z</time>
      </trkpt>
      <trkpt lat="-33.648068848997355" lon="24.341888101771474">
        <ele>418.31</ele>
        <time>2022-01-26T07:48:09Z</time>
      </trkpt>
      <trkpt lat="-33.64802467636764" lon="24.341859435662627">
        <ele>418.31</ele>
        <time>2022-01-26T07:48:10Z</time>
      </trkpt>
      <trkpt lat="-33.647984778508544" lon="24.341822052374482">
        <ele>418.79000000000002</ele>
        <time>2022-01-26T07:48:11Z</time>
      </trkpt>
      <trkpt lat="-33.647947898134589" lon="24.341774862259626">
        <ele>418.79000000000002</ele>
        <time>2022-01-26T07:48:12Z</time>
      </trkpt>
      <trkpt lat="-33.647916801273823" lon="24.341717110946774">
        <ele>418.79000000000002</ele>
        <time>2022-01-26T07:48:13Z</time>
      </trkpt>
      <trkpt lat="-33.647893164306879" lon="24.341650474816561">
        <ele>418.79000000000002</ele>
        <time>2022-01-26T07:48:14Z</time>
      </trkpt>
      <trkpt lat="-33.64787170663476" lon="24.341578641906381">
        <ele>418.79000000000002</ele>
        <time>2022-01-26T07:48:15Z</time>
      </trkpt>
      <trkpt lat="-33.64773097448051" lon="24.34102987870574">
        <ele>417.82999999999998</ele>
        <time>2022-01-26T07:48:22Z</time>
      </trkpt>
      <trkpt lat="-33.647727034986019" lon="24.340962572023273">
        <ele>417.82999999999998</ele>
        <time>2022-01-26T07:48:23Z</time>
      </trkpt>
      <trkpt lat="-33.647731896489859" lon="24.340723436325788">
        <ele>417.35000000000002</ele>
        <time>2022-01-26T07:48:27Z</time>
      </trkpt>
      <trkpt lat="-33.647722844034433" lon="24.340663086622953">
        <ele>417.35000000000002</ele>
        <time>2022-01-26T07:48:28Z</time>
      </trkpt>
      <trkpt lat="-33.647705493494868" lon="24.340609777718782">
        <ele>417.35000000000002</ele>
        <time>2022-01-26T07:48:29Z</time>
      </trkpt>
      <trkpt lat="-33.647679090499878" lon="24.34055638499558">
        <ele>416.87</ele>
        <time>2022-01-26T07:48:30Z</time>
      </trkpt>
      <trkpt lat="-33.647643551230431" lon="24.340505925938487">
        <ele>416.87</ele>
        <time>2022-01-26T07:48:31Z</time>
      </trkpt>
      <trkpt lat="-33.647600971162319" lon="24.340456640347838">
        <ele>416.38999999999999</ele>
        <time>2022-01-26T07:48:32Z</time>
      </trkpt>
      <trkpt lat="-33.647555038332939" lon="24.340408025309443">
        <ele>416.38999999999999</ele>
        <time>2022-01-26T07:48:33Z</time>
      </trkpt>
      <trkpt lat="-33.6474241130054" lon="24.340268298983574">
        <ele>415.43000000000001</ele>
        <time>2022-01-26T07:48:36Z</time>
      </trkpt>
      <trkpt lat="-33.647392597049475" lon="24.340219348669052">
        <ele>415.43000000000001</ele>
        <time>2022-01-26T07:48:37Z</time>
      </trkpt>
      <trkpt lat="-33.647366194054484" lon="24.340166123583913">
        <ele>414.94999999999999</ele>
        <time>2022-01-26T07:48:38Z</time>
      </trkpt>
      <trkpt lat="-33.647339539602399" lon="24.340101247653365">
        <ele>414.94999999999999</ele>
        <time>2022-01-26T07:48:39Z</time>
      </trkpt>
      <trkpt lat="-33.647316908463836" lon="24.340037629008293">
        <ele>414.94999999999999</ele>
        <time>2022-01-26T07:48:40Z</time>
      </trkpt>
      <trkpt lat="-33.647057823836803" lon="24.339538486674428">
        <ele>412.54000000000002</ele>
        <time>2022-01-26T07:48:48Z</time>
      </trkpt>
      <trkpt lat="-33.647035108879209" lon="24.339485429227352">
        <ele>412.54000000000002</ele>
        <time>2022-01-26T07:48:49Z</time>
      </trkpt>
      <trkpt lat="-33.647028487175703" lon="24.339433377608657">
        <ele>412.06</ele>
        <time>2022-01-26T07:48:50Z</time>
      </trkpt>
      <trkpt lat="-33.647038880735636" lon="24.339387696236372">
        <ele>411.57999999999998</ele>
        <time>2022-01-26T07:48:51Z</time>
      </trkpt>
      <trkpt lat="-33.647092273458838" lon="24.339308068156242">
        <ele>410.62</ele>
        <time>2022-01-26T07:48:53Z</time>
      </trkpt>
      <trkpt lat="-33.647129908204079" lon="24.339279653504491">
        <ele>410.13999999999999</ele>
        <time>2022-01-26T07:48:54Z</time>
      </trkpt>
      <trkpt lat="-33.647172320634127" lon="24.339258866384625">
        <ele>409.18000000000001</ele>
        <time>2022-01-26T07:48:55Z</time>
      </trkpt>
      <trkpt lat="-33.647220181301236" lon="24.339243276044726">
        <ele>408.69999999999999</ele>
        <time>2022-01-26T07:48:56Z</time>
      </trkpt>
      <trkpt lat="-33.647271394729614" lon="24.3392273504287">
        <ele>407.74000000000001</ele>
        <time>2022-01-26T07:48:57Z</time>
      </trkpt>
      <trkpt lat="-33.647323278710246" lon="24.339207401499152">
        <ele>407.25999999999999</ele>
        <time>2022-01-26T07:48:58Z</time>
      </trkpt>
      <trkpt lat="-33.647374073043466" lon="24.339181501418352">
        <ele>406.76999999999998</ele>
        <time>2022-01-26T07:48:59Z</time>
      </trkpt>
      <trkpt lat="-33.647420760244131" lon="24.339149482548237">
        <ele>405.81</ele>
        <time>2022-01-26T07:49:00Z</time>
      </trkpt>
      <trkpt lat="-33.647467279806733" lon="24.339111009612679">
        <ele>405.32999999999998</ele>
        <time>2022-01-26T07:49:01Z</time>
      </trkpt>
      <trkpt lat="-33.647512374445796" lon="24.339065076783299">
        <ele>404.37</ele>
        <time>2022-01-26T07:49:02Z</time>
      </trkpt>
      <trkpt lat="-33.647552859038115" lon="24.339015372097492">
        <ele>403.88999999999999</ele>
        <time>2022-01-26T07:49:03Z</time>
      </trkpt>
      <trkpt lat="-33.647593846544623" lon="24.338956531137228">
        <ele>402.93000000000001</ele>
        <time>2022-01-26T07:49:04Z</time>
      </trkpt>
      <trkpt lat="-33.647634079679847" lon="24.338894505053759">
        <ele>401.97000000000003</ele>
        <time>2022-01-26T07:49:05Z</time>
      </trkpt>
      <trkpt lat="-33.647961476817727" lon="24.338512625545263">
        <ele>396.68000000000001</ele>
        <time>2022-01-26T07:49:12Z</time>
      </trkpt>
      <trkpt lat="-33.648009253665805" lon="24.338482366874814">
        <ele>395.72000000000003</ele>
        <time>2022-01-26T07:49:13Z</time>
      </trkpt>
      <trkpt lat="-33.648055354133248" lon="24.338463339954615">
        <ele>394.75999999999999</ele>
        <time>2022-01-26T07:49:14Z</time>
      </trkpt>
      <trkpt lat="-33.648099694401026" lon="24.338449761271477">
        <ele>394.27999999999997</ele>
        <time>2022-01-26T07:49:15Z</time>
      </trkpt>
      <trkpt lat="-33.64814093336463" lon="24.338438948616385">
        <ele>393.31999999999999</ele>
        <time>2022-01-26T07:49:16Z</time>
      </trkpt>
      <trkpt lat="-33.648178651928902" lon="24.338422184810042">
        <ele>392.83999999999997</ele>
        <time>2022-01-26T07:49:17Z</time>
      </trkpt>
      <trkpt lat="-33.64821083843708" lon="24.33839469216764">
        <ele>392.36000000000001</ele>
        <time>2022-01-26T07:49:18Z</time>
      </trkpt>
      <trkpt lat="-33.648234140127897" lon="24.33835563249886">
        <ele>391.87</ele>
        <time>2022-01-26T07:49:19Z</time>
      </trkpt>
      <trkpt lat="-33.648248389363289" lon="24.338304754346609">
        <ele>390.91000000000003</ele>
        <time>2022-01-26T07:49:20Z</time>
      </trkpt>
      <trkpt lat="-33.648253167048097" lon="24.338246919214725">
        <ele>390.43000000000001</ele>
        <time>2022-01-26T07:49:21Z</time>
      </trkpt>
      <trkpt lat="-33.648251490667462" lon="24.338185479864478">
        <ele>389.94999999999999</ele>
        <time>2022-01-26T07:49:22Z</time>
      </trkpt>
      <trkpt lat="-33.64824797026813" lon="24.338122112676501">
        <ele>388.99000000000001</ele>
        <time>2022-01-26T07:49:23Z</time>
      </trkpt>
      <trkpt lat="-33.648249143734574" lon="24.33799353428185">
        <ele>387.55000000000001</ele>
        <time>2022-01-26T07:49:25Z</time>
      </trkpt>
      <trkpt lat="-33.64825920201838" lon="24.337933352217078">
        <ele>387.06999999999999</ele>
        <time>2022-01-26T07:49:26Z</time>
      </trkpt>
      <trkpt lat="-33.648278480395675" lon="24.337880713865161">
        <ele>386.58999999999997</ele>
        <time>2022-01-26T07:49:27Z</time>
      </trkpt>
      <trkpt lat="-33.648304464295506" lon="24.337834697216749">
        <ele>386.11000000000001</ele>
        <time>2022-01-26T07:49:28Z</time>
      </trkpt>
      <trkpt lat="-33.648336650803685" lon="24.337795805186033">
        <ele>385.14999999999998</ele>
        <time>2022-01-26T07:49:29Z</time>
      </trkpt>
      <trkpt lat="-33.648374620825052" lon="24.337765211239457">
        <ele>384.66000000000003</ele>
        <time>2022-01-26T07:49:30Z</time>
      </trkpt>
      <trkpt lat="-33.648415859788656" lon="24.337743669748306">
        <ele>384.18000000000001</ele>
        <time>2022-01-26T07:49:31Z</time>
      </trkpt>
      <trkpt lat="-33.648459697142243" lon="24.337729252874851">
        <ele>383.69999999999999</ele>
        <time>2022-01-26T07:49:32Z</time>
      </trkpt>
      <trkpt lat="-33.648506971076131" lon="24.337721206247807">
        <ele>383.22000000000003</ele>
        <time>2022-01-26T07:49:33Z</time>
      </trkpt>
      <trkpt lat="-33.648556340485811" lon="24.337719865143299">
        <ele>382.74000000000001</ele>
        <time>2022-01-26T07:49:34Z</time>
      </trkpt>
      <trkpt lat="-33.648605793714523" lon="24.337721038609743">
        <ele>382.25999999999999</ele>
        <time>2022-01-26T07:49:35Z</time>
      </trkpt>
      <trkpt lat="-33.648896645754576" lon="24.337749453261495">
        <ele>379.86000000000001</ele>
        <time>2022-01-26T07:49:41Z</time>
      </trkpt>
      <trkpt lat="-33.64893788471818" lon="24.337742915377021">
        <ele>379.38</ele>
        <time>2022-01-26T07:49:42Z</time>
      </trkpt>
      <trkpt lat="-33.648973004892468" lon="24.33772087097168">
        <ele>378.89999999999998</ele>
        <time>2022-01-26T07:49:43Z</time>
      </trkpt>
      <trkpt lat="-33.648999994620681" lon="24.337685415521264">
        <ele>378.89999999999998</ele>
        <time>2022-01-26T07:49:44Z</time>
      </trkpt>
      <trkpt lat="-33.649016423150897" lon="24.337639901787043">
        <ele>378.42000000000002</ele>
        <time>2022-01-26T07:49:45Z</time>
      </trkpt>
      <trkpt lat="-33.649021619930863" lon="24.337590113282204">
        <ele>378.42000000000002</ele>
        <time>2022-01-26T07:49:46Z</time>
      </trkpt>
      <trkpt lat="-33.649016339331865" lon="24.337538480758667">
        <ele>378.42000000000002</ele>
        <time>2022-01-26T07:49:47Z</time>
      </trkpt>
      <trkpt lat="-33.64900485612452" lon="24.337484082207084">
        <ele>378.42000000000002</ele>
        <time>2022-01-26T07:49:48Z</time>
      </trkpt>
      <trkpt lat="-33.648984152823687" lon="24.337360532954335">
        <ele>377.94</ele>
        <time>2022-01-26T07:49:50Z</time>
      </trkpt>
      <trkpt lat="-33.648981805890799" lon="24.337293142452836">
        <ele>377.94</ele>
        <time>2022-01-26T07:49:51Z</time>
      </trkpt>
      <trkpt lat="-33.648988092318177" lon="24.33722541667521">
        <ele>377.44999999999999</ele>
        <time>2022-01-26T07:49:52Z</time>
      </trkpt>
      <trkpt lat="-33.649003012105823" lon="24.337159702554345">
        <ele>377.44999999999999</ele>
        <time>2022-01-26T07:49:53Z</time>
      </trkpt>
      <trkpt lat="-33.6490248888731" lon="24.337098011747003">
        <ele>376.97000000000003</ele>
        <time>2022-01-26T07:49:54Z</time>
      </trkpt>
      <trkpt lat="-33.649051459506154" lon="24.337043445557356">
        <ele>376.97000000000003</ele>
        <time>2022-01-26T07:49:55Z</time>
      </trkpt>
      <trkpt lat="-33.649081969633698" lon="24.336994243785739">
        <ele>376.49000000000001</ele>
        <time>2022-01-26T07:49:56Z</time>
      </trkpt>
      <trkpt lat="-33.649113234132528" lon="24.336946634575725">
        <ele>376.00999999999999</ele>
        <time>2022-01-26T07:49:57Z</time>
      </trkpt>
      <trkpt lat="-33.649263186380267" lon="24.336771788075566">
        <ele>374.08999999999997</ele>
        <time>2022-01-26T07:50:01Z</time>
      </trkpt>
      <trkpt lat="-33.649308364838362" lon="24.336737925186753">
        <ele>373.61000000000001</ele>
        <time>2022-01-26T07:50:02Z</time>
      </trkpt>
      <trkpt lat="-33.649355303496122" lon="24.336710013449192">
        <ele>373.13</ele>
        <time>2022-01-26T07:50:03Z</time>
      </trkpt>
      <trkpt lat="-33.649403918534517" lon="24.336685203015804">
        <ele>372.64999999999998</ele>
        <time>2022-01-26T07:50:04Z</time>
      </trkpt>
      <trkpt lat="-33.649454293772578" lon="24.336663661524653">
        <ele>371.69</ele>
        <time>2022-01-26T07:50:05Z</time>
      </trkpt>
      <trkpt lat="-33.649668535217643" lon="24.336545560508966">
        <ele>368.80000000000001</ele>
        <time>2022-01-26T07:50:09Z</time>
      </trkpt>
      <trkpt lat="-33.65013456903398" lon="24.336065780371428">
        <ele>361.58999999999997</ele>
        <time>2022-01-26T07:50:19Z</time>
      </trkpt>
      <trkpt lat="-33.650338500738144" lon="24.335652301087976">
        <ele>353.89999999999998</ele>
        <time>2022-01-26T07:50:31Z</time>
      </trkpt>
      <trkpt lat="-33.65029969252646" lon="24.335594298318028">
        <ele>353.89999999999998</ele>
        <time>2022-01-26T07:50:33Z</time>
      </trkpt>
      <trkpt lat="-33.650272702798247" lon="24.335580132901669">
        <ele>353.42000000000002</ele>
        <time>2022-01-26T07:50:34Z</time>
      </trkpt>
      <trkpt lat="-33.65024353377521" lon="24.335570326074958">
        <ele>353.42000000000002</ele>
        <time>2022-01-26T07:50:35Z</time>
      </trkpt>
      <trkpt lat="-33.650211514905095" lon="24.335566889494658">
        <ele>353.42000000000002</ele>
        <time>2022-01-26T07:50:36Z</time>
      </trkpt>
      <trkpt lat="-33.650181256234646" lon="24.335570828989148">
        <ele>353.42000000000002</ele>
        <time>2022-01-26T07:50:37Z</time>
      </trkpt>
      <trkpt lat="-33.650146974250674" lon="24.335580719634891">
        <ele>353.42000000000002</ele>
        <time>2022-01-26T07:50:38Z</time>
      </trkpt>
      <trkpt lat="-33.650105902925134" lon="24.335597399622202">
        <ele>353.89999999999998</ele>
        <time>2022-01-26T07:50:39Z</time>
      </trkpt>
      <trkpt lat="-33.650061311200261" lon="24.335619444027543">
        <ele>353.89999999999998</ele>
        <time>2022-01-26T07:50:40Z</time>
      </trkpt>
      <trkpt lat="-33.649782445281744" lon="24.335739891976118">
        <ele>352.94</ele>
        <time>2022-01-26T07:50:46Z</time>
      </trkpt>
      <trkpt lat="-33.64974120631814" lon="24.335748609155416">
        <ele>352.94</ele>
        <time>2022-01-26T07:50:47Z</time>
      </trkpt>
      <trkpt lat="-33.649581363424659" lon="24.335772581398487">
        <ele>351.98000000000002</ele>
        <time>2022-01-26T07:50:51Z</time>
      </trkpt>
      <trkpt lat="-33.648838559165597" lon="24.335857322439551">
        <ele>346.20999999999998</ele>
        <time>2022-01-26T07:51:06Z</time>
      </trkpt>
      <trkpt lat="-33.648359701037407" lon="24.335807366296649">
        <ele>344.76999999999998</ele>
        <time>2022-01-26T07:51:16Z</time>
      </trkpt>
      <trkpt lat="-33.647823007777333" lon="24.335665795952082">
        <ele>340.44</ele>
        <time>2022-01-26T07:51:25Z</time>
      </trkpt>
      <trkpt lat="-33.647771961987019" lon="24.335632184520364">
        <ele>339.95999999999998</ele>
        <time>2022-01-26T07:51:26Z</time>
      </trkpt>
      <trkpt lat="-33.647722089663148" lon="24.335592873394489">
        <ele>339.48000000000002</ele>
        <time>2022-01-26T07:51:27Z</time>
      </trkpt>
      <trkpt lat="-33.647236693650484" lon="24.335155254229903">
        <ele>334.68000000000001</ele>
        <time>2022-01-26T07:51:37Z</time>
      </trkpt>
      <trkpt lat="-33.647204674780369" lon="24.335108231753111">
        <ele>333.70999999999998</ele>
        <time>2022-01-26T07:51:38Z</time>
      </trkpt>
      <trkpt lat="-33.647185396403074" lon="24.335053581744432">
        <ele>333.70999999999998</ele>
        <time>2022-01-26T07:51:39Z</time>
      </trkpt>
      <trkpt lat="-33.647174751386046" lon="24.334993064403534">
        <ele>333.23000000000002</ele>
        <time>2022-01-26T07:51:40Z</time>
      </trkpt>
      <trkpt lat="-33.647168967872858" lon="24.334932630881667">
        <ele>332.26999999999998</ele>
        <time>2022-01-26T07:51:41Z</time>
      </trkpt>
      <trkpt lat="-33.647165447473526" lon="24.334876472130418">
        <ele>332.26999999999998</ele>
        <time>2022-01-26T07:51:42Z</time>
      </trkpt>
      <trkpt lat="-33.647161675617099" lon="24.334821905940771">
        <ele>331.79000000000002</ele>
        <time>2022-01-26T07:51:43Z</time>
      </trkpt>
      <trkpt lat="-33.647237615659833" lon="24.334407420828938">
        <ele>328.91000000000003</ele>
        <time>2022-01-26T07:51:52Z</time>
      </trkpt>
      <trkpt lat="-33.647245494648814" lon="24.334344388917089">
        <ele>328.43000000000001</ele>
        <time>2022-01-26T07:51:53Z</time>
      </trkpt>
      <trkpt lat="-33.647242560982704" lon="24.334279177710414">
        <ele>327.94999999999999</ele>
        <time>2022-01-26T07:51:54Z</time>
      </trkpt>
      <trkpt lat="-33.647230491042137" lon="24.334217570722103">
        <ele>327.94999999999999</ele>
        <time>2022-01-26T07:51:55Z</time>
      </trkpt>
      <trkpt lat="-33.647216409444809" lon="24.334158143028617">
        <ele>327.47000000000003</ele>
        <time>2022-01-26T07:51:56Z</time>
      </trkpt>
      <trkpt lat="-33.647152036428452" lon="24.33390568010509">
        <ele>325.54000000000002</ele>
        <time>2022-01-26T07:52:00Z</time>
      </trkpt>
      <trkpt lat="-33.647123873233795" lon="24.333843821659684">
        <ele>325.06</ele>
        <time>2022-01-26T07:52:01Z</time>
      </trkpt>
      <trkpt lat="-33.647007448598742" lon="24.333620360121131">
        <ele>323.13999999999999</ele>
        <time>2022-01-26T07:52:05Z</time>
      </trkpt>
      <trkpt lat="-33.646920025348663" lon="24.333239402621984">
        <ele>319.77999999999997</ele>
        <time>2022-01-26T07:52:13Z</time>
      </trkpt>
      <trkpt lat="-33.646914074197412" lon="24.333177376538515">
        <ele>319.30000000000001</ele>
        <time>2022-01-26T07:52:14Z</time>
      </trkpt>
      <trkpt lat="-33.646903345361352" lon="24.333114763721824">
        <ele>318.81</ele>
        <time>2022-01-26T07:52:15Z</time>
      </trkpt>
      <trkpt lat="-33.646849701181054" lon="24.332918291911483">
        <ele>316.41000000000003</ele>
        <time>2022-01-26T07:52:23Z</time>
      </trkpt>
      <trkpt lat="-33.646785663440824" lon="24.332832796499133">
        <ele>314.97000000000003</ele>
        <time>2022-01-26T07:52:37Z</time>
      </trkpt>
      <trkpt lat="-33.646743586286902" lon="24.33278233744204">
        <ele>314.97000000000003</ele>
        <time>2022-01-26T07:52:38Z</time>
      </trkpt>
      <trkpt lat="-33.646696312353015" lon="24.332735063508153">
        <ele>314.49000000000001</ele>
        <time>2022-01-26T07:52:39Z</time>
      </trkpt>
      <trkpt lat="-33.64655239507556" lon="24.33258879929781">
        <ele>314.49000000000001</ele>
        <time>2022-01-26T07:52:42Z</time>
      </trkpt>
      <trkpt lat="-33.646520460024476" lon="24.332535741850734">
        <ele>314.00999999999999</ele>
        <time>2022-01-26T07:52:43Z</time>
      </trkpt>
      <trkpt lat="-33.646498918533325" lon="24.332482684403658">
        <ele>314.00999999999999</ele>
        <time>2022-01-26T07:52:44Z</time>
      </trkpt>
      <trkpt lat="-33.646488692611456" lon="24.332430213689804">
        <ele>314.00999999999999</ele>
        <time>2022-01-26T07:52:45Z</time>
      </trkpt>
      <trkpt lat="-33.646486764773726" lon="24.332377491518855">
        <ele>314.00999999999999</ele>
        <time>2022-01-26T07:52:46Z</time>
      </trkpt>
      <trkpt lat="-33.646489949896932" lon="24.332323260605335">
        <ele>313.52999999999997</ele>
        <time>2022-01-26T07:52:47Z</time>
      </trkpt>
      <trkpt lat="-33.646495817229152" lon="24.332268694415689">
        <ele>313.05000000000001</ele>
        <time>2022-01-26T07:52:48Z</time>
      </trkpt>
      <trkpt lat="-33.646563878282905" lon="24.33137996122241">
        <ele>306.31999999999999</ele>
        <time>2022-01-26T07:53:02Z</time>
      </trkpt>
      <trkpt lat="-33.646531272679567" lon="24.331071004271507">
        <ele>302.94999999999999</ele>
        <time>2022-01-26T07:53:07Z</time>
      </trkpt>
      <trkpt lat="-33.646514760330319" lon="24.331011492758989">
        <ele>302.47000000000003</ele>
        <time>2022-01-26T07:53:08Z</time>
      </trkpt>
      <trkpt lat="-33.646491207182407" lon="24.33095483109355">
        <ele>301.99000000000001</ele>
        <time>2022-01-26T07:53:09Z</time>
      </trkpt>
      <trkpt lat="-33.646460361778736" lon="24.330902360379696">
        <ele>301.02999999999997</ele>
        <time>2022-01-26T07:53:10Z</time>
      </trkpt>
      <trkpt lat="-33.646422056481242" lon="24.330859445035458">
        <ele>300.55000000000001</ele>
        <time>2022-01-26T07:53:11Z</time>
      </trkpt>
      <trkpt lat="-33.646380063146353" lon="24.330825163051486">
        <ele>299.58999999999997</ele>
        <time>2022-01-26T07:53:12Z</time>
      </trkpt>
      <trkpt lat="-33.646338321268559" lon="24.330794820562005">
        <ele>299.11000000000001</ele>
        <time>2022-01-26T07:53:13Z</time>
      </trkpt>
      <trkpt lat="-33.646261375397444" lon="24.330727094784379">
        <ele>298.14999999999998</ele>
        <time>2022-01-26T07:53:15Z</time>
      </trkpt>
      <trkpt lat="-33.646131120622158" lon="24.330610083416104">
        <ele>296.69999999999999</ele>
        <time>2022-01-26T07:53:18Z</time>
      </trkpt>
      <trkpt lat="-33.645924674347043" lon="24.330458035692573">
        <ele>295.25999999999999</ele>
        <time>2022-01-26T07:53:22Z</time>
      </trkpt>
      <trkpt lat="-33.645812692120671" lon="24.330339431762695">
        <ele>294.77999999999997</ele>
        <time>2022-01-26T07:53:25Z</time>
      </trkpt>
      <trkpt lat="-33.645781092345715" lon="24.330290397629142">
        <ele>294.77999999999997</ele>
        <time>2022-01-26T07:53:26Z</time>
      </trkpt>
      <trkpt lat="-33.64575108513236" lon="24.3302355799824">
        <ele>294.77999999999997</ele>
        <time>2022-01-26T07:53:27Z</time>
      </trkpt>
      <trkpt lat="-33.645724346861243" lon="24.330174475908279">
        <ele>294.77999999999997</ele>
        <time>2022-01-26T07:53:28Z</time>
      </trkpt>
      <trkpt lat="-33.645703978836536" lon="24.33010364882648">
        <ele>294.30000000000001</ele>
        <time>2022-01-26T07:53:29Z</time>
      </trkpt>
      <trkpt lat="-33.645690986886621" lon="24.330030055716634">
        <ele>294.30000000000001</ele>
        <time>2022-01-26T07:53:30Z</time>
      </trkpt>
      <trkpt lat="-33.645681934431195" lon="24.329960402101278">
        <ele>293.81999999999999</ele>
        <time>2022-01-26T07:53:31Z</time>
      </trkpt>
      <trkpt lat="-33.645669613033533" lon="24.329895190894604">
        <ele>293.33999999999997</ele>
        <time>2022-01-26T07:53:32Z</time>
      </trkpt>
      <trkpt lat="-33.645462077111006" lon="24.329281384125352">
        <ele>289.97000000000003</ele>
        <time>2022-01-26T07:53:41Z</time>
      </trkpt>
      <trkpt lat="-33.645428633317351" lon="24.32923729531467">
        <ele>289.49000000000001</ele>
        <time>2022-01-26T07:53:42Z</time>
      </trkpt>
      <trkpt lat="-33.645394183695316" lon="24.32920603081584">
        <ele>289.00999999999999</ele>
        <time>2022-01-26T07:53:43Z</time>
      </trkpt>
      <trkpt lat="-33.645358392968774" lon="24.329189267009497">
        <ele>289.00999999999999</ele>
        <time>2022-01-26T07:53:44Z</time>
      </trkpt>
      <trkpt lat="-33.645324530079961" lon="24.32918013073504">
        <ele>289.00999999999999</ele>
        <time>2022-01-26T07:53:45Z</time>
      </trkpt>
      <trkpt lat="-33.645292930305004" lon="24.329173173755407">
        <ele>289.00999999999999</ele>
        <time>2022-01-26T07:53:46Z</time>
      </trkpt>
      <trkpt lat="-33.645257642492652" lon="24.329173341393471">
        <ele>289.00999999999999</ele>
        <time>2022-01-26T07:53:47Z</time>
      </trkpt>
      <trkpt lat="-33.645216235890985" lon="24.329181471839547">
        <ele>289.00999999999999</ele>
        <time>2022-01-26T07:53:48Z</time>
      </trkpt>
      <trkpt lat="-33.645171727985144" lon="24.329193793237209">
        <ele>289.49000000000001</ele>
        <time>2022-01-26T07:53:49Z</time>
      </trkpt>
      <trkpt lat="-33.645088076591492" lon="24.329228075221181">
        <ele>289.00999999999999</ele>
        <time>2022-01-26T07:53:51Z</time>
      </trkpt>
      <trkpt lat="-33.645012555643916" lon="24.329281551763415">
        <ele>288.52999999999997</ele>
        <time>2022-01-26T07:53:53Z</time>
      </trkpt>
      <trkpt lat="-33.64497416652739" lon="24.329318767413497">
        <ele>288.05000000000001</ele>
        <time>2022-01-26T07:53:54Z</time>
      </trkpt>
      <trkpt lat="-33.64493653178215" lon="24.329356737434864">
        <ele>287.56999999999999</ele>
        <time>2022-01-26T07:53:55Z</time>
      </trkpt>
      <trkpt lat="-33.644900657236576" lon="24.329385403543711">
        <ele>287.08999999999997</ele>
        <time>2022-01-26T07:53:56Z</time>
      </trkpt>
      <trkpt lat="-33.644862435758114" lon="24.329408453777432">
        <ele>287.08999999999997</ele>
        <time>2022-01-26T07:53:57Z</time>
      </trkpt>
      <trkpt lat="-33.64482119679451" lon="24.329426726326346">
        <ele>286.61000000000001</ele>
        <time>2022-01-26T07:53:58Z</time>
      </trkpt>
      <trkpt lat="-33.644778868183494" lon="24.329438712447882">
        <ele>286.61000000000001</ele>
        <time>2022-01-26T07:53:59Z</time>
      </trkpt>
      <trkpt lat="-33.644735030829906" lon="24.329444160684943">
        <ele>286.61000000000001</ele>
        <time>2022-01-26T07:54:00Z</time>
      </trkpt>
      <trkpt lat="-33.644689349457622" lon="24.329441478475928">
        <ele>286.61000000000001</ele>
        <time>2022-01-26T07:54:01Z</time>
      </trkpt>
      <trkpt lat="-33.644639560952783" lon="24.329429576173425">
        <ele>286.61000000000001</ele>
        <time>2022-01-26T07:54:02Z</time>
      </trkpt>
      <trkpt lat="-33.644586084410548" lon="24.329411890357733">
        <ele>287.08999999999997</ele>
        <time>2022-01-26T07:54:03Z</time>
      </trkpt>
      <trkpt lat="-33.644526908174157" lon="24.329388001933694">
        <ele>287.08999999999997</ele>
        <time>2022-01-26T07:54:04Z</time>
      </trkpt>
      <trkpt lat="-33.644312666729093" lon="24.329292112961411">
        <ele>287.08999999999997</ele>
        <time>2022-01-26T07:54:07Z</time>
      </trkpt>
      <trkpt lat="-33.644236139953136" lon="24.329271661117673">
        <ele>287.08999999999997</ele>
        <time>2022-01-26T07:54:08Z</time>
      </trkpt>
      <trkpt lat="-33.644158355891705" lon="24.32925833389163">
        <ele>286.61000000000001</ele>
        <time>2022-01-26T07:54:09Z</time>
      </trkpt>
      <trkpt lat="-33.643933050334454" lon="24.329208880662918">
        <ele>286.13</ele>
        <time>2022-01-26T07:54:12Z</time>
      </trkpt>
      <trkpt lat="-33.64386884495616" lon="24.329176945611835">
        <ele>286.13</ele>
        <time>2022-01-26T07:54:13Z</time>
      </trkpt>
      <trkpt lat="-33.643805980682373" lon="24.329136041924357">
        <ele>285.64999999999998</ele>
        <time>2022-01-26T07:54:14Z</time>
      </trkpt>
      <trkpt lat="-33.643742110580206" lon="24.329085666686296">
        <ele>285.17000000000002</ele>
        <time>2022-01-26T07:54:15Z</time>
      </trkpt>
      <trkpt lat="-33.643680503591895" lon="24.32902816683054">
        <ele>284.69</ele>
        <time>2022-01-26T07:54:16Z</time>
      </trkpt>
      <trkpt lat="-33.643620908260345" lon="24.328962955623865">
        <ele>284.20999999999998</ele>
        <time>2022-01-26T07:54:17Z</time>
      </trkpt>
      <trkpt lat="-33.643566593527794" lon="24.328900007531047">
        <ele>283.73000000000002</ele>
        <time>2022-01-26T07:54:18Z</time>
      </trkpt>
      <trkpt lat="-33.643310610204935" lon="24.328675623983145">
        <ele>281.80000000000001</ele>
        <time>2022-01-26T07:54:22Z</time>
      </trkpt>
      <trkpt lat="-33.643239447847009" lon="24.328636815771461">
        <ele>281.31999999999999</ele>
        <time>2022-01-26T07:54:23Z</time>
      </trkpt>
      <trkpt lat="-33.643098212778568" lon="24.328574119135737">
        <ele>279.88</ele>
        <time>2022-01-26T07:54:25Z</time>
      </trkpt>
      <trkpt lat="-33.64303182810545" lon="24.328533634543419">
        <ele>278.92000000000002</ele>
        <time>2022-01-26T07:54:26Z</time>
      </trkpt>
      <trkpt lat="-33.642971394583583" lon="24.328488120809197">
        <ele>278.44</ele>
        <time>2022-01-26T07:54:27Z</time>
      </trkpt>
      <trkpt lat="-33.642915654927492" lon="24.328436572104692">
        <ele>277.95999999999998</ele>
        <time>2022-01-26T07:54:28Z</time>
      </trkpt>
      <trkpt lat="-33.64286276511848" lon="24.328381754457951">
        <ele>277.48000000000002</ele>
        <time>2022-01-26T07:54:29Z</time>
      </trkpt>
      <trkpt lat="-33.642640141770244" lon="24.328145468607545">
        <ele>274.58999999999997</ele>
        <time>2022-01-26T07:54:34Z</time>
      </trkpt>
      <trkpt lat="-33.642595466226339" lon="24.328081766143441">
        <ele>274.11000000000001</ele>
        <time>2022-01-26T07:54:35Z</time>
      </trkpt>
      <trkpt lat="-33.642035303637385" lon="24.327228656038642">
        <ele>267.86000000000001</ele>
        <time>2022-01-26T07:54:45Z</time>
      </trkpt>
      <trkpt lat="-33.641469273716211" lon="24.326547291129827">
        <ele>261.13999999999999</ele>
        <time>2022-01-26T07:54:56Z</time>
      </trkpt>
      <trkpt lat="-33.641323344781995" lon="24.326386274769902">
        <ele>259.20999999999998</ele>
        <time>2022-01-26T07:55:00Z</time>
      </trkpt>
      <trkpt lat="-33.641118155792356" lon="24.326200028881431">
        <ele>256.81</ele>
        <time>2022-01-26T07:55:05Z</time>
      </trkpt>
      <trkpt lat="-33.640870973467827" lon="24.325783364474773">
        <ele>252.47999999999999</ele>
        <time>2022-01-26T07:55:14Z</time>
      </trkpt>
      <trkpt lat="-33.640808779746294" lon="24.325634837150574">
        <ele>251.52000000000001</ele>
        <time>2022-01-26T07:55:17Z</time>
      </trkpt>
      <trkpt lat="-33.640427822247148" lon="24.324963865801692">
        <ele>247.68000000000001</ele>
        <time>2022-01-26T07:55:26Z</time>
      </trkpt>
      <trkpt lat="-33.640288850292563" lon="24.32473068125546">
        <ele>246.72</ele>
        <time>2022-01-26T07:55:29Z</time>
      </trkpt>
      <trkpt lat="-33.640245264396071" lon="24.32467988692224">
        <ele>246.72</ele>
        <time>2022-01-26T07:55:30Z</time>
      </trkpt>
      <trkpt lat="-33.640202768146992" lon="24.324647197499871">
        <ele>246.72</ele>
        <time>2022-01-26T07:55:31Z</time>
      </trkpt>
      <trkpt lat="-33.640156416222453" lon="24.324629176408052">
        <ele>246.72</ele>
        <time>2022-01-26T07:55:32Z</time>
      </trkpt>
      <trkpt lat="-33.640097323805094" lon="24.324617609381676">
        <ele>246.72</ele>
        <time>2022-01-26T07:55:33Z</time>
      </trkpt>
      <trkpt lat="-33.640037979930639" lon="24.32461149059236">
        <ele>247.19999999999999</ele>
        <time>2022-01-26T07:55:34Z</time>
      </trkpt>
      <trkpt lat="-33.639980563893914" lon="24.324608389288187">
        <ele>247.19999999999999</ele>
        <time>2022-01-26T07:55:35Z</time>
      </trkpt>
      <trkpt lat="-33.639768501743674" lon="24.324602941051126">
        <ele>246.72</ele>
        <time>2022-01-26T07:55:39Z</time>
      </trkpt>
      <trkpt lat="-33.639715779572725" lon="24.324589613825083">
        <ele>246.22999999999999</ele>
        <time>2022-01-26T07:55:40Z</time>
      </trkpt>
      <trkpt lat="-33.639666493982077" lon="24.324568156152964">
        <ele>246.22999999999999</ele>
        <time>2022-01-26T07:55:41Z</time>
      </trkpt>
      <trkpt lat="-33.639612598344684" lon="24.324537813663483">
        <ele>245.75</ele>
        <time>2022-01-26T07:55:42Z</time>
      </trkpt>
      <trkpt lat="-33.639564737677574" lon="24.324502609670162">
        <ele>245.27000000000001</ele>
        <time>2022-01-26T07:55:43Z</time>
      </trkpt>
      <trkpt lat="-33.639519810676575" lon="24.324459359049797">
        <ele>245.27000000000001</ele>
        <time>2022-01-26T07:55:44Z</time>
      </trkpt>
      <trkpt lat="-33.639477733522654" lon="24.324409989640117">
        <ele>244.78999999999999</ele>
        <time>2022-01-26T07:55:45Z</time>
      </trkpt>
      <trkpt lat="-33.639440601691604" lon="24.324359279125929">
        <ele>244.78999999999999</ele>
        <time>2022-01-26T07:55:46Z</time>
      </trkpt>
      <trkpt lat="-33.639405313879251" lon="24.324304796755314">
        <ele>244.31</ele>
        <time>2022-01-26T07:55:47Z</time>
      </trkpt>
      <trkpt lat="-33.639374636113644" lon="24.324249979108572">
        <ele>243.83000000000001</ele>
        <time>2022-01-26T07:55:48Z</time>
      </trkpt>
      <trkpt lat="-33.639345047995448" lon="24.324191305786371">
        <ele>243.34999999999999</ele>
        <time>2022-01-26T07:55:49Z</time>
      </trkpt>
      <trkpt lat="-33.639317136257887" lon="24.324122993275523">
        <ele>242.87</ele>
        <time>2022-01-26T07:55:50Z</time>
      </trkpt>
      <trkpt lat="-33.639046819880605" lon="24.323318749666214">
        <ele>238.53999999999999</ele>
        <time>2022-01-26T07:55:59Z</time>
      </trkpt>
      <trkpt lat="-33.638883456587791" lon="24.32295698672533">
        <ele>236.13999999999999</ele>
        <time>2022-01-26T07:56:04Z</time>
      </trkpt>
      <trkpt lat="-33.638847330585122" lon="24.322900073602796">
        <ele>235.66</ele>
        <time>2022-01-26T07:56:05Z</time>
      </trkpt>
      <trkpt lat="-33.638805085793138" lon="24.322846094146371">
        <ele>235.18000000000001</ele>
        <time>2022-01-26T07:56:06Z</time>
      </trkpt>
      <trkpt lat="-33.638758733868599" lon="24.322798233479261">
        <ele>234.69999999999999</ele>
        <time>2022-01-26T07:56:07Z</time>
      </trkpt>
      <trkpt lat="-33.63870844244957" lon="24.322751294821501">
        <ele>234.22</ele>
        <time>2022-01-26T07:56:08Z</time>
      </trkpt>
      <trkpt lat="-33.638609368354082" lon="24.32266185991466">
        <ele>233.25999999999999</ele>
        <time>2022-01-26T07:56:10Z</time>
      </trkpt>
      <trkpt lat="-33.638401497155428" lon="24.322424316778779">
        <ele>231.81</ele>
        <time>2022-01-26T07:56:15Z</time>
      </trkpt>
      <trkpt lat="-33.638354642316699" lon="24.322383580729365">
        <ele>231.33000000000001</ele>
        <time>2022-01-26T07:56:16Z</time>
      </trkpt>
      <trkpt lat="-33.638307116925716" lon="24.322352902963758">
        <ele>231.33000000000001</ele>
        <time>2022-01-26T07:56:17Z</time>
      </trkpt>
      <trkpt lat="-33.638250874355435" lon="24.322331948205829">
        <ele>231.33000000000001</ele>
        <time>2022-01-26T07:56:18Z</time>
      </trkpt>
      <trkpt lat="-33.638198906555772" lon="24.322325577959418">
        <ele>231.33000000000001</ele>
        <time>2022-01-26T07:56:19Z</time>
      </trkpt>
      <trkpt lat="-33.638147860765457" lon="24.322318537160754">
        <ele>231.33000000000001</ele>
        <time>2022-01-26T07:56:20Z</time>
      </trkpt>
      <trkpt lat="-33.638100335374475" lon="24.322308814153075">
        <ele>231.33000000000001</ele>
        <time>2022-01-26T07:56:21Z</time>
      </trkpt>
      <trkpt lat="-33.638045350089669" lon="24.322291128337383">
        <ele>230.84999999999999</ele>
        <time>2022-01-26T07:56:22Z</time>
      </trkpt>
      <trkpt lat="-33.637993717566133" lon="24.322265647351742">
        <ele>230.84999999999999</ele>
        <time>2022-01-26T07:56:23Z</time>
      </trkpt>
      <trkpt lat="-33.637724155560136" lon="24.32207110337913">
        <ele>229.88999999999999</ele>
        <time>2022-01-26T07:56:28Z</time>
      </trkpt>
      <trkpt lat="-33.637680234387517" lon="24.322018045932055">
        <ele>229.88999999999999</ele>
        <time>2022-01-26T07:56:29Z</time>
      </trkpt>
      <trkpt lat="-33.63750689662993" lon="24.321789471432567">
        <ele>228.44999999999999</ele>
        <time>2022-01-26T07:56:34Z</time>
      </trkpt>
      <trkpt lat="-33.637300534173846" lon="24.321575481444597">
        <ele>226.05000000000001</ele>
        <time>2022-01-26T07:56:41Z</time>
      </trkpt>
      <trkpt lat="-33.637251667678356" lon="24.321569195017219">
        <ele>226.05000000000001</ele>
        <time>2022-01-26T07:56:42Z</time>
      </trkpt>
      <trkpt lat="-33.63678865134716" lon="24.321526950225234">
        <ele>224.61000000000001</ele>
        <time>2022-01-26T07:56:50Z</time>
      </trkpt>
      <trkpt lat="-33.636736683547497" lon="24.32150817476213">
        <ele>224.12</ele>
        <time>2022-01-26T07:56:51Z</time>
      </trkpt>
      <trkpt lat="-33.636287245899439" lon="24.321184968575835">
        <ele>220.75999999999999</ele>
        <time>2022-01-26T07:57:01Z</time>
      </trkpt>
      <trkpt lat="-33.636256735771894" lon="24.32113828137517">
        <ele>220.28</ele>
        <time>2022-01-26T07:57:02Z</time>
      </trkpt>
      <trkpt lat="-33.636232344433665" lon="24.321088995784521">
        <ele>220.28</ele>
        <time>2022-01-26T07:57:03Z</time>
      </trkpt>
      <trkpt lat="-33.636213568970561" lon="24.321036022156477">
        <ele>220.28</ele>
        <time>2022-01-26T07:57:04Z</time>
      </trkpt>
      <trkpt lat="-33.63619982264936" lon="24.320976762101054">
        <ele>219.80000000000001</ele>
        <time>2022-01-26T07:57:05Z</time>
      </trkpt>
      <trkpt lat="-33.636188004165888" lon="24.320907862856984">
        <ele>219.80000000000001</ele>
        <time>2022-01-26T07:57:06Z</time>
      </trkpt>
      <trkpt lat="-33.636163361370564" lon="24.320495976135135">
        <ele>218.36000000000001</ele>
        <time>2022-01-26T07:57:11Z</time>
      </trkpt>
      <trkpt lat="-33.636179119348526" lon="24.319564746692777">
        <ele>215.94999999999999</ele>
        <time>2022-01-26T07:57:22Z</time>
      </trkpt>
      <trkpt lat="-33.636178029701114" lon="24.319483358412981">
        <ele>215.94999999999999</ele>
        <time>2022-01-26T07:57:23Z</time>
      </trkpt>
      <trkpt lat="-33.636169983074069" lon="24.319405490532517">
        <ele>215.47</ele>
        <time>2022-01-26T07:57:24Z</time>
      </trkpt>
      <trkpt lat="-33.636155566200614" lon="24.319336423650384">
        <ele>215.47</ele>
        <time>2022-01-26T07:57:25Z</time>
      </trkpt>
      <trkpt lat="-33.636083230376244" lon="24.318704176694155">
        <ele>214.03</ele>
        <time>2022-01-26T07:57:34Z</time>
      </trkpt>
      <trkpt lat="-33.636221280321479" lon="24.317859448492527">
        <ele>211.63</ele>
        <time>2022-01-26T07:57:46Z</time>
      </trkpt>
    </trkseg>
  </trk>

</gpx>