<?xml version="1.0" encoding="utf-8"?><gpx creator="Garmin Desktop App" version="1.1" xsi:schemaLocation="http://www.topografix.com/GPX/1/1 http://www.topografix.com/GPX/1/1/gpx.xsd http://www.garmin.com/xmlschemas/WaypointExtension/v1 http://www8.garmin.com/xmlschemas/WaypointExtensionv1.xsd http://www.garmin.com/xmlschemas/TrackPointExtension/v1 http://www.garmin.com/xmlschemas/TrackPointExtensionv1.xsd http://www.garmin.com/xmlschemas/GpxExtensions/v3 http://www8.garmin.com/xmlschemas/GpxExtensionsv3.xsd http://www.garmin.com/xmlschemas/ActivityExtension/v1 http://www8.garmin.com/xmlschemas/ActivityExtensionv1.xsd http://www.garmin.com/xmlschemas/AdventuresExtensions/v1 http://www8.garmin.com/xmlschemas/AdventuresExtensionv1.xsd http://www.garmin.com/xmlschemas/PressureExtension/v1 http://www.garmin.com/xmlschemas/PressureExtensionv1.xsd http://www.garmin.com/xmlschemas/TripExtensions/v1 http://www.garmin.com/xmlschemas/TripExtensionsv1.xsd http://www.garmin.com/xmlschemas/TripMetaDataExtensions/v1 http://www.garmin.com/xmlschemas/TripMetaDataExtensionsv1.xsd http://www.garmin.com/xmlschemas/ViaPointTransportationModeExtensions/v1 http://www.garmin.com/xmlschemas/ViaPointTransportationModeExtensionsv1.xsd http://www.garmin.com/xmlschemas/CreationTimeExtension/v1 http://www.garmin.com/xmlschemas/CreationTimeExtensionsv1.xsd http://www.garmin.com/xmlschemas/AccelerationExtension/v1 http://www.garmin.com/xmlschemas/AccelerationExtensionv1.xsd http://www.garmin.com/xmlschemas/PowerExtension/v1 http://www.garmin.com/xmlschemas/PowerExtensionv1.xsd http://www.garmin.com/xmlschemas/VideoExtension/v1 http://www.garmin.com/xmlschemas/VideoExtensionv1.xsd" xmlns="http://www.topografix.com/GPX/1/1" xmlns:xsi="http://www.w3.org/2001/XMLSchema-instance" xmlns:wptx1="http://www.garmin.com/xmlschemas/WaypointExtension/v1" xmlns:gpxtrx="http://www.garmin.com/xmlschemas/GpxExtensions/v3" xmlns:gpxtpx="http://www.garmin.com/xmlschemas/TrackPointExtension/v1" xmlns:gpxx="http://www.garmin.com/xmlschemas/GpxExtensions/v3" xmlns:trp="http://www.garmin.com/xmlschemas/TripExtensions/v1" xmlns:adv="http://www.garmin.com/xmlschemas/AdventuresExtensions/v1" xmlns:prs="http://www.garmin.com/xmlschemas/PressureExtension/v1" xmlns:tmd="http://www.garmin.com/xmlschemas/TripMetaDataExtensions/v1" xmlns:vptm="http://www.garmin.com/xmlschemas/ViaPointTransportationModeExtensions/v1" xmlns:ctx="http://www.garmin.com/xmlschemas/CreationTimeExtension/v1" xmlns:gpxacc="http://www.garmin.com/xmlschemas/AccelerationExtension/v1" xmlns:gpxpx="http://www.garmin.com/xmlschemas/PowerExtension/v1" xmlns:vidx1="http://www.garmin.com/xmlschemas/VideoExtension/v1">

  <metadata>
    <link href="http://www.garmin.com">
      <text>Garmin International</text>
    </link>
    <time>2022-07-02T19:26:24Z</time>
    <bounds maxlat="-33.339175013825297" maxlon="22.038174569606781" minlat="-33.353231968358159" minlon="21.766768293455243" />
  </metadata>

  <trk>
    <name>[253] Gamkaskloof</name>
    <extensions>
      <gpxx:TrackExtension>
        <gpxx:DisplayColor>Red</gpxx:DisplayColor>
      </gpxx:TrackExtension>
    </extensions>
    <trkseg>
      <trkpt lat="-33.339175013825297" lon="22.038174569606781">
        <ele>1366.1700000000001</ele>
        <time>2022-01-27T08:59:53Z</time>
      </trkpt>
      <trkpt lat="-33.339722268283367" lon="22.037683725357056">
        <ele>1372.9000000000001</ele>
        <time>2022-01-27T09:00:05Z</time>
      </trkpt>
      <trkpt lat="-33.339891163632274" lon="22.037293128669262">
        <ele>1376.26</ele>
        <time>2022-01-27T09:00:12Z</time>
      </trkpt>
      <trkpt lat="-33.340214369818568" lon="22.036100886762142">
        <ele>1381.55</ele>
        <time>2022-01-27T09:00:25Z</time>
      </trkpt>
      <trkpt lat="-33.340548556298018" lon="22.034887773916125">
        <ele>1377.71</ele>
        <time>2022-01-27T09:00:40Z</time>
      </trkpt>
      <trkpt lat="-33.340723486617208" lon="22.034247061237693">
        <ele>1374.8199999999999</ele>
        <time>2022-01-27T09:00:53Z</time>
      </trkpt>
      <trkpt lat="-33.34072994068265" lon="22.034254353493452">
        <ele>1375.3</ele>
        <time>2022-01-27T09:01:10Z</time>
      </trkpt>
      <trkpt lat="-33.34074167534709" lon="22.034258795902133">
        <ele>1376.26</ele>
        <time>2022-01-27T09:01:53Z</time>
      </trkpt>
      <trkpt lat="-33.340738909319043" lon="22.034255610778928">
        <ele>1376.75</ele>
        <time>2022-01-27T09:02:48Z</time>
      </trkpt>
      <trkpt lat="-33.340732036158442" lon="22.034247564151883">
        <ele>1377.23</ele>
        <time>2022-01-27T09:03:27Z</time>
      </trkpt>
      <trkpt lat="-33.340728264302015" lon="22.034245803952217">
        <ele>1377.71</ele>
        <time>2022-01-27T09:04:02Z</time>
      </trkpt>
      <trkpt lat="-33.340716864913702" lon="22.034241026267409">
        <ele>1376.75</ele>
        <time>2022-01-27T09:04:50Z</time>
      </trkpt>
      <trkpt lat="-33.340718122199178" lon="22.034246055409312">
        <ele>1377.23</ele>
        <time>2022-01-27T09:05:32Z</time>
      </trkpt>
      <trkpt lat="-33.340715188533068" lon="22.034245803952217">
        <ele>1377.71</ele>
        <time>2022-01-27T09:06:14Z</time>
      </trkpt>
      <trkpt lat="-33.340729186311364" lon="22.034240271896124">
        <ele>1378.6700000000001</ele>
        <time>2022-01-27T09:07:05Z</time>
      </trkpt>
      <trkpt lat="-33.340722061693668" lon="22.03423909842968">
        <ele>1377.23</ele>
        <time>2022-01-27T09:07:42Z</time>
      </trkpt>
      <trkpt lat="-33.340731868520379" lon="22.034229291602969">
        <ele>1378.6700000000001</ele>
        <time>2022-01-27T09:08:24Z</time>
      </trkpt>
      <trkpt lat="-33.3407446090132" lon="22.034237757325172">
        <ele>1379.1500000000001</ele>
        <time>2022-01-27T09:08:59Z</time>
      </trkpt>
      <trkpt lat="-33.340738406404853" lon="22.034255946055055">
        <ele>1380.1099999999999</ele>
        <time>2022-01-27T09:09:46Z</time>
      </trkpt>
      <trkpt lat="-33.340736981481314" lon="22.034256784245372">
        <ele>1379.6300000000001</ele>
        <time>2022-01-27T09:10:21Z</time>
      </trkpt>
      <trkpt lat="-33.340728683397174" lon="22.034254604950547">
        <ele>1378.6700000000001</ele>
        <time>2022-01-27T09:11:03Z</time>
      </trkpt>
      <trkpt lat="-33.34073044359684" lon="22.034251838922501">
        <ele>1378.1900000000001</ele>
        <time>2022-01-27T09:11:34Z</time>
      </trkpt>
      <trkpt lat="-33.34072801284492" lon="22.034250078722835">
        <ele>1376.75</ele>
        <time>2022-01-27T09:12:11Z</time>
      </trkpt>
      <trkpt lat="-33.340725833550096" lon="22.034251922741532">
        <ele>1377.23</ele>
        <time>2022-01-27T09:12:41Z</time>
      </trkpt>
      <trkpt lat="-33.340720720589161" lon="22.034245049580932">
        <ele>1376.75</ele>
        <time>2022-01-27T09:13:13Z</time>
      </trkpt>
      <trkpt lat="-33.340716864913702" lon="22.034256616607308">
        <ele>1376.75</ele>
        <time>2022-01-27T09:13:51Z</time>
      </trkpt>
      <trkpt lat="-33.340723318979144" lon="22.034259885549545">
        <ele>1376.26</ele>
        <time>2022-01-27T09:14:17Z</time>
      </trkpt>
      <trkpt lat="-33.340724324807525" lon="22.034254185855389">
        <ele>1376.75</ele>
        <time>2022-01-27T09:14:50Z</time>
      </trkpt>
      <trkpt lat="-33.340723486617208" lon="22.034248737618327">
        <ele>1375.78</ele>
        <time>2022-01-27T09:15:18Z</time>
      </trkpt>
      <trkpt lat="-33.340720972046256" lon="22.034242283552885">
        <ele>1375.3</ele>
        <time>2022-01-27T09:15:59Z</time>
      </trkpt>
      <trkpt lat="-33.340713176876307" lon="22.034243121743202">
        <ele>1375.3</ele>
        <time>2022-01-27T09:16:36Z</time>
      </trkpt>
      <trkpt lat="-33.340708315372467" lon="22.034248150885105">
        <ele>1376.26</ele>
        <time>2022-01-27T09:17:18Z</time>
      </trkpt>
      <trkpt lat="-33.340711751952767" lon="22.034240942448378">
        <ele>1375.3</ele>
        <time>2022-01-27T09:17:47Z</time>
      </trkpt>
      <trkpt lat="-33.34071921184659" lon="22.034246977418661">
        <ele>1375.3</ele>
        <time>2022-01-27T09:18:19Z</time>
      </trkpt>
      <trkpt lat="-33.340725582093" lon="22.034241110086441">
        <ele>1374.8199999999999</ele>
        <time>2022-01-27T09:18:53Z</time>
      </trkpt>
      <trkpt lat="-33.340725498273969" lon="22.034241193905473">
        <ele>1374.8199999999999</ele>
        <time>2022-01-27T09:19:33Z</time>
      </trkpt>
      <trkpt lat="-33.340726587921381" lon="22.034248905256391">
        <ele>1375.78</ele>
        <time>2022-01-27T09:20:05Z</time>
      </trkpt>
      <trkpt lat="-33.340721977874637" lon="22.03425326384604">
        <ele>1375.78</ele>
        <time>2022-01-27T09:20:40Z</time>
      </trkpt>
      <trkpt lat="-33.340720636770129" lon="22.034251000732183">
        <ele>1375.78</ele>
        <time>2022-01-27T09:21:19Z</time>
      </trkpt>
      <trkpt lat="-33.340719882398844" lon="22.034254185855389">
        <ele>1375.78</ele>
        <time>2022-01-27T09:21:53Z</time>
      </trkpt>
      <trkpt lat="-33.340719882398844" lon="22.034251838922501">
        <ele>1375.3</ele>
        <time>2022-01-27T09:22:30Z</time>
      </trkpt>
      <trkpt lat="-33.340732036158442" lon="22.034249743446708">
        <ele>1375.3</ele>
        <time>2022-01-27T09:22:59Z</time>
      </trkpt>
      <trkpt lat="-33.340726420283318" lon="22.034253012388945">
        <ele>1375.78</ele>
        <time>2022-01-27T09:23:38Z</time>
      </trkpt>
      <trkpt lat="-33.340723738074303" lon="22.034251419827342">
        <ele>1376.26</ele>
        <time>2022-01-27T09:24:13Z</time>
      </trkpt>
      <trkpt lat="-33.34072507917881" lon="22.034251084551215">
        <ele>1376.26</ele>
        <time>2022-01-27T09:24:48Z</time>
      </trkpt>
      <trkpt lat="-33.340728599578142" lon="22.034248486161232">
        <ele>1376.75</ele>
        <time>2022-01-27T09:25:18Z</time>
      </trkpt>
      <trkpt lat="-33.340732958167791" lon="22.034248318523169">
        <ele>1376.26</ele>
        <time>2022-01-27T09:25:48Z</time>
      </trkpt>
      <trkpt lat="-33.340729353949428" lon="22.034245552495122">
        <ele>1373.8599999999999</ele>
        <time>2022-01-27T09:26:16Z</time>
      </trkpt>
      <trkpt lat="-33.34072507917881" lon="22.034249240532517">
        <ele>1373.3800000000001</ele>
        <time>2022-01-27T09:26:46Z</time>
      </trkpt>
      <trkpt lat="-33.340724827721715" lon="22.0342449657619">
        <ele>1373.3800000000001</ele>
        <time>2022-01-27T09:27:13Z</time>
      </trkpt>
      <trkpt lat="-33.340721726417542" lon="22.034245217218995">
        <ele>1373.3800000000001</ele>
        <time>2022-01-27T09:27:47Z</time>
      </trkpt>
      <trkpt lat="-33.340718206018209" lon="22.034242199733853">
        <ele>1373.3800000000001</ele>
        <time>2022-01-27T09:28:17Z</time>
      </trkpt>
      <trkpt lat="-33.340722816064954" lon="22.034236751496792">
        <ele>1373.8599999999999</ele>
        <time>2022-01-27T09:28:58Z</time>
      </trkpt>
      <trkpt lat="-33.340724743902683" lon="22.034240774810314">
        <ele>1371.9400000000001</ele>
        <time>2022-01-27T09:29:33Z</time>
      </trkpt>
      <trkpt lat="-33.340725749731064" lon="22.034257287159562">
        <ele>1373.8599999999999</ele>
        <time>2022-01-27T09:30:15Z</time>
      </trkpt>
      <trkpt lat="-33.340724827721715" lon="22.03425033017993">
        <ele>1374.8199999999999</ele>
        <time>2022-01-27T09:31:08Z</time>
      </trkpt>
      <trkpt lat="-33.340723738074303" lon="22.034251252189279">
        <ele>1374.3399999999999</ele>
        <time>2022-01-27T09:31:44Z</time>
      </trkpt>
      <trkpt lat="-33.340724408626556" lon="22.034251084551215">
        <ele>1374.3399999999999</ele>
        <time>2022-01-27T09:32:25Z</time>
      </trkpt>
      <trkpt lat="-33.340729018673301" lon="22.034246893599629">
        <ele>1373.8599999999999</ele>
        <time>2022-01-27T09:32:58Z</time>
      </trkpt>
      <trkpt lat="-33.34072164259851" lon="22.034243876114488">
        <ele>1373.3800000000001</ele>
        <time>2022-01-27T09:33:33Z</time>
      </trkpt>
      <trkpt lat="-33.340724324807525" lon="22.034243792295456">
        <ele>1373.3800000000001</ele>
        <time>2022-01-27T09:34:11Z</time>
      </trkpt>
      <trkpt lat="-33.340723235160112" lon="22.034246223047376">
        <ele>1374.8199999999999</ele>
        <time>2022-01-27T09:34:52Z</time>
      </trkpt>
      <trkpt lat="-33.340777214616537" lon="22.03400113619864">
        <ele>1374.8199999999999</ele>
        <time>2022-01-27T09:35:02Z</time>
      </trkpt>
      <trkpt lat="-33.340829852968454" lon="22.033729562535882">
        <ele>1374.8199999999999</ele>
        <time>2022-01-27T09:35:13Z</time>
      </trkpt>
      <trkpt lat="-33.340832283720374" lon="22.033735094591975">
        <ele>1374.3399999999999</ele>
        <time>2022-01-27T09:35:48Z</time>
      </trkpt>
      <trkpt lat="-33.340911325067282" lon="22.033527474850416">
        <ele>1373.8599999999999</ele>
        <time>2022-01-27T09:36:02Z</time>
      </trkpt>
      <trkpt lat="-33.341357661411166" lon="22.032775953412056">
        <ele>1374.3399999999999</ele>
        <time>2022-01-27T09:36:14Z</time>
      </trkpt>
      <trkpt lat="-33.341687237843871" lon="22.031969111412764">
        <ele>1372.9000000000001</ele>
        <time>2022-01-27T09:36:25Z</time>
      </trkpt>
      <trkpt lat="-33.341799722984433" lon="22.030801428481936">
        <ele>1370.98</ele>
        <time>2022-01-27T09:36:38Z</time>
      </trkpt>
      <trkpt lat="-33.34188899025321" lon="22.02950038947165">
        <ele>1370.02</ele>
        <time>2022-01-27T09:36:52Z</time>
      </trkpt>
      <trkpt lat="-33.341936348006129" lon="22.028839811682701">
        <ele>1369.05</ele>
        <time>2022-01-27T09:37:02Z</time>
      </trkpt>
      <trkpt lat="-33.341996027156711" lon="22.028056187555194">
        <ele>1366.1700000000001</ele>
        <time>2022-01-27T09:37:12Z</time>
      </trkpt>
      <trkpt lat="-33.342185122892261" lon="22.027145745232701">
        <ele>1359.4400000000001</ele>
        <time>2022-01-27T09:37:24Z</time>
      </trkpt>
      <trkpt lat="-33.342372793704271" lon="22.026497237384319">
        <ele>1354.1500000000001</ele>
        <time>2022-01-27T09:37:33Z</time>
      </trkpt>
      <trkpt lat="-33.342401292175055" lon="22.026384836062789">
        <ele>1353.1900000000001</ele>
        <time>2022-01-27T09:37:35Z</time>
      </trkpt>
      <trkpt lat="-33.342417888343334" lon="22.026338735595345">
        <ele>1352.71</ele>
        <time>2022-01-27T09:37:36Z</time>
      </trkpt>
      <trkpt lat="-33.342611342668533" lon="22.02569542452693">
        <ele>1347.9100000000001</ele>
        <time>2022-01-27T09:37:45Z</time>
      </trkpt>
      <trkpt lat="-33.342926753684878" lon="22.024585995823145">
        <ele>1341.6600000000001</ele>
        <time>2022-01-27T09:37:57Z</time>
      </trkpt>
      <trkpt lat="-33.343112412840128" lon="22.023986354470253">
        <ele>1336.8499999999999</ele>
        <time>2022-01-27T09:38:06Z</time>
      </trkpt>
      <trkpt lat="-33.343280553817749" lon="22.02344236895442">
        <ele>1333.01</ele>
        <time>2022-01-27T09:38:13Z</time>
      </trkpt>
      <trkpt lat="-33.343312740325928" lon="22.023395597934723">
        <ele>1332.52</ele>
        <time>2022-01-27T09:38:14Z</time>
      </trkpt>
      <trkpt lat="-33.343351716175675" lon="22.02335637062788">
        <ele>1332.52</ele>
        <time>2022-01-27T09:38:15Z</time>
      </trkpt>
      <trkpt lat="-33.343401756137609" lon="22.023317813873291">
        <ele>1332.04</ele>
        <time>2022-01-27T09:38:16Z</time>
      </trkpt>
      <trkpt lat="-33.343461267650127" lon="22.023276574909687">
        <ele>1332.04</ele>
        <time>2022-01-27T09:38:17Z</time>
      </trkpt>
      <trkpt lat="-33.343528658151627" lon="22.023237850517035">
        <ele>1331.5599999999999</ele>
        <time>2022-01-27T09:38:18Z</time>
      </trkpt>
      <trkpt lat="-33.344291327521205" lon="22.02289997600019">
        <ele>1329.6400000000001</ele>
        <time>2022-01-27T09:38:26Z</time>
      </trkpt>
      <trkpt lat="-33.34487646818161" lon="22.022624546661973">
        <ele>1327.24</ele>
        <time>2022-01-27T09:38:35Z</time>
      </trkpt>
      <trkpt lat="-33.344915024936199" lon="22.022582804784179">
        <ele>1326.76</ele>
        <time>2022-01-27T09:38:36Z</time>
      </trkpt>
      <trkpt lat="-33.344946037977934" lon="22.022538296878338">
        <ele>1326.76</ele>
        <time>2022-01-27T09:38:37Z</time>
      </trkpt>
      <trkpt lat="-33.344969423487782" lon="22.022493621334434">
        <ele>1326.76</ele>
        <time>2022-01-27T09:38:38Z</time>
      </trkpt>
      <trkpt lat="-33.344987528398633" lon="22.022448610514402">
        <ele>1326.28</ele>
        <time>2022-01-27T09:38:39Z</time>
      </trkpt>
      <trkpt lat="-33.345001945272088" lon="22.022398989647627">
        <ele>1326.28</ele>
        <time>2022-01-27T09:38:40Z</time>
      </trkpt>
      <trkpt lat="-33.345008734613657" lon="22.022343166172504">
        <ele>1326.28</ele>
        <time>2022-01-27T09:38:41Z</time>
      </trkpt>
      <trkpt lat="-33.345006220042706" lon="22.022282481193542">
        <ele>1326.28</ele>
        <time>2022-01-27T09:38:42Z</time>
      </trkpt>
      <trkpt lat="-33.344992641359568" lon="22.022218611091375">
        <ele>1326.28</ele>
        <time>2022-01-27T09:38:43Z</time>
      </trkpt>
      <trkpt lat="-33.344971183687449" lon="22.022152813151479">
        <ele>1326.28</ele>
        <time>2022-01-27T09:38:44Z</time>
      </trkpt>
      <trkpt lat="-33.344944445416331" lon="22.022085338830948">
        <ele>1326.28</ele>
        <time>2022-01-27T09:38:45Z</time>
      </trkpt>
      <trkpt lat="-33.344915527850389" lon="22.022013589739799">
        <ele>1326.28</ele>
        <time>2022-01-27T09:38:46Z</time>
      </trkpt>
      <trkpt lat="-33.344888957217336" lon="22.02193639241159">
        <ele>1325.8</ele>
        <time>2022-01-27T09:38:47Z</time>
      </trkpt>
      <trkpt lat="-33.344867751002312" lon="22.021856680512428">
        <ele>1325.8</ele>
        <time>2022-01-27T09:38:48Z</time>
      </trkpt>
      <trkpt lat="-33.344849478453398" lon="22.021777806803584">
        <ele>1325.8</ele>
        <time>2022-01-27T09:38:49Z</time>
      </trkpt>
      <trkpt lat="-33.344789631664753" lon="22.021475303918123">
        <ele>1325.3099999999999</ele>
        <time>2022-01-27T09:38:53Z</time>
      </trkpt>
      <trkpt lat="-33.344759037718177" lon="22.020847834646702">
        <ele>1321.47</ele>
        <time>2022-01-27T09:39:04Z</time>
      </trkpt>
      <trkpt lat="-33.344747722148895" lon="22.020371491089463">
        <ele>1323.3900000000001</ele>
        <time>2022-01-27T09:39:14Z</time>
      </trkpt>
      <trkpt lat="-33.344720564782619" lon="22.019719127565622">
        <ele>1329.1600000000001</ele>
        <time>2022-01-27T09:39:22Z</time>
      </trkpt>
      <trkpt lat="-33.344675553962588" lon="22.018928462639451">
        <ele>1337.3299999999999</ele>
        <time>2022-01-27T09:39:32Z</time>
      </trkpt>
      <trkpt lat="-33.344638841226697" lon="22.018107958137989">
        <ele>1342.1400000000001</ele>
        <time>2022-01-27T09:39:41Z</time>
      </trkpt>
      <trkpt lat="-33.344698939472437" lon="22.017074469476938">
        <ele>1343.0999999999999</ele>
        <time>2022-01-27T09:39:51Z</time>
      </trkpt>
      <trkpt lat="-33.345055840909481" lon="22.016040729358792">
        <ele>1340.7</ele>
        <time>2022-01-27T09:39:59Z</time>
      </trkpt>
      <trkpt lat="-33.345406875014305" lon="22.014515893533826">
        <ele>1338.77</ele>
        <time>2022-01-27T09:40:11Z</time>
      </trkpt>
      <trkpt lat="-33.345409138128161" lon="22.014100989326835">
        <ele>1338.77</ele>
        <time>2022-01-27T09:40:18Z</time>
      </trkpt>
      <trkpt lat="-33.345338981598616" lon="22.013390706852078">
        <ele>1342.1400000000001</ele>
        <time>2022-01-27T09:40:28Z</time>
      </trkpt>
      <trkpt lat="-33.345042178407311" lon="22.012331066653132">
        <ele>1346.9400000000001</ele>
        <time>2022-01-27T09:40:35Z</time>
      </trkpt>
      <trkpt lat="-33.34455787204206" lon="22.0110116712749">
        <ele>1348.8699999999999</ele>
        <time>2022-01-27T09:40:45Z</time>
      </trkpt>
      <trkpt lat="-33.344363579526544" lon="22.010242631658912">
        <ele>1350.79</ele>
        <time>2022-01-27T09:40:53Z</time>
      </trkpt>
      <trkpt lat="-33.344373218715191" lon="22.00924132950604">
        <ele>1353.1900000000001</ele>
        <time>2022-01-27T09:41:02Z</time>
      </trkpt>
      <trkpt lat="-33.3443917427212" lon="22.009123060852289">
        <ele>1353.6700000000001</ele>
        <time>2022-01-27T09:41:03Z</time>
      </trkpt>
      <trkpt lat="-33.344630710780621" lon="22.008218569681048">
        <ele>1358.96</ele>
        <time>2022-01-27T09:41:11Z</time>
      </trkpt>
      <trkpt lat="-33.344890717417002" lon="22.007373003289104">
        <ele>1364.25</ele>
        <time>2022-01-27T09:41:17Z</time>
      </trkpt>
      <trkpt lat="-33.345102779567242" lon="22.006402043625712">
        <ele>1368.0899999999999</ele>
        <time>2022-01-27T09:41:25Z</time>
      </trkpt>
      <trkpt lat="-33.345128428190947" lon="22.005972554907203">
        <ele>1370.98</ele>
        <time>2022-01-27T09:41:32Z</time>
      </trkpt>
      <trkpt lat="-33.345128176733851" lon="22.005897620692849">
        <ele>1371.9400000000001</ele>
        <time>2022-01-27T09:41:34Z</time>
      </trkpt>
      <trkpt lat="-33.345107724890113" lon="22.005703244358301">
        <ele>1373.3800000000001</ele>
        <time>2022-01-27T09:41:37Z</time>
      </trkpt>
      <trkpt lat="-33.34509682841599" lon="22.005645576864481">
        <ele>1373.8599999999999</ele>
        <time>2022-01-27T09:41:38Z</time>
      </trkpt>
      <trkpt lat="-33.345014937222004" lon="22.005261769518256">
        <ele>1374.8199999999999</ele>
        <time>2022-01-27T09:41:44Z</time>
      </trkpt>
      <trkpt lat="-33.344991467893124" lon="22.005205946043134">
        <ele>1374.8199999999999</ele>
        <time>2022-01-27T09:41:45Z</time>
      </trkpt>
      <trkpt lat="-33.34480413235724" lon="22.004911489784718">
        <ele>1375.78</ele>
        <time>2022-01-27T09:41:49Z</time>
      </trkpt>
      <trkpt lat="-33.344732215628028" lon="22.004836555570364">
        <ele>1375.78</ele>
        <time>2022-01-27T09:41:50Z</time>
      </trkpt>
      <trkpt lat="-33.344649402424693" lon="22.004771092906594">
        <ele>1376.26</ele>
        <time>2022-01-27T09:41:51Z</time>
      </trkpt>
      <trkpt lat="-33.344557536765933" lon="22.004715437069535">
        <ele>1376.26</ele>
        <time>2022-01-27T09:41:52Z</time>
      </trkpt>
      <trkpt lat="-33.344459049403667" lon="22.004667744040489">
        <ele>1375.78</ele>
        <time>2022-01-27T09:41:53Z</time>
      </trkpt>
      <trkpt lat="-33.344356119632721" lon="22.004631031304598">
        <ele>1375.78</ele>
        <time>2022-01-27T09:41:54Z</time>
      </trkpt>
      <trkpt lat="-33.344250926747918" lon="22.004606807604432">
        <ele>1375.78</ele>
        <time>2022-01-27T09:41:55Z</time>
      </trkpt>
      <trkpt lat="-33.344144895672798" lon="22.004593731835485">
        <ele>1375.3</ele>
        <time>2022-01-27T09:41:56Z</time>
      </trkpt>
      <trkpt lat="-33.34403894841671" lon="22.004588032141328">
        <ele>1374.8199999999999</ele>
        <time>2022-01-27T09:41:57Z</time>
      </trkpt>
      <trkpt lat="-33.343390272930264" lon="22.004495831206441">
        <ele>1371.9400000000001</ele>
        <time>2022-01-27T09:42:04Z</time>
      </trkpt>
      <trkpt lat="-33.343317182734609" lon="22.004460711032152">
        <ele>1371.46</ele>
        <time>2022-01-27T09:42:05Z</time>
      </trkpt>
      <trkpt lat="-33.343251803889871" lon="22.004418214783072">
        <ele>1371.46</ele>
        <time>2022-01-27T09:42:06Z</time>
      </trkpt>
      <trkpt lat="-33.343194052577019" lon="22.004365492612123">
        <ele>1370.98</ele>
        <time>2022-01-27T09:42:07Z</time>
      </trkpt>
      <trkpt lat="-33.343142168596387" lon="22.004304053261876">
        <ele>1370.98</ele>
        <time>2022-01-27T09:42:08Z</time>
      </trkpt>
      <trkpt lat="-33.34309539757669" lon="22.004236998036504">
        <ele>1370.98</ele>
        <time>2022-01-27T09:42:09Z</time>
      </trkpt>
      <trkpt lat="-33.343050302937627" lon="22.004163153469563">
        <ele>1370.98</ele>
        <time>2022-01-27T09:42:10Z</time>
      </trkpt>
      <trkpt lat="-33.343008728697896" lon="22.004081765189767">
        <ele>1370.98</ele>
        <time>2022-01-27T09:42:11Z</time>
      </trkpt>
      <trkpt lat="-33.342972435057163" lon="22.003994677215815">
        <ele>1370.98</ele>
        <time>2022-01-27T09:42:12Z</time>
      </trkpt>
      <trkpt lat="-33.342605475336313" lon="22.002911735326052">
        <ele>1372.9000000000001</ele>
        <time>2022-01-27T09:42:22Z</time>
      </trkpt>
      <trkpt lat="-33.34248460829258" lon="22.002416281029582">
        <ele>1375.78</ele>
        <time>2022-01-27T09:42:27Z</time>
      </trkpt>
      <trkpt lat="-33.342429455369711" lon="22.001689234748483">
        <ele>1381.0699999999999</ele>
        <time>2022-01-27T09:42:35Z</time>
      </trkpt>
      <trkpt lat="-33.342453511431813" lon="22.001395951956511">
        <ele>1383.47</ele>
        <time>2022-01-27T09:42:39Z</time>
      </trkpt>
      <trkpt lat="-33.342455439269543" lon="22.001338116824627">
        <ele>1383.96</ele>
        <time>2022-01-27T09:42:40Z</time>
      </trkpt>
      <trkpt lat="-33.342462480068207" lon="22.001282963901758">
        <ele>1384.9200000000001</ele>
        <time>2022-01-27T09:42:41Z</time>
      </trkpt>
      <trkpt lat="-33.342512268573046" lon="22.000852888450027">
        <ele>1387.8</ele>
        <time>2022-01-27T09:42:48Z</time>
      </trkpt>
      <trkpt lat="-33.342690384015441" lon="21.99986407533288">
        <ele>1389.72</ele>
        <time>2022-01-27T09:42:59Z</time>
      </trkpt>
      <trkpt lat="-33.342922311276197" lon="21.998719358816743">
        <ele>1396.9300000000001</ele>
        <time>2022-01-27T09:43:12Z</time>
      </trkpt>
      <trkpt lat="-33.343114424496889" lon="21.997994910925627">
        <ele>1400.78</ele>
        <time>2022-01-27T09:43:20Z</time>
      </trkpt>
      <trkpt lat="-33.343266556039453" lon="21.997093353420496">
        <ele>1406.55</ele>
        <time>2022-01-27T09:43:30Z</time>
      </trkpt>
      <trkpt lat="-33.343429081141949" lon="21.996134547516704">
        <ele>1410.3900000000001</ele>
        <time>2022-01-27T09:43:39Z</time>
      </trkpt>
      <trkpt lat="-33.343679029494524" lon="21.994849182665348">
        <ele>1418.0799999999999</ele>
        <time>2022-01-27T09:43:49Z</time>
      </trkpt>
      <trkpt lat="-33.343931408599019" lon="21.993331722915173">
        <ele>1426.25</ele>
        <time>2022-01-27T09:44:03Z</time>
      </trkpt>
      <trkpt lat="-33.344007767736912" lon="21.992872478440404">
        <ele>1427.7</ele>
        <time>2022-01-27T09:44:11Z</time>
      </trkpt>
      <trkpt lat="-33.344008522108197" lon="21.992858396843076">
        <ele>1428.1800000000001</ele>
        <time>2022-01-27T09:44:23Z</time>
      </trkpt>
      <trkpt lat="-33.344011455774307" lon="21.992798214778304">
        <ele>1428.6600000000001</ele>
        <time>2022-01-27T09:44:30Z</time>
      </trkpt>
      <trkpt lat="-33.344129221513867" lon="21.99209782294929">
        <ele>1430.0999999999999</ele>
        <time>2022-01-27T09:44:39Z</time>
      </trkpt>
      <trkpt lat="-33.344356874004006" lon="21.990755880251527">
        <ele>1433.9400000000001</ele>
        <time>2022-01-27T09:44:53Z</time>
      </trkpt>
      <trkpt lat="-33.344482434913516" lon="21.989919450134039">
        <ele>1432.98</ele>
        <time>2022-01-27T09:45:04Z</time>
      </trkpt>
      <trkpt lat="-33.344480507075787" lon="21.989926742389798">
        <ele>1432.5</ele>
        <time>2022-01-27T09:45:15Z</time>
      </trkpt>
      <trkpt lat="-33.344507496803999" lon="21.989663299173117">
        <ele>1432.02</ele>
        <time>2022-01-27T09:45:31Z</time>
      </trkpt>
      <trkpt lat="-33.34461553953588" lon="21.98862855322659">
        <ele>1430.0999999999999</ele>
        <time>2022-01-27T09:45:43Z</time>
      </trkpt>
      <trkpt lat="-33.344712601974607" lon="21.987680643796921">
        <ele>1426.25</ele>
        <time>2022-01-27T09:45:56Z</time>
      </trkpt>
      <trkpt lat="-33.344763815402985" lon="21.987085109576583">
        <ele>1423.3699999999999</ele>
        <time>2022-01-27T09:46:07Z</time>
      </trkpt>
      <trkpt lat="-33.344837408512831" lon="21.986324703320861">
        <ele>1417.5999999999999</ele>
        <time>2022-01-27T09:46:19Z</time>
      </trkpt>
      <trkpt lat="-33.344889460131526" lon="21.985615342855453">
        <ele>1412.79</ele>
        <time>2022-01-27T09:46:31Z</time>
      </trkpt>
      <trkpt lat="-33.344950899481773" lon="21.985003631561995">
        <ele>1407.51</ele>
        <time>2022-01-27T09:46:42Z</time>
      </trkpt>
      <trkpt lat="-33.34495316259563" lon="21.984760472550988">
        <ele>1405.0999999999999</ele>
        <time>2022-01-27T09:46:46Z</time>
      </trkpt>
      <trkpt lat="-33.344960706308484" lon="21.984702805057168">
        <ele>1404.6199999999999</ele>
        <time>2022-01-27T09:46:47Z</time>
      </trkpt>
      <trkpt lat="-33.344981409609318" lon="21.984567437320948">
        <ele>1404.1400000000001</ele>
        <time>2022-01-27T09:46:49Z</time>
      </trkpt>
      <trkpt lat="-33.345045698806643" lon="21.983753889799118">
        <ele>1401.74</ele>
        <time>2022-01-27T09:46:59Z</time>
      </trkpt>
      <trkpt lat="-33.34511392749846" lon="21.982852499932051">
        <ele>1398.8599999999999</ele>
        <time>2022-01-27T09:47:12Z</time>
      </trkpt>
      <trkpt lat="-33.345256084576249" lon="21.982061415910721">
        <ele>1395.49</ele>
        <time>2022-01-27T09:47:26Z</time>
      </trkpt>
      <trkpt lat="-33.34532992914319" lon="21.981900064274669">
        <ele>1394.53</ele>
        <time>2022-01-27T09:47:29Z</time>
      </trkpt>
      <trkpt lat="-33.345364043489099" lon="21.981845749542117">
        <ele>1394.53</ele>
        <time>2022-01-27T09:47:30Z</time>
      </trkpt>
      <trkpt lat="-33.34540075622499" lon="21.981795206665993">
        <ele>1394.05</ele>
        <time>2022-01-27T09:47:31Z</time>
      </trkpt>
      <trkpt lat="-33.345440234988928" lon="21.981749860569835">
        <ele>1394.05</ele>
        <time>2022-01-27T09:47:32Z</time>
      </trkpt>
      <trkpt lat="-33.345475187525153" lon="21.981714740395546">
        <ele>1393.5699999999999</ele>
        <time>2022-01-27T09:47:33Z</time>
      </trkpt>
      <trkpt lat="-33.345782803371549" lon="21.981436209753156">
        <ele>1392.1300000000001</ele>
        <time>2022-01-27T09:47:44Z</time>
      </trkpt>
      <trkpt lat="-33.345977431163192" lon="21.981216100975871">
        <ele>1391.1700000000001</ele>
        <time>2022-01-27T09:47:51Z</time>
      </trkpt>
      <trkpt lat="-33.345998637378216" lon="21.981160445138812">
        <ele>1390.6800000000001</ele>
        <time>2022-01-27T09:47:52Z</time>
      </trkpt>
      <trkpt lat="-33.346015987917781" lon="21.981104956939816">
        <ele>1390.2</ele>
        <time>2022-01-27T09:47:53Z</time>
      </trkpt>
      <trkpt lat="-33.34602914750576" lon="21.981046199798584">
        <ele>1389.72</ele>
        <time>2022-01-27T09:47:54Z</time>
      </trkpt>
      <trkpt lat="-33.3460374455899" lon="21.980987191200256">
        <ele>1389.24</ele>
        <time>2022-01-27T09:47:55Z</time>
      </trkpt>
      <trkpt lat="-33.346038954332471" lon="21.980930026620626">
        <ele>1388.76</ele>
        <time>2022-01-27T09:47:56Z</time>
      </trkpt>
      <trkpt lat="-33.346038535237312" lon="21.980881411582232">
        <ele>1388.76</ele>
        <time>2022-01-27T09:47:57Z</time>
      </trkpt>
      <trkpt lat="-33.345961086452007" lon="21.980426777154207">
        <ele>1385.8800000000001</ele>
        <time>2022-01-27T09:48:09Z</time>
      </trkpt>
      <trkpt lat="-33.345893528312445" lon="21.980221169069409">
        <ele>1384.4400000000001</ele>
        <time>2022-01-27T09:48:14Z</time>
      </trkpt>
      <trkpt lat="-33.345881290733814" lon="21.980164591223001">
        <ele>1383.96</ele>
        <time>2022-01-27T09:48:15Z</time>
      </trkpt>
      <trkpt lat="-33.345817252993584" lon="21.979570314288139">
        <ele>1380.1099999999999</ele>
        <time>2022-01-27T09:48:26Z</time>
      </trkpt>
      <trkpt lat="-33.345822785049677" lon="21.9795205257833">
        <ele>1379.6300000000001</ele>
        <time>2022-01-27T09:48:27Z</time>
      </trkpt>
      <trkpt lat="-33.345853378996253" lon="21.978980312123895">
        <ele>1374.8199999999999</ele>
        <time>2022-01-27T09:48:40Z</time>
      </trkpt>
      <trkpt lat="-33.345882380381227" lon="21.978256031870842">
        <ele>1369.05</ele>
        <time>2022-01-27T09:48:52Z</time>
      </trkpt>
      <trkpt lat="-33.346082456409931" lon="21.97794615291059">
        <ele>1364.25</ele>
        <time>2022-01-27T09:49:02Z</time>
      </trkpt>
      <trkpt lat="-33.34622067399323" lon="21.978128710761666">
        <ele>1363.77</ele>
        <time>2022-01-27T09:49:08Z</time>
      </trkpt>
      <trkpt lat="-33.346226206049323" lon="21.978183528408408">
        <ele>1363.29</ele>
        <time>2022-01-27T09:49:09Z</time>
      </trkpt>
      <trkpt lat="-33.346268031746149" lon="21.978888362646103">
        <ele>1362.8099999999999</ele>
        <time>2022-01-27T09:49:18Z</time>
      </trkpt>
      <trkpt lat="-33.346287310123444" lon="21.978959273546934">
        <ele>1362.8099999999999</ele>
        <time>2022-01-27T09:49:19Z</time>
      </trkpt>
      <trkpt lat="-33.346315138041973" lon="21.979026244953275">
        <ele>1362.3299999999999</ele>
        <time>2022-01-27T09:49:20Z</time>
      </trkpt>
      <trkpt lat="-33.34634967148304" lon="21.979091120883822">
        <ele>1362.3299999999999</ele>
        <time>2022-01-27T09:49:21Z</time>
      </trkpt>
      <trkpt lat="-33.346385378390551" lon="21.979144597426057">
        <ele>1362.3299999999999</ele>
        <time>2022-01-27T09:49:22Z</time>
      </trkpt>
      <trkpt lat="-33.346419660374522" lon="21.979187093675137">
        <ele>1362.3299999999999</ele>
        <time>2022-01-27T09:49:23Z</time>
      </trkpt>
      <trkpt lat="-33.346448913216591" lon="21.97921902872622">
        <ele>1362.3299999999999</ele>
        <time>2022-01-27T09:49:24Z</time>
      </trkpt>
      <trkpt lat="-33.346771700307727" lon="21.979312654584646">
        <ele>1362.3299999999999</ele>
        <time>2022-01-27T09:49:34Z</time>
      </trkpt>
      <trkpt lat="-33.346815705299377" lon="21.979307290166616">
        <ele>1362.3299999999999</ele>
        <time>2022-01-27T09:49:35Z</time>
      </trkpt>
      <trkpt lat="-33.347058026120067" lon="21.979242246598005">
        <ele>1360.8800000000001</ele>
        <time>2022-01-27T09:49:41Z</time>
      </trkpt>
      <trkpt lat="-33.347106389701366" lon="21.97921802289784">
        <ele>1360.8800000000001</ele>
        <time>2022-01-27T09:49:42Z</time>
      </trkpt>
      <trkpt lat="-33.34741978906095" lon="21.978906467556953">
        <ele>1358.96</ele>
        <time>2022-01-27T09:49:52Z</time>
      </trkpt>
      <trkpt lat="-33.347586253657937" lon="21.978496760129929">
        <ele>1356.5599999999999</ele>
        <time>2022-01-27T09:50:02Z</time>
      </trkpt>
      <trkpt lat="-33.347739977762103" lon="21.977725205942988">
        <ele>1351.27</ele>
        <time>2022-01-27T09:50:16Z</time>
      </trkpt>
      <trkpt lat="-33.347846427932382" lon="21.977133108302951">
        <ele>1346.9400000000001</ele>
        <time>2022-01-27T09:50:27Z</time>
      </trkpt>
      <trkpt lat="-33.348022615537047" lon="21.97684284299612">
        <ele>1343.5799999999999</ele>
        <time>2022-01-27T09:50:36Z</time>
      </trkpt>
      <trkpt lat="-33.348253536969423" lon="21.976478649303317">
        <ele>1341.1800000000001</ele>
        <time>2022-01-27T09:50:47Z</time>
      </trkpt>
      <trkpt lat="-33.348269630223513" lon="21.976413521915674">
        <ele>1341.1800000000001</ele>
        <time>2022-01-27T09:50:48Z</time>
      </trkpt>
      <trkpt lat="-33.348287735134363" lon="21.976287709549069">
        <ele>1340.22</ele>
        <time>2022-01-27T09:50:50Z</time>
      </trkpt>
      <trkpt lat="-33.348288321867585" lon="21.976221241056919">
        <ele>1340.22</ele>
        <time>2022-01-27T09:50:51Z</time>
      </trkpt>
      <trkpt lat="-33.348283460363746" lon="21.97614748030901">
        <ele>1339.25</ele>
        <time>2022-01-27T09:50:52Z</time>
      </trkpt>
      <trkpt lat="-33.348195198923349" lon="21.975534092634916">
        <ele>1334.9300000000001</ele>
        <time>2022-01-27T09:51:04Z</time>
      </trkpt>
      <trkpt lat="-33.34819964133203" lon="21.975437952205539">
        <ele>1334.45</ele>
        <time>2022-01-27T09:51:06Z</time>
      </trkpt>
      <trkpt lat="-33.348209364339709" lon="21.975381541997194">
        <ele>1333.97</ele>
        <time>2022-01-27T09:51:07Z</time>
      </trkpt>
      <trkpt lat="-33.348224200308323" lon="21.975333346053958">
        <ele>1333.97</ele>
        <time>2022-01-27T09:51:08Z</time>
      </trkpt>
      <trkpt lat="-33.348244316875935" lon="21.975282886996865">
        <ele>1333.49</ele>
        <time>2022-01-27T09:51:09Z</time>
      </trkpt>
      <trkpt lat="-33.348267115652561" lon="21.975232847034931">
        <ele>1333.49</ele>
        <time>2022-01-27T09:51:10Z</time>
      </trkpt>
      <trkpt lat="-33.348292177543044" lon="21.975183477625251">
        <ele>1333.01</ele>
        <time>2022-01-27T09:51:11Z</time>
      </trkpt>
      <trkpt lat="-33.348578251898289" lon="21.974784499034286">
        <ele>1330.1199999999999</ele>
        <time>2022-01-27T09:51:22Z</time>
      </trkpt>
      <trkpt lat="-33.348940098658204" lon="21.974419886246324">
        <ele>1325.8</ele>
        <time>2022-01-27T09:51:33Z</time>
      </trkpt>
      <trkpt lat="-33.349185017868876" lon="21.974055273458362">
        <ele>1323.3900000000001</ele>
        <time>2022-01-27T09:51:44Z</time>
      </trkpt>
      <trkpt lat="-33.349140342324972" lon="21.973943877965212">
        <ele>1323.3900000000001</ele>
        <time>2022-01-27T09:51:47Z</time>
      </trkpt>
      <trkpt lat="-33.349108071997762" lon="21.973898196592927">
        <ele>1323.8699999999999</ele>
        <time>2022-01-27T09:51:48Z</time>
      </trkpt>
      <trkpt lat="-33.348709344863892" lon="21.973403580486774">
        <ele>1325.3099999999999</ele>
        <time>2022-01-27T09:51:56Z</time>
      </trkpt>
      <trkpt lat="-33.348238617181778" lon="21.972793964669108">
        <ele>1325.8</ele>
        <time>2022-01-27T09:52:07Z</time>
      </trkpt>
      <trkpt lat="-33.347943155094981" lon="21.972411163151264">
        <ele>1327.72</ele>
        <time>2022-01-27T09:52:15Z</time>
      </trkpt>
      <trkpt lat="-33.347594803199172" lon="21.97166433557868">
        <ele>1330.5999999999999</ele>
        <time>2022-01-27T09:52:27Z</time>
      </trkpt>
      <trkpt lat="-33.347581392154098" lon="21.971602477133274">
        <ele>1330.5999999999999</ele>
        <time>2022-01-27T09:52:28Z</time>
      </trkpt>
      <trkpt lat="-33.347571417689323" lon="21.971537014469504">
        <ele>1330.5999999999999</ele>
        <time>2022-01-27T09:52:29Z</time>
      </trkpt>
      <trkpt lat="-33.347564795985818" lon="21.971475658938289">
        <ele>1330.5999999999999</ele>
        <time>2022-01-27T09:52:30Z</time>
      </trkpt>
      <trkpt lat="-33.347561359405518" lon="21.971422098577023">
        <ele>1331.0799999999999</ele>
        <time>2022-01-27T09:52:31Z</time>
      </trkpt>
      <trkpt lat="-33.3476088847965" lon="21.970925303176045">
        <ele>1333.97</ele>
        <time>2022-01-27T09:52:42Z</time>
      </trkpt>
      <trkpt lat="-33.347725393250585" lon="21.970413252711296">
        <ele>1336.8499999999999</ele>
        <time>2022-01-27T09:52:52Z</time>
      </trkpt>
      <trkpt lat="-33.347935862839222" lon="21.969639183953404">
        <ele>1340.7</ele>
        <time>2022-01-27T09:53:01Z</time>
      </trkpt>
      <trkpt lat="-33.348147589713335" lon="21.968833180144429">
        <ele>1345.5</ele>
        <time>2022-01-27T09:53:09Z</time>
      </trkpt>
      <trkpt lat="-33.348285807296634" lon="21.968376282602549">
        <ele>1347.9100000000001</ele>
        <time>2022-01-27T09:53:17Z</time>
      </trkpt>
      <trkpt lat="-33.348600883036852" lon="21.967236343771219">
        <ele>1350.79</ele>
        <time>2022-01-27T09:53:29Z</time>
      </trkpt>
      <trkpt lat="-33.348881509155035" lon="21.966276364400983">
        <ele>1346.9400000000001</ele>
        <time>2022-01-27T09:53:40Z</time>
      </trkpt>
      <trkpt lat="-33.349050404503942" lon="21.965352594852448">
        <ele>1342.1400000000001</ele>
        <time>2022-01-27T09:53:50Z</time>
      </trkpt>
      <trkpt lat="-33.349120644852519" lon="21.964350203052163">
        <ele>1334.9300000000001</ele>
        <time>2022-01-27T09:54:02Z</time>
      </trkpt>
      <trkpt lat="-33.349159955978394" lon="21.963747711852193">
        <ele>1329.6400000000001</ele>
        <time>2022-01-27T09:54:12Z</time>
      </trkpt>
      <trkpt lat="-33.349247546866536" lon="21.962916813790798">
        <ele>1324.3499999999999</ele>
        <time>2022-01-27T09:54:23Z</time>
      </trkpt>
      <trkpt lat="-33.3493288513273" lon="21.962169902399182">
        <ele>1319.0699999999999</ele>
        <time>2022-01-27T09:54:36Z</time>
      </trkpt>
      <trkpt lat="-33.34952037781477" lon="21.961628347635269">
        <ele>1315.7</ele>
        <time>2022-01-27T09:54:47Z</time>
      </trkpt>
      <trkpt lat="-33.349834028631449" lon="21.961030717939138">
        <ele>1309.45</ele>
        <time>2022-01-27T09:55:00Z</time>
      </trkpt>
      <trkpt lat="-33.350212555378675" lon="21.960392855107784">
        <ele>1304.6500000000001</ele>
        <time>2022-01-27T09:55:10Z</time>
      </trkpt>
      <trkpt lat="-33.350228648632765" lon="21.960322363302112">
        <ele>1304.1700000000001</ele>
        <time>2022-01-27T09:55:11Z</time>
      </trkpt>
      <trkpt lat="-33.35023962892592" lon="21.960252793505788">
        <ele>1303.6900000000001</ele>
        <time>2022-01-27T09:55:12Z</time>
      </trkpt>
      <trkpt lat="-33.350278772413731" lon="21.959836967289448">
        <ele>1300.8</ele>
        <time>2022-01-27T09:55:19Z</time>
      </trkpt>
      <trkpt lat="-33.350327722728252" lon="21.958973882719874">
        <ele>1295.03</ele>
        <time>2022-01-27T09:55:31Z</time>
      </trkpt>
      <trkpt lat="-33.350370805710554" lon="21.958716893568635">
        <ele>1292.6300000000001</ele>
        <time>2022-01-27T09:55:39Z</time>
      </trkpt>
      <trkpt lat="-33.350418582558632" lon="21.958416486158967">
        <ele>1291.6700000000001</ele>
        <time>2022-01-27T09:55:45Z</time>
      </trkpt>
      <trkpt lat="-33.35054355673492" lon="21.95793435908854">
        <ele>1288.3</ele>
        <time>2022-01-27T09:55:53Z</time>
      </trkpt>
      <trkpt lat="-33.350567612797022" lon="21.957886917516589">
        <ele>1287.8199999999999</ele>
        <time>2022-01-27T09:55:54Z</time>
      </trkpt>
      <trkpt lat="-33.350594434887171" lon="21.957841822877526">
        <ele>1287.8199999999999</ele>
        <time>2022-01-27T09:55:55Z</time>
      </trkpt>
      <trkpt lat="-33.350806245580316" lon="21.957491040229797">
        <ele>1284.9400000000001</ele>
        <time>2022-01-27T09:56:02Z</time>
      </trkpt>
      <trkpt lat="-33.350970195606351" lon="21.957303704693913">
        <ele>1283.98</ele>
        <time>2022-01-27T09:56:07Z</time>
      </trkpt>
      <trkpt lat="-33.351042363792658" lon="21.957243606448174">
        <ele>1283.5</ele>
        <time>2022-01-27T09:56:09Z</time>
      </trkpt>
      <trkpt lat="-33.351600850000978" lon="21.957028191536665">
        <ele>1279.1700000000001</ele>
        <time>2022-01-27T09:56:19Z</time>
      </trkpt>
      <trkpt lat="-33.351722974330187" lon="21.956962812691927">
        <ele>1278.6900000000001</ele>
        <time>2022-01-27T09:56:21Z</time>
      </trkpt>
      <trkpt lat="-33.351769242435694" lon="21.956924926489592">
        <ele>1278.6900000000001</ele>
        <time>2022-01-27T09:56:22Z</time>
      </trkpt>
      <trkpt lat="-33.351806290447712" lon="21.956884022802114">
        <ele>1278.6900000000001</ele>
        <time>2022-01-27T09:56:23Z</time>
      </trkpt>
      <trkpt lat="-33.351839818060398" lon="21.956839263439178">
        <ele>1278.21</ele>
        <time>2022-01-27T09:56:24Z</time>
      </trkpt>
      <trkpt lat="-33.351872507482767" lon="21.956786541268229">
        <ele>1278.21</ele>
        <time>2022-01-27T09:56:25Z</time>
      </trkpt>
      <trkpt lat="-33.351903269067407" lon="21.956731723621488">
        <ele>1277.73</ele>
        <time>2022-01-27T09:56:26Z</time>
      </trkpt>
      <trkpt lat="-33.351930342614651" lon="21.956672882661223">
        <ele>1277.25</ele>
        <time>2022-01-27T09:56:27Z</time>
      </trkpt>
      <trkpt lat="-33.351949956268072" lon="21.956612700596452">
        <ele>1276.77</ele>
        <time>2022-01-27T09:56:28Z</time>
      </trkpt>
      <trkpt lat="-33.351961188018322" lon="21.956552937626839">
        <ele>1276.29</ele>
        <time>2022-01-27T09:56:29Z</time>
      </trkpt>
      <trkpt lat="-33.351965798065066" lon="21.956503484398127">
        <ele>1275.8099999999999</ele>
        <time>2022-01-27T09:56:30Z</time>
      </trkpt>
      <trkpt lat="-33.351964624598622" lon="21.956459814682603">
        <ele>1275.3299999999999</ele>
        <time>2022-01-27T09:56:31Z</time>
      </trkpt>
      <trkpt lat="-33.351959763094783" lon="21.95641765370965">
        <ele>1274.8499999999999</ele>
        <time>2022-01-27T09:56:32Z</time>
      </trkpt>
      <trkpt lat="-33.351950794458389" lon="21.956380773335695">
        <ele>1274.3599999999999</ele>
        <time>2022-01-27T09:56:33Z</time>
      </trkpt>
      <trkpt lat="-33.351941658183932" lon="21.956348419189453">
        <ele>1274.3599999999999</ele>
        <time>2022-01-27T09:56:34Z</time>
      </trkpt>
      <trkpt lat="-33.351850043982267" lon="21.956079360097647">
        <ele>1275.3299999999999</ele>
        <time>2022-01-27T09:56:41Z</time>
      </trkpt>
      <trkpt lat="-33.351838393136859" lon="21.956030996516347">
        <ele>1275.3299999999999</ele>
        <time>2022-01-27T09:56:42Z</time>
      </trkpt>
      <trkpt lat="-33.351826742291451" lon="21.955986656248569">
        <ele>1275.8099999999999</ele>
        <time>2022-01-27T09:56:43Z</time>
      </trkpt>
      <trkpt lat="-33.351784246042371" lon="21.955840978771448">
        <ele>1277.25</ele>
        <time>2022-01-27T09:56:46Z</time>
      </trkpt>
      <trkpt lat="-33.351649465039372" lon="21.95513840764761">
        <ele>1281.0899999999999</ele>
        <time>2022-01-27T09:56:57Z</time>
      </trkpt>
      <trkpt lat="-33.351452238857746" lon="21.954180523753166">
        <ele>1284.9400000000001</ele>
        <time>2022-01-27T09:57:10Z</time>
      </trkpt>
      <trkpt lat="-33.351382752880454" lon="21.953548695892096">
        <ele>1281.0899999999999</ele>
        <time>2022-01-27T09:57:22Z</time>
      </trkpt>
      <trkpt lat="-33.351515689864755" lon="21.953007811680436">
        <ele>1276.77</ele>
        <time>2022-01-27T09:57:36Z</time>
      </trkpt>
      <trkpt lat="-33.351712245494127" lon="21.952507831156254">
        <ele>1273.4000000000001</ele>
        <time>2022-01-27T09:57:46Z</time>
      </trkpt>
      <trkpt lat="-33.351906118914485" lon="21.952058309689164">
        <ele>1268.5999999999999</ele>
        <time>2022-01-27T09:57:55Z</time>
      </trkpt>
      <trkpt lat="-33.351974515244365" lon="21.951723452657461">
        <ele>1267.6400000000001</ele>
        <time>2022-01-27T09:58:00Z</time>
      </trkpt>
      <trkpt lat="-33.351975688710809" lon="21.951665952801704">
        <ele>1267.6400000000001</ele>
        <time>2022-01-27T09:58:01Z</time>
      </trkpt>
      <trkpt lat="-33.351971162483096" lon="21.951614068821073">
        <ele>1267.6400000000001</ele>
        <time>2022-01-27T09:58:02Z</time>
      </trkpt>
      <trkpt lat="-33.351960685104132" lon="21.951566962525249">
        <ele>1267.6400000000001</ele>
        <time>2022-01-27T09:58:03Z</time>
      </trkpt>
      <trkpt lat="-33.351946771144867" lon="21.951514994725585">
        <ele>1267.6400000000001</ele>
        <time>2022-01-27T09:58:04Z</time>
      </trkpt>
      <trkpt lat="-33.351663630455732" lon="21.950757773593068">
        <ele>1262.8299999999999</ele>
        <time>2022-01-27T09:58:16Z</time>
      </trkpt>
      <trkpt lat="-33.351563885807991" lon="21.950149917975068">
        <ele>1258.98</ele>
        <time>2022-01-27T09:58:29Z</time>
      </trkpt>
      <trkpt lat="-33.351481826975942" lon="21.949412897229195">
        <ele>1255.6199999999999</ele>
        <time>2022-01-27T09:58:44Z</time>
      </trkpt>
      <trkpt lat="-33.351543517783284" lon="21.948846196755767">
        <ele>1251.29</ele>
        <time>2022-01-27T09:58:56Z</time>
      </trkpt>
      <trkpt lat="-33.351666731759906" lon="21.948466328904033">
        <ele>1248.4100000000001</ele>
        <time>2022-01-27T09:59:04Z</time>
      </trkpt>
      <trkpt lat="-33.351912572979927" lon="21.947962995618582">
        <ele>1245.04</ele>
        <time>2022-01-27T09:59:17Z</time>
      </trkpt>
      <trkpt lat="-33.352183224633336" lon="21.947342231869698">
        <ele>1240.72</ele>
        <time>2022-01-27T09:59:32Z</time>
      </trkpt>
      <trkpt lat="-33.352385144680738" lon="21.94653270766139">
        <ele>1238.3199999999999</ele>
        <time>2022-01-27T09:59:45Z</time>
      </trkpt>
      <trkpt lat="-33.352500144392252" lon="21.945496117696166">
        <ele>1233.03</ele>
        <time>2022-01-27T10:00:00Z</time>
      </trkpt>
      <trkpt lat="-33.352581113576889" lon="21.944726072251797">
        <ele>1226.78</ele>
        <time>2022-01-27T10:00:11Z</time>
      </trkpt>
      <trkpt lat="-33.352590333670378" lon="21.943957787007093">
        <ele>1222.9300000000001</ele>
        <time>2022-01-27T10:00:22Z</time>
      </trkpt>
      <trkpt lat="-33.352558314800262" lon="21.943666934967041">
        <ele>1221.49</ele>
        <time>2022-01-27T10:00:26Z</time>
      </trkpt>
      <trkpt lat="-33.352488996461034" lon="21.943247755989432">
        <ele>1218.6099999999999</ele>
        <time>2022-01-27T10:00:36Z</time>
      </trkpt>
      <trkpt lat="-33.352490924298763" lon="21.943106353282928">
        <ele>1217.1700000000001</ele>
        <time>2022-01-27T10:00:39Z</time>
      </trkpt>
      <trkpt lat="-33.35249955765903" lon="21.94305220618844">
        <ele>1216.6900000000001</ele>
        <time>2022-01-27T10:00:40Z</time>
      </trkpt>
      <trkpt lat="-33.352513890713453" lon="21.942998897284269">
        <ele>1216.21</ele>
        <time>2022-01-27T10:00:41Z</time>
      </trkpt>
      <trkpt lat="-33.35253082215786" lon="21.942949276417494">
        <ele>1215.72</ele>
        <time>2022-01-27T10:00:42Z</time>
      </trkpt>
      <trkpt lat="-33.352550351992249" lon="21.94290267303586">
        <ele>1215.24</ele>
        <time>2022-01-27T10:00:43Z</time>
      </trkpt>
      <trkpt lat="-33.35257139056921" lon="21.942862523719668">
        <ele>1214.76</ele>
        <time>2022-01-27T10:00:44Z</time>
      </trkpt>
      <trkpt lat="-33.352594608440995" lon="21.942821955308318">
        <ele>1214.28</ele>
        <time>2022-01-27T10:00:45Z</time>
      </trkpt>
      <trkpt lat="-33.352937763556838" lon="21.942622130736709">
        <ele>1210.4400000000001</ele>
        <time>2022-01-27T10:00:53Z</time>
      </trkpt>
      <trkpt lat="-33.353231968358159" lon="21.942363297566772">
        <ele>1207.55</ele>
        <time>2022-01-27T10:01:02Z</time>
      </trkpt>
      <trkpt lat="-33.353179078549147" lon="21.94223128259182">
        <ele>1208.03</ele>
        <time>2022-01-27T10:01:06Z</time>
      </trkpt>
      <trkpt lat="-33.353147059679031" lon="21.942199431359768">
        <ele>1208.51</ele>
        <time>2022-01-27T10:01:07Z</time>
      </trkpt>
      <trkpt lat="-33.353116884827614" lon="21.942174285650253">
        <ele>1209</ele>
        <time>2022-01-27T10:01:08Z</time>
      </trkpt>
      <trkpt lat="-33.352714721113443" lon="21.941812857985497">
        <ele>1214.28</ele>
        <time>2022-01-27T10:01:18Z</time>
      </trkpt>
      <trkpt lat="-33.352313144132495" lon="21.941017918288708">
        <ele>1221.01</ele>
        <time>2022-01-27T10:01:30Z</time>
      </trkpt>
      <trkpt lat="-33.352081384509802" lon="21.940619945526123">
        <ele>1224.8599999999999</ele>
        <time>2022-01-27T10:01:36Z</time>
      </trkpt>
      <trkpt lat="-33.352029332891107" lon="21.940576443448663">
        <ele>1225.8199999999999</ele>
        <time>2022-01-27T10:01:37Z</time>
      </trkpt>
      <trkpt lat="-33.351978287100792" lon="21.940550208091736">
        <ele>1225.8199999999999</ele>
        <time>2022-01-27T10:01:38Z</time>
      </trkpt>
      <trkpt lat="-33.351931432262063" lon="21.940535539761186">
        <ele>1226.3</ele>
        <time>2022-01-27T10:01:39Z</time>
      </trkpt>
      <trkpt lat="-33.351886421442032" lon="21.940522715449333">
        <ele>1226.78</ele>
        <time>2022-01-27T10:01:40Z</time>
      </trkpt>
      <trkpt lat="-33.351749209687114" lon="21.940463371574879">
        <ele>1228.7</ele>
        <time>2022-01-27T10:01:43Z</time>
      </trkpt>
      <trkpt lat="-33.351704534143209" lon="21.940429257228971">
        <ele>1228.7</ele>
        <time>2022-01-27T10:01:44Z</time>
      </trkpt>
      <trkpt lat="-33.351661870256066" lon="21.940388437360525">
        <ele>1229.1800000000001</ele>
        <time>2022-01-27T10:01:45Z</time>
      </trkpt>
      <trkpt lat="-33.351622810587287" lon="21.940340157598257">
        <ele>1229.6600000000001</ele>
        <time>2022-01-27T10:01:46Z</time>
      </trkpt>
      <trkpt lat="-33.351586684584618" lon="21.940290369093418">
        <ele>1230.1400000000001</ele>
        <time>2022-01-27T10:01:47Z</time>
      </trkpt>
      <trkpt lat="-33.351558353751898" lon="21.940238904207945">
        <ele>1230.6199999999999</ele>
        <time>2022-01-27T10:01:48Z</time>
      </trkpt>
      <trkpt lat="-33.351537901908159" lon="21.940186684951186">
        <ele>1231.1099999999999</ele>
        <time>2022-01-27T10:01:49Z</time>
      </trkpt>
      <trkpt lat="-33.351522143930197" lon="21.940131867304444">
        <ele>1231.5899999999999</ele>
        <time>2022-01-27T10:01:50Z</time>
      </trkpt>
      <trkpt lat="-33.351509319618344" lon="21.940072858706117">
        <ele>1232.0699999999999</ele>
        <time>2022-01-27T10:01:51Z</time>
      </trkpt>
      <trkpt lat="-33.35149934515357" lon="21.940013850107789">
        <ele>1232.55</ele>
        <time>2022-01-27T10:01:52Z</time>
      </trkpt>
      <trkpt lat="-33.351437235251069" lon="21.939584780484438">
        <ele>1235.9100000000001</ele>
        <time>2022-01-27T10:01:59Z</time>
      </trkpt>
      <trkpt lat="-33.351416112855077" lon="21.939527112990618">
        <ele>1236.3900000000001</ele>
        <time>2022-01-27T10:02:00Z</time>
      </trkpt>
      <trkpt lat="-33.351086117327213" lon="21.938967956230044">
        <ele>1241.2</ele>
        <time>2022-01-27T10:02:11Z</time>
      </trkpt>
      <trkpt lat="-33.350714296102524" lon="21.938579203560948">
        <ele>1246.49</ele>
        <time>2022-01-27T10:02:20Z</time>
      </trkpt>
      <trkpt lat="-33.350728042423725" lon="21.938586328178644">
        <ele>1246.97</ele>
        <time>2022-01-27T10:02:37Z</time>
      </trkpt>
      <trkpt lat="-33.350726952776313" lon="21.938588926568627">
        <ele>1247.45</ele>
        <time>2022-01-27T10:03:14Z</time>
      </trkpt>
      <trkpt lat="-33.350722761824727" lon="21.938595212996006">
        <ele>1246.49</ele>
        <time>2022-01-27T10:03:49Z</time>
      </trkpt>
      <trkpt lat="-33.350723851472139" lon="21.938591357320547">
        <ele>1247.9300000000001</ele>
        <time>2022-01-27T10:04:23Z</time>
      </trkpt>
      <trkpt lat="-33.350724186748266" lon="21.938584232702851">
        <ele>1247.45</ele>
        <time>2022-01-27T10:04:51Z</time>
      </trkpt>
      <trkpt lat="-33.350720414891839" lon="21.938585573807359">
        <ele>1246.49</ele>
        <time>2022-01-27T10:05:20Z</time>
      </trkpt>
      <trkpt lat="-33.350719157606363" lon="21.938588842749596">
        <ele>1246.49</ele>
        <time>2022-01-27T10:06:01Z</time>
      </trkpt>
      <trkpt lat="-33.350726198405027" lon="21.938589848577976">
        <ele>1246.01</ele>
        <time>2022-01-27T10:06:33Z</time>
      </trkpt>
      <trkpt lat="-33.350723935291171" lon="21.938587836921215">
        <ele>1246.01</ele>
        <time>2022-01-27T10:07:08Z</time>
      </trkpt>
      <trkpt lat="-33.35073022171855" lon="21.938576437532902">
        <ele>1243.5999999999999</ele>
        <time>2022-01-27T10:07:37Z</time>
      </trkpt>
      <trkpt lat="-33.350731395184994" lon="21.938579706475139">
        <ele>1244.0799999999999</ele>
        <time>2022-01-27T10:08:07Z</time>
      </trkpt>
      <trkpt lat="-33.350606923922896" lon="21.938479207456112">
        <ele>1245.53</ele>
        <time>2022-01-27T10:08:27Z</time>
      </trkpt>
      <trkpt lat="-33.349922876805067" lon="21.938207466155291">
        <ele>1248.8900000000001</ele>
        <time>2022-01-27T10:08:39Z</time>
      </trkpt>
      <trkpt lat="-33.349476037546992" lon="21.938052149489522">
        <ele>1249.3699999999999</ele>
        <time>2022-01-27T10:08:49Z</time>
      </trkpt>
      <trkpt lat="-33.348933309316635" lon="21.937657948583364">
        <ele>1252.74</ele>
        <time>2022-01-27T10:09:00Z</time>
      </trkpt>
      <trkpt lat="-33.348539108410478" lon="21.937108347192407">
        <ele>1255.1400000000001</ele>
        <time>2022-01-27T10:09:10Z</time>
      </trkpt>
      <trkpt lat="-33.347963355481625" lon="21.936301002278924">
        <ele>1260.4300000000001</ele>
        <time>2022-01-27T10:09:25Z</time>
      </trkpt>
      <trkpt lat="-33.347284169867635" lon="21.935872100293636">
        <ele>1261.3900000000001</ele>
        <time>2022-01-27T10:09:33Z</time>
      </trkpt>
      <trkpt lat="-33.346808664500713" lon="21.935622990131378">
        <ele>1259.9400000000001</ele>
        <time>2022-01-27T10:09:39Z</time>
      </trkpt>
      <trkpt lat="-33.346725348383188" lon="21.935586780309677">
        <ele>1259.46</ele>
        <time>2022-01-27T10:09:41Z</time>
      </trkpt>
      <trkpt lat="-33.346682349219918" lon="21.935559790581465">
        <ele>1259.46</ele>
        <time>2022-01-27T10:09:42Z</time>
      </trkpt>
      <trkpt lat="-33.346637589856982" lon="21.93552634678781">
        <ele>1258.98</ele>
        <time>2022-01-27T10:09:43Z</time>
      </trkpt>
      <trkpt lat="-33.346592327579856" lon="21.935488376766443">
        <ele>1258.5</ele>
        <time>2022-01-27T10:09:44Z</time>
      </trkpt>
      <trkpt lat="-33.346549160778522" lon="21.935448898002505">
        <ele>1258.02</ele>
        <time>2022-01-27T10:09:45Z</time>
      </trkpt>
      <trkpt lat="-33.346509849652648" lon="21.935410592705011">
        <ele>1258.02</ele>
        <time>2022-01-27T10:09:46Z</time>
      </trkpt>
      <trkpt lat="-33.346240874379873" lon="21.935055451467633">
        <ele>1255.1400000000001</ele>
        <time>2022-01-27T10:09:56Z</time>
      </trkpt>
      <trkpt lat="-33.345886319875717" lon="21.93443619646132">
        <ele>1253.7</ele>
        <time>2022-01-27T10:10:08Z</time>
      </trkpt>
      <trkpt lat="-33.345764614641666" lon="21.934148026630282">
        <ele>1253.7</ele>
        <time>2022-01-27T10:10:13Z</time>
      </trkpt>
      <trkpt lat="-33.345574429258704" lon="21.933195255696774">
        <ele>1253.22</ele>
        <time>2022-01-27T10:10:26Z</time>
      </trkpt>
      <trkpt lat="-33.345595551654696" lon="21.932636350393295">
        <ele>1253.7</ele>
        <time>2022-01-27T10:10:35Z</time>
      </trkpt>
      <trkpt lat="-33.345645256340504" lon="21.932233097031713">
        <ele>1254.6600000000001</ele>
        <time>2022-01-27T10:10:41Z</time>
      </trkpt>
      <trkpt lat="-33.345831502228975" lon="21.931418376043439">
        <ele>1256.0999999999999</ele>
        <time>2022-01-27T10:10:53Z</time>
      </trkpt>
      <trkpt lat="-33.346035517752171" lon="21.930584795773029">
        <ele>1260.9100000000001</ele>
        <time>2022-01-27T10:11:04Z</time>
      </trkpt>
      <trkpt lat="-33.346144985407591" lon="21.930022537708282">
        <ele>1265.71</ele>
        <time>2022-01-27T10:11:14Z</time>
      </trkpt>
      <trkpt lat="-33.346337769180536" lon="21.929251905530691">
        <ele>1274.3599999999999</ele>
        <time>2022-01-27T10:11:27Z</time>
      </trkpt>
      <trkpt lat="-33.346526613458991" lon="21.928408350795507">
        <ele>1282.54</ele>
        <time>2022-01-27T10:11:42Z</time>
      </trkpt>
      <trkpt lat="-33.346662567928433" lon="21.927831843495369">
        <ele>1285.4200000000001</ele>
        <time>2022-01-27T10:11:55Z</time>
      </trkpt>
      <trkpt lat="-33.346661562100053" lon="21.927838465198874">
        <ele>1285.4200000000001</ele>
        <time>2022-01-27T10:12:15Z</time>
      </trkpt>
      <trkpt lat="-33.346661059185863" lon="21.927841063588858">
        <ele>1284.46</ele>
        <time>2022-01-27T10:12:45Z</time>
      </trkpt>
      <trkpt lat="-33.346658460795879" lon="21.927843661978841">
        <ele>1283.98</ele>
        <time>2022-01-27T10:13:13Z</time>
      </trkpt>
      <trkpt lat="-33.346654353663325" lon="21.927844416350126">
        <ele>1284.46</ele>
        <time>2022-01-27T10:13:44Z</time>
      </trkpt>
      <trkpt lat="-33.346660556271672" lon="21.927842991426587">
        <ele>1284.46</ele>
        <time>2022-01-27T10:14:13Z</time>
      </trkpt>
      <trkpt lat="-33.346661645919085" lon="21.927847182378173">
        <ele>1285.4200000000001</ele>
        <time>2022-01-27T10:14:36Z</time>
      </trkpt>
      <trkpt lat="-33.34671906195581" lon="21.927739474922419">
        <ele>1284.46</ele>
        <time>2022-01-27T10:14:54Z</time>
      </trkpt>
      <trkpt lat="-33.346930034458637" lon="21.927353739738464">
        <ele>1282.0599999999999</ele>
        <time>2022-01-27T10:15:04Z</time>
      </trkpt>
      <trkpt lat="-33.346971021965146" lon="21.927283247932792">
        <ele>1281.5699999999999</ele>
        <time>2022-01-27T10:15:21Z</time>
      </trkpt>
      <trkpt lat="-33.347265394404531" lon="21.92677354440093">
        <ele>1277.73</ele>
        <time>2022-01-27T10:15:33Z</time>
      </trkpt>
      <trkpt lat="-33.347291545942426" lon="21.926710763946176">
        <ele>1277.25</ele>
        <time>2022-01-27T10:15:34Z</time>
      </trkpt>
      <trkpt lat="-33.347354913130403" lon="21.926493588835001">
        <ele>1275.3299999999999</ele>
        <time>2022-01-27T10:15:38Z</time>
      </trkpt>
      <trkpt lat="-33.347557168453932" lon="21.925858994945884">
        <ele>1269.0799999999999</ele>
        <time>2022-01-27T10:15:48Z</time>
      </trkpt>
      <trkpt lat="-33.347780797630548" lon="21.925453897565603">
        <ele>1265.71</ele>
        <time>2022-01-27T10:15:56Z</time>
      </trkpt>
      <trkpt lat="-33.348122863098979" lon="21.924869092181325">
        <ele>1259.9400000000001</ele>
        <time>2022-01-27T10:16:08Z</time>
      </trkpt>
      <trkpt lat="-33.348140213638544" lon="21.924824751913548">
        <ele>1259.9400000000001</ele>
        <time>2022-01-27T10:16:09Z</time>
      </trkpt>
      <trkpt lat="-33.348153289407492" lon="21.924778064712882">
        <ele>1259.46</ele>
        <time>2022-01-27T10:16:10Z</time>
      </trkpt>
      <trkpt lat="-33.34817374125123" lon="21.924673290923238">
        <ele>1258.98</ele>
        <time>2022-01-27T10:16:12Z</time>
      </trkpt>
      <trkpt lat="-33.348174244165421" lon="21.924615623429418">
        <ele>1258.5</ele>
        <time>2022-01-27T10:16:13Z</time>
      </trkpt>
      <trkpt lat="-33.348163431510329" lon="21.924552675336599">
        <ele>1258.5</ele>
        <time>2022-01-27T10:16:14Z</time>
      </trkpt>
      <trkpt lat="-33.348141554743052" lon="21.924485871568322">
        <ele>1258.02</ele>
        <time>2022-01-27T10:16:15Z</time>
      </trkpt>
      <trkpt lat="-33.34811070933938" lon="21.924417642876506">
        <ele>1258.02</ele>
        <time>2022-01-27T10:16:16Z</time>
      </trkpt>
      <trkpt lat="-33.348076678812504" lon="21.924350084736943">
        <ele>1257.54</ele>
        <time>2022-01-27T10:16:17Z</time>
      </trkpt>
      <trkpt lat="-33.347942400723696" lon="21.923918249085546">
        <ele>1254.1800000000001</ele>
        <time>2022-01-27T10:16:23Z</time>
      </trkpt>
      <trkpt lat="-33.347775852307677" lon="21.922892555594444">
        <ele>1245.53</ele>
        <time>2022-01-27T10:16:38Z</time>
      </trkpt>
      <trkpt lat="-33.347742240875959" lon="21.922772778198123">
        <ele>1245.04</ele>
        <time>2022-01-27T10:16:40Z</time>
      </trkpt>
      <trkpt lat="-33.347570160403848" lon="21.922315210103989">
        <ele>1240.24</ele>
        <time>2022-01-27T10:16:49Z</time>
      </trkpt>
      <trkpt lat="-33.347519533708692" lon="21.921818917617202">
        <ele>1235.9100000000001</ele>
        <time>2022-01-27T10:16:57Z</time>
      </trkpt>
      <trkpt lat="-33.347525233402848" lon="21.921767117455602">
        <ele>1235.4300000000001</ele>
        <time>2022-01-27T10:16:58Z</time>
      </trkpt>
      <trkpt lat="-33.347554318606853" lon="21.92160040140152">
        <ele>1234.47</ele>
        <time>2022-01-27T10:17:01Z</time>
      </trkpt>
      <trkpt lat="-33.347605280578136" lon="21.921389177441597">
        <ele>1233.03</ele>
        <time>2022-01-27T10:17:04Z</time>
      </trkpt>
      <trkpt lat="-33.347645681351423" lon="21.921091116964817">
        <ele>1230.6199999999999</ele>
        <time>2022-01-27T10:17:08Z</time>
      </trkpt>
      <trkpt lat="-33.347639897838235" lon="21.921026241034269">
        <ele>1229.6600000000001</ele>
        <time>2022-01-27T10:17:09Z</time>
      </trkpt>
      <trkpt lat="-33.347625732421875" lon="21.920968238264322">
        <ele>1229.1800000000001</ele>
        <time>2022-01-27T10:17:10Z</time>
      </trkpt>
      <trkpt lat="-33.347608549520373" lon="21.920913169160485">
        <ele>1229.1800000000001</ele>
        <time>2022-01-27T10:17:11Z</time>
      </trkpt>
      <trkpt lat="-33.347587678581476" lon="21.920857010409236">
        <ele>1229.1800000000001</ele>
        <time>2022-01-27T10:17:12Z</time>
      </trkpt>
      <trkpt lat="-33.347561191767454" lon="21.920798840001225">
        <ele>1228.7</ele>
        <time>2022-01-27T10:17:13Z</time>
      </trkpt>
      <trkpt lat="-33.347530933097005" lon="21.920734634622931">
        <ele>1228.22</ele>
        <time>2022-01-27T10:17:14Z</time>
      </trkpt>
      <trkpt lat="-33.347428422421217" lon="21.920450404286385">
        <ele>1225.8199999999999</ele>
        <time>2022-01-27T10:17:18Z</time>
      </trkpt>
      <trkpt lat="-33.347416184842587" lon="21.920377733185887">
        <ele>1225.3399999999999</ele>
        <time>2022-01-27T10:17:19Z</time>
      </trkpt>
      <trkpt lat="-33.347412329167128" lon="21.920307241380215">
        <ele>1224.8599999999999</ele>
        <time>2022-01-27T10:17:20Z</time>
      </trkpt>
      <trkpt lat="-33.347424734383821" lon="21.91996006295085">
        <ele>1221.97</ele>
        <time>2022-01-27T10:17:25Z</time>
      </trkpt>
      <trkpt lat="-33.347418112680316" lon="21.919887894764543">
        <ele>1221.49</ele>
        <time>2022-01-27T10:17:26Z</time>
      </trkpt>
      <trkpt lat="-33.347402270883322" lon="21.919818827882409">
        <ele>1221.01</ele>
        <time>2022-01-27T10:17:27Z</time>
      </trkpt>
      <trkpt lat="-33.347376538440585" lon="21.919749090448022">
        <ele>1220.53</ele>
        <time>2022-01-27T10:17:28Z</time>
      </trkpt>
      <trkpt lat="-33.347344854846597" lon="21.919681532308459">
        <ele>1220.05</ele>
        <time>2022-01-27T10:17:29Z</time>
      </trkpt>
      <trkpt lat="-33.347312584519386" lon="21.919615147635341">
        <ele>1219.5699999999999</ele>
        <time>2022-01-27T10:17:30Z</time>
      </trkpt>
      <trkpt lat="-33.347286516800523" lon="21.919548930600286">
        <ele>1218.6099999999999</ele>
        <time>2022-01-27T10:17:31Z</time>
      </trkpt>
      <trkpt lat="-33.347269417718053" lon="21.919480701908469">
        <ele>1218.1300000000001</ele>
        <time>2022-01-27T10:17:32Z</time>
      </trkpt>
      <trkpt lat="-33.347260029986501" lon="21.919409539550543">
        <ele>1217.6500000000001</ele>
        <time>2022-01-27T10:17:33Z</time>
      </trkpt>
      <trkpt lat="-33.347257012501359" lon="21.919337958097458">
        <ele>1216.6900000000001</ele>
        <time>2022-01-27T10:17:34Z</time>
      </trkpt>
      <trkpt lat="-33.347258353605866" lon="21.919267969205976">
        <ele>1215.72</ele>
        <time>2022-01-27T10:17:35Z</time>
      </trkpt>
      <trkpt lat="-33.347267070785165" lon="21.91919831559062">
        <ele>1215.24</ele>
        <time>2022-01-27T10:17:36Z</time>
      </trkpt>
      <trkpt lat="-33.347280817106366" lon="21.919127069413662">
        <ele>1214.28</ele>
        <time>2022-01-27T10:17:37Z</time>
      </trkpt>
      <trkpt lat="-33.347504194825888" lon="21.918336655944586">
        <ele>1207.0699999999999</ele>
        <time>2022-01-27T10:17:50Z</time>
      </trkpt>
      <trkpt lat="-33.347592288628221" lon="21.917670127004385">
        <ele>1200.8199999999999</ele>
        <time>2022-01-27T10:18:02Z</time>
      </trkpt>
      <trkpt lat="-33.347586002200842" lon="21.91758488304913">
        <ele>1200.3399999999999</ele>
        <time>2022-01-27T10:18:03Z</time>
      </trkpt>
      <trkpt lat="-33.34756831638515" lon="21.917500393465161">
        <ele>1199.8599999999999</ele>
        <time>2022-01-27T10:18:04Z</time>
      </trkpt>
      <trkpt lat="-33.347433032467961" lon="21.917038047686219">
        <ele>1195.54</ele>
        <time>2022-01-27T10:18:10Z</time>
      </trkpt>
      <trkpt lat="-33.34740461781621" lon="21.916979877278209">
        <ele>1195.0599999999999</ele>
        <time>2022-01-27T10:18:11Z</time>
      </trkpt>
      <trkpt lat="-33.347362959757447" lon="21.916908714920282">
        <ele>1194.0899999999999</ele>
        <time>2022-01-27T10:18:12Z</time>
      </trkpt>
      <trkpt lat="-33.347020726650953" lon="21.916470509022474">
        <ele>1188.8099999999999</ele>
        <time>2022-01-27T10:18:18Z</time>
      </trkpt>
      <trkpt lat="-33.346949983388186" lon="21.916412590071559">
        <ele>1187.8499999999999</ele>
        <time>2022-01-27T10:18:19Z</time>
      </trkpt>
      <trkpt lat="-33.346206676214933" lon="21.916046887636185">
        <ele>1179.6700000000001</ele>
        <time>2022-01-27T10:18:29Z</time>
      </trkpt>
      <trkpt lat="-33.34510856308043" lon="21.915891151875257">
        <ele>1168.6199999999999</ele>
        <time>2022-01-27T10:18:42Z</time>
      </trkpt>
      <trkpt lat="-33.344217566773295" lon="21.91573834978044">
        <ele>1160.9300000000001</ele>
        <time>2022-01-27T10:18:54Z</time>
      </trkpt>
      <trkpt lat="-33.343787826597691" lon="21.915608597919345">
        <ele>1157.5599999999999</ele>
        <time>2022-01-27T10:19:00Z</time>
      </trkpt>
      <trkpt lat="-33.343724627047777" lon="21.915574735030532">
        <ele>1157.0799999999999</ele>
        <time>2022-01-27T10:19:01Z</time>
      </trkpt>
      <trkpt lat="-33.343667546287179" lon="21.915536848828197">
        <ele>1156.5999999999999</ele>
        <time>2022-01-27T10:19:02Z</time>
      </trkpt>
      <trkpt lat="-33.343613902106881" lon="21.915493849664927">
        <ele>1156.1199999999999</ele>
        <time>2022-01-27T10:19:03Z</time>
      </trkpt>
      <trkpt lat="-33.343564951792359" lon="21.915446324273944">
        <ele>1155.6400000000001</ele>
        <time>2022-01-27T10:19:04Z</time>
      </trkpt>
      <trkpt lat="-33.34351709112525" lon="21.915397373959422">
        <ele>1155.1600000000001</ele>
        <time>2022-01-27T10:19:05Z</time>
      </trkpt>
      <trkpt lat="-33.342983247712255" lon="21.914729168638587">
        <ele>1151.3199999999999</ele>
        <time>2022-01-27T10:19:18Z</time>
      </trkpt>
      <trkpt lat="-33.342730449512601" lon="21.914190128445625">
        <ele>1147.95</ele>
        <time>2022-01-27T10:19:28Z</time>
      </trkpt>
      <trkpt lat="-33.342453259974718" lon="21.913341796025634">
        <ele>1144.1099999999999</ele>
        <time>2022-01-27T10:19:40Z</time>
      </trkpt>
      <trkpt lat="-33.34234144538641" lon="21.912795463576913">
        <ele>1141.7</ele>
        <time>2022-01-27T10:19:49Z</time>
      </trkpt>
      <trkpt lat="-33.342248490080237" lon="21.911920644342899">
        <ele>1138.3399999999999</ele>
        <time>2022-01-27T10:20:02Z</time>
      </trkpt>
      <trkpt lat="-33.342233737930655" lon="21.911496017128229">
        <ele>1136.4200000000001</ele>
        <time>2022-01-27T10:20:11Z</time>
      </trkpt>
      <trkpt lat="-33.342174980789423" lon="21.91112469881773">
        <ele>1134.97</ele>
        <time>2022-01-27T10:20:17Z</time>
      </trkpt>
      <trkpt lat="-33.342158468440175" lon="21.911060074344277">
        <ele>1134.97</ele>
        <time>2022-01-27T10:20:18Z</time>
      </trkpt>
      <trkpt lat="-33.341860910877585" lon="21.910141250118613">
        <ele>1130.1700000000001</ele>
        <time>2022-01-27T10:20:31Z</time>
      </trkpt>
      <trkpt lat="-33.341698134317994" lon="21.909646382555366">
        <ele>1127.28</ele>
        <time>2022-01-27T10:20:39Z</time>
      </trkpt>
      <trkpt lat="-33.341474672779441" lon="21.908868541941047">
        <ele>1121.03</ele>
        <time>2022-01-27T10:20:51Z</time>
      </trkpt>
      <trkpt lat="-33.341438211500645" lon="21.908624712377787">
        <ele>1119.1099999999999</ele>
        <time>2022-01-27T10:20:55Z</time>
      </trkpt>
      <trkpt lat="-33.341443743556738" lon="21.908569894731045">
        <ele>1119.1099999999999</ele>
        <time>2022-01-27T10:20:56Z</time>
      </trkpt>
      <trkpt lat="-33.341453382745385" lon="21.908516837283969">
        <ele>1118.6300000000001</ele>
        <time>2022-01-27T10:20:57Z</time>
      </trkpt>
      <trkpt lat="-33.34146729670465" lon="21.908465540036559">
        <ele>1118.6300000000001</ele>
        <time>2022-01-27T10:20:58Z</time>
      </trkpt>
      <trkpt lat="-33.341485066339374" lon="21.908409046009183">
        <ele>1118.6300000000001</ele>
        <time>2022-01-27T10:20:59Z</time>
      </trkpt>
      <trkpt lat="-33.341566370800138" lon="21.90808592364192">
        <ele>1118.6300000000001</ele>
        <time>2022-01-27T10:21:04Z</time>
      </trkpt>
      <trkpt lat="-33.341599479317665" lon="21.908000344410539">
        <ele>1118.6300000000001</ele>
        <time>2022-01-27T10:21:05Z</time>
      </trkpt>
      <trkpt lat="-33.341882284730673" lon="21.907081436365843">
        <ele>1121.52</ele>
        <time>2022-01-27T10:21:14Z</time>
      </trkpt>
      <trkpt lat="-33.342366339638829" lon="21.905718287453055">
        <ele>1120.55</ele>
        <time>2022-01-27T10:21:26Z</time>
      </trkpt>
      <trkpt lat="-33.342688037082553" lon="21.904904404655099">
        <ele>1120.0699999999999</ele>
        <time>2022-01-27T10:21:32Z</time>
      </trkpt>
      <trkpt lat="-33.343004789203405" lon="21.903915172442794">
        <ele>1119.1099999999999</ele>
        <time>2022-01-27T10:21:41Z</time>
      </trkpt>
      <trkpt lat="-33.343255240470171" lon="21.903138253837824">
        <ele>1115.75</ele>
        <time>2022-01-27T10:21:48Z</time>
      </trkpt>
      <trkpt lat="-33.343301676213741" lon="21.903053596615791">
        <ele>1115.27</ele>
        <time>2022-01-27T10:21:49Z</time>
      </trkpt>
      <trkpt lat="-33.343457914888859" lon="21.902829129248857">
        <ele>1114.79</ele>
        <time>2022-01-27T10:21:52Z</time>
      </trkpt>
      <trkpt lat="-33.343516755849123" lon="21.902773892506957">
        <ele>1114.79</ele>
        <time>2022-01-27T10:21:53Z</time>
      </trkpt>
      <trkpt lat="-33.343581296503544" lon="21.902735168114305">
        <ele>1115.27</ele>
        <time>2022-01-27T10:21:54Z</time>
      </trkpt>
      <trkpt lat="-33.343647513538599" lon="21.902716979384422">
        <ele>1115.75</ele>
        <time>2022-01-27T10:21:55Z</time>
      </trkpt>
      <trkpt lat="-33.343711048364639" lon="21.902722511440516">
        <ele>1116.23</ele>
        <time>2022-01-27T10:21:56Z</time>
      </trkpt>
      <trkpt lat="-33.343766452744603" lon="21.902746316045523">
        <ele>1116.71</ele>
        <time>2022-01-27T10:21:57Z</time>
      </trkpt>
      <trkpt lat="-33.343815989792347" lon="21.902783280238509">
        <ele>1117.1900000000001</ele>
        <time>2022-01-27T10:21:58Z</time>
      </trkpt>
      <trkpt lat="-33.343857228755951" lon="21.902830637991428">
        <ele>1117.6700000000001</ele>
        <time>2022-01-27T10:21:59Z</time>
      </trkpt>
      <trkpt lat="-33.343889666721225" lon="21.902887467294931">
        <ele>1117.6700000000001</ele>
        <time>2022-01-27T10:22:00Z</time>
      </trkpt>
      <trkpt lat="-33.343920009210706" lon="21.902949744835496">
        <ele>1117.6700000000001</ele>
        <time>2022-01-27T10:22:01Z</time>
      </trkpt>
      <trkpt lat="-33.343954794108868" lon="21.90301101654768">
        <ele>1117.1900000000001</ele>
        <time>2022-01-27T10:22:02Z</time>
      </trkpt>
      <trkpt lat="-33.343993853777647" lon="21.903058961033821">
        <ele>1117.1900000000001</ele>
        <time>2022-01-27T10:22:03Z</time>
      </trkpt>
      <trkpt lat="-33.344035092741251" lon="21.903094919398427">
        <ele>1117.1900000000001</ele>
        <time>2022-01-27T10:22:04Z</time>
      </trkpt>
      <trkpt lat="-33.344075996428728" lon="21.90311654470861">
        <ele>1117.1900000000001</ele>
        <time>2022-01-27T10:22:05Z</time>
      </trkpt>
      <trkpt lat="-33.344117738306522" lon="21.903127189725637">
        <ele>1117.1900000000001</ele>
        <time>2022-01-27T10:22:06Z</time>
      </trkpt>
      <trkpt lat="-33.344158641993999" lon="21.903127944096923">
        <ele>1117.1900000000001</ele>
        <time>2022-01-27T10:22:07Z</time>
      </trkpt>
      <trkpt lat="-33.344202982261777" lon="21.903113108128309">
        <ele>1116.71</ele>
        <time>2022-01-27T10:22:08Z</time>
      </trkpt>
      <trkpt lat="-33.344255285337567" lon="21.903080502524972">
        <ele>1116.23</ele>
        <time>2022-01-27T10:22:09Z</time>
      </trkpt>
      <trkpt lat="-33.344308594241738" lon="21.903033563867211">
        <ele>1115.75</ele>
        <time>2022-01-27T10:22:10Z</time>
      </trkpt>
      <trkpt lat="-33.344358718022704" lon="21.902976566925645">
        <ele>1114.79</ele>
        <time>2022-01-27T10:22:11Z</time>
      </trkpt>
      <trkpt lat="-33.344396688044071" lon="21.902913954108953">
        <ele>1114.79</ele>
        <time>2022-01-27T10:22:12Z</time>
      </trkpt>
      <trkpt lat="-33.344418397173285" lon="21.902848491445184">
        <ele>1115.27</ele>
        <time>2022-01-27T10:22:13Z</time>
      </trkpt>
      <trkpt lat="-33.344427365809679" lon="21.902779340744019">
        <ele>1115.27</ele>
        <time>2022-01-27T10:22:14Z</time>
      </trkpt>
      <trkpt lat="-33.344423258677125" lon="21.902705496177077">
        <ele>1115.27</ele>
        <time>2022-01-27T10:22:15Z</time>
      </trkpt>
      <trkpt lat="-33.344406075775623" lon="21.902625449001789">
        <ele>1114.79</ele>
        <time>2022-01-27T10:22:16Z</time>
      </trkpt>
      <trkpt lat="-33.344381432980299" lon="21.902546659111977">
        <ele>1114.3099999999999</ele>
        <time>2022-01-27T10:22:17Z</time>
      </trkpt>
      <trkpt lat="-33.344353102147579" lon="21.902472814545035">
        <ele>1113.8199999999999</ele>
        <time>2022-01-27T10:22:18Z</time>
      </trkpt>
      <trkpt lat="-33.344054874032736" lon="21.901718191802502">
        <ele>1101.8099999999999</ele>
        <time>2022-01-27T10:22:30Z</time>
      </trkpt>
      <trkpt lat="-33.34404774941504" lon="21.901659686118364">
        <ele>1100.3699999999999</ele>
        <time>2022-01-27T10:22:31Z</time>
      </trkpt>
      <trkpt lat="-33.344044564291835" lon="21.901603862643242">
        <ele>1099.4000000000001</ele>
        <time>2022-01-27T10:22:32Z</time>
      </trkpt>
      <trkpt lat="-33.344220332801342" lon="21.901102876290679">
        <ele>1092.6800000000001</ele>
        <time>2022-01-27T10:22:43Z</time>
      </trkpt>
      <trkpt lat="-33.34440004080534" lon="21.900797942653298">
        <ele>1089.3099999999999</ele>
        <time>2022-01-27T10:22:49Z</time>
      </trkpt>
      <trkpt lat="-33.344437004998326" lon="21.900758128613234">
        <ele>1088.3499999999999</ele>
        <time>2022-01-27T10:22:50Z</time>
      </trkpt>
      <trkpt lat="-33.344897506758571" lon="21.900375327095389">
        <ele>1083.54</ele>
        <time>2022-01-27T10:22:58Z</time>
      </trkpt>
      <trkpt lat="-33.344931956380606" lon="21.900337859988213">
        <ele>1083.0599999999999</ele>
        <time>2022-01-27T10:22:59Z</time>
      </trkpt>
      <trkpt lat="-33.344955928623676" lon="21.900294860824943">
        <ele>1082.5799999999999</ele>
        <time>2022-01-27T10:23:00Z</time>
      </trkpt>
      <trkpt lat="-33.344969172030687" lon="21.900244317948818">
        <ele>1081.6199999999999</ele>
        <time>2022-01-27T10:23:01Z</time>
      </trkpt>
      <trkpt lat="-33.34496732801199" lon="21.900195367634296">
        <ele>1081.1400000000001</ele>
        <time>2022-01-27T10:23:02Z</time>
      </trkpt>
      <trkpt lat="-33.344951989129186" lon="21.900146836414933">
        <ele>1081.1400000000001</ele>
        <time>2022-01-27T10:23:03Z</time>
      </trkpt>
      <trkpt lat="-33.344926089048386" lon="21.900098053738475">
        <ele>1081.1400000000001</ele>
        <time>2022-01-27T10:23:04Z</time>
      </trkpt>
      <trkpt lat="-33.344892980530858" lon="21.900052120909095">
        <ele>1080.6600000000001</ele>
        <time>2022-01-27T10:23:05Z</time>
      </trkpt>
      <trkpt lat="-33.344856183975935" lon="21.900010295212269">
        <ele>1080.6600000000001</ele>
        <time>2022-01-27T10:23:06Z</time>
      </trkpt>
      <trkpt lat="-33.344818465411663" lon="21.89997173845768">
        <ele>1080.1800000000001</ele>
        <time>2022-01-27T10:23:07Z</time>
      </trkpt>
      <trkpt lat="-33.344740513712168" lon="21.899887667968869">
        <ele>1079.7</ele>
        <time>2022-01-27T10:23:09Z</time>
      </trkpt>
      <trkpt lat="-33.344705896452069" lon="21.899838550016284">
        <ele>1079.7</ele>
        <time>2022-01-27T10:23:10Z</time>
      </trkpt>
      <trkpt lat="-33.344479165971279" lon="21.899368409067392">
        <ele>1075.3699999999999</ele>
        <time>2022-01-27T10:23:19Z</time>
      </trkpt>
      <trkpt lat="-33.34425444714725" lon="21.898615714162588">
        <ele>1064.3199999999999</ele>
        <time>2022-01-27T10:23:31Z</time>
      </trkpt>
      <trkpt lat="-33.343993350863457" lon="21.897545009851456">
        <ele>1063.8399999999999</ele>
        <time>2022-01-27T10:23:42Z</time>
      </trkpt>
      <trkpt lat="-33.343691350892186" lon="21.8964081723243">
        <ele>1058.0699999999999</ele>
        <time>2022-01-27T10:23:51Z</time>
      </trkpt>
      <trkpt lat="-33.343324977904558" lon="21.895098583772779">
        <ele>1053.74</ele>
        <time>2022-01-27T10:24:00Z</time>
      </trkpt>
      <trkpt lat="-33.34295810200274" lon="21.893696123734117">
        <ele>1050.3800000000001</ele>
        <time>2022-01-27T10:24:11Z</time>
      </trkpt>
      <trkpt lat="-33.342796750366688" lon="21.892869668081403">
        <ele>1043.6500000000001</ele>
        <time>2022-01-27T10:24:20Z</time>
      </trkpt>
      <trkpt lat="-33.342709075659513" lon="21.892188303172588">
        <ele>1034.04</ele>
        <time>2022-01-27T10:24:28Z</time>
      </trkpt>
      <trkpt lat="-33.342588962987065" lon="21.891251122578979">
        <ele>1028.27</ele>
        <time>2022-01-27T10:24:38Z</time>
      </trkpt>
      <trkpt lat="-33.342428030446172" lon="21.890129204839468">
        <ele>1025.8599999999999</ele>
        <time>2022-01-27T10:24:48Z</time>
      </trkpt>
      <trkpt lat="-33.34229945205152" lon="21.889019273221493">
        <ele>1026.8299999999999</ele>
        <time>2022-01-27T10:24:57Z</time>
      </trkpt>
      <trkpt lat="-33.342267014086246" lon="21.888797823339701">
        <ele>1025.8599999999999</ele>
        <time>2022-01-27T10:24:59Z</time>
      </trkpt>
      <trkpt lat="-33.342243209481239" lon="21.888699671253562">
        <ele>1025.8599999999999</ele>
        <time>2022-01-27T10:25:00Z</time>
      </trkpt>
      <trkpt lat="-33.342196438461542" lon="21.888501020148396">
        <ele>1023.9400000000001</ele>
        <time>2022-01-27T10:25:02Z</time>
      </trkpt>
      <trkpt lat="-33.342186212539673" lon="21.88839859329164">
        <ele>1023.46</ele>
        <time>2022-01-27T10:25:03Z</time>
      </trkpt>
      <trkpt lat="-33.342066938057542" lon="21.887321351096034">
        <ele>1017.21</ele>
        <time>2022-01-27T10:25:14Z</time>
      </trkpt>
      <trkpt lat="-33.342059142887592" lon="21.887240214273334">
        <ele>1016.73</ele>
        <time>2022-01-27T10:25:15Z</time>
      </trkpt>
      <trkpt lat="-33.342059729620814" lon="21.887158490717411">
        <ele>1016.25</ele>
        <time>2022-01-27T10:25:16Z</time>
      </trkpt>
      <trkpt lat="-33.342064758762717" lon="21.887072240933776">
        <ele>1015.29</ele>
        <time>2022-01-27T10:25:17Z</time>
      </trkpt>
      <trkpt lat="-33.342069117352366" lon="21.886440413072705">
        <ele>1010</ele>
        <time>2022-01-27T10:25:24Z</time>
      </trkpt>
      <trkpt lat="-33.342008013278246" lon="21.886087534949183">
        <ele>1005.6799999999999</ele>
        <time>2022-01-27T10:25:28Z</time>
      </trkpt>
      <trkpt lat="-33.342005498707294" lon="21.886000614613295">
        <ele>1004.72</ele>
        <time>2022-01-27T10:25:29Z</time>
      </trkpt>
      <trkpt lat="-33.342008348554373" lon="21.885918136686087">
        <ele>1003.75</ele>
        <time>2022-01-27T10:25:30Z</time>
      </trkpt>
      <trkpt lat="-33.342016311362386" lon="21.885838424786925">
        <ele>1002.79</ele>
        <time>2022-01-27T10:25:31Z</time>
      </trkpt>
      <trkpt lat="-33.342031231150031" lon="21.885763490572572">
        <ele>1001.83</ele>
        <time>2022-01-27T10:25:32Z</time>
      </trkpt>
      <trkpt lat="-33.342049587517977" lon="21.885693334043026">
        <ele>1000.87</ele>
        <time>2022-01-27T10:25:33Z</time>
      </trkpt>
      <trkpt lat="-33.342070039361715" lon="21.88562510535121">
        <ele>999.90999999999997</ele>
        <time>2022-01-27T10:25:34Z</time>
      </trkpt>
      <trkpt lat="-33.342356784269214" lon="21.885078605264425">
        <ele>993.17999999999995</ele>
        <time>2022-01-27T10:25:42Z</time>
      </trkpt>
      <trkpt lat="-33.342392910271883" lon="21.884999312460423">
        <ele>992.22000000000003</ele>
        <time>2022-01-27T10:25:43Z</time>
      </trkpt>
      <trkpt lat="-33.34274360910058" lon="21.884250054135919">
        <ele>985.00999999999999</ele>
        <time>2022-01-27T10:25:53Z</time>
      </trkpt>
      <trkpt lat="-33.342783590778708" lon="21.884203869849443">
        <ele>984.52999999999997</ele>
        <time>2022-01-27T10:25:54Z</time>
      </trkpt>
      <trkpt lat="-33.342821393162012" lon="21.884169168770313">
        <ele>984.04999999999995</ele>
        <time>2022-01-27T10:25:55Z</time>
      </trkpt>
      <trkpt lat="-33.342855423688889" lon="21.884145364165306">
        <ele>983.57000000000005</ele>
        <time>2022-01-27T10:25:56Z</time>
      </trkpt>
      <trkpt lat="-33.34289213642478" lon="21.884130192920566">
        <ele>983.09000000000003</ele>
        <time>2022-01-27T10:25:57Z</time>
      </trkpt>
      <trkpt lat="-33.342935303226113" lon="21.884122230112553">
        <ele>982.60000000000002</ele>
        <time>2022-01-27T10:25:58Z</time>
      </trkpt>
      <trkpt lat="-33.342979475855827" lon="21.884118374437094">
        <ele>981.63999999999999</ele>
        <time>2022-01-27T10:25:59Z</time>
      </trkpt>
      <trkpt lat="-33.343321792781353" lon="21.884060958400369">
        <ele>977.32000000000005</ele>
        <time>2022-01-27T10:26:06Z</time>
      </trkpt>
      <trkpt lat="-33.34342036396265" lon="21.884065065532923">
        <ele>975.88</ele>
        <time>2022-01-27T10:26:08Z</time>
      </trkpt>
      <trkpt lat="-33.343469314277172" lon="21.88407763838768">
        <ele>974.90999999999997</ele>
        <time>2022-01-27T10:26:09Z</time>
      </trkpt>
      <trkpt lat="-33.343870220705867" lon="21.884323814883828">
        <ele>970.11000000000001</ele>
        <time>2022-01-27T10:26:19Z</time>
      </trkpt>
      <trkpt lat="-33.343882374465466" lon="21.884380225092173">
        <ele>970.11000000000001</ele>
        <time>2022-01-27T10:26:20Z</time>
      </trkpt>
      <trkpt lat="-33.343901904299855" lon="21.884492542594671">
        <ele>969.63</ele>
        <time>2022-01-27T10:26:22Z</time>
      </trkpt>
      <trkpt lat="-33.343923361971974" lon="21.884538140147924">
        <ele>969.63</ele>
        <time>2022-01-27T10:26:23Z</time>
      </trkpt>
      <trkpt lat="-33.343953536823392" lon="21.884570745751262">
        <ele>969.63</ele>
        <time>2022-01-27T10:26:24Z</time>
      </trkpt>
      <trkpt lat="-33.343989243730903" lon="21.884586084634066">
        <ele>969.14999999999998</ele>
        <time>2022-01-27T10:26:25Z</time>
      </trkpt>
      <trkpt lat="-33.344028387218714" lon="21.884588012471795">
        <ele>969.14999999999998</ele>
        <time>2022-01-27T10:26:26Z</time>
      </trkpt>
      <trkpt lat="-33.344068452715874" lon="21.884581139311194">
        <ele>968.66999999999996</ele>
        <time>2022-01-27T10:26:27Z</time>
      </trkpt>
      <trkpt lat="-33.344111368060112" lon="21.884579295292497">
        <ele>968.17999999999995</ele>
        <time>2022-01-27T10:26:28Z</time>
      </trkpt>
      <trkpt lat="-33.344151936471462" lon="21.884586084634066">
        <ele>967.70000000000005</ele>
        <time>2022-01-27T10:26:29Z</time>
      </trkpt>
      <trkpt lat="-33.344193259254098" lon="21.884600166231394">
        <ele>967.22000000000003</ele>
        <time>2022-01-27T10:26:30Z</time>
      </trkpt>
      <trkpt lat="-33.344300463795662" lon="21.884638303890824">
        <ele>965.29999999999995</ele>
        <time>2022-01-27T10:26:32Z</time>
      </trkpt>
      <trkpt lat="-33.344365255907178" lon="21.884652804583311">
        <ele>964.34000000000003</ele>
        <time>2022-01-27T10:26:33Z</time>
      </trkpt>
      <trkpt lat="-33.34448947571218" lon="21.884684739634395">
        <ele>963.38</ele>
        <time>2022-01-27T10:26:35Z</time>
      </trkpt>
      <trkpt lat="-33.344547394663095" lon="21.884712148457766">
        <ele>962.41999999999996</ele>
        <time>2022-01-27T10:26:36Z</time>
      </trkpt>
      <trkpt lat="-33.344605565071106" lon="21.884746346622705">
        <ele>961.94000000000005</ele>
        <time>2022-01-27T10:26:37Z</time>
      </trkpt>
      <trkpt lat="-33.344709584489465" lon="21.884824130684137">
        <ele>960.00999999999999</ele>
        <time>2022-01-27T10:26:39Z</time>
      </trkpt>
      <trkpt lat="-33.344749733805656" lon="21.884867381304502">
        <ele>959.52999999999997</ele>
        <time>2022-01-27T10:26:40Z</time>
      </trkpt>
      <trkpt lat="-33.344781920313835" lon="21.884915912523866">
        <ele>959.04999999999995</ele>
        <time>2022-01-27T10:26:41Z</time>
      </trkpt>
      <trkpt lat="-33.344807149842381" lon="21.884968802332878">
        <ele>958.09000000000003</ele>
        <time>2022-01-27T10:26:42Z</time>
      </trkpt>
      <trkpt lat="-33.344831457361579" lon="21.885024793446064">
        <ele>957.61000000000001</ele>
        <time>2022-01-27T10:26:43Z</time>
      </trkpt>
      <trkpt lat="-33.344941176474094" lon="21.885277926921844">
        <ele>954.25</ele>
        <time>2022-01-27T10:26:47Z</time>
      </trkpt>
      <trkpt lat="-33.345219036564231" lon="21.88592174090445">
        <ele>949.44000000000005</ele>
        <time>2022-01-27T10:26:57Z</time>
      </trkpt>
      <trkpt lat="-33.345231525599957" lon="21.885983850806952">
        <ele>948.96000000000004</ele>
        <time>2022-01-27T10:26:58Z</time>
      </trkpt>
      <trkpt lat="-33.345261365175247" lon="21.886102287098765">
        <ele>947.51999999999998</ele>
        <time>2022-01-27T10:27:00Z</time>
      </trkpt>
      <trkpt lat="-33.345287600532174" lon="21.886150483042002">
        <ele>947.03999999999996</ele>
        <time>2022-01-27T10:27:01Z</time>
      </trkpt>
      <trkpt lat="-33.345320792868733" lon="21.886185351759195">
        <ele>946.55999999999995</ele>
        <time>2022-01-27T10:27:02Z</time>
      </trkpt>
      <trkpt lat="-33.345358930528164" lon="21.886212592944503">
        <ele>946.07000000000005</ele>
        <time>2022-01-27T10:27:03Z</time>
      </trkpt>
      <trkpt lat="-33.345405953004956" lon="21.886233799159527">
        <ele>946.07000000000005</ele>
        <time>2022-01-27T10:27:04Z</time>
      </trkpt>
      <trkpt lat="-33.345458591356874" lon="21.88624712638557">
        <ele>945.59000000000003</ele>
        <time>2022-01-27T10:27:05Z</time>
      </trkpt>
      <trkpt lat="-33.345517264679074" lon="21.886252826079726">
        <ele>944.63</ele>
        <time>2022-01-27T10:27:06Z</time>
      </trkpt>
      <trkpt lat="-33.345581972971559" lon="21.886255675926805">
        <ele>943.66999999999996</ele>
        <time>2022-01-27T10:27:07Z</time>
      </trkpt>
      <trkpt lat="-33.345696721225977" lon="21.886256514117122">
        <ele>943.19000000000005</ele>
        <time>2022-01-27T10:27:09Z</time>
      </trkpt>
      <trkpt lat="-33.345742654055357" lon="21.886247042566538">
        <ele>942.71000000000004</ele>
        <time>2022-01-27T10:27:10Z</time>
      </trkpt>
      <trkpt lat="-33.345784731209278" lon="21.886226590722799">
        <ele>943.19000000000005</ele>
        <time>2022-01-27T10:27:11Z</time>
      </trkpt>
      <trkpt lat="-33.345827898010612" lon="21.886195912957191">
        <ele>943.19000000000005</ele>
        <time>2022-01-27T10:27:12Z</time>
      </trkpt>
      <trkpt lat="-33.34587081335485" lon="21.886157020926476">
        <ele>943.66999999999996</ele>
        <time>2022-01-27T10:27:13Z</time>
      </trkpt>
      <trkpt lat="-33.345909956842661" lon="21.886106645688415">
        <ele>943.66999999999996</ele>
        <time>2022-01-27T10:27:14Z</time>
      </trkpt>
      <trkpt lat="-33.345946837216616" lon="21.88604487106204">
        <ele>943.66999999999996</ele>
        <time>2022-01-27T10:27:15Z</time>
      </trkpt>
      <trkpt lat="-33.345982963219285" lon="21.885971864685416">
        <ele>943.19000000000005</ele>
        <time>2022-01-27T10:27:16Z</time>
      </trkpt>
      <trkpt lat="-33.346012216061354" lon="21.885889554396272">
        <ele>943.19000000000005</ele>
        <time>2022-01-27T10:27:17Z</time>
      </trkpt>
      <trkpt lat="-33.346031159162521" lon="21.885796850547194">
        <ele>943.19000000000005</ele>
        <time>2022-01-27T10:27:18Z</time>
      </trkpt>
      <trkpt lat="-33.346038954332471" lon="21.885698530822992">
        <ele>943.19000000000005</ele>
        <time>2022-01-27T10:27:19Z</time>
      </trkpt>
      <trkpt lat="-33.346037026494741" lon="21.885593086481094">
        <ele>943.19000000000005</ele>
        <time>2022-01-27T10:27:20Z</time>
      </trkpt>
      <trkpt lat="-33.346029985696077" lon="21.88547900877893">
        <ele>943.19000000000005</ele>
        <time>2022-01-27T10:27:21Z</time>
      </trkpt>
      <trkpt lat="-33.345924038439989" lon="21.884389026090503">
        <ele>944.14999999999998</ele>
        <time>2022-01-27T10:27:32Z</time>
      </trkpt>
      <trkpt lat="-33.345910292118788" lon="21.884247120469809">
        <ele>943.19000000000005</ele>
        <time>2022-01-27T10:27:34Z</time>
      </trkpt>
      <trkpt lat="-33.345911214128137" lon="21.884185764938593">
        <ele>943.19000000000005</ele>
        <time>2022-01-27T10:27:35Z</time>
      </trkpt>
      <trkpt lat="-33.345915656536818" lon="21.8841318693012">
        <ele>943.19000000000005</ele>
        <time>2022-01-27T10:27:36Z</time>
      </trkpt>
      <trkpt lat="-33.345919596031308" lon="21.884084260091186">
        <ele>943.19000000000005</ele>
        <time>2022-01-27T10:27:37Z</time>
      </trkpt>
      <trkpt lat="-33.345920098945498" lon="21.884040171280503">
        <ele>942.71000000000004</ele>
        <time>2022-01-27T10:27:38Z</time>
      </trkpt>
      <trkpt lat="-33.345916327089071" lon="21.883998680859804">
        <ele>942.71000000000004</ele>
        <time>2022-01-27T10:27:39Z</time>
      </trkpt>
      <trkpt lat="-33.345906687900424" lon="21.883961549028754">
        <ele>942.71000000000004</ele>
        <time>2022-01-27T10:27:40Z</time>
      </trkpt>
      <trkpt lat="-33.345894953235984" lon="21.883925423026085">
        <ele>942.71000000000004</ele>
        <time>2022-01-27T10:27:41Z</time>
      </trkpt>
      <trkpt lat="-33.345880955457687" lon="21.883886279538274">
        <ele>942.23000000000002</ele>
        <time>2022-01-27T10:27:42Z</time>
      </trkpt>
      <trkpt lat="-33.345863185822964" lon="21.883842190727592">
        <ele>941.75</ele>
        <time>2022-01-27T10:27:43Z</time>
      </trkpt>
      <trkpt lat="-33.345609717071056" lon="21.883204411715269">
        <ele>937.89999999999998</ele>
        <time>2022-01-27T10:27:51Z</time>
      </trkpt>
      <trkpt lat="-33.345064977183938" lon="21.88216807320714">
        <ele>930.21000000000004</ele>
        <time>2022-01-27T10:28:02Z</time>
      </trkpt>
      <trkpt lat="-33.344831792637706" lon="21.881939750164747">
        <ele>927.33000000000004</ele>
        <time>2022-01-27T10:28:06Z</time>
      </trkpt>
      <trkpt lat="-33.344771107658744" lon="21.881898595020175">
        <ele>926.85000000000002</ele>
        <time>2022-01-27T10:28:07Z</time>
      </trkpt>
      <trkpt lat="-33.344161743298173" lon="21.881409762427211">
        <ele>925.40999999999997</ele>
        <time>2022-01-27T10:28:16Z</time>
      </trkpt>
      <trkpt lat="-33.34352346137166" lon="21.880867453292012">
        <ele>922.51999999999998</ele>
        <time>2022-01-27T10:28:23Z</time>
      </trkpt>
      <trkpt lat="-33.343148790299892" lon="21.880562100559473">
        <ele>922.51999999999998</ele>
        <time>2022-01-27T10:28:28Z</time>
      </trkpt>
      <trkpt lat="-33.343086261302233" lon="21.880492530763149">
        <ele>922.51999999999998</ele>
        <time>2022-01-27T10:28:29Z</time>
      </trkpt>
      <trkpt lat="-33.343027587980032" lon="21.880418015643954">
        <ele>922.51999999999998</ele>
        <time>2022-01-27T10:28:30Z</time>
      </trkpt>
      <trkpt lat="-33.342414116486907" lon="21.879397938027978">
        <ele>913.87</ele>
        <time>2022-01-27T10:28:41Z</time>
      </trkpt>
      <trkpt lat="-33.341867700219154" lon="21.878451202064753">
        <ele>906.65999999999997</ele>
        <time>2022-01-27T10:28:53Z</time>
      </trkpt>
      <trkpt lat="-33.341492274776101" lon="21.877834042534232">
        <ele>909.53999999999996</ele>
        <time>2022-01-27T10:28:59Z</time>
      </trkpt>
      <trkpt lat="-33.341454472392797" lon="21.877752235159278">
        <ele>910.50999999999999</ele>
        <time>2022-01-27T10:29:00Z</time>
      </trkpt>
      <trkpt lat="-33.341428069397807" lon="21.877667745575309">
        <ele>910.99000000000001</ele>
        <time>2022-01-27T10:29:01Z</time>
      </trkpt>
      <trkpt lat="-33.341411724686623" lon="21.877578478306532">
        <ele>910.99000000000001</ele>
        <time>2022-01-27T10:29:02Z</time>
      </trkpt>
      <trkpt lat="-33.341401498764753" lon="21.877483930438757">
        <ele>911.47000000000003</ele>
        <time>2022-01-27T10:29:03Z</time>
      </trkpt>
      <trkpt lat="-33.341394457966089" lon="21.877379575744271">
        <ele>911.47000000000003</ele>
        <time>2022-01-27T10:29:04Z</time>
      </trkpt>
      <trkpt lat="-33.341321032494307" lon="21.875666063278913">
        <ele>909.05999999999995</ele>
        <time>2022-01-27T10:29:18Z</time>
      </trkpt>
      <trkpt lat="-33.341267807409167" lon="21.874173581600189">
        <ele>907.62</ele>
        <time>2022-01-27T10:29:30Z</time>
      </trkpt>
      <trkpt lat="-33.341228328645229" lon="21.872956613078713">
        <ele>901.85000000000002</ele>
        <time>2022-01-27T10:29:43Z</time>
      </trkpt>
      <trkpt lat="-33.341239225119352" lon="21.872078776359558">
        <ele>895.61000000000001</ele>
        <time>2022-01-27T10:29:52Z</time>
      </trkpt>
      <trkpt lat="-33.341225814074278" lon="21.871974002569914">
        <ele>895.12</ele>
        <time>2022-01-27T10:29:53Z</time>
      </trkpt>
      <trkpt lat="-33.341081226244569" lon="21.871165232732892">
        <ele>891.27999999999997</ele>
        <time>2022-01-27T10:30:01Z</time>
      </trkpt>
      <trkpt lat="-33.341054236516356" lon="21.871066745370626">
        <ele>890.79999999999995</ele>
        <time>2022-01-27T10:30:02Z</time>
      </trkpt>
      <trkpt lat="-33.340881820768118" lon="21.870287144556642">
        <ele>887.90999999999997</ele>
        <time>2022-01-27T10:30:10Z</time>
      </trkpt>
      <trkpt lat="-33.340882323682308" lon="21.870197709649801">
        <ele>886.95000000000005</ele>
        <time>2022-01-27T10:30:11Z</time>
      </trkpt>
      <trkpt lat="-33.340892046689987" lon="21.870118333026767">
        <ele>886.47000000000003</ele>
        <time>2022-01-27T10:30:12Z</time>
      </trkpt>
      <trkpt lat="-33.34090780466795" lon="21.87004909850657">
        <ele>885.99000000000001</ele>
        <time>2022-01-27T10:30:13Z</time>
      </trkpt>
      <trkpt lat="-33.340928424149752" lon="21.8699836358428">
        <ele>885.99000000000001</ele>
        <time>2022-01-27T10:30:14Z</time>
      </trkpt>
      <trkpt lat="-33.340947283431888" lon="21.869921023026109">
        <ele>885.50999999999999</ele>
        <time>2022-01-27T10:30:15Z</time>
      </trkpt>
      <trkpt lat="-33.340955330058932" lon="21.869859416037798">
        <ele>885.02999999999997</ele>
        <time>2022-01-27T10:30:16Z</time>
      </trkpt>
      <trkpt lat="-33.340945858508348" lon="21.86980283819139">
        <ele>884.54999999999995</ele>
        <time>2022-01-27T10:30:17Z</time>
      </trkpt>
      <trkpt lat="-33.340923311188817" lon="21.869750199839473">
        <ele>885.02999999999997</ele>
        <time>2022-01-27T10:30:18Z</time>
      </trkpt>
      <trkpt lat="-33.340891124680638" lon="21.869693621993065">
        <ele>884.54999999999995</ele>
        <time>2022-01-27T10:30:19Z</time>
      </trkpt>
      <trkpt lat="-33.340858854353428" lon="21.869632098823786">
        <ele>884.54999999999995</ele>
        <time>2022-01-27T10:30:20Z</time>
      </trkpt>
      <trkpt lat="-33.340836893767118" lon="21.869565211236477">
        <ele>884.07000000000005</ele>
        <time>2022-01-27T10:30:21Z</time>
      </trkpt>
      <trkpt lat="-33.340828260406852" lon="21.869493881240487">
        <ele>883.59000000000003</ele>
        <time>2022-01-27T10:30:22Z</time>
      </trkpt>
      <trkpt lat="-33.340825829654932" lon="21.869421042501926">
        <ele>883.11000000000001</ele>
        <time>2022-01-27T10:30:23Z</time>
      </trkpt>
      <trkpt lat="-33.34083010442555" lon="21.869345102459192">
        <ele>882.63</ele>
        <time>2022-01-27T10:30:24Z</time>
      </trkpt>
      <trkpt lat="-33.340835636481643" lon="21.869271174073219">
        <ele>882.14999999999998</ele>
        <time>2022-01-27T10:30:25Z</time>
      </trkpt>
      <trkpt lat="-33.340832786634564" lon="21.869198754429817">
        <ele>881.66999999999996</ele>
        <time>2022-01-27T10:30:26Z</time>
      </trkpt>
      <trkpt lat="-33.340819962322712" lon="21.869126753881574">
        <ele>881.66999999999996</ele>
        <time>2022-01-27T10:30:27Z</time>
      </trkpt>
      <trkpt lat="-33.340793224051595" lon="21.869053328409791">
        <ele>881.19000000000005</ele>
        <time>2022-01-27T10:30:28Z</time>
      </trkpt>
      <trkpt lat="-33.340752404183149" lon="21.86897755600512">
        <ele>880.71000000000004</ele>
        <time>2022-01-27T10:30:29Z</time>
      </trkpt>
      <trkpt lat="-33.340705800801516" lon="21.868898430839181">
        <ele>880.71000000000004</ele>
        <time>2022-01-27T10:30:30Z</time>
      </trkpt>
      <trkpt lat="-33.340529864653945" lon="21.868506409227848">
        <ele>877.34000000000003</ele>
        <time>2022-01-27T10:30:35Z</time>
      </trkpt>
      <trkpt lat="-33.340517543256283" lon="21.868427870795131">
        <ele>876.86000000000001</ele>
        <time>2022-01-27T10:30:36Z</time>
      </trkpt>
      <trkpt lat="-33.340516453608871" lon="21.868347069248557">
        <ele>875.89999999999998</ele>
        <time>2022-01-27T10:30:37Z</time>
      </trkpt>
      <trkpt lat="-33.34052424877882" lon="21.868270793929696">
        <ele>875.41999999999996</ele>
        <time>2022-01-27T10:30:38Z</time>
      </trkpt>
      <trkpt lat="-33.340541683137417" lon="21.868198122829199">
        <ele>874.46000000000004</ele>
        <time>2022-01-27T10:30:39Z</time>
      </trkpt>
      <trkpt lat="-33.340565403923392" lon="21.868124613538384">
        <ele>873.98000000000002</ele>
        <time>2022-01-27T10:30:40Z</time>
      </trkpt>
      <trkpt lat="-33.340592561289668" lon="21.868047164753079">
        <ele>873.5</ele>
        <time>2022-01-27T10:30:41Z</time>
      </trkpt>
      <trkpt lat="-33.34061955101788" lon="21.86796510592103">
        <ele>873.5</ele>
        <time>2022-01-27T10:30:42Z</time>
      </trkpt>
      <trkpt lat="-33.340641176328063" lon="21.867877934128046">
        <ele>873.00999999999999</ele>
        <time>2022-01-27T10:30:43Z</time>
      </trkpt>
      <trkpt lat="-33.340658694505692" lon="21.867789337411523">
        <ele>872.52999999999997</ele>
        <time>2022-01-27T10:30:44Z</time>
      </trkpt>
      <trkpt lat="-33.340670261532068" lon="21.867697555571795">
        <ele>872.04999999999995</ele>
        <time>2022-01-27T10:30:45Z</time>
      </trkpt>
      <trkpt lat="-33.340676464140415" lon="21.86760300770402">
        <ele>871.57000000000005</ele>
        <time>2022-01-27T10:30:46Z</time>
      </trkpt>
      <trkpt lat="-33.340701861307025" lon="21.867312155663967">
        <ele>870.61000000000001</ele>
        <time>2022-01-27T10:30:49Z</time>
      </trkpt>
      <trkpt lat="-33.340754415839911" lon="21.867033205926418">
        <ele>869.64999999999998</ele>
        <time>2022-01-27T10:30:52Z</time>
      </trkpt>
      <trkpt lat="-33.340758271515369" lon="21.866939077153802">
        <ele>869.16999999999996</ele>
        <time>2022-01-27T10:30:53Z</time>
      </trkpt>
      <trkpt lat="-33.340664897114038" lon="21.86603844165802">
        <ele>864.84000000000003</ele>
        <time>2022-01-27T10:31:02Z</time>
      </trkpt>
      <trkpt lat="-33.340653497725725" lon="21.865764269605279">
        <ele>862.91999999999996</ele>
        <time>2022-01-27T10:31:05Z</time>
      </trkpt>
      <trkpt lat="-33.340867487713695" lon="21.864583427086473">
        <ele>856.19000000000005</ele>
        <time>2022-01-27T10:31:17Z</time>
      </trkpt>
      <trkpt lat="-33.341067982837558" lon="21.863437118008733">
        <ele>848.5</ele>
        <time>2022-01-27T10:31:30Z</time>
      </trkpt>
      <trkpt lat="-33.341159680858254" lon="21.862850971519947">
        <ele>843.21000000000004</ele>
        <time>2022-01-27T10:31:37Z</time>
      </trkpt>
      <trkpt lat="-33.341162363067269" lon="21.862785592675209">
        <ele>843.21000000000004</ele>
        <time>2022-01-27T10:31:38Z</time>
      </trkpt>
      <trkpt lat="-33.34118046797812" lon="21.862093834206462">
        <ele>841.76999999999998</ele>
        <time>2022-01-27T10:31:45Z</time>
      </trkpt>
      <trkpt lat="-33.341158758848906" lon="21.860911482945085">
        <ele>848.01999999999998</ele>
        <time>2022-01-27T10:31:54Z</time>
      </trkpt>
      <trkpt lat="-33.341144593432546" lon="21.860654326155782">
        <ele>849.94000000000005</ele>
        <time>2022-01-27T10:31:56Z</time>
      </trkpt>
      <trkpt lat="-33.341163787990808" lon="21.859726617112756">
        <ele>858.11000000000001</ele>
        <time>2022-01-27T10:32:03Z</time>
      </trkpt>
      <trkpt lat="-33.34118340164423" lon="21.859615975990891">
        <ele>858.59000000000003</ele>
        <time>2022-01-27T10:32:04Z</time>
      </trkpt>
      <trkpt lat="-33.341209888458252" lon="21.859505167230964">
        <ele>858.59000000000003</ele>
        <time>2022-01-27T10:32:05Z</time>
      </trkpt>
      <trkpt lat="-33.341528149321675" lon="21.858707126230001">
        <ele>856.19000000000005</ele>
        <time>2022-01-27T10:32:13Z</time>
      </trkpt>
      <trkpt lat="-33.341584727168083" lon="21.858637137338519">
        <ele>856.19000000000005</ele>
        <time>2022-01-27T10:32:14Z</time>
      </trkpt>
      <trkpt lat="-33.341653626412153" lon="21.858571674674749">
        <ele>855.71000000000004</ele>
        <time>2022-01-27T10:32:15Z</time>
      </trkpt>
      <trkpt lat="-33.342231307178736" lon="21.858099270612001">
        <ele>853.30999999999995</ele>
        <time>2022-01-27T10:32:21Z</time>
      </trkpt>
      <trkpt lat="-33.34242258220911" lon="21.857944121584296">
        <ele>852.35000000000002</ele>
        <time>2022-01-27T10:32:24Z</time>
      </trkpt>
      <trkpt lat="-33.342451332136989" lon="21.857903134077787">
        <ele>851.87</ele>
        <time>2022-01-27T10:32:25Z</time>
      </trkpt>
      <trkpt lat="-33.342465413734317" lon="21.857862481847405">
        <ele>851.87</ele>
        <time>2022-01-27T10:32:26Z</time>
      </trkpt>
      <trkpt lat="-33.3424680121243" lon="21.857825182378292">
        <ele>851.38</ele>
        <time>2022-01-27T10:32:27Z</time>
      </trkpt>
      <trkpt lat="-33.342465413734317" lon="21.857788888737559">
        <ele>851.38</ele>
        <time>2022-01-27T10:32:28Z</time>
      </trkpt>
      <trkpt lat="-33.342459462583065" lon="21.857753349468112">
        <ele>850.89999999999998</ele>
        <time>2022-01-27T10:32:29Z</time>
      </trkpt>
      <trkpt lat="-33.342447308823466" lon="21.85771806165576">
        <ele>850.89999999999998</ele>
        <time>2022-01-27T10:32:30Z</time>
      </trkpt>
      <trkpt lat="-33.342423755675554" lon="21.857687132433057">
        <ele>850.89999999999998</ele>
        <time>2022-01-27T10:32:31Z</time>
      </trkpt>
      <trkpt lat="-33.34238788112998" lon="21.857659304514527">
        <ele>851.38</ele>
        <time>2022-01-27T10:32:32Z</time>
      </trkpt>
      <trkpt lat="-33.342345720157027" lon="21.85763256624341">
        <ele>851.38</ele>
        <time>2022-01-27T10:32:33Z</time>
      </trkpt>
      <trkpt lat="-33.34229945205152" lon="21.857603313401341">
        <ele>851.38</ele>
        <time>2022-01-27T10:32:34Z</time>
      </trkpt>
      <trkpt lat="-33.342251172289252" lon="21.857569282874465">
        <ele>852.35000000000002</ele>
        <time>2022-01-27T10:32:35Z</time>
      </trkpt>
      <trkpt lat="-33.341684304177761" lon="21.857014400884509">
        <ele>860.51999999999998</ele>
        <time>2022-01-27T10:32:44Z</time>
      </trkpt>
      <trkpt lat="-33.340914845466614" lon="21.855881921947002">
        <ele>875.41999999999996</ele>
        <time>2022-01-27T10:32:57Z</time>
      </trkpt>
      <trkpt lat="-33.340822476893663" lon="21.855687210336328">
        <ele>877.34000000000003</ele>
        <time>2022-01-27T10:32:59Z</time>
      </trkpt>
      <trkpt lat="-33.340703034773469" lon="21.855409014970064">
        <ele>881.19000000000005</ele>
        <time>2022-01-27T10:33:02Z</time>
      </trkpt>
      <trkpt lat="-33.340650396421552" lon="21.855327878147364">
        <ele>882.63</ele>
        <time>2022-01-27T10:33:03Z</time>
      </trkpt>
      <trkpt lat="-33.340036422014236" lon="21.85466168448329">
        <ele>890.79999999999995</ele>
        <time>2022-01-27T10:33:13Z</time>
      </trkpt>
      <trkpt lat="-33.339699720963836" lon="21.854396564885974">
        <ele>896.57000000000005</ele>
        <time>2022-01-27T10:33:21Z</time>
      </trkpt>
      <trkpt lat="-33.339667869731784" lon="21.854374939575791">
        <ele>896.57000000000005</ele>
        <time>2022-01-27T10:33:32Z</time>
      </trkpt>
      <trkpt lat="-33.339677760377526" lon="21.854366138577461">
        <ele>898.00999999999999</ele>
        <time>2022-01-27T10:34:04Z</time>
      </trkpt>
      <trkpt lat="-33.339685136452317" lon="21.854361109435558">
        <ele>896.09000000000003</ele>
        <time>2022-01-27T10:34:33Z</time>
      </trkpt>
      <trkpt lat="-33.339685555547476" lon="21.854363037273288">
        <ele>897.04999999999995</ele>
        <time>2022-01-27T10:35:01Z</time>
      </trkpt>
      <trkpt lat="-33.339681783691049" lon="21.854364965111017">
        <ele>897.04999999999995</ele>
        <time>2022-01-27T10:35:35Z</time>
      </trkpt>
      <trkpt lat="-33.339673401787877" lon="21.854370580986142">
        <ele>897.04999999999995</ele>
        <time>2022-01-27T10:36:09Z</time>
      </trkpt>
      <trkpt lat="-33.339680777862668" lon="21.854365887120366">
        <ele>897.04999999999995</ele>
        <time>2022-01-27T10:36:40Z</time>
      </trkpt>
      <trkpt lat="-33.339693769812584" lon="21.854360606521368">
        <ele>898.00999999999999</ele>
        <time>2022-01-27T10:37:13Z</time>
      </trkpt>
      <trkpt lat="-33.339689914137125" lon="21.854365216568112">
        <ele>898.00999999999999</ele>
        <time>2022-01-27T10:37:44Z</time>
      </trkpt>
      <trkpt lat="-33.339675832539797" lon="21.854374604299664">
        <ele>898.00999999999999</ele>
        <time>2022-01-27T10:38:19Z</time>
      </trkpt>
      <trkpt lat="-33.339674826711416" lon="21.854363959282637">
        <ele>896.09000000000003</ele>
        <time>2022-01-27T10:38:43Z</time>
      </trkpt>
      <trkpt lat="-33.339672647416592" lon="21.85437242500484">
        <ele>896.57000000000005</ele>
        <time>2022-01-27T10:39:13Z</time>
      </trkpt>
      <trkpt lat="-33.339676503092051" lon="21.854371335357428">
        <ele>897.04999999999995</ele>
        <time>2022-01-27T10:39:39Z</time>
      </trkpt>
      <trkpt lat="-33.339677257463336" lon="21.854381645098329">
        <ele>897.04999999999995</ele>
        <time>2022-01-27T10:39:57Z</time>
      </trkpt>
      <trkpt lat="-33.339674575254321" lon="21.854376867413521">
        <ele>897.04999999999995</ele>
        <time>2022-01-27T10:40:28Z</time>
      </trkpt>
      <trkpt lat="-33.339671557769179" lon="21.854376113042235">
        <ele>896.57000000000005</ele>
        <time>2022-01-27T10:40:58Z</time>
      </trkpt>
      <trkpt lat="-33.339673904702067" lon="21.854374604299664">
        <ele>897.04999999999995</ele>
        <time>2022-01-27T10:41:27Z</time>
      </trkpt>
      <trkpt lat="-33.339683627709746" lon="21.854380471631885">
        <ele>897.52999999999997</ele>
        <time>2022-01-27T10:41:56Z</time>
      </trkpt>
      <trkpt lat="-33.339679185301065" lon="21.854373011738062">
        <ele>897.52999999999997</ele>
        <time>2022-01-27T10:42:30Z</time>
      </trkpt>
      <trkpt lat="-33.339675161987543" lon="21.854375526309013">
        <ele>898.49000000000001</ele>
        <time>2022-01-27T10:42:59Z</time>
      </trkpt>
      <trkpt lat="-33.339683292433619" lon="21.854372676461935">
        <ele>898.49000000000001</ele>
        <time>2022-01-27T10:43:30Z</time>
      </trkpt>
      <trkpt lat="-33.339680610224605" lon="21.854363875463605">
        <ele>898.49000000000001</ele>
        <time>2022-01-27T10:43:56Z</time>
      </trkpt>
      <trkpt lat="-33.339681783691049" lon="21.854365635663271">
        <ele>898.97000000000003</ele>
        <time>2022-01-27T10:44:27Z</time>
      </trkpt>
      <trkpt lat="-33.339690081775188" lon="21.854361612349749">
        <ele>899.45000000000005</ele>
        <time>2022-01-27T10:44:53Z</time>
      </trkpt>
      <trkpt lat="-33.339681280776858" lon="21.854362869635224">
        <ele>898.49000000000001</ele>
        <time>2022-01-27T10:45:21Z</time>
      </trkpt>
      <trkpt lat="-33.33968622609973" lon="21.854367563501">
        <ele>898.49000000000001</ele>
        <time>2022-01-27T10:45:46Z</time>
      </trkpt>
      <trkpt lat="-33.33968379534781" lon="21.854375023394823">
        <ele>898.49000000000001</ele>
        <time>2022-01-27T10:46:07Z</time>
      </trkpt>
      <trkpt lat="-33.339682957157493" lon="21.854376029223204">
        <ele>897.52999999999997</ele>
        <time>2022-01-27T10:46:29Z</time>
      </trkpt>
      <trkpt lat="-33.339686058461666" lon="21.854377118870616">
        <ele>896.57000000000005</ele>
        <time>2022-01-27T10:46:56Z</time>
      </trkpt>
      <trkpt lat="-33.339681783691049" lon="21.854377454146743">
        <ele>896.57000000000005</ele>
        <time>2022-01-27T10:47:26Z</time>
      </trkpt>
      <trkpt lat="-33.33968379534781" lon="21.854380303993821">
        <ele>897.04999999999995</ele>
        <time>2022-01-27T10:47:58Z</time>
      </trkpt>
      <trkpt lat="-33.339692344889045" lon="21.854380555450916">
        <ele>897.52999999999997</ele>
        <time>2022-01-27T10:48:23Z</time>
      </trkpt>
      <trkpt lat="-33.339694440364838" lon="21.854370832443237">
        <ele>898.00999999999999</ele>
        <time>2022-01-27T10:48:50Z</time>
      </trkpt>
      <trkpt lat="-33.339682873338461" lon="21.854377035051584">
        <ele>898.00999999999999</ele>
        <time>2022-01-27T10:49:18Z</time>
      </trkpt>
      <trkpt lat="-33.339679017663002" lon="21.854380890727043">
        <ele>897.52999999999997</ele>
        <time>2022-01-27T10:49:43Z</time>
      </trkpt>
      <trkpt lat="-33.339669043198228" lon="21.854381896555424">
        <ele>897.52999999999997</ele>
        <time>2022-01-27T10:50:12Z</time>
      </trkpt>
      <trkpt lat="-33.33967600017786" lon="21.854376532137394">
        <ele>897.04999999999995</ele>
        <time>2022-01-27T10:50:39Z</time>
      </trkpt>
      <trkpt lat="-33.339677341282368" lon="21.854378376156092">
        <ele>897.52999999999997</ele>
        <time>2022-01-27T10:51:06Z</time>
      </trkpt>
      <trkpt lat="-33.339680107310414" lon="21.854375945404172">
        <ele>897.52999999999997</ele>
        <time>2022-01-27T10:51:32Z</time>
      </trkpt>
      <trkpt lat="-33.339676083996892" lon="21.854375610128045">
        <ele>897.04999999999995</ele>
        <time>2022-01-27T10:52:03Z</time>
      </trkpt>
      <trkpt lat="-33.339672479778528" lon="21.85437829233706">
        <ele>896.57000000000005</ele>
        <time>2022-01-27T10:52:35Z</time>
      </trkpt>
      <trkpt lat="-33.339676167815924" lon="21.854379801079631">
        <ele>896.57000000000005</ele>
        <time>2022-01-27T10:53:04Z</time>
      </trkpt>
      <trkpt lat="-33.339682454243302" lon="21.854374604299664">
        <ele>896.57000000000005</ele>
        <time>2022-01-27T10:53:30Z</time>
      </trkpt>
      <trkpt lat="-33.339677844196558" lon="21.85437192209065">
        <ele>896.09000000000003</ele>
        <time>2022-01-27T10:54:05Z</time>
      </trkpt>
      <trkpt lat="-33.339674072340131" lon="21.854371083900332">
        <ele>896.09000000000003</ele>
        <time>2022-01-27T10:54:31Z</time>
      </trkpt>
      <trkpt lat="-33.339677173644304" lon="21.854365551844239">
        <ele>897.04999999999995</ele>
        <time>2022-01-27T10:55:02Z</time>
      </trkpt>
      <trkpt lat="-33.339674910530448" lon="21.854373347014189">
        <ele>897.04999999999995</ele>
        <time>2022-01-27T10:55:29Z</time>
      </trkpt>
      <trkpt lat="-33.339671390131116" lon="21.854374185204506">
        <ele>896.09000000000003</ele>
        <time>2022-01-27T10:55:49Z</time>
      </trkpt>
      <trkpt lat="-33.339675329625607" lon="21.854385165497661">
        <ele>895.12</ele>
        <time>2022-01-27T10:56:20Z</time>
      </trkpt>
      <trkpt lat="-33.33968622609973" lon="21.854390110820532">
        <ele>895.61000000000001</ele>
        <time>2022-01-27T10:56:37Z</time>
      </trkpt>
      <trkpt lat="-33.339700140058994" lon="21.854393295943737">
        <ele>894.15999999999997</ele>
        <time>2022-01-27T10:56:55Z</time>
      </trkpt>
      <trkpt lat="-33.339693015441298" lon="21.854393631219864">
        <ele>894.15999999999997</ele>
        <time>2022-01-27T10:57:27Z</time>
      </trkpt>
      <trkpt lat="-33.339707935228944" lon="21.854414418339729">
        <ele>895.12</ele>
        <time>2022-01-27T10:57:40Z</time>
      </trkpt>
      <trkpt lat="-33.339706594124436" lon="21.85441198758781">
        <ele>895.12</ele>
        <time>2022-01-27T10:57:59Z</time>
      </trkpt>
      <trkpt lat="-33.339705420657992" lon="21.85441785492003">
        <ele>895.61000000000001</ele>
        <time>2022-01-27T10:58:35Z</time>
      </trkpt>
      <trkpt lat="-33.339703911915421" lon="21.854424811899662">
        <ele>895.61000000000001</ele>
        <time>2022-01-27T10:59:07Z</time>
      </trkpt>
      <trkpt lat="-33.339708019047976" lon="21.854417352005839">
        <ele>895.12</ele>
        <time>2022-01-27T10:59:17Z</time>
      </trkpt>
      <trkpt lat="-33.339716484770179" lon="21.854405533522367">
        <ele>895.12</ele>
        <time>2022-01-27T10:59:18Z</time>
      </trkpt>
      <trkpt lat="-33.339726626873016" lon="21.854388015344739">
        <ele>895.12</ele>
        <time>2022-01-27T10:59:19Z</time>
      </trkpt>
      <trkpt lat="-33.339736014604568" lon="21.854325486347079">
        <ele>894.63999999999999</ele>
        <time>2022-01-27T10:59:21Z</time>
      </trkpt>
      <trkpt lat="-33.339726291596889" lon="21.854283912107348">
        <ele>894.15999999999997</ele>
        <time>2022-01-27T10:59:22Z</time>
      </trkpt>
      <trkpt lat="-33.339716233313084" lon="21.854250971227884">
        <ele>894.15999999999997</ele>
        <time>2022-01-27T10:59:23Z</time>
      </trkpt>
      <trkpt lat="-33.339706007391214" lon="21.854207972064614">
        <ele>894.15999999999997</ele>
        <time>2022-01-27T10:59:24Z</time>
      </trkpt>
      <trkpt lat="-33.339698128402233" lon="21.854161620140076">
        <ele>893.67999999999995</ele>
        <time>2022-01-27T10:59:25Z</time>
      </trkpt>
      <trkpt lat="-33.339695781469345" lon="21.854109149426222">
        <ele>893.20000000000005</ele>
        <time>2022-01-27T10:59:26Z</time>
      </trkpt>
      <trkpt lat="-33.339699134230614" lon="21.854054247960448">
        <ele>892.72000000000003</ele>
        <time>2022-01-27T10:59:27Z</time>
      </trkpt>
      <trkpt lat="-33.339852187782526" lon="21.853243550285697">
        <ele>882.63</ele>
        <time>2022-01-27T10:59:38Z</time>
      </trkpt>
      <trkpt lat="-33.34001362323761" lon="21.85236562974751">
        <ele>874.94000000000005</ele>
        <time>2022-01-27T10:59:48Z</time>
      </trkpt>
      <trkpt lat="-33.340124264359474" lon="21.852022558450699">
        <ele>872.04999999999995</ele>
        <time>2022-01-27T10:59:55Z</time>
      </trkpt>
      <trkpt lat="-33.340151337906718" lon="21.851968662813306">
        <ele>871.57000000000005</ele>
        <time>2022-01-27T10:59:56Z</time>
      </trkpt>
      <trkpt lat="-33.34018318913877" lon="21.851917365565896">
        <ele>871.09000000000003</ele>
        <time>2022-01-27T10:59:57Z</time>
      </trkpt>
      <trkpt lat="-33.340393826365471" lon="21.851643361151218">
        <ele>867.25</ele>
        <time>2022-01-27T11:00:03Z</time>
      </trkpt>
      <trkpt lat="-33.340854663401842" lon="21.851103315129876">
        <ele>861.48000000000002</ele>
        <time>2022-01-27T11:00:14Z</time>
      </trkpt>
      <trkpt lat="-33.341229502111673" lon="21.850709449499846">
        <ele>857.14999999999998</ele>
        <time>2022-01-27T11:00:22Z</time>
      </trkpt>
      <trkpt lat="-33.341255569830537" lon="21.850651111453772">
        <ele>856.66999999999996</ele>
        <time>2022-01-27T11:00:23Z</time>
      </trkpt>
      <trkpt lat="-33.341273758560419" lon="21.850588917732239">
        <ele>856.19000000000005</ele>
        <time>2022-01-27T11:00:24Z</time>
      </trkpt>
      <trkpt lat="-33.341284487396479" lon="21.850520856678486">
        <ele>855.71000000000004</ele>
        <time>2022-01-27T11:00:25Z</time>
      </trkpt>
      <trkpt lat="-33.341289684176445" lon="21.850446257740259">
        <ele>855.23000000000002</ele>
        <time>2022-01-27T11:00:26Z</time>
      </trkpt>
      <trkpt lat="-33.341290354728699" lon="21.850369228050113">
        <ele>854.75</ele>
        <time>2022-01-27T11:00:27Z</time>
      </trkpt>
      <trkpt lat="-33.341289767995477" lon="21.850124727934599">
        <ele>852.35000000000002</ele>
        <time>2022-01-27T11:00:30Z</time>
      </trkpt>
      <trkpt lat="-33.341293036937714" lon="21.849019238725305">
        <ele>841.76999999999998</ele>
        <time>2022-01-27T11:00:43Z</time>
      </trkpt>
      <trkpt lat="-33.341313824057579" lon="21.848952854052186">
        <ele>841.28999999999996</ele>
        <time>2022-01-27T11:00:44Z</time>
      </trkpt>
      <trkpt lat="-33.341342071071267" lon="21.848892755806446">
        <ele>840.80999999999995</ele>
        <time>2022-01-27T11:00:45Z</time>
      </trkpt>
      <trkpt lat="-33.341377275064588" lon="21.848834166303277">
        <ele>840.33000000000004</ele>
        <time>2022-01-27T11:00:46Z</time>
      </trkpt>
      <trkpt lat="-33.341419855132699" lon="21.848778342828155">
        <ele>839.37</ele>
        <time>2022-01-27T11:00:47Z</time>
      </trkpt>
      <trkpt lat="-33.341469056904316" lon="21.848722435534">
        <ele>838.88999999999999</ele>
        <time>2022-01-27T11:00:48Z</time>
      </trkpt>
      <trkpt lat="-33.342192582786083" lon="21.848200913518667">
        <ele>825.90999999999997</ele>
        <time>2022-01-27T11:01:01Z</time>
      </trkpt>
      <trkpt lat="-33.342705722898245" lon="21.848001088947058">
        <ele>817.25999999999999</ele>
        <time>2022-01-27T11:01:11Z</time>
      </trkpt>
      <trkpt lat="-33.343158345669508" lon="21.847865805029869">
        <ele>811.97000000000003</ele>
        <time>2022-01-27T11:01:19Z</time>
      </trkpt>
      <trkpt lat="-33.3435351960361" lon="21.847879718989134">
        <ele>808.13</ele>
        <time>2022-01-27T11:01:26Z</time>
      </trkpt>
      <trkpt lat="-33.344186302274466" lon="21.847774861380458">
        <ele>801.39999999999998</ele>
        <time>2022-01-27T11:01:37Z</time>
      </trkpt>
      <trkpt lat="-33.344231061637402" lon="21.847752146422863">
        <ele>800.44000000000005</ele>
        <time>2022-01-27T11:01:38Z</time>
      </trkpt>
      <trkpt lat="-33.344463910907507" lon="21.847516028210521">
        <ele>796.59000000000003</ele>
        <time>2022-01-27T11:01:48Z</time>
      </trkpt>
      <trkpt lat="-33.344490230083466" lon="21.847472442314029">
        <ele>796.59000000000003</ele>
        <time>2022-01-27T11:01:49Z</time>
      </trkpt>
      <trkpt lat="-33.344515040516853" lon="21.847421061247587">
        <ele>797.07000000000005</ele>
        <time>2022-01-27T11:01:50Z</time>
      </trkpt>
      <trkpt lat="-33.344530547037721" lon="21.847371691837907">
        <ele>797.07000000000005</ele>
        <time>2022-01-27T11:01:51Z</time>
      </trkpt>
      <trkpt lat="-33.344534067437053" lon="21.847327938303351">
        <ele>797.07000000000005</ele>
        <time>2022-01-27T11:01:52Z</time>
      </trkpt>
      <trkpt lat="-33.344525853171945" lon="21.847282340750098">
        <ele>797.54999999999995</ele>
        <time>2022-01-27T11:01:53Z</time>
      </trkpt>
      <trkpt lat="-33.344499533995986" lon="21.847236072644591">
        <ele>797.54999999999995</ele>
        <time>2022-01-27T11:01:54Z</time>
      </trkpt>
      <trkpt lat="-33.344458378851414" lon="21.847195252776146">
        <ele>797.54999999999995</ele>
        <time>2022-01-27T11:01:55Z</time>
      </trkpt>
      <trkpt lat="-33.344409512355924" lon="21.847157534211874">
        <ele>797.54999999999995</ele>
        <time>2022-01-27T11:01:56Z</time>
      </trkpt>
      <trkpt lat="-33.344352347776294" lon="21.847120402380824">
        <ele>797.54999999999995</ele>
        <time>2022-01-27T11:01:57Z</time>
      </trkpt>
      <trkpt lat="-33.344289399683475" lon="21.847080253064632">
        <ele>798.02999999999997</ele>
        <time>2022-01-27T11:01:58Z</time>
      </trkpt>
      <trkpt lat="-33.343715826049447" lon="21.84676987119019">
        <ele>799.47000000000003</ele>
        <time>2022-01-27T11:02:08Z</time>
      </trkpt>
      <trkpt lat="-33.343664528802037" lon="21.846759812906384">
        <ele>799.95000000000005</ele>
        <time>2022-01-27T11:02:09Z</time>
      </trkpt>
      <trkpt lat="-33.343613734468818" lon="21.846755454316735">
        <ele>800.44000000000005</ele>
        <time>2022-01-27T11:02:10Z</time>
      </trkpt>
      <trkpt lat="-33.34341986104846" lon="21.846728716045618">
        <ele>803.79999999999995</ele>
        <time>2022-01-27T11:02:14Z</time>
      </trkpt>
      <trkpt lat="-33.34337443113327" lon="21.846704408526421">
        <ele>804.27999999999997</ele>
        <time>2022-01-27T11:02:15Z</time>
      </trkpt>
      <trkpt lat="-33.343335706740618" lon="21.846668114885688">
        <ele>804.75999999999999</ele>
        <time>2022-01-27T11:02:16Z</time>
      </trkpt>
      <trkpt lat="-33.343302682042122" lon="21.846624780446291">
        <ele>805.72000000000003</ele>
        <time>2022-01-27T11:02:17Z</time>
      </trkpt>
      <trkpt lat="-33.343274015933275" lon="21.846576500684023">
        <ele>806.20000000000005</ele>
        <time>2022-01-27T11:02:18Z</time>
      </trkpt>
      <trkpt lat="-33.34324836730957" lon="21.846523778513074">
        <ele>806.67999999999995</ele>
        <time>2022-01-27T11:02:19Z</time>
      </trkpt>
      <trkpt lat="-33.343222383409739" lon="21.846470972523093">
        <ele>807.15999999999997</ele>
        <time>2022-01-27T11:02:20Z</time>
      </trkpt>
      <trkpt lat="-33.342832457274199" lon="21.845591878518462">
        <ele>814.85000000000002</ele>
        <time>2022-01-27T11:02:34Z</time>
      </trkpt>
      <trkpt lat="-33.342314288020134" lon="21.844831556081772">
        <ele>822.54999999999995</ele>
        <time>2022-01-27T11:02:47Z</time>
      </trkpt>
      <trkpt lat="-33.342082193121314" lon="21.844369629397988">
        <ele>825.90999999999997</ele>
        <time>2022-01-27T11:02:52Z</time>
      </trkpt>
      <trkpt lat="-33.342046570032835" lon="21.844258736819029">
        <ele>826.38999999999999</ele>
        <time>2022-01-27T11:02:53Z</time>
      </trkpt>
      <trkpt lat="-33.341633006930351" lon="21.843062220141292">
        <ele>837.45000000000005</ele>
        <time>2022-01-27T11:03:04Z</time>
      </trkpt>
      <trkpt lat="-33.341216929256916" lon="21.841787165030837">
        <ele>847.53999999999996</ele>
        <time>2022-01-27T11:03:15Z</time>
      </trkpt>
      <trkpt lat="-33.341179713606834" lon="21.841672081500292">
        <ele>848.5</ele>
        <time>2022-01-27T11:03:16Z</time>
      </trkpt>
      <trkpt lat="-33.340842509642243" lon="21.840554857626557">
        <ele>856.19000000000005</ele>
        <time>2022-01-27T11:03:26Z</time>
      </trkpt>
      <trkpt lat="-33.340822057798505" lon="21.840455364435911">
        <ele>856.19000000000005</ele>
        <time>2022-01-27T11:03:27Z</time>
      </trkpt>
      <trkpt lat="-33.340820297598839" lon="21.840365510433912">
        <ele>856.66999999999996</ele>
        <time>2022-01-27T11:03:28Z</time>
      </trkpt>
      <trkpt lat="-33.340834798291326" lon="21.840288061648607">
        <ele>856.66999999999996</ele>
        <time>2022-01-27T11:03:29Z</time>
      </trkpt>
      <trkpt lat="-33.340856591239572" lon="21.840222598984838">
        <ele>856.19000000000005</ele>
        <time>2022-01-27T11:03:30Z</time>
      </trkpt>
      <trkpt lat="-33.340883916243911" lon="21.840165266767144">
        <ele>855.71000000000004</ele>
        <time>2022-01-27T11:03:31Z</time>
      </trkpt>
      <trkpt lat="-33.340913839638233" lon="21.840111119672656">
        <ele>855.71000000000004</ele>
        <time>2022-01-27T11:03:32Z</time>
      </trkpt>
      <trkpt lat="-33.341376520693302" lon="21.839331686496735">
        <ele>844.65999999999997</ele>
        <time>2022-01-27T11:03:46Z</time>
      </trkpt>
      <trkpt lat="-33.341883458197117" lon="21.838469607755542">
        <ele>831.67999999999995</ele>
        <time>2022-01-27T11:03:59Z</time>
      </trkpt>
      <trkpt lat="-33.341907011345029" lon="21.838393332436681">
        <ele>831.20000000000005</ele>
        <time>2022-01-27T11:04:00Z</time>
      </trkpt>
      <trkpt lat="-33.341921009123325" lon="21.838316805660725">
        <ele>830.24000000000001</ele>
        <time>2022-01-27T11:04:01Z</time>
      </trkpt>
      <trkpt lat="-33.341927798464894" lon="21.838239440694451">
        <ele>829.26999999999998</ele>
        <time>2022-01-27T11:04:02Z</time>
      </trkpt>
      <trkpt lat="-33.341931402683258" lon="21.838160902261734">
        <ele>828.30999999999995</ele>
        <time>2022-01-27T11:04:03Z</time>
      </trkpt>
      <trkpt lat="-33.342062076553702" lon="21.837212825194001">
        <ele>817.74000000000001</ele>
        <time>2022-01-27T11:04:16Z</time>
      </trkpt>
      <trkpt lat="-33.342100633308291" lon="21.837095730006695">
        <ele>816.29999999999995</ele>
        <time>2022-01-27T11:04:18Z</time>
      </trkpt>
      <trkpt lat="-33.342109937220812" lon="21.837035967037082">
        <ele>815.82000000000005</ele>
        <time>2022-01-27T11:04:19Z</time>
      </trkpt>
      <trkpt lat="-33.342112954705954" lon="21.836975617334247">
        <ele>815.34000000000003</ele>
        <time>2022-01-27T11:04:20Z</time>
      </trkpt>
      <trkpt lat="-33.342133658006787" lon="21.836603041738272">
        <ele>810.52999999999997</ele>
        <time>2022-01-27T11:04:26Z</time>
      </trkpt>
      <trkpt lat="-33.3423937484622" lon="21.835806928575039">
        <ele>802.36000000000001</ele>
        <time>2022-01-27T11:04:36Z</time>
      </trkpt>
      <trkpt lat="-33.342516627162695" lon="21.834934623911977">
        <ele>791.77999999999997</ele>
        <time>2022-01-27T11:04:49Z</time>
      </trkpt>
      <trkpt lat="-33.34255694411695" lon="21.834785090759397">
        <ele>790.34000000000003</ele>
        <time>2022-01-27T11:04:51Z</time>
      </trkpt>
      <trkpt lat="-33.34267764352262" lon="21.834531538188457">
        <ele>787.94000000000005</ele>
        <time>2022-01-27T11:04:55Z</time>
      </trkpt>
      <trkpt lat="-33.342714859172702" lon="21.834488958120346">
        <ele>786.98000000000002</ele>
        <time>2022-01-27T11:04:56Z</time>
      </trkpt>
      <trkpt lat="-33.342756517231464" lon="21.834453251212835">
        <ele>786.01999999999998</ele>
        <time>2022-01-27T11:04:57Z</time>
      </trkpt>
      <trkpt lat="-33.342798929661512" lon="21.834423914551735">
        <ele>785.04999999999995</ele>
        <time>2022-01-27T11:04:58Z</time>
      </trkpt>
      <trkpt lat="-33.34284427575767" lon="21.834397427737713">
        <ele>784.09000000000003</ele>
        <time>2022-01-27T11:04:59Z</time>
      </trkpt>
      <trkpt lat="-33.343234369531274" lon="21.83410313911736">
        <ele>775.91999999999996</ele>
        <time>2022-01-27T11:05:09Z</time>
      </trkpt>
      <trkpt lat="-33.343268483877182" lon="21.834069862961769">
        <ele>775.44000000000005</ele>
        <time>2022-01-27T11:05:10Z</time>
      </trkpt>
      <trkpt lat="-33.343301340937614" lon="21.834029126912355">
        <ele>774.96000000000004</ele>
        <time>2022-01-27T11:05:11Z</time>
      </trkpt>
      <trkpt lat="-33.343330845236778" lon="21.833981601521373">
        <ele>774.48000000000002</ele>
        <time>2022-01-27T11:05:12Z</time>
      </trkpt>
      <trkpt lat="-33.343358673155308" lon="21.833927119150758">
        <ele>773.51999999999998</ele>
        <time>2022-01-27T11:05:13Z</time>
      </trkpt>
      <trkpt lat="-33.343501249328256" lon="21.833683960139751">
        <ele>769.19000000000005</ele>
        <time>2022-01-27T11:05:18Z</time>
      </trkpt>
      <trkpt lat="-33.343521114438772" lon="21.833633836358786">
        <ele>768.71000000000004</ele>
        <time>2022-01-27T11:05:19Z</time>
      </trkpt>
      <trkpt lat="-33.343535447493196" lon="21.83358178474009">
        <ele>768.23000000000002</ele>
        <time>2022-01-27T11:05:20Z</time>
      </trkpt>
      <trkpt lat="-33.343539722263813" lon="21.833530068397522">
        <ele>767.75</ele>
        <time>2022-01-27T11:05:21Z</time>
      </trkpt>
      <trkpt lat="-33.34353419020772" lon="21.833479274064302">
        <ele>766.78999999999996</ele>
        <time>2022-01-27T11:05:22Z</time>
      </trkpt>
      <trkpt lat="-33.34351709112525" lon="21.833430156111717">
        <ele>766.30999999999995</ele>
        <time>2022-01-27T11:05:23Z</time>
      </trkpt>
      <trkpt lat="-33.343487670645118" lon="21.833391264081001">
        <ele>765.83000000000004</ele>
        <time>2022-01-27T11:05:24Z</time>
      </trkpt>
      <trkpt lat="-33.34344869479537" lon="21.83336821384728">
        <ele>765.35000000000002</ele>
        <time>2022-01-27T11:05:25Z</time>
      </trkpt>
      <trkpt lat="-33.343401337042451" lon="21.833361005410552">
        <ele>764.87</ele>
        <time>2022-01-27T11:05:26Z</time>
      </trkpt>
      <trkpt lat="-33.343343585729599" lon="21.833364441990852">
        <ele>764.38999999999999</ele>
        <time>2022-01-27T11:05:27Z</time>
      </trkpt>
      <trkpt lat="-33.343268902972341" lon="21.833373494446278">
        <ele>764.38999999999999</ele>
        <time>2022-01-27T11:05:28Z</time>
      </trkpt>
      <trkpt lat="-33.343183407559991" lon="21.833379613235593">
        <ele>763.89999999999998</ele>
        <time>2022-01-27T11:05:29Z</time>
      </trkpt>
      <trkpt lat="-33.342882748693228" lon="21.833393275737762">
        <ele>763.41999999999996</ele>
        <time>2022-01-27T11:05:33Z</time>
      </trkpt>
      <trkpt lat="-33.342821393162012" lon="21.833385312929749">
        <ele>763.41999999999996</ele>
        <time>2022-01-27T11:05:34Z</time>
      </trkpt>
      <trkpt lat="-33.342762300744653" lon="21.833365615457296">
        <ele>763.41999999999996</ele>
        <time>2022-01-27T11:05:35Z</time>
      </trkpt>
      <trkpt lat="-33.342698598280549" lon="21.833332674577832">
        <ele>762.94000000000005</ele>
        <time>2022-01-27T11:05:36Z</time>
      </trkpt>
      <trkpt lat="-33.342630453407764" lon="21.833292106166482">
        <ele>762.94000000000005</ele>
        <time>2022-01-27T11:05:37Z</time>
      </trkpt>
      <trkpt lat="-33.341837441548705" lon="21.832859348505735">
        <ele>760.05999999999995</ele>
        <time>2022-01-27T11:05:49Z</time>
      </trkpt>
      <trkpt lat="-33.341749347746372" lon="21.832781312987208">
        <ele>760.05999999999995</ele>
        <time>2022-01-27T11:05:51Z</time>
      </trkpt>
      <trkpt lat="-33.341718837618828" lon="21.832737307995558">
        <ele>760.05999999999995</ele>
        <time>2022-01-27T11:05:52Z</time>
      </trkpt>
      <trkpt lat="-33.341698301956058" lon="21.832682825624943">
        <ele>760.05999999999995</ele>
        <time>2022-01-27T11:05:53Z</time>
      </trkpt>
      <trkpt lat="-33.341690842062235" lon="21.832619206979871">
        <ele>761.01999999999998</ele>
        <time>2022-01-27T11:05:54Z</time>
      </trkpt>
      <trkpt lat="-33.341700145974755" lon="21.832558941096067">
        <ele>761.98000000000002</ele>
        <time>2022-01-27T11:05:55Z</time>
      </trkpt>
      <trkpt lat="-33.341727135702968" lon="21.832511918619275">
        <ele>762.46000000000004</ele>
        <time>2022-01-27T11:05:56Z</time>
      </trkpt>
      <trkpt lat="-33.341768877580762" lon="21.832482665777206">
        <ele>762.94000000000005</ele>
        <time>2022-01-27T11:05:57Z</time>
      </trkpt>
      <trkpt lat="-33.341815313324332" lon="21.832478810101748">
        <ele>763.41999999999996</ele>
        <time>2022-01-27T11:05:58Z</time>
      </trkpt>
      <trkpt lat="-33.341860072687268" lon="21.832497585564852">
        <ele>764.38999999999999</ele>
        <time>2022-01-27T11:05:59Z</time>
      </trkpt>
      <trkpt lat="-33.34189678542316" lon="21.832531867548823">
        <ele>764.87</ele>
        <time>2022-01-27T11:06:00Z</time>
      </trkpt>
      <trkpt lat="-33.341928133741021" lon="21.832573609426618">
        <ele>765.83000000000004</ele>
        <time>2022-01-27T11:06:01Z</time>
      </trkpt>
      <trkpt lat="-33.341961912810802" lon="21.83262306265533">
        <ele>766.30999999999995</ele>
        <time>2022-01-27T11:06:02Z</time>
      </trkpt>
      <trkpt lat="-33.342004911974072" lon="21.832677461206913">
        <ele>767.26999999999998</ele>
        <time>2022-01-27T11:06:03Z</time>
      </trkpt>
      <trkpt lat="-33.34205805324018" lon="21.83272959664464">
        <ele>767.75</ele>
        <time>2022-01-27T11:06:04Z</time>
      </trkpt>
      <trkpt lat="-33.342116475105286" lon="21.832776200026274">
        <ele>768.23000000000002</ele>
        <time>2022-01-27T11:06:05Z</time>
      </trkpt>
      <trkpt lat="-33.342178585007787" lon="21.832816768437624">
        <ele>769.19000000000005</ele>
        <time>2022-01-27T11:06:06Z</time>
      </trkpt>
      <trkpt lat="-33.342245891690254" lon="21.832852391526103">
        <ele>769.66999999999996</ele>
        <time>2022-01-27T11:06:07Z</time>
      </trkpt>
      <trkpt lat="-33.342315042391419" lon="21.832883739843965">
        <ele>770.63</ele>
        <time>2022-01-27T11:06:08Z</time>
      </trkpt>
      <trkpt lat="-33.342583850026131" lon="21.832992117851973">
        <ele>774.48000000000002</ele>
        <time>2022-01-27T11:06:12Z</time>
      </trkpt>
      <trkpt lat="-33.342628525570035" lon="21.833018604665995">
        <ele>775.44000000000005</ele>
        <time>2022-01-27T11:06:13Z</time>
      </trkpt>
      <trkpt lat="-33.342663394287229" lon="21.833047606050968">
        <ele>776.39999999999998</ele>
        <time>2022-01-27T11:06:14Z</time>
      </trkpt>
      <trkpt lat="-33.342699520289898" lon="21.833077697083354">
        <ele>777.36000000000001</ele>
        <time>2022-01-27T11:06:15Z</time>
      </trkpt>
      <trkpt lat="-33.342738160863519" lon="21.833099154755473">
        <ele>777.84000000000003</ele>
        <time>2022-01-27T11:06:16Z</time>
      </trkpt>
      <trkpt lat="-33.342778813093901" lon="21.833102339878678">
        <ele>778.80999999999995</ele>
        <time>2022-01-27T11:06:17Z</time>
      </trkpt>
      <trkpt lat="-33.34281200543046" lon="21.833083229139447">
        <ele>779.76999999999998</ele>
        <time>2022-01-27T11:06:18Z</time>
      </trkpt>
      <trkpt lat="-33.342830780893564" lon="21.833043415099382">
        <ele>780.25</ele>
        <time>2022-01-27T11:06:19Z</time>
      </trkpt>
      <trkpt lat="-33.342829020693898" lon="21.832997146993876">
        <ele>780.73000000000002</ele>
        <time>2022-01-27T11:06:20Z</time>
      </trkpt>
      <trkpt lat="-33.342809155583382" lon="21.832954483106732">
        <ele>781.69000000000005</ele>
        <time>2022-01-27T11:06:21Z</time>
      </trkpt>
      <trkpt lat="-33.342776466161013" lon="21.832918357104063">
        <ele>782.64999999999998</ele>
        <time>2022-01-27T11:06:22Z</time>
      </trkpt>
      <trkpt lat="-33.342736568301916" lon="21.832884745672345">
        <ele>783.13</ele>
        <time>2022-01-27T11:06:23Z</time>
      </trkpt>
      <trkpt lat="-33.342694072052836" lon="21.832850631326437">
        <ele>784.09000000000003</ele>
        <time>2022-01-27T11:06:24Z</time>
      </trkpt>
      <trkpt lat="-33.342653000727296" lon="21.832813248038292">
        <ele>784.57000000000005</ele>
        <time>2022-01-27T11:06:25Z</time>
      </trkpt>
      <trkpt lat="-33.342612683773041" lon="21.832770584151149">
        <ele>785.52999999999997</ele>
        <time>2022-01-27T11:06:26Z</time>
      </trkpt>
      <trkpt lat="-33.342575384303927" lon="21.83272372931242">
        <ele>786.5</ele>
        <time>2022-01-27T11:06:27Z</time>
      </trkpt>
      <trkpt lat="-33.342542443424463" lon="21.832674108445644">
        <ele>787.46000000000004</ele>
        <time>2022-01-27T11:06:28Z</time>
      </trkpt>
      <trkpt lat="-33.342447811737657" lon="21.832497837021947">
        <ele>790.34000000000003</ele>
        <time>2022-01-27T11:06:31Z</time>
      </trkpt>
      <trkpt lat="-33.342034164816141" lon="21.83145915158093">
        <ele>802.36000000000001</ele>
        <time>2022-01-27T11:06:44Z</time>
      </trkpt>
      <trkpt lat="-33.341999547556043" lon="21.831314647570252">
        <ele>804.27999999999997</ele>
        <time>2022-01-27T11:06:46Z</time>
      </trkpt>
      <trkpt lat="-33.341996949166059" lon="21.831240886822343">
        <ele>805.24000000000001</ele>
        <time>2022-01-27T11:06:47Z</time>
      </trkpt>
      <trkpt lat="-33.342010779306293" lon="21.831165533512831">
        <ele>806.20000000000005</ele>
        <time>2022-01-27T11:06:48Z</time>
      </trkpt>
      <trkpt lat="-33.342033913359046" lon="21.831025639548898">
        <ele>808.13</ele>
        <time>2022-01-27T11:06:50Z</time>
      </trkpt>
      <trkpt lat="-33.342026621103287" lon="21.830961685627699">
        <ele>809.09000000000003</ele>
        <time>2022-01-27T11:06:51Z</time>
      </trkpt>
      <trkpt lat="-33.342003403231502" lon="21.830903515219688">
        <ele>810.04999999999995</ele>
        <time>2022-01-27T11:06:52Z</time>
      </trkpt>
      <trkpt lat="-33.341966858133674" lon="21.830852217972279">
        <ele>811.00999999999999</ele>
        <time>2022-01-27T11:06:53Z</time>
      </trkpt>
      <trkpt lat="-33.341924110427499" lon="21.830802680924535">
        <ele>811.49000000000001</ele>
        <time>2022-01-27T11:06:54Z</time>
      </trkpt>
      <trkpt lat="-33.3418860565871" lon="21.830760017037392">
        <ele>812.45000000000005</ele>
        <time>2022-01-27T11:06:55Z</time>
      </trkpt>
      <trkpt lat="-33.341858731582761" lon="21.830722717568278">
        <ele>812.92999999999995</ele>
        <time>2022-01-27T11:06:56Z</time>
      </trkpt>
      <trkpt lat="-33.341839117929339" lon="21.830675443634391">
        <ele>813.40999999999997</ele>
        <time>2022-01-27T11:06:57Z</time>
      </trkpt>
      <trkpt lat="-33.341833166778088" lon="21.830614171922207">
        <ele>813.88999999999999</ele>
        <time>2022-01-27T11:06:58Z</time>
      </trkpt>
      <trkpt lat="-33.341831658035517" lon="21.830458687618375">
        <ele>814.85000000000002</ele>
        <time>2022-01-27T11:07:00Z</time>
      </trkpt>
      <trkpt lat="-33.341814810410142" lon="21.830371096730232">
        <ele>815.82000000000005</ele>
        <time>2022-01-27T11:07:01Z</time>
      </trkpt>
      <trkpt lat="-33.341787736862898" lon="21.83027763850987">
        <ele>816.29999999999995</ele>
        <time>2022-01-27T11:07:02Z</time>
      </trkpt>
      <trkpt lat="-33.341755382716656" lon="21.830184599384665">
        <ele>816.77999999999997</ele>
        <time>2022-01-27T11:07:03Z</time>
      </trkpt>
      <trkpt lat="-33.341718167066574" lon="21.830091057345271">
        <ele>817.74000000000001</ele>
        <time>2022-01-27T11:07:04Z</time>
      </trkpt>
      <trkpt lat="-33.341649938374758" lon="21.82991218753159">
        <ele>819.65999999999997</ele>
        <time>2022-01-27T11:07:06Z</time>
      </trkpt>
      <trkpt lat="-33.341619092971087" lon="21.829826021566987">
        <ele>820.62</ele>
        <time>2022-01-27T11:07:07Z</time>
      </trkpt>
      <trkpt lat="-33.341583972796798" lon="21.829747818410397">
        <ele>821.58000000000004</ele>
        <time>2022-01-27T11:07:08Z</time>
      </trkpt>
      <trkpt lat="-33.341553043574095" lon="21.829677997156978">
        <ele>822.54999999999995</ele>
        <time>2022-01-27T11:07:09Z</time>
      </trkpt>
      <trkpt lat="-33.341536112129688" lon="21.829619156196713">
        <ele>823.50999999999999</ele>
        <time>2022-01-27T11:07:10Z</time>
      </trkpt>
      <trkpt lat="-33.341532591730356" lon="21.829559057950974">
        <ele>823.99000000000001</ele>
        <time>2022-01-27T11:07:11Z</time>
      </trkpt>
      <trkpt lat="-33.341541811823845" lon="21.829491583630443">
        <ele>824.47000000000003</ele>
        <time>2022-01-27T11:07:12Z</time>
      </trkpt>
      <trkpt lat="-33.341566035524011" lon="21.829415392130613">
        <ele>824.47000000000003</ele>
        <time>2022-01-27T11:07:13Z</time>
      </trkpt>
      <trkpt lat="-33.341600736603141" lon="21.829333081841469">
        <ele>824.47000000000003</ele>
        <time>2022-01-27T11:07:14Z</time>
      </trkpt>
      <trkpt lat="-33.341640047729015" lon="21.829243982210755">
        <ele>824.47000000000003</ele>
        <time>2022-01-27T11:07:15Z</time>
      </trkpt>
      <trkpt lat="-33.34174289368093" lon="21.828956985846162">
        <ele>823.50999999999999</ele>
        <time>2022-01-27T11:07:18Z</time>
      </trkpt>
      <trkpt lat="-33.341760914772749" lon="21.828862940892577">
        <ele>823.50999999999999</ele>
        <time>2022-01-27T11:07:19Z</time>
      </trkpt>
      <trkpt lat="-33.341770302504301" lon="21.828769985586405">
        <ele>823.02999999999997</ele>
        <time>2022-01-27T11:07:20Z</time>
      </trkpt>
      <trkpt lat="-33.341776672750711" lon="21.828675186261535">
        <ele>822.54999999999995</ele>
        <time>2022-01-27T11:07:21Z</time>
      </trkpt>
      <trkpt lat="-33.341778852045536" lon="21.828579884022474">
        <ele>822.05999999999995</ele>
        <time>2022-01-27T11:07:22Z</time>
      </trkpt>
      <trkpt lat="-33.341774325817823" lon="21.828484246507287">
        <ele>822.05999999999995</ele>
        <time>2022-01-27T11:07:23Z</time>
      </trkpt>
      <trkpt lat="-33.341760663315654" lon="21.828383496031165">
        <ele>821.58000000000004</ele>
        <time>2022-01-27T11:07:24Z</time>
      </trkpt>
      <trkpt lat="-33.341740211471915" lon="21.828285846859217">
        <ele>821.10000000000002</ele>
        <time>2022-01-27T11:07:25Z</time>
      </trkpt>
      <trkpt lat="-33.341713640838861" lon="21.828191047534347">
        <ele>820.62</ele>
        <time>2022-01-27T11:07:26Z</time>
      </trkpt>
      <trkpt lat="-33.341681119054556" lon="21.828102115541697">
        <ele>820.13999999999999</ele>
        <time>2022-01-27T11:07:27Z</time>
      </trkpt>
      <trkpt lat="-33.341646585613489" lon="21.828023325651884">
        <ele>819.65999999999997</ele>
        <time>2022-01-27T11:07:28Z</time>
      </trkpt>
      <trkpt lat="-33.341606939211488" lon="21.827946715056896">
        <ele>819.17999999999995</ele>
        <time>2022-01-27T11:07:29Z</time>
      </trkpt>
      <trkpt lat="-33.341564359143376" lon="21.82787211611867">
        <ele>818.70000000000005</ele>
        <time>2022-01-27T11:07:30Z</time>
      </trkpt>
      <trkpt lat="-33.341448102146387" lon="21.827642284333706">
        <ele>816.77999999999997</ele>
        <time>2022-01-27T11:07:33Z</time>
      </trkpt>
      <trkpt lat="-33.341427482664585" lon="21.827567266300321">
        <ele>816.29999999999995</ele>
        <time>2022-01-27T11:07:34Z</time>
      </trkpt>
      <trkpt lat="-33.341420609503984" lon="21.827496690675616">
        <ele>815.82000000000005</ele>
        <time>2022-01-27T11:07:35Z</time>
      </trkpt>
      <trkpt lat="-33.341425303369761" lon="21.827429300174117">
        <ele>815.34000000000003</ele>
        <time>2022-01-27T11:07:36Z</time>
      </trkpt>
      <trkpt lat="-33.341440223157406" lon="21.827360652387142">
        <ele>815.34000000000003</ele>
        <time>2022-01-27T11:07:37Z</time>
      </trkpt>
      <trkpt lat="-33.341464949771762" lon="21.827286053448915">
        <ele>814.37</ele>
        <time>2022-01-27T11:07:38Z</time>
      </trkpt>
      <trkpt lat="-33.341498980298638" lon="21.827207347378135">
        <ele>813.88999999999999</ele>
        <time>2022-01-27T11:07:39Z</time>
      </trkpt>
      <trkpt lat="-33.341806009411812" lon="21.826068246737123">
        <ele>804.75999999999999</ele>
        <time>2022-01-27T11:07:52Z</time>
      </trkpt>
      <trkpt lat="-33.34196568466723" lon="21.824870891869068">
        <ele>793.22000000000003</ele>
        <time>2022-01-27T11:08:05Z</time>
      </trkpt>
      <trkpt lat="-33.342088898643851" lon="21.823953157290816">
        <ele>785.52999999999997</ele>
        <time>2022-01-27T11:08:16Z</time>
      </trkpt>
      <trkpt lat="-33.342187134549022" lon="21.823663730174303">
        <ele>782.16999999999996</ele>
        <time>2022-01-27T11:08:21Z</time>
      </trkpt>
      <trkpt lat="-33.342349492013454" lon="21.823106920346618">
        <ele>775.91999999999996</ele>
        <time>2022-01-27T11:08:30Z</time>
      </trkpt>
      <trkpt lat="-33.342389138415456" lon="21.82304497808218">
        <ele>774.96000000000004</ele>
        <time>2022-01-27T11:08:31Z</time>
      </trkpt>
      <trkpt lat="-33.342447392642498" lon="21.822982113808393">
        <ele>774</ele>
        <time>2022-01-27T11:08:32Z</time>
      </trkpt>
      <trkpt lat="-33.342945948243141" lon="21.822523204609752">
        <ele>765.83000000000004</ele>
        <time>2022-01-27T11:08:39Z</time>
      </trkpt>
      <trkpt lat="-33.343306118622422" lon="21.82217963039875">
        <ele>759.58000000000004</ele>
        <time>2022-01-27T11:08:46Z</time>
      </trkpt>
      <trkpt lat="-33.343340568244457" lon="21.822125231847167">
        <ele>759.10000000000002</ele>
        <time>2022-01-27T11:08:47Z</time>
      </trkpt>
      <trkpt lat="-33.343365881592035" lon="21.822061361745">
        <ele>758.62</ele>
        <time>2022-01-27T11:08:48Z</time>
      </trkpt>
      <trkpt lat="-33.343381304293871" lon="21.821988774463534">
        <ele>758.13999999999999</ele>
        <time>2022-01-27T11:08:49Z</time>
      </trkpt>
      <trkpt lat="-33.343388680368662" lon="21.821912163868546">
        <ele>757.17999999999995</ele>
        <time>2022-01-27T11:08:50Z</time>
      </trkpt>
      <trkpt lat="-33.343394547700882" lon="21.821833625435829">
        <ele>756.69000000000005</ele>
        <time>2022-01-27T11:08:51Z</time>
      </trkpt>
      <trkpt lat="-33.343421956524253" lon="21.821593064814806">
        <ele>754.28999999999996</ele>
        <time>2022-01-27T11:08:54Z</time>
      </trkpt>
      <trkpt lat="-33.343430506065488" lon="21.82128394022584">
        <ele>750.92999999999995</ele>
        <time>2022-01-27T11:08:58Z</time>
      </trkpt>
      <trkpt lat="-33.34344525821507" lon="21.821215376257896">
        <ele>749.97000000000003</ele>
        <time>2022-01-27T11:08:59Z</time>
      </trkpt>
      <trkpt lat="-33.343469398096204" lon="21.821150919422507">
        <ele>749.49000000000001</ele>
        <time>2022-01-27T11:09:00Z</time>
      </trkpt>
      <trkpt lat="-33.343504434451461" lon="21.821084534749389">
        <ele>748.51999999999998</ele>
        <time>2022-01-27T11:09:01Z</time>
      </trkpt>
      <trkpt lat="-33.343549696728587" lon="21.821012534201145">
        <ele>748.03999999999996</ele>
        <time>2022-01-27T11:09:02Z</time>
      </trkpt>
      <trkpt lat="-33.343603340908885" lon="21.820934331044555">
        <ele>747.08000000000004</ele>
        <time>2022-01-27T11:09:03Z</time>
      </trkpt>
      <trkpt lat="-33.34416744299233" lon="21.820299904793501">
        <ele>737.95000000000005</ele>
        <time>2022-01-27T11:09:13Z</time>
      </trkpt>
      <trkpt lat="-33.344334745779634" lon="21.82017769664526">
        <ele>735.54999999999995</ele>
        <time>2022-01-27T11:09:16Z</time>
      </trkpt>
      <trkpt lat="-33.344397023320198" lon="21.820148108527064">
        <ele>734.10000000000002</ele>
        <time>2022-01-27T11:09:17Z</time>
      </trkpt>
      <trkpt lat="-33.34472743794322" lon="21.820031432434916">
        <ele>728.82000000000005</ele>
        <time>2022-01-27T11:09:22Z</time>
      </trkpt>
      <trkpt lat="-33.344790553674102" lon="21.820022966712713">
        <ele>727.86000000000001</ele>
        <time>2022-01-27T11:09:23Z</time>
      </trkpt>
      <trkpt lat="-33.344854842871428" lon="21.820019530132413">
        <ele>726.88999999999999</ele>
        <time>2022-01-27T11:09:24Z</time>
      </trkpt>
      <trkpt lat="-33.345041675493121" lon="21.820024559274316">
        <ele>724.49000000000001</ele>
        <time>2022-01-27T11:09:27Z</time>
      </trkpt>
      <trkpt lat="-33.345501003786922" lon="21.82012983597815">
        <ele>718.24000000000001</ele>
        <time>2022-01-27T11:09:34Z</time>
      </trkpt>
      <trkpt lat="-33.345550876110792" lon="21.82016059756279">
        <ele>717.27999999999997</ele>
        <time>2022-01-27T11:09:35Z</time>
      </trkpt>
      <trkpt lat="-33.345670318230987" lon="21.820225389674306">
        <ele>715.36000000000001</ele>
        <time>2022-01-27T11:09:38Z</time>
      </trkpt>
      <trkpt lat="-33.345701415091753" lon="21.820216001942754">
        <ele>714.39999999999998</ele>
        <time>2022-01-27T11:09:39Z</time>
      </trkpt>
      <trkpt lat="-33.345721364021301" lon="21.820190101861954">
        <ele>713.91999999999996</ele>
        <time>2022-01-27T11:09:40Z</time>
      </trkpt>
      <trkpt lat="-33.345729578286409" lon="21.820155484601855">
        <ele>713.44000000000005</ele>
        <time>2022-01-27T11:09:41Z</time>
      </trkpt>
      <trkpt lat="-33.345722202211618" lon="21.820118268951774">
        <ele>712.95000000000005</ele>
        <time>2022-01-27T11:09:42Z</time>
      </trkpt>
      <trkpt lat="-33.345695296302438" lon="21.820087842643261">
        <ele>712.47000000000003</ele>
        <time>2022-01-27T11:09:43Z</time>
      </trkpt>
      <trkpt lat="-33.345657410100102" lon="21.820062110200524">
        <ele>711.99000000000001</ele>
        <time>2022-01-27T11:09:44Z</time>
      </trkpt>
      <trkpt lat="-33.345610219985247" lon="21.820035623386502">
        <ele>711.50999999999999</ele>
        <time>2022-01-27T11:09:45Z</time>
      </trkpt>
      <trkpt lat="-33.344907900318503" lon="21.819671764969826">
        <ele>706.23000000000002</ele>
        <time>2022-01-27T11:09:55Z</time>
      </trkpt>
      <trkpt lat="-33.34400424733758" lon="21.819443609565496">
        <ele>697.57000000000005</ele>
        <time>2022-01-27T11:10:08Z</time>
      </trkpt>
      <trkpt lat="-33.343954626470804" lon="21.819453500211239">
        <ele>697.09000000000003</ele>
        <time>2022-01-27T11:10:09Z</time>
      </trkpt>
      <trkpt lat="-33.34391238167882" lon="21.819470766931772">
        <ele>697.09000000000003</ele>
        <time>2022-01-27T11:10:10Z</time>
      </trkpt>
      <trkpt lat="-33.343807524070144" lon="21.819509323686361">
        <ele>696.13</ele>
        <time>2022-01-27T11:10:13Z</time>
      </trkpt>
      <trkpt lat="-33.343779947608709" lon="21.819489123299718">
        <ele>695.64999999999998</ele>
        <time>2022-01-27T11:10:14Z</time>
      </trkpt>
      <trkpt lat="-33.343765698373318" lon="21.819450231269002">
        <ele>695.16999999999996</ele>
        <time>2022-01-27T11:10:15Z</time>
      </trkpt>
      <trkpt lat="-33.343768883496523" lon="21.819404046982527">
        <ele>694.69000000000005</ele>
        <time>2022-01-27T11:10:16Z</time>
      </trkpt>
      <trkpt lat="-33.343790089711547" lon="21.819361466914415">
        <ele>694.21000000000004</ele>
        <time>2022-01-27T11:10:17Z</time>
      </trkpt>
      <trkpt lat="-33.343825377523899" lon="21.819333806633949">
        <ele>693.25</ele>
        <time>2022-01-27T11:10:18Z</time>
      </trkpt>
      <trkpt lat="-33.343865945935249" lon="21.819319557398558">
        <ele>692.76999999999998</ele>
        <time>2022-01-27T11:10:19Z</time>
      </trkpt>
      <trkpt lat="-33.343907184898853" lon="21.819306313991547">
        <ele>692.76999999999998</ele>
        <time>2022-01-27T11:10:20Z</time>
      </trkpt>
      <trkpt lat="-33.343952614814043" lon="21.819286867976189">
        <ele>692.28999999999996</ele>
        <time>2022-01-27T11:10:21Z</time>
      </trkpt>
      <trkpt lat="-33.344508167356253" lon="21.819052258506417">
        <ele>689.88</ele>
        <time>2022-01-27T11:10:31Z</time>
      </trkpt>
      <trkpt lat="-33.345482898876071" lon="21.818861654028296">
        <ele>681.71000000000004</ele>
        <time>2022-01-27T11:10:44Z</time>
      </trkpt>
      <trkpt lat="-33.345792023465037" lon="21.818818151950836">
        <ele>679.78999999999996</ele>
        <time>2022-01-27T11:10:48Z</time>
      </trkpt>
      <trkpt lat="-33.345858743414283" lon="21.818795017898083">
        <ele>679.30999999999995</ele>
        <time>2022-01-27T11:10:49Z</time>
      </trkpt>
      <trkpt lat="-33.345920266583562" lon="21.818763837218285">
        <ele>678.83000000000004</ele>
        <time>2022-01-27T11:10:50Z</time>
      </trkpt>
      <trkpt lat="-33.345976676791906" lon="21.818721927702427">
        <ele>678.35000000000002</ele>
        <time>2022-01-27T11:10:51Z</time>
      </trkpt>
      <trkpt lat="-33.346026297658682" lon="21.818667026236653">
        <ele>677.87</ele>
        <time>2022-01-27T11:10:52Z</time>
      </trkpt>
      <trkpt lat="-33.346072901040316" lon="21.81860432960093">
        <ele>677.38999999999999</ele>
        <time>2022-01-27T11:10:53Z</time>
      </trkpt>
      <trkpt lat="-33.346302146092057" lon="21.818116083741188">
        <ele>672.58000000000004</ele>
        <time>2022-01-27T11:11:02Z</time>
      </trkpt>
      <trkpt lat="-33.346324693411589" lon="21.817806037142873">
        <ele>672.10000000000002</ele>
        <time>2022-01-27T11:11:13Z</time>
      </trkpt>
      <trkpt lat="-33.346301978453994" lon="21.817595148459077">
        <ele>673.05999999999995</ele>
        <time>2022-01-27T11:11:19Z</time>
      </trkpt>
      <trkpt lat="-33.346275491639972" lon="21.817553741857409">
        <ele>673.53999999999996</ele>
        <time>2022-01-27T11:11:20Z</time>
      </trkpt>
      <trkpt lat="-33.346244227141142" lon="21.817511832341552">
        <ele>673.53999999999996</ele>
        <time>2022-01-27T11:11:21Z</time>
      </trkpt>
      <trkpt lat="-33.346207430586219" lon="21.817471012473106">
        <ele>674.01999999999998</ele>
        <time>2022-01-27T11:11:22Z</time>
      </trkpt>
      <trkpt lat="-33.346167868003249" lon="21.817428097128868">
        <ele>674.5</ele>
        <time>2022-01-27T11:11:23Z</time>
      </trkpt>
      <trkpt lat="-33.346125958487391" lon="21.817375542595983">
        <ele>674.5</ele>
        <time>2022-01-27T11:11:24Z</time>
      </trkpt>
      <trkpt lat="-33.346081366762519" lon="21.817315947264433">
        <ele>674.98000000000002</ele>
        <time>2022-01-27T11:11:25Z</time>
      </trkpt>
      <trkpt lat="-33.345651375129819" lon="21.816686717793345">
        <ele>678.83000000000004</ele>
        <time>2022-01-27T11:11:35Z</time>
      </trkpt>
      <trkpt lat="-33.345218785107136" lon="21.816171817481518">
        <ele>684.12</ele>
        <time>2022-01-27T11:11:46Z</time>
      </trkpt>
      <trkpt lat="-33.344886945560575" lon="21.815947098657489">
        <ele>686.51999999999998</ele>
        <time>2022-01-27T11:11:51Z</time>
      </trkpt>
      <trkpt lat="-33.344795498996973" lon="21.815903345122933">
        <ele>687</ele>
        <time>2022-01-27T11:11:52Z</time>
      </trkpt>
      <trkpt lat="-33.344377661123872" lon="21.815664125606418">
        <ele>688.91999999999996</ele>
        <time>2022-01-27T11:11:57Z</time>
      </trkpt>
      <trkpt lat="-33.344312198460102" lon="21.815598830580711">
        <ele>689.39999999999998</ele>
        <time>2022-01-27T11:11:58Z</time>
      </trkpt>
      <trkpt lat="-33.344252435490489" lon="21.815521717071533">
        <ele>690.36000000000001</ele>
        <time>2022-01-27T11:11:59Z</time>
      </trkpt>
      <trkpt lat="-33.34419728256762" lon="21.815429432317615">
        <ele>690.84000000000003</ele>
        <time>2022-01-27T11:12:00Z</time>
      </trkpt>
      <trkpt lat="-33.344139363616705" lon="21.815318958833814">
        <ele>691.33000000000004</ele>
        <time>2022-01-27T11:12:01Z</time>
      </trkpt>
      <trkpt lat="-33.343927385285497" lon="21.814903300255537">
        <ele>694.21000000000004</ele>
        <time>2022-01-27T11:12:05Z</time>
      </trkpt>
      <trkpt lat="-33.343910370022058" lon="21.814832221716642">
        <ele>694.69000000000005</ele>
        <time>2022-01-27T11:12:06Z</time>
      </trkpt>
      <trkpt lat="-33.343915902078152" lon="21.81476860307157">
        <ele>695.16999999999996</ele>
        <time>2022-01-27T11:12:07Z</time>
      </trkpt>
      <trkpt lat="-33.343936940655112" lon="21.814705403521657">
        <ele>695.64999999999998</ele>
        <time>2022-01-27T11:12:08Z</time>
      </trkpt>
      <trkpt lat="-33.343968372792006" lon="21.814637007191777">
        <ele>695.64999999999998</ele>
        <time>2022-01-27T11:12:09Z</time>
      </trkpt>
      <trkpt lat="-33.344008857384324" lon="21.814558887854218">
        <ele>696.13</ele>
        <time>2022-01-27T11:12:10Z</time>
      </trkpt>
      <trkpt lat="-33.344450835138559" lon="21.813571667298675">
        <ele>695.64999999999998</ele>
        <time>2022-01-27T11:12:20Z</time>
      </trkpt>
      <trkpt lat="-33.344496600329876" lon="21.813370082527399">
        <ele>695.64999999999998</ele>
        <time>2022-01-27T11:12:22Z</time>
      </trkpt>
      <trkpt lat="-33.344505988061428" lon="21.81326899677515">
        <ele>695.64999999999998</ele>
        <time>2022-01-27T11:12:23Z</time>
      </trkpt>
      <trkpt lat="-33.344506323337555" lon="21.813164642080665">
        <ele>695.64999999999998</ele>
        <time>2022-01-27T11:12:24Z</time>
      </trkpt>
      <trkpt lat="-33.344500036910176" lon="21.813052073121071">
        <ele>695.64999999999998</ele>
        <time>2022-01-27T11:12:25Z</time>
      </trkpt>
      <trkpt lat="-33.3444884698838" lon="21.812929613515735">
        <ele>696.13</ele>
        <time>2022-01-27T11:12:26Z</time>
      </trkpt>
      <trkpt lat="-33.344247825443745" lon="21.811920516192913">
        <ele>697.57000000000005</ele>
        <time>2022-01-27T11:12:33Z</time>
      </trkpt>
      <trkpt lat="-33.344171047210693" lon="21.81150209158659">
        <ele>699.01999999999998</ele>
        <time>2022-01-27T11:12:37Z</time>
      </trkpt>
      <trkpt lat="-33.344158725813031" lon="21.811323473230004">
        <ele>699.98000000000002</ele>
        <time>2022-01-27T11:12:39Z</time>
      </trkpt>
      <trkpt lat="-33.344140453264117" lon="21.811252562329173">
        <ele>700.46000000000004</ele>
        <time>2022-01-27T11:12:40Z</time>
      </trkpt>
      <trkpt lat="-33.344115139916539" lon="21.81118936277926">
        <ele>700.46000000000004</ele>
        <time>2022-01-27T11:12:41Z</time>
      </trkpt>
      <trkpt lat="-33.344067111611366" lon="21.811079308390617">
        <ele>700.94000000000005</ele>
        <time>2022-01-27T11:12:43Z</time>
      </trkpt>
      <trkpt lat="-33.344058142974973" lon="21.811023652553558">
        <ele>700.94000000000005</ele>
        <time>2022-01-27T11:12:44Z</time>
      </trkpt>
      <trkpt lat="-33.344058226794004" lon="21.81096657179296">
        <ele>700.94000000000005</ele>
        <time>2022-01-27T11:12:45Z</time>
      </trkpt>
      <trkpt lat="-33.344064932316542" lon="21.810908988118172">
        <ele>700.46000000000004</ele>
        <time>2022-01-27T11:12:46Z</time>
      </trkpt>
      <trkpt lat="-33.344078343361616" lon="21.810850063338876">
        <ele>700.46000000000004</ele>
        <time>2022-01-27T11:12:47Z</time>
      </trkpt>
      <trkpt lat="-33.344101225957274" lon="21.810788456350565">
        <ele>699.98000000000002</ele>
        <time>2022-01-27T11:12:48Z</time>
      </trkpt>
      <trkpt lat="-33.344128970056772" lon="21.810726849362254">
        <ele>699.5</ele>
        <time>2022-01-27T11:12:49Z</time>
      </trkpt>
      <trkpt lat="-33.344165347516537" lon="21.810666415840387">
        <ele>699.01999999999998</ele>
        <time>2022-01-27T11:12:50Z</time>
      </trkpt>
      <trkpt lat="-33.344208430498838" lon="21.810614112764597">
        <ele>698.52999999999997</ele>
        <time>2022-01-27T11:12:51Z</time>
      </trkpt>
      <trkpt lat="-33.344257883727551" lon="21.810571784153581">
        <ele>698.04999999999995</ele>
        <time>2022-01-27T11:12:52Z</time>
      </trkpt>
      <trkpt lat="-33.344311779364944" lon="21.810531551018357">
        <ele>697.57000000000005</ele>
        <time>2022-01-27T11:12:53Z</time>
      </trkpt>
      <trkpt lat="-33.344630626961589" lon="21.810245644301176">
        <ele>696.13</ele>
        <time>2022-01-27T11:12:59Z</time>
      </trkpt>
      <trkpt lat="-33.344682678580284" lon="21.810211194679141">
        <ele>695.64999999999998</ele>
        <time>2022-01-27T11:13:00Z</time>
      </trkpt>
      <trkpt lat="-33.34492139518261" lon="21.810042634606361">
        <ele>693.25</ele>
        <time>2022-01-27T11:13:05Z</time>
      </trkpt>
      <trkpt lat="-33.344958527013659" lon="21.809992343187332">
        <ele>692.76999999999998</ele>
        <time>2022-01-27T11:13:06Z</time>
      </trkpt>
      <trkpt lat="-33.344981074333191" lon="21.809933334589005">
        <ele>692.28999999999996</ele>
        <time>2022-01-27T11:13:07Z</time>
      </trkpt>
      <trkpt lat="-33.34498786367476" lon="21.809865944087505">
        <ele>691.80999999999995</ele>
        <time>2022-01-27T11:13:08Z</time>
      </trkpt>
      <trkpt lat="-33.344974787905812" lon="21.809796206653118">
        <ele>691.33000000000004</ele>
        <time>2022-01-27T11:13:09Z</time>
      </trkpt>
      <trkpt lat="-33.344943439587951" lon="21.809724206104875">
        <ele>691.33000000000004</ele>
        <time>2022-01-27T11:13:10Z</time>
      </trkpt>
      <trkpt lat="-33.344905553385615" lon="21.809647679328918">
        <ele>690.84000000000003</ele>
        <time>2022-01-27T11:13:11Z</time>
      </trkpt>
      <trkpt lat="-33.344833217561245" lon="21.809462020173669">
        <ele>690.84000000000003</ele>
        <time>2022-01-27T11:13:13Z</time>
      </trkpt>
      <trkpt lat="-33.344808239489794" lon="21.809356240555644">
        <ele>690.84000000000003</ele>
        <time>2022-01-27T11:13:14Z</time>
      </trkpt>
      <trkpt lat="-33.344792984426022" lon="21.809250041842461">
        <ele>690.84000000000003</ele>
        <time>2022-01-27T11:13:15Z</time>
      </trkpt>
      <trkpt lat="-33.344787955284119" lon="21.80914350785315">
        <ele>691.33000000000004</ele>
        <time>2022-01-27T11:13:16Z</time>
      </trkpt>
      <trkpt lat="-33.344787787646055" lon="21.809036638587713">
        <ele>691.33000000000004</ele>
        <time>2022-01-27T11:13:17Z</time>
      </trkpt>
      <trkpt lat="-33.344935644418001" lon="21.808015974238515">
        <ele>693.25</ele>
        <time>2022-01-27T11:13:26Z</time>
      </trkpt>
      <trkpt lat="-33.344980487599969" lon="21.807779520750046">
        <ele>694.21000000000004</ele>
        <time>2022-01-27T11:13:29Z</time>
      </trkpt>
      <trkpt lat="-33.3449995983392" lon="21.807729480788112">
        <ele>694.21000000000004</ele>
        <time>2022-01-27T11:13:30Z</time>
      </trkpt>
      <trkpt lat="-33.345026671886444" lon="21.80768296122551">
        <ele>694.69000000000005</ele>
        <time>2022-01-27T11:13:31Z</time>
      </trkpt>
      <trkpt lat="-33.34506263025105" lon="21.807637363672256">
        <ele>694.69000000000005</ele>
        <time>2022-01-27T11:13:32Z</time>
      </trkpt>
      <trkpt lat="-33.34510856308043" lon="21.80759402923286">
        <ele>694.69000000000005</ele>
        <time>2022-01-27T11:13:33Z</time>
      </trkpt>
      <trkpt lat="-33.345164051279426" lon="21.807555891573429">
        <ele>694.69000000000005</ele>
        <time>2022-01-27T11:13:34Z</time>
      </trkpt>
      <trkpt lat="-33.345228089019656" lon="21.807523285970092">
        <ele>694.69000000000005</ele>
        <time>2022-01-27T11:13:35Z</time>
      </trkpt>
      <trkpt lat="-33.345296485349536" lon="21.80749093182385">
        <ele>694.69000000000005</ele>
        <time>2022-01-27T11:13:36Z</time>
      </trkpt>
      <trkpt lat="-33.34536069072783" lon="21.80744893848896">
        <ele>694.21000000000004</ele>
        <time>2022-01-27T11:13:37Z</time>
      </trkpt>
      <trkpt lat="-33.345421208068728" lon="21.807390935719013">
        <ele>694.21000000000004</ele>
        <time>2022-01-27T11:13:38Z</time>
      </trkpt>
      <trkpt lat="-33.345472421497107" lon="21.807323126122355">
        <ele>693.73000000000002</ele>
        <time>2022-01-27T11:13:39Z</time>
      </trkpt>
      <trkpt lat="-33.34551609121263" lon="21.807248275727034">
        <ele>693.73000000000002</ele>
        <time>2022-01-27T11:13:40Z</time>
      </trkpt>
      <trkpt lat="-33.345552468672395" lon="21.807173090055585">
        <ele>693.73000000000002</ele>
        <time>2022-01-27T11:13:41Z</time>
      </trkpt>
      <trkpt lat="-33.345611561089754" lon="21.807049959897995">
        <ele>693.73000000000002</ele>
        <time>2022-01-27T11:13:43Z</time>
      </trkpt>
      <trkpt lat="-33.345643077045679" lon="21.807006625458598">
        <ele>693.73000000000002</ele>
        <time>2022-01-27T11:13:44Z</time>
      </trkpt>
      <trkpt lat="-33.345680711790919" lon="21.806979384273291">
        <ele>694.21000000000004</ele>
        <time>2022-01-27T11:13:45Z</time>
      </trkpt>
      <trkpt lat="-33.345728237181902" lon="21.806966476142406">
        <ele>694.21000000000004</ele>
        <time>2022-01-27T11:13:46Z</time>
      </trkpt>
      <trkpt lat="-33.345785988494754" lon="21.806962788105011">
        <ele>694.21000000000004</ele>
        <time>2022-01-27T11:13:47Z</time>
      </trkpt>
      <trkpt lat="-33.345850948244333" lon="21.806953148916364">
        <ele>694.21000000000004</ele>
        <time>2022-01-27T11:13:48Z</time>
      </trkpt>
      <trkpt lat="-33.345913728699088" lon="21.806927835568786">
        <ele>694.69000000000005</ele>
        <time>2022-01-27T11:13:49Z</time>
      </trkpt>
      <trkpt lat="-33.345975503325462" lon="21.806885590776801">
        <ele>694.69000000000005</ele>
        <time>2022-01-27T11:13:50Z</time>
      </trkpt>
      <trkpt lat="-33.346040546894073" lon="21.80683127604425">
        <ele>694.69000000000005</ele>
        <time>2022-01-27T11:13:51Z</time>
      </trkpt>
      <trkpt lat="-33.346295859664679" lon="21.80661778897047">
        <ele>695.16999999999996</ele>
        <time>2022-01-27T11:13:55Z</time>
      </trkpt>
      <trkpt lat="-33.346340954303741" lon="21.806598426774144">
        <ele>695.16999999999996</ele>
        <time>2022-01-27T11:13:56Z</time>
      </trkpt>
      <trkpt lat="-33.346452433615923" lon="21.806512093171477">
        <ele>695.64999999999998</ele>
        <time>2022-01-27T11:14:00Z</time>
      </trkpt>
      <trkpt lat="-33.34645913913846" lon="21.806461047381163">
        <ele>695.64999999999998</ele>
        <time>2022-01-27T11:14:01Z</time>
      </trkpt>
      <trkpt lat="-33.346419911831617" lon="21.806371780112386">
        <ele>696.13</ele>
        <time>2022-01-27T11:14:03Z</time>
      </trkpt>
      <trkpt lat="-33.346368698403239" lon="21.806349735707045">
        <ele>696.13</ele>
        <time>2022-01-27T11:14:04Z</time>
      </trkpt>
      <trkpt lat="-33.346317987889051" lon="21.806342611089349">
        <ele>696.13</ele>
        <time>2022-01-27T11:14:05Z</time>
      </trkpt>
      <trkpt lat="-33.346252273768187" lon="21.806343030184507">
        <ele>696.61000000000001</ele>
        <time>2022-01-27T11:14:06Z</time>
      </trkpt>
      <trkpt lat="-33.346181949600577" lon="21.806353759020567">
        <ele>696.61000000000001</ele>
        <time>2022-01-27T11:14:07Z</time>
      </trkpt>
      <trkpt lat="-33.346105003729463" lon="21.806379240006208">
        <ele>696.61000000000001</ele>
        <time>2022-01-27T11:14:08Z</time>
      </trkpt>
      <trkpt lat="-33.346034176647663" lon="21.806412516161799">
        <ele>697.09000000000003</ele>
        <time>2022-01-27T11:14:09Z</time>
      </trkpt>
      <trkpt lat="-33.345967708155513" lon="21.806443361565471">
        <ele>697.09000000000003</ele>
        <time>2022-01-27T11:14:10Z</time>
      </trkpt>
      <trkpt lat="-33.345908783376217" lon="21.806453755125403">
        <ele>697.57000000000005</ele>
        <time>2022-01-27T11:14:11Z</time>
      </trkpt>
      <trkpt lat="-33.345856731757522" lon="21.806442691013217">
        <ele>698.04999999999995</ele>
        <time>2022-01-27T11:14:12Z</time>
      </trkpt>
      <trkpt lat="-33.345808871090412" lon="21.806409414857626">
        <ele>698.52999999999997</ele>
        <time>2022-01-27T11:14:13Z</time>
      </trkpt>
      <trkpt lat="-33.345763692632318" lon="21.80636121891439">
        <ele>699.01999999999998</ele>
        <time>2022-01-27T11:14:14Z</time>
      </trkpt>
      <trkpt lat="-33.345719520002604" lon="21.806311430409551">
        <ele>699.5</ele>
        <time>2022-01-27T11:14:15Z</time>
      </trkpt>
      <trkpt lat="-33.345672162249684" lon="21.806272538378835">
        <ele>700.46000000000004</ele>
        <time>2022-01-27T11:14:16Z</time>
      </trkpt>
      <trkpt lat="-33.345619020983577" lon="21.806243788450956">
        <ele>700.94000000000005</ele>
        <time>2022-01-27T11:14:17Z</time>
      </trkpt>
      <trkpt lat="-33.345560850575566" lon="21.806221827864647">
        <ele>701.41999999999996</ele>
        <time>2022-01-27T11:14:18Z</time>
      </trkpt>
      <trkpt lat="-33.345499914139509" lon="21.806205315515399">
        <ele>702.38</ele>
        <time>2022-01-27T11:14:19Z</time>
      </trkpt>
      <trkpt lat="-33.34543596021831" lon="21.806192072108388">
        <ele>702.86000000000001</ele>
        <time>2022-01-27T11:14:20Z</time>
      </trkpt>
      <trkpt lat="-33.345369910821319" lon="21.806174470111728">
        <ele>703.82000000000005</ele>
        <time>2022-01-27T11:14:21Z</time>
      </trkpt>
      <trkpt lat="-33.345302855595946" lon="21.806147648021579">
        <ele>704.77999999999997</ele>
        <time>2022-01-27T11:14:22Z</time>
      </trkpt>
      <trkpt lat="-33.34523806348443" lon="21.806109510362148">
        <ele>705.25999999999999</ele>
        <time>2022-01-27T11:14:23Z</time>
      </trkpt>
      <trkpt lat="-33.345111329108477" lon="21.806016555055976">
        <ele>707.19000000000005</ele>
        <time>2022-01-27T11:14:25Z</time>
      </trkpt>
      <trkpt lat="-33.344812178984284" lon="21.805757470428944">
        <ele>711.50999999999999</ele>
        <time>2022-01-27T11:14:30Z</time>
      </trkpt>
      <trkpt lat="-33.344762055203319" lon="21.805697958916426">
        <ele>712.95000000000005</ele>
        <time>2022-01-27T11:14:31Z</time>
      </trkpt>
      <trkpt lat="-33.344717379659414" lon="21.805634675547481">
        <ele>713.91999999999996</ele>
        <time>2022-01-27T11:14:32Z</time>
      </trkpt>
      <trkpt lat="-33.344680164009333" lon="21.805567787960172">
        <ele>715.36000000000001</ele>
        <time>2022-01-27T11:14:33Z</time>
      </trkpt>
      <trkpt lat="-33.344649402424693" lon="21.805499643087387">
        <ele>716.32000000000005</ele>
        <time>2022-01-27T11:14:34Z</time>
      </trkpt>
      <trkpt lat="-33.344619814306498" lon="21.805430660024285">
        <ele>717.75999999999999</ele>
        <time>2022-01-27T11:14:35Z</time>
      </trkpt>
      <trkpt lat="-33.344227792695165" lon="21.804431285709143">
        <ele>730.74000000000001</ele>
        <time>2022-01-27T11:14:48Z</time>
      </trkpt>
      <trkpt lat="-33.344228798523545" lon="21.804364901036024">
        <ele>731.70000000000005</ele>
        <time>2022-01-27T11:14:49Z</time>
      </trkpt>
      <trkpt lat="-33.34424564614892" lon="21.804305640980601">
        <ele>732.17999999999995</ele>
        <time>2022-01-27T11:14:50Z</time>
      </trkpt>
      <trkpt lat="-33.344275821000338" lon="21.804249985143542">
        <ele>732.65999999999997</ele>
        <time>2022-01-27T11:14:51Z</time>
      </trkpt>
      <trkpt lat="-33.344317730516195" lon="21.80419072508812">
        <ele>733.13999999999999</ele>
        <time>2022-01-27T11:14:52Z</time>
      </trkpt>
      <trkpt lat="-33.344366513192654" lon="21.804127106443048">
        <ele>733.13999999999999</ele>
        <time>2022-01-27T11:14:53Z</time>
      </trkpt>
      <trkpt lat="-33.34519405849278" lon="21.802878035232425">
        <ele>725.45000000000005</ele>
        <time>2022-01-27T11:15:09Z</time>
      </trkpt>
      <trkpt lat="-33.345457250252366" lon="21.802482325583696">
        <ele>722.57000000000005</ele>
        <time>2022-01-27T11:15:15Z</time>
      </trkpt>
      <trkpt lat="-33.345486503094435" lon="21.802420215681195">
        <ele>722.57000000000005</ele>
        <time>2022-01-27T11:15:16Z</time>
      </trkpt>
      <trkpt lat="-33.345505781471729" lon="21.80235399864614">
        <ele>722.09000000000003</ele>
        <time>2022-01-27T11:15:17Z</time>
      </trkpt>
      <trkpt lat="-33.345515672117472" lon="21.802288787439466">
        <ele>722.09000000000003</ele>
        <time>2022-01-27T11:15:18Z</time>
      </trkpt>
      <trkpt lat="-33.345521120354533" lon="21.802221899852157">
        <ele>721.61000000000001</ele>
        <time>2022-01-27T11:15:19Z</time>
      </trkpt>
      <trkpt lat="-33.345625223591924" lon="21.801237445324659">
        <ele>717.75999999999999</ele>
        <time>2022-01-27T11:15:30Z</time>
      </trkpt>
      <trkpt lat="-33.345872154459357" lon="21.800512578338385">
        <ele>713.91999999999996</ele>
        <time>2022-01-27T11:15:39Z</time>
      </trkpt>
      <trkpt lat="-33.345914063975215" lon="21.800441248342395">
        <ele>713.91999999999996</ele>
        <time>2022-01-27T11:15:40Z</time>
      </trkpt>
      <trkpt lat="-33.34595924243331" lon="21.800378132611513">
        <ele>713.44000000000005</ele>
        <time>2022-01-27T11:15:41Z</time>
      </trkpt>
      <trkpt lat="-33.346675224602222" lon="21.799602387472987">
        <ele>710.07000000000005</ele>
        <time>2022-01-27T11:15:55Z</time>
      </trkpt>
      <trkpt lat="-33.34695853292942" lon="21.79932402446866">
        <ele>707.66999999999996</ele>
        <time>2022-01-27T11:16:01Z</time>
      </trkpt>
      <trkpt lat="-33.347007315605879" lon="21.799291837960482">
        <ele>707.19000000000005</ele>
        <time>2022-01-27T11:16:02Z</time>
      </trkpt>
      <trkpt lat="-33.347510816529393" lon="21.798813231289387">
        <ele>705.25999999999999</ele>
        <time>2022-01-27T11:16:11Z</time>
      </trkpt>
      <trkpt lat="-33.348058573901653" lon="21.798417270183563">
        <ele>707.66999999999996</ele>
        <time>2022-01-27T11:16:21Z</time>
      </trkpt>
      <trkpt lat="-33.348115822300315" lon="21.798358261585236">
        <ele>707.19000000000005</ele>
        <time>2022-01-27T11:16:22Z</time>
      </trkpt>
      <trkpt lat="-33.348168125376105" lon="21.79829690605402">
        <ele>707.19000000000005</ele>
        <time>2022-01-27T11:16:23Z</time>
      </trkpt>
      <trkpt lat="-33.348213555291295" lon="21.798233790323138">
        <ele>706.71000000000004</ele>
        <time>2022-01-27T11:16:24Z</time>
      </trkpt>
      <trkpt lat="-33.348247669637203" lon="21.798167321830988">
        <ele>706.71000000000004</ele>
        <time>2022-01-27T11:16:25Z</time>
      </trkpt>
      <trkpt lat="-33.348276000469923" lon="21.798085765913129">
        <ele>706.23000000000002</ele>
        <time>2022-01-27T11:16:26Z</time>
      </trkpt>
      <trkpt lat="-33.348297122865915" lon="21.797999683767557">
        <ele>706.23000000000002</ele>
        <time>2022-01-27T11:16:27Z</time>
      </trkpt>
      <trkpt lat="-33.348318748176098" lon="21.797901866957545">
        <ele>706.23000000000002</ele>
        <time>2022-01-27T11:16:28Z</time>
      </trkpt>
      <trkpt lat="-33.348554782569408" lon="21.797068454325199">
        <ele>707.19000000000005</ele>
        <time>2022-01-27T11:16:34Z</time>
      </trkpt>
      <trkpt lat="-33.348768269643188" lon="21.796459509059787">
        <ele>707.19000000000005</ele>
        <time>2022-01-27T11:16:41Z</time>
      </trkpt>
      <trkpt lat="-33.34881336428225" lon="21.796037144958973">
        <ele>704.29999999999995</ele>
        <time>2022-01-27T11:16:50Z</time>
      </trkpt>
      <trkpt lat="-33.348788553848863" lon="21.795997498556972">
        <ele>704.29999999999995</ele>
        <time>2022-01-27T11:16:51Z</time>
      </trkpt>
      <trkpt lat="-33.348753852769732" lon="21.795966736972332">
        <ele>704.29999999999995</ele>
        <time>2022-01-27T11:16:52Z</time>
      </trkpt>
      <trkpt lat="-33.348709931597114" lon="21.795944189652801">
        <ele>704.77999999999997</ele>
        <time>2022-01-27T11:16:53Z</time>
      </trkpt>
      <trkpt lat="-33.348657377064228" lon="21.795928012579679">
        <ele>704.77999999999997</ele>
        <time>2022-01-27T11:16:54Z</time>
      </trkpt>
      <trkpt lat="-33.348599877208471" lon="21.795919630676508">
        <ele>704.77999999999997</ele>
        <time>2022-01-27T11:16:55Z</time>
      </trkpt>
      <trkpt lat="-33.348538521677256" lon="21.795915188267827">
        <ele>704.77999999999997</ele>
        <time>2022-01-27T11:16:56Z</time>
      </trkpt>
      <trkpt lat="-33.348205341026187" lon="21.795971347019076">
        <ele>705.25999999999999</ele>
        <time>2022-01-27T11:17:05Z</time>
      </trkpt>
      <trkpt lat="-33.347991770133376" lon="21.796133033931255">
        <ele>706.71000000000004</ele>
        <time>2022-01-27T11:17:15Z</time>
      </trkpt>
      <trkpt lat="-33.347929073497653" lon="21.796264462172985">
        <ele>708.14999999999998</ele>
        <time>2022-01-27T11:17:18Z</time>
      </trkpt>
      <trkpt lat="-33.347912393510342" lon="21.796316429972649">
        <ele>708.63</ele>
        <time>2022-01-27T11:17:19Z</time>
      </trkpt>
      <trkpt lat="-33.347900155931711" lon="21.796372085809708">
        <ele>709.11000000000001</ele>
        <time>2022-01-27T11:17:20Z</time>
      </trkpt>
      <trkpt lat="-33.347892444580793" lon="21.796430256217718">
        <ele>709.59000000000003</ele>
        <time>2022-01-27T11:17:21Z</time>
      </trkpt>
      <trkpt lat="-33.347887331619859" lon="21.79648851044476">
        <ele>710.07000000000005</ele>
        <time>2022-01-27T11:17:22Z</time>
      </trkpt>
      <trkpt lat="-33.347830083221197" lon="21.796888578683138">
        <ele>712.95000000000005</ele>
        <time>2022-01-27T11:17:30Z</time>
      </trkpt>
      <trkpt lat="-33.347809966653585" lon="21.796937948092818">
        <ele>712.95000000000005</ele>
        <time>2022-01-27T11:17:31Z</time>
      </trkpt>
      <trkpt lat="-33.347780546173453" lon="21.79699033498764">
        <ele>713.44000000000005</ele>
        <time>2022-01-27T11:17:32Z</time>
      </trkpt>
      <trkpt lat="-33.347741486504674" lon="21.797048421576619">
        <ele>713.44000000000005</ele>
        <time>2022-01-27T11:17:33Z</time>
      </trkpt>
      <trkpt lat="-33.347699493169785" lon="21.797102987766266">
        <ele>713.91999999999996</ele>
        <time>2022-01-27T11:17:34Z</time>
      </trkpt>
      <trkpt lat="-33.347656577825546" lon="21.797152189537883">
        <ele>714.39999999999998</ele>
        <time>2022-01-27T11:17:35Z</time>
      </trkpt>
      <trkpt lat="-33.347613327205181" lon="21.797190997749567">
        <ele>714.88</ele>
        <time>2022-01-27T11:17:36Z</time>
      </trkpt>
      <trkpt lat="-33.347568651661277" lon="21.79721605964005">
        <ele>715.36000000000001</ele>
        <time>2022-01-27T11:17:37Z</time>
      </trkpt>
      <trkpt lat="-33.347519533708692" lon="21.797231314703822">
        <ele>715.84000000000003</ele>
        <time>2022-01-27T11:17:38Z</time>
      </trkpt>
      <trkpt lat="-33.34747008047998" lon="21.797240870073438">
        <ele>716.32000000000005</ele>
        <time>2022-01-27T11:17:39Z</time>
      </trkpt>
      <trkpt lat="-33.347417190670967" lon="21.797250844538212">
        <ele>716.79999999999995</ele>
        <time>2022-01-27T11:17:40Z</time>
      </trkpt>
      <trkpt lat="-33.347362875938416" lon="21.797263752669096">
        <ele>717.75999999999999</ele>
        <time>2022-01-27T11:17:41Z</time>
      </trkpt>
      <trkpt lat="-33.347262796014547" lon="21.797290071845055">
        <ele>719.20000000000005</ele>
        <time>2022-01-27T11:17:43Z</time>
      </trkpt>
      <trkpt lat="-33.347221054136753" lon="21.797291915863752">
        <ele>719.67999999999995</ele>
        <time>2022-01-27T11:17:44Z</time>
      </trkpt>
      <trkpt lat="-33.347180988639593" lon="21.797286635264754">
        <ele>720.15999999999997</ele>
        <time>2022-01-27T11:17:45Z</time>
      </trkpt>
      <trkpt lat="-33.347143270075321" lon="21.797276576980948">
        <ele>721.13</ele>
        <time>2022-01-27T11:17:46Z</time>
      </trkpt>
      <trkpt lat="-33.347101947292686" lon="21.797259729355574">
        <ele>721.61000000000001</ele>
        <time>2022-01-27T11:17:47Z</time>
      </trkpt>
      <trkpt lat="-33.347057439386845" lon="21.797240870073438">
        <ele>722.09000000000003</ele>
        <time>2022-01-27T11:17:48Z</time>
      </trkpt>
      <trkpt lat="-33.346431562677026" lon="21.796981617808342">
        <ele>730.74000000000001</ele>
        <time>2022-01-27T11:17:59Z</time>
      </trkpt>
      <trkpt lat="-33.345758747309446" lon="21.796807525679469">
        <ele>741.78999999999996</ele>
        <time>2022-01-27T11:18:08Z</time>
      </trkpt>
      <trkpt lat="-33.345700912177563" lon="21.79677776992321">
        <ele>742.75999999999999</ele>
        <time>2022-01-27T11:18:09Z</time>
      </trkpt>
      <trkpt lat="-33.345648860558867" lon="21.796739045530558">
        <ele>744.20000000000005</ele>
        <time>2022-01-27T11:18:10Z</time>
      </trkpt>
      <trkpt lat="-33.345600580796599" lon="21.796694369986653">
        <ele>745.15999999999997</ele>
        <time>2022-01-27T11:18:11Z</time>
      </trkpt>
      <trkpt lat="-33.34555515088141" lon="21.796647431328893">
        <ele>746.12</ele>
        <time>2022-01-27T11:18:12Z</time>
      </trkpt>
      <trkpt lat="-33.345510642975569" lon="21.796596301719546">
        <ele>747.08000000000004</ele>
        <time>2022-01-27T11:18:13Z</time>
      </trkpt>
      <trkpt lat="-33.345404360443354" lon="21.796480966731906">
        <ele>749.49000000000001</ele>
        <time>2022-01-27T11:18:16Z</time>
      </trkpt>
      <trkpt lat="-33.345362534746528" lon="21.796456575393677">
        <ele>750.45000000000005</ele>
        <time>2022-01-27T11:18:17Z</time>
      </trkpt>
      <trkpt lat="-33.34531475789845" lon="21.796452468261123">
        <ele>751.40999999999997</ele>
        <time>2022-01-27T11:18:18Z</time>
      </trkpt>
      <trkpt lat="-33.345269160345197" lon="21.796469818800688">
        <ele>751.88999999999999</ele>
        <time>2022-01-27T11:18:19Z</time>
      </trkpt>
      <trkpt lat="-33.345227502286434" lon="21.796503514051437">
        <ele>752.37</ele>
        <time>2022-01-27T11:18:20Z</time>
      </trkpt>
      <trkpt lat="-33.345187604427338" lon="21.796540897339582">
        <ele>752.85000000000002</ele>
        <time>2022-01-27T11:18:21Z</time>
      </trkpt>
      <trkpt lat="-33.345144018530846" lon="21.796575346961617">
        <ele>753.80999999999995</ele>
        <time>2022-01-27T11:18:22Z</time>
      </trkpt>
      <trkpt lat="-33.345096576958895" lon="21.796595882624388">
        <ele>754.28999999999996</ele>
        <time>2022-01-27T11:18:23Z</time>
      </trkpt>
      <trkpt lat="-33.345048632472754" lon="21.796596301719546">
        <ele>754.76999999999998</ele>
        <time>2022-01-27T11:18:24Z</time>
      </trkpt>
      <trkpt lat="-33.345003202557564" lon="21.796578532084823">
        <ele>755.73000000000002</ele>
        <time>2022-01-27T11:18:25Z</time>
      </trkpt>
      <trkpt lat="-33.344959700480103" lon="21.796553805470467">
        <ele>756.21000000000004</ele>
        <time>2022-01-27T11:18:26Z</time>
      </trkpt>
      <trkpt lat="-33.344913180917501" lon="21.796532431617379">
        <ele>756.69000000000005</ele>
        <time>2022-01-27T11:18:27Z</time>
      </trkpt>
      <trkpt lat="-33.344862973317504" lon="21.796524384990335">
        <ele>757.17999999999995</ele>
        <time>2022-01-27T11:18:28Z</time>
      </trkpt>
      <trkpt lat="-33.34481243044138" lon="21.796531174331903">
        <ele>758.13999999999999</ele>
        <time>2022-01-27T11:18:29Z</time>
      </trkpt>
      <trkpt lat="-33.344712099060416" lon="21.796554140746593">
        <ele>759.10000000000002</ele>
        <time>2022-01-27T11:18:31Z</time>
      </trkpt>
      <trkpt lat="-33.344671698287129" lon="21.796546345576644">
        <ele>759.58000000000004</ele>
        <time>2022-01-27T11:18:32Z</time>
      </trkpt>
      <trkpt lat="-33.344639092683792" lon="21.796522289514542">
        <ele>760.05999999999995</ele>
        <time>2022-01-27T11:18:33Z</time>
      </trkpt>
      <trkpt lat="-33.344607995823026" lon="21.796484319493175">
        <ele>760.53999999999996</ele>
        <time>2022-01-27T11:18:34Z</time>
      </trkpt>
      <trkpt lat="-33.344584694132209" lon="21.79643427953124">
        <ele>761.5</ele>
        <time>2022-01-27T11:18:35Z</time>
      </trkpt>
      <trkpt lat="-33.344573127105832" lon="21.796376025304198">
        <ele>761.98000000000002</ele>
        <time>2022-01-27T11:18:36Z</time>
      </trkpt>
      <trkpt lat="-33.344574216753244" lon="21.796318525448442">
        <ele>762.94000000000005</ele>
        <time>2022-01-27T11:18:37Z</time>
      </trkpt>
      <trkpt lat="-33.344588549807668" lon="21.796272257342935">
        <ele>763.89999999999998</ele>
        <time>2022-01-27T11:18:38Z</time>
      </trkpt>
      <trkpt lat="-33.344614114612341" lon="21.796234119683504">
        <ele>764.38999999999999</ele>
        <time>2022-01-27T11:18:39Z</time>
      </trkpt>
      <trkpt lat="-33.344649402424693" lon="21.796204783022404">
        <ele>765.35000000000002</ele>
        <time>2022-01-27T11:18:40Z</time>
      </trkpt>
      <trkpt lat="-33.344692066311836" lon="21.796176200732589">
        <ele>765.83000000000004</ele>
        <time>2022-01-27T11:18:41Z</time>
      </trkpt>
      <trkpt lat="-33.344915444031358" lon="21.795971598476171">
        <ele>770.14999999999998</ele>
        <time>2022-01-27T11:18:46Z</time>
      </trkpt>
      <trkpt lat="-33.344946540892124" lon="21.795913092792034">
        <ele>770.63</ele>
        <time>2022-01-27T11:18:47Z</time>
      </trkpt>
      <trkpt lat="-33.344969926401973" lon="21.795849809423089">
        <ele>771.60000000000002</ele>
        <time>2022-01-27T11:18:48Z</time>
      </trkpt>
      <trkpt lat="-33.344986438751221" lon="21.79577998816967">
        <ele>772.55999999999995</ele>
        <time>2022-01-27T11:18:49Z</time>
      </trkpt>
      <trkpt lat="-33.344996580854058" lon="21.795705975964665">
        <ele>773.03999999999996</ele>
        <time>2022-01-27T11:18:50Z</time>
      </trkpt>
      <trkpt lat="-33.345004627481103" lon="21.795629365369678">
        <ele>773.51999999999998</ele>
        <time>2022-01-27T11:18:51Z</time>
      </trkpt>
      <trkpt lat="-33.345019295811653" lon="21.795552670955658">
        <ele>774.48000000000002</ele>
        <time>2022-01-27T11:18:52Z</time>
      </trkpt>
      <trkpt lat="-33.34504310041666" lon="21.795477904379368">
        <ele>774.96000000000004</ele>
        <time>2022-01-27T11:18:53Z</time>
      </trkpt>
      <trkpt lat="-33.345123985782266" lon="21.795264165848494">
        <ele>777.84000000000003</ele>
        <time>2022-01-27T11:18:56Z</time>
      </trkpt>
      <trkpt lat="-33.34513932466507" lon="21.795190908014774">
        <ele>778.32000000000005</ele>
        <time>2022-01-27T11:18:57Z</time>
      </trkpt>
      <trkpt lat="-33.345146868377924" lon="21.795116811990738">
        <ele>779.28999999999996</ele>
        <time>2022-01-27T11:18:58Z</time>
      </trkpt>
      <trkpt lat="-33.34513396024704" lon="21.794639797881246">
        <ele>784.09000000000003</ele>
        <time>2022-01-27T11:19:04Z</time>
      </trkpt>
      <trkpt lat="-33.34511979483068" lon="21.794556565582752">
        <ele>785.04999999999995</ele>
        <time>2022-01-27T11:19:05Z</time>
      </trkpt>
      <trkpt lat="-33.345100935548544" lon="21.794473249465227">
        <ele>786.5</ele>
        <time>2022-01-27T11:19:06Z</time>
      </trkpt>
      <trkpt lat="-33.345076963305473" lon="21.794391609728336">
        <ele>787.46000000000004</ele>
        <time>2022-01-27T11:19:07Z</time>
      </trkpt>
      <trkpt lat="-33.345046201720834" lon="21.794312400743365">
        <ele>788.89999999999998</ele>
        <time>2022-01-27T11:19:08Z</time>
      </trkpt>
      <trkpt lat="-33.34500890225172" lon="21.794237801805139">
        <ele>789.86000000000001</ele>
        <time>2022-01-27T11:19:09Z</time>
      </trkpt>
      <trkpt lat="-33.344966908916831" lon="21.794164627790451">
        <ele>791.29999999999995</ele>
        <time>2022-01-27T11:19:10Z</time>
      </trkpt>
      <trkpt lat="-33.344890382140875" lon="21.794015849009156">
        <ele>793.22000000000003</ele>
        <time>2022-01-27T11:19:12Z</time>
      </trkpt>
      <trkpt lat="-33.344859285280108" lon="21.793936723843217">
        <ele>794.66999999999996</ele>
        <time>2022-01-27T11:19:13Z</time>
      </trkpt>
      <trkpt lat="-33.3446404337883" lon="21.793304309248924">
        <ele>803.32000000000005</ele>
        <time>2022-01-27T11:19:21Z</time>
      </trkpt>
      <trkpt lat="-33.344604140147567" lon="21.793233314529061">
        <ele>804.27999999999997</ele>
        <time>2022-01-27T11:19:22Z</time>
      </trkpt>
      <trkpt lat="-33.344451421871781" lon="21.79295277222991">
        <ele>808.13</ele>
        <time>2022-01-27T11:19:26Z</time>
      </trkpt>
      <trkpt lat="-33.344407500699162" lon="21.792892590165138">
        <ele>809.09000000000003</ele>
        <time>2022-01-27T11:19:27Z</time>
      </trkpt>
      <trkpt lat="-33.34436634555459" lon="21.79284481331706">
        <ele>810.04999999999995</ele>
        <time>2022-01-27T11:19:28Z</time>
      </trkpt>
      <trkpt lat="-33.344105333089828" lon="21.792441643774509">
        <ele>816.29999999999995</ele>
        <time>2022-01-27T11:19:36Z</time>
      </trkpt>
      <trkpt lat="-33.344080103561282" lon="21.792366877198219">
        <ele>817.25999999999999</ele>
        <time>2022-01-27T11:19:37Z</time>
      </trkpt>
      <trkpt lat="-33.344064177945256" lon="21.792292445898056">
        <ele>818.22000000000003</ele>
        <time>2022-01-27T11:19:38Z</time>
      </trkpt>
      <trkpt lat="-33.344056885689497" lon="21.792217008769512">
        <ele>819.17999999999995</ele>
        <time>2022-01-27T11:19:39Z</time>
      </trkpt>
      <trkpt lat="-33.344053281471133" lon="21.792150791734457">
        <ele>820.13999999999999</ele>
        <time>2022-01-27T11:19:40Z</time>
      </trkpt>
      <trkpt lat="-33.344042217358947" lon="21.792103182524443">
        <ele>821.10000000000002</ele>
        <time>2022-01-27T11:19:41Z</time>
      </trkpt>
      <trkpt lat="-33.344019250944257" lon="21.792061943560839">
        <ele>822.05999999999995</ele>
        <time>2022-01-27T11:19:42Z</time>
      </trkpt>
      <trkpt lat="-33.343983292579651" lon="21.792028918862343">
        <ele>822.54999999999995</ele>
        <time>2022-01-27T11:19:43Z</time>
      </trkpt>
      <trkpt lat="-33.343936689198017" lon="21.792006455361843">
        <ele>823.02999999999997</ele>
        <time>2022-01-27T11:19:44Z</time>
      </trkpt>
      <trkpt lat="-33.343888660892844" lon="21.791989775374532">
        <ele>823.99000000000001</ele>
        <time>2022-01-27T11:19:45Z</time>
      </trkpt>
      <trkpt lat="-33.343842728063464" lon="21.791966389864683">
        <ele>824.95000000000005</ele>
        <time>2022-01-27T11:19:46Z</time>
      </trkpt>
      <trkpt lat="-33.343803500756621" lon="21.791930012404919">
        <ele>825.42999999999995</ele>
        <time>2022-01-27T11:19:47Z</time>
      </trkpt>
      <trkpt lat="-33.343771146610379" lon="21.791882570832968">
        <ele>826.38999999999999</ele>
        <time>2022-01-27T11:19:48Z</time>
      </trkpt>
      <trkpt lat="-33.343742983415723" lon="21.79182892665267">
        <ele>827.35000000000002</ele>
        <time>2022-01-27T11:19:49Z</time>
      </trkpt>
      <trkpt lat="-33.343715742230415" lon="21.791775282472372">
        <ele>827.83000000000004</ele>
        <time>2022-01-27T11:19:50Z</time>
      </trkpt>
      <trkpt lat="-33.343614069744945" lon="21.791609991341829">
        <ele>830.24000000000001</ele>
        <time>2022-01-27T11:19:53Z</time>
      </trkpt>
      <trkpt lat="-33.343542320653796" lon="21.791512258350849">
        <ele>832.15999999999997</ele>
        <time>2022-01-27T11:19:55Z</time>
      </trkpt>
      <trkpt lat="-33.343485742807388" lon="21.791422236710787">
        <ele>833.60000000000002</ele>
        <time>2022-01-27T11:19:57Z</time>
      </trkpt>
      <trkpt lat="-33.343447521328926" lon="21.7914077360183">
        <ele>834.55999999999995</ele>
        <time>2022-01-27T11:19:58Z</time>
      </trkpt>
      <trkpt lat="-33.343404270708561" lon="21.79141846485436">
        <ele>835.03999999999996</ele>
        <time>2022-01-27T11:19:59Z</time>
      </trkpt>
      <trkpt lat="-33.343364875763655" lon="21.79145123809576">
        <ele>835.51999999999998</ele>
        <time>2022-01-27T11:20:00Z</time>
      </trkpt>
      <trkpt lat="-33.34333042614162" lon="21.791502702981234">
        <ele>836</ele>
        <time>2022-01-27T11:20:01Z</time>
      </trkpt>
      <trkpt lat="-33.34329966455698" lon="21.79156020283699">
        <ele>836.96000000000004</ele>
        <time>2022-01-27T11:20:02Z</time>
      </trkpt>
      <trkpt lat="-33.343096151947975" lon="21.791901430115104">
        <ele>840.80999999999995</ele>
        <time>2022-01-27T11:20:09Z</time>
      </trkpt>
      <trkpt lat="-33.343063462525606" lon="21.791905621066689">
        <ele>841.28999999999996</ele>
        <time>2022-01-27T11:20:10Z</time>
      </trkpt>
      <trkpt lat="-33.34303529933095" lon="21.79189539514482">
        <ele>841.76999999999998</ele>
        <time>2022-01-27T11:20:11Z</time>
      </trkpt>
      <trkpt lat="-33.343014847487211" lon="21.791869327425957">
        <ele>841.76999999999998</ele>
        <time>2022-01-27T11:20:12Z</time>
      </trkpt>
      <trkpt lat="-33.343001184985042" lon="21.791834542527795">
        <ele>842.25</ele>
        <time>2022-01-27T11:20:13Z</time>
      </trkpt>
      <trkpt lat="-33.342997245490551" lon="21.791798919439316">
        <ele>842.73000000000002</ele>
        <time>2022-01-27T11:20:14Z</time>
      </trkpt>
      <trkpt lat="-33.343007052317262" lon="21.791763799265027">
        <ele>843.21000000000004</ele>
        <time>2022-01-27T11:20:15Z</time>
      </trkpt>
      <trkpt lat="-33.343026163056493" lon="21.791721973568201">
        <ele>843.69000000000005</ele>
        <time>2022-01-27T11:20:16Z</time>
      </trkpt>
      <trkpt lat="-33.343050805851817" lon="21.791671765968204">
        <ele>844.17999999999995</ele>
        <time>2022-01-27T11:20:17Z</time>
      </trkpt>
      <trkpt lat="-33.34309933707118" lon="21.791547378525138">
        <ele>845.13999999999999</ele>
        <time>2022-01-27T11:20:19Z</time>
      </trkpt>
      <trkpt lat="-33.343114843592048" lon="21.791484095156193">
        <ele>845.62</ele>
        <time>2022-01-27T11:20:20Z</time>
      </trkpt>
      <trkpt lat="-33.343139654025435" lon="21.791312098503113">
        <ele>846.58000000000004</ele>
        <time>2022-01-27T11:20:23Z</time>
      </trkpt>
      <trkpt lat="-33.343139234930277" lon="21.79125627502799">
        <ele>847.53999999999996</ele>
        <time>2022-01-27T11:20:24Z</time>
      </trkpt>
      <trkpt lat="-33.343148371204734" lon="21.790600139647722">
        <ele>851.87</ele>
        <time>2022-01-27T11:20:31Z</time>
      </trkpt>
      <trkpt lat="-33.343165721744299" lon="21.790529144927859">
        <ele>852.83000000000004</ele>
        <time>2022-01-27T11:20:32Z</time>
      </trkpt>
      <trkpt lat="-33.343194052577019" lon="21.790480110794306">
        <ele>853.78999999999996</ele>
        <time>2022-01-27T11:20:33Z</time>
      </trkpt>
      <trkpt lat="-33.343231435865164" lon="21.790446331724524">
        <ele>854.26999999999998</ele>
        <time>2022-01-27T11:20:34Z</time>
      </trkpt>
      <trkpt lat="-33.343277871608734" lon="21.790419174358249">
        <ele>855.23000000000002</ele>
        <time>2022-01-27T11:20:35Z</time>
      </trkpt>
      <trkpt lat="-33.343332605436444" lon="21.790393525734544">
        <ele>855.71000000000004</ele>
        <time>2022-01-27T11:20:36Z</time>
      </trkpt>
      <trkpt lat="-33.343395302072167" lon="21.790367206558585">
        <ele>856.19000000000005</ele>
        <time>2022-01-27T11:20:37Z</time>
      </trkpt>
      <trkpt lat="-33.343527736142278" lon="21.790299229323864">
        <ele>857.63</ele>
        <time>2022-01-27T11:20:39Z</time>
      </trkpt>
      <trkpt lat="-33.343584230169654" lon="21.790249776095152">
        <ele>858.11000000000001</ele>
        <time>2022-01-27T11:20:40Z</time>
      </trkpt>
      <trkpt lat="-33.343634018674493" lon="21.790186576545238">
        <ele>858.59000000000003</ele>
        <time>2022-01-27T11:20:41Z</time>
      </trkpt>
      <trkpt lat="-33.343677269294858" lon="21.790115665644407">
        <ele>859.08000000000004</ele>
        <time>2022-01-27T11:20:42Z</time>
      </trkpt>
      <trkpt lat="-33.34371205419302" lon="21.790051544085145">
        <ele>859.55999999999995</ele>
        <time>2022-01-27T11:20:43Z</time>
      </trkpt>
      <trkpt lat="-33.343736110255122" lon="21.789997145533562">
        <ele>860.51999999999998</ele>
        <time>2022-01-27T11:20:44Z</time>
      </trkpt>
      <trkpt lat="-33.343748683109879" lon="21.789945093914866">
        <ele>861</ele>
        <time>2022-01-27T11:20:45Z</time>
      </trkpt>
      <trkpt lat="-33.343745330348611" lon="21.789888348430395">
        <ele>861.48000000000002</ele>
        <time>2022-01-27T11:20:46Z</time>
      </trkpt>
      <trkpt lat="-33.343719094991684" lon="21.789831854403019">
        <ele>861.48000000000002</ele>
        <time>2022-01-27T11:20:47Z</time>
      </trkpt>
      <trkpt lat="-33.343675006181002" lon="21.789779048413038">
        <ele>861.96000000000004</ele>
        <time>2022-01-27T11:20:48Z</time>
      </trkpt>
      <trkpt lat="-33.34361432120204" lon="21.78972783498466">
        <ele>861.96000000000004</ele>
        <time>2022-01-27T11:20:49Z</time>
      </trkpt>
      <trkpt lat="-33.343538548797369" lon="21.789678297936916">
        <ele>861.96000000000004</ele>
        <time>2022-01-27T11:20:50Z</time>
      </trkpt>
      <trkpt lat="-33.343453221023083" lon="21.789631526917219">
        <ele>861.96000000000004</ele>
        <time>2022-01-27T11:20:51Z</time>
      </trkpt>
      <trkpt lat="-33.343366552144289" lon="21.78959934040904">
        <ele>861.96000000000004</ele>
        <time>2022-01-27T11:20:52Z</time>
      </trkpt>
      <trkpt lat="-33.343289103358984" lon="21.789581319317222">
        <ele>861.96000000000004</ele>
        <time>2022-01-27T11:20:53Z</time>
      </trkpt>
      <trkpt lat="-33.343227999284863" lon="21.789562962949276">
        <ele>861.96000000000004</ele>
        <time>2022-01-27T11:20:54Z</time>
      </trkpt>
      <trkpt lat="-33.343183156102896" lon="21.789534380659461">
        <ele>861.48000000000002</ele>
        <time>2022-01-27T11:20:55Z</time>
      </trkpt>
      <trkpt lat="-33.343149293214083" lon="21.78949817083776">
        <ele>861.48000000000002</ele>
        <time>2022-01-27T11:20:56Z</time>
      </trkpt>
      <trkpt lat="-33.343117106705904" lon="21.789447208866477">
        <ele>861</ele>
        <time>2022-01-27T11:20:57Z</time>
      </trkpt>
      <trkpt lat="-33.343084501102567" lon="21.789383003488183">
        <ele>861</ele>
        <time>2022-01-27T11:20:58Z</time>
      </trkpt>
      <trkpt lat="-33.343056589365005" lon="21.789310919120908">
        <ele>861.48000000000002</ele>
        <time>2022-01-27T11:20:59Z</time>
      </trkpt>
      <trkpt lat="-33.34303580224514" lon="21.789230536669493">
        <ele>861.48000000000002</ele>
        <time>2022-01-27T11:21:00Z</time>
      </trkpt>
      <trkpt lat="-33.343023313209414" lon="21.789141772314906">
        <ele>861.96000000000004</ele>
        <time>2022-01-27T11:21:01Z</time>
      </trkpt>
      <trkpt lat="-33.343019122257829" lon="21.789047308266163">
        <ele>862.44000000000005</ele>
        <time>2022-01-27T11:21:02Z</time>
      </trkpt>
      <trkpt lat="-33.343016020953655" lon="21.788948904722929">
        <ele>862.91999999999996</ele>
        <time>2022-01-27T11:21:03Z</time>
      </trkpt>
      <trkpt lat="-33.343005208298564" lon="21.788858296349645">
        <ele>863.39999999999998</ele>
        <time>2022-01-27T11:21:04Z</time>
      </trkpt>
      <trkpt lat="-33.342988025397062" lon="21.788771124556661">
        <ele>863.88</ele>
        <time>2022-01-27T11:21:05Z</time>
      </trkpt>
      <trkpt lat="-33.342937231063843" lon="21.788444984704256">
        <ele>866.76999999999998</ele>
        <time>2022-01-27T11:21:09Z</time>
      </trkpt>
      <trkpt lat="-33.342942846938968" lon="21.788366865366697">
        <ele>867.25</ele>
        <time>2022-01-27T11:21:10Z</time>
      </trkpt>
      <trkpt lat="-33.34296153858304" lon="21.788291931152344">
        <ele>868.21000000000004</ele>
        <time>2022-01-27T11:21:11Z</time>
      </trkpt>
      <trkpt lat="-33.342990791425109" lon="21.788215823471546">
        <ele>868.69000000000005</ele>
        <time>2022-01-27T11:21:12Z</time>
      </trkpt>
      <trkpt lat="-33.34302649833262" lon="21.788142062723637">
        <ele>869.16999999999996</ele>
        <time>2022-01-27T11:21:13Z</time>
      </trkpt>
      <trkpt lat="-33.343151221051812" lon="21.787938298657537">
        <ele>871.09000000000003</ele>
        <time>2022-01-27T11:21:16Z</time>
      </trkpt>
      <trkpt lat="-33.343189023435116" lon="21.787867220118642">
        <ele>871.57000000000005</ele>
        <time>2022-01-27T11:21:17Z</time>
      </trkpt>
      <trkpt lat="-33.343219952657819" lon="21.787796560674906">
        <ele>872.52999999999997</ele>
        <time>2022-01-27T11:21:18Z</time>
      </trkpt>
      <trkpt lat="-33.34324736148119" lon="21.787718441337347">
        <ele>873.00999999999999</ele>
        <time>2022-01-27T11:21:19Z</time>
      </trkpt>
      <trkpt lat="-33.343266304582357" lon="21.787637639790773">
        <ele>873.5</ele>
        <time>2022-01-27T11:21:20Z</time>
      </trkpt>
      <trkpt lat="-33.343276614323258" lon="21.787552563473582">
        <ele>874.46000000000004</ele>
        <time>2022-01-27T11:21:21Z</time>
      </trkpt>
      <trkpt lat="-33.3432796318084" lon="21.787461536005139">
        <ele>875.41999999999996</ele>
        <time>2022-01-27T11:21:22Z</time>
      </trkpt>
      <trkpt lat="-33.343276362866163" lon="21.787366569042206">
        <ele>875.89999999999998</ele>
        <time>2022-01-27T11:21:23Z</time>
      </trkpt>
      <trkpt lat="-33.343269322067499" lon="21.78727587684989">
        <ele>876.86000000000001</ele>
        <time>2022-01-27T11:21:24Z</time>
      </trkpt>
      <trkpt lat="-33.343263035640121" lon="21.787140257656574">
        <ele>878.29999999999995</ele>
        <time>2022-01-27T11:21:26Z</time>
      </trkpt>
      <trkpt lat="-33.343273345381021" lon="21.787091055884957">
        <ele>878.77999999999997</ele>
        <time>2022-01-27T11:21:27Z</time>
      </trkpt>
      <trkpt lat="-33.343299916014075" lon="21.787040680646896">
        <ele>879.25999999999999</ele>
        <time>2022-01-27T11:21:28Z</time>
      </trkpt>
      <trkpt lat="-33.343338137492537" lon="21.78699198178947">
        <ele>879.74000000000001</ele>
        <time>2022-01-27T11:21:29Z</time>
      </trkpt>
      <trkpt lat="-33.343382310122252" lon="21.786941103637218">
        <ele>880.71000000000004</ele>
        <time>2022-01-27T11:21:30Z</time>
      </trkpt>
      <trkpt lat="-33.343521952629089" lon="21.78676282055676">
        <ele>882.63</ele>
        <time>2022-01-27T11:21:33Z</time>
      </trkpt>
      <trkpt lat="-33.343559503555298" lon="21.786688724532723">
        <ele>883.59000000000003</ele>
        <time>2022-01-27T11:21:34Z</time>
      </trkpt>
      <trkpt lat="-33.343587331473827" lon="21.786609012633562">
        <ele>884.07000000000005</ele>
        <time>2022-01-27T11:21:35Z</time>
      </trkpt>
      <trkpt lat="-33.343607615679502" lon="21.786523349583149">
        <ele>885.02999999999997</ele>
        <time>2022-01-27T11:21:36Z</time>
      </trkpt>
      <trkpt lat="-33.343628738075495" lon="21.786434417590499">
        <ele>885.99000000000001</ele>
        <time>2022-01-27T11:21:37Z</time>
      </trkpt>
      <trkpt lat="-33.343660673126578" lon="21.786349592730403">
        <ele>886.47000000000003</ele>
        <time>2022-01-27T11:21:38Z</time>
      </trkpt>
      <trkpt lat="-33.343706354498863" lon="21.786273736506701">
        <ele>887.42999999999995</ele>
        <time>2022-01-27T11:21:39Z</time>
      </trkpt>
      <trkpt lat="-33.343755807727575" lon="21.786207016557455">
        <ele>888.39999999999998</ele>
        <time>2022-01-27T11:21:40Z</time>
      </trkpt>
      <trkpt lat="-33.34379461593926" lon="21.786137446761131">
        <ele>888.88</ele>
        <time>2022-01-27T11:21:41Z</time>
      </trkpt>
      <trkpt lat="-33.343813139945269" lon="21.786062428727746">
        <ele>889.84000000000003</ele>
        <time>2022-01-27T11:21:42Z</time>
      </trkpt>
      <trkpt lat="-33.343806434422731" lon="21.785986237227917">
        <ele>890.32000000000005</ele>
        <time>2022-01-27T11:21:43Z</time>
      </trkpt>
      <trkpt lat="-33.343776930123568" lon="21.785906860604882">
        <ele>890.79999999999995</ele>
        <time>2022-01-27T11:21:44Z</time>
      </trkpt>
      <trkpt lat="-33.343731416389346" lon="21.78582027554512">
        <ele>891.27999999999997</ele>
        <time>2022-01-27T11:21:45Z</time>
      </trkpt>
      <trkpt lat="-33.343679448589683" lon="21.785723129287362">
        <ele>892.24000000000001</ele>
        <time>2022-01-27T11:21:46Z</time>
      </trkpt>
      <trkpt lat="-33.343632761389017" lon="21.785616427659988">
        <ele>892.72000000000003</ele>
        <time>2022-01-27T11:21:47Z</time>
      </trkpt>
      <trkpt lat="-33.343599317595363" lon="21.78550117649138">
        <ele>893.67999999999995</ele>
        <time>2022-01-27T11:21:48Z</time>
      </trkpt>
      <trkpt lat="-33.343538464978337" lon="21.785281486809254">
        <ele>895.61000000000001</ele>
        <time>2022-01-27T11:21:50Z</time>
      </trkpt>
      <trkpt lat="-33.343473756685853" lon="21.785077387467027">
        <ele>897.52999999999997</ele>
        <time>2022-01-27T11:21:52Z</time>
      </trkpt>
      <trkpt lat="-33.343460932374001" lon="21.784973032772541">
        <ele>898.49000000000001</ele>
        <time>2022-01-27T11:21:53Z</time>
      </trkpt>
      <trkpt lat="-33.343462944030762" lon="21.784869767725468">
        <ele>899.45000000000005</ele>
        <time>2022-01-27T11:21:54Z</time>
      </trkpt>
      <trkpt lat="-33.343468559905887" lon="21.784771615639329">
        <ele>900.40999999999997</ele>
        <time>2022-01-27T11:21:55Z</time>
      </trkpt>
      <trkpt lat="-33.343461435288191" lon="21.784685701131821">
        <ele>900.88999999999999</ele>
        <time>2022-01-27T11:21:56Z</time>
      </trkpt>
      <trkpt lat="-33.343435954302549" lon="21.784608252346516">
        <ele>901.37</ele>
        <time>2022-01-27T11:21:57Z</time>
      </trkpt>
      <trkpt lat="-33.343390105292201" lon="21.78453273139894">
        <ele>902.33000000000004</ele>
        <time>2022-01-27T11:21:58Z</time>
      </trkpt>
      <trkpt lat="-33.343328833580017" lon="21.784461485221982">
        <ele>902.82000000000005</ele>
        <time>2022-01-27T11:21:59Z</time>
      </trkpt>
      <trkpt lat="-33.34325616247952" lon="21.78439199924469">
        <ele>903.77999999999997</ele>
        <time>2022-01-27T11:22:00Z</time>
      </trkpt>
      <trkpt lat="-33.343043681234121" lon="21.784175746142864">
        <ele>906.17999999999995</ele>
        <time>2022-01-27T11:22:03Z</time>
      </trkpt>
      <trkpt lat="-33.34296933375299" lon="21.784128220751882">
        <ele>907.13999999999999</ele>
        <time>2022-01-27T11:22:04Z</time>
      </trkpt>
      <trkpt lat="-33.342886604368687" lon="21.784090418368578">
        <ele>908.10000000000002</ele>
        <time>2022-01-27T11:22:05Z</time>
      </trkpt>
      <trkpt lat="-33.342670267447829" lon="21.783985225483775">
        <ele>910.02999999999997</ele>
        <time>2022-01-27T11:22:08Z</time>
      </trkpt>
      <trkpt lat="-33.342623831704259" lon="21.783949853852391">
        <ele>910.50999999999999</ele>
        <time>2022-01-27T11:22:09Z</time>
      </trkpt>
      <trkpt lat="-33.342590220272541" lon="21.783917667344213">
        <ele>910.99000000000001</ele>
        <time>2022-01-27T11:22:10Z</time>
      </trkpt>
      <trkpt lat="-33.342564906924963" lon="21.783884139731526">
        <ele>911.47000000000003</ele>
        <time>2022-01-27T11:22:11Z</time>
      </trkpt>
      <trkpt lat="-33.342550154775381" lon="21.783839296549559">
        <ele>911.95000000000005</ele>
        <time>2022-01-27T11:22:12Z</time>
      </trkpt>
      <trkpt lat="-33.342550238594413" lon="21.783787244930863">
        <ele>912.42999999999995</ele>
        <time>2022-01-27T11:22:13Z</time>
      </trkpt>
      <trkpt lat="-33.342562895268202" lon="21.7837318405509">
        <ele>912.90999999999997</ele>
        <time>2022-01-27T11:22:14Z</time>
      </trkpt>
      <trkpt lat="-33.342584185302258" lon="21.783673334866762">
        <ele>913.38999999999999</ele>
        <time>2022-01-27T11:22:15Z</time>
      </trkpt>
      <trkpt lat="-33.342610504478216" lon="21.783611308783293">
        <ele>913.87</ele>
        <time>2022-01-27T11:22:16Z</time>
      </trkpt>
      <trkpt lat="-33.342642271891236" lon="21.783549031242728">
        <ele>914.35000000000002</ele>
        <time>2022-01-27T11:22:17Z</time>
      </trkpt>
      <trkpt lat="-33.342678565531969" lon="21.783484993502498">
        <ele>914.83000000000004</ele>
        <time>2022-01-27T11:22:18Z</time>
      </trkpt>
      <trkpt lat="-33.342745369300246" lon="21.783342333510518">
        <ele>916.26999999999998</ele>
        <time>2022-01-27T11:22:20Z</time>
      </trkpt>
      <trkpt lat="-33.342768503353" lon="21.783267566934228">
        <ele>917.24000000000001</ele>
        <time>2022-01-27T11:22:21Z</time>
      </trkpt>
      <trkpt lat="-33.342785853892565" lon="21.783188860863447">
        <ele>918.20000000000005</ele>
        <time>2022-01-27T11:22:22Z</time>
      </trkpt>
      <trkpt lat="-33.342843353748322" lon="21.782604809850454">
        <ele>923.96000000000004</ele>
        <time>2022-01-27T11:22:28Z</time>
      </trkpt>
      <trkpt lat="-33.342862045392394" lon="21.78251076489687">
        <ele>925.40999999999997</ele>
        <time>2022-01-27T11:22:29Z</time>
      </trkpt>
      <trkpt lat="-33.342930860817432" lon="21.782042384147644">
        <ele>931.64999999999998</ele>
        <time>2022-01-27T11:22:34Z</time>
      </trkpt>
      <trkpt lat="-33.342927256599069" lon="21.781932497397065">
        <ele>933.10000000000002</ele>
        <time>2022-01-27T11:22:35Z</time>
      </trkpt>
      <trkpt lat="-33.342914851382375" lon="21.78163175471127">
        <ele>936.46000000000004</ele>
        <time>2022-01-27T11:22:38Z</time>
      </trkpt>
      <trkpt lat="-33.342927172780037" lon="21.78154718130827">
        <ele>937.41999999999996</ele>
        <time>2022-01-27T11:22:39Z</time>
      </trkpt>
      <trkpt lat="-33.342951061204076" lon="21.781466631218791">
        <ele>938.86000000000001</ele>
        <time>2022-01-27T11:22:40Z</time>
      </trkpt>
      <trkpt lat="-33.343225652351975" lon="21.780645791441202">
        <ele>950.39999999999998</ele>
        <time>2022-01-27T11:22:49Z</time>
      </trkpt>
      <trkpt lat="-33.343234956264496" lon="21.780552500858903">
        <ele>951.84000000000003</ele>
        <time>2022-01-27T11:22:50Z</time>
      </trkpt>
      <trkpt lat="-33.343235459178686" lon="21.780456192791462">
        <ele>952.79999999999995</ele>
        <time>2022-01-27T11:22:51Z</time>
      </trkpt>
      <trkpt lat="-33.343206290155649" lon="21.780153857544065">
        <ele>955.69000000000005</ele>
        <time>2022-01-27T11:22:54Z</time>
      </trkpt>
      <trkpt lat="-33.343178210780025" lon="21.78005495108664">
        <ele>956.64999999999998</ele>
        <time>2022-01-27T11:22:55Z</time>
      </trkpt>
      <trkpt lat="-33.343136720359325" lon="21.779958307743073">
        <ele>957.61000000000001</ele>
        <time>2022-01-27T11:22:56Z</time>
      </trkpt>
      <trkpt lat="-33.342813178896904" lon="21.779282223433256">
        <ele>964.34000000000003</ele>
        <time>2022-01-27T11:23:03Z</time>
      </trkpt>
      <trkpt lat="-33.342793984338641" lon="21.779201924800873">
        <ele>965.29999999999995</ele>
        <time>2022-01-27T11:23:04Z</time>
      </trkpt>
      <trkpt lat="-33.342788033187389" lon="21.779118273407221">
        <ele>965.77999999999997</ele>
        <time>2022-01-27T11:23:05Z</time>
      </trkpt>
      <trkpt lat="-33.342798510566354" lon="21.779030598700047">
        <ele>966.74000000000001</ele>
        <time>2022-01-27T11:23:06Z</time>
      </trkpt>
      <trkpt lat="-33.342821728438139" lon="21.778937894850969">
        <ele>967.70000000000005</ele>
        <time>2022-01-27T11:23:07Z</time>
      </trkpt>
      <trkpt lat="-33.342855088412762" lon="21.778834378346801">
        <ele>968.17999999999995</ele>
        <time>2022-01-27T11:23:08Z</time>
      </trkpt>
      <trkpt lat="-33.343096738681197" lon="21.778105823323131">
        <ele>974.42999999999995</ele>
        <time>2022-01-27T11:23:14Z</time>
      </trkpt>
      <trkpt lat="-33.34311593323946" lon="21.778001384809613">
        <ele>975.38999999999999</ele>
        <time>2022-01-27T11:23:15Z</time>
      </trkpt>
      <trkpt lat="-33.343124482780695" lon="21.777895353734493">
        <ele>975.88</ele>
        <time>2022-01-27T11:23:16Z</time>
      </trkpt>
      <trkpt lat="-33.343120794743299" lon="21.777787478640676">
        <ele>976.84000000000003</ele>
        <time>2022-01-27T11:23:17Z</time>
      </trkpt>
      <trkpt lat="-33.343116100877523" lon="21.77767775952816">
        <ele>977.32000000000005</ele>
        <time>2022-01-27T11:23:18Z</time>
      </trkpt>
      <trkpt lat="-33.343122638761997" lon="21.777574410662055">
        <ele>977.79999999999995</ele>
        <time>2022-01-27T11:23:19Z</time>
      </trkpt>
      <trkpt lat="-33.343143844977021" lon="21.777466535568237">
        <ele>978.75999999999999</ele>
        <time>2022-01-27T11:23:20Z</time>
      </trkpt>
      <trkpt lat="-33.343172427266836" lon="21.777350278571248">
        <ele>979.24000000000001</ele>
        <time>2022-01-27T11:23:21Z</time>
      </trkpt>
      <trkpt lat="-33.343195645138621" lon="21.777227651327848">
        <ele>980.20000000000005</ele>
        <time>2022-01-27T11:23:22Z</time>
      </trkpt>
      <trkpt lat="-33.343206206336617" lon="21.777096726000309">
        <ele>981.15999999999997</ele>
        <time>2022-01-27T11:23:23Z</time>
      </trkpt>
      <trkpt lat="-33.343170247972012" lon="21.776575036346912">
        <ele>985.00999999999999</ele>
        <time>2022-01-27T11:23:27Z</time>
      </trkpt>
      <trkpt lat="-33.343141498044133" lon="21.776454253122211">
        <ele>985.49000000000001</ele>
        <time>2022-01-27T11:23:28Z</time>
      </trkpt>
      <trkpt lat="-33.34310470148921" lon="21.776336571201682">
        <ele>986.45000000000005</ele>
        <time>2022-01-27T11:23:29Z</time>
      </trkpt>
      <trkpt lat="-33.343058517202735" lon="21.77621528506279">
        <ele>986.92999999999995</ele>
        <time>2022-01-27T11:23:30Z</time>
      </trkpt>
      <trkpt lat="-33.343006549403071" lon="21.776101794093847">
        <ele>987.88999999999999</ele>
        <time>2022-01-27T11:23:31Z</time>
      </trkpt>
      <trkpt lat="-33.342945110052824" lon="21.775992996990681">
        <ele>988.85000000000002</ele>
        <time>2022-01-27T11:23:32Z</time>
      </trkpt>
      <trkpt lat="-33.342875959351659" lon="21.7758849542588">
        <ele>989.33000000000004</ele>
        <time>2022-01-27T11:23:33Z</time>
      </trkpt>
      <trkpt lat="-33.342589382082224" lon="21.775483628734946">
        <ele>993.17999999999995</ele>
        <time>2022-01-27T11:23:38Z</time>
      </trkpt>
      <trkpt lat="-33.34256918169558" lon="21.775443479418755">
        <ele>993.65999999999997</ele>
        <time>2022-01-27T11:23:39Z</time>
      </trkpt>
      <trkpt lat="-33.342546718195081" lon="21.775355637073517">
        <ele>994.62</ele>
        <time>2022-01-27T11:23:41Z</time>
      </trkpt>
      <trkpt lat="-33.342543616890907" lon="21.775298891589046">
        <ele>995.10000000000002</ele>
        <time>2022-01-27T11:23:42Z</time>
      </trkpt>
      <trkpt lat="-33.342548394575715" lon="21.77523267455399">
        <ele>995.58000000000004</ele>
        <time>2022-01-27T11:23:43Z</time>
      </trkpt>
      <trkpt lat="-33.342592818662524" lon="21.774822799488902">
        <ele>998.47000000000003</ele>
        <time>2022-01-27T11:23:48Z</time>
      </trkpt>
      <trkpt lat="-33.34257647395134" lon="21.774743590503931">
        <ele>999.42999999999995</ele>
        <time>2022-01-27T11:23:49Z</time>
      </trkpt>
      <trkpt lat="-33.342443788424134" lon="21.77388746291399">
        <ele>1004.23</ele>
        <time>2022-01-27T11:24:00Z</time>
      </trkpt>
      <trkpt lat="-33.342453259974718" lon="21.77383080124855">
        <ele>1004.72</ele>
        <time>2022-01-27T11:24:01Z</time>
      </trkpt>
      <trkpt lat="-33.342463234439492" lon="21.773785203695297">
        <ele>1005.2</ele>
        <time>2022-01-27T11:24:02Z</time>
      </trkpt>
      <trkpt lat="-33.342499528080225" lon="21.773649668321013">
        <ele>1006.16</ele>
        <time>2022-01-27T11:24:05Z</time>
      </trkpt>
      <trkpt lat="-33.342518052086234" lon="21.773603651672602">
        <ele>1006.64</ele>
        <time>2022-01-27T11:24:06Z</time>
      </trkpt>
      <trkpt lat="-33.342546047642827" lon="21.773556293919683">
        <ele>1007.12</ele>
        <time>2022-01-27T11:24:07Z</time>
      </trkpt>
      <trkpt lat="-33.342583598569036" lon="21.773504242300987">
        <ele>1007.12</ele>
        <time>2022-01-27T11:24:08Z</time>
      </trkpt>
      <trkpt lat="-33.342624250799417" lon="21.77344523370266">
        <ele>1007.6</ele>
        <time>2022-01-27T11:24:09Z</time>
      </trkpt>
      <trkpt lat="-33.342664148658514" lon="21.773374490439892">
        <ele>1008.08</ele>
        <time>2022-01-27T11:24:10Z</time>
      </trkpt>
      <trkpt lat="-33.342698430642486" lon="21.773298801854253">
        <ele>1008.5599999999999</ele>
        <time>2022-01-27T11:24:11Z</time>
      </trkpt>
      <trkpt lat="-33.342728270217776" lon="21.773213809356093">
        <ele>1009.52</ele>
        <time>2022-01-27T11:24:12Z</time>
      </trkpt>
      <trkpt lat="-33.342752996832132" lon="21.773124290630221">
        <ele>1010.48</ele>
        <time>2022-01-27T11:24:13Z</time>
      </trkpt>
      <trkpt lat="-33.342773281037807" lon="21.773027898743749">
        <ele>1010.96</ele>
        <time>2022-01-27T11:24:14Z</time>
      </trkpt>
      <trkpt lat="-33.342786272987723" lon="21.772931339219213">
        <ele>1011.9299999999999</ele>
        <time>2022-01-27T11:24:15Z</time>
      </trkpt>
      <trkpt lat="-33.342789458110929" lon="21.772834863513708">
        <ele>1012.41</ele>
        <time>2022-01-27T11:24:16Z</time>
      </trkpt>
      <trkpt lat="-33.34277973510325" lon="21.772742662578821">
        <ele>1012.89</ele>
        <time>2022-01-27T11:24:17Z</time>
      </trkpt>
      <trkpt lat="-33.342757690697908" lon="21.772649707272649">
        <ele>1013.37</ele>
        <time>2022-01-27T11:24:18Z</time>
      </trkpt>
      <trkpt lat="-33.342728270217776" lon="21.772551136091352">
        <ele>1014.33</ele>
        <time>2022-01-27T11:24:19Z</time>
      </trkpt>
      <trkpt lat="-33.34246507845819" lon="21.771649662405252">
        <ele>1019.62</ele>
        <time>2022-01-27T11:24:28Z</time>
      </trkpt>
      <trkpt lat="-33.342455187812448" lon="21.771547151729465">
        <ele>1020.1</ele>
        <time>2022-01-27T11:24:29Z</time>
      </trkpt>
      <trkpt lat="-33.342453762888908" lon="21.771435672417283">
        <ele>1020.58</ele>
        <time>2022-01-27T11:24:30Z</time>
      </trkpt>
      <trkpt lat="-33.342507407069206" lon="21.770391957834363">
        <ele>1024.4200000000001</ele>
        <time>2022-01-27T11:24:37Z</time>
      </trkpt>
      <trkpt lat="-33.342439429834485" lon="21.768897129222751">
        <ele>1030.1900000000001</ele>
        <time>2022-01-27T11:24:46Z</time>
      </trkpt>
      <trkpt lat="-33.342400956898928" lon="21.767467176541686">
        <ele>1035</ele>
        <time>2022-01-27T11:24:55Z</time>
      </trkpt>
      <trkpt lat="-33.342328956350684" lon="21.766875665634871">
        <ele>1037.8800000000001</ele>
        <time>2022-01-27T11:25:00Z</time>
      </trkpt>
      <trkpt lat="-33.342333314940333" lon="21.766768293455243">
        <ele>1038.3599999999999</ele>
        <time>2022-01-27T11:25:01Z</time>
      </trkpt>
    </trkseg>
  </trk>

</gpx>