<?xml version="1.0" encoding="utf-8"?><gpx creator="Garmin Desktop App" version="1.1" xsi:schemaLocation="http://www.topografix.com/GPX/1/1 http://www.topografix.com/GPX/1/1/gpx.xsd http://www.garmin.com/xmlschemas/WaypointExtension/v1 http://www8.garmin.com/xmlschemas/WaypointExtensionv1.xsd http://www.garmin.com/xmlschemas/TrackPointExtension/v1 http://www.garmin.com/xmlschemas/TrackPointExtensionv1.xsd http://www.garmin.com/xmlschemas/GpxExtensions/v3 http://www8.garmin.com/xmlschemas/GpxExtensionsv3.xsd http://www.garmin.com/xmlschemas/ActivityExtension/v1 http://www8.garmin.com/xmlschemas/ActivityExtensionv1.xsd http://www.garmin.com/xmlschemas/AdventuresExtensions/v1 http://www8.garmin.com/xmlschemas/AdventuresExtensionv1.xsd http://www.garmin.com/xmlschemas/PressureExtension/v1 http://www.garmin.com/xmlschemas/PressureExtensionv1.xsd http://www.garmin.com/xmlschemas/TripExtensions/v1 http://www.garmin.com/xmlschemas/TripExtensionsv1.xsd http://www.garmin.com/xmlschemas/TripMetaDataExtensions/v1 http://www.garmin.com/xmlschemas/TripMetaDataExtensionsv1.xsd http://www.garmin.com/xmlschemas/ViaPointTransportationModeExtensions/v1 http://www.garmin.com/xmlschemas/ViaPointTransportationModeExtensionsv1.xsd http://www.garmin.com/xmlschemas/CreationTimeExtension/v1 http://www.garmin.com/xmlschemas/CreationTimeExtensionsv1.xsd http://www.garmin.com/xmlschemas/AccelerationExtension/v1 http://www.garmin.com/xmlschemas/AccelerationExtensionv1.xsd http://www.garmin.com/xmlschemas/PowerExtension/v1 http://www.garmin.com/xmlschemas/PowerExtensionv1.xsd http://www.garmin.com/xmlschemas/VideoExtension/v1 http://www.garmin.com/xmlschemas/VideoExtensionv1.xsd" xmlns="http://www.topografix.com/GPX/1/1" xmlns:xsi="http://www.w3.org/2001/XMLSchema-instance" xmlns:wptx1="http://www.garmin.com/xmlschemas/WaypointExtension/v1" xmlns:gpxtrx="http://www.garmin.com/xmlschemas/GpxExtensions/v3" xmlns:gpxtpx="http://www.garmin.com/xmlschemas/TrackPointExtension/v1" xmlns:gpxx="http://www.garmin.com/xmlschemas/GpxExtensions/v3" xmlns:trp="http://www.garmin.com/xmlschemas/TripExtensions/v1" xmlns:adv="http://www.garmin.com/xmlschemas/AdventuresExtensions/v1" xmlns:prs="http://www.garmin.com/xmlschemas/PressureExtension/v1" xmlns:tmd="http://www.garmin.com/xmlschemas/TripMetaDataExtensions/v1" xmlns:vptm="http://www.garmin.com/xmlschemas/ViaPointTransportationModeExtensions/v1" xmlns:ctx="http://www.garmin.com/xmlschemas/CreationTimeExtension/v1" xmlns:gpxacc="http://www.garmin.com/xmlschemas/AccelerationExtension/v1" xmlns:gpxpx="http://www.garmin.com/xmlschemas/PowerExtension/v1" xmlns:vidx1="http://www.garmin.com/xmlschemas/VideoExtension/v1">

  <metadata>
    <link href="http://www.garmin.com">
      <text>Garmin International</text>
    </link>
    <time>2022-07-02T14:16:37Z</time>
    <bounds maxlat="-29.50719527900219" maxlon="29.285554373636842" minlat="-29.584322199225426" minlon="29.177318857982755" />
  </metadata>

  <trk>
    <name>[21] Kotisephola Pass</name>
    <extensions>
      <gpxx:TrackExtension>
        <gpxx:DisplayColor>Blue</gpxx:DisplayColor>
      </gpxx:TrackExtension>
    </extensions>
    <trkseg>
      <trkpt lat="-29.584070909768343" lon="29.285464016720653">
        <ele>2882.1700000000001</ele>
        <time>2015-05-02T07:24:04Z</time>
      </trkpt>
      <trkpt lat="-29.584106197580695" lon="29.285444738343358">
        <ele>2882.1700000000001</ele>
        <time>2015-05-02T07:24:05Z</time>
      </trkpt>
      <trkpt lat="-29.584137629717588" lon="29.285423951223493">
        <ele>2882.1700000000001</ele>
        <time>2015-05-02T07:24:06Z</time>
      </trkpt>
      <trkpt lat="-29.584322199225426" lon="29.285163190215826">
        <ele>2882.1700000000001</ele>
        <time>2015-05-02T07:24:15Z</time>
      </trkpt>
      <trkpt lat="-29.58431750535965" lon="29.285112479701638">
        <ele>2881.6900000000001</ele>
        <time>2015-05-02T07:24:16Z</time>
      </trkpt>
      <trkpt lat="-29.584307614713907" lon="29.285056656226516">
        <ele>2881.6900000000001</ele>
        <time>2015-05-02T07:24:17Z</time>
      </trkpt>
      <trkpt lat="-29.583997735753655" lon="29.284159876406193">
        <ele>2882.1700000000001</ele>
        <time>2015-05-02T07:24:29Z</time>
      </trkpt>
      <trkpt lat="-29.583416199311614" lon="29.282818688079715">
        <ele>2882.6500000000001</ele>
        <time>2015-05-02T07:24:43Z</time>
      </trkpt>
      <trkpt lat="-29.582649674266577" lon="29.281046753749251">
        <ele>2881.6900000000001</ele>
        <time>2015-05-02T07:24:59Z</time>
      </trkpt>
      <trkpt lat="-29.581856159493327" lon="29.28011535666883">
        <ele>2880.73</ele>
        <time>2015-05-02T07:25:10Z</time>
      </trkpt>
      <trkpt lat="-29.580840440467" lon="29.279486797749996">
        <ele>2882.1700000000001</ele>
        <time>2015-05-02T07:25:21Z</time>
      </trkpt>
      <trkpt lat="-29.579487349838018" lon="29.278813395649195">
        <ele>2882.6500000000001</ele>
        <time>2015-05-02T07:25:34Z</time>
      </trkpt>
      <trkpt lat="-29.578508259728551" lon="29.277843441814184">
        <ele>2883.6100000000001</ele>
        <time>2015-05-02T07:25:45Z</time>
      </trkpt>
      <trkpt lat="-29.576972778886557" lon="29.276202600449324">
        <ele>2878.8099999999999</ele>
        <time>2015-05-02T07:26:03Z</time>
      </trkpt>
      <trkpt lat="-29.576022103428841" lon="29.275198616087437">
        <ele>2875.4400000000001</ele>
        <time>2015-05-02T07:26:15Z</time>
      </trkpt>
      <trkpt lat="-29.574946537613869" lon="29.274041159078479">
        <ele>2876.8800000000001</ele>
        <time>2015-05-02T07:26:29Z</time>
      </trkpt>
      <trkpt lat="-29.573719007894397" lon="29.272723356261849">
        <ele>2880.25</ele>
        <time>2015-05-02T07:26:41Z</time>
      </trkpt>
      <trkpt lat="-29.572477731853724" lon="29.271384766325355">
        <ele>2874</ele>
        <time>2015-05-02T07:26:53Z</time>
      </trkpt>
      <trkpt lat="-29.571551950648427" lon="29.27019277587533">
        <ele>2870.6300000000001</ele>
        <time>2015-05-02T07:27:04Z</time>
      </trkpt>
      <trkpt lat="-29.571112990379333" lon="29.268880169838667">
        <ele>2865.8299999999999</ele>
        <time>2015-05-02T07:27:13Z</time>
      </trkpt>
      <trkpt lat="-29.570885086432099" lon="29.267881382256746">
        <ele>2863.4200000000001</ele>
        <time>2015-05-02T07:27:20Z</time>
      </trkpt>
      <trkpt lat="-29.570891372859478" lon="29.267645012587309">
        <ele>2863.4200000000001</ele>
        <time>2015-05-02T07:27:22Z</time>
      </trkpt>
      <trkpt lat="-29.570907801389694" lon="29.26753168925643">
        <ele>2863.4200000000001</ele>
        <time>2015-05-02T07:27:23Z</time>
      </trkpt>
      <trkpt lat="-29.570931857451797" lon="29.267421886324883">
        <ele>2863.4200000000001</ele>
        <time>2015-05-02T07:27:24Z</time>
      </trkpt>
      <trkpt lat="-29.570962283760309" lon="29.267313927412033">
        <ele>2863.4200000000001</ele>
        <time>2015-05-02T07:27:25Z</time>
      </trkpt>
      <trkpt lat="-29.571002265438437" lon="29.267209991812706">
        <ele>2863.9000000000001</ele>
        <time>2015-05-02T07:27:26Z</time>
      </trkpt>
      <trkpt lat="-29.571050042286515" lon="29.267110247164965">
        <ele>2864.3899999999999</ele>
        <time>2015-05-02T07:27:27Z</time>
      </trkpt>
      <trkpt lat="-29.571106033399701" lon="29.267014525830746">
        <ele>2864.3899999999999</ele>
        <time>2015-05-02T07:27:28Z</time>
      </trkpt>
      <trkpt lat="-29.571171998977661" lon="29.266922827810049">
        <ele>2864.8699999999999</ele>
        <time>2015-05-02T07:27:29Z</time>
      </trkpt>
      <trkpt lat="-29.571243077516556" lon="29.266832051798701">
        <ele>2865.8299999999999</ele>
        <time>2015-05-02T07:27:30Z</time>
      </trkpt>
      <trkpt lat="-29.571731993928552" lon="29.266135767102242">
        <ele>2867.75</ele>
        <time>2015-05-02T07:27:38Z</time>
      </trkpt>
      <trkpt lat="-29.571766024455428" lon="29.266051277518272">
        <ele>2867.75</ele>
        <time>2015-05-02T07:27:39Z</time>
      </trkpt>
      <trkpt lat="-29.571791002526879" lon="29.265965949743986">
        <ele>2868.23</ele>
        <time>2015-05-02T07:27:40Z</time>
      </trkpt>
      <trkpt lat="-29.571808688342571" lon="29.265879951417446">
        <ele>2868.23</ele>
        <time>2015-05-02T07:27:41Z</time>
      </trkpt>
      <trkpt lat="-29.571816315874457" lon="29.265792276710272">
        <ele>2868.23</ele>
        <time>2015-05-02T07:27:42Z</time>
      </trkpt>
      <trkpt lat="-29.57181598059833" lon="29.265701416879892">
        <ele>2868.23</ele>
        <time>2015-05-02T07:27:43Z</time>
      </trkpt>
      <trkpt lat="-29.571805000305176" lon="29.265607707202435">
        <ele>2867.75</ele>
        <time>2015-05-02T07:27:44Z</time>
      </trkpt>
      <trkpt lat="-29.571785805746913" lon="29.265521876513958">
        <ele>2867.75</ele>
        <time>2015-05-02T07:27:45Z</time>
      </trkpt>
      <trkpt lat="-29.571756133809686" lon="29.265434285625815">
        <ele>2867.75</ele>
        <time>2015-05-02T07:27:46Z</time>
      </trkpt>
      <trkpt lat="-29.571718415245414" lon="29.265348706394434">
        <ele>2867.75</ele>
        <time>2015-05-02T07:27:47Z</time>
      </trkpt>
      <trkpt lat="-29.571670638397336" lon="29.265263713896275">
        <ele>2867.75</ele>
        <time>2015-05-02T07:27:48Z</time>
      </trkpt>
      <trkpt lat="-29.571614898741245" lon="29.265177045017481">
        <ele>2867.75</ele>
        <time>2015-05-02T07:27:49Z</time>
      </trkpt>
      <trkpt lat="-29.571551950648427" lon="29.265092052519321">
        <ele>2867.27</ele>
        <time>2015-05-02T07:27:50Z</time>
      </trkpt>
      <trkpt lat="-29.57148221321404" lon="29.265005886554718">
        <ele>2867.27</ele>
        <time>2015-05-02T07:27:51Z</time>
      </trkpt>
      <trkpt lat="-29.571411134675145" lon="29.264926593750715">
        <ele>2866.79</ele>
        <time>2015-05-02T07:27:52Z</time>
      </trkpt>
      <trkpt lat="-29.570345878601074" lon="29.264109777286649">
        <ele>2862.46</ele>
        <time>2015-05-02T07:28:03Z</time>
      </trkpt>
      <trkpt lat="-29.569399561733007" lon="29.263367559760809">
        <ele>2861.5</ele>
        <time>2015-05-02T07:28:14Z</time>
      </trkpt>
      <trkpt lat="-29.568773433566093" lon="29.262436330318451">
        <ele>2861.98</ele>
        <time>2015-05-02T07:28:21Z</time>
      </trkpt>
      <trkpt lat="-29.568132720887661" lon="29.261421365663409">
        <ele>2863.4200000000001</ele>
        <time>2015-05-02T07:28:29Z</time>
      </trkpt>
      <trkpt lat="-29.567701891064644" lon="29.260602537542582">
        <ele>2862.9400000000001</ele>
        <time>2015-05-02T07:28:39Z</time>
      </trkpt>
      <trkpt lat="-29.567242311313748" lon="29.259568462148309">
        <ele>2857.1799999999998</ele>
        <time>2015-05-02T07:28:56Z</time>
      </trkpt>
      <trkpt lat="-29.56710509955883" lon="29.259228575974703">
        <ele>2856.21</ele>
        <time>2015-05-02T07:29:02Z</time>
      </trkpt>
      <trkpt lat="-29.566857162863016" lon="29.258609069511294">
        <ele>2855.25</ele>
        <time>2015-05-02T07:29:10Z</time>
      </trkpt>
      <trkpt lat="-29.566199015825987" lon="29.257049532607198">
        <ele>2853.8099999999999</ele>
        <time>2015-05-02T07:29:24Z</time>
      </trkpt>
      <trkpt lat="-29.565685205161572" lon="29.256426924839616">
        <ele>2852.3699999999999</ele>
        <time>2015-05-02T07:29:32Z</time>
      </trkpt>
      <trkpt lat="-29.565594932064414" lon="29.256376130506396">
        <ele>2851.8899999999999</ele>
        <time>2015-05-02T07:29:33Z</time>
      </trkpt>
      <trkpt lat="-29.565498121082783" lon="29.256335142999887">
        <ele>2851.8899999999999</ele>
        <time>2015-05-02T07:29:34Z</time>
      </trkpt>
      <trkpt lat="-29.565396616235375" lon="29.256305806338787">
        <ele>2851.4099999999999</ele>
        <time>2015-05-02T07:29:35Z</time>
      </trkpt>
      <trkpt lat="-29.565292177721858" lon="29.256284516304731">
        <ele>2850.9299999999998</ele>
        <time>2015-05-02T07:29:36Z</time>
      </trkpt>
      <trkpt lat="-29.565186481922865" lon="29.25626833923161">
        <ele>2850.4499999999998</ele>
        <time>2015-05-02T07:29:37Z</time>
      </trkpt>
      <trkpt lat="-29.564175121486187" lon="29.255893835797906">
        <ele>2842.7600000000002</ele>
        <time>2015-05-02T07:29:48Z</time>
      </trkpt>
      <trkpt lat="-29.563751416280866" lon="29.255411876365542">
        <ele>2841.3099999999999</ele>
        <time>2015-05-02T07:29:57Z</time>
      </trkpt>
      <trkpt lat="-29.563463078811765" lon="29.254538314417005">
        <ele>2840.8299999999999</ele>
        <time>2015-05-02T07:30:06Z</time>
      </trkpt>
      <trkpt lat="-29.563290746882558" lon="29.252663534134626">
        <ele>2839.3899999999999</ele>
        <time>2015-05-02T07:30:19Z</time>
      </trkpt>
      <trkpt lat="-29.562820354476571" lon="29.250485328957438">
        <ele>2833.6199999999999</ele>
        <time>2015-05-02T07:30:35Z</time>
      </trkpt>
      <trkpt lat="-29.562232699245214" lon="29.248807607218623">
        <ele>2824.4899999999998</ele>
        <time>2015-05-02T07:30:46Z</time>
      </trkpt>
      <trkpt lat="-29.561131652444601" lon="29.246630910784006">
        <ele>2818.2399999999998</ele>
        <time>2015-05-02T07:30:59Z</time>
      </trkpt>
      <trkpt lat="-29.559877132996917" lon="29.244718831032515">
        <ele>2811.0300000000002</ele>
        <time>2015-05-02T07:31:11Z</time>
      </trkpt>
      <trkpt lat="-29.558293540030718" lon="29.242316829040647">
        <ele>2805.2600000000002</ele>
        <time>2015-05-02T07:31:28Z</time>
      </trkpt>
      <trkpt lat="-29.55725384876132" lon="29.240719070658088">
        <ele>2804.3000000000002</ele>
        <time>2015-05-02T07:31:40Z</time>
      </trkpt>
      <trkpt lat="-29.556071497499943" lon="29.238913357257843">
        <ele>2800.9400000000001</ele>
        <time>2015-05-02T07:31:51Z</time>
      </trkpt>
      <trkpt lat="-29.555013868957758" lon="29.23709356226027">
        <ele>2796.1300000000001</ele>
        <time>2015-05-02T07:32:03Z</time>
      </trkpt>
      <trkpt lat="-29.554691668599844" lon="29.235808616504073">
        <ele>2794.21</ele>
        <time>2015-05-02T07:32:12Z</time>
      </trkpt>
      <trkpt lat="-29.554485306143761" lon="29.234746461734176">
        <ele>2794.6900000000001</ele>
        <time>2015-05-02T07:32:22Z</time>
      </trkpt>
      <trkpt lat="-29.554192610085011" lon="29.233236461877823">
        <ele>2794.6900000000001</ele>
        <time>2015-05-02T07:32:34Z</time>
      </trkpt>
      <trkpt lat="-29.553902009502053" lon="29.231859650462866">
        <ele>2794.21</ele>
        <time>2015-05-02T07:32:42Z</time>
      </trkpt>
      <trkpt lat="-29.553216537460685" lon="29.229182470589876">
        <ele>2794.6900000000001</ele>
        <time>2015-05-02T07:32:54Z</time>
      </trkpt>
      <trkpt lat="-29.552792077884078" lon="29.227500893175602">
        <ele>2803.8200000000002</ele>
        <time>2015-05-02T07:33:03Z</time>
      </trkpt>
      <trkpt lat="-29.552195705473423" lon="29.226133301854134">
        <ele>2806.23</ele>
        <time>2015-05-02T07:33:13Z</time>
      </trkpt>
      <trkpt lat="-29.551090383902192" lon="29.224514756351709">
        <ele>2802.3800000000001</ele>
        <time>2015-05-02T07:33:24Z</time>
      </trkpt>
      <trkpt lat="-29.54958725720644" lon="29.222279889509082">
        <ele>2804.3000000000002</ele>
        <time>2015-05-02T07:33:37Z</time>
      </trkpt>
      <trkpt lat="-29.5491265039891" lon="29.221417224034667">
        <ele>2804.7800000000002</ele>
        <time>2015-05-02T07:33:44Z</time>
      </trkpt>
      <trkpt lat="-29.548914274200797" lon="29.220205955207348">
        <ele>2809.1100000000001</ele>
        <time>2015-05-02T07:33:53Z</time>
      </trkpt>
      <trkpt lat="-29.548845123499632" lon="29.219947792589664">
        <ele>2810.5500000000002</ele>
        <time>2015-05-02T07:33:55Z</time>
      </trkpt>
      <trkpt lat="-29.548797681927681" lon="29.219831451773643">
        <ele>2811.5100000000002</ele>
        <time>2015-05-02T07:33:56Z</time>
      </trkpt>
      <trkpt lat="-29.548744289204478" lon="29.219719972461462">
        <ele>2812.4699999999998</ele>
        <time>2015-05-02T07:33:57Z</time>
      </trkpt>
      <trkpt lat="-29.548684190958738" lon="29.219621485099196">
        <ele>2813.4400000000001</ele>
        <time>2015-05-02T07:33:58Z</time>
      </trkpt>
      <trkpt lat="-29.548623925074935" lon="29.219537414610386">
        <ele>2814.4000000000001</ele>
        <time>2015-05-02T07:33:59Z</time>
      </trkpt>
      <trkpt lat="-29.548556618392467" lon="29.219461642205715">
        <ele>2815.3600000000001</ele>
        <time>2015-05-02T07:34:00Z</time>
      </trkpt>
      <trkpt lat="-29.54848344437778" lon="29.219389893114567">
        <ele>2816.3200000000002</ele>
        <time>2015-05-02T07:34:01Z</time>
      </trkpt>
      <trkpt lat="-29.548409264534712" lon="29.219325603917241">
        <ele>2817.2800000000002</ele>
        <time>2015-05-02T07:34:02Z</time>
      </trkpt>
      <trkpt lat="-29.548325780779123" lon="29.219266092404723">
        <ele>2817.7600000000002</ele>
        <time>2015-05-02T07:34:03Z</time>
      </trkpt>
      <trkpt lat="-29.548240788280964" lon="29.219212615862489">
        <ele>2818.7199999999998</ele>
        <time>2015-05-02T07:34:04Z</time>
      </trkpt>
      <trkpt lat="-29.548146156594157" lon="29.219160648062825">
        <ele>2819.6799999999998</ele>
        <time>2015-05-02T07:34:05Z</time>
      </trkpt>
      <trkpt lat="-29.546890798956156" lon="29.218523623421788">
        <ele>2830.7399999999998</ele>
        <time>2015-05-02T07:34:16Z</time>
      </trkpt>
      <trkpt lat="-29.545466545969248" lon="29.217785680666566">
        <ele>2844.6799999999998</ele>
        <time>2015-05-02T07:34:26Z</time>
      </trkpt>
      <trkpt lat="-29.543324047699571" lon="29.216688321903348">
        <ele>2866.79</ele>
        <time>2015-05-02T07:34:41Z</time>
      </trkpt>
      <trkpt lat="-29.54217673279345" lon="29.216122459620237">
        <ele>2884.5700000000002</ele>
        <time>2015-05-02T07:34:51Z</time>
      </trkpt>
      <trkpt lat="-29.541738275438547" lon="29.21585532836616">
        <ele>2893.23</ele>
        <time>2015-05-02T07:34:55Z</time>
      </trkpt>
      <trkpt lat="-29.54164263792336" lon="29.215769581496716">
        <ele>2895.1500000000001</ele>
        <time>2015-05-02T07:34:56Z</time>
      </trkpt>
      <trkpt lat="-29.5415507722646" lon="29.215673943981528">
        <ele>2897.0700000000002</ele>
        <time>2015-05-02T07:34:57Z</time>
      </trkpt>
      <trkpt lat="-29.541471228003502" lon="29.215569086372852">
        <ele>2898.9899999999998</ele>
        <time>2015-05-02T07:34:58Z</time>
      </trkpt>
      <trkpt lat="-29.541391516104341" lon="29.215451572090387">
        <ele>2900.9200000000001</ele>
        <time>2015-05-02T07:34:59Z</time>
      </trkpt>
      <trkpt lat="-29.540422735735774" lon="29.214076353237033">
        <ele>2924.9499999999998</ele>
        <time>2015-05-02T07:35:10Z</time>
      </trkpt>
      <trkpt lat="-29.539230326190591" lon="29.213057281449437">
        <ele>2948.02</ele>
        <time>2015-05-02T07:35:20Z</time>
      </trkpt>
      <trkpt lat="-29.538005562499166" lon="29.212280614301562">
        <ele>2972.5300000000002</ele>
        <time>2015-05-02T07:35:30Z</time>
      </trkpt>
      <trkpt lat="-29.536624057218432" lon="29.211998395621777">
        <ele>2998.0100000000002</ele>
        <time>2015-05-02T07:35:40Z</time>
      </trkpt>
      <trkpt lat="-29.535078937187791" lon="29.212226215749979">
        <ele>3028.77</ele>
        <time>2015-05-02T07:35:51Z</time>
      </trkpt>
      <trkpt lat="-29.53421208076179" lon="29.212285811081529">
        <ele>3046.5599999999999</ele>
        <time>2015-05-02T07:35:59Z</time>
      </trkpt>
      <trkpt lat="-29.53407478518784" lon="29.212291929870844">
        <ele>3048.48</ele>
        <time>2015-05-02T07:36:02Z</time>
      </trkpt>
      <trkpt lat="-29.533956684172153" lon="29.212035862728953">
        <ele>3050.8800000000001</ele>
        <time>2015-05-02T07:36:09Z</time>
      </trkpt>
      <trkpt lat="-29.534135470166802" lon="29.211953803896904">
        <ele>3051.3600000000001</ele>
        <time>2015-05-02T07:36:12Z</time>
      </trkpt>
      <trkpt lat="-29.534786408767104" lon="29.211808126419783">
        <ele>3052.8000000000002</ele>
        <time>2015-05-02T07:36:22Z</time>
      </trkpt>
      <trkpt lat="-29.534819349646568" lon="29.211794212460518">
        <ele>3052.8000000000002</ele>
        <time>2015-05-02T07:36:23Z</time>
      </trkpt>
      <trkpt lat="-29.534898307174444" lon="29.211753476411104">
        <ele>3050.8800000000001</ele>
        <time>2015-05-02T07:36:33Z</time>
      </trkpt>
      <trkpt lat="-29.534895792603493" lon="29.211762780323625">
        <ele>3048.48</ele>
        <time>2015-05-02T07:36:55Z</time>
      </trkpt>
      <trkpt lat="-29.53489763662219" lon="29.21174643561244">
        <ele>3048.48</ele>
        <time>2015-05-02T07:37:34Z</time>
      </trkpt>
      <trkpt lat="-29.534898474812508" lon="29.211731599643826">
        <ele>3048.48</ele>
        <time>2015-05-02T07:38:26Z</time>
      </trkpt>
      <trkpt lat="-29.534903336316347" lon="29.211737718433142">
        <ele>3046.5599999999999</ele>
        <time>2015-05-02T07:39:12Z</time>
      </trkpt>
      <trkpt lat="-29.534910460934043" lon="29.211739059537649">
        <ele>3046.5599999999999</ele>
        <time>2015-05-02T07:40:00Z</time>
      </trkpt>
      <trkpt lat="-29.534908700734377" lon="29.211744340136647">
        <ele>3047.04</ele>
        <time>2015-05-02T07:40:37Z</time>
      </trkpt>
      <trkpt lat="-29.534907527267933" lon="29.211745010688901">
        <ele>3047.52</ele>
        <time>2015-05-02T07:41:14Z</time>
      </trkpt>
      <trkpt lat="-29.534907694905996" lon="29.211744675412774">
        <ele>3046.5599999999999</ele>
        <time>2015-05-02T07:41:44Z</time>
      </trkpt>
      <trkpt lat="-29.534894032403827" lon="29.211741238832474">
        <ele>3048</ele>
        <time>2015-05-02T07:42:22Z</time>
      </trkpt>
      <trkpt lat="-29.534894032403827" lon="29.21174836345017">
        <ele>3048.48</ele>
        <time>2015-05-02T07:43:03Z</time>
      </trkpt>
      <trkpt lat="-29.534895373508334" lon="29.21174886636436">
        <ele>3050.4000000000001</ele>
        <time>2015-05-02T07:43:38Z</time>
      </trkpt>
      <trkpt lat="-29.534904258325696" lon="29.211752554401755">
        <ele>3050.8800000000001</ele>
        <time>2015-05-02T07:44:14Z</time>
      </trkpt>
      <trkpt lat="-29.534897971898317" lon="29.21175180003047">
        <ele>3049.9200000000001</ele>
        <time>2015-05-02T07:44:55Z</time>
      </trkpt>
      <trkpt lat="-29.534890847280622" lon="29.211749704554677">
        <ele>3049.4400000000001</ele>
        <time>2015-05-02T07:45:31Z</time>
      </trkpt>
      <trkpt lat="-29.53489906154573" lon="29.21174936927855">
        <ele>3049.4400000000001</ele>
        <time>2015-05-02T07:46:13Z</time>
      </trkpt>
      <trkpt lat="-29.534899313002825" lon="29.211755990982056">
        <ele>3049.9200000000001</ele>
        <time>2015-05-02T07:46:34Z</time>
      </trkpt>
      <trkpt lat="-29.534903503954411" lon="29.211733527481556">
        <ele>3050.4000000000001</ele>
        <time>2015-05-02T07:46:37Z</time>
      </trkpt>
      <trkpt lat="-29.534907275810838" lon="29.211714584380388">
        <ele>3050.4000000000001</ele>
        <time>2015-05-02T07:46:38Z</time>
      </trkpt>
      <trkpt lat="-29.53489176928997" lon="29.211515681818128">
        <ele>3050.8800000000001</ele>
        <time>2015-05-02T07:46:44Z</time>
      </trkpt>
      <trkpt lat="-29.534860169515014" lon="29.211496487259865">
        <ele>3051.3600000000001</ele>
        <time>2015-05-02T07:46:45Z</time>
      </trkpt>
      <trkpt lat="-29.534820187836885" lon="29.211484082043171">
        <ele>3051.3600000000001</ele>
        <time>2015-05-02T07:46:46Z</time>
      </trkpt>
      <trkpt lat="-29.534772075712681" lon="29.211478969082236">
        <ele>3051.8400000000001</ele>
        <time>2015-05-02T07:46:47Z</time>
      </trkpt>
      <trkpt lat="-29.534719604998827" lon="29.211476957425475">
        <ele>3051.8400000000001</ele>
        <time>2015-05-02T07:46:48Z</time>
      </trkpt>
      <trkpt lat="-29.534662608057261" lon="29.211477627977729">
        <ele>3052.3200000000002</ele>
        <time>2015-05-02T07:46:49Z</time>
      </trkpt>
      <trkpt lat="-29.533864818513393" lon="29.211395401507616">
        <ele>3064.3400000000001</ele>
        <time>2015-05-02T07:47:00Z</time>
      </trkpt>
      <trkpt lat="-29.532516086474061" lon="29.211084432899952">
        <ele>3093.6599999999999</ele>
        <time>2015-05-02T07:47:14Z</time>
      </trkpt>
      <trkpt lat="-29.532343754544854" lon="29.211072698235512">
        <ele>3096.54</ele>
        <time>2015-05-02T07:47:16Z</time>
      </trkpt>
      <trkpt lat="-29.532264461740851" lon="29.211078900843859">
        <ele>3097.5100000000002</ele>
        <time>2015-05-02T07:47:17Z</time>
      </trkpt>
      <trkpt lat="-29.532138565555215" lon="29.211095413193107">
        <ele>3098.9499999999998</ele>
        <time>2015-05-02T07:47:19Z</time>
      </trkpt>
      <trkpt lat="-29.532093303278089" lon="29.211091306060553">
        <ele>3099.4299999999998</ele>
        <time>2015-05-02T07:47:20Z</time>
      </trkpt>
      <trkpt lat="-29.53205625526607" lon="29.211075799539685">
        <ele>3099.4299999999998</ele>
        <time>2015-05-02T07:47:21Z</time>
      </trkpt>
      <trkpt lat="-29.532022727653384" lon="29.211050653830171">
        <ele>3099.9099999999999</ele>
        <time>2015-05-02T07:47:22Z</time>
      </trkpt>
      <trkpt lat="-29.531993977725506" lon="29.211022909730673">
        <ele>3100.3899999999999</ele>
        <time>2015-05-02T07:47:23Z</time>
      </trkpt>
      <trkpt lat="-29.531970927491784" lon="29.210995500907302">
        <ele>3100.3899999999999</ele>
        <time>2015-05-02T07:47:24Z</time>
      </trkpt>
      <trkpt lat="-29.532045694068074" lon="29.210746642202139">
        <ele>3102.79</ele>
        <time>2015-05-02T07:47:31Z</time>
      </trkpt>
      <trkpt lat="-29.532096823677421" lon="29.210717640817165">
        <ele>3102.79</ele>
        <time>2015-05-02T07:47:32Z</time>
      </trkpt>
      <trkpt lat="-29.532153569161892" lon="29.210686208680272">
        <ele>3103.27</ele>
        <time>2015-05-02T07:47:33Z</time>
      </trkpt>
      <trkpt lat="-29.532196568325162" lon="29.210653100162745">
        <ele>3103.27</ele>
        <time>2015-05-02T07:47:34Z</time>
      </trkpt>
      <trkpt lat="-29.532236382365227" lon="29.210604904219508">
        <ele>3103.27</ele>
        <time>2015-05-02T07:47:35Z</time>
      </trkpt>
      <trkpt lat="-29.532259684056044" lon="29.210551595315337">
        <ele>3103.75</ele>
        <time>2015-05-02T07:47:36Z</time>
      </trkpt>
      <trkpt lat="-29.532263372093439" lon="29.210501303896308">
        <ele>3103.75</ele>
        <time>2015-05-02T07:47:37Z</time>
      </trkpt>
      <trkpt lat="-29.53225121833384" lon="29.210457969456911">
        <ele>3104.23</ele>
        <time>2015-05-02T07:47:38Z</time>
      </trkpt>
      <trkpt lat="-29.532228503376245" lon="29.210424358025193">
        <ele>3104.23</ele>
        <time>2015-05-02T07:47:39Z</time>
      </trkpt>
      <trkpt lat="-29.532197322696447" lon="29.210398709401488">
        <ele>3104.23</ele>
        <time>2015-05-02T07:47:40Z</time>
      </trkpt>
      <trkpt lat="-29.532158179208636" lon="29.210384460166097">
        <ele>3104.23</ele>
        <time>2015-05-02T07:47:41Z</time>
      </trkpt>
      <trkpt lat="-29.5321099832654" lon="29.210377838462591">
        <ele>3104.71</ele>
        <time>2015-05-02T07:47:42Z</time>
      </trkpt>
      <trkpt lat="-29.532056339085102" lon="29.210374653339386">
        <ele>3104.71</ele>
        <time>2015-05-02T07:47:43Z</time>
      </trkpt>
      <trkpt lat="-29.53128520399332" lon="29.210378006100655">
        <ele>3117.21</ele>
        <time>2015-05-02T07:47:52Z</time>
      </trkpt>
      <trkpt lat="-29.530313154682517" lon="29.210669361054897">
        <ele>3130.6700000000001</ele>
        <time>2015-05-02T07:48:00Z</time>
      </trkpt>
      <trkpt lat="-29.529760619625449" lon="29.21097781509161">
        <ele>3137.8800000000001</ele>
        <time>2015-05-02T07:48:05Z</time>
      </trkpt>
      <trkpt lat="-29.529678309336305" lon="29.211056102067232">
        <ele>3139.3200000000002</ele>
        <time>2015-05-02T07:48:06Z</time>
      </trkpt>
      <trkpt lat="-29.529599938541651" lon="29.211145536974072">
        <ele>3140.7600000000002</ele>
        <time>2015-05-02T07:48:07Z</time>
      </trkpt>
      <trkpt lat="-29.529534308239818" lon="29.211232289671898">
        <ele>3141.73</ele>
        <time>2015-05-02T07:48:08Z</time>
      </trkpt>
      <trkpt lat="-29.529470019042492" lon="29.211332453414798">
        <ele>3143.1700000000001</ele>
        <time>2015-05-02T07:48:09Z</time>
      </trkpt>
      <trkpt lat="-29.529418554157019" lon="29.211431862786412">
        <ele>3144.6100000000001</ele>
        <time>2015-05-02T07:48:10Z</time>
      </trkpt>
      <trkpt lat="-29.52937756665051" lon="29.211535044014454">
        <ele>3146.0500000000002</ele>
        <time>2015-05-02T07:48:11Z</time>
      </trkpt>
      <trkpt lat="-29.529344039037824" lon="29.211648870259523">
        <ele>3147.4899999999998</ele>
        <time>2015-05-02T07:48:12Z</time>
      </trkpt>
      <trkpt lat="-29.529318055137992" lon="29.211757835000753">
        <ele>3148.9400000000001</ele>
        <time>2015-05-02T07:48:13Z</time>
      </trkpt>
      <trkpt lat="-29.529299614951015" lon="29.211871745064855">
        <ele>3149.9000000000001</ele>
        <time>2015-05-02T07:48:14Z</time>
      </trkpt>
      <trkpt lat="-29.529289305210114" lon="29.211987163871527">
        <ele>3151.3400000000001</ele>
        <time>2015-05-02T07:48:15Z</time>
      </trkpt>
      <trkpt lat="-29.529283102601767" lon="29.212101073935628">
        <ele>3152.7800000000002</ele>
        <time>2015-05-02T07:48:16Z</time>
      </trkpt>
      <trkpt lat="-29.529262566938996" lon="29.212400391697884">
        <ele>3156.6300000000001</ele>
        <time>2015-05-02T07:48:19Z</time>
      </trkpt>
      <trkpt lat="-29.529238929972053" lon="29.212466021999717">
        <ele>3157.5900000000001</ele>
        <time>2015-05-02T07:48:20Z</time>
      </trkpt>
      <trkpt lat="-29.529206994920969" lon="29.212517738342285">
        <ele>3158.5500000000002</ele>
        <time>2015-05-02T07:48:21Z</time>
      </trkpt>
      <trkpt lat="-29.529163325205445" lon="29.212560737505555">
        <ele>3159.9899999999998</ele>
        <time>2015-05-02T07:48:22Z</time>
      </trkpt>
      <trkpt lat="-29.529060982167721" lon="29.212603401392698">
        <ele>3161.9099999999999</ele>
        <time>2015-05-02T07:48:24Z</time>
      </trkpt>
      <trkpt lat="-29.529002727940679" lon="29.212601557374001">
        <ele>3162.8800000000001</ele>
        <time>2015-05-02T07:48:25Z</time>
      </trkpt>
      <trkpt lat="-29.528954531997442" lon="29.212586218491197">
        <ele>3163.8400000000001</ele>
        <time>2015-05-02T07:48:26Z</time>
      </trkpt>
      <trkpt lat="-29.528901809826493" lon="29.212555959820747">
        <ele>3164.8000000000002</ele>
        <time>2015-05-02T07:48:27Z</time>
      </trkpt>
      <trkpt lat="-29.5288444776088" lon="29.212503489106894">
        <ele>3166.2399999999998</ele>
        <time>2015-05-02T07:48:28Z</time>
      </trkpt>
      <trkpt lat="-29.528789995238185" lon="29.212443474680185">
        <ele>3167.6799999999998</ele>
        <time>2015-05-02T07:48:29Z</time>
      </trkpt>
      <trkpt lat="-29.528737273067236" lon="29.21238211914897">
        <ele>3168.6399999999999</ele>
        <time>2015-05-02T07:48:30Z</time>
      </trkpt>
      <trkpt lat="-29.528331840410829" lon="29.211874008178711">
        <ele>3174.4099999999999</ele>
        <time>2015-05-02T07:48:37Z</time>
      </trkpt>
      <trkpt lat="-29.527928419411182" lon="29.210932133719325">
        <ele>3182.0999999999999</ele>
        <time>2015-05-02T07:48:45Z</time>
      </trkpt>
      <trkpt lat="-29.527737563475966" lon="29.209742741659284">
        <ele>3193.1599999999999</ele>
        <time>2015-05-02T07:48:53Z</time>
      </trkpt>
      <trkpt lat="-29.527984159067273" lon="29.208503980189562">
        <ele>3200.8499999999999</ele>
        <time>2015-05-02T07:49:02Z</time>
      </trkpt>
      <trkpt lat="-29.528028164058924" lon="29.208124112337828">
        <ele>3203.25</ele>
        <time>2015-05-02T07:49:05Z</time>
      </trkpt>
      <trkpt lat="-29.528022296726704" lon="29.20802746899426">
        <ele>3203.73</ele>
        <time>2015-05-02T07:49:06Z</time>
      </trkpt>
      <trkpt lat="-29.528007879853249" lon="29.207926383242011">
        <ele>3204.21</ele>
        <time>2015-05-02T07:49:07Z</time>
      </trkpt>
      <trkpt lat="-29.527984242886305" lon="29.207818927243352">
        <ele>3205.1700000000001</ele>
        <time>2015-05-02T07:49:08Z</time>
      </trkpt>
      <trkpt lat="-29.527952894568443" lon="29.20771474018693">
        <ele>3205.1700000000001</ele>
        <time>2015-05-02T07:49:09Z</time>
      </trkpt>
      <trkpt lat="-29.527918444946408" lon="29.207622958347201">
        <ele>3205.1700000000001</ele>
        <time>2015-05-02T07:49:10Z</time>
      </trkpt>
      <trkpt lat="-29.527869326993823" lon="29.20751977711916">
        <ele>3205.6500000000001</ele>
        <time>2015-05-02T07:49:11Z</time>
      </trkpt>
      <trkpt lat="-29.527818281203508" lon="29.207438724115491">
        <ele>3205.6500000000001</ele>
        <time>2015-05-02T07:49:12Z</time>
      </trkpt>
      <trkpt lat="-29.527751477435231" lon="29.207348618656397">
        <ele>3205.6500000000001</ele>
        <time>2015-05-02T07:49:13Z</time>
      </trkpt>
      <trkpt lat="-29.527685092762113" lon="29.207277288660407">
        <ele>3205.6500000000001</ele>
        <time>2015-05-02T07:49:14Z</time>
      </trkpt>
      <trkpt lat="-29.527616444975138" lon="29.207210317254066">
        <ele>3205.1700000000001</ele>
        <time>2015-05-02T07:49:15Z</time>
      </trkpt>
      <trkpt lat="-29.527533380314708" lon="29.207142004743218">
        <ele>3204.6900000000001</ele>
        <time>2015-05-02T07:49:16Z</time>
      </trkpt>
      <trkpt lat="-29.527446459978819" lon="29.207080649212003">
        <ele>3204.6900000000001</ele>
        <time>2015-05-02T07:49:17Z</time>
      </trkpt>
      <trkpt lat="-29.527359372004867" lon="29.207023233175278">
        <ele>3204.21</ele>
        <time>2015-05-02T07:49:18Z</time>
      </trkpt>
      <trkpt lat="-29.525752980262041" lon="29.205946661531925">
        <ele>3197</ele>
        <time>2015-05-02T07:49:34Z</time>
      </trkpt>
      <trkpt lat="-29.524113228544593" lon="29.204520396888256">
        <ele>3191.71</ele>
        <time>2015-05-02T07:49:49Z</time>
      </trkpt>
      <trkpt lat="-29.523270763456821" lon="29.203355899080634">
        <ele>3193.6399999999999</ele>
        <time>2015-05-02T07:50:00Z</time>
      </trkpt>
      <trkpt lat="-29.522989550605416" lon="29.202123172581196">
        <ele>3201.3299999999999</ele>
        <time>2015-05-02T07:50:10Z</time>
      </trkpt>
      <trkpt lat="-29.523009499534965" lon="29.201923934742808">
        <ele>3201.8099999999999</ele>
        <time>2015-05-02T07:50:12Z</time>
      </trkpt>
      <trkpt lat="-29.523031124845147" lon="29.201830392703414">
        <ele>3201.8099999999999</ele>
        <time>2015-05-02T07:50:13Z</time>
      </trkpt>
      <trkpt lat="-29.52306155115366" lon="29.201741125434637">
        <ele>3201.3299999999999</ele>
        <time>2015-05-02T07:50:14Z</time>
      </trkpt>
      <trkpt lat="-29.523097844794393" lon="29.201655043289065">
        <ele>3201.3299999999999</ele>
        <time>2015-05-02T07:50:15Z</time>
      </trkpt>
      <trkpt lat="-29.523142520338297" lon="29.201569715514779">
        <ele>3200.8499999999999</ele>
        <time>2015-05-02T07:50:16Z</time>
      </trkpt>
      <trkpt lat="-29.523194236680865" lon="29.201489500701427">
        <ele>3200.8499999999999</ele>
        <time>2015-05-02T07:50:17Z</time>
      </trkpt>
      <trkpt lat="-29.523258190602064" lon="29.201405933126807">
        <ele>3200.3699999999999</ele>
        <time>2015-05-02T07:50:18Z</time>
      </trkpt>
      <trkpt lat="-29.523325245827436" lon="29.201326807960868">
        <ele>3199.8899999999999</ele>
        <time>2015-05-02T07:50:19Z</time>
      </trkpt>
      <trkpt lat="-29.524261085316539" lon="29.200321063399315">
        <ele>3198.9200000000001</ele>
        <time>2015-05-02T07:50:30Z</time>
      </trkpt>
      <trkpt lat="-29.524858295917511" lon="29.199671298265457">
        <ele>3200.8499999999999</ele>
        <time>2015-05-02T07:50:38Z</time>
      </trkpt>
      <trkpt lat="-29.524892158806324" lon="29.199612205848098">
        <ele>3200.8499999999999</ele>
        <time>2015-05-02T07:50:39Z</time>
      </trkpt>
      <trkpt lat="-29.524917136877775" lon="29.199552945792675">
        <ele>3201.3299999999999</ele>
        <time>2015-05-02T07:50:40Z</time>
      </trkpt>
      <trkpt lat="-29.524937923997641" lon="29.199489327147603">
        <ele>3201.3299999999999</ele>
        <time>2015-05-02T07:50:41Z</time>
      </trkpt>
      <trkpt lat="-29.524953095242381" lon="29.19942076317966">
        <ele>3200.8499999999999</ele>
        <time>2015-05-02T07:50:42Z</time>
      </trkpt>
      <trkpt lat="-29.524961980059743" lon="29.199342560023069">
        <ele>3201.3299999999999</ele>
        <time>2015-05-02T07:50:43Z</time>
      </trkpt>
      <trkpt lat="-29.524960974231362" lon="29.199263853952289">
        <ele>3201.3299999999999</ele>
        <time>2015-05-02T07:50:44Z</time>
      </trkpt>
      <trkpt lat="-29.524950245395303" lon="29.199180454015732">
        <ele>3201.3299999999999</ele>
        <time>2015-05-02T07:50:45Z</time>
      </trkpt>
      <trkpt lat="-29.524935912340879" lon="29.199092611670494">
        <ele>3200.8499999999999</ele>
        <time>2015-05-02T07:50:46Z</time>
      </trkpt>
      <trkpt lat="-29.524613628163934" lon="29.197785034775734">
        <ele>3201.8099999999999</ele>
        <time>2015-05-02T07:50:58Z</time>
      </trkpt>
      <trkpt lat="-29.524282459169626" lon="29.19638542458415">
        <ele>3209.5</ele>
        <time>2015-05-02T07:51:07Z</time>
      </trkpt>
      <trkpt lat="-29.524267036467791" lon="29.196248296648264">
        <ele>3210.9400000000001</ele>
        <time>2015-05-02T07:51:08Z</time>
      </trkpt>
      <trkpt lat="-29.524262761697173" lon="29.196111923083663">
        <ele>3211.9000000000001</ele>
        <time>2015-05-02T07:51:09Z</time>
      </trkpt>
      <trkpt lat="-29.524268293753266" lon="29.195976974442601">
        <ele>3213.3400000000001</ele>
        <time>2015-05-02T07:51:10Z</time>
      </trkpt>
      <trkpt lat="-29.524282459169626" lon="29.195849737152457">
        <ele>3214.3099999999999</ele>
        <time>2015-05-02T07:51:11Z</time>
      </trkpt>
      <trkpt lat="-29.524307604879141" lon="29.195715961977839">
        <ele>3215.27</ele>
        <time>2015-05-02T07:51:12Z</time>
      </trkpt>
      <trkpt lat="-29.524341886863112" lon="29.195589311420918">
        <ele>3216.71</ele>
        <time>2015-05-02T07:51:13Z</time>
      </trkpt>
      <trkpt lat="-29.524387065321207" lon="29.195453943684697">
        <ele>3218.1500000000001</ele>
        <time>2015-05-02T07:51:14Z</time>
      </trkpt>
      <trkpt lat="-29.524995926767588" lon="29.193828608840704">
        <ele>3231.1300000000001</ele>
        <time>2015-05-02T07:51:25Z</time>
      </trkpt>
      <trkpt lat="-29.525097850710154" lon="29.193508168682456">
        <ele>3232.0900000000001</ele>
        <time>2015-05-02T07:51:28Z</time>
      </trkpt>
      <trkpt lat="-29.525107657536864" lon="29.193434240296483">
        <ele>3232.0900000000001</ele>
        <time>2015-05-02T07:51:29Z</time>
      </trkpt>
      <trkpt lat="-29.525108579546213" lon="29.193368526175618">
        <ele>3232.5700000000002</ele>
        <time>2015-05-02T07:51:30Z</time>
      </trkpt>
      <trkpt lat="-29.525101287290454" lon="29.193311193957925">
        <ele>3232.5700000000002</ele>
        <time>2015-05-02T07:51:31Z</time>
      </trkpt>
      <trkpt lat="-29.525088965892792" lon="29.193260818719864">
        <ele>3232.5700000000002</ele>
        <time>2015-05-02T07:51:32Z</time>
      </trkpt>
      <trkpt lat="-29.525075051933527" lon="29.19321027584374">
        <ele>3232.5700000000002</ele>
        <time>2015-05-02T07:51:33Z</time>
      </trkpt>
      <trkpt lat="-29.525057869032025" lon="29.19315998442471">
        <ele>3232.5700000000002</ele>
        <time>2015-05-02T07:51:34Z</time>
      </trkpt>
      <trkpt lat="-29.525012439116836" lon="29.193062083795667">
        <ele>3233.0500000000002</ele>
        <time>2015-05-02T07:51:36Z</time>
      </trkpt>
      <trkpt lat="-29.524980839341879" lon="29.193015396595001">
        <ele>3233.5300000000002</ele>
        <time>2015-05-02T07:51:37Z</time>
      </trkpt>
      <trkpt lat="-29.524945970624685" lon="29.192976085469127">
        <ele>3233.5300000000002</ele>
        <time>2015-05-02T07:51:38Z</time>
      </trkpt>
      <trkpt lat="-29.524869611486793" lon="29.192899810150266">
        <ele>3234.4899999999998</ele>
        <time>2015-05-02T07:51:40Z</time>
      </trkpt>
      <trkpt lat="-29.524779757484794" lon="29.192828983068466">
        <ele>3234.9699999999998</ele>
        <time>2015-05-02T07:51:42Z</time>
      </trkpt>
      <trkpt lat="-29.524728544056416" lon="29.192797299474478">
        <ele>3235.4499999999998</ele>
        <time>2015-05-02T07:51:43Z</time>
      </trkpt>
      <trkpt lat="-29.523969311267138" lon="29.192276867106557">
        <ele>3242.1799999999998</ele>
        <time>2015-05-02T07:51:55Z</time>
      </trkpt>
      <trkpt lat="-29.523190883919597" lon="29.191547306254506">
        <ele>3246.5100000000002</ele>
        <time>2015-05-02T07:52:06Z</time>
      </trkpt>
      <trkpt lat="-29.522644635289907" lon="29.190887566655874">
        <ele>3249.8699999999999</ele>
        <time>2015-05-02T07:52:17Z</time>
      </trkpt>
      <trkpt lat="-29.522585459053516" lon="29.190831994637847">
        <ele>3249.8699999999999</ele>
        <time>2015-05-02T07:52:18Z</time>
      </trkpt>
      <trkpt lat="-29.522525779902935" lon="29.190787905827165">
        <ele>3249.8699999999999</ele>
        <time>2015-05-02T07:52:19Z</time>
      </trkpt>
      <trkpt lat="-29.522458892315626" lon="29.190748929977417">
        <ele>3250.3499999999999</ele>
        <time>2015-05-02T07:52:20Z</time>
      </trkpt>
      <trkpt lat="-29.522387478500605" lon="29.190715737640858">
        <ele>3250.3499999999999</ele>
        <time>2015-05-02T07:52:21Z</time>
      </trkpt>
      <trkpt lat="-29.52231296338141" lon="29.19068849645555">
        <ele>3250.8299999999999</ele>
        <time>2015-05-02T07:52:22Z</time>
      </trkpt>
      <trkpt lat="-29.522237107157707" lon="29.190664440393448">
        <ele>3251.3200000000002</ele>
        <time>2015-05-02T07:52:23Z</time>
      </trkpt>
      <trkpt lat="-29.521991182118654" lon="29.19061322696507">
        <ele>3251.8000000000002</ele>
        <time>2015-05-02T07:52:26Z</time>
      </trkpt>
      <trkpt lat="-29.521548701450229" lon="29.190565114840865">
        <ele>3250.8299999999999</ele>
        <time>2015-05-02T07:52:34Z</time>
      </trkpt>
      <trkpt lat="-29.521497655659914" lon="29.190548351034522">
        <ele>3250.3499999999999</ele>
        <time>2015-05-02T07:52:35Z</time>
      </trkpt>
      <trkpt lat="-29.520692573860288" lon="29.190139984712005">
        <ele>3241.2199999999998</ele>
        <time>2015-05-02T07:52:47Z</time>
      </trkpt>
      <trkpt lat="-29.520012969151139" lon="29.189299279823899">
        <ele>3236.9000000000001</ele>
        <time>2015-05-02T07:52:58Z</time>
      </trkpt>
      <trkpt lat="-29.519840637221932" lon="29.188853949308395">
        <ele>3234.9699999999998</ele>
        <time>2015-05-02T07:53:03Z</time>
      </trkpt>
      <trkpt lat="-29.519778778776526" lon="29.18765852227807">
        <ele>3224.8800000000001</ele>
        <time>2015-05-02T07:53:16Z</time>
      </trkpt>
      <trkpt lat="-29.519901070743799" lon="29.186741290614009">
        <ele>3219.5900000000001</ele>
        <time>2015-05-02T07:53:26Z</time>
      </trkpt>
      <trkpt lat="-29.519898472353816" lon="29.186661494895816">
        <ele>3219.1100000000001</ele>
        <time>2015-05-02T07:53:27Z</time>
      </trkpt>
      <trkpt lat="-29.519890593364835" lon="29.186582285910845">
        <ele>3219.1100000000001</ele>
        <time>2015-05-02T07:53:28Z</time>
      </trkpt>
      <trkpt lat="-29.519877517595887" lon="29.186510955914855">
        <ele>3218.6300000000001</ele>
        <time>2015-05-02T07:53:29Z</time>
      </trkpt>
      <trkpt lat="-29.519859831780195" lon="29.186439625918865">
        <ele>3218.1500000000001</ele>
        <time>2015-05-02T07:53:30Z</time>
      </trkpt>
      <trkpt lat="-29.519781796261668" lon="29.186232089996338">
        <ele>3216.71</ele>
        <time>2015-05-02T07:53:33Z</time>
      </trkpt>
      <trkpt lat="-29.519741982221603" lon="29.186162436380982">
        <ele>3216.23</ele>
        <time>2015-05-02T07:53:34Z</time>
      </trkpt>
      <trkpt lat="-29.519699150696397" lon="29.186098231002688">
        <ele>3215.27</ele>
        <time>2015-05-02T07:53:35Z</time>
      </trkpt>
      <trkpt lat="-29.519647937268019" lon="29.186035618185997">
        <ele>3214.79</ele>
        <time>2015-05-02T07:53:36Z</time>
      </trkpt>
      <trkpt lat="-29.519592197611928" lon="29.185980716720223">
        <ele>3213.8200000000002</ele>
        <time>2015-05-02T07:53:37Z</time>
      </trkpt>
      <trkpt lat="-29.519527489319444" lon="29.18592824600637">
        <ele>3213.3400000000001</ele>
        <time>2015-05-02T07:53:38Z</time>
      </trkpt>
      <trkpt lat="-29.519460434094071" lon="29.185884492471814">
        <ele>3212.3800000000001</ele>
        <time>2015-05-02T07:53:39Z</time>
      </trkpt>
      <trkpt lat="-29.519384326413274" lon="29.1858437564224">
        <ele>3211.4200000000001</ele>
        <time>2015-05-02T07:53:40Z</time>
      </trkpt>
      <trkpt lat="-29.519312493503094" lon="29.185807127505541">
        <ele>3210.46</ele>
        <time>2015-05-02T07:53:41Z</time>
      </trkpt>
      <trkpt lat="-29.517967365682125" lon="29.185378812253475">
        <ele>3196.04</ele>
        <time>2015-05-02T07:53:57Z</time>
      </trkpt>
      <trkpt lat="-29.516075570136309" lon="29.185306392610073">
        <ele>3175.8499999999999</ele>
        <time>2015-05-02T07:54:16Z</time>
      </trkpt>
      <trkpt lat="-29.51451737433672" lon="29.185010511428118">
        <ele>3159.5100000000002</ele>
        <time>2015-05-02T07:54:31Z</time>
      </trkpt>
      <trkpt lat="-29.513664012774825" lon="29.184243148192763">
        <ele>3151.8200000000002</ele>
        <time>2015-05-02T07:54:41Z</time>
      </trkpt>
      <trkpt lat="-29.512517116963863" lon="29.183021234348416">
        <ele>3135</ele>
        <time>2015-05-02T07:54:55Z</time>
      </trkpt>
      <trkpt lat="-29.512217463925481" lon="29.182744966819882">
        <ele>3130.6700000000001</ele>
        <time>2015-05-02T07:54:59Z</time>
      </trkpt>
      <trkpt lat="-29.511910015717149" lon="29.18254941701889">
        <ele>3126.8299999999999</ele>
        <time>2015-05-02T07:55:03Z</time>
      </trkpt>
      <trkpt lat="-29.511840362101793" lon="29.182517481967807">
        <ele>3126.3400000000001</ele>
        <time>2015-05-02T07:55:04Z</time>
      </trkpt>
      <trkpt lat="-29.511630898341537" lon="29.182432573288679">
        <ele>3123.9400000000001</ele>
        <time>2015-05-02T07:55:08Z</time>
      </trkpt>
      <trkpt lat="-29.511602316051722" lon="29.182407427579165">
        <ele>3123.46</ele>
        <time>2015-05-02T07:55:09Z</time>
      </trkpt>
      <trkpt lat="-29.511586055159569" lon="29.182381611317396">
        <ele>3123.46</ele>
        <time>2015-05-02T07:55:10Z</time>
      </trkpt>
      <trkpt lat="-29.511581193655729" lon="29.182362416759133">
        <ele>3122.98</ele>
        <time>2015-05-02T07:55:11Z</time>
      </trkpt>
      <trkpt lat="-29.511479185894132" lon="29.182125544175506">
        <ele>3125.8600000000001</ele>
        <time>2015-05-02T07:55:20Z</time>
      </trkpt>
      <trkpt lat="-29.511319510638714" lon="29.181929072365165">
        <ele>3128.75</ele>
        <time>2015-05-02T07:55:24Z</time>
      </trkpt>
      <trkpt lat="-29.511230159550905" lon="29.181871404871345">
        <ele>3128.75</ele>
        <time>2015-05-02T07:55:26Z</time>
      </trkpt>
      <trkpt lat="-29.510990185663104" lon="29.181566555052996">
        <ele>3130.6700000000001</ele>
        <time>2015-05-02T07:55:36Z</time>
      </trkpt>
      <trkpt lat="-29.510639822110534" lon="29.181238990277052">
        <ele>3131.1500000000001</ele>
        <time>2015-05-02T07:55:51Z</time>
      </trkpt>
      <trkpt lat="-29.510511243715882" lon="29.180856607854366">
        <ele>3131.1500000000001</ele>
        <time>2015-05-02T07:56:04Z</time>
      </trkpt>
      <trkpt lat="-29.51049355790019" lon="29.180790474638343">
        <ele>3131.1500000000001</ele>
        <time>2015-05-02T07:56:14Z</time>
      </trkpt>
      <trkpt lat="-29.510500766336918" lon="29.180792905390263">
        <ele>3130.6700000000001</ele>
        <time>2015-05-02T07:56:45Z</time>
      </trkpt>
      <trkpt lat="-29.510479476302862" lon="29.180794665589929">
        <ele>3131.1500000000001</ele>
        <time>2015-05-02T07:57:03Z</time>
      </trkpt>
      <trkpt lat="-29.510431028902531" lon="29.18082308024168">
        <ele>3132.1100000000001</ele>
        <time>2015-05-02T07:57:11Z</time>
      </trkpt>
      <trkpt lat="-29.510495401918888" lon="29.180862726643682">
        <ele>3131.6300000000001</ele>
        <time>2015-05-02T07:57:20Z</time>
      </trkpt>
      <trkpt lat="-29.510500011965632" lon="29.180870437994599">
        <ele>3131.6300000000001</ele>
        <time>2015-05-02T07:57:22Z</time>
      </trkpt>
      <trkpt lat="-29.510580310598016" lon="29.181165564805269">
        <ele>3131.6300000000001</ele>
        <time>2015-05-02T07:57:32Z</time>
      </trkpt>
      <trkpt lat="-29.510630937293172" lon="29.18127897195518">
        <ele>3131.1500000000001</ele>
        <time>2015-05-02T07:57:35Z</time>
      </trkpt>
      <trkpt lat="-29.510729843750596" lon="29.181380644440651">
        <ele>3130.1900000000001</ele>
        <time>2015-05-02T07:57:38Z</time>
      </trkpt>
      <trkpt lat="-29.511018935590982" lon="29.181587090715766">
        <ele>3130.1900000000001</ele>
        <time>2015-05-02T07:57:50Z</time>
      </trkpt>
      <trkpt lat="-29.511243989691138" lon="29.181843912228942">
        <ele>3128.27</ele>
        <time>2015-05-02T07:58:01Z</time>
      </trkpt>
      <trkpt lat="-29.511511120945215" lon="29.182179272174835">
        <ele>3125.3800000000001</ele>
        <time>2015-05-02T07:58:13Z</time>
      </trkpt>
      <trkpt lat="-29.511555461212993" lon="29.182275496423244">
        <ele>3122.98</ele>
        <time>2015-05-02T07:58:20Z</time>
      </trkpt>
      <trkpt lat="-29.511547833681107" lon="29.182300223037601">
        <ele>3122.5</ele>
        <time>2015-05-02T07:58:23Z</time>
      </trkpt>
      <trkpt lat="-29.511507265269756" lon="29.18233341537416">
        <ele>3122.5</ele>
        <time>2015-05-02T07:58:26Z</time>
      </trkpt>
      <trkpt lat="-29.511099401861429" lon="29.182213805615902">
        <ele>3119.6199999999999</ele>
        <time>2015-05-02T07:58:32Z</time>
      </trkpt>
      <trkpt lat="-29.510096842423081" lon="29.181824885308743">
        <ele>3115.77</ele>
        <time>2015-05-02T07:58:40Z</time>
      </trkpt>
      <trkpt lat="-29.509141389280558" lon="29.181054336950183">
        <ele>3112.8899999999999</ele>
        <time>2015-05-02T07:58:49Z</time>
      </trkpt>
      <trkpt lat="-29.508651467040181" lon="29.18045662343502">
        <ele>3107.5999999999999</ele>
        <time>2015-05-02T07:58:55Z</time>
      </trkpt>
      <trkpt lat="-29.508596817031503" lon="29.180340031161904">
        <ele>3106.6399999999999</ele>
        <time>2015-05-02T07:58:56Z</time>
      </trkpt>
      <trkpt lat="-29.508553650230169" lon="29.18022008612752">
        <ele>3105.6799999999998</ele>
        <time>2015-05-02T07:58:57Z</time>
      </trkpt>
      <trkpt lat="-29.508522050455213" lon="29.180097291246057">
        <ele>3104.71</ele>
        <time>2015-05-02T07:58:58Z</time>
      </trkpt>
      <trkpt lat="-29.508549459278584" lon="29.179473677650094">
        <ele>3100.3899999999999</ele>
        <time>2015-05-02T07:59:03Z</time>
      </trkpt>
      <trkpt lat="-29.508591704070568" lon="29.179347697645426">
        <ele>3099.4299999999998</ele>
        <time>2015-05-02T07:59:04Z</time>
      </trkpt>
      <trkpt lat="-29.508633110672235" lon="29.179252311587334">
        <ele>3098.9499999999998</ele>
        <time>2015-05-02T07:59:05Z</time>
      </trkpt>
      <trkpt lat="-29.508693125098944" lon="29.179144101217389">
        <ele>3097.9899999999998</ele>
        <time>2015-05-02T07:59:06Z</time>
      </trkpt>
      <trkpt lat="-29.508757833391428" lon="29.179051145911217">
        <ele>3097.02</ele>
        <time>2015-05-02T07:59:07Z</time>
      </trkpt>
      <trkpt lat="-29.508831929415464" lon="29.17895894497633">
        <ele>3096.0599999999999</ele>
        <time>2015-05-02T07:59:08Z</time>
      </trkpt>
      <trkpt lat="-29.508911389857531" lon="29.178870180621743">
        <ele>3095.0999999999999</ele>
        <time>2015-05-02T07:59:09Z</time>
      </trkpt>
      <trkpt lat="-29.508994035422802" lon="29.178784182295203">
        <ele>3094.1399999999999</ele>
        <time>2015-05-02T07:59:10Z</time>
      </trkpt>
      <trkpt lat="-29.509383793920279" lon="29.178390903398395">
        <ele>3089.3299999999999</ele>
        <time>2015-05-02T07:59:15Z</time>
      </trkpt>
      <trkpt lat="-29.509442467242479" lon="29.178309012204409">
        <ele>3088.3699999999999</ele>
        <time>2015-05-02T07:59:16Z</time>
      </trkpt>
      <trkpt lat="-29.509487729519606" lon="29.178217481821775">
        <ele>3086.9299999999998</ele>
        <time>2015-05-02T07:59:17Z</time>
      </trkpt>
      <trkpt lat="-29.509518574923277" lon="29.178118072450161">
        <ele>3085.9699999999998</ele>
        <time>2015-05-02T07:59:18Z</time>
      </trkpt>
      <trkpt lat="-29.509534249082208" lon="29.178012209013104">
        <ele>3084.5300000000002</ele>
        <time>2015-05-02T07:59:19Z</time>
      </trkpt>
      <trkpt lat="-29.509533159434795" lon="29.177901651710272">
        <ele>3083.0900000000001</ele>
        <time>2015-05-02T07:59:20Z</time>
      </trkpt>
      <trkpt lat="-29.509513964876533" lon="29.177791345864534">
        <ele>3081.6399999999999</ele>
        <time>2015-05-02T07:59:21Z</time>
      </trkpt>
      <trkpt lat="-29.509479347616434" lon="29.177685650065541">
        <ele>3080.1999999999998</ele>
        <time>2015-05-02T07:59:22Z</time>
      </trkpt>
      <trkpt lat="-29.509430564939976" lon="29.177588252350688">
        <ele>3079.2399999999998</ele>
        <time>2015-05-02T07:59:23Z</time>
      </trkpt>
      <trkpt lat="-29.509294610470533" lon="29.177426481619477">
        <ele>3076.3600000000001</ele>
        <time>2015-05-02T07:59:25Z</time>
      </trkpt>
      <trkpt lat="-29.509209701791406" lon="29.177373256534338">
        <ele>3074.9099999999999</ele>
        <time>2015-05-02T07:59:26Z</time>
      </trkpt>
      <trkpt lat="-29.509129151701927" lon="29.177343249320984">
        <ele>3073.9499999999998</ele>
        <time>2015-05-02T07:59:27Z</time>
      </trkpt>
      <trkpt lat="-29.509037537500262" lon="29.177325060591102">
        <ele>3072.9899999999998</ele>
        <time>2015-05-02T07:59:28Z</time>
      </trkpt>
      <trkpt lat="-29.508943492546678" lon="29.177318857982755">
        <ele>3072.0300000000002</ele>
        <time>2015-05-02T07:59:29Z</time>
      </trkpt>
      <trkpt lat="-29.508843915537" lon="29.177322797477245">
        <ele>3071.0700000000002</ele>
        <time>2015-05-02T07:59:30Z</time>
      </trkpt>
      <trkpt lat="-29.508755821734667" lon="29.177327826619148">
        <ele>3070.1100000000001</ele>
        <time>2015-05-02T07:59:31Z</time>
      </trkpt>
      <trkpt lat="-29.50841442681849" lon="29.17733671143651">
        <ele>3067.2199999999998</ele>
        <time>2015-05-02T07:59:38Z</time>
      </trkpt>
      <trkpt lat="-29.50847108848393" lon="29.177376357838511">
        <ele>3067.6999999999998</ele>
        <time>2015-05-02T07:59:43Z</time>
      </trkpt>
      <trkpt lat="-29.508520038798451" lon="29.177368143573403">
        <ele>3067.6999999999998</ele>
        <time>2015-05-02T07:59:44Z</time>
      </trkpt>
      <trkpt lat="-29.509013229981065" lon="29.177337633445859">
        <ele>3071.0700000000002</ele>
        <time>2015-05-02T07:59:50Z</time>
      </trkpt>
      <trkpt lat="-29.50911465100944" lon="29.177360264584422">
        <ele>3072.0300000000002</ele>
        <time>2015-05-02T07:59:51Z</time>
      </trkpt>
      <trkpt lat="-29.509210120886564" lon="29.177403012290597">
        <ele>3072.9899999999998</ele>
        <time>2015-05-02T07:59:52Z</time>
      </trkpt>
      <trkpt lat="-29.509300226345658" lon="29.177459925413132">
        <ele>3074.4299999999998</ele>
        <time>2015-05-02T07:59:53Z</time>
      </trkpt>
      <trkpt lat="-29.509507343173027" lon="29.177957307547331">
        <ele>3081.6399999999999</ele>
        <time>2015-05-02T07:59:58Z</time>
      </trkpt>
      <trkpt lat="-29.509489741176367" lon="29.178107092157006">
        <ele>3083.5700000000002</ele>
        <time>2015-05-02T07:59:59Z</time>
      </trkpt>
      <trkpt lat="-29.509467612951994" lon="29.178171716630459">
        <ele>3084.5300000000002</ele>
        <time>2015-05-02T08:00:00Z</time>
      </trkpt>
      <trkpt lat="-29.509419668465853" lon="29.178274814039469">
        <ele>3085.9699999999998</ele>
        <time>2015-05-02T08:00:01Z</time>
      </trkpt>
      <trkpt lat="-29.509355463087559" lon="29.178369361907244">
        <ele>3087.4099999999999</ele>
        <time>2015-05-02T08:00:02Z</time>
      </trkpt>
      <trkpt lat="-29.509279858320951" lon="29.178452929481864">
        <ele>3088.8499999999999</ele>
        <time>2015-05-02T08:00:03Z</time>
      </trkpt>
      <trkpt lat="-29.509198721498251" lon="29.178532306104898">
        <ele>3090.29</ele>
        <time>2015-05-02T08:00:04Z</time>
      </trkpt>
      <trkpt lat="-29.508720869198442" lon="29.179020971059799">
        <ele>3096.54</ele>
        <time>2015-05-02T08:00:11Z</time>
      </trkpt>
      <trkpt lat="-29.508679043501616" lon="29.179084757342935">
        <ele>3097.5100000000002</ele>
        <time>2015-05-02T08:00:12Z</time>
      </trkpt>
      <trkpt lat="-29.508644761517644" lon="29.179145190864801">
        <ele>3097.9899999999998</ele>
        <time>2015-05-02T08:00:13Z</time>
      </trkpt>
      <trkpt lat="-29.508586507290602" lon="29.179270165041089">
        <ele>3098.9499999999998</ele>
        <time>2015-05-02T08:00:15Z</time>
      </trkpt>
      <trkpt lat="-29.508520793169737" lon="29.179471079260111">
        <ele>3100.3899999999999</ele>
        <time>2015-05-02T08:00:18Z</time>
      </trkpt>
      <trkpt lat="-29.508481314405799" lon="29.179605860263109">
        <ele>3101.3499999999999</ele>
        <time>2015-05-02T08:00:21Z</time>
      </trkpt>
      <trkpt lat="-29.508462706580758" lon="29.179615583270788">
        <ele>3101.8299999999999</ele>
        <time>2015-05-02T08:00:22Z</time>
      </trkpt>
      <trkpt lat="-29.508378971368074" lon="29.179592616856098">
        <ele>3100.8699999999999</ele>
        <time>2015-05-02T08:00:26Z</time>
      </trkpt>
      <trkpt lat="-29.508233461529016" lon="29.179564788937569">
        <ele>3100.8699999999999</ele>
        <time>2015-05-02T08:00:35Z</time>
      </trkpt>
      <trkpt lat="-29.508222648873925" lon="29.179577697068453">
        <ele>3100.8699999999999</ele>
        <time>2015-05-02T08:00:36Z</time>
      </trkpt>
      <trkpt lat="-29.508207561448216" lon="29.179602591320872">
        <ele>3100.8699999999999</ele>
        <time>2015-05-02T08:00:37Z</time>
      </trkpt>
      <trkpt lat="-29.508164897561073" lon="29.179719351232052">
        <ele>3100.8699999999999</ele>
        <time>2015-05-02T08:00:47Z</time>
      </trkpt>
      <trkpt lat="-29.508164646103978" lon="29.179713735356927">
        <ele>3099.4299999999998</ele>
        <time>2015-05-02T08:01:04Z</time>
      </trkpt>
      <trkpt lat="-29.508153079077601" lon="29.179700827226043">
        <ele>3098.4699999999998</ele>
        <time>2015-05-02T08:01:42Z</time>
      </trkpt>
      <trkpt lat="-29.5081427693367" lon="29.179707951843739">
        <ele>3098.4699999999998</ele>
        <time>2015-05-02T08:01:43Z</time>
      </trkpt>
      <trkpt lat="-29.508118713274598" lon="29.179717926308513">
        <ele>3097.9899999999998</ele>
        <time>2015-05-02T08:01:46Z</time>
      </trkpt>
      <trkpt lat="-29.50804696418345" lon="29.179731337353587">
        <ele>3098.4699999999998</ele>
        <time>2015-05-02T08:01:53Z</time>
      </trkpt>
      <trkpt lat="-29.507945878431201" lon="29.179784310981631">
        <ele>3097.02</ele>
        <time>2015-05-02T08:02:04Z</time>
      </trkpt>
      <trkpt lat="-29.507900448516011" lon="29.179783975705504">
        <ele>3097.02</ele>
        <time>2015-05-02T08:02:09Z</time>
      </trkpt>
      <trkpt lat="-29.507801290601492" lon="29.179707951843739">
        <ele>3095.5799999999999</ele>
        <time>2015-05-02T08:02:21Z</time>
      </trkpt>
      <trkpt lat="-29.507717555388808" lon="29.179614996537566">
        <ele>3095.5799999999999</ele>
        <time>2015-05-02T08:02:34Z</time>
      </trkpt>
      <trkpt lat="-29.507690481841564" lon="29.179558334872127">
        <ele>3095.5799999999999</ele>
        <time>2015-05-02T08:02:40Z</time>
      </trkpt>
      <trkpt lat="-29.507673131301999" lon="29.179511228576303">
        <ele>3096.54</ele>
        <time>2015-05-02T08:02:45Z</time>
      </trkpt>
      <trkpt lat="-29.507624097168446" lon="29.1794388089329">
        <ele>3096.54</ele>
        <time>2015-05-02T08:02:52Z</time>
      </trkpt>
      <trkpt lat="-29.507578331977129" lon="29.179363204166293">
        <ele>3097.02</ele>
        <time>2015-05-02T08:03:02Z</time>
      </trkpt>
      <trkpt lat="-29.507514797151089" lon="29.179282151162624">
        <ele>3097.02</ele>
        <time>2015-05-02T08:03:12Z</time>
      </trkpt>
      <trkpt lat="-29.507454950362444" lon="29.179203528910875">
        <ele>3096.54</ele>
        <time>2015-05-02T08:03:23Z</time>
      </trkpt>
      <trkpt lat="-29.507456040009856" lon="29.179199086502194">
        <ele>3096.54</ele>
        <time>2015-05-02T08:03:24Z</time>
      </trkpt>
      <trkpt lat="-29.507405497133732" lon="29.179109903052449">
        <ele>3097.02</ele>
        <time>2015-05-02T08:03:36Z</time>
      </trkpt>
      <trkpt lat="-29.507404826581478" lon="29.179101185873151">
        <ele>3097.02</ele>
        <time>2015-05-02T08:03:37Z</time>
      </trkpt>
      <trkpt lat="-29.507366856560111" lon="29.17903957888484">
        <ele>3095.0999999999999</ele>
        <time>2015-05-02T08:03:48Z</time>
      </trkpt>
      <trkpt lat="-29.507324276492" lon="29.17903077788651">
        <ele>3095.5799999999999</ele>
        <time>2015-05-02T08:03:59Z</time>
      </trkpt>
      <trkpt lat="-29.507258562371135" lon="29.178984090685844">
        <ele>3095.5799999999999</ele>
        <time>2015-05-02T08:04:11Z</time>
      </trkpt>
      <trkpt lat="-29.507211456075311" lon="29.178944611921906">
        <ele>3095.0999999999999</ele>
        <time>2015-05-02T08:04:22Z</time>
      </trkpt>
      <trkpt lat="-29.507225537672639" lon="29.178947629407048">
        <ele>3095.0999999999999</ele>
        <time>2015-05-02T08:04:34Z</time>
      </trkpt>
      <trkpt lat="-29.507222771644592" lon="29.178955256938934">
        <ele>3094.6199999999999</ele>
        <time>2015-05-02T08:04:52Z</time>
      </trkpt>
      <trkpt lat="-29.507203325629234" lon="29.17898191139102">
        <ele>3095.0999999999999</ele>
        <time>2015-05-02T08:05:05Z</time>
      </trkpt>
      <trkpt lat="-29.50719527900219" lon="29.17896581813693">
        <ele>3096.54</ele>
        <time>2015-05-02T08:05:19Z</time>
      </trkpt>
      <trkpt lat="-29.507209025323391" lon="29.178964728489518">
        <ele>3097.02</ele>
        <time>2015-05-02T08:05:24Z</time>
      </trkpt>
      <trkpt lat="-29.507252108305693" lon="29.178957100957632">
        <ele>3098.9499999999998</ele>
        <time>2015-05-02T08:05:32Z</time>
      </trkpt>
      <trkpt lat="-29.507239870727062" lon="29.178972942754626">
        <ele>3098.4699999999998</ele>
        <time>2015-05-02T08:05:43Z</time>
      </trkpt>
      <trkpt lat="-29.507221933454275" lon="29.178911922499537">
        <ele>3097.5100000000002</ele>
        <time>2015-05-02T08:05:56Z</time>
      </trkpt>
      <trkpt lat="-29.507217742502689" lon="29.178931619971991">
        <ele>3096.0599999999999</ele>
        <time>2015-05-02T08:06:09Z</time>
      </trkpt>
      <trkpt lat="-29.507232662290335" lon="29.178917454555631">
        <ele>3096.54</ele>
        <time>2015-05-02T08:06:22Z</time>
      </trkpt>
      <trkpt lat="-29.507228890433908" lon="29.178898259997368">
        <ele>3096.0599999999999</ele>
        <time>2015-05-02T08:06:33Z</time>
      </trkpt>
      <trkpt lat="-29.507241463288665" lon="29.178911922499537">
        <ele>3095.0999999999999</ele>
        <time>2015-05-02T08:06:41Z</time>
      </trkpt>
      <trkpt lat="-29.507224028930068" lon="29.178933296352625">
        <ele>3096.0599999999999</ele>
        <time>2015-05-02T08:06:56Z</time>
      </trkpt>
      <trkpt lat="-29.507224028930068" lon="29.178943773731589">
        <ele>3096.0599999999999</ele>
        <time>2015-05-02T08:07:11Z</time>
      </trkpt>
      <trkpt lat="-29.507233500480652" lon="29.178961291909218">
        <ele>3095.5799999999999</ele>
        <time>2015-05-02T08:07:27Z</time>
      </trkpt>
      <trkpt lat="-29.507237859070301" lon="29.178964644670486">
        <ele>3095.5799999999999</ele>
        <time>2015-05-02T08:07:39Z</time>
      </trkpt>
      <trkpt lat="-29.507249342277646" lon="29.178980989381671">
        <ele>3095.0999999999999</ele>
        <time>2015-05-02T08:07:52Z</time>
      </trkpt>
      <trkpt lat="-29.507263172417879" lon="29.178984174504876">
        <ele>3095.0999999999999</ele>
        <time>2015-05-02T08:08:18Z</time>
      </trkpt>
      <trkpt lat="-29.507227968424559" lon="29.178928602486849">
        <ele>3093.6599999999999</ele>
        <time>2015-05-02T08:08:31Z</time>
      </trkpt>
      <trkpt lat="-29.507244480773807" lon="29.178950563073158">
        <ele>3093.6599999999999</ele>
        <time>2015-05-02T08:08:39Z</time>
      </trkpt>
      <trkpt lat="-29.507261496037245" lon="29.178960453718901">
        <ele>3094.1399999999999</ele>
        <time>2015-05-02T08:08:54Z</time>
      </trkpt>
      <trkpt lat="-29.507253868505359" lon="29.178955676034093">
        <ele>3093.6599999999999</ele>
        <time>2015-05-02T08:09:03Z</time>
      </trkpt>
      <trkpt lat="-29.507224196568131" lon="29.178935224190354">
        <ele>3094.1399999999999</ele>
        <time>2015-05-02T08:09:14Z</time>
      </trkpt>
      <trkpt lat="-29.507237104699016" lon="29.178926674649119">
        <ele>3094.1399999999999</ele>
        <time>2015-05-02T08:09:29Z</time>
      </trkpt>
      <trkpt lat="-29.507229225710034" lon="29.178950982168317">
        <ele>3093.6599999999999</ele>
        <time>2015-05-02T08:09:35Z</time>
      </trkpt>
      <trkpt lat="-29.507244816049933" lon="29.178952574729919">
        <ele>3093.6599999999999</ele>
        <time>2015-05-02T08:09:46Z</time>
      </trkpt>
      <trkpt lat="-29.50724221765995" lon="29.178943941369653">
        <ele>3094.1399999999999</ele>
        <time>2015-05-02T08:10:01Z</time>
      </trkpt>
      <trkpt lat="-29.507256131619215" lon="29.178943522274494">
        <ele>3093.1799999999998</ele>
        <time>2015-05-02T08:10:21Z</time>
      </trkpt>
      <trkpt lat="-29.507248755544424" lon="29.178966991603374">
        <ele>3090.7800000000002</ele>
        <time>2015-05-02T08:10:39Z</time>
      </trkpt>
      <trkpt lat="-29.507245738059282" lon="29.178954167291522">
        <ele>3089.8099999999999</ele>
        <time>2015-05-02T08:10:53Z</time>
      </trkpt>
      <trkpt lat="-29.507255209609866" lon="29.178962297737598">
        <ele>3091.7399999999998</ele>
        <time>2015-05-02T08:11:05Z</time>
      </trkpt>
      <trkpt lat="-29.507256969809532" lon="29.178976714611053">
        <ele>3092.2199999999998</ele>
        <time>2015-05-02T08:11:34Z</time>
      </trkpt>
      <trkpt lat="-29.507264262065291" lon="29.178954670205712">
        <ele>3093.6599999999999</ele>
        <time>2015-05-02T08:11:49Z</time>
      </trkpt>
      <trkpt lat="-29.507269291207194" lon="29.178977971896529">
        <ele>3096.0599999999999</ele>
        <time>2015-05-02T08:12:08Z</time>
      </trkpt>
      <trkpt lat="-29.507255628705025" lon="29.179024826735258">
        <ele>3095.5799999999999</ele>
        <time>2015-05-02T08:12:27Z</time>
      </trkpt>
      <trkpt lat="-29.507272057235241" lon="29.179105628281832">
        <ele>3096.0599999999999</ele>
        <time>2015-05-02T08:12:38Z</time>
      </trkpt>
      <trkpt lat="-29.507277924567461" lon="29.179115435108542">
        <ele>3095.0999999999999</ele>
        <time>2015-05-02T08:12:51Z</time>
      </trkpt>
      <trkpt lat="-29.507321175187826" lon="29.179148459807038">
        <ele>3094.6199999999999</ele>
        <time>2015-05-02T08:13:13Z</time>
      </trkpt>
      <trkpt lat="-29.507364928722382" lon="29.179174611344934">
        <ele>3094.6199999999999</ele>
        <time>2015-05-02T08:13:21Z</time>
      </trkpt>
      <trkpt lat="-29.507455537095666" lon="29.179229009896517">
        <ele>3095.0999999999999</ele>
        <time>2015-05-02T08:13:32Z</time>
      </trkpt>
      <trkpt lat="-29.507529549300671" lon="29.179293885827065">
        <ele>3094.6199999999999</ele>
        <time>2015-05-02T08:13:45Z</time>
      </trkpt>
      <trkpt lat="-29.507607417181134" lon="29.179368400946259">
        <ele>3095.5799999999999</ele>
        <time>2015-05-02T08:13:58Z</time>
      </trkpt>
      <trkpt lat="-29.50766634196043" lon="29.179435791447759">
        <ele>3097.02</ele>
        <time>2015-05-02T08:14:09Z</time>
      </trkpt>
      <trkpt lat="-29.507687631994486" lon="29.179466553032398">
        <ele>3097.5100000000002</ele>
        <time>2015-05-02T08:14:13Z</time>
      </trkpt>
      <trkpt lat="-29.507722919806838" lon="29.179553473368287">
        <ele>3097.5100000000002</ele>
        <time>2015-05-02T08:14:24Z</time>
      </trkpt>
      <trkpt lat="-29.507771953940392" lon="29.179624384269118">
        <ele>3097.5100000000002</ele>
        <time>2015-05-02T08:14:34Z</time>
      </trkpt>
      <trkpt lat="-29.507813528180122" lon="29.179703257977962">
        <ele>3097.02</ele>
        <time>2015-05-02T08:14:45Z</time>
      </trkpt>
      <trkpt lat="-29.507846552878618" lon="29.179762182757258">
        <ele>3096.0599999999999</ele>
        <time>2015-05-02T08:14:57Z</time>
      </trkpt>
      <trkpt lat="-29.507861975580454" lon="29.179774420335889">
        <ele>3095.5799999999999</ele>
        <time>2015-05-02T08:14:59Z</time>
      </trkpt>
      <trkpt lat="-29.507926432415843" lon="29.179787999019027">
        <ele>3096.0599999999999</ele>
        <time>2015-05-02T08:15:06Z</time>
      </trkpt>
      <trkpt lat="-29.507949063554406" lon="29.179780958220363">
        <ele>3096.0599999999999</ele>
        <time>2015-05-02T08:15:09Z</time>
      </trkpt>
      <trkpt lat="-29.507990973070264" lon="29.179774336516857">
        <ele>3095.5799999999999</ele>
        <time>2015-05-02T08:15:17Z</time>
      </trkpt>
      <trkpt lat="-29.508049227297306" lon="29.17972806841135">
        <ele>3096.0599999999999</ele>
        <time>2015-05-02T08:15:27Z</time>
      </trkpt>
      <trkpt lat="-29.508104547858238" lon="29.179712478071451">
        <ele>3095.0999999999999</ele>
        <time>2015-05-02T08:15:41Z</time>
      </trkpt>
      <trkpt lat="-29.508133046329021" lon="29.179712561890483">
        <ele>3096.54</ele>
        <time>2015-05-02T08:15:54Z</time>
      </trkpt>
      <trkpt lat="-29.508152408525348" lon="29.179703760892153">
        <ele>3097.02</ele>
        <time>2015-05-02T08:16:21Z</time>
      </trkpt>
      <trkpt lat="-29.508145283907652" lon="29.179716082289815">
        <ele>3097.5100000000002</ele>
        <time>2015-05-02T08:16:48Z</time>
      </trkpt>
      <trkpt lat="-29.508141931146383" lon="29.179717171937227">
        <ele>3098.4699999999998</ele>
        <time>2015-05-02T08:17:24Z</time>
      </trkpt>
      <trkpt lat="-29.508146038278937" lon="29.179718848317862">
        <ele>3097.9899999999998</ele>
        <time>2015-05-02T08:17:40Z</time>
      </trkpt>
      <trkpt lat="-29.50814763084054" lon="29.179700240492821">
        <ele>3097.5100000000002</ele>
        <time>2015-05-02T08:18:13Z</time>
      </trkpt>
      <trkpt lat="-29.508148049935699" lon="29.179697725921869">
        <ele>3097.02</ele>
        <time>2015-05-02T08:18:50Z</time>
      </trkpt>
      <trkpt lat="-29.508154084905982" lon="29.179704515263438">
        <ele>3097.5100000000002</ele>
        <time>2015-05-02T08:19:23Z</time>
      </trkpt>
      <trkpt lat="-29.508155593648553" lon="29.179698145017028">
        <ele>3097.5100000000002</ele>
        <time>2015-05-02T08:20:06Z</time>
      </trkpt>
      <trkpt lat="-29.508162550628185" lon="29.179693534970284">
        <ele>3097.5100000000002</ele>
        <time>2015-05-02T08:20:30Z</time>
      </trkpt>
      <trkpt lat="-29.508148804306984" lon="29.179697306826711">
        <ele>3098.4699999999998</ele>
        <time>2015-05-02T08:20:40Z</time>
      </trkpt>
      <trkpt lat="-29.508161963894963" lon="29.17967333458364">
        <ele>3097.9899999999998</ele>
        <time>2015-05-02T08:20:49Z</time>
      </trkpt>
      <trkpt lat="-29.508176716044545" lon="29.179651373997331">
        <ele>3098.4699999999998</ele>
        <time>2015-05-02T08:21:00Z</time>
      </trkpt>
      <trkpt lat="-29.50827905908227" lon="29.17953796684742">
        <ele>3098.4699999999998</ele>
        <time>2015-05-02T08:21:08Z</time>
      </trkpt>
      <trkpt lat="-29.508467065170407" lon="29.179646428674459">
        <ele>3100.8699999999999</ele>
        <time>2015-05-02T08:21:19Z</time>
      </trkpt>
      <trkpt lat="-29.508483745157719" lon="29.179678615182638">
        <ele>3100.8699999999999</ele>
        <time>2015-05-02T08:21:20Z</time>
      </trkpt>
      <trkpt lat="-29.508481733500957" lon="29.179910207167268">
        <ele>3101.8299999999999</ele>
        <time>2015-05-02T08:21:24Z</time>
      </trkpt>
      <trkpt lat="-29.508553063496947" lon="29.180253110826015">
        <ele>3103.75</ele>
        <time>2015-05-02T08:21:28Z</time>
      </trkpt>
      <trkpt lat="-29.508594889193773" lon="29.180355370044708">
        <ele>3104.23</ele>
        <time>2015-05-02T08:21:29Z</time>
      </trkpt>
      <trkpt lat="-29.508727239444852" lon="29.180589308962226">
        <ele>3106.1599999999999</ele>
        <time>2015-05-02T08:21:32Z</time>
      </trkpt>
      <trkpt lat="-29.50879261828959" lon="29.18067304417491">
        <ele>3107.1199999999999</ele>
        <time>2015-05-02T08:21:33Z</time>
      </trkpt>
      <trkpt lat="-29.509797524660826" lon="29.181647440418601">
        <ele>3113.8499999999999</ele>
        <time>2015-05-02T08:21:45Z</time>
      </trkpt>
      <trkpt lat="-29.511018851771951" lon="29.182198047637939">
        <ele>3116.73</ele>
        <time>2015-05-02T08:21:55Z</time>
      </trkpt>
      <trkpt lat="-29.511961899697781" lon="29.182546986266971">
        <ele>3125.3800000000001</ele>
        <time>2015-05-02T08:22:01Z</time>
      </trkpt>
      <trkpt lat="-29.51211579144001" lon="29.182638851925731">
        <ele>3127.3099999999999</ele>
        <time>2015-05-02T08:22:02Z</time>
      </trkpt>
      <trkpt lat="-29.512255350127816" lon="29.182739686220884">
        <ele>3128.75</ele>
        <time>2015-05-02T08:22:03Z</time>
      </trkpt>
      <trkpt lat="-29.512394489720464" lon="29.182855859398842">
        <ele>3130.6700000000001</ele>
        <time>2015-05-02T08:22:04Z</time>
      </trkpt>
      <trkpt lat="-29.512530276551843" lon="29.182987455278635">
        <ele>3132.5900000000001</ele>
        <time>2015-05-02T08:22:05Z</time>
      </trkpt>
      <trkpt lat="-29.512648545205593" lon="29.183116788044572">
        <ele>3134.52</ele>
        <time>2015-05-02T08:22:06Z</time>
      </trkpt>
      <trkpt lat="-29.514193665236235" lon="29.184727873653173">
        <ele>3155.6599999999999</ele>
        <time>2015-05-02T08:22:19Z</time>
      </trkpt>
      <trkpt lat="-29.515152303501964" lon="29.185199774801731">
        <ele>3162.8800000000001</ele>
        <time>2015-05-02T08:22:26Z</time>
      </trkpt>
      <trkpt lat="-29.51665073633194" lon="29.185293149203062">
        <ele>3180.1799999999998</ele>
        <time>2015-05-02T08:22:35Z</time>
      </trkpt>
      <trkpt lat="-29.518427196890116" lon="29.185402616858482">
        <ele>3199.4000000000001</ele>
        <time>2015-05-02T08:22:45Z</time>
      </trkpt>
      <trkpt lat="-29.518569186329842" lon="29.185448130592704">
        <ele>3200.8499999999999</ele>
        <time>2015-05-02T08:22:46Z</time>
      </trkpt>
      <trkpt lat="-29.519560178741813" lon="29.185929587110877">
        <ele>3212.8600000000001</ele>
        <time>2015-05-02T08:22:54Z</time>
      </trkpt>
      <trkpt lat="-29.519645841792226" lon="29.186001168563962">
        <ele>3213.8200000000002</ele>
        <time>2015-05-02T08:22:55Z</time>
      </trkpt>
      <trkpt lat="-29.519718093797565" lon="29.186081970110536">
        <ele>3215.27</ele>
        <time>2015-05-02T08:22:56Z</time>
      </trkpt>
      <trkpt lat="-29.519776599481702" lon="29.186170734465122">
        <ele>3216.23</ele>
        <time>2015-05-02T08:22:57Z</time>
      </trkpt>
      <trkpt lat="-29.519824460148811" lon="29.186262432485819">
        <ele>3217.1900000000001</ele>
        <time>2015-05-02T08:22:58Z</time>
      </trkpt>
      <trkpt lat="-29.519859915599227" lon="29.186354214325547">
        <ele>3217.6700000000001</ele>
        <time>2015-05-02T08:22:59Z</time>
      </trkpt>
      <trkpt lat="-29.519884306937456" lon="29.186444152146578">
        <ele>3218.6300000000001</ele>
        <time>2015-05-02T08:23:00Z</time>
      </trkpt>
      <trkpt lat="-29.519900484010577" lon="29.186530401930213">
        <ele>3219.1100000000001</ele>
        <time>2015-05-02T08:23:01Z</time>
      </trkpt>
      <trkpt lat="-29.519909704104066" lon="29.186620004475117">
        <ele>3219.5900000000001</ele>
        <time>2015-05-02T08:23:02Z</time>
      </trkpt>
      <trkpt lat="-29.519909117370844" lon="29.186717569828033">
        <ele>3220.0700000000002</ele>
        <time>2015-05-02T08:23:03Z</time>
      </trkpt>
      <trkpt lat="-29.519898975268006" lon="29.186822595074773">
        <ele>3220.0700000000002</ele>
        <time>2015-05-02T08:23:04Z</time>
      </trkpt>
      <trkpt lat="-29.519881624728441" lon="29.186933739110827">
        <ele>3220.5500000000002</ele>
        <time>2015-05-02T08:23:05Z</time>
      </trkpt>
      <trkpt lat="-29.51975698582828" lon="29.188381796702743">
        <ele>3229.21</ele>
        <time>2015-05-02T08:23:17Z</time>
      </trkpt>
      <trkpt lat="-29.520119084045291" lon="29.189463648945093">
        <ele>3235.9400000000001</ele>
        <time>2015-05-02T08:23:26Z</time>
      </trkpt>
      <trkpt lat="-29.520933134481311" lon="29.19027904048562">
        <ele>3241.6999999999998</ele>
        <time>2015-05-02T08:23:34Z</time>
      </trkpt>
      <trkpt lat="-29.521868890151381" lon="29.190578861162066">
        <ele>3249.8699999999999</ele>
        <time>2015-05-02T08:23:42Z</time>
      </trkpt>
      <trkpt lat="-29.522425029426813" lon="29.190634516999125">
        <ele>3249.8699999999999</ele>
        <time>2015-05-02T08:23:50Z</time>
      </trkpt>
      <trkpt lat="-29.522456880658865" lon="29.19064306654036">
        <ele>3249.3899999999999</ele>
        <time>2015-05-02T08:23:58Z</time>
      </trkpt>
      <trkpt lat="-29.522458473220468" lon="29.190654885023832">
        <ele>3249.8699999999999</ele>
        <time>2015-05-02T08:24:14Z</time>
      </trkpt>
      <trkpt lat="-29.522452186793089" lon="29.190674079582095">
        <ele>3252.2800000000002</ele>
        <time>2015-05-02T08:24:45Z</time>
      </trkpt>
      <trkpt lat="-29.522450426593423" lon="29.190686736255884">
        <ele>3252.7600000000002</ele>
        <time>2015-05-02T08:25:08Z</time>
      </trkpt>
      <trkpt lat="-29.522456293925643" lon="29.19068505987525">
        <ele>3251.3200000000002</ele>
        <time>2015-05-02T08:25:22Z</time>
      </trkpt>
      <trkpt lat="-29.522463083267212" lon="29.190681120380759">
        <ele>3251.3200000000002</ele>
        <time>2015-05-02T08:25:40Z</time>
      </trkpt>
      <trkpt lat="-29.522464592009783" lon="29.190662931650877">
        <ele>3249.8699999999999</ele>
        <time>2015-05-02T08:25:50Z</time>
      </trkpt>
      <trkpt lat="-29.522472890093923" lon="29.19065966270864">
        <ele>3249.8699999999999</ele>
        <time>2015-05-02T08:25:58Z</time>
      </trkpt>
      <trkpt lat="-29.522485211491585" lon="29.190641473978758">
        <ele>3249.8699999999999</ele>
        <time>2015-05-02T08:26:11Z</time>
      </trkpt>
      <trkpt lat="-29.522486217319965" lon="29.190650610253215">
        <ele>3249.8699999999999</ele>
        <time>2015-05-02T08:26:31Z</time>
      </trkpt>
      <trkpt lat="-29.522479176521301" lon="29.190653963014483">
        <ele>3248.4299999999998</ele>
        <time>2015-05-02T08:26:47Z</time>
      </trkpt>
      <trkpt lat="-29.522481188178062" lon="29.190647257491946">
        <ele>3249.8699999999999</ele>
        <time>2015-05-02T08:26:58Z</time>
      </trkpt>
      <trkpt lat="-29.522464759647846" lon="29.190649101510644">
        <ele>3250.8299999999999</ele>
        <time>2015-05-02T08:27:15Z</time>
      </trkpt>
      <trkpt lat="-29.52244833111763" lon="29.19066553004086">
        <ele>3251.8000000000002</ele>
        <time>2015-05-02T08:27:53Z</time>
      </trkpt>
      <trkpt lat="-29.522450510412455" lon="29.190664775669575">
        <ele>3251.8000000000002</ele>
        <time>2015-05-02T08:28:12Z</time>
      </trkpt>
      <trkpt lat="-29.522449839860201" lon="29.190655890852213">
        <ele>3249.8699999999999</ele>
        <time>2015-05-02T08:28:50Z</time>
      </trkpt>
      <trkpt lat="-29.522461071610451" lon="29.190650107339025">
        <ele>3251.3200000000002</ele>
        <time>2015-05-02T08:29:49Z</time>
      </trkpt>
      <trkpt lat="-29.522452186793089" lon="29.190664272755384">
        <ele>3252.2800000000002</ele>
        <time>2015-05-02T08:30:46Z</time>
      </trkpt>
      <trkpt lat="-29.522460820153356" lon="29.190658992156386">
        <ele>3252.7600000000002</ele>
        <time>2015-05-02T08:31:37Z</time>
      </trkpt>
      <trkpt lat="-29.522466436028481" lon="29.190655890852213">
        <ele>3251.3200000000002</ele>
        <time>2015-05-02T08:32:32Z</time>
      </trkpt>
      <trkpt lat="-29.52247615903616" lon="29.190649520605803">
        <ele>3250.3499999999999</ele>
        <time>2015-05-02T08:33:28Z</time>
      </trkpt>
      <trkpt lat="-29.522479930892587" lon="29.190648011863232">
        <ele>3250.8299999999999</ele>
        <time>2015-05-02T08:34:24Z</time>
      </trkpt>
      <trkpt lat="-29.522478422150016" lon="29.190633427351713">
        <ele>3250.3499999999999</ele>
        <time>2015-05-02T08:35:25Z</time>
      </trkpt>
      <trkpt lat="-29.522476913407445" lon="29.190644659101963">
        <ele>3251.3200000000002</ele>
        <time>2015-05-02T08:36:15Z</time>
      </trkpt>
      <trkpt lat="-29.522485211491585" lon="29.190647592768073">
        <ele>3252.7600000000002</ele>
        <time>2015-05-02T08:37:08Z</time>
      </trkpt>
      <trkpt lat="-29.522472135722637" lon="29.190635774284601">
        <ele>3250.8299999999999</ele>
        <time>2015-05-02T08:37:52Z</time>
      </trkpt>
      <trkpt lat="-29.522462161257863" lon="29.190644575282931">
        <ele>3250.8299999999999</ele>
        <time>2015-05-02T08:38:41Z</time>
      </trkpt>
      <trkpt lat="-29.522449504584074" lon="29.190661087632179">
        <ele>3250.3499999999999</ele>
        <time>2015-05-02T08:39:30Z</time>
      </trkpt>
      <trkpt lat="-29.522451180964708" lon="29.190654046833515">
        <ele>3248.4299999999998</ele>
        <time>2015-05-02T08:40:13Z</time>
      </trkpt>
      <trkpt lat="-29.522455288097262" lon="29.190652370452881">
        <ele>3249.8699999999999</ele>
        <time>2015-05-02T08:40:58Z</time>
      </trkpt>
      <trkpt lat="-29.522447660565376" lon="29.190660919994116">
        <ele>3251.3200000000002</ele>
        <time>2015-05-02T08:41:34Z</time>
      </trkpt>
      <trkpt lat="-29.522454114630818" lon="29.190653376281261">
        <ele>3251.8000000000002</ele>
        <time>2015-05-02T08:42:08Z</time>
      </trkpt>
      <trkpt lat="-29.522458305582404" lon="29.190664188936353">
        <ele>3253.7199999999998</ele>
        <time>2015-05-02T08:42:54Z</time>
      </trkpt>
      <trkpt lat="-29.522448414936662" lon="29.190662847831845">
        <ele>3252.7600000000002</ele>
        <time>2015-05-02T08:43:32Z</time>
      </trkpt>
      <trkpt lat="-29.522456713020802" lon="29.19065429829061">
        <ele>3252.2800000000002</ele>
        <time>2015-05-02T08:44:03Z</time>
      </trkpt>
      <trkpt lat="-29.522456964477897" lon="29.190643569454551">
        <ele>3250.8299999999999</ele>
        <time>2015-05-02T08:44:37Z</time>
      </trkpt>
      <trkpt lat="-29.522452019155025" lon="29.190634349361062">
        <ele>3250.3499999999999</ele>
        <time>2015-05-02T08:45:09Z</time>
      </trkpt>
      <trkpt lat="-29.522463753819466" lon="29.190648766234517">
        <ele>3249.3899999999999</ele>
        <time>2015-05-02T08:45:25Z</time>
      </trkpt>
      <trkpt lat="-29.522466352209449" lon="29.190661422908306">
        <ele>3249.3899999999999</ele>
        <time>2015-05-02T08:45:26Z</time>
      </trkpt>
      <trkpt lat="-29.522462161257863" lon="29.190675169229507">
        <ele>3249.3899999999999</ele>
        <time>2015-05-02T08:45:27Z</time>
      </trkpt>
      <trkpt lat="-29.522454114630818" lon="29.19068313203752">
        <ele>3249.3899999999999</ele>
        <time>2015-05-02T08:45:28Z</time>
      </trkpt>
      <trkpt lat="-29.522342467680573" lon="29.19065429829061">
        <ele>3249.8699999999999</ele>
        <time>2015-05-02T08:45:40Z</time>
      </trkpt>
      <trkpt lat="-29.52208086848259" lon="29.190593445673585">
        <ele>3250.3499999999999</ele>
        <time>2015-05-02T08:45:44Z</time>
      </trkpt>
      <trkpt lat="-29.521385170519352" lon="29.190485319122672">
        <ele>3246.5100000000002</ele>
        <time>2015-05-02T08:45:54Z</time>
      </trkpt>
      <trkpt lat="-29.520541783422232" lon="29.189994977787137">
        <ele>3238.3400000000001</ele>
        <time>2015-05-02T08:46:05Z</time>
      </trkpt>
      <trkpt lat="-29.519922025501728" lon="29.189078584313393">
        <ele>3234.4899999999998</ele>
        <time>2015-05-02T08:46:15Z</time>
      </trkpt>
      <trkpt lat="-29.519756902009249" lon="29.188016429543495">
        <ele>3227.7600000000002</ele>
        <time>2015-05-02T08:46:25Z</time>
      </trkpt>
      <trkpt lat="-29.51990601606667" lon="29.186785463243723">
        <ele>3221.0300000000002</ele>
        <time>2015-05-02T08:46:36Z</time>
      </trkpt>
      <trkpt lat="-29.519906854256988" lon="29.186689406633377">
        <ele>3221.0300000000002</ele>
        <time>2015-05-02T08:46:37Z</time>
      </trkpt>
      <trkpt lat="-29.519900484010577" lon="29.186597289517522">
        <ele>3220.5500000000002</ele>
        <time>2015-05-02T08:46:38Z</time>
      </trkpt>
      <trkpt lat="-29.519888749346137" lon="29.186515565961599">
        <ele>3220.5500000000002</ele>
        <time>2015-05-02T08:46:39Z</time>
      </trkpt>
      <trkpt lat="-29.519872236996889" lon="29.186437530443072">
        <ele>3220.0700000000002</ele>
        <time>2015-05-02T08:46:40Z</time>
      </trkpt>
      <trkpt lat="-29.519850527867675" lon="29.186358070001006">
        <ele>3220.0700000000002</ele>
        <time>2015-05-02T08:46:41Z</time>
      </trkpt>
      <trkpt lat="-29.519820269197226" lon="29.186274083331227">
        <ele>3219.5900000000001</ele>
        <time>2015-05-02T08:46:42Z</time>
      </trkpt>
      <trkpt lat="-29.519780119881034" lon="29.1861960478127">
        <ele>3218.6300000000001</ele>
        <time>2015-05-02T08:46:43Z</time>
      </trkpt>
      <trkpt lat="-29.519729660823941" lon="29.186115162447095">
        <ele>3217.6700000000001</ele>
        <time>2015-05-02T08:46:44Z</time>
      </trkpt>
      <trkpt lat="-29.519674591720104" lon="29.186042072251439">
        <ele>3217.1900000000001</ele>
        <time>2015-05-02T08:46:45Z</time>
      </trkpt>
      <trkpt lat="-29.519604770466685" lon="29.1859698202461">
        <ele>3216.23</ele>
        <time>2015-05-02T08:46:46Z</time>
      </trkpt>
      <trkpt lat="-29.519525477662683" lon="29.185911566019058">
        <ele>3215.27</ele>
        <time>2015-05-02T08:46:47Z</time>
      </trkpt>
      <trkpt lat="-29.519439227879047" lon="29.185860184952617">
        <ele>3214.3099999999999</ele>
        <time>2015-05-02T08:46:48Z</time>
      </trkpt>
      <trkpt lat="-29.519345853477716" lon="29.18581492267549">
        <ele>3212.8600000000001</ele>
        <time>2015-05-02T08:46:49Z</time>
      </trkpt>
      <trkpt lat="-29.519246863201261" lon="29.185771085321903">
        <ele>3211.9000000000001</ele>
        <time>2015-05-02T08:46:50Z</time>
      </trkpt>
      <trkpt lat="-29.51795001514256" lon="29.185383757576346">
        <ele>3199.4000000000001</ele>
        <time>2015-05-02T08:47:02Z</time>
      </trkpt>
      <trkpt lat="-29.515721267089248" lon="29.185292394831777">
        <ele>3172.9699999999998</ele>
        <time>2015-05-02T08:47:20Z</time>
      </trkpt>
      <trkpt lat="-29.51444705016911" lon="29.184940857812762">
        <ele>3160.4699999999998</ele>
        <time>2015-05-02T08:47:30Z</time>
      </trkpt>
      <trkpt lat="-29.513452034443617" lon="29.184003928676248">
        <ele>3151.8200000000002</ele>
        <time>2015-05-02T08:47:39Z</time>
      </trkpt>
      <trkpt lat="-29.512103218585253" lon="29.18262024410069">
        <ele>3133.0700000000002</ele>
        <time>2015-05-02T08:47:51Z</time>
      </trkpt>
      <trkpt lat="-29.511965671554208" lon="29.182541202753782">
        <ele>3131.1500000000001</ele>
        <time>2015-05-02T08:47:52Z</time>
      </trkpt>
      <trkpt lat="-29.511819155886769" lon="29.1824746504426">
        <ele>3129.71</ele>
        <time>2015-05-02T08:47:53Z</time>
      </trkpt>
      <trkpt lat="-29.51166626997292" lon="29.182417821139097">
        <ele>3127.79</ele>
        <time>2015-05-02T08:47:54Z</time>
      </trkpt>
      <trkpt lat="-29.5115084387362" lon="29.182366942986846">
        <ele>3125.8600000000001</ele>
        <time>2015-05-02T08:47:55Z</time>
      </trkpt>
      <trkpt lat="-29.509852593764663" lon="29.181681219488382">
        <ele>3117.6900000000001</ele>
        <time>2015-05-02T08:48:05Z</time>
      </trkpt>
      <trkpt lat="-29.509005015715957" lon="29.180925842374563">
        <ele>3114.3299999999999</ele>
        <time>2015-05-02T08:48:13Z</time>
      </trkpt>
      <trkpt lat="-29.508711732923985" lon="29.180576652288437">
        <ele>3111.4400000000001</ele>
        <time>2015-05-02T08:48:17Z</time>
      </trkpt>
      <trkpt lat="-29.50866018421948" lon="29.180492162704468">
        <ele>3110.48</ele>
        <time>2015-05-02T08:48:18Z</time>
      </trkpt>
      <trkpt lat="-29.508612910285592" lon="29.180404655635357">
        <ele>3110</ele>
        <time>2015-05-02T08:48:19Z</time>
      </trkpt>
      <trkpt lat="-29.508576113730669" lon="29.180317483842373">
        <ele>3109.04</ele>
        <time>2015-05-02T08:48:20Z</time>
      </trkpt>
      <trkpt lat="-29.50854878872633" lon="29.180237269029021">
        <ele>3108.5599999999999</ele>
        <time>2015-05-02T08:48:21Z</time>
      </trkpt>
      <trkpt lat="-29.508500508964062" lon="29.180033840239048">
        <ele>3107.1199999999999</ele>
        <time>2015-05-02T08:48:24Z</time>
      </trkpt>
      <trkpt lat="-29.508479135110974" lon="29.17979302816093">
        <ele>3105.6799999999998</ele>
        <time>2015-05-02T08:48:28Z</time>
      </trkpt>
      <trkpt lat="-29.508421467617154" lon="29.179595969617367">
        <ele>3104.23</ele>
        <time>2015-05-02T08:48:34Z</time>
      </trkpt>
      <trkpt lat="-29.508313676342368" lon="29.179534697905183">
        <ele>3102.3099999999999</ele>
        <time>2015-05-02T08:48:42Z</time>
      </trkpt>
      <trkpt lat="-29.508264390751719" lon="29.179543247446418">
        <ele>3101.8299999999999</ele>
        <time>2015-05-02T08:48:45Z</time>
      </trkpt>
      <trkpt lat="-29.508237903937697" lon="29.179558586329222">
        <ele>3101.8299999999999</ele>
        <time>2015-05-02T08:48:46Z</time>
      </trkpt>
      <trkpt lat="-29.508225666359067" lon="29.179568644613028">
        <ele>3101.8299999999999</ele>
        <time>2015-05-02T08:48:47Z</time>
      </trkpt>
      <trkpt lat="-29.508209740743041" lon="29.179590353742242">
        <ele>3101.8299999999999</ele>
        <time>2015-05-02T08:48:48Z</time>
      </trkpt>
      <trkpt lat="-29.508194653317332" lon="29.179620863869786">
        <ele>3102.3099999999999</ele>
        <time>2015-05-02T08:48:49Z</time>
      </trkpt>
      <trkpt lat="-29.508160455152392" lon="29.179714657366276">
        <ele>3102.3099999999999</ele>
        <time>2015-05-02T08:48:58Z</time>
      </trkpt>
      <trkpt lat="-29.508155258372426" lon="29.179712394252419">
        <ele>3101.8299999999999</ele>
        <time>2015-05-02T08:49:16Z</time>
      </trkpt>
      <trkpt lat="-29.508160371333361" lon="29.179699402302504">
        <ele>3100.8699999999999</ele>
        <time>2015-05-02T08:49:50Z</time>
      </trkpt>
      <trkpt lat="-29.508164059370756" lon="29.179705269634724">
        <ele>3099.9099999999999</ele>
        <time>2015-05-02T08:50:24Z</time>
      </trkpt>
      <trkpt lat="-29.508172273635864" lon="29.179701749235392">
        <ele>3099.4299999999998</ele>
        <time>2015-05-02T08:50:50Z</time>
      </trkpt>
      <trkpt lat="-29.508177973330021" lon="29.179706778377295">
        <ele>3098.4699999999998</ele>
        <time>2015-05-02T08:51:18Z</time>
      </trkpt>
      <trkpt lat="-29.508174369111657" lon="29.179708790034056">
        <ele>3097.5100000000002</ele>
        <time>2015-05-02T08:51:56Z</time>
      </trkpt>
      <trkpt lat="-29.508173279464245" lon="29.179711053147912">
        <ele>3099.4299999999998</ele>
        <time>2015-05-02T08:52:41Z</time>
      </trkpt>
      <trkpt lat="-29.508165316656232" lon="29.179708622395992">
        <ele>3098.9499999999998</ele>
        <time>2015-05-02T08:53:24Z</time>
      </trkpt>
      <trkpt lat="-29.508166490122676" lon="29.179696552455425">
        <ele>3098.4699999999998</ele>
        <time>2015-05-02T08:54:11Z</time>
      </trkpt>
      <trkpt lat="-29.508150815963745" lon="29.179703593254089">
        <ele>3099.4299999999998</ele>
        <time>2015-05-02T08:54:58Z</time>
      </trkpt>
      <trkpt lat="-29.508151737973094" lon="29.179703760892153">
        <ele>3100.8699999999999</ele>
        <time>2015-05-02T08:55:49Z</time>
      </trkpt>
      <trkpt lat="-29.50816129334271" lon="29.179705772548914">
        <ele>3100.8699999999999</ele>
        <time>2015-05-02T08:56:44Z</time>
      </trkpt>
      <trkpt lat="-29.508160455152392" lon="29.1796840634197">
        <ele>3102.3099999999999</ele>
        <time>2015-05-02T08:57:31Z</time>
      </trkpt>
      <trkpt lat="-29.508169423788786" lon="29.179670652374625">
        <ele>3102.79</ele>
        <time>2015-05-02T08:58:17Z</time>
      </trkpt>
      <trkpt lat="-29.508160119876266" lon="29.179667886346579">
        <ele>3104.71</ele>
        <time>2015-05-02T08:59:10Z</time>
      </trkpt>
      <trkpt lat="-29.50815986841917" lon="29.179684482514858">
        <ele>3103.75</ele>
        <time>2015-05-02T08:59:53Z</time>
      </trkpt>
      <trkpt lat="-29.508169759064913" lon="29.179659504443407">
        <ele>3103.75</ele>
        <time>2015-05-02T09:00:37Z</time>
      </trkpt>
      <trkpt lat="-29.508171267807484" lon="29.179684314876795">
        <ele>3100.3899999999999</ele>
        <time>2015-05-02T09:01:20Z</time>
      </trkpt>
      <trkpt lat="-29.508171770721674" lon="29.179687835276127">
        <ele>3099.4299999999998</ele>
        <time>2015-05-02T09:01:58Z</time>
      </trkpt>
      <trkpt lat="-29.508172776550055" lon="29.1796875">
        <ele>3097.9899999999998</ele>
        <time>2015-05-02T09:02:41Z</time>
      </trkpt>
      <trkpt lat="-29.508169675245881" lon="29.179690517485142">
        <ele>3098.9499999999998</ele>
        <time>2015-05-02T09:03:23Z</time>
      </trkpt>
      <trkpt lat="-29.508171267807484" lon="29.179691523313522">
        <ele>3099.4299999999998</ele>
        <time>2015-05-02T09:04:03Z</time>
      </trkpt>
      <trkpt lat="-29.508172189816833" lon="29.179695965722203">
        <ele>3098.9499999999998</ele>
        <time>2015-05-02T09:04:36Z</time>
      </trkpt>
      <trkpt lat="-29.508174201473594" lon="29.179689092561603">
        <ele>3099.4299999999998</ele>
        <time>2015-05-02T09:04:57Z</time>
      </trkpt>
      <trkpt lat="-29.50814469717443" lon="29.179686829447746">
        <ele>3099.9099999999999</ele>
        <time>2015-05-02T09:05:08Z</time>
      </trkpt>
      <trkpt lat="-29.508172357454896" lon="29.17964450083673">
        <ele>3100.3899999999999</ele>
        <time>2015-05-02T09:05:18Z</time>
      </trkpt>
      <trkpt lat="-29.508172441273928" lon="29.17963620275259">
        <ele>3099.9099999999999</ele>
        <time>2015-05-02T09:05:31Z</time>
      </trkpt>
      <trkpt lat="-29.508280651643872" lon="29.179502930492163">
        <ele>3100.3899999999999</ele>
        <time>2015-05-02T09:05:44Z</time>
      </trkpt>
      <trkpt lat="-29.508298337459564" lon="29.179502176120877">
        <ele>3100.8699999999999</ele>
        <time>2015-05-02T09:05:45Z</time>
      </trkpt>
      <trkpt lat="-29.50831325724721" lon="29.179501757025719">
        <ele>3100.8699999999999</ele>
        <time>2015-05-02T09:05:46Z</time>
      </trkpt>
      <trkpt lat="-29.508323650807142" lon="29.179506283253431">
        <ele>3100.8699999999999</ele>
        <time>2015-05-02T09:05:47Z</time>
      </trkpt>
      <trkpt lat="-29.508349131792784" lon="29.179522963240743">
        <ele>3101.3499999999999</ele>
        <time>2015-05-02T09:05:49Z</time>
      </trkpt>
      <trkpt lat="-29.50848332606256" lon="29.179638382047415">
        <ele>3103.27</ele>
        <time>2015-05-02T09:05:55Z</time>
      </trkpt>
      <trkpt lat="-29.508489947766066" lon="29.17982873506844">
        <ele>3104.23</ele>
        <time>2015-05-02T09:05:59Z</time>
      </trkpt>
      <trkpt lat="-29.508498916402459" lon="29.180000899359584">
        <ele>3105.6799999999998</ele>
        <time>2015-05-02T09:06:01Z</time>
      </trkpt>
      <trkpt lat="-29.50855566188693" lon="29.18024112470448">
        <ele>3107.1199999999999</ele>
        <time>2015-05-02T09:06:03Z</time>
      </trkpt>
      <trkpt lat="-29.508610228076577" lon="29.180373810231686">
        <ele>3108.0799999999999</ele>
        <time>2015-05-02T09:06:04Z</time>
      </trkpt>
      <trkpt lat="-29.508652137592435" lon="29.180455282330513">
        <ele>3108.5599999999999</ele>
        <time>2015-05-02T09:06:05Z</time>
      </trkpt>
      <trkpt lat="-29.508719360455871" lon="29.180568354204297">
        <ele>3109.52</ele>
        <time>2015-05-02T09:06:06Z</time>
      </trkpt>
      <trkpt lat="-29.508802089840174" lon="29.180683102458715">
        <ele>3110.96</ele>
        <time>2015-05-02T09:06:07Z</time>
      </trkpt>
      <trkpt lat="-29.50889864936471" lon="29.180797096341848">
        <ele>3111.9200000000001</ele>
        <time>2015-05-02T09:06:08Z</time>
      </trkpt>
      <trkpt lat="-29.508995292708278" lon="29.180899104103446">
        <ele>3112.8899999999999</ele>
        <time>2015-05-02T09:06:09Z</time>
      </trkpt>
      <trkpt lat="-29.510223912075162" lon="29.181882552802563">
        <ele>3118.6500000000001</ele>
        <time>2015-05-02T09:06:19Z</time>
      </trkpt>
      <trkpt lat="-29.511792417615652" lon="29.18245461769402">
        <ele>3127.3099999999999</ele>
        <time>2015-05-02T09:06:29Z</time>
      </trkpt>
      <trkpt lat="-29.512068014591932" lon="29.182592332363129">
        <ele>3130.6700000000001</ele>
        <time>2015-05-02T09:06:31Z</time>
      </trkpt>
      <trkpt lat="-29.512197682633996" lon="29.182679504156113">
        <ele>3132.1100000000001</ele>
        <time>2015-05-02T09:06:32Z</time>
      </trkpt>
      <trkpt lat="-29.512322740629315" lon="29.182777823880315">
        <ele>3134.04</ele>
        <time>2015-05-02T09:06:33Z</time>
      </trkpt>
      <trkpt lat="-29.512442601844668" lon="29.182887459173799">
        <ele>3135.48</ele>
        <time>2015-05-02T09:06:34Z</time>
      </trkpt>
      <trkpt lat="-29.51255701482296" lon="29.183008074760437">
        <ele>3137.4000000000001</ele>
        <time>2015-05-02T09:06:35Z</time>
      </trkpt>
      <trkpt lat="-29.512668326497078" lon="29.183133216574788">
        <ele>3138.8400000000001</ele>
        <time>2015-05-02T09:06:36Z</time>
      </trkpt>
      <trkpt lat="-29.514364069327712" lon="29.18487086892128">
        <ele>3160.4699999999998</ele>
        <time>2015-05-02T09:06:51Z</time>
      </trkpt>
      <trkpt lat="-29.515355564653873" lon="29.185240594670177">
        <ele>3168.1599999999999</ele>
        <time>2015-05-02T09:06:58Z</time>
      </trkpt>
      <trkpt lat="-29.517588168382645" lon="29.185327515006065">
        <ele>3194.5999999999999</ele>
        <time>2015-05-02T09:07:11Z</time>
      </trkpt>
      <trkpt lat="-29.518461059778929" lon="29.185401862487197">
        <ele>3203.73</ele>
        <time>2015-05-02T09:07:16Z</time>
      </trkpt>
      <trkpt lat="-29.518619645386934" lon="29.185457685962319">
        <ele>3205.6500000000001</ele>
        <time>2015-05-02T09:07:17Z</time>
      </trkpt>
      <trkpt lat="-29.519554646685719" lon="29.185916427522898">
        <ele>3216.23</ele>
        <time>2015-05-02T09:07:24Z</time>
      </trkpt>
      <trkpt lat="-29.51963871717453" lon="29.185993205755949">
        <ele>3217.1900000000001</ele>
        <time>2015-05-02T09:07:25Z</time>
      </trkpt>
      <trkpt lat="-29.51971055008471" lon="29.18608020991087">
        <ele>3218.6300000000001</ele>
        <time>2015-05-02T09:07:26Z</time>
      </trkpt>
      <trkpt lat="-29.519770983606577" lon="29.186176098883152">
        <ele>3219.5900000000001</ele>
        <time>2015-05-02T09:07:27Z</time>
      </trkpt>
      <trkpt lat="-29.519815910607576" lon="29.186274921521544">
        <ele>3220.5500000000002</ele>
        <time>2015-05-02T09:07:28Z</time>
      </trkpt>
      <trkpt lat="-29.519849354401231" lon="29.186376677826047">
        <ele>3221.52</ele>
        <time>2015-05-02T09:07:29Z</time>
      </trkpt>
      <trkpt lat="-29.519872907549143" lon="29.186481116339564">
        <ele>3222</ele>
        <time>2015-05-02T09:07:30Z</time>
      </trkpt>
      <trkpt lat="-29.519887827336788" lon="29.186582285910845">
        <ele>3222.96</ele>
        <time>2015-05-02T09:07:31Z</time>
      </trkpt>
      <trkpt lat="-29.519892856478691" lon="29.186687730252743">
        <ele>3223.4400000000001</ele>
        <time>2015-05-02T09:07:32Z</time>
      </trkpt>
      <trkpt lat="-29.519886821508408" lon="29.186797365546227">
        <ele>3223.4400000000001</ele>
        <time>2015-05-02T09:07:33Z</time>
      </trkpt>
      <trkpt lat="-29.519873410463333" lon="29.186906246468425">
        <ele>3223.9200000000001</ele>
        <time>2015-05-02T09:07:34Z</time>
      </trkpt>
      <trkpt lat="-29.519856227561831" lon="29.187024682760239">
        <ele>3224.4000000000001</ele>
        <time>2015-05-02T09:07:35Z</time>
      </trkpt>
      <trkpt lat="-29.519772659987211" lon="29.188446924090385">
        <ele>3231.1300000000001</ele>
        <time>2015-05-02T09:07:47Z</time>
      </trkpt>
      <trkpt lat="-29.520152863115072" lon="29.189504301175475">
        <ele>3235.9400000000001</ele>
        <time>2015-05-02T09:07:56Z</time>
      </trkpt>
      <trkpt lat="-29.520932212471962" lon="29.190289014950395">
        <ele>3241.2199999999998</ele>
        <time>2015-05-02T09:08:04Z</time>
      </trkpt>
      <trkpt lat="-29.521899148821831" lon="29.190587410703301">
        <ele>3249.3899999999999</ele>
        <time>2015-05-02T09:08:12Z</time>
      </trkpt>
      <trkpt lat="-29.522331906482577" lon="29.190652118995786">
        <ele>3249.8699999999999</ele>
        <time>2015-05-02T09:08:16Z</time>
      </trkpt>
      <trkpt lat="-29.522430310025811" lon="29.190692771226168">
        <ele>3249.3899999999999</ele>
        <time>2015-05-02T09:08:17Z</time>
      </trkpt>
      <trkpt lat="-29.522521756589413" lon="29.190746666863561">
        <ele>3248.9099999999999</ele>
        <time>2015-05-02T09:08:18Z</time>
      </trkpt>
      <trkpt lat="-29.522606916725636" lon="29.190816236659884">
        <ele>3248.4299999999998</ele>
        <time>2015-05-02T09:08:19Z</time>
      </trkpt>
      <trkpt lat="-29.522679420188069" lon="29.190890584141016">
        <ele>3247.9499999999998</ele>
        <time>2015-05-02T09:08:20Z</time>
      </trkpt>
      <trkpt lat="-29.522752091288567" lon="29.190974738448858">
        <ele>3247.4699999999998</ele>
        <time>2015-05-02T09:08:21Z</time>
      </trkpt>
      <trkpt lat="-29.523648368194699" lon="29.191983416676521">
        <ele>3241.2199999999998</ele>
        <time>2015-05-02T09:08:33Z</time>
      </trkpt>
      <trkpt lat="-29.524891823530197" lon="29.192905342206359">
        <ele>3230.6500000000001</ele>
        <time>2015-05-02T09:08:46Z</time>
      </trkpt>
      <trkpt lat="-29.524957286193967" lon="29.192968709394336">
        <ele>3229.6900000000001</ele>
        <time>2015-05-02T09:08:47Z</time>
      </trkpt>
      <trkpt lat="-29.525005565956235" lon="29.193033166229725">
        <ele>3229.21</ele>
        <time>2015-05-02T09:08:48Z</time>
      </trkpt>
      <trkpt lat="-29.525045128539205" lon="29.193110195919871">
        <ele>3228.73</ele>
        <time>2015-05-02T09:08:49Z</time>
      </trkpt>
      <trkpt lat="-29.525070190429688" lon="29.193188063800335">
        <ele>3228.2399999999998</ele>
        <time>2015-05-02T09:08:50Z</time>
      </trkpt>
      <trkpt lat="-29.525086283683777" lon="29.193281019106507">
        <ele>3227.7600000000002</ele>
        <time>2015-05-02T09:08:51Z</time>
      </trkpt>
      <trkpt lat="-29.525087038055062" lon="29.193372130393982">
        <ele>3227.2800000000002</ele>
        <time>2015-05-02T09:08:52Z</time>
      </trkpt>
      <trkpt lat="-29.525070944800973" lon="29.193477490916848">
        <ele>3227.2800000000002</ele>
        <time>2015-05-02T09:08:53Z</time>
      </trkpt>
      <trkpt lat="-29.525043200701475" lon="29.193575978279114">
        <ele>3226.8000000000002</ele>
        <time>2015-05-02T09:08:54Z</time>
      </trkpt>
      <trkpt lat="-29.525004560127854" lon="29.193686954677105">
        <ele>3226.3200000000002</ele>
        <time>2015-05-02T09:08:55Z</time>
      </trkpt>
      <trkpt lat="-29.524469543248415" lon="29.195112800225616">
        <ele>3218.6300000000001</ele>
        <time>2015-05-02T09:09:06Z</time>
      </trkpt>
      <trkpt lat="-29.524257984012365" lon="29.195957193151116">
        <ele>3210.46</ele>
        <time>2015-05-02T09:09:12Z</time>
      </trkpt>
      <trkpt lat="-29.524256307631731" lon="29.196105636656284">
        <ele>3209.02</ele>
        <time>2015-05-02T09:09:13Z</time>
      </trkpt>
      <trkpt lat="-29.524268377572298" lon="29.196259528398514">
        <ele>3207.5799999999999</ele>
        <time>2015-05-02T09:09:14Z</time>
      </trkpt>
      <trkpt lat="-29.524290170520544" lon="29.196403780952096">
        <ele>3206.1300000000001</ele>
        <time>2015-05-02T09:09:15Z</time>
      </trkpt>
      <trkpt lat="-29.524320345371962" lon="29.196560438722372">
        <ele>3204.6900000000001</ele>
        <time>2015-05-02T09:09:16Z</time>
      </trkpt>
      <trkpt lat="-29.52473365701735" lon="29.198243776336312">
        <ele>3194.1199999999999</ele>
        <time>2015-05-02T09:09:25Z</time>
      </trkpt>
      <trkpt lat="-29.524961812421679" lon="29.199240133166313">
        <ele>3192.6799999999998</ele>
        <time>2015-05-02T09:09:31Z</time>
      </trkpt>
      <trkpt lat="-29.524960806593299" lon="29.19933820143342">
        <ele>3192.6799999999998</ele>
        <time>2015-05-02T09:09:32Z</time>
      </trkpt>
      <trkpt lat="-29.524945467710495" lon="29.199431659653783">
        <ele>3192.6799999999998</ele>
        <time>2015-05-02T09:09:33Z</time>
      </trkpt>
      <trkpt lat="-29.524917555972934" lon="29.199518831446767">
        <ele>3192.1999999999998</ele>
        <time>2015-05-02T09:09:34Z</time>
      </trkpt>
      <trkpt lat="-29.524875143542886" lon="29.19960399158299">
        <ele>3192.1999999999998</ele>
        <time>2015-05-02T09:09:35Z</time>
      </trkpt>
      <trkpt lat="-29.524816889315844" lon="29.199684290215373">
        <ele>3192.1999999999998</ele>
        <time>2015-05-02T09:09:36Z</time>
      </trkpt>
      <trkpt lat="-29.524745140224695" lon="29.199762409552932">
        <ele>3192.1999999999998</ele>
        <time>2015-05-02T09:09:37Z</time>
      </trkpt>
      <trkpt lat="-29.524665176868439" lon="29.199845558032393">
        <ele>3192.1999999999998</ele>
        <time>2015-05-02T09:09:38Z</time>
      </trkpt>
      <trkpt lat="-29.523668987676501" lon="29.200898073613644">
        <ele>3191.23</ele>
        <time>2015-05-02T09:09:48Z</time>
      </trkpt>
      <trkpt lat="-29.523110082373023" lon="29.201578684151173">
        <ele>3196.04</ele>
        <time>2015-05-02T09:09:55Z</time>
      </trkpt>
      <trkpt lat="-29.523066412657499" lon="29.201674489304423">
        <ele>3196.52</ele>
        <time>2015-05-02T09:09:56Z</time>
      </trkpt>
      <trkpt lat="-29.523029616102576" lon="29.201775575056672">
        <ele>3196.04</ele>
        <time>2015-05-02T09:09:57Z</time>
      </trkpt>
      <trkpt lat="-29.523001536726952" lon="29.201879259198904">
        <ele>3196.52</ele>
        <time>2015-05-02T09:09:58Z</time>
      </trkpt>
      <trkpt lat="-29.522984437644482" lon="29.201991744339466">
        <ele>3196.52</ele>
        <time>2015-05-02T09:09:59Z</time>
      </trkpt>
      <trkpt lat="-29.52298091724515" lon="29.202111773192883">
        <ele>3196.52</ele>
        <time>2015-05-02T09:10:00Z</time>
      </trkpt>
      <trkpt lat="-29.522988628596067" lon="29.202237837016582">
        <ele>3196.04</ele>
        <time>2015-05-02T09:10:01Z</time>
      </trkpt>
      <trkpt lat="-29.523004470393062" lon="29.202369181439281">
        <ele>3196.04</ele>
        <time>2015-05-02T09:10:02Z</time>
      </trkpt>
      <trkpt lat="-29.523029029369354" lon="29.202503962442279">
        <ele>3195.5599999999999</ele>
        <time>2015-05-02T09:10:03Z</time>
      </trkpt>
      <trkpt lat="-29.523059539496899" lon="29.202638659626245">
        <ele>3195.0799999999999</ele>
        <time>2015-05-02T09:10:04Z</time>
      </trkpt>
      <trkpt lat="-29.523572092875838" lon="29.20387121848762">
        <ele>3191.23</ele>
        <time>2015-05-02T09:10:13Z</time>
      </trkpt>
      <trkpt lat="-29.524462921544909" lon="29.204813931137323">
        <ele>3189.3099999999999</ele>
        <time>2015-05-02T09:10:22Z</time>
      </trkpt>
      <trkpt lat="-29.524708678945899" lon="29.205003110691905">
        <ele>3189.79</ele>
        <time>2015-05-02T09:10:28Z</time>
      </trkpt>
      <trkpt lat="-29.52470482327044" lon="29.205001685768366">
        <ele>3189.79</ele>
        <time>2015-05-02T09:10:46Z</time>
      </trkpt>
      <trkpt lat="-29.524696357548237" lon="29.205012330785394">
        <ele>3190.27</ele>
        <time>2015-05-02T09:11:22Z</time>
      </trkpt>
      <trkpt lat="-29.524699039757252" lon="29.205006128177047">
        <ele>3190.75</ele>
        <time>2015-05-02T09:12:16Z</time>
      </trkpt>
      <trkpt lat="-29.524705242365599" lon="29.20501115731895">
        <ele>3190.75</ele>
        <time>2015-05-02T09:13:10Z</time>
      </trkpt>
      <trkpt lat="-29.524700967594981" lon="29.20500922948122">
        <ele>3191.71</ele>
        <time>2015-05-02T09:14:00Z</time>
      </trkpt>
      <trkpt lat="-29.524697950109839" lon="29.205005373805761">
        <ele>3191.71</ele>
        <time>2015-05-02T09:14:52Z</time>
      </trkpt>
      <trkpt lat="-29.524695603176951" lon="29.205003278329968">
        <ele>3193.1599999999999</ele>
        <time>2015-05-02T09:15:34Z</time>
      </trkpt>
      <trkpt lat="-29.524693759158254" lon="29.205005206167698">
        <ele>3192.1999999999998</ele>
        <time>2015-05-02T09:16:21Z</time>
      </trkpt>
      <trkpt lat="-29.524690490216017" lon="29.205008978024125">
        <ele>3192.6799999999998</ele>
        <time>2015-05-02T09:17:05Z</time>
      </trkpt>
      <trkpt lat="-29.524692418053746" lon="29.20499942265451">
        <ele>3193.1599999999999</ele>
        <time>2015-05-02T09:18:00Z</time>
      </trkpt>
      <trkpt lat="-29.524693507701159" lon="29.204996153712273">
        <ele>3192.6799999999998</ele>
        <time>2015-05-02T09:18:40Z</time>
      </trkpt>
      <trkpt lat="-29.524691412225366" lon="29.205002775415778">
        <ele>3193.1599999999999</ele>
        <time>2015-05-02T09:19:14Z</time>
      </trkpt>
      <trkpt lat="-29.524885453283787" lon="29.205204360187054">
        <ele>3192.6799999999998</ele>
        <time>2015-05-02T09:19:23Z</time>
      </trkpt>
      <trkpt lat="-29.525640998035669" lon="29.205833422020078">
        <ele>3195.0799999999999</ele>
        <time>2015-05-02T09:19:32Z</time>
      </trkpt>
      <trkpt lat="-29.526805747300386" lon="29.206639844924212">
        <ele>3199.8899999999999</ele>
        <time>2015-05-02T09:19:41Z</time>
      </trkpt>
      <trkpt lat="-29.527702694758773" lon="29.207284664735198">
        <ele>3203.25</ele>
        <time>2015-05-02T09:19:49Z</time>
      </trkpt>
      <trkpt lat="-29.527766397222877" lon="29.207358509302139">
        <ele>3203.25</ele>
        <time>2015-05-02T09:19:50Z</time>
      </trkpt>
      <trkpt lat="-29.527823477983475" lon="29.207444088533521">
        <ele>3203.25</ele>
        <time>2015-05-02T09:19:51Z</time>
      </trkpt>
      <trkpt lat="-29.527871338650584" lon="29.207533104345202">
        <ele>3202.77</ele>
        <time>2015-05-02T09:19:52Z</time>
      </trkpt>
      <trkpt lat="-29.527915259823203" lon="29.207632429897785">
        <ele>3202.77</ele>
        <time>2015-05-02T09:19:53Z</time>
      </trkpt>
      <trkpt lat="-29.527951972559094" lon="29.207737622782588">
        <ele>3202.29</ele>
        <time>2015-05-02T09:19:54Z</time>
      </trkpt>
      <trkpt lat="-29.527982901781797" lon="29.20785253867507">
        <ele>3201.8099999999999</ele>
        <time>2015-05-02T09:19:55Z</time>
      </trkpt>
      <trkpt lat="-29.528003269806504" lon="29.207962341606617">
        <ele>3200.8499999999999</ele>
        <time>2015-05-02T09:19:56Z</time>
      </trkpt>
      <trkpt lat="-29.528013998642564" lon="29.20807926915586">
        <ele>3200.3699999999999</ele>
        <time>2015-05-02T09:19:57Z</time>
      </trkpt>
      <trkpt lat="-29.528013244271278" lon="29.208190748468041">
        <ele>3199.4000000000001</ele>
        <time>2015-05-02T09:19:58Z</time>
      </trkpt>
      <trkpt lat="-29.528002850711346" lon="29.208302143961191">
        <ele>3198.9200000000001</ele>
        <time>2015-05-02T09:19:59Z</time>
      </trkpt>
      <trkpt lat="-29.527982566505671" lon="29.208421083167195">
        <ele>3198.4400000000001</ele>
        <time>2015-05-02T09:20:00Z</time>
      </trkpt>
      <trkpt lat="-29.527956331148744" lon="29.208537088707089">
        <ele>3197.48</ele>
        <time>2015-05-02T09:20:01Z</time>
      </trkpt>
      <trkpt lat="-29.52771183103323" lon="29.209880791604519">
        <ele>3189.3099999999999</ele>
        <time>2015-05-02T09:20:13Z</time>
      </trkpt>
      <trkpt lat="-29.527987344190478" lon="29.21110630966723">
        <ele>3176.3299999999999</ele>
        <time>2015-05-02T09:20:25Z</time>
      </trkpt>
      <trkpt lat="-29.528533592820168" lon="29.212094871327281">
        <ele>3166.7199999999998</ele>
        <time>2015-05-02T09:20:36Z</time>
      </trkpt>
      <trkpt lat="-29.528892254456878" lon="29.212516061961651">
        <ele>3159.0300000000002</ele>
        <time>2015-05-02T09:20:43Z</time>
      </trkpt>
      <trkpt lat="-29.528935756534338" lon="29.212548332288861">
        <ele>3158.0700000000002</ele>
        <time>2015-05-02T09:20:44Z</time>
      </trkpt>
      <trkpt lat="-29.528981102630496" lon="29.212570628151298">
        <ele>3157.1100000000001</ele>
        <time>2015-05-02T09:20:45Z</time>
      </trkpt>
      <trkpt lat="-29.529029382392764" lon="29.212580602616072">
        <ele>3156.1500000000001</ele>
        <time>2015-05-02T09:20:46Z</time>
      </trkpt>
      <trkpt lat="-29.529075147584081" lon="29.212582781910896">
        <ele>3155.1799999999998</ele>
        <time>2015-05-02T09:20:47Z</time>
      </trkpt>
      <trkpt lat="-29.52916651032865" lon="29.212553529068828">
        <ele>3153.7399999999998</ele>
        <time>2015-05-02T09:20:49Z</time>
      </trkpt>
      <trkpt lat="-29.529212526977062" lon="29.212516732513905">
        <ele>3152.7800000000002</ele>
        <time>2015-05-02T09:20:50Z</time>
      </trkpt>
      <trkpt lat="-29.529228117316961" lon="29.2124945204705">
        <ele>3152.3000000000002</ele>
        <time>2015-05-02T09:20:51Z</time>
      </trkpt>
      <trkpt lat="-29.52925150282681" lon="29.212448755279183">
        <ele>3151.8200000000002</ele>
        <time>2015-05-02T09:20:52Z</time>
      </trkpt>
      <trkpt lat="-29.529267344623804" lon="29.212398380041122">
        <ele>3150.8600000000001</ele>
        <time>2015-05-02T09:20:53Z</time>
      </trkpt>
      <trkpt lat="-29.529280420392752" lon="29.21233425848186">
        <ele>3149.9000000000001</ele>
        <time>2015-05-02T09:20:54Z</time>
      </trkpt>
      <trkpt lat="-29.52928670682013" lon="29.21226535923779">
        <ele>3148.9400000000001</ele>
        <time>2015-05-02T09:20:55Z</time>
      </trkpt>
      <trkpt lat="-29.529286958277225" lon="29.212188832461834">
        <ele>3147.9699999999998</ele>
        <time>2015-05-02T09:20:56Z</time>
      </trkpt>
      <trkpt lat="-29.529287125915289" lon="29.212111718952656">
        <ele>3147.0100000000002</ele>
        <time>2015-05-02T09:20:57Z</time>
      </trkpt>
      <trkpt lat="-29.529527183622122" lon="29.211242264136672">
        <ele>3137.8800000000001</ele>
        <time>2015-05-02T09:21:07Z</time>
      </trkpt>
      <trkpt lat="-29.530212320387363" lon="29.210679503157735">
        <ele>3129.23</ele>
        <time>2015-05-02T09:21:16Z</time>
      </trkpt>
      <trkpt lat="-29.531464576721191" lon="29.210326289758086">
        <ele>3112.8899999999999</ele>
        <time>2015-05-02T09:21:29Z</time>
      </trkpt>
      <trkpt lat="-29.532220121473074" lon="29.210364427417517">
        <ele>3101.3499999999999</ele>
        <time>2015-05-02T09:21:38Z</time>
      </trkpt>
      <trkpt lat="-29.532253397628665" lon="29.210387226194143">
        <ele>3100.8699999999999</ele>
        <time>2015-05-02T09:21:39Z</time>
      </trkpt>
      <trkpt lat="-29.532274017110467" lon="29.210418406873941">
        <ele>3100.8699999999999</ele>
        <time>2015-05-02T09:21:40Z</time>
      </trkpt>
      <trkpt lat="-29.532286506146193" lon="29.210462160408497">
        <ele>3100.3899999999999</ele>
        <time>2015-05-02T09:21:41Z</time>
      </trkpt>
      <trkpt lat="-29.532284243032336" lon="29.210506500676274">
        <ele>3100.3899999999999</ele>
        <time>2015-05-02T09:21:42Z</time>
      </trkpt>
      <trkpt lat="-29.532267646864057" lon="29.210550002753735">
        <ele>3099.9099999999999</ele>
        <time>2015-05-02T09:21:43Z</time>
      </trkpt>
      <trkpt lat="-29.532233448699117" lon="29.210593421012163">
        <ele>3099.9099999999999</ele>
        <time>2015-05-02T09:21:44Z</time>
      </trkpt>
      <trkpt lat="-29.532182570546865" lon="29.210632983595133">
        <ele>3099.4299999999998</ele>
        <time>2015-05-02T09:21:45Z</time>
      </trkpt>
      <trkpt lat="-29.532129345461726" lon="29.210665840655565">
        <ele>3098.9499999999998</ele>
        <time>2015-05-02T09:21:46Z</time>
      </trkpt>
      <trkpt lat="-29.532077126204967" lon="29.210694758221507">
        <ele>3098.9499999999998</ele>
        <time>2015-05-02T09:21:47Z</time>
      </trkpt>
      <trkpt lat="-29.532022308558226" lon="29.210726441815495">
        <ele>3098.4699999999998</ele>
        <time>2015-05-02T09:21:48Z</time>
      </trkpt>
      <trkpt lat="-29.531975453719497" lon="29.211033722385764">
        <ele>3097.5100000000002</ele>
        <time>2015-05-02T09:21:56Z</time>
      </trkpt>
      <trkpt lat="-29.532169159501791" lon="29.211063645780087">
        <ele>3096.54</ele>
        <time>2015-05-02T09:22:01Z</time>
      </trkpt>
      <trkpt lat="-29.532465040683746" lon="29.211026933044195">
        <ele>3093.6599999999999</ele>
        <time>2015-05-02T09:22:06Z</time>
      </trkpt>
      <trkpt lat="-29.53253804706037" lon="29.211036739870906">
        <ele>3092.6999999999998</ele>
        <time>2015-05-02T09:22:07Z</time>
      </trkpt>
      <trkpt lat="-29.533695168793201" lon="29.211304541677237">
        <ele>3070.1100000000001</ele>
        <time>2015-05-02T09:22:21Z</time>
      </trkpt>
      <trkpt lat="-29.534771153703332" lon="29.2114566732198">
        <ele>3051.8400000000001</ele>
        <time>2015-05-02T09:22:34Z</time>
      </trkpt>
      <trkpt lat="-29.534820355474949" lon="29.211471257731318">
        <ele>3051.3600000000001</ele>
        <time>2015-05-02T09:22:35Z</time>
      </trkpt>
      <trkpt lat="-29.534855140373111" lon="29.211498498916626">
        <ele>3051.3600000000001</ele>
        <time>2015-05-02T09:22:36Z</time>
      </trkpt>
      <trkpt lat="-29.534883471205831" lon="29.211533535271883">
        <ele>3050.8800000000001</ele>
        <time>2015-05-02T09:22:37Z</time>
      </trkpt>
      <trkpt lat="-29.534897971898317" lon="29.211570080369711">
        <ele>3050.8800000000001</ele>
        <time>2015-05-02T09:22:38Z</time>
      </trkpt>
      <trkpt lat="-29.534898893907666" lon="29.211612492799759">
        <ele>3050.8800000000001</ele>
        <time>2015-05-02T09:22:39Z</time>
      </trkpt>
      <trkpt lat="-29.534888584166765" lon="29.211653480306268">
        <ele>3050.8800000000001</ele>
        <time>2015-05-02T09:22:40Z</time>
      </trkpt>
      <trkpt lat="-29.534864779561758" lon="29.211689354851842">
        <ele>3050.4000000000001</ele>
        <time>2015-05-02T09:22:41Z</time>
      </trkpt>
      <trkpt lat="-29.534827396273613" lon="29.211718607693911">
        <ele>3050.4000000000001</ele>
        <time>2015-05-02T09:22:42Z</time>
      </trkpt>
      <trkpt lat="-29.534774841740727" lon="29.211742328479886">
        <ele>3050.4000000000001</ele>
        <time>2015-05-02T09:22:43Z</time>
      </trkpt>
      <trkpt lat="-29.534713067114353" lon="29.21175817027688">
        <ele>3049.9200000000001</ele>
        <time>2015-05-02T09:22:44Z</time>
      </trkpt>
      <trkpt lat="-29.534645341336727" lon="29.211772251874208">
        <ele>3049.4400000000001</ele>
        <time>2015-05-02T09:22:45Z</time>
      </trkpt>
      <trkpt lat="-29.534062715247273" lon="29.211886916309595">
        <ele>3046.5599999999999</ele>
        <time>2015-05-02T09:22:53Z</time>
      </trkpt>
      <trkpt lat="-29.533927347511053" lon="29.21216519549489">
        <ele>3044.6300000000001</ele>
        <time>2015-05-02T09:23:00Z</time>
      </trkpt>
      <trkpt lat="-29.53415097668767" lon="29.212244907394052">
        <ele>3043.1900000000001</ele>
        <time>2015-05-02T09:23:05Z</time>
      </trkpt>
      <trkpt lat="-29.534994531422853" lon="29.212191933766007">
        <ele>3030.6900000000001</ele>
        <time>2015-05-02T09:23:17Z</time>
      </trkpt>
      <trkpt lat="-29.536318201571703" lon="29.211971405893564">
        <ele>3004.2600000000002</ele>
        <time>2015-05-02T09:23:32Z</time>
      </trkpt>
      <trkpt lat="-29.53760608099401" lon="29.212096631526947">
        <ele>2986.9499999999998</ele>
        <time>2015-05-02T09:23:46Z</time>
      </trkpt>
      <trkpt lat="-29.538868479430676" lon="29.212731393054128">
        <ele>2961.96</ele>
        <time>2015-05-02T09:24:00Z</time>
      </trkpt>
      <trkpt lat="-29.540137583389878" lon="29.21379866078496">
        <ele>2935.04</ele>
        <time>2015-05-02T09:24:16Z</time>
      </trkpt>
      <trkpt lat="-29.541097646579146" lon="29.214929798617959">
        <ele>2911.0100000000002</ele>
        <time>2015-05-02T09:24:30Z</time>
      </trkpt>
      <trkpt lat="-29.541557896882296" lon="29.215633375570178">
        <ele>2899.4699999999998</ele>
        <time>2015-05-02T09:24:38Z</time>
      </trkpt>
      <trkpt lat="-29.541619503870606" lon="29.21570043079555">
        <ele>2898.0300000000002</ele>
        <time>2015-05-02T09:24:39Z</time>
      </trkpt>
      <trkpt lat="-29.541684379801154" lon="29.215759858489037">
        <ele>2896.5900000000001</ele>
        <time>2015-05-02T09:24:40Z</time>
      </trkpt>
      <trkpt lat="-29.542654501274228" lon="29.21632781624794">
        <ele>2877.8400000000001</ele>
        <time>2015-05-02T09:24:52Z</time>
      </trkpt>
      <trkpt lat="-29.543612552806735" lon="29.216790413483977">
        <ele>2864.3899999999999</ele>
        <time>2015-05-02T09:25:01Z</time>
      </trkpt>
      <trkpt lat="-29.545518346130848" lon="29.217798337340355">
        <ele>2845.1599999999999</ele>
        <time>2015-05-02T09:25:17Z</time>
      </trkpt>
      <trkpt lat="-29.547435874119401" lon="29.218783630058169">
        <ele>2828.8200000000002</ele>
        <time>2015-05-02T09:25:33Z</time>
      </trkpt>
      <trkpt lat="-29.548558294773102" lon="29.219434903934598">
        <ele>2816.3200000000002</ele>
        <time>2015-05-02T09:25:46Z</time>
      </trkpt>
      <trkpt lat="-29.548814697191119" lon="29.219804797321558">
        <ele>2812.4699999999998</ele>
        <time>2015-05-02T09:25:52Z</time>
      </trkpt>
      <trkpt lat="-29.548848979175091" lon="29.219889957457781">
        <ele>2811.9899999999998</ele>
        <time>2015-05-02T09:25:53Z</time>
      </trkpt>
      <trkpt lat="-29.548877310007811" lon="29.219979643821716">
        <ele>2811.0300000000002</ele>
        <time>2015-05-02T09:25:54Z</time>
      </trkpt>
      <trkpt lat="-29.549049306660891" lon="29.220986478030682">
        <ele>2806.23</ele>
        <time>2015-05-02T09:26:02Z</time>
      </trkpt>
      <trkpt lat="-29.549439316615462" lon="29.222014686092734">
        <ele>2804.7800000000002</ele>
        <time>2015-05-02T09:26:10Z</time>
      </trkpt>
      <trkpt lat="-29.55069744028151" lon="29.223892483860254">
        <ele>2801.9000000000001</ele>
        <time>2015-05-02T09:26:24Z</time>
      </trkpt>
      <trkpt lat="-29.55228203907609" lon="29.226273447275162">
        <ele>2803.3400000000001</ele>
        <time>2015-05-02T09:26:38Z</time>
      </trkpt>
      <trkpt lat="-29.552722172811627" lon="29.227239545434713">
        <ele>2802.8600000000001</ele>
        <time>2015-05-02T09:26:45Z</time>
      </trkpt>
      <trkpt lat="-29.553193151950836" lon="29.229091862216592">
        <ele>2793.73</ele>
        <time>2015-05-02T09:26:56Z</time>
      </trkpt>
      <trkpt lat="-29.553654240444303" lon="29.230919368565083">
        <ele>2793.25</ele>
        <time>2015-05-02T09:27:04Z</time>
      </trkpt>
      <trkpt lat="-29.554041316732764" lon="29.232454765588045">
        <ele>2793.25</ele>
        <time>2015-05-02T09:27:11Z</time>
      </trkpt>
      <trkpt lat="-29.554235525429249" lon="29.233494456857443">
        <ele>2792.77</ele>
        <time>2015-05-02T09:27:18Z</time>
      </trkpt>
      <trkpt lat="-29.554485809057951" lon="29.234626516699791">
        <ele>2793.25</ele>
        <time>2015-05-02T09:27:29Z</time>
      </trkpt>
      <trkpt lat="-29.554721172899008" lon="29.235811466351151">
        <ele>2794.21</ele>
        <time>2015-05-02T09:27:42Z</time>
      </trkpt>
      <trkpt lat="-29.554994758218527" lon="29.236943358555436">
        <ele>2796.6100000000001</ele>
        <time>2015-05-02T09:27:54Z</time>
      </trkpt>
      <trkpt lat="-29.555178238078952" lon="29.237416014075279">
        <ele>2796.6100000000001</ele>
        <time>2015-05-02T09:28:02Z</time>
      </trkpt>
      <trkpt lat="-29.5552949141711" lon="29.23738868907094">
        <ele>2796.1300000000001</ele>
        <time>2015-05-02T09:28:07Z</time>
      </trkpt>
      <trkpt lat="-29.55530421808362" lon="29.237359603866935">
        <ele>2796.1300000000001</ele>
        <time>2015-05-02T09:28:08Z</time>
      </trkpt>
      <trkpt lat="-29.55530421808362" lon="29.237329009920359">
        <ele>2795.6500000000001</ele>
        <time>2015-05-02T09:28:09Z</time>
      </trkpt>
      <trkpt lat="-29.555293824523687" lon="29.237287603318691">
        <ele>2795.6500000000001</ele>
        <time>2015-05-02T09:28:10Z</time>
      </trkpt>
      <trkpt lat="-29.55528125166893" lon="29.237234713509679">
        <ele>2795.6500000000001</ele>
        <time>2015-05-02T09:28:11Z</time>
      </trkpt>
      <trkpt lat="-29.555264236405492" lon="29.237171178683639">
        <ele>2795.1700000000001</ele>
        <time>2015-05-02T09:28:12Z</time>
      </trkpt>
      <trkpt lat="-29.555081678554416" lon="29.236394846811891">
        <ele>2792.29</ele>
        <time>2015-05-02T09:28:22Z</time>
      </trkpt>
      <trkpt lat="-29.555051755160093" lon="29.236324187368155">
        <ele>2791.8099999999999</ele>
        <time>2015-05-02T09:28:23Z</time>
      </trkpt>
      <trkpt lat="-29.554862324148417" lon="29.235598063096404">
        <ele>2787</ele>
        <time>2015-05-02T09:28:35Z</time>
      </trkpt>
      <trkpt lat="-29.554827874526381" lon="29.235425312072039">
        <ele>2787</ele>
        <time>2015-05-02T09:28:38Z</time>
      </trkpt>
      <trkpt lat="-29.554809015244246" lon="29.235377116128802">
        <ele>2787</ele>
        <time>2015-05-02T09:28:39Z</time>
      </trkpt>
      <trkpt lat="-29.554694015532732" lon="29.235096154734492">
        <ele>2787</ele>
        <time>2015-05-02T09:28:46Z</time>
      </trkpt>
      <trkpt lat="-29.554684376344085" lon="29.235048294067383">
        <ele>2787</ele>
        <time>2015-05-02T09:28:47Z</time>
      </trkpt>
      <trkpt lat="-29.554713880643249" lon="29.23478820361197">
        <ele>2787.96</ele>
        <time>2015-05-02T09:28:53Z</time>
      </trkpt>
      <trkpt lat="-29.554832149296999" lon="29.23462986946106">
        <ele>2789.4000000000001</ele>
        <time>2015-05-02T09:28:57Z</time>
      </trkpt>
      <trkpt lat="-29.554972462356091" lon="29.234628863632679">
        <ele>2789.8800000000001</ele>
        <time>2015-05-02T09:29:02Z</time>
      </trkpt>
      <trkpt lat="-29.555405471473932" lon="29.234786694869399">
        <ele>2786.52</ele>
        <time>2015-05-02T09:29:17Z</time>
      </trkpt>
      <trkpt lat="-29.555595405399799" lon="29.234901359304786">
        <ele>2785.0799999999999</ele>
        <time>2015-05-02T09:29:28Z</time>
      </trkpt>
      <trkpt lat="-29.55559154972434" lon="29.234901526942849">
        <ele>2786.52</ele>
        <time>2015-05-02T09:29:54Z</time>
      </trkpt>
      <trkpt lat="-29.555589202791452" lon="29.234898425638676">
        <ele>2786.04</ele>
        <time>2015-05-02T09:30:32Z</time>
      </trkpt>
      <trkpt lat="-29.555603954941034" lon="29.234908316284418">
        <ele>2786.04</ele>
        <time>2015-05-02T09:31:17Z</time>
      </trkpt>
      <trkpt lat="-29.555605379864573" lon="29.234910998493433">
        <ele>2785.5599999999999</ele>
        <time>2015-05-02T09:32:06Z</time>
      </trkpt>
      <trkpt lat="-29.555590795353055" lon="29.23491376452148">
        <ele>2784.1199999999999</ele>
        <time>2015-05-02T09:32:46Z</time>
      </trkpt>
      <trkpt lat="-29.555588951334357" lon="29.23490890301764">
        <ele>2783.6300000000001</ele>
        <time>2015-05-02T09:33:19Z</time>
      </trkpt>
      <trkpt lat="-29.555584508925676" lon="29.234903119504452">
        <ele>2784.1199999999999</ele>
        <time>2015-05-02T09:34:02Z</time>
      </trkpt>
      <trkpt lat="-29.555590460076928" lon="29.234901778399944">
        <ele>2784.1199999999999</ele>
        <time>2015-05-02T09:34:41Z</time>
      </trkpt>
      <trkpt lat="-29.555590460076928" lon="29.234902868047357">
        <ele>2784.5999999999999</ele>
        <time>2015-05-02T09:35:27Z</time>
      </trkpt>
      <trkpt lat="-29.555586855858564" lon="29.234908316284418">
        <ele>2783.6300000000001</ele>
        <time>2015-05-02T09:36:06Z</time>
      </trkpt>
      <trkpt lat="-29.555591130629182" lon="29.234908986836672">
        <ele>2783.6300000000001</ele>
        <time>2015-05-02T09:36:50Z</time>
      </trkpt>
      <trkpt lat="-29.555593561381102" lon="29.234911417588592">
        <ele>2783.1500000000001</ele>
        <time>2015-05-02T09:37:32Z</time>
      </trkpt>
      <trkpt lat="-29.555589873343706" lon="29.234909322112799">
        <ele>2783.1500000000001</ele>
        <time>2015-05-02T09:38:18Z</time>
      </trkpt>
      <trkpt lat="-29.555587526410818" lon="29.234909573569894">
        <ele>2783.6300000000001</ele>
        <time>2015-05-02T09:38:56Z</time>
      </trkpt>
      <trkpt lat="-29.555585766211152" lon="29.234913932159543">
        <ele>2782.6700000000001</ele>
        <time>2015-05-02T09:39:36Z</time>
      </trkpt>
      <trkpt lat="-29.555590711534023" lon="29.234902868047357">
        <ele>2783.1500000000001</ele>
        <time>2015-05-02T09:40:21Z</time>
      </trkpt>
      <trkpt lat="-29.55559154972434" lon="29.23490303568542">
        <ele>2783.1500000000001</ele>
        <time>2015-05-02T09:41:09Z</time>
      </trkpt>
      <trkpt lat="-29.555589118972421" lon="29.234902197495103">
        <ele>2782.1900000000001</ele>
        <time>2015-05-02T09:41:48Z</time>
      </trkpt>
      <trkpt lat="-29.555594064295292" lon="29.234898509457707">
        <ele>2782.6700000000001</ele>
        <time>2015-05-02T09:42:08Z</time>
      </trkpt>
      <trkpt lat="-29.555595489218831" lon="29.234900185838342">
        <ele>2782.6700000000001</ele>
        <time>2015-05-02T09:42:10Z</time>
      </trkpt>
      <trkpt lat="-29.555668411776423" lon="29.234828101471066">
        <ele>2783.1500000000001</ele>
        <time>2015-05-02T09:42:20Z</time>
      </trkpt>
      <trkpt lat="-29.555622227489948" lon="29.23481653444469">
        <ele>2783.1500000000001</ele>
        <time>2015-05-02T09:42:22Z</time>
      </trkpt>
      <trkpt lat="-29.555163905024529" lon="29.234739504754543">
        <ele>2785.5599999999999</ele>
        <time>2015-05-02T09:42:34Z</time>
      </trkpt>
      <trkpt lat="-29.554860312491655" lon="29.234606148675084">
        <ele>2787.48</ele>
        <time>2015-05-02T09:42:44Z</time>
      </trkpt>
      <trkpt lat="-29.554662918671966" lon="29.234916949644685">
        <ele>2784.5999999999999</ele>
        <time>2015-05-02T09:42:53Z</time>
      </trkpt>
      <trkpt lat="-29.554664930328727" lon="29.234965313225985">
        <ele>2784.5999999999999</ele>
        <time>2015-05-02T09:42:54Z</time>
      </trkpt>
      <trkpt lat="-29.554671635851264" lon="29.235015604645014">
        <ele>2784.1199999999999</ele>
        <time>2015-05-02T09:42:55Z</time>
      </trkpt>
      <trkpt lat="-29.55468269996345" lon="29.235067991539836">
        <ele>2784.1199999999999</ele>
        <time>2015-05-02T09:42:56Z</time>
      </trkpt>
      <trkpt lat="-29.554694937542081" lon="29.235122557729483">
        <ele>2784.1199999999999</ele>
        <time>2015-05-02T09:42:57Z</time>
      </trkpt>
      <trkpt lat="-29.554712036624551" lon="29.235178045928478">
        <ele>2784.1199999999999</ele>
        <time>2015-05-02T09:42:58Z</time>
      </trkpt>
      <trkpt lat="-29.55481706187129" lon="29.23546252772212">
        <ele>2784.1199999999999</ele>
        <time>2015-05-02T09:43:03Z</time>
      </trkpt>
      <trkpt lat="-29.554828042164445" lon="29.23551139421761">
        <ele>2784.1199999999999</ele>
        <time>2015-05-02T09:43:04Z</time>
      </trkpt>
      <trkpt lat="-29.555018814280629" lon="29.236294347792864">
        <ele>2787.96</ele>
        <time>2015-05-02T09:43:16Z</time>
      </trkpt>
      <trkpt lat="-29.555258369073272" lon="29.237223900854588">
        <ele>2791.8099999999999</ele>
        <time>2015-05-02T09:43:27Z</time>
      </trkpt>
      <trkpt lat="-29.555273540318012" lon="29.237329764291644">
        <ele>2792.29</ele>
        <time>2015-05-02T09:43:29Z</time>
      </trkpt>
      <trkpt lat="-29.5552724506706" lon="29.237371003255248">
        <ele>2792.77</ele>
        <time>2015-05-02T09:43:30Z</time>
      </trkpt>
      <trkpt lat="-29.555266750976443" lon="29.237404866144061">
        <ele>2792.77</ele>
        <time>2015-05-02T09:43:31Z</time>
      </trkpt>
      <trkpt lat="-29.555259374901652" lon="29.237434286624193">
        <ele>2793.25</ele>
        <time>2015-05-02T09:43:32Z</time>
      </trkpt>
      <trkpt lat="-29.555257195606828" lon="29.237468568608165">
        <ele>2793.73</ele>
        <time>2015-05-02T09:43:33Z</time>
      </trkpt>
      <trkpt lat="-29.555261302739382" lon="29.237509053200483">
        <ele>2794.21</ele>
        <time>2015-05-02T09:43:34Z</time>
      </trkpt>
      <trkpt lat="-29.555276054888964" lon="29.237556327134371">
        <ele>2794.21</ele>
        <time>2015-05-02T09:43:35Z</time>
      </trkpt>
      <trkpt lat="-29.555300865322351" lon="29.23761248588562">
        <ele>2794.6900000000001</ele>
        <time>2015-05-02T09:43:36Z</time>
      </trkpt>
      <trkpt lat="-29.555333219468594" lon="29.237677864730358">
        <ele>2794.6900000000001</ele>
        <time>2015-05-02T09:43:37Z</time>
      </trkpt>
      <trkpt lat="-29.555744184181094" lon="29.238361325114965">
        <ele>2797.5700000000002</ele>
        <time>2015-05-02T09:43:44Z</time>
      </trkpt>
      <trkpt lat="-29.556678598746657" lon="29.239785159006715">
        <ele>2801.4200000000001</ele>
        <time>2015-05-02T09:43:54Z</time>
      </trkpt>
      <trkpt lat="-29.558113999664783" lon="29.241992617025971">
        <ele>2804.7800000000002</ele>
        <time>2015-05-02T09:44:10Z</time>
      </trkpt>
      <trkpt lat="-29.559103986248374" lon="29.243489038199186">
        <ele>2806.71</ele>
        <time>2015-05-02T09:44:23Z</time>
      </trkpt>
      <trkpt lat="-29.560674838721752" lon="29.245865978300571">
        <ele>2817.2800000000002</ele>
        <time>2015-05-02T09:44:40Z</time>
      </trkpt>
      <trkpt lat="-29.561669183894992" lon="29.247548980638385">
        <ele>2823.0500000000002</ele>
        <time>2015-05-02T09:44:50Z</time>
      </trkpt>
      <trkpt lat="-29.562678365036845" lon="29.250018373131752">
        <ele>2829.7800000000002</ele>
        <time>2015-05-02T09:45:02Z</time>
      </trkpt>
      <trkpt lat="-29.563007857650518" lon="29.251216147094965">
        <ele>2836.0300000000002</ele>
        <time>2015-05-02T09:45:09Z</time>
      </trkpt>
      <trkpt lat="-29.563353108242154" lon="29.253383371978998">
        <ele>2838.4299999999998</ele>
        <time>2015-05-02T09:45:21Z</time>
      </trkpt>
      <trkpt lat="-29.563532313331962" lon="29.254907034337521">
        <ele>2839.3899999999999</ele>
        <time>2015-05-02T09:45:30Z</time>
      </trkpt>
      <trkpt lat="-29.563871780410409" lon="29.255566019564867">
        <ele>2839.8699999999999</ele>
        <time>2015-05-02T09:45:37Z</time>
      </trkpt>
      <trkpt lat="-29.564100271090865" lon="29.255815129727125">
        <ele>2840.8299999999999</ele>
        <time>2015-05-02T09:45:41Z</time>
      </trkpt>
      <trkpt lat="-29.564166655763984" lon="29.255862990394235">
        <ele>2841.3099999999999</ele>
        <time>2015-05-02T09:45:42Z</time>
      </trkpt>
      <trkpt lat="-29.564966876059771" lon="29.256214611232281">
        <ele>2846.1199999999999</ele>
        <time>2015-05-02T09:45:51Z</time>
      </trkpt>
      <trkpt lat="-29.565494265407324" lon="29.256320055574179">
        <ele>2849.9699999999998</ele>
        <time>2015-05-02T09:45:56Z</time>
      </trkpt>
      <trkpt lat="-29.565580766648054" lon="29.256355175748467">
        <ele>2850.4499999999998</ele>
        <time>2015-05-02T09:45:57Z</time>
      </trkpt>
      <trkpt lat="-29.565789811313152" lon="29.256462967023253">
        <ele>2851.4099999999999</ele>
        <time>2015-05-02T09:46:00Z</time>
      </trkpt>
      <trkpt lat="-29.565848736092448" lon="29.256510492414236">
        <ele>2851.4099999999999</ele>
        <time>2015-05-02T09:46:01Z</time>
      </trkpt>
      <trkpt lat="-29.565906152129173" lon="29.256567321717739">
        <ele>2851.8899999999999</ele>
        <time>2015-05-02T09:46:02Z</time>
      </trkpt>
      <trkpt lat="-29.566347626969218" lon="29.257338037714362">
        <ele>2851.4099999999999</ele>
        <time>2015-05-02T09:46:11Z</time>
      </trkpt>
      <trkpt lat="-29.566829921677709" lon="29.258484346792102">
        <ele>2852.8499999999999</ele>
        <time>2015-05-02T09:46:20Z</time>
      </trkpt>
      <trkpt lat="-29.567135777324438" lon="29.259253051131964">
        <ele>2853.8099999999999</ele>
        <time>2015-05-02T09:46:27Z</time>
      </trkpt>
      <trkpt lat="-29.567579180002213" lon="29.2602613940835">
        <ele>2859.5799999999999</ele>
        <time>2015-05-02T09:46:41Z</time>
      </trkpt>
      <trkpt lat="-29.567979918792844" lon="29.261111654341221">
        <ele>2862.46</ele>
        <time>2015-05-02T09:46:53Z</time>
      </trkpt>
      <trkpt lat="-29.568626582622528" lon="29.262193171307445">
        <ele>2860.54</ele>
        <time>2015-05-02T09:47:03Z</time>
      </trkpt>
      <trkpt lat="-29.569593854248524" lon="29.263558080419898">
        <ele>2861.02</ele>
        <time>2015-05-02T09:47:16Z</time>
      </trkpt>
      <trkpt lat="-29.570313859730959" lon="29.264085553586483">
        <ele>2862.46</ele>
        <time>2015-05-02T09:47:24Z</time>
      </trkpt>
      <trkpt lat="-29.571432508528233" lon="29.264949895441532">
        <ele>2866.3099999999999</ele>
        <time>2015-05-02T09:47:36Z</time>
      </trkpt>
      <trkpt lat="-29.571747751906514" lon="29.265401680022478">
        <ele>2867.27</ele>
        <time>2015-05-02T09:47:42Z</time>
      </trkpt>
      <trkpt lat="-29.571779435500503" lon="29.265496982261539">
        <ele>2867.27</ele>
        <time>2015-05-02T09:47:43Z</time>
      </trkpt>
      <trkpt lat="-29.571799132972956" lon="29.265587506815791">
        <ele>2867.27</ele>
        <time>2015-05-02T09:47:44Z</time>
      </trkpt>
      <trkpt lat="-29.571808436885476" lon="29.265681384131312">
        <ele>2867.27</ele>
        <time>2015-05-02T09:47:45Z</time>
      </trkpt>
      <trkpt lat="-29.571805587038398" lon="29.265772243961692">
        <ele>2867.27</ele>
        <time>2015-05-02T09:47:46Z</time>
      </trkpt>
      <trkpt lat="-29.571790164336562" lon="29.265877436846495">
        <ele>2867.27</ele>
        <time>2015-05-02T09:47:47Z</time>
      </trkpt>
      <trkpt lat="-29.571765521541238" lon="29.265971230342984">
        <ele>2867.27</ele>
        <time>2015-05-02T09:47:48Z</time>
      </trkpt>
      <trkpt lat="-29.57173140719533" lon="29.26605898886919">
        <ele>2867.27</ele>
        <time>2015-05-02T09:47:49Z</time>
      </trkpt>
      <trkpt lat="-29.571692682802677" lon="29.266138700768352">
        <ele>2867.27</ele>
        <time>2015-05-02T09:47:50Z</time>
      </trkpt>
      <trkpt lat="-29.571641134098172" lon="29.266227968037128">
        <ele>2866.79</ele>
        <time>2015-05-02T09:47:51Z</time>
      </trkpt>
      <trkpt lat="-29.571587992832065" lon="29.266305919736624">
        <ele>2866.79</ele>
        <time>2015-05-02T09:47:52Z</time>
      </trkpt>
      <trkpt lat="-29.571527810767293" lon="29.266381021589041">
        <ele>2866.3099999999999</ele>
        <time>2015-05-02T09:47:53Z</time>
      </trkpt>
      <trkpt lat="-29.571466371417046" lon="29.266453441232443">
        <ele>2866.3099999999999</ele>
        <time>2015-05-02T09:47:54Z</time>
      </trkpt>
      <trkpt lat="-29.570965552702546" lon="29.267263049259782">
        <ele>2862.9400000000001</ele>
        <time>2015-05-02T09:48:04Z</time>
      </trkpt>
      <trkpt lat="-29.570882404223084" lon="29.267724473029375">
        <ele>2862.46</ele>
        <time>2015-05-02T09:48:09Z</time>
      </trkpt>
      <trkpt lat="-29.570886176079512" lon="29.26782195456326">
        <ele>2862.46</ele>
        <time>2015-05-02T09:48:10Z</time>
      </trkpt>
      <trkpt lat="-29.571121456101537" lon="29.268940351903439">
        <ele>2863.4200000000001</ele>
        <time>2015-05-02T09:48:19Z</time>
      </trkpt>
      <trkpt lat="-29.571652365848422" lon="29.270365359261632">
        <ele>2868.71</ele>
        <time>2015-05-02T09:48:30Z</time>
      </trkpt>
      <trkpt lat="-29.572485778480768" lon="29.271401865407825">
        <ele>2873.52</ele>
        <time>2015-05-02T09:48:40Z</time>
      </trkpt>
      <trkpt lat="-29.573955126106739" lon="29.272962994873524">
        <ele>2881.6900000000001</ele>
        <time>2015-05-02T09:48:54Z</time>
      </trkpt>
      <trkpt lat="-29.575755223631859" lon="29.274892508983612">
        <ele>2875.9200000000001</ele>
        <time>2015-05-02T09:49:09Z</time>
      </trkpt>
      <trkpt lat="-29.576603220775723" lon="29.275801861658692">
        <ele>2876.4000000000001</ele>
        <time>2015-05-02T09:49:19Z</time>
      </trkpt>
      <trkpt lat="-29.577454989776015" lon="29.27671892568469">
        <ele>2879.77</ele>
        <time>2015-05-02T09:49:32Z</time>
      </trkpt>
      <trkpt lat="-29.578330814838409" lon="29.277643198147416">
        <ele>2882.1700000000001</ele>
        <time>2015-05-02T09:49:43Z</time>
      </trkpt>
      <trkpt lat="-29.579152492806315" lon="29.278502510860562">
        <ele>2882.6500000000001</ele>
        <time>2015-05-02T09:49:52Z</time>
      </trkpt>
      <trkpt lat="-29.580033347010612" lon="29.279103493317962">
        <ele>2881.6900000000001</ele>
        <time>2015-05-02T09:50:01Z</time>
      </trkpt>
      <trkpt lat="-29.58155483007431" lon="29.279839340597391">
        <ele>2881.6900000000001</ele>
        <time>2015-05-02T09:50:16Z</time>
      </trkpt>
      <trkpt lat="-29.582417327910662" lon="29.28069488145411">
        <ele>2881.21</ele>
        <time>2015-05-02T09:50:26Z</time>
      </trkpt>
      <trkpt lat="-29.582803985103965" lon="29.281352944672108">
        <ele>2882.1700000000001</ele>
        <time>2015-05-02T09:50:35Z</time>
      </trkpt>
      <trkpt lat="-29.582834746688604" lon="29.281421089544892">
        <ele>2881.6900000000001</ele>
        <time>2015-05-02T09:50:42Z</time>
      </trkpt>
      <trkpt lat="-29.582829969003797" lon="29.28141756914556">
        <ele>2882.6500000000001</ele>
        <time>2015-05-02T09:51:05Z</time>
      </trkpt>
      <trkpt lat="-29.582823934033513" lon="29.281413378193974">
        <ele>2882.1700000000001</ele>
        <time>2015-05-02T09:51:28Z</time>
      </trkpt>
      <trkpt lat="-29.582817563787103" lon="29.281417988240719">
        <ele>2882.6500000000001</ele>
        <time>2015-05-02T09:51:37Z</time>
      </trkpt>
      <trkpt lat="-29.582813791930676" lon="29.281433578580618">
        <ele>2883.1300000000001</ele>
        <time>2015-05-02T09:52:00Z</time>
      </trkpt>
      <trkpt lat="-29.582812702283263" lon="29.281430896371603">
        <ele>2881.6900000000001</ele>
        <time>2015-05-02T09:52:31Z</time>
      </trkpt>
      <trkpt lat="-29.582819659262896" lon="29.281430058181286">
        <ele>2882.1700000000001</ele>
        <time>2015-05-02T09:52:59Z</time>
      </trkpt>
      <trkpt lat="-29.582822928205132" lon="29.281425951048732">
        <ele>2880.73</ele>
        <time>2015-05-02T09:53:29Z</time>
      </trkpt>
      <trkpt lat="-29.582827538251877" lon="29.281431566923857">
        <ele>2880.73</ele>
        <time>2015-05-02T09:53:57Z</time>
      </trkpt>
      <trkpt lat="-29.582823514938354" lon="29.281432740390301">
        <ele>2881.6900000000001</ele>
        <time>2015-05-02T09:54:20Z</time>
      </trkpt>
      <trkpt lat="-29.582817312330008" lon="29.281433410942554">
        <ele>2881.6900000000001</ele>
        <time>2015-05-02T09:54:38Z</time>
      </trkpt>
      <trkpt lat="-29.582817815244198" lon="29.281430980190635">
        <ele>2881.6900000000001</ele>
        <time>2015-05-02T09:54:59Z</time>
      </trkpt>
      <trkpt lat="-29.582832735031843" lon="29.281437434256077">
        <ele>2882.1700000000001</ele>
        <time>2015-05-02T09:55:09Z</time>
      </trkpt>
      <trkpt lat="-29.582838686183095" lon="29.281423520296812">
        <ele>2881.21</ele>
        <time>2015-05-02T09:55:40Z</time>
      </trkpt>
      <trkpt lat="-29.582843044772744" lon="29.281427711248398">
        <ele>2881.21</ele>
        <time>2015-05-02T09:55:54Z</time>
      </trkpt>
      <trkpt lat="-29.582852264866233" lon="29.281445816159248">
        <ele>2881.21</ele>
        <time>2015-05-02T09:55:55Z</time>
      </trkpt>
      <trkpt lat="-29.583055358380079" lon="29.28187932819128">
        <ele>2881.6900000000001</ele>
        <time>2015-05-02T09:56:02Z</time>
      </trkpt>
      <trkpt lat="-29.583601355552673" lon="29.283323027193546">
        <ele>2882.1700000000001</ele>
        <time>2015-05-02T09:56:17Z</time>
      </trkpt>
      <trkpt lat="-29.584190770983696" lon="29.284687601029873">
        <ele>2882.1700000000001</ele>
        <time>2015-05-02T09:56:30Z</time>
      </trkpt>
      <trkpt lat="-29.584301998838782" lon="29.285103930160403">
        <ele>2881.6900000000001</ele>
        <time>2015-05-02T09:56:35Z</time>
      </trkpt>
      <trkpt lat="-29.584301076829433" lon="29.28516143001616">
        <ele>2881.6900000000001</ele>
        <time>2015-05-02T09:56:36Z</time>
      </trkpt>
      <trkpt lat="-29.584290850907564" lon="29.285206943750381">
        <ele>2881.6900000000001</ele>
        <time>2015-05-02T09:56:37Z</time>
      </trkpt>
      <trkpt lat="-29.584272243082523" lon="29.285244913771749">
        <ele>2881.6900000000001</ele>
        <time>2015-05-02T09:56:38Z</time>
      </trkpt>
      <trkpt lat="-29.584248689934611" lon="29.285278609022498">
        <ele>2881.6900000000001</ele>
        <time>2015-05-02T09:56:39Z</time>
      </trkpt>
      <trkpt lat="-29.584220945835114" lon="29.285307694226503">
        <ele>2881.21</ele>
        <time>2015-05-02T09:56:40Z</time>
      </trkpt>
      <trkpt lat="-29.584192363545299" lon="29.285331163555384">
        <ele>2881.21</ele>
        <time>2015-05-02T09:56:41Z</time>
      </trkpt>
      <trkpt lat="-29.58416017703712" lon="29.285352034494281">
        <ele>2881.21</ele>
        <time>2015-05-02T09:56:42Z</time>
      </trkpt>
      <trkpt lat="-29.584127236157656" lon="29.285370390862226">
        <ele>2881.21</ele>
        <time>2015-05-02T09:56:43Z</time>
      </trkpt>
      <trkpt lat="-29.583905367180705" lon="29.285554373636842">
        <ele>2880.25</ele>
        <time>2015-05-02T09:56:52Z</time>
      </trkpt>
    </trkseg>
  </trk>

</gpx>