<?xml version="1.0" encoding="utf-8"?><gpx creator="Garmin Desktop App" version="1.1" xsi:schemaLocation="http://www.topografix.com/GPX/1/1 http://www.topografix.com/GPX/1/1/gpx.xsd http://www.garmin.com/xmlschemas/WaypointExtension/v1 http://www8.garmin.com/xmlschemas/WaypointExtensionv1.xsd http://www.garmin.com/xmlschemas/TrackPointExtension/v1 http://www.garmin.com/xmlschemas/TrackPointExtensionv1.xsd http://www.garmin.com/xmlschemas/GpxExtensions/v3 http://www8.garmin.com/xmlschemas/GpxExtensionsv3.xsd http://www.garmin.com/xmlschemas/ActivityExtension/v1 http://www8.garmin.com/xmlschemas/ActivityExtensionv1.xsd http://www.garmin.com/xmlschemas/AdventuresExtensions/v1 http://www8.garmin.com/xmlschemas/AdventuresExtensionv1.xsd http://www.garmin.com/xmlschemas/PressureExtension/v1 http://www.garmin.com/xmlschemas/PressureExtensionv1.xsd http://www.garmin.com/xmlschemas/TripExtensions/v1 http://www.garmin.com/xmlschemas/TripExtensionsv1.xsd http://www.garmin.com/xmlschemas/TripMetaDataExtensions/v1 http://www.garmin.com/xmlschemas/TripMetaDataExtensionsv1.xsd http://www.garmin.com/xmlschemas/ViaPointTransportationModeExtensions/v1 http://www.garmin.com/xmlschemas/ViaPointTransportationModeExtensionsv1.xsd http://www.garmin.com/xmlschemas/CreationTimeExtension/v1 http://www.garmin.com/xmlschemas/CreationTimeExtensionsv1.xsd http://www.garmin.com/xmlschemas/AccelerationExtension/v1 http://www.garmin.com/xmlschemas/AccelerationExtensionv1.xsd http://www.garmin.com/xmlschemas/PowerExtension/v1 http://www.garmin.com/xmlschemas/PowerExtensionv1.xsd http://www.garmin.com/xmlschemas/VideoExtension/v1 http://www.garmin.com/xmlschemas/VideoExtensionv1.xsd" xmlns="http://www.topografix.com/GPX/1/1" xmlns:xsi="http://www.w3.org/2001/XMLSchema-instance" xmlns:wptx1="http://www.garmin.com/xmlschemas/WaypointExtension/v1" xmlns:gpxtrx="http://www.garmin.com/xmlschemas/GpxExtensions/v3" xmlns:gpxtpx="http://www.garmin.com/xmlschemas/TrackPointExtension/v1" xmlns:gpxx="http://www.garmin.com/xmlschemas/GpxExtensions/v3" xmlns:trp="http://www.garmin.com/xmlschemas/TripExtensions/v1" xmlns:adv="http://www.garmin.com/xmlschemas/AdventuresExtensions/v1" xmlns:prs="http://www.garmin.com/xmlschemas/PressureExtension/v1" xmlns:tmd="http://www.garmin.com/xmlschemas/TripMetaDataExtensions/v1" xmlns:vptm="http://www.garmin.com/xmlschemas/ViaPointTransportationModeExtensions/v1" xmlns:ctx="http://www.garmin.com/xmlschemas/CreationTimeExtension/v1" xmlns:gpxacc="http://www.garmin.com/xmlschemas/AccelerationExtension/v1" xmlns:gpxpx="http://www.garmin.com/xmlschemas/PowerExtension/v1" xmlns:vidx1="http://www.garmin.com/xmlschemas/VideoExtension/v1">

  <metadata>
    <link href="http://www.garmin.com">
      <text>Garmin International</text>
    </link>
    <time>2022-07-02T19:22:26Z</time>
    <bounds maxlat="-30.725878402590752" maxlon="28.219144865870476" minlat="-30.771289626136422" minlon="28.055734885856509" />
  </metadata>

  <trk>
    <name>[220] Naudes Nek Pass</name>
    <extensions>
      <gpxx:TrackExtension>
        <gpxx:DisplayColor>Red</gpxx:DisplayColor>
      </gpxx:TrackExtension>
    </extensions>
    <trkseg>
      <trkpt lat="-30.757527211681008" lon="28.208166668191552">
        <ele>1805.49</ele>
        <time>2022-01-20T09:05:38Z</time>
      </trkpt>
      <trkpt lat="-30.75745202600956" lon="28.208201453089714">
        <ele>1805.49</ele>
        <time>2022-01-20T09:05:39Z</time>
      </trkpt>
      <trkpt lat="-30.757364938035607" lon="28.208232633769512">
        <ele>1805.97</ele>
        <time>2022-01-20T09:05:40Z</time>
      </trkpt>
      <trkpt lat="-30.756486598402262" lon="28.208633875474334">
        <ele>1811.74</ele>
        <time>2022-01-20T09:05:47Z</time>
      </trkpt>
      <trkpt lat="-30.755236437544227" lon="28.209103597328067">
        <ele>1819.9100000000001</ele>
        <time>2022-01-20T09:05:55Z</time>
      </trkpt>
      <trkpt lat="-30.754365138709545" lon="28.209706675261259">
        <ele>1827.5999999999999</ele>
        <time>2022-01-20T09:06:03Z</time>
      </trkpt>
      <trkpt lat="-30.754304118454456" lon="28.209792338311672">
        <ele>1828.0799999999999</ele>
        <time>2022-01-20T09:06:04Z</time>
      </trkpt>
      <trkpt lat="-30.754256844520569" lon="28.209885125979781">
        <ele>1829.05</ele>
        <time>2022-01-20T09:06:05Z</time>
      </trkpt>
      <trkpt lat="-30.754223987460136" lon="28.209987385198474">
        <ele>1830.01</ele>
        <time>2022-01-20T09:06:06Z</time>
      </trkpt>
      <trkpt lat="-30.754198422655463" lon="28.210104648023844">
        <ele>1830.97</ele>
        <time>2022-01-20T09:06:07Z</time>
      </trkpt>
      <trkpt lat="-30.754176378250122" lon="28.210242530331016">
        <ele>1831.45</ele>
        <time>2022-01-20T09:06:08Z</time>
      </trkpt>
      <trkpt lat="-30.753984684124589" lon="28.211049372330308">
        <ele>1836.26</ele>
        <time>2022-01-20T09:06:15Z</time>
      </trkpt>
      <trkpt lat="-30.75390262529254" lon="28.211252130568027">
        <ele>1837.22</ele>
        <time>2022-01-20T09:06:17Z</time>
      </trkpt>
      <trkpt lat="-30.753847220912576" lon="28.211352629587054">
        <ele>1838.1800000000001</ele>
        <time>2022-01-20T09:06:18Z</time>
      </trkpt>
      <trkpt lat="-30.753782344982028" lon="28.211452709510922">
        <ele>1838.6600000000001</ele>
        <time>2022-01-20T09:06:19Z</time>
      </trkpt>
      <trkpt lat="-30.753712775185704" lon="28.211545329540968">
        <ele>1839.1400000000001</ele>
        <time>2022-01-20T09:06:20Z</time>
      </trkpt>
      <trkpt lat="-30.75364463031292" lon="28.211617581546307">
        <ele>1839.6199999999999</ele>
        <time>2022-01-20T09:06:21Z</time>
      </trkpt>
      <trkpt lat="-30.753569277003407" lon="28.211672566831112">
        <ele>1840.0999999999999</ele>
        <time>2022-01-20T09:06:22Z</time>
      </trkpt>
      <trkpt lat="-30.753489648923278" lon="28.211706764996052">
        <ele>1840.5799999999999</ele>
        <time>2022-01-20T09:06:23Z</time>
      </trkpt>
      <trkpt lat="-30.75339543633163" lon="28.211724869906902">
        <ele>1841.0599999999999</ele>
        <time>2022-01-20T09:06:24Z</time>
      </trkpt>
      <trkpt lat="-30.75328060425818" lon="28.211730401962996">
        <ele>1841.54</ele>
        <time>2022-01-20T09:06:25Z</time>
      </trkpt>
      <trkpt lat="-30.753156552091241" lon="28.211730234324932">
        <ele>1842.02</ele>
        <time>2022-01-20T09:06:26Z</time>
      </trkpt>
      <trkpt lat="-30.751759372651577" lon="28.211656054481864">
        <ele>1850.6800000000001</ele>
        <time>2022-01-20T09:06:35Z</time>
      </trkpt>
      <trkpt lat="-30.751314964145422" lon="28.211548011749983">
        <ele>1854.04</ele>
        <time>2022-01-20T09:06:39Z</time>
      </trkpt>
      <trkpt lat="-30.750879691913724" lon="28.211385486647487">
        <ele>1856.9200000000001</ele>
        <time>2022-01-20T09:06:44Z</time>
      </trkpt>
      <trkpt lat="-30.750816157087684" lon="28.211391605436802">
        <ele>1857.4000000000001</ele>
        <time>2022-01-20T09:06:45Z</time>
      </trkpt>
      <trkpt lat="-30.750762345269322" lon="28.211412644013762">
        <ele>1857.8900000000001</ele>
        <time>2022-01-20T09:06:46Z</time>
      </trkpt>
      <trkpt lat="-30.750710461288691" lon="28.21145061403513">
        <ele>1857.8900000000001</ele>
        <time>2022-01-20T09:06:47Z</time>
      </trkpt>
      <trkpt lat="-30.750661008059978" lon="28.211509706452489">
        <ele>1858.8499999999999</ele>
        <time>2022-01-20T09:06:48Z</time>
      </trkpt>
      <trkpt lat="-30.750619936734438" lon="28.211588161066175">
        <ele>1859.3299999999999</ele>
        <time>2022-01-20T09:06:49Z</time>
      </trkpt>
      <trkpt lat="-30.750586073845625" lon="28.211688660085201">
        <ele>1859.8099999999999</ele>
        <time>2022-01-20T09:06:50Z</time>
      </trkpt>
      <trkpt lat="-30.750557910650969" lon="28.211811203509569">
        <ele>1860.29</ele>
        <time>2022-01-20T09:06:51Z</time>
      </trkpt>
      <trkpt lat="-30.750530920922756" lon="28.211945816874504">
        <ele>1860.77</ele>
        <time>2022-01-20T09:06:52Z</time>
      </trkpt>
      <trkpt lat="-30.750467050820589" lon="28.21223339997232">
        <ele>1862.6900000000001</ele>
        <time>2022-01-20T09:06:54Z</time>
      </trkpt>
      <trkpt lat="-30.750421369448304" lon="28.212363990023732">
        <ele>1863.1700000000001</ele>
        <time>2022-01-20T09:06:55Z</time>
      </trkpt>
      <trkpt lat="-30.75036303140223" lon="28.212488712742925">
        <ele>1864.1300000000001</ele>
        <time>2022-01-20T09:06:56Z</time>
      </trkpt>
      <trkpt lat="-30.750137306749821" lon="28.212874447926879">
        <ele>1866.54</ele>
        <time>2022-01-20T09:07:00Z</time>
      </trkpt>
      <trkpt lat="-30.750114591792226" lon="28.212950304150581">
        <ele>1867.02</ele>
        <time>2022-01-20T09:07:01Z</time>
      </trkpt>
      <trkpt lat="-30.750117106363177" lon="28.213020293042064">
        <ele>1867.5</ele>
        <time>2022-01-20T09:07:02Z</time>
      </trkpt>
      <trkpt lat="-30.750139402225614" lon="28.213089276105165">
        <ele>1867.98</ele>
        <time>2022-01-20T09:07:03Z</time>
      </trkpt>
      <trkpt lat="-30.750178545713425" lon="28.213160187005997">
        <ele>1868.9400000000001</ele>
        <time>2022-01-20T09:07:04Z</time>
      </trkpt>
      <trkpt lat="-30.750232692807913" lon="28.213234031572938">
        <ele>1869.4200000000001</ele>
        <time>2022-01-20T09:07:05Z</time>
      </trkpt>
      <trkpt lat="-30.750303519889712" lon="28.213307624682784">
        <ele>1869.9000000000001</ele>
        <time>2022-01-20T09:07:06Z</time>
      </trkpt>
      <trkpt lat="-30.750384656712413" lon="28.213380128145218">
        <ele>1870.8599999999999</ele>
        <time>2022-01-20T09:07:07Z</time>
      </trkpt>
      <trkpt lat="-30.750474343076348" lon="28.21344475261867">
        <ele>1871.3399999999999</ele>
        <time>2022-01-20T09:07:08Z</time>
      </trkpt>
      <trkpt lat="-30.750574171543121" lon="28.213502168655396">
        <ele>1871.8199999999999</ele>
        <time>2022-01-20T09:07:09Z</time>
      </trkpt>
      <trkpt lat="-30.750683220103383" lon="28.213556651026011">
        <ele>1872.79</ele>
        <time>2022-01-20T09:07:10Z</time>
      </trkpt>
      <trkpt lat="-30.750914392992854" lon="28.213688749819994">
        <ele>1874.23</ele>
        <time>2022-01-20T09:07:12Z</time>
      </trkpt>
      <trkpt lat="-30.751014472916722" lon="28.213766114786267">
        <ele>1875.1900000000001</ele>
        <time>2022-01-20T09:07:13Z</time>
      </trkpt>
      <trkpt lat="-30.751103153452277" lon="28.2138507720083">
        <ele>1876.1500000000001</ele>
        <time>2022-01-20T09:07:14Z</time>
      </trkpt>
      <trkpt lat="-30.751182362437248" lon="28.213946577161551">
        <ele>1877.1099999999999</ele>
        <time>2022-01-20T09:07:15Z</time>
      </trkpt>
      <trkpt lat="-30.751254614442587" lon="28.214054452255368">
        <ele>1877.5899999999999</ele>
        <time>2022-01-20T09:07:16Z</time>
      </trkpt>
      <trkpt lat="-30.751320077106357" lon="28.214173726737499">
        <ele>1878.55</ele>
        <time>2022-01-20T09:07:17Z</time>
      </trkpt>
      <trkpt lat="-30.75138084590435" lon="28.214306412264705">
        <ele>1879.51</ele>
        <time>2022-01-20T09:07:18Z</time>
      </trkpt>
      <trkpt lat="-30.751438681036234" lon="28.214455777779222">
        <ele>1880.48</ele>
        <time>2022-01-20T09:07:19Z</time>
      </trkpt>
      <trkpt lat="-30.751832211390138" lon="28.215701160952449">
        <ele>1887.6900000000001</ele>
        <time>2022-01-20T09:07:27Z</time>
      </trkpt>
      <trkpt lat="-30.752010913565755" lon="28.217067159712315">
        <ele>1894.9000000000001</ele>
        <time>2022-01-20T09:07:37Z</time>
      </trkpt>
      <trkpt lat="-30.751955844461918" lon="28.21757853962481">
        <ele>1898.74</ele>
        <time>2022-01-20T09:07:43Z</time>
      </trkpt>
      <trkpt lat="-30.751940840855241" lon="28.217611061409116">
        <ele>1900.1800000000001</ele>
        <time>2022-01-20T09:07:51Z</time>
      </trkpt>
      <trkpt lat="-30.75194763019681" lon="28.217614078894258">
        <ele>1899.22</ele>
        <time>2022-01-20T09:08:52Z</time>
      </trkpt>
      <trkpt lat="-30.751951318234205" lon="28.217613156884909">
        <ele>1898.74</ele>
        <time>2022-01-20T09:09:38Z</time>
      </trkpt>
      <trkpt lat="-30.751939415931702" lon="28.217623131349683">
        <ele>1899.22</ele>
        <time>2022-01-20T09:10:09Z</time>
      </trkpt>
      <trkpt lat="-30.751920472830534" lon="28.217656323686242">
        <ele>1899.22</ele>
        <time>2022-01-20T09:10:10Z</time>
      </trkpt>
      <trkpt lat="-30.751642948016524" lon="28.218183713033795">
        <ele>1901.6300000000001</ele>
        <time>2022-01-20T09:10:16Z</time>
      </trkpt>
      <trkpt lat="-30.751047916710377" lon="28.219048557803035">
        <ele>1906.4300000000001</ele>
        <time>2022-01-20T09:10:24Z</time>
      </trkpt>
      <trkpt lat="-30.750973736867309" lon="28.219101196154952">
        <ele>1907.3900000000001</ele>
        <time>2022-01-20T09:10:25Z</time>
      </trkpt>
      <trkpt lat="-30.750901233404875" lon="28.21913237683475">
        <ele>1907.8699999999999</ele>
        <time>2022-01-20T09:10:26Z</time>
      </trkpt>
      <trkpt lat="-30.7508291490376" lon="28.219144865870476">
        <ele>1908.3499999999999</ele>
        <time>2022-01-20T09:10:27Z</time>
      </trkpt>
      <trkpt lat="-30.750756226480007" lon="28.219137070700526">
        <ele>1908.8299999999999</ele>
        <time>2022-01-20T09:10:28Z</time>
      </trkpt>
      <trkpt lat="-30.750685902312398" lon="28.219106141477823">
        <ele>1909.3199999999999</ele>
        <time>2022-01-20T09:10:29Z</time>
      </trkpt>
      <trkpt lat="-30.750623121857643" lon="28.219053586944938">
        <ele>1909.8</ele>
        <time>2022-01-20T09:10:30Z</time>
      </trkpt>
      <trkpt lat="-30.750567968934774" lon="28.218978149816394">
        <ele>1909.8</ele>
        <time>2022-01-20T09:10:31Z</time>
      </trkpt>
      <trkpt lat="-30.75051398947835" lon="28.218881674110889">
        <ele>1909.8</ele>
        <time>2022-01-20T09:10:32Z</time>
      </trkpt>
      <trkpt lat="-30.750454142689705" lon="28.21876734495163">
        <ele>1909.8</ele>
        <time>2022-01-20T09:10:33Z</time>
      </trkpt>
      <trkpt lat="-30.75022422708571" lon="28.218390410766006">
        <ele>1909.8</ele>
        <time>2022-01-20T09:10:36Z</time>
      </trkpt>
      <trkpt lat="-30.750130349770188" lon="28.218281110748649">
        <ele>1909.8</ele>
        <time>2022-01-20T09:10:37Z</time>
      </trkpt>
      <trkpt lat="-30.75002683326602" lon="28.218178348615766">
        <ele>1909.3199999999999</ele>
        <time>2022-01-20T09:10:38Z</time>
      </trkpt>
      <trkpt lat="-30.749201467260718" lon="28.217326747253537">
        <ele>1906.9100000000001</ele>
        <time>2022-01-20T09:10:46Z</time>
      </trkpt>
      <trkpt lat="-30.748619260266423" lon="28.216258808970451">
        <ele>1904.99</ele>
        <time>2022-01-20T09:10:53Z</time>
      </trkpt>
      <trkpt lat="-30.747957760468125" lon="28.21539337746799">
        <ele>1903.0699999999999</ele>
        <time>2022-01-20T09:11:01Z</time>
      </trkpt>
      <trkpt lat="-30.747774951159954" lon="28.21523261256516">
        <ele>1903.0699999999999</ele>
        <time>2022-01-20T09:11:03Z</time>
      </trkpt>
      <trkpt lat="-30.747682498767972" lon="28.215178046375513">
        <ele>1902.5899999999999</ele>
        <time>2022-01-20T09:11:04Z</time>
      </trkpt>
      <trkpt lat="-30.747585101053119" lon="28.215137226507068">
        <ele>1902.5899999999999</ele>
        <time>2022-01-20T09:11:05Z</time>
      </trkpt>
      <trkpt lat="-30.747479572892189" lon="28.215108644217253">
        <ele>1902.5899999999999</ele>
        <time>2022-01-20T09:11:06Z</time>
      </trkpt>
      <trkpt lat="-30.747365411370993" lon="28.2150889467448">
        <ele>1902.1099999999999</ele>
        <time>2022-01-20T09:11:07Z</time>
      </trkpt>
      <trkpt lat="-30.74713759124279" lon="28.215077212080359">
        <ele>1901.6300000000001</ele>
        <time>2022-01-20T09:11:09Z</time>
      </trkpt>
      <trkpt lat="-30.747028794139624" lon="28.215089198201895">
        <ele>1901.1400000000001</ele>
        <time>2022-01-20T09:11:10Z</time>
      </trkpt>
      <trkpt lat="-30.746923098340631" lon="28.215113338083029">
        <ele>1901.1400000000001</ele>
        <time>2022-01-20T09:11:11Z</time>
      </trkpt>
      <trkpt lat="-30.746821844950318" lon="28.215150134637952">
        <ele>1900.6600000000001</ele>
        <time>2022-01-20T09:11:12Z</time>
      </trkpt>
      <trkpt lat="-30.746723860502243" lon="28.215198330581188">
        <ele>1900.6600000000001</ele>
        <time>2022-01-20T09:11:13Z</time>
      </trkpt>
      <trkpt lat="-30.746629061177373" lon="28.215259267017245">
        <ele>1900.6600000000001</ele>
        <time>2022-01-20T09:11:14Z</time>
      </trkpt>
      <trkpt lat="-30.746533842757344" lon="28.215326154604554">
        <ele>1900.1800000000001</ele>
        <time>2022-01-20T09:11:15Z</time>
      </trkpt>
      <trkpt lat="-30.745795061811805" lon="28.215844323858619">
        <ele>1899.7</ele>
        <time>2022-01-20T09:11:24Z</time>
      </trkpt>
      <trkpt lat="-30.745709482580423" lon="28.215882545337081">
        <ele>1899.7</ele>
        <time>2022-01-20T09:11:25Z</time>
      </trkpt>
      <trkpt lat="-30.745617197826505" lon="28.215911630541086">
        <ele>1899.22</ele>
        <time>2022-01-20T09:11:26Z</time>
      </trkpt>
      <trkpt lat="-30.745518961921334" lon="28.215926634147763">
        <ele>1899.22</ele>
        <time>2022-01-20T09:11:27Z</time>
      </trkpt>
      <trkpt lat="-30.745415696874261" lon="28.215927723795176">
        <ele>1898.74</ele>
        <time>2022-01-20T09:11:28Z</time>
      </trkpt>
      <trkpt lat="-30.74531402438879" lon="28.215916408225894">
        <ele>1898.74</ele>
        <time>2022-01-20T09:11:29Z</time>
      </trkpt>
      <trkpt lat="-30.745218554511666" lon="28.215893693268299">
        <ele>1898.26</ele>
        <time>2022-01-20T09:11:30Z</time>
      </trkpt>
      <trkpt lat="-30.74513029307127" lon="28.215860668569803">
        <ele>1898.26</ele>
        <time>2022-01-20T09:11:31Z</time>
      </trkpt>
      <trkpt lat="-30.745046306401491" lon="28.215819513425231">
        <ele>1897.78</ele>
        <time>2022-01-20T09:11:32Z</time>
      </trkpt>
      <trkpt lat="-30.744967516511679" lon="28.215771904215217">
        <ele>1897.78</ele>
        <time>2022-01-20T09:11:33Z</time>
      </trkpt>
      <trkpt lat="-30.74489283375442" lon="28.215717086568475">
        <ele>1897.78</ele>
        <time>2022-01-20T09:11:34Z</time>
      </trkpt>
      <trkpt lat="-30.74482343159616" lon="28.215655898675323">
        <ele>1898.26</ele>
        <time>2022-01-20T09:11:35Z</time>
      </trkpt>
      <trkpt lat="-30.7447574660182" lon="28.215590268373489">
        <ele>1898.26</ele>
        <time>2022-01-20T09:11:36Z</time>
      </trkpt>
      <trkpt lat="-30.744695356115699" lon="28.215520614758134">
        <ele>1898.74</ele>
        <time>2022-01-20T09:11:37Z</time>
      </trkpt>
      <trkpt lat="-30.744638945907354" lon="28.21544568054378">
        <ele>1899.22</ele>
        <time>2022-01-20T09:11:38Z</time>
      </trkpt>
      <trkpt lat="-30.744590330868959" lon="28.215366052463651">
        <ele>1899.22</ele>
        <time>2022-01-20T09:11:39Z</time>
      </trkpt>
      <trkpt lat="-30.744551187381148" lon="28.215280137956142">
        <ele>1899.7</ele>
        <time>2022-01-20T09:11:40Z</time>
      </trkpt>
      <trkpt lat="-30.744523443281651" lon="28.215187098830938">
        <ele>1900.1800000000001</ele>
        <time>2022-01-20T09:11:41Z</time>
      </trkpt>
      <trkpt lat="-30.744506595656276" lon="28.21508601307869">
        <ele>1900.6600000000001</ele>
        <time>2022-01-20T09:11:42Z</time>
      </trkpt>
      <trkpt lat="-30.744498800486326" lon="28.21497998200357">
        <ele>1900.6600000000001</ele>
        <time>2022-01-20T09:11:43Z</time>
      </trkpt>
      <trkpt lat="-30.744495363906026" lon="28.214870011433959">
        <ele>1901.6300000000001</ele>
        <time>2022-01-20T09:11:44Z</time>
      </trkpt>
      <trkpt lat="-30.744505757465959" lon="28.214160315692425">
        <ele>1904.99</ele>
        <time>2022-01-20T09:11:50Z</time>
      </trkpt>
      <trkpt lat="-30.744530819356441" lon="28.214027378708124">
        <ele>1905.47</ele>
        <time>2022-01-20T09:11:51Z</time>
      </trkpt>
      <trkpt lat="-30.744564682245255" lon="28.213889664039016">
        <ele>1905.95</ele>
        <time>2022-01-20T09:11:52Z</time>
      </trkpt>
      <trkpt lat="-30.74475696310401" lon="28.213386330753565">
        <ele>1908.8299999999999</ele>
        <time>2022-01-20T09:11:56Z</time>
      </trkpt>
      <trkpt lat="-30.744826616719365" lon="28.213274599984288">
        <ele>1909.8</ele>
        <time>2022-01-20T09:11:57Z</time>
      </trkpt>
      <trkpt lat="-30.74540538713336" lon="28.212583092972636">
        <ele>1915.0799999999999</ele>
        <time>2022-01-20T09:12:03Z</time>
      </trkpt>
      <trkpt lat="-30.745795397087932" lon="28.211944391950965">
        <ele>1920.3699999999999</ele>
        <time>2022-01-20T09:12:10Z</time>
      </trkpt>
      <trkpt lat="-30.745814759284258" lon="28.211869625374675">
        <ele>1921.3299999999999</ele>
        <time>2022-01-20T09:12:11Z</time>
      </trkpt>
      <trkpt lat="-30.745822973549366" lon="28.211800726130605">
        <ele>1921.8099999999999</ele>
        <time>2022-01-20T09:12:12Z</time>
      </trkpt>
      <trkpt lat="-30.745817944407463" lon="28.21174037642777">
        <ele>1921.8099999999999</ele>
        <time>2022-01-20T09:12:13Z</time>
      </trkpt>
      <trkpt lat="-30.745797408744693" lon="28.211680864915252">
        <ele>1922.29</ele>
        <time>2022-01-20T09:12:14Z</time>
      </trkpt>
      <trkpt lat="-30.74576061218977" lon="28.211621604859829">
        <ele>1922.29</ele>
        <time>2022-01-20T09:12:15Z</time>
      </trkpt>
      <trkpt lat="-30.745710153132677" lon="28.211568128317595">
        <ele>1922.77</ele>
        <time>2022-01-20T09:12:16Z</time>
      </trkpt>
      <trkpt lat="-30.745642343536019" lon="28.211512891575694">
        <ele>1922.77</ele>
        <time>2022-01-20T09:12:17Z</time>
      </trkpt>
      <trkpt lat="-30.745560619980097" lon="28.211455559358001">
        <ele>1923.25</ele>
        <time>2022-01-20T09:12:18Z</time>
      </trkpt>
      <trkpt lat="-30.745472358539701" lon="28.211388839408755">
        <ele>1923.25</ele>
        <time>2022-01-20T09:12:19Z</time>
      </trkpt>
      <trkpt lat="-30.745386779308319" lon="28.211310049518943">
        <ele>1923.74</ele>
        <time>2022-01-20T09:12:20Z</time>
      </trkpt>
      <trkpt lat="-30.745309330523014" lon="28.211223380640149">
        <ele>1924.22</ele>
        <time>2022-01-20T09:12:21Z</time>
      </trkpt>
      <trkpt lat="-30.745245292782784" lon="28.211133107542992">
        <ele>1924.7</ele>
        <time>2022-01-20T09:12:22Z</time>
      </trkpt>
      <trkpt lat="-30.745184775441885" lon="28.211033279076219">
        <ele>1925.1800000000001</ele>
        <time>2022-01-20T09:12:23Z</time>
      </trkpt>
      <trkpt lat="-30.744731314480305" lon="28.210217719897628">
        <ele>1931.4300000000001</ele>
        <time>2022-01-20T09:12:30Z</time>
      </trkpt>
      <trkpt lat="-30.744697283953428" lon="28.210132224485278">
        <ele>1932.3900000000001</ele>
        <time>2022-01-20T09:12:31Z</time>
      </trkpt>
      <trkpt lat="-30.744674485176802" lon="28.210045052692294">
        <ele>1932.8699999999999</ele>
        <time>2022-01-20T09:12:32Z</time>
      </trkpt>
      <trkpt lat="-30.744515648111701" lon="28.20903193205595">
        <ele>1935.27</ele>
        <time>2022-01-20T09:12:40Z</time>
      </trkpt>
      <trkpt lat="-30.744423950091004" lon="28.208092404529452">
        <ele>1934.79</ele>
        <time>2022-01-20T09:12:47Z</time>
      </trkpt>
      <trkpt lat="-30.744440043345094" lon="28.207972878590226">
        <ele>1934.79</ele>
        <time>2022-01-20T09:12:48Z</time>
      </trkpt>
      <trkpt lat="-30.744468290358782" lon="28.207857040688396">
        <ele>1934.3099999999999</ele>
        <time>2022-01-20T09:12:49Z</time>
      </trkpt>
      <trkpt lat="-30.744506260380149" lon="28.207749333232641">
        <ele>1934.3099999999999</ele>
        <time>2022-01-20T09:12:50Z</time>
      </trkpt>
      <trkpt lat="-30.744558479636908" lon="28.20764179341495">
        <ele>1934.3099999999999</ele>
        <time>2022-01-20T09:12:51Z</time>
      </trkpt>
      <trkpt lat="-30.744623439386487" lon="28.207538947463036">
        <ele>1933.8299999999999</ele>
        <time>2022-01-20T09:12:52Z</time>
      </trkpt>
      <trkpt lat="-30.744704660028219" lon="28.207434006035328">
        <ele>1933.8299999999999</ele>
        <time>2022-01-20T09:12:53Z</time>
      </trkpt>
      <trkpt lat="-30.744804572314024" lon="28.207324873656034">
        <ele>1933.8299999999999</ele>
        <time>2022-01-20T09:12:54Z</time>
      </trkpt>
      <trkpt lat="-30.744917644187808" lon="28.207214148715138">
        <ele>1933.8299999999999</ele>
        <time>2022-01-20T09:12:55Z</time>
      </trkpt>
      <trkpt lat="-30.745772598311305" lon="28.206123327836394">
        <ele>1931.4300000000001</ele>
        <time>2022-01-20T09:13:04Z</time>
      </trkpt>
      <trkpt lat="-30.74618523940444" lon="28.205352695658803">
        <ele>1931.9100000000001</ele>
        <time>2022-01-20T09:13:10Z</time>
      </trkpt>
      <trkpt lat="-30.746254473924637" lon="28.205270888283849">
        <ele>1932.8699999999999</ele>
        <time>2022-01-20T09:13:11Z</time>
      </trkpt>
      <trkpt lat="-30.746319014579058" lon="28.205201234668493">
        <ele>1933.3499999999999</ele>
        <time>2022-01-20T09:13:12Z</time>
      </trkpt>
      <trkpt lat="-30.746365953236818" lon="28.205140298232436">
        <ele>1933.8299999999999</ele>
        <time>2022-01-20T09:13:13Z</time>
      </trkpt>
      <trkpt lat="-30.746396128088236" lon="28.205080619081855">
        <ele>1934.3099999999999</ele>
        <time>2022-01-20T09:13:14Z</time>
      </trkpt>
      <trkpt lat="-30.746413981541991" lon="28.205018844455481">
        <ele>1934.79</ele>
        <time>2022-01-20T09:13:15Z</time>
      </trkpt>
      <trkpt lat="-30.746418507769704" lon="28.204953381791711">
        <ele>1935.27</ele>
        <time>2022-01-20T09:13:16Z</time>
      </trkpt>
      <trkpt lat="-30.746407192200422" lon="28.204879201948643">
        <ele>1935.75</ele>
        <time>2022-01-20T09:13:17Z</time>
      </trkpt>
      <trkpt lat="-30.746374502778053" lon="28.204800663515925">
        <ele>1936.23</ele>
        <time>2022-01-20T09:13:18Z</time>
      </trkpt>
      <trkpt lat="-30.746322199702263" lon="28.204716676846147">
        <ele>1936.71</ele>
        <time>2022-01-20T09:13:19Z</time>
      </trkpt>
      <trkpt lat="-30.746259251609445" lon="28.204625900834799">
        <ele>1937.6700000000001</ele>
        <time>2022-01-20T09:13:20Z</time>
      </trkpt>
      <trkpt lat="-30.746195549145341" lon="28.204523641616106">
        <ele>1938.1600000000001</ele>
        <time>2022-01-20T09:13:21Z</time>
      </trkpt>
      <trkpt lat="-30.746137881651521" lon="28.204411743208766">
        <ele>1939.1199999999999</ele>
        <time>2022-01-20T09:13:22Z</time>
      </trkpt>
      <trkpt lat="-30.746085662394762" lon="28.204286601394415">
        <ele>1940.0799999999999</ele>
        <time>2022-01-20T09:13:23Z</time>
      </trkpt>
      <trkpt lat="-30.746039813384414" lon="28.20414612069726">
        <ele>1941.52</ele>
        <time>2022-01-20T09:13:24Z</time>
      </trkpt>
      <trkpt lat="-30.746002262458205" lon="28.20400002412498">
        <ele>1942.48</ele>
        <time>2022-01-20T09:13:25Z</time>
      </trkpt>
      <trkpt lat="-30.745924729853868" lon="28.203402142971754">
        <ele>1946.8099999999999</ele>
        <time>2022-01-20T09:13:29Z</time>
      </trkpt>
      <trkpt lat="-30.745934033766389" lon="28.203265015035868">
        <ele>1947.77</ele>
        <time>2022-01-20T09:13:30Z</time>
      </trkpt>
      <trkpt lat="-30.745957419276237" lon="28.203136269003153">
        <ele>1948.73</ele>
        <time>2022-01-20T09:13:31Z</time>
      </trkpt>
      <trkpt lat="-30.745991701260209" lon="28.203017329797149">
        <ele>1949.6900000000001</ele>
        <time>2022-01-20T09:13:32Z</time>
      </trkpt>
      <trkpt lat="-30.746037550270557" lon="28.202907275408506">
        <ele>1950.6500000000001</ele>
        <time>2022-01-20T09:13:33Z</time>
      </trkpt>
      <trkpt lat="-30.746099827811122" lon="28.202806105837226">
        <ele>1951.6099999999999</ele>
        <time>2022-01-20T09:13:34Z</time>
      </trkpt>
      <trkpt lat="-30.746173001825809" lon="28.202724047005177">
        <ele>1952.0899999999999</ele>
        <time>2022-01-20T09:13:35Z</time>
      </trkpt>
      <trkpt lat="-30.746260676532984" lon="28.202653806656599">
        <ele>1952.5699999999999</ele>
        <time>2022-01-20T09:13:36Z</time>
      </trkpt>
      <trkpt lat="-30.746362768113613" lon="28.202597731724381">
        <ele>1953.0599999999999</ele>
        <time>2022-01-20T09:13:37Z</time>
      </trkpt>
      <trkpt lat="-30.74647206813097" lon="28.202556576579809">
        <ele>1953.54</ele>
        <time>2022-01-20T09:13:38Z</time>
      </trkpt>
      <trkpt lat="-30.746596539393067" lon="28.202522294595838">
        <ele>1954.02</ele>
        <time>2022-01-20T09:13:39Z</time>
      </trkpt>
      <trkpt lat="-30.747241610661149" lon="28.202362284064293">
        <ele>1957.8599999999999</ele>
        <time>2022-01-20T09:13:44Z</time>
      </trkpt>
      <trkpt lat="-30.747340936213732" lon="28.20236505009234">
        <ele>1958.8199999999999</ele>
        <time>2022-01-20T09:13:45Z</time>
      </trkpt>
      <trkpt lat="-30.747432047501206" lon="28.202386340126395">
        <ele>1959.3</ele>
        <time>2022-01-20T09:13:46Z</time>
      </trkpt>
      <trkpt lat="-30.74752114713192" lon="28.202424645423889">
        <ele>1959.78</ele>
        <time>2022-01-20T09:13:47Z</time>
      </trkpt>
      <trkpt lat="-30.74761351570487" lon="28.202476110309362">
        <ele>1960.27</ele>
        <time>2022-01-20T09:13:48Z</time>
      </trkpt>
      <trkpt lat="-30.74844416230917" lon="28.202804680913687">
        <ele>1958.8199999999999</ele>
        <time>2022-01-20T09:13:57Z</time>
      </trkpt>
      <trkpt lat="-30.748508535325527" lon="28.202819265425205">
        <ele>1958.3399999999999</ele>
        <time>2022-01-20T09:13:58Z</time>
      </trkpt>
      <trkpt lat="-30.748608196154237" lon="28.202826138585806">
        <ele>1957.3800000000001</ele>
        <time>2022-01-20T09:14:04Z</time>
      </trkpt>
      <trkpt lat="-30.748620685189962" lon="28.20279554463923">
        <ele>1957.8599999999999</ele>
        <time>2022-01-20T09:14:16Z</time>
      </trkpt>
      <trkpt lat="-30.748635437339544" lon="28.202774422243237">
        <ele>1957.8599999999999</ele>
        <time>2022-01-20T09:14:17Z</time>
      </trkpt>
      <trkpt lat="-30.748674245551229" lon="28.202702086418867">
        <ele>1957.8599999999999</ele>
        <time>2022-01-20T09:14:19Z</time>
      </trkpt>
      <trkpt lat="-30.74869092553854" lon="28.202646933495998">
        <ele>1957.8599999999999</ele>
        <time>2022-01-20T09:14:20Z</time>
      </trkpt>
      <trkpt lat="-30.748702408745885" lon="28.202582560479641">
        <ele>1957.8599999999999</ele>
        <time>2022-01-20T09:14:21Z</time>
      </trkpt>
      <trkpt lat="-30.748710203915834" lon="28.202513661235571">
        <ele>1958.3399999999999</ele>
        <time>2022-01-20T09:14:22Z</time>
      </trkpt>
      <trkpt lat="-30.748716071248055" lon="28.202444091439247">
        <ele>1958.3399999999999</ele>
        <time>2022-01-20T09:14:23Z</time>
      </trkpt>
      <trkpt lat="-30.748779103159904" lon="28.201748728752136">
        <ele>1958.8199999999999</ele>
        <time>2022-01-20T09:14:31Z</time>
      </trkpt>
      <trkpt lat="-30.748808775097132" lon="28.201657449826598">
        <ele>1958.8199999999999</ele>
        <time>2022-01-20T09:14:32Z</time>
      </trkpt>
      <trkpt lat="-30.748849092051387" lon="28.201567847281694">
        <ele>1958.3399999999999</ele>
        <time>2022-01-20T09:14:33Z</time>
      </trkpt>
      <trkpt lat="-30.748904244974256" lon="28.201482519507408">
        <ele>1958.3399999999999</ele>
        <time>2022-01-20T09:14:34Z</time>
      </trkpt>
      <trkpt lat="-30.748975658789277" lon="28.201401801779866">
        <ele>1957.8599999999999</ele>
        <time>2022-01-20T09:14:35Z</time>
      </trkpt>
      <trkpt lat="-30.74906132183969" lon="28.201331561431289">
        <ele>1957.3800000000001</ele>
        <time>2022-01-20T09:14:36Z</time>
      </trkpt>
      <trkpt lat="-30.749161820858717" lon="28.201269702985883">
        <ele>1956.9000000000001</ele>
        <time>2022-01-20T09:14:37Z</time>
      </trkpt>
      <trkpt lat="-30.749272126704454" lon="28.201214633882046">
        <ele>1956.9000000000001</ele>
        <time>2022-01-20T09:14:38Z</time>
      </trkpt>
      <trkpt lat="-30.749388886615634" lon="28.201164929196239">
        <ele>1956.4200000000001</ele>
        <time>2022-01-20T09:14:39Z</time>
      </trkpt>
      <trkpt lat="-30.749759702011943" lon="28.201019754633307">
        <ele>1954.98</ele>
        <time>2022-01-20T09:14:43Z</time>
      </trkpt>
      <trkpt lat="-30.749806221574545" lon="28.20099008269608">
        <ele>1954.98</ele>
        <time>2022-01-20T09:14:44Z</time>
      </trkpt>
      <trkpt lat="-30.749839162454009" lon="28.200960326939821">
        <ele>1954.98</ele>
        <time>2022-01-20T09:14:45Z</time>
      </trkpt>
      <trkpt lat="-30.749866152182221" lon="28.200925877317786">
        <ele>1954.5</ele>
        <time>2022-01-20T09:14:46Z</time>
      </trkpt>
      <trkpt lat="-30.749894734472036" lon="28.200884470716119">
        <ele>1954.5</ele>
        <time>2022-01-20T09:14:47Z</time>
      </trkpt>
      <trkpt lat="-30.74992373585701" lon="28.200830491259694">
        <ele>1954.5</ele>
        <time>2022-01-20T09:14:48Z</time>
      </trkpt>
      <trkpt lat="-30.749954162165523" lon="28.200770057737827">
        <ele>1954.98</ele>
        <time>2022-01-20T09:14:49Z</time>
      </trkpt>
      <trkpt lat="-30.749985259026289" lon="28.200699733570218">
        <ele>1954.98</ele>
        <time>2022-01-20T09:14:50Z</time>
      </trkpt>
      <trkpt lat="-30.750018786638975" lon="28.200618764385581">
        <ele>1955.46</ele>
        <time>2022-01-20T09:14:51Z</time>
      </trkpt>
      <trkpt lat="-30.750111909583211" lon="28.200420113280416">
        <ele>1956.4200000000001</ele>
        <time>2022-01-20T09:14:53Z</time>
      </trkpt>
      <trkpt lat="-30.750178964808583" lon="28.200320033356547">
        <ele>1957.3800000000001</ele>
        <time>2022-01-20T09:14:54Z</time>
      </trkpt>
      <trkpt lat="-30.750256329774857" lon="28.200224814936519">
        <ele>1957.8599999999999</ele>
        <time>2022-01-20T09:14:55Z</time>
      </trkpt>
      <trkpt lat="-30.751095525920391" lon="28.199535822495818">
        <ele>1956.4200000000001</ele>
        <time>2022-01-20T09:15:03Z</time>
      </trkpt>
      <trkpt lat="-30.751204993575811" lon="28.199495924636722">
        <ele>1955.9400000000001</ele>
        <time>2022-01-20T09:15:04Z</time>
      </trkpt>
      <trkpt lat="-30.751307001337409" lon="28.199473544955254">
        <ele>1954.98</ele>
        <time>2022-01-20T09:15:05Z</time>
      </trkpt>
      <trkpt lat="-30.751403477042913" lon="28.199469270184636">
        <ele>1954.5</ele>
        <time>2022-01-20T09:15:06Z</time>
      </trkpt>
      <trkpt lat="-30.751500455662608" lon="28.199482010677457">
        <ele>1954.02</ele>
        <time>2022-01-20T09:15:07Z</time>
      </trkpt>
      <trkpt lat="-30.751600787043571" lon="28.199504306539893">
        <ele>1953.0599999999999</ele>
        <time>2022-01-20T09:15:08Z</time>
      </trkpt>
      <trkpt lat="-30.751873198896646" lon="28.19953984580934">
        <ele>1951.6099999999999</ele>
        <time>2022-01-20T09:15:11Z</time>
      </trkpt>
      <trkpt lat="-30.751939918845892" lon="28.199528530240059">
        <ele>1951.1300000000001</ele>
        <time>2022-01-20T09:15:12Z</time>
      </trkpt>
      <trkpt lat="-30.751998843625188" lon="28.199504557996988">
        <ele>1951.1300000000001</ele>
        <time>2022-01-20T09:15:13Z</time>
      </trkpt>
      <trkpt lat="-30.752053996548057" lon="28.199470024555922">
        <ele>1951.1300000000001</ele>
        <time>2022-01-20T09:15:14Z</time>
      </trkpt>
      <trkpt lat="-30.752107473090291" lon="28.199427193030715">
        <ele>1951.1300000000001</ele>
        <time>2022-01-20T09:15:15Z</time>
      </trkpt>
      <trkpt lat="-30.752167068421841" lon="28.199375225231051">
        <ele>1951.1300000000001</ele>
        <time>2022-01-20T09:15:16Z</time>
      </trkpt>
      <trkpt lat="-30.752235967665911" lon="28.199308253824711">
        <ele>1951.1300000000001</ele>
        <time>2022-01-20T09:15:17Z</time>
      </trkpt>
      <trkpt lat="-30.752883050590754" lon="28.198610711842775">
        <ele>1953.0599999999999</ele>
        <time>2022-01-20T09:15:24Z</time>
      </trkpt>
      <trkpt lat="-30.753029314801097" lon="28.198400661349297">
        <ele>1953.54</ele>
        <time>2022-01-20T09:15:26Z</time>
      </trkpt>
      <trkpt lat="-30.753088071942329" lon="28.198285410180688">
        <ele>1954.02</ele>
        <time>2022-01-20T09:15:27Z</time>
      </trkpt>
      <trkpt lat="-30.753136603161693" lon="28.198157921433449">
        <ele>1954.5</ele>
        <time>2022-01-20T09:15:28Z</time>
      </trkpt>
      <trkpt lat="-30.753173567354679" lon="28.198025906458497">
        <ele>1954.98</ele>
        <time>2022-01-20T09:15:29Z</time>
      </trkpt>
      <trkpt lat="-30.75320390984416" lon="28.197885677218437">
        <ele>1955.9400000000001</ele>
        <time>2022-01-20T09:15:30Z</time>
      </trkpt>
      <trkpt lat="-30.753462994471192" lon="28.196637444198132">
        <ele>1958.8199999999999</ele>
        <time>2022-01-20T09:15:38Z</time>
      </trkpt>
      <trkpt lat="-30.753630800172687" lon="28.195320563390851">
        <ele>1957.8599999999999</ele>
        <time>2022-01-20T09:15:47Z</time>
      </trkpt>
      <trkpt lat="-30.75349853374064" lon="28.193776700645685">
        <ele>1958.8199999999999</ele>
        <time>2022-01-20T09:15:57Z</time>
      </trkpt>
      <trkpt lat="-30.753243556246161" lon="28.191589526832104">
        <ele>1967.48</ele>
        <time>2022-01-20T09:16:11Z</time>
      </trkpt>
      <trkpt lat="-30.753170801326632" lon="28.190656034275889">
        <ele>1972.76</ele>
        <time>2022-01-20T09:16:17Z</time>
      </trkpt>
      <trkpt lat="-30.753268785774708" lon="28.189452392980456">
        <ele>1978.05</ele>
        <time>2022-01-20T09:16:24Z</time>
      </trkpt>
      <trkpt lat="-30.75330650433898" lon="28.188192928209901">
        <ele>1982.3800000000001</ele>
        <time>2022-01-20T09:16:31Z</time>
      </trkpt>
      <trkpt lat="-30.753366183489561" lon="28.18685257807374">
        <ele>1987.1800000000001</ele>
        <time>2022-01-20T09:16:39Z</time>
      </trkpt>
      <trkpt lat="-30.753356292843819" lon="28.186634983867407">
        <ele>1989.0999999999999</ele>
        <time>2022-01-20T09:16:41Z</time>
      </trkpt>
      <trkpt lat="-30.753334332257509" lon="28.186528868973255">
        <ele>1990.0699999999999</ele>
        <time>2022-01-20T09:16:42Z</time>
      </trkpt>
      <trkpt lat="-30.753297368064523" lon="28.186428118497133">
        <ele>1990.55</ele>
        <time>2022-01-20T09:16:43Z</time>
      </trkpt>
      <trkpt lat="-30.753242047503591" lon="28.186326278373599">
        <ele>1991.51</ele>
        <time>2022-01-20T09:16:44Z</time>
      </trkpt>
      <trkpt lat="-30.753172226250172" lon="28.186226617544889">
        <ele>1992.47</ele>
        <time>2022-01-20T09:16:45Z</time>
      </trkpt>
      <trkpt lat="-30.753098549321294" lon="28.186130477115512">
        <ele>1993.4300000000001</ele>
        <time>2022-01-20T09:16:46Z</time>
      </trkpt>
      <trkpt lat="-30.752974916249514" lon="28.185949428007007">
        <ele>1995.3499999999999</ele>
        <time>2022-01-20T09:16:48Z</time>
      </trkpt>
      <trkpt lat="-30.752926636487246" lon="28.185845743864775">
        <ele>1996.3199999999999</ele>
        <time>2022-01-20T09:16:49Z</time>
      </trkpt>
      <trkpt lat="-30.752886068075895" lon="28.185730995610356">
        <ele>1997.28</ele>
        <time>2022-01-20T09:16:50Z</time>
      </trkpt>
      <trkpt lat="-30.752643663436174" lon="28.18472608923912">
        <ele>2004.01</ele>
        <time>2022-01-20T09:16:57Z</time>
      </trkpt>
      <trkpt lat="-30.752572752535343" lon="28.184525845572352">
        <ele>2005.45</ele>
        <time>2022-01-20T09:16:59Z</time>
      </trkpt>
      <trkpt lat="-30.752521203830838" lon="28.184443032369018">
        <ele>2005.9300000000001</ele>
        <time>2022-01-20T09:17:00Z</time>
      </trkpt>
      <trkpt lat="-30.752458926290274" lon="28.184366589412093">
        <ele>2006.8900000000001</ele>
        <time>2022-01-20T09:17:01Z</time>
      </trkpt>
      <trkpt lat="-30.752201182767749" lon="28.184071630239487">
        <ele>2009.77</ele>
        <time>2022-01-20T09:17:05Z</time>
      </trkpt>
      <trkpt lat="-30.752142928540707" lon="28.183981776237488">
        <ele>2010.25</ele>
        <time>2022-01-20T09:17:06Z</time>
      </trkpt>
      <trkpt lat="-30.751969758421183" lon="28.183652115985751">
        <ele>2011.7</ele>
        <time>2022-01-20T09:17:09Z</time>
      </trkpt>
      <trkpt lat="-30.751917203888297" lon="28.183513395488262">
        <ele>2012.1800000000001</ele>
        <time>2022-01-20T09:17:10Z</time>
      </trkpt>
      <trkpt lat="-30.751292752102017" lon="28.181963916867971">
        <ele>2017.9400000000001</ele>
        <time>2022-01-20T09:17:20Z</time>
      </trkpt>
      <trkpt lat="-30.75059705413878" lon="28.18092598579824">
        <ele>2019.8699999999999</ele>
        <time>2022-01-20T09:17:28Z</time>
      </trkpt>
      <trkpt lat="-30.750436456874013" lon="28.180751642212272">
        <ele>2019.8699999999999</ele>
        <time>2022-01-20T09:17:30Z</time>
      </trkpt>
      <trkpt lat="-30.750343753024936" lon="28.180681988596916">
        <ele>2019.8699999999999</ele>
        <time>2022-01-20T09:17:31Z</time>
      </trkpt>
      <trkpt lat="-30.750244176015258" lon="28.180628679692745">
        <ele>2019.3900000000001</ele>
        <time>2022-01-20T09:17:32Z</time>
      </trkpt>
      <trkpt lat="-30.750142587348819" lon="28.18059615790844">
        <ele>2019.3900000000001</ele>
        <time>2022-01-20T09:17:33Z</time>
      </trkpt>
      <trkpt lat="-30.750037478283048" lon="28.180586183443666">
        <ele>2019.3900000000001</ele>
        <time>2022-01-20T09:17:34Z</time>
      </trkpt>
      <trkpt lat="-30.749928094446659" lon="28.180600013583899">
        <ele>2019.3900000000001</ele>
        <time>2022-01-20T09:17:35Z</time>
      </trkpt>
      <trkpt lat="-30.749819464981556" lon="28.180631445720792">
        <ele>2019.8699999999999</ele>
        <time>2022-01-20T09:17:36Z</time>
      </trkpt>
      <trkpt lat="-30.749712679535151" lon="28.180663045495749">
        <ele>2019.8699999999999</ele>
        <time>2022-01-20T09:17:37Z</time>
      </trkpt>
      <trkpt lat="-30.749613270163536" lon="28.18067628890276">
        <ele>2019.8699999999999</ele>
        <time>2022-01-20T09:17:38Z</time>
      </trkpt>
      <trkpt lat="-30.749527355656028" lon="28.180666482076049">
        <ele>2020.3499999999999</ele>
        <time>2022-01-20T09:17:39Z</time>
      </trkpt>
      <trkpt lat="-30.749452672898769" lon="28.180636307224631">
        <ele>2020.3499999999999</ele>
        <time>2022-01-20T09:17:40Z</time>
      </trkpt>
      <trkpt lat="-30.749381175264716" lon="28.180586183443666">
        <ele>2020.3499999999999</ele>
        <time>2022-01-20T09:17:41Z</time>
      </trkpt>
      <trkpt lat="-30.74930707924068" lon="28.180515440180898">
        <ele>2020.8299999999999</ele>
        <time>2022-01-20T09:17:42Z</time>
      </trkpt>
      <trkpt lat="-30.749227702617645" lon="28.180423490703106">
        <ele>2020.8299999999999</ele>
        <time>2022-01-20T09:17:43Z</time>
      </trkpt>
      <trkpt lat="-30.749140530824661" lon="28.180314777418971">
        <ele>2020.8299999999999</ele>
        <time>2022-01-20T09:17:44Z</time>
      </trkpt>
      <trkpt lat="-30.748378280550241" lon="28.179428558796644">
        <ele>2021.3099999999999</ele>
        <time>2022-01-20T09:17:51Z</time>
      </trkpt>
      <trkpt lat="-30.748255150392652" lon="28.179345577955246">
        <ele>2021.3099999999999</ele>
        <time>2022-01-20T09:17:52Z</time>
      </trkpt>
      <trkpt lat="-30.748127829283476" lon="28.179279863834381">
        <ele>2020.8299999999999</ele>
        <time>2022-01-20T09:17:53Z</time>
      </trkpt>
      <trkpt lat="-30.747875450178981" lon="28.179143154993653">
        <ele>2020.8299999999999</ele>
        <time>2022-01-20T09:17:55Z</time>
      </trkpt>
      <trkpt lat="-30.747754415497184" lon="28.179055815562606">
        <ele>2020.8299999999999</ele>
        <time>2022-01-20T09:17:56Z</time>
      </trkpt>
      <trkpt lat="-30.746851852163672" lon="28.17846916615963">
        <ele>2023.71</ele>
        <time>2022-01-20T09:18:04Z</time>
      </trkpt>
      <trkpt lat="-30.746774654835463" lon="28.17839004099369">
        <ele>2023.71</ele>
        <time>2022-01-20T09:18:05Z</time>
      </trkpt>
      <trkpt lat="-30.746708186343312" lon="28.178296834230423">
        <ele>2023.71</ele>
        <time>2022-01-20T09:18:06Z</time>
      </trkpt>
      <trkpt lat="-30.746650518849492" lon="28.178190467879176">
        <ele>2023.71</ele>
        <time>2022-01-20T09:18:07Z</time>
      </trkpt>
      <trkpt lat="-30.746598886325955" lon="28.178069768473506">
        <ele>2024.1900000000001</ele>
        <time>2022-01-20T09:18:08Z</time>
      </trkpt>
      <trkpt lat="-30.746550774201751" lon="28.177934400737286">
        <ele>2024.1900000000001</ele>
        <time>2022-01-20T09:18:09Z</time>
      </trkpt>
      <trkpt lat="-30.746507020667195" lon="28.177783777937293">
        <ele>2024.6700000000001</ele>
        <time>2022-01-20T09:18:10Z</time>
      </trkpt>
      <trkpt lat="-30.746462596580386" lon="28.177614128217101">
        <ele>2024.6700000000001</ele>
        <time>2022-01-20T09:18:11Z</time>
      </trkpt>
      <trkpt lat="-30.746108293533325" lon="28.176323985680938">
        <ele>2028.04</ele>
        <time>2022-01-20T09:18:18Z</time>
      </trkpt>
      <trkpt lat="-30.745635973289609" lon="28.174644419923425">
        <ele>2036.6900000000001</ele>
        <time>2022-01-20T09:18:28Z</time>
      </trkpt>
      <trkpt lat="-30.745355598628521" lon="28.173760380595922">
        <ele>2039.0899999999999</ele>
        <time>2022-01-20T09:18:34Z</time>
      </trkpt>
      <trkpt lat="-30.74528275988996" lon="28.173544043675065">
        <ele>2039.5699999999999</ele>
        <time>2022-01-20T09:18:36Z</time>
      </trkpt>
      <trkpt lat="-30.745003810152411" lon="28.172452552244067">
        <ele>2040.05</ele>
        <time>2022-01-20T09:18:44Z</time>
      </trkpt>
      <trkpt lat="-30.744611620903015" lon="28.171104490756989">
        <ele>2038.6099999999999</ele>
        <time>2022-01-20T09:18:54Z</time>
      </trkpt>
      <trkpt lat="-30.744266621768475" lon="28.169888947159052">
        <ele>2042.46</ele>
        <time>2022-01-20T09:19:02Z</time>
      </trkpt>
      <trkpt lat="-30.744229909032583" lon="28.16969683393836">
        <ele>2043.4200000000001</ele>
        <time>2022-01-20T09:19:04Z</time>
      </trkpt>
      <trkpt lat="-30.744224544614553" lon="28.169603375717998">
        <ele>2043.9000000000001</ele>
        <time>2022-01-20T09:19:05Z</time>
      </trkpt>
      <trkpt lat="-30.744226723909378" lon="28.169505055993795">
        <ele>2043.9000000000001</ele>
        <time>2022-01-20T09:19:06Z</time>
      </trkpt>
      <trkpt lat="-30.744235524907708" lon="28.169407323002815">
        <ele>2044.3800000000001</ele>
        <time>2022-01-20T09:19:07Z</time>
      </trkpt>
      <trkpt lat="-30.744248935952783" lon="28.169303890317678">
        <ele>2044.8599999999999</ele>
        <time>2022-01-20T09:19:08Z</time>
      </trkpt>
      <trkpt lat="-30.744430823251605" lon="28.167718285694718">
        <ele>2053.5100000000002</ele>
        <time>2022-01-20T09:19:21Z</time>
      </trkpt>
      <trkpt lat="-30.744561413303018" lon="28.16669125109911">
        <ele>2060.7199999999998</ele>
        <time>2022-01-20T09:19:29Z</time>
      </trkpt>
      <trkpt lat="-30.744592426344752" lon="28.166470052674413">
        <ele>2062.6500000000001</ele>
        <time>2022-01-20T09:19:31Z</time>
      </trkpt>
      <trkpt lat="-30.744618745520711" lon="28.16638003103435">
        <ele>2063.1300000000001</ele>
        <time>2022-01-20T09:19:32Z</time>
      </trkpt>
      <trkpt lat="-30.744656380265951" lon="28.166292440146208">
        <ele>2064.0900000000001</ele>
        <time>2022-01-20T09:19:33Z</time>
      </trkpt>
      <trkpt lat="-30.744855534285307" lon="28.165890527889132">
        <ele>2067.9299999999998</ele>
        <time>2022-01-20T09:19:37Z</time>
      </trkpt>
      <trkpt lat="-30.744890067726374" lon="28.165774438530207">
        <ele>2068.8899999999999</ele>
        <time>2022-01-20T09:19:38Z</time>
      </trkpt>
      <trkpt lat="-30.744917392730713" lon="28.165646698325872">
        <ele>2070.3400000000001</ele>
        <time>2022-01-20T09:19:39Z</time>
      </trkpt>
      <trkpt lat="-30.745050245895982" lon="28.164918394759297">
        <ele>2075.6199999999999</ele>
        <time>2022-01-20T09:19:44Z</time>
      </trkpt>
      <trkpt lat="-30.745492475107312" lon="28.163794297724962">
        <ele>2085.7199999999998</ele>
        <time>2022-01-20T09:19:52Z</time>
      </trkpt>
      <trkpt lat="-30.745521979406476" lon="28.163699666038156">
        <ele>2086.6799999999998</ele>
        <time>2022-01-20T09:19:53Z</time>
      </trkpt>
      <trkpt lat="-30.74553438462317" lon="28.163610734045506">
        <ele>2087.6399999999999</ele>
        <time>2022-01-20T09:19:54Z</time>
      </trkpt>
      <trkpt lat="-30.74552952311933" lon="28.163520628586411">
        <ele>2088.5999999999999</ele>
        <time>2022-01-20T09:19:55Z</time>
      </trkpt>
      <trkpt lat="-30.745509238913655" lon="28.163425913080573">
        <ele>2089.0799999999999</ele>
        <time>2022-01-20T09:19:56Z</time>
      </trkpt>
      <trkpt lat="-30.745476465672255" lon="28.163327509537339">
        <ele>2090.04</ele>
        <time>2022-01-20T09:19:57Z</time>
      </trkpt>
      <trkpt lat="-30.745436483994126" lon="28.163227681070566">
        <ele>2090.52</ele>
        <time>2022-01-20T09:19:58Z</time>
      </trkpt>
      <trkpt lat="-30.745392311364412" lon="28.163135396316648">
        <ele>2091.4899999999998</ele>
        <time>2022-01-20T09:19:59Z</time>
      </trkpt>
      <trkpt lat="-30.745347049087286" lon="28.163039339706302">
        <ele>2091.9699999999998</ele>
        <time>2022-01-20T09:20:00Z</time>
      </trkpt>
      <trkpt lat="-30.745310336351395" lon="28.162941858172417">
        <ele>2092.9299999999998</ele>
        <time>2022-01-20T09:20:01Z</time>
      </trkpt>
      <trkpt lat="-30.745283346623182" lon="28.16284722648561">
        <ele>2093.4099999999999</ele>
        <time>2022-01-20T09:20:02Z</time>
      </trkpt>
      <trkpt lat="-30.745266750454903" lon="28.16276608966291">
        <ele>2093.8899999999999</ele>
        <time>2022-01-20T09:20:03Z</time>
      </trkpt>
      <trkpt lat="-30.74525442905724" lon="28.162699285894632">
        <ele>2094.8499999999999</ele>
        <time>2022-01-20T09:20:04Z</time>
      </trkpt>
      <trkpt lat="-30.74523095972836" lon="28.162593506276608">
        <ele>2095.8099999999999</ele>
        <time>2022-01-20T09:20:07Z</time>
      </trkpt>
      <trkpt lat="-30.745222996920347" lon="28.162581603974104">
        <ele>2095.8099999999999</ele>
        <time>2022-01-20T09:20:08Z</time>
      </trkpt>
      <trkpt lat="-30.745223416015506" lon="28.162595685571432">
        <ele>2094.8499999999999</ele>
        <time>2022-01-20T09:20:21Z</time>
      </trkpt>
      <trkpt lat="-30.745213693007827" lon="28.162613790482283">
        <ele>2093.4099999999999</ele>
        <time>2022-01-20T09:20:53Z</time>
      </trkpt>
      <trkpt lat="-30.745219308882952" lon="28.162613706663251">
        <ele>2092.4499999999998</ele>
        <time>2022-01-20T09:21:17Z</time>
      </trkpt>
      <trkpt lat="-30.745223164558411" lon="28.162605995312333">
        <ele>2092.4499999999998</ele>
        <time>2022-01-20T09:21:40Z</time>
      </trkpt>
      <trkpt lat="-30.745217716321349" lon="28.162596272304654">
        <ele>2092.4499999999998</ele>
        <time>2022-01-20T09:22:06Z</time>
      </trkpt>
      <trkpt lat="-30.745219308882952" lon="28.162581687793136">
        <ele>2093.4099999999999</ele>
        <time>2022-01-20T09:22:35Z</time>
      </trkpt>
      <trkpt lat="-30.745222410187125" lon="28.162589902058244">
        <ele>2091.9699999999998</ele>
        <time>2022-01-20T09:23:03Z</time>
      </trkpt>
      <trkpt lat="-30.745217129588127" lon="28.162594176828861">
        <ele>2092.9299999999998</ele>
        <time>2022-01-20T09:23:29Z</time>
      </trkpt>
      <trkpt lat="-30.745215285569429" lon="28.162598200142384">
        <ele>2091.4899999999998</ele>
        <time>2022-01-20T09:23:51Z</time>
      </trkpt>
      <trkpt lat="-30.74522266164422" lon="28.162597864866257">
        <ele>2091.9699999999998</ele>
        <time>2022-01-20T09:24:10Z</time>
      </trkpt>
      <trkpt lat="-30.745225679129362" lon="28.16259459592402">
        <ele>2091</ele>
        <time>2022-01-20T09:24:29Z</time>
      </trkpt>
      <trkpt lat="-30.745234480127692" lon="28.162582106888294">
        <ele>2090.04</ele>
        <time>2022-01-20T09:24:57Z</time>
      </trkpt>
      <trkpt lat="-30.745216459035873" lon="28.162586130201817">
        <ele>2089.5599999999999</ele>
        <time>2022-01-20T09:25:24Z</time>
      </trkpt>
      <trkpt lat="-30.745224924758077" lon="28.16257799975574">
        <ele>2091</ele>
        <time>2022-01-20T09:25:49Z</time>
      </trkpt>
      <trkpt lat="-30.745223835110664" lon="28.162585962563753">
        <ele>2092.4499999999998</ele>
        <time>2022-01-20T09:26:10Z</time>
      </trkpt>
      <trkpt lat="-30.745208747684956" lon="28.162599038332701">
        <ele>2094.3699999999999</ele>
        <time>2022-01-20T09:26:43Z</time>
      </trkpt>
      <trkpt lat="-30.745214950293303" lon="28.162594847381115">
        <ele>2092.4499999999998</ele>
        <time>2022-01-20T09:27:08Z</time>
      </trkpt>
      <trkpt lat="-30.74521578848362" lon="28.162599625065923">
        <ele>2091.4899999999998</ele>
        <time>2022-01-20T09:27:37Z</time>
      </trkpt>
      <trkpt lat="-30.745223416015506" lon="28.162583028897643">
        <ele>2090.52</ele>
        <time>2022-01-20T09:28:11Z</time>
      </trkpt>
      <trkpt lat="-30.745222410187125" lon="28.162589315325022">
        <ele>2092.9299999999998</ele>
        <time>2022-01-20T09:28:52Z</time>
      </trkpt>
      <trkpt lat="-30.745220566168427" lon="28.162590237334371">
        <ele>2093.8899999999999</ele>
        <time>2022-01-20T09:29:16Z</time>
      </trkpt>
      <trkpt lat="-30.74516549706459" lon="28.162544388324022">
        <ele>2094.8499999999999</ele>
        <time>2022-01-20T09:29:30Z</time>
      </trkpt>
      <trkpt lat="-30.745128365233541" lon="28.162516979500651">
        <ele>2094.8499999999999</ele>
        <time>2022-01-20T09:29:31Z</time>
      </trkpt>
      <trkpt lat="-30.745085198432207" lon="28.162490827962756">
        <ele>2094.8499999999999</ele>
        <time>2022-01-20T09:29:32Z</time>
      </trkpt>
      <trkpt lat="-30.745043875649571" lon="28.162473980337381">
        <ele>2094.8499999999999</ele>
        <time>2022-01-20T09:29:33Z</time>
      </trkpt>
      <trkpt lat="-30.744996517896652" lon="28.162463838234544">
        <ele>2095.3299999999999</ele>
        <time>2022-01-20T09:29:34Z</time>
      </trkpt>
      <trkpt lat="-30.74494463391602" lon="28.162462748587132">
        <ele>2095.8099999999999</ele>
        <time>2022-01-20T09:29:35Z</time>
      </trkpt>
      <trkpt lat="-30.744888558983803" lon="28.162468113005161">
        <ele>2096.29</ele>
        <time>2022-01-20T09:29:36Z</time>
      </trkpt>
      <trkpt lat="-30.744831645861268" lon="28.162475237622857">
        <ele>2097.25</ele>
        <time>2022-01-20T09:29:37Z</time>
      </trkpt>
      <trkpt lat="-30.744506847113371" lon="28.162552267313004">
        <ele>2100.1399999999999</ele>
        <time>2022-01-20T09:29:42Z</time>
      </trkpt>
      <trkpt lat="-30.744439205154777" lon="28.162559391930699">
        <ele>2100.6199999999999</ele>
        <time>2022-01-20T09:29:43Z</time>
      </trkpt>
      <trkpt lat="-30.744371814653277" lon="28.162553105503321">
        <ele>2101.0999999999999</ele>
        <time>2022-01-20T09:29:44Z</time>
      </trkpt>
      <trkpt lat="-30.744318086653948" lon="28.162533910945058">
        <ele>2101.5799999999999</ele>
        <time>2022-01-20T09:29:45Z</time>
      </trkpt>
      <trkpt lat="-30.744262263178825" lon="28.162502311170101">
        <ele>2101.5799999999999</ele>
        <time>2022-01-20T09:29:46Z</time>
      </trkpt>
      <trkpt lat="-30.744207110255957" lon="28.162461323663592">
        <ele>2102.0599999999999</ele>
        <time>2022-01-20T09:29:47Z</time>
      </trkpt>
      <trkpt lat="-30.744151538237929" lon="28.162406757473946">
        <ele>2102.54</ele>
        <time>2022-01-20T09:29:48Z</time>
      </trkpt>
      <trkpt lat="-30.744097642600536" lon="28.162342803552747">
        <ele>2103.02</ele>
        <time>2022-01-20T09:29:49Z</time>
      </trkpt>
      <trkpt lat="-30.744034694507718" lon="28.162262169644237">
        <ele>2103.5</ele>
        <time>2022-01-20T09:29:50Z</time>
      </trkpt>
      <trkpt lat="-30.743611827492714" lon="28.161596562713385">
        <ele>2109.75</ele>
        <time>2022-01-20T09:29:58Z</time>
      </trkpt>
      <trkpt lat="-30.743589447811246" lon="28.161529926583171">
        <ele>2110.23</ele>
        <time>2022-01-20T09:29:59Z</time>
      </trkpt>
      <trkpt lat="-30.743574611842632" lon="28.16145021468401">
        <ele>2111.1900000000001</ele>
        <time>2022-01-20T09:30:00Z</time>
      </trkpt>
      <trkpt lat="-30.74357301928103" lon="28.161375867202878">
        <ele>2111.6700000000001</ele>
        <time>2022-01-20T09:30:01Z</time>
      </trkpt>
      <trkpt lat="-30.743588525801897" lon="28.161223232746124">
        <ele>2113.1199999999999</ele>
        <time>2022-01-20T09:30:03Z</time>
      </trkpt>
      <trkpt lat="-30.743606882169843" lon="28.161144023761153">
        <ele>2113.5999999999999</ele>
        <time>2022-01-20T09:30:04Z</time>
      </trkpt>
      <trkpt lat="-30.743673518300056" lon="28.160862978547812">
        <ele>2115.52</ele>
        <time>2022-01-20T09:30:07Z</time>
      </trkpt>
      <trkpt lat="-30.743680894374847" lon="28.160746386274695">
        <ele>2116.48</ele>
        <time>2022-01-20T09:30:08Z</time>
      </trkpt>
      <trkpt lat="-30.743676368147135" lon="28.160628788173199">
        <ele>2116.96</ele>
        <time>2022-01-20T09:30:09Z</time>
      </trkpt>
      <trkpt lat="-30.743659855797887" lon="28.160500880330801">
        <ele>2117.9200000000001</ele>
        <time>2022-01-20T09:30:10Z</time>
      </trkpt>
      <trkpt lat="-30.743634793907404" lon="28.160350257530808">
        <ele>2118.8800000000001</ele>
        <time>2022-01-20T09:30:11Z</time>
      </trkpt>
      <trkpt lat="-30.743469083681703" lon="28.159335879608989">
        <ele>2126.5700000000002</ele>
        <time>2022-01-20T09:30:18Z</time>
      </trkpt>
      <trkpt lat="-30.743598332628608" lon="28.158003743737936">
        <ele>2136.1900000000001</ele>
        <time>2022-01-20T09:30:26Z</time>
      </trkpt>
      <trkpt lat="-30.743727749213576" lon="28.156875958666205">
        <ele>2145.8000000000002</ele>
        <time>2022-01-20T09:30:34Z</time>
      </trkpt>
      <trkpt lat="-30.743818189948797" lon="28.156444961205125">
        <ele>2149.1599999999999</ele>
        <time>2022-01-20T09:30:38Z</time>
      </trkpt>
      <trkpt lat="-30.743820955976844" lon="28.156365165486932">
        <ele>2150.1300000000001</ele>
        <time>2022-01-20T09:30:39Z</time>
      </trkpt>
      <trkpt lat="-30.743813412263989" lon="28.156289560720325">
        <ele>2150.6100000000001</ele>
        <time>2022-01-20T09:30:40Z</time>
      </trkpt>
      <trkpt lat="-30.74378851801157" lon="28.156211357563734">
        <ele>2151.5700000000002</ele>
        <time>2022-01-20T09:30:41Z</time>
      </trkpt>
      <trkpt lat="-30.743747027590871" lon="28.156140446662903">
        <ele>2152.0500000000002</ele>
        <time>2022-01-20T09:30:42Z</time>
      </trkpt>
      <trkpt lat="-30.74369078502059" lon="28.156073223799467">
        <ele>2152.5300000000002</ele>
        <time>2022-01-20T09:30:43Z</time>
      </trkpt>
      <trkpt lat="-30.743625406175852" lon="28.156008180230856">
        <ele>2153.0100000000002</ele>
        <time>2022-01-20T09:30:44Z</time>
      </trkpt>
      <trkpt lat="-30.743420049548149" lon="28.155782874673605">
        <ele>2154.4499999999998</ele>
        <time>2022-01-20T09:30:47Z</time>
      </trkpt>
      <trkpt lat="-30.743372105062008" lon="28.155690841376781">
        <ele>2155.4099999999999</ele>
        <time>2022-01-20T09:30:48Z</time>
      </trkpt>
      <trkpt lat="-30.743336733430624" lon="28.155580870807171">
        <ele>2155.8899999999999</ele>
        <time>2022-01-20T09:30:49Z</time>
      </trkpt>
      <trkpt lat="-30.743318544700742" lon="28.155468469485641">
        <ele>2156.3699999999999</ele>
        <time>2022-01-20T09:30:50Z</time>
      </trkpt>
      <trkpt lat="-30.743316281586885" lon="28.155351374298334">
        <ele>2157.3400000000001</ele>
        <time>2022-01-20T09:30:51Z</time>
      </trkpt>
      <trkpt lat="-30.743330111727118" lon="28.155225897207856">
        <ele>2158.3000000000002</ele>
        <time>2022-01-20T09:30:52Z</time>
      </trkpt>
      <trkpt lat="-30.743348216637969" lon="28.155085751786828">
        <ele>2159.2600000000002</ele>
        <time>2022-01-20T09:30:53Z</time>
      </trkpt>
      <trkpt lat="-30.743346959352493" lon="28.154546711593866">
        <ele>2163.0999999999999</ele>
        <time>2022-01-20T09:30:57Z</time>
      </trkpt>
      <trkpt lat="-30.743318796157837" lon="28.154429364949465">
        <ele>2164.0599999999999</ele>
        <time>2022-01-20T09:30:58Z</time>
      </trkpt>
      <trkpt lat="-30.743275796994567" lon="28.15431579016149">
        <ele>2165.0300000000002</ele>
        <time>2022-01-20T09:30:59Z</time>
      </trkpt>
      <trkpt lat="-30.74282736517489" lon="28.153335610404611">
        <ele>2174.1599999999999</ele>
        <time>2022-01-20T09:31:06Z</time>
      </trkpt>
      <trkpt lat="-30.742601053789258" lon="28.152852728962898">
        <ele>2178.9699999999998</ele>
        <time>2022-01-20T09:31:11Z</time>
      </trkpt>
      <trkpt lat="-30.742570459842682" lon="28.152759606018662">
        <ele>2179.9299999999998</ele>
        <time>2022-01-20T09:31:12Z</time>
      </trkpt>
      <trkpt lat="-30.742551013827324" lon="28.152678133919835">
        <ele>2180.4099999999999</ele>
        <time>2022-01-20T09:31:13Z</time>
      </trkpt>
      <trkpt lat="-30.742540704086423" lon="28.152603451162577">
        <ele>2181.3699999999999</ele>
        <time>2022-01-20T09:31:14Z</time>
      </trkpt>
      <trkpt lat="-30.74254154227674" lon="28.152546035125852">
        <ele>2182.3299999999999</ele>
        <time>2022-01-20T09:31:15Z</time>
      </trkpt>
      <trkpt lat="-30.742553947493434" lon="28.152493564411998">
        <ele>2182.8099999999999</ele>
        <time>2022-01-20T09:31:16Z</time>
      </trkpt>
      <trkpt lat="-30.742582781240344" lon="28.152440087869763">
        <ele>2183.77</ele>
        <time>2022-01-20T09:31:17Z</time>
      </trkpt>
      <trkpt lat="-30.742623098194599" lon="28.152395328506827">
        <ele>2184.25</ele>
        <time>2022-01-20T09:31:18Z</time>
      </trkpt>
      <trkpt lat="-30.742673808708787" lon="28.152358448132873">
        <ele>2184.73</ele>
        <time>2022-01-20T09:31:19Z</time>
      </trkpt>
      <trkpt lat="-30.742738768458366" lon="28.152326848357916">
        <ele>2185.6900000000001</ele>
        <time>2022-01-20T09:31:20Z</time>
      </trkpt>
      <trkpt lat="-30.742802554741502" lon="28.152298852801323">
        <ele>2186.1799999999998</ele>
        <time>2022-01-20T09:31:21Z</time>
      </trkpt>
      <trkpt lat="-30.742862485349178" lon="28.152267001569271">
        <ele>2187.1399999999999</ele>
        <time>2022-01-20T09:31:22Z</time>
      </trkpt>
      <trkpt lat="-30.742924595251679" lon="28.152222326025367">
        <ele>2187.6199999999999</ele>
        <time>2022-01-20T09:31:23Z</time>
      </trkpt>
      <trkpt lat="-30.742982598021626" lon="28.152164993807673">
        <ele>2188.0999999999999</ele>
        <time>2022-01-20T09:31:24Z</time>
      </trkpt>
      <trkpt lat="-30.743040097877383" lon="28.152094669640064">
        <ele>2189.0599999999999</ele>
        <time>2022-01-20T09:31:25Z</time>
      </trkpt>
      <trkpt lat="-30.743101369589567" lon="28.152007246389985">
        <ele>2189.54</ele>
        <time>2022-01-20T09:31:26Z</time>
      </trkpt>
      <trkpt lat="-30.743582574650645" lon="28.151172995567322">
        <ele>2197.23</ele>
        <time>2022-01-20T09:31:34Z</time>
      </trkpt>
      <trkpt lat="-30.743812909349799" lon="28.150619119405746">
        <ele>2203</ele>
        <time>2022-01-20T09:31:40Z</time>
      </trkpt>
      <trkpt lat="-30.743826571851969" lon="28.150553572922945">
        <ele>2203.48</ele>
        <time>2022-01-20T09:31:41Z</time>
      </trkpt>
      <trkpt lat="-30.74383151717484" lon="28.150482745841146">
        <ele>2204.4400000000001</ele>
        <time>2022-01-20T09:31:42Z</time>
      </trkpt>
      <trkpt lat="-30.743825482204556" lon="28.150415355339646">
        <ele>2204.9200000000001</ele>
        <time>2022-01-20T09:31:43Z</time>
      </trkpt>
      <trkpt lat="-30.743806874379516" lon="28.150341343134642">
        <ele>2205.4000000000001</ele>
        <time>2022-01-20T09:31:44Z</time>
      </trkpt>
      <trkpt lat="-30.74377384968102" lon="28.150270180776715">
        <ele>2205.8800000000001</ele>
        <time>2022-01-20T09:31:45Z</time>
      </trkpt>
      <trkpt lat="-30.743727078661323" lon="28.150200778618455">
        <ele>2206.3600000000001</ele>
        <time>2022-01-20T09:31:46Z</time>
      </trkpt>
      <trkpt lat="-30.743679469451308" lon="28.150142943486571">
        <ele>2206.8400000000001</ele>
        <time>2022-01-20T09:31:47Z</time>
      </trkpt>
      <trkpt lat="-30.743622053414583" lon="28.150085024535656">
        <ele>2207.3200000000002</ele>
        <time>2022-01-20T09:31:48Z</time>
      </trkpt>
      <trkpt lat="-30.743560781702399" lon="28.150030123069882">
        <ele>2207.8099999999999</ele>
        <time>2022-01-20T09:31:49Z</time>
      </trkpt>
      <trkpt lat="-30.743095669895411" lon="28.149678921326995">
        <ele>2211.6500000000001</ele>
        <time>2022-01-20T09:31:55Z</time>
      </trkpt>
      <trkpt lat="-30.743020819500089" lon="28.149642124772072">
        <ele>2212.1300000000001</ele>
        <time>2022-01-20T09:31:56Z</time>
      </trkpt>
      <trkpt lat="-30.742945801466703" lon="28.14962251111865">
        <ele>2212.6100000000001</ele>
        <time>2022-01-20T09:31:57Z</time>
      </trkpt>
      <trkpt lat="-30.742880590260029" lon="28.149620667099953">
        <ele>2213.5700000000002</ele>
        <time>2022-01-20T09:31:58Z</time>
      </trkpt>
      <trkpt lat="-30.742808254435658" lon="28.149630222469568">
        <ele>2214.0500000000002</ele>
        <time>2022-01-20T09:31:59Z</time>
      </trkpt>
      <trkpt lat="-30.742733739316463" lon="28.149639191105962">
        <ele>2214.5300000000002</ele>
        <time>2022-01-20T09:32:00Z</time>
      </trkpt>
      <trkpt lat="-30.742657799273729" lon="28.149637598544359">
        <ele>2215.0100000000002</ele>
        <time>2022-01-20T09:32:01Z</time>
      </trkpt>
      <trkpt lat="-30.742580350488424" lon="28.149625947698951">
        <ele>2215.5</ele>
        <time>2022-01-20T09:32:02Z</time>
      </trkpt>
      <trkpt lat="-30.742509020492435" lon="28.14960247837007">
        <ele>2216.46</ele>
        <time>2022-01-20T09:32:03Z</time>
      </trkpt>
      <trkpt lat="-30.742445653304458" lon="28.14956677146256">
        <ele>2216.9400000000001</ele>
        <time>2022-01-20T09:32:04Z</time>
      </trkpt>
      <trkpt lat="-30.742393853142858" lon="28.149519413709641">
        <ele>2217.4200000000001</ele>
        <time>2022-01-20T09:32:05Z</time>
      </trkpt>
      <trkpt lat="-30.74235831387341" lon="28.149464512243867">
        <ele>2217.9000000000001</ele>
        <time>2022-01-20T09:32:06Z</time>
      </trkpt>
      <trkpt lat="-30.742337862029672" lon="28.149404078722">
        <ele>2218.3800000000001</ele>
        <time>2022-01-20T09:32:07Z</time>
      </trkpt>
      <trkpt lat="-30.742327636107802" lon="28.149335011839867">
        <ele>2219.3400000000001</ele>
        <time>2022-01-20T09:32:08Z</time>
      </trkpt>
      <trkpt lat="-30.74232897721231" lon="28.149265442043543">
        <ele>2219.8200000000002</ele>
        <time>2022-01-20T09:32:09Z</time>
      </trkpt>
      <trkpt lat="-30.742341801524162" lon="28.149206601083279">
        <ele>2220.3000000000002</ele>
        <time>2022-01-20T09:32:10Z</time>
      </trkpt>
      <trkpt lat="-30.742365773767233" lon="28.149131331592798">
        <ele>2220.7800000000002</ele>
        <time>2022-01-20T09:32:11Z</time>
      </trkpt>
      <trkpt lat="-30.742566687986255" lon="28.148487433791161">
        <ele>2226.0700000000002</ele>
        <time>2022-01-20T09:32:17Z</time>
      </trkpt>
      <trkpt lat="-30.742626450955868" lon="28.148385677486658">
        <ele>2227.0300000000002</ele>
        <time>2022-01-20T09:32:18Z</time>
      </trkpt>
      <trkpt lat="-30.742704067379236" lon="28.148295152932405">
        <ele>2227.9899999999998</ele>
        <time>2022-01-20T09:32:19Z</time>
      </trkpt>
      <trkpt lat="-30.7429407723248" lon="28.148033050820231">
        <ele>2230.4000000000001</ele>
        <time>2022-01-20T09:32:22Z</time>
      </trkpt>
      <trkpt lat="-30.743002546951175" lon="28.147930540144444">
        <ele>2231.3600000000001</ele>
        <time>2022-01-20T09:32:23Z</time>
      </trkpt>
      <trkpt lat="-30.743394652381539" lon="28.147002914920449">
        <ele>2239.0500000000002</ele>
        <time>2022-01-20T09:32:31Z</time>
      </trkpt>
      <trkpt lat="-30.743518620729446" lon="28.146526319906116">
        <ele>2242.8899999999999</ele>
        <time>2022-01-20T09:32:36Z</time>
      </trkpt>
      <trkpt lat="-30.743555082008243" lon="28.146447781473398">
        <ele>2243.8499999999999</ele>
        <time>2022-01-20T09:32:37Z</time>
      </trkpt>
      <trkpt lat="-30.743824811652303" lon="28.145991303026676">
        <ele>2248.6599999999999</ele>
        <time>2022-01-20T09:32:42Z</time>
      </trkpt>
      <trkpt lat="-30.743863619863987" lon="28.145896503701806">
        <ele>2249.6199999999999</ele>
        <time>2022-01-20T09:32:43Z</time>
      </trkpt>
      <trkpt lat="-30.743891699239612" lon="28.145799273625016">
        <ele>2250.0999999999999</ele>
        <time>2022-01-20T09:32:44Z</time>
      </trkpt>
      <trkpt lat="-30.744177354499698" lon="28.144869050011039">
        <ele>2258.27</ele>
        <time>2022-01-20T09:32:52Z</time>
      </trkpt>
      <trkpt lat="-30.744202248752117" lon="28.144774166867137">
        <ele>2259.2399999999998</ele>
        <time>2022-01-20T09:32:53Z</time>
      </trkpt>
      <trkpt lat="-30.744219264015555" lon="28.144675008952618">
        <ele>2260.1999999999998</ele>
        <time>2022-01-20T09:32:54Z</time>
      </trkpt>
      <trkpt lat="-30.744232758879662" lon="28.144564619287848">
        <ele>2261.1599999999999</ele>
        <time>2022-01-20T09:32:55Z</time>
      </trkpt>
      <trkpt lat="-30.744239883497357" lon="28.144449200481176">
        <ele>2262.1199999999999</ele>
        <time>2022-01-20T09:32:56Z</time>
      </trkpt>
      <trkpt lat="-30.744244158267975" lon="28.144330848008394">
        <ele>2263.0799999999999</ele>
        <time>2022-01-20T09:32:57Z</time>
      </trkpt>
      <trkpt lat="-30.744202248752117" lon="28.143870430067182">
        <ele>2268.3699999999999</ele>
        <time>2022-01-20T09:33:03Z</time>
      </trkpt>
      <trkpt lat="-30.744180455803871" lon="28.143828017637134">
        <ele>2268.8499999999999</ele>
        <time>2022-01-20T09:33:04Z</time>
      </trkpt>
      <trkpt lat="-30.744154220446944" lon="28.143797507509589">
        <ele>2269.3299999999999</ele>
        <time>2022-01-20T09:33:05Z</time>
      </trkpt>
      <trkpt lat="-30.744119854643941" lon="28.143777642399073">
        <ele>2269.3299999999999</ele>
        <time>2022-01-20T09:33:06Z</time>
      </trkpt>
      <trkpt lat="-30.744080040603876" lon="28.143768589943647">
        <ele>2269.3299999999999</ele>
        <time>2022-01-20T09:33:07Z</time>
      </trkpt>
      <trkpt lat="-30.744036622345448" lon="28.143770517781377">
        <ele>2269.3299999999999</ele>
        <time>2022-01-20T09:33:08Z</time>
      </trkpt>
      <trkpt lat="-30.743997478857636" lon="28.143783593550324">
        <ele>2268.8499999999999</ele>
        <time>2022-01-20T09:33:09Z</time>
      </trkpt>
      <trkpt lat="-30.743967304006219" lon="28.143802033737302">
        <ele>2269.3299999999999</ele>
        <time>2022-01-20T09:33:10Z</time>
      </trkpt>
      <trkpt lat="-30.743942325934768" lon="28.143825251609087">
        <ele>2269.3299999999999</ele>
        <time>2022-01-20T09:33:11Z</time>
      </trkpt>
      <trkpt lat="-30.743910390883684" lon="28.143862802535295">
        <ele>2269.3299999999999</ele>
        <time>2022-01-20T09:33:12Z</time>
      </trkpt>
      <trkpt lat="-30.743873929604888" lon="28.143913261592388">
        <ele>2269.3299999999999</ele>
        <time>2022-01-20T09:33:13Z</time>
      </trkpt>
      <trkpt lat="-30.743581904098392" lon="28.144222386181355">
        <ele>2269.8099999999999</ele>
        <time>2022-01-20T09:33:18Z</time>
      </trkpt>
      <trkpt lat="-30.743498001247644" lon="28.144265720620751">
        <ele>2270.29</ele>
        <time>2022-01-20T09:33:19Z</time>
      </trkpt>
      <trkpt lat="-30.743409991264343" lon="28.144299667328596">
        <ele>2270.77</ele>
        <time>2022-01-20T09:33:20Z</time>
      </trkpt>
      <trkpt lat="-30.743228858336806" lon="28.144372589886189">
        <ele>2271.73</ele>
        <time>2022-01-20T09:33:22Z</time>
      </trkpt>
      <trkpt lat="-30.743142608553171" lon="28.144421372562647">
        <ele>2272.21</ele>
        <time>2022-01-20T09:33:23Z</time>
      </trkpt>
      <trkpt lat="-30.743057448416948" lon="28.144471412524581">
        <ele>2273.1700000000001</ele>
        <time>2022-01-20T09:33:24Z</time>
      </trkpt>
      <trkpt lat="-30.742970695719123" lon="28.144511980935931">
        <ele>2273.6599999999999</ele>
        <time>2022-01-20T09:33:25Z</time>
      </trkpt>
      <trkpt lat="-30.742885116487741" lon="28.144542742520571">
        <ele>2274.6199999999999</ele>
        <time>2022-01-20T09:33:26Z</time>
      </trkpt>
      <trkpt lat="-30.742802890017629" lon="28.144562942907214">
        <ele>2275.5799999999999</ele>
        <time>2022-01-20T09:33:27Z</time>
      </trkpt>
      <trkpt lat="-30.74273600243032" lon="28.144568139687181">
        <ele>2276.0599999999999</ele>
        <time>2022-01-20T09:33:28Z</time>
      </trkpt>
      <trkpt lat="-30.742672635242343" lon="28.144558500498533">
        <ele>2276.54</ele>
        <time>2022-01-20T09:33:29Z</time>
      </trkpt>
      <trkpt lat="-30.742611195892096" lon="28.144532516598701">
        <ele>2277.5</ele>
        <time>2022-01-20T09:33:30Z</time>
      </trkpt>
      <trkpt lat="-30.742548666894436" lon="28.144494211301208">
        <ele>2277.98</ele>
        <time>2022-01-20T09:33:31Z</time>
      </trkpt>
      <trkpt lat="-30.742480102926493" lon="28.144439142197371">
        <ele>2278.9400000000001</ele>
        <time>2022-01-20T09:33:32Z</time>
      </trkpt>
      <trkpt lat="-30.742416568100452" lon="28.144374517723918">
        <ele>2279.4200000000001</ele>
        <time>2022-01-20T09:33:33Z</time>
      </trkpt>
      <trkpt lat="-30.742357559502125" lon="28.144308300688863">
        <ele>2280.3800000000001</ele>
        <time>2022-01-20T09:33:34Z</time>
      </trkpt>
      <trkpt lat="-30.742298383265734" lon="28.144256668165326">
        <ele>2280.8699999999999</ele>
        <time>2022-01-20T09:33:35Z</time>
      </trkpt>
      <trkpt lat="-30.742232501506805" lon="28.144219871610403">
        <ele>2281.8299999999999</ele>
        <time>2022-01-20T09:33:36Z</time>
      </trkpt>
      <trkpt lat="-30.742160836234689" lon="28.144196569919586">
        <ele>2282.3099999999999</ele>
        <time>2022-01-20T09:33:37Z</time>
      </trkpt>
      <trkpt lat="-30.741928992792964" lon="28.144130269065499">
        <ele>2284.71</ele>
        <time>2022-01-20T09:33:40Z</time>
      </trkpt>
      <trkpt lat="-30.741862105205655" lon="28.144090119749308">
        <ele>2285.1900000000001</ele>
        <time>2022-01-20T09:33:41Z</time>
      </trkpt>
      <trkpt lat="-30.741807539016008" lon="28.144039744511247">
        <ele>2286.1500000000001</ele>
        <time>2022-01-20T09:33:42Z</time>
      </trkpt>
      <trkpt lat="-30.741767641156912" lon="28.143977047875524">
        <ele>2286.6300000000001</ele>
        <time>2022-01-20T09:33:43Z</time>
      </trkpt>
      <trkpt lat="-30.741744758561254" lon="28.143905969336629">
        <ele>2287.1100000000001</ele>
        <time>2022-01-20T09:33:44Z</time>
      </trkpt>
      <trkpt lat="-30.741730509325862" lon="28.1438332144171">
        <ele>2288.0799999999999</ele>
        <time>2022-01-20T09:33:45Z</time>
      </trkpt>
      <trkpt lat="-30.741722546517849" lon="28.143768589943647">
        <ele>2288.5599999999999</ele>
        <time>2022-01-20T09:33:46Z</time>
      </trkpt>
      <trkpt lat="-30.741700166836381" lon="28.143581338226795">
        <ele>2290</ele>
        <time>2022-01-20T09:33:49Z</time>
      </trkpt>
      <trkpt lat="-30.741686001420021" lon="28.143506152555346">
        <ele>2290.48</ele>
        <time>2022-01-20T09:33:50Z</time>
      </trkpt>
      <trkpt lat="-30.741551136597991" lon="28.14250024035573">
        <ele>2297.21</ele>
        <time>2022-01-20T09:34:00Z</time>
      </trkpt>
      <trkpt lat="-30.741537138819695" lon="28.142428575083613">
        <ele>2297.6900000000001</ele>
        <time>2022-01-20T09:34:01Z</time>
      </trkpt>
      <trkpt lat="-30.741512579843402" lon="28.142363866791129">
        <ele>2298.6500000000001</ele>
        <time>2022-01-20T09:34:02Z</time>
      </trkpt>
      <trkpt lat="-30.741477543488145" lon="28.142306366935372">
        <ele>2299.1300000000001</ele>
        <time>2022-01-20T09:34:03Z</time>
      </trkpt>
      <trkpt lat="-30.741433203220367" lon="28.142254315316677">
        <ele>2299.6100000000001</ele>
        <time>2022-01-20T09:34:04Z</time>
      </trkpt>
      <trkpt lat="-30.741381570696831" lon="28.142208717763424">
        <ele>2300.0900000000001</ele>
        <time>2022-01-20T09:34:05Z</time>
      </trkpt>
      <trkpt lat="-30.741321304813027" lon="28.142168065533042">
        <ele>2300.0900000000001</ele>
        <time>2022-01-20T09:34:06Z</time>
      </trkpt>
      <trkpt lat="-30.741255842149258" lon="28.142131101340055">
        <ele>2300.5700000000002</ele>
        <time>2022-01-20T09:34:07Z</time>
      </trkpt>
      <trkpt lat="-30.741194821894169" lon="28.142090616747737">
        <ele>2301.5300000000002</ele>
        <time>2022-01-20T09:34:08Z</time>
      </trkpt>
      <trkpt lat="-30.741140926256776" lon="28.142042085528374">
        <ele>2302.0100000000002</ele>
        <time>2022-01-20T09:34:09Z</time>
      </trkpt>
      <trkpt lat="-30.741098094731569" lon="28.141982238739729">
        <ele>2302.4899999999998</ele>
        <time>2022-01-20T09:34:10Z</time>
      </trkpt>
      <trkpt lat="-30.740933641791344" lon="28.141697254031897">
        <ele>2305.3800000000001</ele>
        <time>2022-01-20T09:34:16Z</time>
      </trkpt>
      <trkpt lat="-30.740915704518557" lon="28.141640927642584">
        <ele>2305.8600000000001</ele>
        <time>2022-01-20T09:34:17Z</time>
      </trkpt>
      <trkpt lat="-30.740890139713883" lon="28.141517294570804">
        <ele>2306.3400000000001</ele>
        <time>2022-01-20T09:34:19Z</time>
      </trkpt>
      <trkpt lat="-30.740883518010378" lon="28.141458705067635">
        <ele>2306.8200000000002</ele>
        <time>2022-01-20T09:34:20Z</time>
      </trkpt>
      <trkpt lat="-30.740884775295854" lon="28.14140573143959">
        <ele>2307.3000000000002</ele>
        <time>2022-01-20T09:34:21Z</time>
      </trkpt>
      <trkpt lat="-30.74092517606914" lon="28.141108509153128">
        <ele>2310.1900000000001</ele>
        <time>2022-01-20T09:34:28Z</time>
      </trkpt>
      <trkpt lat="-30.740941185504198" lon="28.141028713434935">
        <ele>2310.6700000000001</ele>
        <time>2022-01-20T09:34:29Z</time>
      </trkpt>
      <trkpt lat="-30.740951495245099" lon="28.140948163345456">
        <ele>2311.1500000000001</ele>
        <time>2022-01-20T09:34:30Z</time>
      </trkpt>
      <trkpt lat="-30.740954848006368" lon="28.140870798379183">
        <ele>2312.1100000000001</ele>
        <time>2022-01-20T09:34:31Z</time>
      </trkpt>
      <trkpt lat="-30.740949064493179" lon="28.140798127278686">
        <ele>2313.0700000000002</ele>
        <time>2022-01-20T09:34:32Z</time>
      </trkpt>
      <trkpt lat="-30.740931127220392" lon="28.140732916072011">
        <ele>2313.5500000000002</ele>
        <time>2022-01-20T09:34:33Z</time>
      </trkpt>
      <trkpt lat="-30.740906652063131" lon="28.140679774805903">
        <ele>2314.0300000000002</ele>
        <time>2022-01-20T09:34:34Z</time>
      </trkpt>
      <trkpt lat="-30.740881254896522" lon="28.140635434538126">
        <ele>2314.5100000000002</ele>
        <time>2022-01-20T09:34:35Z</time>
      </trkpt>
      <trkpt lat="-30.740632563829422" lon="28.140280041843653">
        <ele>2317.4000000000001</ele>
        <time>2022-01-20T09:34:41Z</time>
      </trkpt>
      <trkpt lat="-30.740580344572663" lon="28.140235533937812">
        <ele>2317.8800000000001</ele>
        <time>2022-01-20T09:34:42Z</time>
      </trkpt>
      <trkpt lat="-30.74052007868886" lon="28.140205778181553">
        <ele>2318.3600000000001</ele>
        <time>2022-01-20T09:34:43Z</time>
      </trkpt>
      <trkpt lat="-30.740458220243454" lon="28.14019245095551">
        <ele>2318.8400000000001</ele>
        <time>2022-01-20T09:34:44Z</time>
      </trkpt>
      <trkpt lat="-30.740391751751304" lon="28.14019002020359">
        <ele>2319.3200000000002</ele>
        <time>2022-01-20T09:34:45Z</time>
      </trkpt>
      <trkpt lat="-30.740322601050138" lon="28.140186164528131">
        <ele>2319.8000000000002</ele>
        <time>2022-01-20T09:34:46Z</time>
      </trkpt>
      <trkpt lat="-30.740254623815417" lon="28.140174178406596">
        <ele>2320.7600000000002</ele>
        <time>2022-01-20T09:34:47Z</time>
      </trkpt>
      <trkpt lat="-30.740189412608743" lon="28.140152217820287">
        <ele>2321.2399999999998</ele>
        <time>2022-01-20T09:34:48Z</time>
      </trkpt>
      <trkpt lat="-30.740127889439464" lon="28.140121875330806">
        <ele>2321.7199999999998</ele>
        <time>2022-01-20T09:34:49Z</time>
      </trkpt>
      <trkpt lat="-30.740072736516595" lon="28.140082731842995">
        <ele>2322.1999999999998</ele>
        <time>2022-01-20T09:34:50Z</time>
      </trkpt>
      <trkpt lat="-30.740027809515595" lon="28.140036882832646">
        <ele>2322.6799999999998</ele>
        <time>2022-01-20T09:34:51Z</time>
      </trkpt>
      <trkpt lat="-30.73999235406518" lon="28.139988519251347">
        <ele>2323.1599999999999</ele>
        <time>2022-01-20T09:34:52Z</time>
      </trkpt>
      <trkpt lat="-30.73996108956635" lon="28.139937222003937">
        <ele>2323.6399999999999</ele>
        <time>2022-01-20T09:34:53Z</time>
      </trkpt>
      <trkpt lat="-30.739773167297244" lon="28.139458447694778">
        <ele>2327.4899999999998</ele>
        <time>2022-01-20T09:35:00Z</time>
      </trkpt>
      <trkpt lat="-30.739753972738981" lon="28.139378819614649">
        <ele>2327.9699999999998</ele>
        <time>2022-01-20T09:35:01Z</time>
      </trkpt>
      <trkpt lat="-30.739735029637814" lon="28.139298353344202">
        <ele>2328.4499999999998</ele>
        <time>2022-01-20T09:35:02Z</time>
      </trkpt>
      <trkpt lat="-30.739616593346" lon="28.138547334820032">
        <ele>2334.6999999999998</ele>
        <time>2022-01-20T09:35:10Z</time>
      </trkpt>
      <trkpt lat="-30.73955993168056" lon="28.137984154745936">
        <ele>2339.02</ele>
        <time>2022-01-20T09:35:16Z</time>
      </trkpt>
      <trkpt lat="-30.739532606676221" lon="28.13791056163609">
        <ele>2339.9899999999998</ele>
        <time>2022-01-20T09:35:17Z</time>
      </trkpt>
      <trkpt lat="-30.739498324692249" lon="28.13783822581172">
        <ele>2340.4699999999998</ele>
        <time>2022-01-20T09:35:18Z</time>
      </trkpt>
      <trkpt lat="-30.739379301667213" lon="28.13756363466382">
        <ele>2343.3499999999999</ele>
        <time>2022-01-20T09:35:22Z</time>
      </trkpt>
      <trkpt lat="-30.739372512325644" lon="28.137485096231103">
        <ele>2344.3099999999999</ele>
        <time>2022-01-20T09:35:23Z</time>
      </trkpt>
      <trkpt lat="-30.739374356344342" lon="28.137410413473845">
        <ele>2344.79</ele>
        <time>2022-01-20T09:35:24Z</time>
      </trkpt>
      <trkpt lat="-30.73937620036304" lon="28.137339754030108">
        <ele>2345.27</ele>
        <time>2022-01-20T09:35:25Z</time>
      </trkpt>
      <trkpt lat="-30.739369075745344" lon="28.137279655784369">
        <ele>2346.23</ele>
        <time>2022-01-20T09:35:26Z</time>
      </trkpt>
      <trkpt lat="-30.739354407414794" lon="28.13723330385983">
        <ele>2346.7199999999998</ele>
        <time>2022-01-20T09:35:27Z</time>
      </trkpt>
      <trkpt lat="-30.739329680800438" lon="28.137190388515592">
        <ele>2347.1999999999998</ele>
        <time>2022-01-20T09:35:28Z</time>
      </trkpt>
      <trkpt lat="-30.739295398816466" lon="28.137143617495894">
        <ele>2347.6799999999998</ele>
        <time>2022-01-20T09:35:29Z</time>
      </trkpt>
      <trkpt lat="-30.739251980558038" lon="28.137096595019102">
        <ele>2348.6399999999999</ele>
        <time>2022-01-20T09:35:30Z</time>
      </trkpt>
      <trkpt lat="-30.739199761301279" lon="28.137056026607752">
        <ele>2349.1199999999999</ele>
        <time>2022-01-20T09:35:31Z</time>
      </trkpt>
      <trkpt lat="-30.739141087979078" lon="28.137025097385049">
        <ele>2349.5999999999999</ele>
        <time>2022-01-20T09:35:32Z</time>
      </trkpt>
      <trkpt lat="-30.739082330837846" lon="28.136996850371361">
        <ele>2350.0799999999999</ele>
        <time>2022-01-20T09:35:33Z</time>
      </trkpt>
      <trkpt lat="-30.739026004448533" lon="28.136963406577706">
        <ele>2350.5599999999999</ele>
        <time>2022-01-20T09:35:34Z</time>
      </trkpt>
      <trkpt lat="-30.738969845697284" lon="28.136934489011765">
        <ele>2351.04</ele>
        <time>2022-01-20T09:35:35Z</time>
      </trkpt>
      <trkpt lat="-30.738909160718322" lon="28.136919233947992">
        <ele>2351.52</ele>
        <time>2022-01-20T09:35:36Z</time>
      </trkpt>
      <trkpt lat="-30.73884260840714" lon="28.136917809024453">
        <ele>2352</ele>
        <time>2022-01-20T09:35:37Z</time>
      </trkpt>
      <trkpt lat="-30.738777229562402" lon="28.136928956955671">
        <ele>2352.48</ele>
        <time>2022-01-20T09:35:38Z</time>
      </trkpt>
      <trkpt lat="-30.738716879859567" lon="28.136956114321947">
        <ele>2352.96</ele>
        <time>2022-01-20T09:35:39Z</time>
      </trkpt>
      <trkpt lat="-30.738664325326681" lon="28.137000454589725">
        <ele>2353.4400000000001</ele>
        <time>2022-01-20T09:35:40Z</time>
      </trkpt>
      <trkpt lat="-30.738619482144713" lon="28.137062564492226">
        <ele>2353.9299999999998</ele>
        <time>2022-01-20T09:35:41Z</time>
      </trkpt>
      <trkpt lat="-30.738580757752061" lon="28.137133475393057">
        <ele>2354.4099999999999</ele>
        <time>2022-01-20T09:35:42Z</time>
      </trkpt>
      <trkpt lat="-30.738540021702647" lon="28.137205727398396">
        <ele>2354.8899999999999</ele>
        <time>2022-01-20T09:35:43Z</time>
      </trkpt>
      <trkpt lat="-30.73849274776876" lon="28.137261969968677">
        <ele>2355.3699999999999</ele>
        <time>2022-01-20T09:35:44Z</time>
      </trkpt>
      <trkpt lat="-30.738434158265591" lon="28.137291809543967">
        <ele>2356.3299999999999</ele>
        <time>2022-01-20T09:35:45Z</time>
      </trkpt>
      <trkpt lat="-30.73836961761117" lon="28.137299688532948">
        <ele>2356.8099999999999</ele>
        <time>2022-01-20T09:35:46Z</time>
      </trkpt>
      <trkpt lat="-30.738299377262592" lon="28.137297844514251">
        <ele>2357.29</ele>
        <time>2022-01-20T09:35:47Z</time>
      </trkpt>
      <trkpt lat="-30.738225784152746" lon="28.137292815372348">
        <ele>2358.25</ele>
        <time>2022-01-20T09:35:48Z</time>
      </trkpt>
      <trkpt lat="-30.738153699785471" lon="28.137292983010411">
        <ele>2358.73</ele>
        <time>2022-01-20T09:35:49Z</time>
      </trkpt>
      <trkpt lat="-30.738086560741067" lon="28.137300945818424">
        <ele>2359.6900000000001</ele>
        <time>2022-01-20T09:35:50Z</time>
      </trkpt>
      <trkpt lat="-30.738023445010185" lon="28.137318296357989">
        <ele>2360.1700000000001</ele>
        <time>2022-01-20T09:35:51Z</time>
      </trkpt>
      <trkpt lat="-30.737966615706682" lon="28.137346040457487">
        <ele>2361.1399999999999</ele>
        <time>2022-01-20T09:35:52Z</time>
      </trkpt>
      <trkpt lat="-30.737913642078638" lon="28.137383423745632">
        <ele>2361.6199999999999</ele>
        <time>2022-01-20T09:35:53Z</time>
      </trkpt>
      <trkpt lat="-30.7378707267344" lon="28.137429859489202">
        <ele>2362.0999999999999</ele>
        <time>2022-01-20T09:35:54Z</time>
      </trkpt>
      <trkpt lat="-30.737841390073299" lon="28.137483587488532">
        <ele>2362.5799999999999</ele>
        <time>2022-01-20T09:35:55Z</time>
      </trkpt>
      <trkpt lat="-30.737815825268626" lon="28.137545781210065">
        <ele>2363.0599999999999</ele>
        <time>2022-01-20T09:35:56Z</time>
      </trkpt>
      <trkpt lat="-30.73779352940619" lon="28.137615770101547">
        <ele>2363.54</ele>
        <time>2022-01-20T09:35:57Z</time>
      </trkpt>
      <trkpt lat="-30.737668136134744" lon="28.138230917975307">
        <ele>2367.3800000000001</ele>
        <time>2022-01-20T09:36:04Z</time>
      </trkpt>
      <trkpt lat="-30.737636284902692" lon="28.138306019827724">
        <ele>2367.8600000000001</ele>
        <time>2022-01-20T09:36:05Z</time>
      </trkpt>
      <trkpt lat="-30.737595381215215" lon="28.138373913243413">
        <ele>2368.3499999999999</ele>
        <time>2022-01-20T09:36:06Z</time>
      </trkpt>
      <trkpt lat="-30.737550370395184" lon="28.138435604050756">
        <ele>2368.8299999999999</ele>
        <time>2022-01-20T09:36:07Z</time>
      </trkpt>
      <trkpt lat="-30.73750326409936" lon="28.138492433354259">
        <ele>2369.79</ele>
        <time>2022-01-20T09:36:08Z</time>
      </trkpt>
      <trkpt lat="-30.737456241622567" lon="28.138542305678129">
        <ele>2370.27</ele>
        <time>2022-01-20T09:36:09Z</time>
      </trkpt>
      <trkpt lat="-30.737371249124408" lon="28.138644145801663">
        <ele>2371.71</ele>
        <time>2022-01-20T09:36:11Z</time>
      </trkpt>
      <trkpt lat="-30.737337470054626" lon="28.138702232390642">
        <ele>2372.6700000000001</ele>
        <time>2022-01-20T09:36:12Z</time>
      </trkpt>
      <trkpt lat="-30.737315341830254" lon="28.138757972046733">
        <ele>2373.1500000000001</ele>
        <time>2022-01-20T09:36:13Z</time>
      </trkpt>
      <trkpt lat="-30.737279132008553" lon="28.138990486040711">
        <ele>2374.5900000000001</ele>
        <time>2022-01-20T09:36:19Z</time>
      </trkpt>
      <trkpt lat="-30.73715977370739" lon="28.139573615044355">
        <ele>2378.4400000000001</ele>
        <time>2022-01-20T09:36:27Z</time>
      </trkpt>
      <trkpt lat="-30.737132783979177" lon="28.139617620036006">
        <ele>2378.9200000000001</ele>
        <time>2022-01-20T09:36:28Z</time>
      </trkpt>
      <trkpt lat="-30.737097496166825" lon="28.139654165133834">
        <ele>2379.4000000000001</ele>
        <time>2022-01-20T09:36:29Z</time>
      </trkpt>
      <trkpt lat="-30.737015353515744" lon="28.139706552028656">
        <ele>2380.8400000000001</ele>
        <time>2022-01-20T09:36:31Z</time>
      </trkpt>
      <trkpt lat="-30.736969253048301" lon="28.139713928103447">
        <ele>2381.3200000000002</ele>
        <time>2022-01-20T09:36:32Z</time>
      </trkpt>
      <trkpt lat="-30.73692181147635" lon="28.139702696353197">
        <ele>2381.8000000000002</ele>
        <time>2022-01-20T09:36:33Z</time>
      </trkpt>
      <trkpt lat="-30.736872861161828" lon="28.139677634462714">
        <ele>2382.2800000000002</ele>
        <time>2022-01-20T09:36:34Z</time>
      </trkpt>
      <trkpt lat="-30.736823072656989" lon="28.139642849564552">
        <ele>2382.7600000000002</ele>
        <time>2022-01-20T09:36:35Z</time>
      </trkpt>
      <trkpt lat="-30.736775463446975" lon="28.13960462808609">
        <ele>2383.25</ele>
        <time>2022-01-20T09:36:36Z</time>
      </trkpt>
      <trkpt lat="-30.736729530617595" lon="28.139559617266059">
        <ele>2383.73</ele>
        <time>2022-01-20T09:36:37Z</time>
      </trkpt>
      <trkpt lat="-30.736683011054993" lon="28.139509996399283">
        <ele>2384.21</ele>
        <time>2022-01-20T09:36:38Z</time>
      </trkpt>
      <trkpt lat="-30.736587708815932" lon="28.139422237873077">
        <ele>2385.6500000000001</ele>
        <time>2022-01-20T09:36:40Z</time>
      </trkpt>
      <trkpt lat="-30.73653481900692" lon="28.139397175982594">
        <ele>2386.1300000000001</ele>
        <time>2022-01-20T09:36:41Z</time>
      </trkpt>
      <trkpt lat="-30.736371707171202" lon="28.139366582036018">
        <ele>2387.0900000000001</ele>
        <time>2022-01-20T09:36:44Z</time>
      </trkpt>
      <trkpt lat="-30.736323930323124" lon="28.139373622834682">
        <ele>2387.0900000000001</ele>
        <time>2022-01-20T09:36:45Z</time>
      </trkpt>
      <trkpt lat="-30.736276572570205" lon="28.139390470460057">
        <ele>2387.5700000000002</ele>
        <time>2022-01-20T09:36:46Z</time>
      </trkpt>
      <trkpt lat="-30.73623483069241" lon="28.139420058578253">
        <ele>2388.0500000000002</ele>
        <time>2022-01-20T09:36:47Z</time>
      </trkpt>
      <trkpt lat="-30.736197698861361" lon="28.139461297541857">
        <ele>2388.5300000000002</ele>
        <time>2022-01-20T09:36:48Z</time>
      </trkpt>
      <trkpt lat="-30.736165344715118" lon="28.139511588960886">
        <ele>2389.0100000000002</ele>
        <time>2022-01-20T09:36:49Z</time>
      </trkpt>
      <trkpt lat="-30.736136762425303" lon="28.139572106301785">
        <ele>2389.4899999999998</ele>
        <time>2022-01-20T09:36:50Z</time>
      </trkpt>
      <trkpt lat="-30.736106084659696" lon="28.139642346650362">
        <ele>2389.9699999999998</ele>
        <time>2022-01-20T09:36:51Z</time>
      </trkpt>
      <trkpt lat="-30.735924197360873" lon="28.140117768198252">
        <ele>2394.3000000000002</ele>
        <time>2022-01-20T09:36:56Z</time>
      </trkpt>
      <trkpt lat="-30.735892597585917" lon="28.140174513682723">
        <ele>2395.2600000000002</ele>
        <time>2022-01-20T09:36:57Z</time>
      </trkpt>
      <trkpt lat="-30.735856555402279" lon="28.140208292752504">
        <ele>2395.7399999999998</ele>
        <time>2022-01-20T09:36:58Z</time>
      </trkpt>
      <trkpt lat="-30.73581900447607" lon="28.140223883092403">
        <ele>2396.2199999999998</ele>
        <time>2022-01-20T09:36:59Z</time>
      </trkpt>
      <trkpt lat="-30.735784722492099" lon="28.140227068215609">
        <ele>2396.6999999999998</ele>
        <time>2022-01-20T09:37:00Z</time>
      </trkpt>
      <trkpt lat="-30.73575203306973" lon="28.140216590836644">
        <ele>2397.1799999999998</ele>
        <time>2022-01-20T09:37:01Z</time>
      </trkpt>
      <trkpt lat="-30.73572026565671" lon="28.140195216983557">
        <ele>2397.1799999999998</ele>
        <time>2022-01-20T09:37:02Z</time>
      </trkpt>
      <trkpt lat="-30.735686235129833" lon="28.140163281932473">
        <ele>2397.6700000000001</ele>
        <time>2022-01-20T09:37:03Z</time>
      </trkpt>
      <trkpt lat="-30.735647762194276" lon="28.140119528397918">
        <ele>2397.6700000000001</ele>
        <time>2022-01-20T09:37:04Z</time>
      </trkpt>
      <trkpt lat="-30.735166389495134" lon="28.139569004997611">
        <ele>2401.5100000000002</ele>
        <time>2022-01-20T09:37:13Z</time>
      </trkpt>
      <trkpt lat="-30.734756346791983" lon="28.139297012239695">
        <ele>2405.8400000000001</ele>
        <time>2022-01-20T09:37:20Z</time>
      </trkpt>
      <trkpt lat="-30.734565742313862" lon="28.139186287298799">
        <ele>2408.7199999999998</ele>
        <time>2022-01-20T09:37:27Z</time>
      </trkpt>
      <trkpt lat="-30.734405731782317" lon="28.138985792174935">
        <ele>2411.1199999999999</ele>
        <time>2022-01-20T09:37:34Z</time>
      </trkpt>
      <trkpt lat="-30.734253181144595" lon="28.138732323423028">
        <ele>2413.0500000000002</ele>
        <time>2022-01-20T09:37:39Z</time>
      </trkpt>
      <trkpt lat="-30.734174223616719" lon="28.138655964285135">
        <ele>2414.0100000000002</ele>
        <time>2022-01-20T09:37:41Z</time>
      </trkpt>
      <trkpt lat="-30.734129883348942" lon="28.138625789433718">
        <ele>2414.4899999999998</ele>
        <time>2022-01-20T09:37:42Z</time>
      </trkpt>
      <trkpt lat="-30.733881024643779" lon="28.138510538265109">
        <ele>2416.8899999999999</ele>
        <time>2022-01-20T09:37:47Z</time>
      </trkpt>
      <trkpt lat="-30.733829056844115" lon="28.138501988723874">
        <ele>2417.3699999999999</ele>
        <time>2022-01-20T09:37:48Z</time>
      </trkpt>
      <trkpt lat="-30.733779771253467" lon="28.138500982895494">
        <ele>2417.8499999999999</ele>
        <time>2022-01-20T09:37:49Z</time>
      </trkpt>
      <trkpt lat="-30.733729815110564" lon="28.138506347313523">
        <ele>2418.3299999999999</ele>
        <time>2022-01-20T09:37:50Z</time>
      </trkpt>
      <trkpt lat="-30.733679188415408" lon="28.138521434739232">
        <ele>2418.8099999999999</ele>
        <time>2022-01-20T09:37:51Z</time>
      </trkpt>
      <trkpt lat="-30.733630657196045" lon="28.138548256829381">
        <ele>2419.3000000000002</ele>
        <time>2022-01-20T09:37:52Z</time>
      </trkpt>
      <trkpt lat="-30.733586652204394" lon="28.138582538813353">
        <ele>2419.7800000000002</ele>
        <time>2022-01-20T09:37:53Z</time>
      </trkpt>
      <trkpt lat="-30.733547760173678" lon="28.138620089739561">
        <ele>2420.7399999999998</ele>
        <time>2022-01-20T09:37:54Z</time>
      </trkpt>
      <trkpt lat="-30.733511382713914" lon="28.138660909608006">
        <ele>2421.2199999999998</ele>
        <time>2022-01-20T09:37:55Z</time>
      </trkpt>
      <trkpt lat="-30.733411218971014" lon="28.138791667297482">
        <ele>2422.6599999999999</ele>
        <time>2022-01-20T09:37:58Z</time>
      </trkpt>
      <trkpt lat="-30.733384396880865" lon="28.138845060020685">
        <ele>2423.1399999999999</ele>
        <time>2022-01-20T09:37:59Z</time>
      </trkpt>
      <trkpt lat="-30.733361598104239" lon="28.138907002285123">
        <ele>2423.6199999999999</ele>
        <time>2022-01-20T09:38:00Z</time>
      </trkpt>
      <trkpt lat="-30.733040319755673" lon="28.13975902274251">
        <ele>2431.79</ele>
        <time>2022-01-20T09:38:13Z</time>
      </trkpt>
      <trkpt lat="-30.732761453837156" lon="28.140809275209904">
        <ele>2439</ele>
        <time>2022-01-20T09:38:26Z</time>
      </trkpt>
      <trkpt lat="-30.732605801895261" lon="28.141278913244605">
        <ele>2443.8099999999999</ele>
        <time>2022-01-20T09:38:33Z</time>
      </trkpt>
      <trkpt lat="-30.732528520748019" lon="28.142094891518354">
        <ele>2450.54</ele>
        <time>2022-01-20T09:38:44Z</time>
      </trkpt>
      <trkpt lat="-30.732541009783745" lon="28.142678858712316">
        <ele>2454.8600000000001</ele>
        <time>2022-01-20T09:38:54Z</time>
      </trkpt>
      <trkpt lat="-30.732484767213464" lon="28.142738537862897">
        <ele>2455.8200000000002</ele>
        <time>2022-01-20T09:39:03Z</time>
      </trkpt>
      <trkpt lat="-30.73250656016171" lon="28.142745075747371">
        <ele>2454.3800000000001</ele>
        <time>2022-01-20T09:39:39Z</time>
      </trkpt>
      <trkpt lat="-30.73253346607089" lon="28.14274306409061">
        <ele>2455.8200000000002</ele>
        <time>2022-01-20T09:40:20Z</time>
      </trkpt>
      <trkpt lat="-30.732547715306282" lon="28.14274943433702">
        <ele>2457.27</ele>
        <time>2022-01-20T09:40:53Z</time>
      </trkpt>
      <trkpt lat="-30.732536567375064" lon="28.14274893142283">
        <ele>2458.71</ele>
        <time>2022-01-20T09:41:43Z</time>
      </trkpt>
      <trkpt lat="-30.732531370595098" lon="28.1427470035851">
        <ele>2459.1900000000001</ele>
        <time>2022-01-20T09:41:50Z</time>
      </trkpt>
      <trkpt lat="-30.732509577646852" lon="28.142742477357388">
        <ele>2459.1900000000001</ele>
        <time>2022-01-20T09:41:51Z</time>
      </trkpt>
      <trkpt lat="-30.732468422502279" lon="28.142731413245201">
        <ele>2459.1900000000001</ele>
        <time>2022-01-20T09:41:52Z</time>
      </trkpt>
      <trkpt lat="-30.732423663139343" lon="28.142712973058224">
        <ele>2459.1900000000001</ele>
        <time>2022-01-20T09:41:53Z</time>
      </trkpt>
      <trkpt lat="-30.732386112213135" lon="28.142681205645204">
        <ele>2459.1900000000001</ele>
        <time>2022-01-20T09:41:54Z</time>
      </trkpt>
      <trkpt lat="-30.732360882684588" lon="28.142635524272919">
        <ele>2459.1900000000001</ele>
        <time>2022-01-20T09:41:55Z</time>
      </trkpt>
      <trkpt lat="-30.732351494953036" lon="28.142577521502972">
        <ele>2459.1900000000001</ele>
        <time>2022-01-20T09:41:56Z</time>
      </trkpt>
      <trkpt lat="-30.732353506609797" lon="28.142502419650555">
        <ele>2459.1900000000001</ele>
        <time>2022-01-20T09:41:57Z</time>
      </trkpt>
      <trkpt lat="-30.732363061979413" lon="28.142417846247554">
        <ele>2459.1900000000001</ele>
        <time>2022-01-20T09:41:58Z</time>
      </trkpt>
      <trkpt lat="-30.7323775626719" lon="28.14233017154038">
        <ele>2459.1900000000001</ele>
        <time>2022-01-20T09:41:59Z</time>
      </trkpt>
      <trkpt lat="-30.732402205467224" lon="28.142074607312679">
        <ele>2460.1500000000001</ele>
        <time>2022-01-20T09:42:02Z</time>
      </trkpt>
      <trkpt lat="-30.732396086677909" lon="28.141996404156089">
        <ele>2461.1100000000001</ele>
        <time>2022-01-20T09:42:03Z</time>
      </trkpt>
      <trkpt lat="-30.732383849099278" lon="28.141920464113355">
        <ele>2461.5900000000001</ele>
        <time>2022-01-20T09:42:04Z</time>
      </trkpt>
      <trkpt lat="-30.732271363958716" lon="28.141475804150105">
        <ele>2465.4400000000001</ele>
        <time>2022-01-20T09:42:10Z</time>
      </trkpt>
      <trkpt lat="-30.732257785275578" lon="28.141401205211878">
        <ele>2465.9200000000001</ele>
        <time>2022-01-20T09:42:11Z</time>
      </trkpt>
      <trkpt lat="-30.732251163572073" lon="28.141325181350112">
        <ele>2466.8800000000001</ele>
        <time>2022-01-20T09:42:12Z</time>
      </trkpt>
      <trkpt lat="-30.732251666486263" lon="28.141248486936092">
        <ele>2467.3600000000001</ele>
        <time>2022-01-20T09:42:13Z</time>
      </trkpt>
      <trkpt lat="-30.732256108894944" lon="28.141168858855963">
        <ele>2467.8400000000001</ele>
        <time>2022-01-20T09:42:14Z</time>
      </trkpt>
      <trkpt lat="-30.732351327314973" lon="28.140337206423283">
        <ele>2473.6100000000001</ele>
        <time>2022-01-20T09:42:23Z</time>
      </trkpt>
      <trkpt lat="-30.73247822932899" lon="28.139228699728847">
        <ele>2482.7399999999998</ele>
        <time>2022-01-20T09:42:36Z</time>
      </trkpt>
      <trkpt lat="-30.732475211843848" lon="28.13865277916193">
        <ele>2487.5500000000002</ele>
        <time>2022-01-20T09:42:44Z</time>
      </trkpt>
      <trkpt lat="-30.732440343126655" lon="28.138442896306515">
        <ele>2488.9899999999998</ele>
        <time>2022-01-20T09:42:47Z</time>
      </trkpt>
      <trkpt lat="-30.732440678402781" lon="28.138381205499172">
        <ele>2489.4699999999998</ele>
        <time>2022-01-20T09:42:48Z</time>
      </trkpt>
      <trkpt lat="-30.732447719201446" lon="28.138322783634067">
        <ele>2489.9499999999998</ele>
        <time>2022-01-20T09:42:49Z</time>
      </trkpt>
      <trkpt lat="-30.732463309541345" lon="28.138269474729896">
        <ele>2490.4299999999998</ele>
        <time>2022-01-20T09:42:50Z</time>
      </trkpt>
      <trkpt lat="-30.732483929023147" lon="28.138219937682152">
        <ele>2490.4299999999998</ele>
        <time>2022-01-20T09:42:51Z</time>
      </trkpt>
      <trkpt lat="-30.732520809397101" lon="28.13811331987381">
        <ele>2491.8699999999999</ele>
        <time>2022-01-20T09:42:53Z</time>
      </trkpt>
      <trkpt lat="-30.732536902651191" lon="28.13804836012423">
        <ele>2492.3600000000001</ele>
        <time>2022-01-20T09:42:54Z</time>
      </trkpt>
      <trkpt lat="-30.732677215710282" lon="28.137401193380356">
        <ele>2497.6399999999999</ele>
        <time>2022-01-20T09:43:02Z</time>
      </trkpt>
      <trkpt lat="-30.732682580128312" lon="28.137337239459157">
        <ele>2498.1199999999999</ele>
        <time>2022-01-20T09:43:03Z</time>
      </trkpt>
      <trkpt lat="-30.73268249630928" lon="28.1372763030231">
        <ele>2499.0799999999999</ele>
        <time>2022-01-20T09:43:04Z</time>
      </trkpt>
      <trkpt lat="-30.732669504359365" lon="28.137213103473186">
        <ele>2499.5700000000002</ele>
        <time>2022-01-20T09:43:05Z</time>
      </trkpt>
      <trkpt lat="-30.73264678940177" lon="28.137154430150986">
        <ele>2500.0500000000002</ele>
        <time>2022-01-20T09:43:06Z</time>
      </trkpt>
      <trkpt lat="-30.732609238475561" lon="28.137098774313927">
        <ele>2500.5300000000002</ele>
        <time>2022-01-20T09:43:07Z</time>
      </trkpt>
      <trkpt lat="-30.732560958713293" lon="28.137055104598403">
        <ele>2501.0100000000002</ele>
        <time>2022-01-20T09:43:08Z</time>
      </trkpt>
      <trkpt lat="-30.732506224885583" lon="28.137025181204081">
        <ele>2501.4899999999998</ele>
        <time>2022-01-20T09:43:09Z</time>
      </trkpt>
      <trkpt lat="-30.73244939558208" lon="28.137009423226118">
        <ele>2501.4899999999998</ele>
        <time>2022-01-20T09:43:10Z</time>
      </trkpt>
      <trkpt lat="-30.732388375326991" lon="28.137003136798739">
        <ele>2501.4899999999998</ele>
        <time>2022-01-20T09:43:11Z</time>
      </trkpt>
      <trkpt lat="-30.732326181605458" lon="28.136998442932963">
        <ele>2501.4899999999998</ele>
        <time>2022-01-20T09:43:12Z</time>
      </trkpt>
      <trkpt lat="-30.731568373739719" lon="28.136799121275544">
        <ele>2496.6799999999998</ele>
        <time>2022-01-20T09:43:25Z</time>
      </trkpt>
      <trkpt lat="-30.731517998501658" lon="28.136761737987399">
        <ele>2496.1999999999998</ele>
        <time>2022-01-20T09:43:26Z</time>
      </trkpt>
      <trkpt lat="-30.730889942497015" lon="28.136258907616138">
        <ele>2490.9099999999999</ele>
        <time>2022-01-20T09:43:35Z</time>
      </trkpt>
      <trkpt lat="-30.729986876249313" lon="28.135585002601147">
        <ele>2480.3400000000001</ele>
        <time>2022-01-20T09:43:48Z</time>
      </trkpt>
      <trkpt lat="-30.729943877086043" lon="28.135527586564422">
        <ele>2479.8600000000001</ele>
        <time>2022-01-20T09:43:49Z</time>
      </trkpt>
      <trkpt lat="-30.729912193492055" lon="28.135467153042555">
        <ele>2479.3800000000001</ele>
        <time>2022-01-20T09:43:50Z</time>
      </trkpt>
      <trkpt lat="-30.729889897629619" lon="28.135396493598819">
        <ele>2478.4200000000001</ele>
        <time>2022-01-20T09:43:51Z</time>
      </trkpt>
      <trkpt lat="-30.729878414422274" lon="28.135324576869607">
        <ele>2477.9400000000001</ele>
        <time>2022-01-20T09:43:52Z</time>
      </trkpt>
      <trkpt lat="-30.729874977841973" lon="28.135250648483634">
        <ele>2477.4499999999998</ele>
        <time>2022-01-20T09:43:53Z</time>
      </trkpt>
      <trkpt lat="-30.72988118045032" lon="28.13518644310534">
        <ele>2476.4899999999998</ele>
        <time>2022-01-20T09:43:54Z</time>
      </trkpt>
      <trkpt lat="-30.729895932599902" lon="28.135124165564775">
        <ele>2476.0100000000002</ele>
        <time>2022-01-20T09:43:55Z</time>
      </trkpt>
      <trkpt lat="-30.729919653385878" lon="28.135063229128718">
        <ele>2475.5300000000002</ele>
        <time>2022-01-20T09:43:56Z</time>
      </trkpt>
      <trkpt lat="-30.729954354465008" lon="28.135000197216868">
        <ele>2475.0500000000002</ele>
        <time>2022-01-20T09:43:57Z</time>
      </trkpt>
      <trkpt lat="-30.730001796036959" lon="28.134941272437572">
        <ele>2474.5700000000002</ele>
        <time>2022-01-20T09:43:58Z</time>
      </trkpt>
      <trkpt lat="-30.730060217902064" lon="28.13489081338048">
        <ele>2474.0900000000001</ele>
        <time>2022-01-20T09:43:59Z</time>
      </trkpt>
      <trkpt lat="-30.730131631717086" lon="28.134842868894339">
        <ele>2473.6100000000001</ele>
        <time>2022-01-20T09:44:00Z</time>
      </trkpt>
      <trkpt lat="-30.730205727741122" lon="28.134798528626561">
        <ele>2473.1300000000001</ele>
        <time>2022-01-20T09:44:01Z</time>
      </trkpt>
      <trkpt lat="-30.730276303365827" lon="28.134754607453942">
        <ele>2472.6500000000001</ele>
        <time>2022-01-20T09:44:02Z</time>
      </trkpt>
      <trkpt lat="-30.730335563421249" lon="28.134707836434245">
        <ele>2472.1700000000001</ele>
        <time>2022-01-20T09:44:03Z</time>
      </trkpt>
      <trkpt lat="-30.730390381067991" lon="28.13464991748333">
        <ele>2471.6900000000001</ele>
        <time>2022-01-20T09:44:04Z</time>
      </trkpt>
      <trkpt lat="-30.730434050783515" lon="28.134589148685336">
        <ele>2471.21</ele>
        <time>2022-01-20T09:44:05Z</time>
      </trkpt>
      <trkpt lat="-30.730469422414899" lon="28.134521003812551">
        <ele>2470.73</ele>
        <time>2022-01-20T09:44:06Z</time>
      </trkpt>
      <trkpt lat="-30.730491550639272" lon="28.134454200044274">
        <ele>2470.2399999999998</ele>
        <time>2022-01-20T09:44:07Z</time>
      </trkpt>
      <trkpt lat="-30.73050613515079" lon="28.134395610541105">
        <ele>2469.7600000000002</ele>
        <time>2022-01-20T09:44:08Z</time>
      </trkpt>
      <trkpt lat="-30.730517283082008" lon="28.134344313293695">
        <ele>2468.8000000000002</ele>
        <time>2022-01-20T09:44:09Z</time>
      </trkpt>
      <trkpt lat="-30.730699170380831" lon="28.133926391601562">
        <ele>2463.52</ele>
        <time>2022-01-20T09:44:19Z</time>
      </trkpt>
      <trkpt lat="-30.730794221162796" lon="28.1335583422333">
        <ele>2459.6700000000001</ele>
        <time>2022-01-20T09:44:29Z</time>
      </trkpt>
      <trkpt lat="-30.730768823996186" lon="28.133532106876373">
        <ele>2459.6700000000001</ele>
        <time>2022-01-20T09:44:30Z</time>
      </trkpt>
      <trkpt lat="-30.730727417394519" lon="28.133513750508428">
        <ele>2459.6700000000001</ele>
        <time>2022-01-20T09:44:31Z</time>
      </trkpt>
      <trkpt lat="-30.730673773214221" lon="28.133510062471032">
        <ele>2459.6700000000001</ele>
        <time>2022-01-20T09:44:32Z</time>
      </trkpt>
      <trkpt lat="-30.730613842606544" lon="28.133522383868694">
        <ele>2459.6700000000001</ele>
        <time>2022-01-20T09:44:33Z</time>
      </trkpt>
      <trkpt lat="-30.730548547580838" lon="28.133546188473701">
        <ele>2459.6700000000001</ele>
        <time>2022-01-20T09:44:34Z</time>
      </trkpt>
      <trkpt lat="-30.730473697185516" lon="28.133580973371863">
        <ele>2459.6700000000001</ele>
        <time>2022-01-20T09:44:35Z</time>
      </trkpt>
      <trkpt lat="-30.730389626696706" lon="28.133627409115434">
        <ele>2459.6700000000001</ele>
        <time>2022-01-20T09:44:36Z</time>
      </trkpt>
      <trkpt lat="-30.730305053293705" lon="28.133680215105414">
        <ele>2459.1900000000001</ele>
        <time>2022-01-20T09:44:37Z</time>
      </trkpt>
      <trkpt lat="-30.730224084109068" lon="28.133726483210921">
        <ele>2458.71</ele>
        <time>2022-01-20T09:44:38Z</time>
      </trkpt>
      <trkpt lat="-30.730141438543797" lon="28.133763112127781">
        <ele>2458.23</ele>
        <time>2022-01-20T09:44:39Z</time>
      </trkpt>
      <trkpt lat="-30.729212891310453" lon="28.133999481797218">
        <ele>2452.46</ele>
        <time>2022-01-20T09:44:49Z</time>
      </trkpt>
      <trkpt lat="-30.728916423395276" lon="28.134032003581524">
        <ele>2450.0599999999999</ele>
        <time>2022-01-20T09:44:53Z</time>
      </trkpt>
      <trkpt lat="-30.728836627677083" lon="28.13402303494513">
        <ele>2449.5799999999999</ele>
        <time>2022-01-20T09:44:54Z</time>
      </trkpt>
      <trkpt lat="-30.728100361302495" lon="28.133969977498055">
        <ele>2444.29</ele>
        <time>2022-01-20T09:45:05Z</time>
      </trkpt>
      <trkpt lat="-30.727641871199012" lon="28.133859168738127">
        <ele>2439.96</ele>
        <time>2022-01-20T09:45:12Z</time>
      </trkpt>
      <trkpt lat="-30.72757582180202" lon="28.133821282535791">
        <ele>2439</ele>
        <time>2022-01-20T09:45:13Z</time>
      </trkpt>
      <trkpt lat="-30.727512119337916" lon="28.133779289200902">
        <ele>2438.52</ele>
        <time>2022-01-20T09:45:14Z</time>
      </trkpt>
      <trkpt lat="-30.726984813809395" lon="28.133105635643005">
        <ele>2431.79</ele>
        <time>2022-01-20T09:45:25Z</time>
      </trkpt>
      <trkpt lat="-30.726759256795049" lon="28.132201647385955">
        <ele>2424.5799999999999</ele>
        <time>2022-01-20T09:45:34Z</time>
      </trkpt>
      <trkpt lat="-30.726696392521262" lon="28.132002996280789">
        <ele>2423.6199999999999</ele>
        <time>2022-01-20T09:45:36Z</time>
      </trkpt>
      <trkpt lat="-30.72665766812861" lon="28.131916243582964">
        <ele>2422.6599999999999</ele>
        <time>2022-01-20T09:45:37Z</time>
      </trkpt>
      <trkpt lat="-30.72623354382813" lon="28.130985014140606">
        <ele>2415.9299999999998</ele>
        <time>2022-01-20T09:45:47Z</time>
      </trkpt>
      <trkpt lat="-30.72602835483849" lon="28.130563572049141">
        <ele>2414.0100000000002</ele>
        <time>2022-01-20T09:45:51Z</time>
      </trkpt>
      <trkpt lat="-30.726001113653183" lon="28.130457708612084">
        <ele>2413.5300000000002</ele>
        <time>2022-01-20T09:45:52Z</time>
      </trkpt>
      <trkpt lat="-30.725987032055855" lon="28.130344217643142">
        <ele>2413.0500000000002</ele>
        <time>2022-01-20T09:45:53Z</time>
      </trkpt>
      <trkpt lat="-30.725984936580062" lon="28.130225529894233">
        <ele>2412.5700000000002</ele>
        <time>2022-01-20T09:45:54Z</time>
      </trkpt>
      <trkpt lat="-30.725992899388075" lon="28.130102064460516">
        <ele>2412.0900000000001</ele>
        <time>2022-01-20T09:45:55Z</time>
      </trkpt>
      <trkpt lat="-30.726011004298925" lon="28.129970971494913">
        <ele>2411.5999999999999</ele>
        <time>2022-01-20T09:45:56Z</time>
      </trkpt>
      <trkpt lat="-30.72603958658874" lon="28.129838034510612">
        <ele>2411.1199999999999</ele>
        <time>2022-01-20T09:45:57Z</time>
      </trkpt>
      <trkpt lat="-30.726080825552344" lon="28.129692021757364">
        <ele>2411.1199999999999</ele>
        <time>2022-01-20T09:45:58Z</time>
      </trkpt>
      <trkpt lat="-30.726130781695247" lon="28.129535783082247">
        <ele>2410.6399999999999</ele>
        <time>2022-01-20T09:45:59Z</time>
      </trkpt>
      <trkpt lat="-30.726386429741979" lon="28.12849709764123">
        <ele>2408.7199999999998</ele>
        <time>2022-01-20T09:46:07Z</time>
      </trkpt>
      <trkpt lat="-30.726417358964682" lon="28.12758975662291">
        <ele>2405.8400000000001</ele>
        <time>2022-01-20T09:46:14Z</time>
      </trkpt>
      <trkpt lat="-30.726401098072529" lon="28.127457574009895">
        <ele>2404.8800000000001</ele>
        <time>2022-01-20T09:46:15Z</time>
      </trkpt>
      <trkpt lat="-30.726375449448824" lon="28.127322290092707">
        <ele>2404.3899999999999</ele>
        <time>2022-01-20T09:46:16Z</time>
      </trkpt>
      <trkpt lat="-30.726132038980722" lon="28.126036170870066">
        <ele>2400.0700000000002</ele>
        <time>2022-01-20T09:46:26Z</time>
      </trkpt>
      <trkpt lat="-30.726095661520958" lon="28.125934833660722">
        <ele>2399.5900000000001</ele>
        <time>2022-01-20T09:46:27Z</time>
      </trkpt>
      <trkpt lat="-30.725887455046177" lon="28.125362014397979">
        <ele>2397.6700000000001</ele>
        <time>2022-01-20T09:46:33Z</time>
      </trkpt>
      <trkpt lat="-30.725878402590752" lon="28.125253049656749">
        <ele>2397.1799999999998</ele>
        <time>2022-01-20T09:46:34Z</time>
      </trkpt>
      <trkpt lat="-30.725884772837162" lon="28.125144084915519">
        <ele>2396.6999999999998</ele>
        <time>2022-01-20T09:46:35Z</time>
      </trkpt>
      <trkpt lat="-30.725907990708947" lon="28.125032354146242">
        <ele>2396.6999999999998</ele>
        <time>2022-01-20T09:46:36Z</time>
      </trkpt>
      <trkpt lat="-30.725942105054855" lon="28.124925987794995">
        <ele>2396.2199999999998</ele>
        <time>2022-01-20T09:46:37Z</time>
      </trkpt>
      <trkpt lat="-30.725987032055855" lon="28.124829176813364">
        <ele>2396.2199999999998</ele>
        <time>2022-01-20T09:46:38Z</time>
      </trkpt>
      <trkpt lat="-30.726041849702597" lon="28.124738233163953">
        <ele>2395.7399999999998</ele>
        <time>2022-01-20T09:46:39Z</time>
      </trkpt>
      <trkpt lat="-30.726106390357018" lon="28.124657599255443">
        <ele>2395.7399999999998</ele>
        <time>2022-01-20T09:46:40Z</time>
      </trkpt>
      <trkpt lat="-30.726181073114276" lon="28.124577384442091">
        <ele>2395.2600000000002</ele>
        <time>2022-01-20T09:46:41Z</time>
      </trkpt>
      <trkpt lat="-30.726772332563996" lon="28.123896438628435">
        <ele>2395.7399999999998</ele>
        <time>2022-01-20T09:46:47Z</time>
      </trkpt>
      <trkpt lat="-30.727268038317561" lon="28.123263269662857">
        <ele>2394.7800000000002</ele>
        <time>2022-01-20T09:46:53Z</time>
      </trkpt>
      <trkpt lat="-30.727591915056109" lon="28.122755661606789">
        <ele>2396.2199999999998</ele>
        <time>2022-01-20T09:46:58Z</time>
      </trkpt>
      <trkpt lat="-30.727667771279812" lon="28.122679386287928">
        <ele>2396.2199999999998</ele>
        <time>2022-01-20T09:46:59Z</time>
      </trkpt>
      <trkpt lat="-30.727744298055768" lon="28.122618198394775">
        <ele>2396.6999999999998</ele>
        <time>2022-01-20T09:47:00Z</time>
      </trkpt>
      <trkpt lat="-30.727991228923202" lon="28.122402112931013">
        <ele>2396.6999999999998</ele>
        <time>2022-01-20T09:47:04Z</time>
      </trkpt>
      <trkpt lat="-30.728031964972615" lon="28.122329525649548">
        <ele>2396.6999999999998</ele>
        <time>2022-01-20T09:47:05Z</time>
      </trkpt>
      <trkpt lat="-30.728063229471445" lon="28.12224704772234">
        <ele>2396.2199999999998</ele>
        <time>2022-01-20T09:47:06Z</time>
      </trkpt>
      <trkpt lat="-30.728090303018689" lon="28.12215082347393">
        <ele>2396.2199999999998</ele>
        <time>2022-01-20T09:47:07Z</time>
      </trkpt>
      <trkpt lat="-30.728113437071443" lon="28.122049905359745">
        <ele>2396.2199999999998</ele>
        <time>2022-01-20T09:47:08Z</time>
      </trkpt>
      <trkpt lat="-30.728130619972944" lon="28.121945802122355">
        <ele>2395.7399999999998</ele>
        <time>2022-01-20T09:47:09Z</time>
      </trkpt>
      <trkpt lat="-30.728139588609338" lon="28.121840609237552">
        <ele>2395.2600000000002</ele>
        <time>2022-01-20T09:47:10Z</time>
      </trkpt>
      <trkpt lat="-30.728146461769938" lon="28.121735835447907">
        <ele>2394.7800000000002</ele>
        <time>2022-01-20T09:47:11Z</time>
      </trkpt>
      <trkpt lat="-30.728210331872106" lon="28.121239542961121">
        <ele>2393.3400000000001</ele>
        <time>2022-01-20T09:47:16Z</time>
      </trkpt>
      <trkpt lat="-30.728215277194977" lon="28.121001413092017">
        <ele>2392.8600000000001</ele>
        <time>2022-01-20T09:47:19Z</time>
      </trkpt>
      <trkpt lat="-30.728201866149902" lon="28.120927400887012">
        <ele>2392.8600000000001</ele>
        <time>2022-01-20T09:47:20Z</time>
      </trkpt>
      <trkpt lat="-30.728176804259419" lon="28.12085498124361">
        <ele>2392.3800000000001</ele>
        <time>2022-01-20T09:47:21Z</time>
      </trkpt>
      <trkpt lat="-30.728136990219355" lon="28.120787506923079">
        <ele>2392.3800000000001</ele>
        <time>2022-01-20T09:47:22Z</time>
      </trkpt>
      <trkpt lat="-30.728085692971945" lon="28.120726151391864">
        <ele>2391.9000000000001</ele>
        <time>2022-01-20T09:47:23Z</time>
      </trkpt>
      <trkpt lat="-30.728027438744903" lon="28.120664795860648">
        <ele>2391.4200000000001</ele>
        <time>2022-01-20T09:47:24Z</time>
      </trkpt>
      <trkpt lat="-30.727543132379651" lon="28.120199013501406">
        <ele>2388.5300000000002</ele>
        <time>2022-01-20T09:47:32Z</time>
      </trkpt>
      <trkpt lat="-30.727491416037083" lon="28.120131539180875">
        <ele>2388.0500000000002</ele>
        <time>2022-01-20T09:47:33Z</time>
      </trkpt>
      <trkpt lat="-30.727447243407369" lon="28.12006046064198">
        <ele>2387.5700000000002</ele>
        <time>2022-01-20T09:47:34Z</time>
      </trkpt>
      <trkpt lat="-30.727411452680826" lon="28.119987370446324">
        <ele>2387.0900000000001</ele>
        <time>2022-01-20T09:47:35Z</time>
      </trkpt>
      <trkpt lat="-30.727387396618724" lon="28.119911849498749">
        <ele>2386.6100000000001</ele>
        <time>2022-01-20T09:47:36Z</time>
      </trkpt>
      <trkpt lat="-30.727380774915218" lon="28.119834065437317">
        <ele>2386.6100000000001</ele>
        <time>2022-01-20T09:47:37Z</time>
      </trkpt>
      <trkpt lat="-30.727388737723231" lon="28.119752425700426">
        <ele>2386.1300000000001</ele>
        <time>2022-01-20T09:47:38Z</time>
      </trkpt>
      <trkpt lat="-30.727407764643431" lon="28.11966173350811">
        <ele>2385.6500000000001</ele>
        <time>2022-01-20T09:47:39Z</time>
      </trkpt>
      <trkpt lat="-30.727432323619723" lon="28.119557546451688">
        <ele>2385.1700000000001</ele>
        <time>2022-01-20T09:47:40Z</time>
      </trkpt>
      <trkpt lat="-30.727691575884819" lon="28.118589520454407">
        <ele>2385.6500000000001</ele>
        <time>2022-01-20T09:47:48Z</time>
      </trkpt>
      <trkpt lat="-30.727931298315525" lon="28.118170341476798">
        <ele>2389.0100000000002</ele>
        <time>2022-01-20T09:47:52Z</time>
      </trkpt>
      <trkpt lat="-30.728007657453418" lon="28.118087192997336">
        <ele>2389.9699999999998</ele>
        <time>2022-01-20T09:47:53Z</time>
      </trkpt>
      <trkpt lat="-30.728091979399323" lon="28.118012174963951">
        <ele>2390.9400000000001</ele>
        <time>2022-01-20T09:47:54Z</time>
      </trkpt>
      <trkpt lat="-30.728703774511814" lon="28.117523845285177">
        <ele>2395.7399999999998</ele>
        <time>2022-01-20T09:48:00Z</time>
      </trkpt>
      <trkpt lat="-30.728775439783931" lon="28.117447486147285">
        <ele>2396.6999999999998</ele>
        <time>2022-01-20T09:48:01Z</time>
      </trkpt>
      <trkpt lat="-30.728831430897117" lon="28.117368025705218">
        <ele>2397.6700000000001</ele>
        <time>2022-01-20T09:48:02Z</time>
      </trkpt>
      <trkpt lat="-30.728874681517482" lon="28.117280434817076">
        <ele>2398.1500000000001</ele>
        <time>2022-01-20T09:48:03Z</time>
      </trkpt>
      <trkpt lat="-30.728906029835343" lon="28.117179684340954">
        <ele>2398.6300000000001</ele>
        <time>2022-01-20T09:48:04Z</time>
      </trkpt>
      <trkpt lat="-30.728931091725826" lon="28.11706904321909">
        <ele>2398.6300000000001</ele>
        <time>2022-01-20T09:48:05Z</time>
      </trkpt>
      <trkpt lat="-30.729155810549855" lon="28.116334537044168">
        <ele>2397.6700000000001</ele>
        <time>2022-01-20T09:48:12Z</time>
      </trkpt>
      <trkpt lat="-30.729171065613627" lon="28.116223225370049">
        <ele>2397.1799999999998</ele>
        <time>2022-01-20T09:48:13Z</time>
      </trkpt>
      <trkpt lat="-30.729201659560204" lon="28.115989789366722">
        <ele>2396.6999999999998</ele>
        <time>2022-01-20T09:48:15Z</time>
      </trkpt>
      <trkpt lat="-30.729306852445006" lon="28.115422921255231">
        <ele>2395.7399999999998</ele>
        <time>2022-01-20T09:48:20Z</time>
      </trkpt>
      <trkpt lat="-30.729331914335489" lon="28.115327786654234">
        <ele>2395.7399999999998</ele>
        <time>2022-01-20T09:48:21Z</time>
      </trkpt>
      <trkpt lat="-30.729412380605936" lon="28.115022098645568">
        <ele>2395.7399999999998</ele>
        <time>2022-01-20T09:48:25Z</time>
      </trkpt>
      <trkpt lat="-30.729416236281395" lon="28.114938195794821">
        <ele>2395.2600000000002</ele>
        <time>2022-01-20T09:48:26Z</time>
      </trkpt>
      <trkpt lat="-30.729408273473382" lon="28.114847671240568">
        <ele>2395.2600000000002</ele>
        <time>2022-01-20T09:48:27Z</time>
      </trkpt>
      <trkpt lat="-30.729389581829309" lon="28.114751698449254">
        <ele>2395.2600000000002</ele>
        <time>2022-01-20T09:48:28Z</time>
      </trkpt>
      <trkpt lat="-30.729364436119795" lon="28.114653211086988">
        <ele>2394.7800000000002</ele>
        <time>2022-01-20T09:48:29Z</time>
      </trkpt>
      <trkpt lat="-30.72933635674417" lon="28.114553885534406">
        <ele>2394.3000000000002</ele>
        <time>2022-01-20T09:48:30Z</time>
      </trkpt>
      <trkpt lat="-30.729272067546844" lon="28.114264961332083">
        <ele>2393.3400000000001</ele>
        <time>2022-01-20T09:48:33Z</time>
      </trkpt>
      <trkpt lat="-30.729265697300434" lon="28.114161780104041">
        <ele>2392.8600000000001</ele>
        <time>2022-01-20T09:48:34Z</time>
      </trkpt>
      <trkpt lat="-30.729265529662371" lon="28.114055078476667">
        <ele>2392.3800000000001</ele>
        <time>2022-01-20T09:48:35Z</time>
      </trkpt>
      <trkpt lat="-30.729283718392253" lon="28.113580076023936">
        <ele>2391.4200000000001</ele>
        <time>2022-01-20T09:48:40Z</time>
      </trkpt>
      <trkpt lat="-30.72929386049509" lon="28.1135059799999">
        <ele>2390.9400000000001</ele>
        <time>2022-01-20T09:48:41Z</time>
      </trkpt>
      <trkpt lat="-30.729310875758529" lon="28.113439930602908">
        <ele>2390.9400000000001</ele>
        <time>2022-01-20T09:48:42Z</time>
      </trkpt>
      <trkpt lat="-30.729335518553853" lon="28.113383268937469">
        <ele>2390.46</ele>
        <time>2022-01-20T09:48:43Z</time>
      </trkpt>
      <trkpt lat="-30.72937005199492" lon="28.11334035359323">
        <ele>2389.9699999999998</ele>
        <time>2022-01-20T09:48:44Z</time>
      </trkpt>
      <trkpt lat="-30.729413805529475" lon="28.113308921456337">
        <ele>2389.9699999999998</ele>
        <time>2022-01-20T09:48:45Z</time>
      </trkpt>
      <trkpt lat="-30.729465689510107" lon="28.113288385793567">
        <ele>2389.4899999999998</ele>
        <time>2022-01-20T09:48:46Z</time>
      </trkpt>
      <trkpt lat="-30.729528469964862" lon="28.113282015547156">
        <ele>2389.4899999999998</ele>
        <time>2022-01-20T09:48:47Z</time>
      </trkpt>
      <trkpt lat="-30.729601727798581" lon="28.113299869000912">
        <ele>2389.0100000000002</ele>
        <time>2022-01-20T09:48:48Z</time>
      </trkpt>
      <trkpt lat="-30.729687558487058" lon="28.113341610878706">
        <ele>2388.5300000000002</ele>
        <time>2022-01-20T09:48:49Z</time>
      </trkpt>
      <trkpt lat="-30.729779927060008" lon="28.113409671932459">
        <ele>2388.5300000000002</ele>
        <time>2022-01-20T09:48:50Z</time>
      </trkpt>
      <trkpt lat="-30.729876151308417" lon="28.113499106839299">
        <ele>2388.0500000000002</ele>
        <time>2022-01-20T09:48:51Z</time>
      </trkpt>
      <trkpt lat="-30.729960640892386" lon="28.1135871168226">
        <ele>2387.5700000000002</ele>
        <time>2022-01-20T09:48:52Z</time>
      </trkpt>
      <trkpt lat="-30.730255264788866" lon="28.113905796781182">
        <ele>2386.6100000000001</ele>
        <time>2022-01-20T09:48:56Z</time>
      </trkpt>
      <trkpt lat="-30.730335228145123" lon="28.113960782065988">
        <ele>2386.1300000000001</ele>
        <time>2022-01-20T09:48:57Z</time>
      </trkpt>
      <trkpt lat="-30.730420304462314" lon="28.11400143429637">
        <ele>2386.1300000000001</ele>
        <time>2022-01-20T09:48:58Z</time>
      </trkpt>
      <trkpt lat="-30.730514768511057" lon="28.114034458994865">
        <ele>2385.6500000000001</ele>
        <time>2022-01-20T09:48:59Z</time>
      </trkpt>
      <trkpt lat="-30.73061116039753" lon="28.114059772342443">
        <ele>2385.1700000000001</ele>
        <time>2022-01-20T09:49:00Z</time>
      </trkpt>
      <trkpt lat="-30.730718364939094" lon="28.114083241671324">
        <ele>2385.1700000000001</ele>
        <time>2022-01-20T09:49:01Z</time>
      </trkpt>
      <trkpt lat="-30.731518166139722" lon="28.114188434556127">
        <ele>2382.7600000000002</ele>
        <time>2022-01-20T09:49:10Z</time>
      </trkpt>
      <trkpt lat="-30.731623861938715" lon="28.114196229726076">
        <ele>2382.2800000000002</ele>
        <time>2022-01-20T09:49:12Z</time>
      </trkpt>
      <trkpt lat="-30.731665939092636" lon="28.114178795367479">
        <ele>2381.8000000000002</ele>
        <time>2022-01-20T09:49:13Z</time>
      </trkpt>
      <trkpt lat="-30.731695611029863" lon="28.114148620516062">
        <ele>2381.8000000000002</ele>
        <time>2022-01-20T09:49:14Z</time>
      </trkpt>
      <trkpt lat="-30.731714805588126" lon="28.114110734313726">
        <ele>2381.8000000000002</ele>
        <time>2022-01-20T09:49:15Z</time>
      </trkpt>
      <trkpt lat="-30.731723858043551" lon="28.114067818969488">
        <ele>2381.3200000000002</ele>
        <time>2022-01-20T09:49:16Z</time>
      </trkpt>
      <trkpt lat="-30.731718577444553" lon="28.114024819806218">
        <ele>2381.8000000000002</ele>
        <time>2022-01-20T09:49:17Z</time>
      </trkpt>
      <trkpt lat="-30.731704579666257" lon="28.11397947371006">
        <ele>2381.8000000000002</ele>
        <time>2022-01-20T09:49:18Z</time>
      </trkpt>
      <trkpt lat="-30.731685049831867" lon="28.113925410434604">
        <ele>2381.8000000000002</ele>
        <time>2022-01-20T09:49:19Z</time>
      </trkpt>
      <trkpt lat="-30.731657557189465" lon="28.113858103752136">
        <ele>2381.8000000000002</ele>
        <time>2022-01-20T09:49:20Z</time>
      </trkpt>
      <trkpt lat="-30.731597961857915" lon="28.113683508709073">
        <ele>2382.2800000000002</ele>
        <time>2022-01-20T09:49:22Z</time>
      </trkpt>
      <trkpt lat="-30.731578432023525" lon="28.113581920042634">
        <ele>2382.7600000000002</ele>
        <time>2022-01-20T09:49:23Z</time>
      </trkpt>
      <trkpt lat="-30.731568625196815" lon="28.113476894795895">
        <ele>2383.25</ele>
        <time>2022-01-20T09:49:24Z</time>
      </trkpt>
      <trkpt lat="-30.731568206101656" lon="28.113372875377536">
        <ele>2383.73</ele>
        <time>2022-01-20T09:49:25Z</time>
      </trkpt>
      <trkpt lat="-30.731573067605495" lon="28.113274555653334">
        <ele>2383.73</ele>
        <time>2022-01-20T09:49:26Z</time>
      </trkpt>
      <trkpt lat="-30.731583880260587" lon="28.113173050805926">
        <ele>2384.21</ele>
        <time>2022-01-20T09:49:27Z</time>
      </trkpt>
      <trkpt lat="-30.731603326275945" lon="28.11307548545301">
        <ele>2384.21</ele>
        <time>2022-01-20T09:49:28Z</time>
      </trkpt>
      <trkpt lat="-30.731633249670267" lon="28.112974148243666">
        <ele>2384.21</ele>
        <time>2022-01-20T09:49:29Z</time>
      </trkpt>
      <trkpt lat="-30.731675829738379" lon="28.112870883196592">
        <ele>2384.21</ele>
        <time>2022-01-20T09:49:30Z</time>
      </trkpt>
      <trkpt lat="-30.731729390099645" lon="28.112765857949853">
        <ele>2384.21</ele>
        <time>2022-01-20T09:49:31Z</time>
      </trkpt>
      <trkpt lat="-30.731988558545709" lon="28.112093126401305">
        <ele>2384.21</ele>
        <time>2022-01-20T09:49:36Z</time>
      </trkpt>
      <trkpt lat="-30.732071455568075" lon="28.110917564481497">
        <ele>2383.25</ele>
        <time>2022-01-20T09:49:45Z</time>
      </trkpt>
      <trkpt lat="-30.732087884098291" lon="28.110680272802711">
        <ele>2382.7600000000002</ele>
        <time>2022-01-20T09:49:47Z</time>
      </trkpt>
      <trkpt lat="-30.73210883885622" lon="28.110568122938275">
        <ele>2382.7600000000002</ele>
        <time>2022-01-20T09:49:48Z</time>
      </trkpt>
      <trkpt lat="-30.732137756422162" lon="28.11046770773828">
        <ele>2382.7600000000002</ele>
        <time>2022-01-20T09:49:49Z</time>
      </trkpt>
      <trkpt lat="-30.732172457501292" lon="28.110373243689537">
        <ele>2382.2800000000002</ele>
        <time>2022-01-20T09:49:50Z</time>
      </trkpt>
      <trkpt lat="-30.732212020084262" lon="28.110291268676519">
        <ele>2382.2800000000002</ele>
        <time>2022-01-20T09:49:51Z</time>
      </trkpt>
      <trkpt lat="-30.732258623465896" lon="28.110216669738293">
        <ele>2382.2800000000002</ele>
        <time>2022-01-20T09:49:52Z</time>
      </trkpt>
      <trkpt lat="-30.732305897399783" lon="28.110149195417762">
        <ele>2382.2800000000002</ele>
        <time>2022-01-20T09:49:53Z</time>
      </trkpt>
      <trkpt lat="-30.732351997867227" lon="28.110091695562005">
        <ele>2382.2800000000002</ele>
        <time>2022-01-20T09:49:54Z</time>
      </trkpt>
      <trkpt lat="-30.73240295983851" lon="28.110040230676532">
        <ele>2382.2800000000002</ele>
        <time>2022-01-20T09:49:55Z</time>
      </trkpt>
      <trkpt lat="-30.732458867132664" lon="28.109990945085883">
        <ele>2382.2800000000002</ele>
        <time>2022-01-20T09:49:56Z</time>
      </trkpt>
      <trkpt lat="-30.732526676729321" lon="28.109936714172363">
        <ele>2382.2800000000002</ele>
        <time>2022-01-20T09:49:57Z</time>
      </trkpt>
      <trkpt lat="-30.733127156272531" lon="28.109317626804113">
        <ele>2382.7600000000002</ele>
        <time>2022-01-20T09:50:06Z</time>
      </trkpt>
      <trkpt lat="-30.733191110193729" lon="28.109277142211795">
        <ele>2382.7600000000002</ele>
        <time>2022-01-20T09:50:07Z</time>
      </trkpt>
      <trkpt lat="-30.733259506523609" lon="28.109248308464885">
        <ele>2383.25</ele>
        <time>2022-01-20T09:50:08Z</time>
      </trkpt>
      <trkpt lat="-30.733336955308914" lon="28.109229113906622">
        <ele>2383.25</ele>
        <time>2022-01-20T09:50:09Z</time>
      </trkpt>
      <trkpt lat="-30.73342521674931" lon="28.109211595728993">
        <ele>2383.25</ele>
        <time>2022-01-20T09:50:10Z</time>
      </trkpt>
      <trkpt lat="-30.73428126052022" lon="28.108955444768071">
        <ele>2383.25</ele>
        <time>2022-01-20T09:50:18Z</time>
      </trkpt>
      <trkpt lat="-30.734654422849417" lon="28.108901800587773">
        <ele>2383.73</ele>
        <time>2022-01-20T09:50:22Z</time>
      </trkpt>
      <trkpt lat="-30.734739247709513" lon="28.108909679576755">
        <ele>2383.73</ele>
        <time>2022-01-20T09:50:23Z</time>
      </trkpt>
      <trkpt lat="-30.73481535539031" lon="28.108930885791779">
        <ele>2383.73</ele>
        <time>2022-01-20T09:50:24Z</time>
      </trkpt>
      <trkpt lat="-30.734886853024364" lon="28.10896416194737">
        <ele>2384.21</ele>
        <time>2022-01-20T09:50:25Z</time>
      </trkpt>
      <trkpt lat="-30.734961703419685" lon="28.109012190252542">
        <ele>2384.21</ele>
        <time>2022-01-20T09:50:26Z</time>
      </trkpt>
      <trkpt lat="-30.735045103356242" lon="28.109075641259551">
        <ele>2384.21</ele>
        <time>2022-01-20T09:50:27Z</time>
      </trkpt>
      <trkpt lat="-30.735132191330194" lon="28.109145378693938">
        <ele>2384.21</ele>
        <time>2022-01-20T09:50:28Z</time>
      </trkpt>
      <trkpt lat="-30.735978847369552" lon="28.109712665900588">
        <ele>2385.6500000000001</ele>
        <time>2022-01-20T09:50:36Z</time>
      </trkpt>
      <trkpt lat="-30.73608429171145" lon="28.109761532396078">
        <ele>2386.1300000000001</ele>
        <time>2022-01-20T09:50:37Z</time>
      </trkpt>
      <trkpt lat="-30.736185293644667" lon="28.109788270667195">
        <ele>2386.1300000000001</ele>
        <time>2022-01-20T09:50:38Z</time>
      </trkpt>
      <trkpt lat="-30.736286295577884" lon="28.109798412770033">
        <ele>2386.6100000000001</ele>
        <time>2022-01-20T09:50:39Z</time>
      </trkpt>
      <trkpt lat="-30.736389309167862" lon="28.109794221818447">
        <ele>2386.6100000000001</ele>
        <time>2022-01-20T09:50:40Z</time>
      </trkpt>
      <trkpt lat="-30.73649475350976" lon="28.10978265479207">
        <ele>2386.6100000000001</ele>
        <time>2022-01-20T09:50:41Z</time>
      </trkpt>
      <trkpt lat="-30.736999092623591" lon="28.109768154099584">
        <ele>2386.1300000000001</ele>
        <time>2022-01-20T09:50:46Z</time>
      </trkpt>
      <trkpt lat="-30.737081822007895" lon="28.109791204333305">
        <ele>2385.6500000000001</ele>
        <time>2022-01-20T09:50:47Z</time>
      </trkpt>
      <trkpt lat="-30.737161282449961" lon="28.109824061393738">
        <ele>2385.6500000000001</ele>
        <time>2022-01-20T09:50:48Z</time>
      </trkpt>
      <trkpt lat="-30.737858237698674" lon="28.110451446846128">
        <ele>2385.6500000000001</ele>
        <time>2022-01-20T09:50:57Z</time>
      </trkpt>
      <trkpt lat="-30.738155543804169" lon="28.110976656898856">
        <ele>2386.1300000000001</ele>
        <time>2022-01-20T09:51:02Z</time>
      </trkpt>
      <trkpt lat="-30.738197453320026" lon="28.111103978008032">
        <ele>2386.6100000000001</ele>
        <time>2022-01-20T09:51:03Z</time>
      </trkpt>
      <trkpt lat="-30.738314632326365" lon="28.111437410116196">
        <ele>2387.5700000000002</ele>
        <time>2022-01-20T09:51:06Z</time>
      </trkpt>
      <trkpt lat="-30.738362157717347" lon="28.111530700698495">
        <ele>2387.5700000000002</ele>
        <time>2022-01-20T09:51:07Z</time>
      </trkpt>
      <trkpt lat="-30.738425441086292" lon="28.111618710681796">
        <ele>2387.5700000000002</ele>
        <time>2022-01-20T09:51:08Z</time>
      </trkpt>
      <trkpt lat="-30.738505152985454" lon="28.111706636846066">
        <ele>2388.0500000000002</ele>
        <time>2022-01-20T09:51:09Z</time>
      </trkpt>
      <trkpt lat="-30.738591570407152" lon="28.11179481446743">
        <ele>2388.0500000000002</ele>
        <time>2022-01-20T09:51:10Z</time>
      </trkpt>
      <trkpt lat="-30.738843446597457" lon="28.112026657909155">
        <ele>2388.0500000000002</ele>
        <time>2022-01-20T09:51:13Z</time>
      </trkpt>
      <trkpt lat="-30.738944280892611" lon="28.112085079774261">
        <ele>2388.0500000000002</ele>
        <time>2022-01-20T09:51:14Z</time>
      </trkpt>
      <trkpt lat="-30.739756990224123" lon="28.112541222944856">
        <ele>2386.6100000000001</ele>
        <time>2022-01-20T09:51:21Z</time>
      </trkpt>
      <trkpt lat="-30.740009620785713" lon="28.11268949881196">
        <ele>2386.1300000000001</ele>
        <time>2022-01-20T09:51:24Z</time>
      </trkpt>
      <trkpt lat="-30.740094613283873" lon="28.112716739997268">
        <ele>2386.1300000000001</ele>
        <time>2022-01-20T09:51:25Z</time>
      </trkpt>
      <trkpt lat="-30.740178851410747" lon="28.112732078880072">
        <ele>2386.1300000000001</ele>
        <time>2022-01-20T09:51:26Z</time>
      </trkpt>
      <trkpt lat="-30.740256635472178" lon="28.112735264003277">
        <ele>2386.1300000000001</ele>
        <time>2022-01-20T09:51:27Z</time>
      </trkpt>
      <trkpt lat="-30.740331737324595" lon="28.112724283710122">
        <ele>2386.1300000000001</ele>
        <time>2022-01-20T09:51:28Z</time>
      </trkpt>
      <trkpt lat="-30.740400049835443" lon="28.112698383629322">
        <ele>2386.1300000000001</ele>
        <time>2022-01-20T09:51:29Z</time>
      </trkpt>
      <trkpt lat="-30.740465512499213" lon="28.112653708085418">
        <ele>2386.6100000000001</ele>
        <time>2022-01-20T09:51:30Z</time>
      </trkpt>
      <trkpt lat="-30.740539776161313" lon="28.112592687830329">
        <ele>2387.0900000000001</ele>
        <time>2022-01-20T09:51:31Z</time>
      </trkpt>
      <trkpt lat="-30.740800285711884" lon="28.112412476912141">
        <ele>2388.0500000000002</ele>
        <time>2022-01-20T09:51:34Z</time>
      </trkpt>
      <trkpt lat="-30.740868095308542" lon="28.112386325374246">
        <ele>2388.5300000000002</ele>
        <time>2022-01-20T09:51:35Z</time>
      </trkpt>
      <trkpt lat="-30.740928612649441" lon="28.112374842166901">
        <ele>2389.0100000000002</ele>
        <time>2022-01-20T09:51:36Z</time>
      </trkpt>
      <trkpt lat="-30.740991812199354" lon="28.112374087795615">
        <ele>2389.4899999999998</ele>
        <time>2022-01-20T09:51:37Z</time>
      </trkpt>
      <trkpt lat="-30.741066159680486" lon="28.112385151907802">
        <ele>2389.4899999999998</ele>
        <time>2022-01-20T09:51:38Z</time>
      </trkpt>
      <trkpt lat="-30.74114846996963" lon="28.112409040331841">
        <ele>2389.9699999999998</ele>
        <time>2022-01-20T09:51:39Z</time>
      </trkpt>
      <trkpt lat="-30.741233043372631" lon="28.11244617216289">
        <ele>2389.9699999999998</ele>
        <time>2022-01-20T09:51:40Z</time>
      </trkpt>
      <trkpt lat="-30.741313258185983" lon="28.11249696649611">
        <ele>2389.9699999999998</ele>
        <time>2022-01-20T09:51:41Z</time>
      </trkpt>
      <trkpt lat="-30.741390287876129" lon="28.112558154389262">
        <ele>2390.46</ele>
        <time>2022-01-20T09:51:42Z</time>
      </trkpt>
      <trkpt lat="-30.741466730833054" lon="28.112627053633332">
        <ele>2390.46</ele>
        <time>2022-01-20T09:51:43Z</time>
      </trkpt>
      <trkpt lat="-30.741784237325191" lon="28.112922683358192">
        <ele>2389.9699999999998</ele>
        <time>2022-01-20T09:51:47Z</time>
      </trkpt>
      <trkpt lat="-30.741868894547224" lon="28.112973896786571">
        <ele>2389.4899999999998</ele>
        <time>2022-01-20T09:51:48Z</time>
      </trkpt>
      <trkpt lat="-30.74196444824338" lon="28.113011531531811">
        <ele>2389.0100000000002</ele>
        <time>2022-01-20T09:51:49Z</time>
      </trkpt>
      <trkpt lat="-30.742070898413658" lon="28.113040532916784">
        <ele>2389.0100000000002</ele>
        <time>2022-01-20T09:51:50Z</time>
      </trkpt>
      <trkpt lat="-30.742183467373252" lon="28.113063918426633">
        <ele>2388.5300000000002</ele>
        <time>2022-01-20T09:51:51Z</time>
      </trkpt>
      <trkpt lat="-30.742614883929491" lon="28.113183360546827">
        <ele>2387.0900000000001</ele>
        <time>2022-01-20T09:51:55Z</time>
      </trkpt>
      <trkpt lat="-30.742712784558535" lon="28.113198447972536">
        <ele>2386.6100000000001</ele>
        <time>2022-01-20T09:51:56Z</time>
      </trkpt>
      <trkpt lat="-30.742805572226644" lon="28.113196771591902">
        <ele>2386.1300000000001</ele>
        <time>2022-01-20T09:51:57Z</time>
      </trkpt>
      <trkpt lat="-30.742895258590579" lon="28.113177660852671">
        <ele>2386.1300000000001</ele>
        <time>2022-01-20T09:51:58Z</time>
      </trkpt>
      <trkpt lat="-30.74298377148807" lon="28.113148994743824">
        <ele>2385.6500000000001</ele>
        <time>2022-01-20T09:51:59Z</time>
      </trkpt>
      <trkpt lat="-30.743065746501088" lon="28.113113706931472">
        <ele>2386.1300000000001</ele>
        <time>2022-01-20T09:52:00Z</time>
      </trkpt>
      <trkpt lat="-30.743143195286393" lon="28.113073641434312">
        <ele>2386.1300000000001</ele>
        <time>2022-01-20T09:52:01Z</time>
      </trkpt>
      <trkpt lat="-30.743899410590529" lon="28.112851604819298">
        <ele>2386.6100000000001</ele>
        <time>2022-01-20T09:52:09Z</time>
      </trkpt>
      <trkpt lat="-30.743987755849957" lon="28.112865351140499">
        <ele>2386.1300000000001</ele>
        <time>2022-01-20T09:52:10Z</time>
      </trkpt>
      <trkpt lat="-30.744068641215563" lon="28.112898292019963">
        <ele>2386.1300000000001</ele>
        <time>2022-01-20T09:52:11Z</time>
      </trkpt>
      <trkpt lat="-30.744145335629582" lon="28.112952439114451">
        <ele>2385.6500000000001</ele>
        <time>2022-01-20T09:52:12Z</time>
      </trkpt>
      <trkpt lat="-30.744221694767475" lon="28.113026954233646">
        <ele>2385.6500000000001</ele>
        <time>2022-01-20T09:52:13Z</time>
      </trkpt>
      <trkpt lat="-30.7442981377244" lon="28.113123597577214">
        <ele>2385.1700000000001</ele>
        <time>2022-01-20T09:52:14Z</time>
      </trkpt>
      <trkpt lat="-30.74437684379518" lon="28.113249996677041">
        <ele>2385.1700000000001</ele>
        <time>2022-01-20T09:52:15Z</time>
      </trkpt>
      <trkpt lat="-30.744449850171804" lon="28.113385112956166">
        <ele>2385.1700000000001</ele>
        <time>2022-01-20T09:52:16Z</time>
      </trkpt>
      <trkpt lat="-30.744628719985485" lon="28.113719215616584">
        <ele>2384.6900000000001</ele>
        <time>2022-01-20T09:52:19Z</time>
      </trkpt>
      <trkpt lat="-30.744683118537068" lon="28.113779732957482">
        <ele>2384.6900000000001</ele>
        <time>2022-01-20T09:52:20Z</time>
      </trkpt>
      <trkpt lat="-30.744739277288318" lon="28.113817116245627">
        <ele>2384.21</ele>
        <time>2022-01-20T09:52:21Z</time>
      </trkpt>
      <trkpt lat="-30.744797699153423" lon="28.113835640251637">
        <ele>2384.21</ele>
        <time>2022-01-20T09:52:22Z</time>
      </trkpt>
      <trkpt lat="-30.744858551770449" lon="28.113842010498047">
        <ele>2383.73</ele>
        <time>2022-01-20T09:52:23Z</time>
      </trkpt>
      <trkpt lat="-30.744928373023868" lon="28.113840669393539">
        <ele>2383.73</ele>
        <time>2022-01-20T09:52:24Z</time>
      </trkpt>
      <trkpt lat="-30.745013281702995" lon="28.113837651908398">
        <ele>2383.73</ele>
        <time>2022-01-20T09:52:25Z</time>
      </trkpt>
      <trkpt lat="-30.745776370167732" lon="28.113792641088367">
        <ele>2385.6500000000001</ele>
        <time>2022-01-20T09:52:31Z</time>
      </trkpt>
      <trkpt lat="-30.746459495276213" lon="28.113729022443295">
        <ele>2393.8200000000002</ele>
        <time>2022-01-20T09:52:37Z</time>
      </trkpt>
      <trkpt lat="-30.746565777808428" lon="28.11373614706099">
        <ele>2394.7800000000002</ele>
        <time>2022-01-20T09:52:38Z</time>
      </trkpt>
      <trkpt lat="-30.746671892702579" lon="28.11376347206533">
        <ele>2395.7399999999998</ele>
        <time>2022-01-20T09:52:39Z</time>
      </trkpt>
      <trkpt lat="-30.746788484975696" lon="28.1138064712286">
        <ele>2396.6999999999998</ele>
        <time>2022-01-20T09:52:40Z</time>
      </trkpt>
      <trkpt lat="-30.746902395039797" lon="28.113854750990868">
        <ele>2397.6700000000001</ele>
        <time>2022-01-20T09:52:41Z</time>
      </trkpt>
      <trkpt lat="-30.747860949486494" lon="28.114233193919063">
        <ele>2406.3200000000002</ele>
        <time>2022-01-20T09:52:49Z</time>
      </trkpt>
      <trkpt lat="-30.748864011839032" lon="28.114412985742092">
        <ele>2414.4899999999998</ele>
        <time>2022-01-20T09:52:57Z</time>
      </trkpt>
      <trkpt lat="-30.749283442273736" lon="28.114356910809875">
        <ele>2419.7800000000002</ele>
        <time>2022-01-20T09:53:02Z</time>
      </trkpt>
      <trkpt lat="-30.749341947957873" lon="28.114367555826902">
        <ele>2420.7399999999998</ele>
        <time>2022-01-20T09:53:03Z</time>
      </trkpt>
      <trkpt lat="-30.749410428106785" lon="28.114398149773479">
        <ele>2421.2199999999998</ele>
        <time>2022-01-20T09:53:04Z</time>
      </trkpt>
      <trkpt lat="-30.74949324131012" lon="28.114447770640254">
        <ele>2421.6999999999998</ele>
        <time>2022-01-20T09:53:05Z</time>
      </trkpt>
      <trkpt lat="-30.749586615711451" lon="28.114515077322721">
        <ele>2422.1799999999998</ele>
        <time>2022-01-20T09:53:06Z</time>
      </trkpt>
      <trkpt lat="-30.750406198203564" lon="28.115071719512343">
        <ele>2426.9899999999998</ele>
        <time>2022-01-20T09:53:13Z</time>
      </trkpt>
      <trkpt lat="-30.750590013340116" lon="28.115180851891637">
        <ele>2428.4299999999998</ele>
        <time>2022-01-20T09:53:15Z</time>
      </trkpt>
      <trkpt lat="-30.750676179304719" lon="28.115215301513672">
        <ele>2429.3899999999999</ele>
        <time>2022-01-20T09:53:16Z</time>
      </trkpt>
      <trkpt lat="-30.750766033306718" lon="28.115239692851901">
        <ele>2430.3499999999999</ele>
        <time>2022-01-20T09:53:17Z</time>
      </trkpt>
      <trkpt lat="-30.750853205099702" lon="28.115249499678612">
        <ele>2430.8299999999999</ele>
        <time>2022-01-20T09:53:18Z</time>
      </trkpt>
      <trkpt lat="-30.750948004424572" lon="28.115248745307326">
        <ele>2431.79</ele>
        <time>2022-01-20T09:53:19Z</time>
      </trkpt>
      <trkpt lat="-30.751050598919392" lon="28.115242458879948">
        <ele>2432.75</ele>
        <time>2022-01-20T09:53:20Z</time>
      </trkpt>
      <trkpt lat="-30.752089703455567" lon="28.115040622651577">
        <ele>2440.9200000000001</ele>
        <time>2022-01-20T09:53:28Z</time>
      </trkpt>
      <trkpt lat="-30.752326911315322" lon="28.114998294040561">
        <ele>2443.3299999999999</ele>
        <time>2022-01-20T09:53:30Z</time>
      </trkpt>
      <trkpt lat="-30.752953290939331" lon="28.114939285442233">
        <ele>2448.6199999999999</ele>
        <time>2022-01-20T09:53:36Z</time>
      </trkpt>
      <trkpt lat="-30.753046916797757" lon="28.114946745336056">
        <ele>2449.5799999999999</ele>
        <time>2022-01-20T09:53:37Z</time>
      </trkpt>
      <trkpt lat="-30.753356460481882" lon="28.115006256848574">
        <ele>2451.98</ele>
        <time>2022-01-20T09:53:40Z</time>
      </trkpt>
      <trkpt lat="-30.753456959500909" lon="28.115048501640558">
        <ele>2452.9400000000001</ele>
        <time>2022-01-20T09:53:41Z</time>
      </trkpt>
      <trkpt lat="-30.753548657521605" lon="28.115096613764763">
        <ele>2453.4200000000001</ele>
        <time>2022-01-20T09:53:42Z</time>
      </trkpt>
      <trkpt lat="-30.753635074943304" lon="28.115138690918684">
        <ele>2454.3800000000001</ele>
        <time>2022-01-20T09:53:43Z</time>
      </trkpt>
      <trkpt lat="-30.753720151260495" lon="28.115165010094643">
        <ele>2454.8600000000001</ele>
        <time>2022-01-20T09:53:44Z</time>
      </trkpt>
      <trkpt lat="-30.753801874816418" lon="28.11517464928329">
        <ele>2455.8200000000002</ele>
        <time>2022-01-20T09:53:45Z</time>
      </trkpt>
      <trkpt lat="-30.753878820687532" lon="28.115167943760753">
        <ele>2456.79</ele>
        <time>2022-01-20T09:53:46Z</time>
      </trkpt>
      <trkpt lat="-30.753950485959649" lon="28.115145731717348">
        <ele>2457.27</ele>
        <time>2022-01-20T09:53:47Z</time>
      </trkpt>
      <trkpt lat="-30.754017708823085" lon="28.115103906020522">
        <ele>2457.75</ele>
        <time>2022-01-20T09:53:48Z</time>
      </trkpt>
      <trkpt lat="-30.754082417115569" lon="28.115046741440892">
        <ele>2458.71</ele>
        <time>2022-01-20T09:53:49Z</time>
      </trkpt>
      <trkpt lat="-30.754144946113229" lon="28.114980608224869">
        <ele>2459.1900000000001</ele>
        <time>2022-01-20T09:53:50Z</time>
      </trkpt>
      <trkpt lat="-30.754206636920571" lon="28.114912295714021">
        <ele>2459.6700000000001</ele>
        <time>2022-01-20T09:53:51Z</time>
      </trkpt>
      <trkpt lat="-30.754536213353276" lon="28.114504851400852">
        <ele>2464</ele>
        <time>2022-01-20T09:53:56Z</time>
      </trkpt>
      <trkpt lat="-30.754612237215042" lon="28.114435281604528">
        <ele>2464.96</ele>
        <time>2022-01-20T09:53:57Z</time>
      </trkpt>
      <trkpt lat="-30.754692200571299" lon="28.114374931901693">
        <ele>2465.4400000000001</ele>
        <time>2022-01-20T09:53:58Z</time>
      </trkpt>
      <trkpt lat="-30.754776187241077" lon="28.114323131740093">
        <ele>2466.4000000000001</ele>
        <time>2022-01-20T09:53:59Z</time>
      </trkpt>
      <trkpt lat="-30.754865203052759" lon="28.114283150061965">
        <ele>2467.3600000000001</ele>
        <time>2022-01-20T09:54:00Z</time>
      </trkpt>
      <trkpt lat="-30.754962936043739" lon="28.114254735410213">
        <ele>2467.8400000000001</ele>
        <time>2022-01-20T09:54:01Z</time>
      </trkpt>
      <trkpt lat="-30.755068380385637" lon="28.114232355728745">
        <ele>2468.8000000000002</ele>
        <time>2022-01-20T09:54:02Z</time>
      </trkpt>
      <trkpt lat="-30.75555763207376" lon="28.114129342138767">
        <ele>2472.6500000000001</ele>
        <time>2022-01-20T09:54:07Z</time>
      </trkpt>
      <trkpt lat="-30.755627285689116" lon="28.114098161458969">
        <ele>2473.1300000000001</ele>
        <time>2022-01-20T09:54:08Z</time>
      </trkpt>
      <trkpt lat="-30.755692664533854" lon="28.114051138982177">
        <ele>2474.0900000000001</ele>
        <time>2022-01-20T09:54:09Z</time>
      </trkpt>
      <trkpt lat="-30.755752846598625" lon="28.113990454003215">
        <ele>2474.5700000000002</ele>
        <time>2022-01-20T09:54:10Z</time>
      </trkpt>
      <trkpt lat="-30.755813280120492" lon="28.113923314958811">
        <ele>2475.0500000000002</ele>
        <time>2022-01-20T09:54:11Z</time>
      </trkpt>
      <trkpt lat="-30.755999442189932" lon="28.113673534244299">
        <ele>2478.4200000000001</ele>
        <time>2022-01-20T09:54:14Z</time>
      </trkpt>
      <trkpt lat="-30.756068928167224" lon="28.113602958619595">
        <ele>2479.3800000000001</ele>
        <time>2022-01-20T09:54:15Z</time>
      </trkpt>
      <trkpt lat="-30.756145706400275" lon="28.11354118399322">
        <ele>2480.3400000000001</ele>
        <time>2022-01-20T09:54:16Z</time>
      </trkpt>
      <trkpt lat="-30.756230866536498" lon="28.113486869260669">
        <ele>2481.3000000000002</ele>
        <time>2022-01-20T09:54:17Z</time>
      </trkpt>
      <trkpt lat="-30.756327090784907" lon="28.113443786278367">
        <ele>2482.2600000000002</ele>
        <time>2022-01-20T09:54:18Z</time>
      </trkpt>
      <trkpt lat="-30.756435636430979" lon="28.113409588113427">
        <ele>2482.7399999999998</ele>
        <time>2022-01-20T09:54:19Z</time>
      </trkpt>
      <trkpt lat="-30.75654610991478" lon="28.113381173461676">
        <ele>2483.6999999999998</ele>
        <time>2022-01-20T09:54:20Z</time>
      </trkpt>
      <trkpt lat="-30.756919104605913" lon="28.113243542611599">
        <ele>2486.1100000000001</ele>
        <time>2022-01-20T09:54:24Z</time>
      </trkpt>
      <trkpt lat="-30.756985154002905" lon="28.11319719068706">
        <ele>2487.0700000000002</ele>
        <time>2022-01-20T09:54:25Z</time>
      </trkpt>
      <trkpt lat="-30.757045838981867" lon="28.113138601183891">
        <ele>2488.0300000000002</ele>
        <time>2022-01-20T09:54:26Z</time>
      </trkpt>
      <trkpt lat="-30.757101410999894" lon="28.113067019730806">
        <ele>2488.5100000000002</ele>
        <time>2022-01-20T09:54:27Z</time>
      </trkpt>
      <trkpt lat="-30.757151702418923" lon="28.112983787432313">
        <ele>2489.4699999999998</ele>
        <time>2022-01-20T09:54:28Z</time>
      </trkpt>
      <trkpt lat="-30.757203167304397" lon="28.112894520163536">
        <ele>2490.4299999999998</ele>
        <time>2022-01-20T09:54:29Z</time>
      </trkpt>
      <trkpt lat="-30.757373152300715" lon="28.112630406394601">
        <ele>2493.3200000000002</ele>
        <time>2022-01-20T09:54:32Z</time>
      </trkpt>
      <trkpt lat="-30.75744079425931" lon="28.112562177702785">
        <ele>2494.2800000000002</ele>
        <time>2022-01-20T09:54:33Z</time>
      </trkpt>
      <trkpt lat="-30.757521847262979" lon="28.112508784979582">
        <ele>2494.7600000000002</ele>
        <time>2022-01-20T09:54:34Z</time>
      </trkpt>
      <trkpt lat="-30.757619077339768" lon="28.112463941797614">
        <ele>2495.7199999999998</ele>
        <time>2022-01-20T09:54:35Z</time>
      </trkpt>
      <trkpt lat="-30.757725946605206" lon="28.112421613186598">
        <ele>2496.6799999999998</ele>
        <time>2022-01-20T09:54:36Z</time>
      </trkpt>
      <trkpt lat="-30.758899580687284" lon="28.111848961561918">
        <ele>2506.77</ele>
        <time>2022-01-20T09:54:47Z</time>
      </trkpt>
      <trkpt lat="-30.759265786036849" lon="28.111599432304502">
        <ele>2510.1399999999999</ele>
        <time>2022-01-20T09:54:51Z</time>
      </trkpt>
      <trkpt lat="-30.760213695466518" lon="28.110607517883182">
        <ele>2523.1199999999999</ele>
        <time>2022-01-20T09:55:02Z</time>
      </trkpt>
      <trkpt lat="-30.760428523644805" lon="28.110414650291204">
        <ele>2526</ele>
        <time>2022-01-20T09:55:04Z</time>
      </trkpt>
      <trkpt lat="-30.760533297434449" lon="28.110342063009739">
        <ele>2526.96</ele>
        <time>2022-01-20T09:55:05Z</time>
      </trkpt>
      <trkpt lat="-30.761112151667476" lon="28.109906120225787">
        <ele>2534.1700000000001</ele>
        <time>2022-01-20T09:55:12Z</time>
      </trkpt>
      <trkpt lat="-30.761167891323566" lon="28.109846441075206">
        <ele>2535.1300000000001</ele>
        <time>2022-01-20T09:55:13Z</time>
      </trkpt>
      <trkpt lat="-30.761267300695181" lon="28.109719539061189">
        <ele>2537.0599999999999</ele>
        <time>2022-01-20T09:55:15Z</time>
      </trkpt>
      <trkpt lat="-30.761308120563626" lon="28.10965608805418">
        <ele>2538.02</ele>
        <time>2022-01-20T09:55:16Z</time>
      </trkpt>
      <trkpt lat="-30.761730317026377" lon="28.108818987384439">
        <ele>2551</ele>
        <time>2022-01-20T09:55:25Z</time>
      </trkpt>
      <trkpt lat="-30.762080680578947" lon="28.107956238090992">
        <ele>2565.9000000000001</ele>
        <time>2022-01-20T09:55:34Z</time>
      </trkpt>
      <trkpt lat="-30.762126110494137" lon="28.107887925580144">
        <ele>2566.8600000000001</ele>
        <time>2022-01-20T09:55:35Z</time>
      </trkpt>
      <trkpt lat="-30.76218394562602" lon="28.107824558392167">
        <ele>2567.8200000000002</ele>
        <time>2022-01-20T09:55:36Z</time>
      </trkpt>
      <trkpt lat="-30.762257454916835" lon="28.107764711603522">
        <ele>2568.7800000000002</ele>
        <time>2022-01-20T09:55:37Z</time>
      </trkpt>
      <trkpt lat="-30.762345213443041" lon="28.107710313051939">
        <ele>2569.2600000000002</ele>
        <time>2022-01-20T09:55:38Z</time>
      </trkpt>
      <trkpt lat="-30.762449987232685" lon="28.107663206756115">
        <ele>2570.2199999999998</ele>
        <time>2022-01-20T09:55:39Z</time>
      </trkpt>
      <trkpt lat="-30.762560460716486" lon="28.107628505676985">
        <ele>2570.6999999999998</ele>
        <time>2022-01-20T09:55:40Z</time>
      </trkpt>
      <trkpt lat="-30.762682082131505" lon="28.107600510120392">
        <ele>2571.6599999999999</ele>
        <time>2022-01-20T09:55:41Z</time>
      </trkpt>
      <trkpt lat="-30.763566121459007" lon="28.10756228864193">
        <ele>2577.9099999999999</ele>
        <time>2022-01-20T09:55:49Z</time>
      </trkpt>
      <trkpt lat="-30.763635775074363" lon="28.10756329447031">
        <ele>2578.8699999999999</ele>
        <time>2022-01-20T09:55:50Z</time>
      </trkpt>
      <trkpt lat="-30.763702830299735" lon="28.107551224529743">
        <ele>2579.3499999999999</ele>
        <time>2022-01-20T09:55:51Z</time>
      </trkpt>
      <trkpt lat="-30.763764353469014" lon="28.107523396611214">
        <ele>2579.8400000000001</ele>
        <time>2022-01-20T09:55:52Z</time>
      </trkpt>
      <trkpt lat="-30.763825038447976" lon="28.107478218153119">
        <ele>2580.3200000000002</ele>
        <time>2022-01-20T09:55:53Z</time>
      </trkpt>
      <trkpt lat="-30.763881700113416" lon="28.107417784631252">
        <ele>2580.8000000000002</ele>
        <time>2022-01-20T09:55:54Z</time>
      </trkpt>
      <trkpt lat="-30.763932997360826" lon="28.107343940064311">
        <ele>2580.8000000000002</ele>
        <time>2022-01-20T09:55:55Z</time>
      </trkpt>
      <trkpt lat="-30.763976918533444" lon="28.107260875403881">
        <ele>2581.2800000000002</ele>
        <time>2022-01-20T09:55:56Z</time>
      </trkpt>
      <trkpt lat="-30.764016397297382" lon="28.107170267030597">
        <ele>2581.7600000000002</ele>
        <time>2022-01-20T09:55:57Z</time>
      </trkpt>
      <trkpt lat="-30.764052690938115" lon="28.107084771618247">
        <ele>2582.2399999999998</ele>
        <time>2022-01-20T09:55:58Z</time>
      </trkpt>
      <trkpt lat="-30.764095773920417" lon="28.106997851282358">
        <ele>2582.2399999999998</ele>
        <time>2022-01-20T09:55:59Z</time>
      </trkpt>
      <trkpt lat="-30.764143718406558" lon="28.106918893754482">
        <ele>2582.7199999999998</ele>
        <time>2022-01-20T09:56:00Z</time>
      </trkpt>
      <trkpt lat="-30.764194848015904" lon="28.106842450797558">
        <ele>2582.7199999999998</ele>
        <time>2022-01-20T09:56:01Z</time>
      </trkpt>
      <trkpt lat="-30.764492489397526" lon="28.106418997049332">
        <ele>2584.6399999999999</ele>
        <time>2022-01-20T09:56:07Z</time>
      </trkpt>
      <trkpt lat="-30.764516377821565" lon="28.106339368969202">
        <ele>2584.6399999999999</ele>
        <time>2022-01-20T09:56:08Z</time>
      </trkpt>
      <trkpt lat="-30.76452886685729" lon="28.106254544109106">
        <ele>2585.1199999999999</ele>
        <time>2022-01-20T09:56:09Z</time>
      </trkpt>
      <trkpt lat="-30.76453473418951" lon="28.106170725077391">
        <ele>2585.1199999999999</ele>
        <time>2022-01-20T09:56:10Z</time>
      </trkpt>
      <trkpt lat="-30.764535153284669" lon="28.106092186644673">
        <ele>2585.1199999999999</ele>
        <time>2022-01-20T09:56:11Z</time>
      </trkpt>
      <trkpt lat="-30.764534398913383" lon="28.106026640161872">
        <ele>2585.5999999999999</ele>
        <time>2022-01-20T09:56:12Z</time>
      </trkpt>
      <trkpt lat="-30.76454202644527" lon="28.10589948669076">
        <ele>2586.0799999999999</ele>
        <time>2022-01-20T09:56:14Z</time>
      </trkpt>
      <trkpt lat="-30.764557030051947" lon="28.105833437293768">
        <ele>2586.0799999999999</ele>
        <time>2022-01-20T09:56:15Z</time>
      </trkpt>
      <trkpt lat="-30.764582846313715" lon="28.105770070105791">
        <ele>2586.5599999999999</ele>
        <time>2022-01-20T09:56:16Z</time>
      </trkpt>
      <trkpt lat="-30.764619307592511" lon="28.10570309869945">
        <ele>2586.5599999999999</ele>
        <time>2022-01-20T09:56:17Z</time>
      </trkpt>
      <trkpt lat="-30.764663564041257" lon="28.105633445084095">
        <ele>2586.5599999999999</ele>
        <time>2022-01-20T09:56:18Z</time>
      </trkpt>
      <trkpt lat="-30.765240993350744" lon="28.1050028745085">
        <ele>2585.5999999999999</ele>
        <time>2022-01-20T09:56:26Z</time>
      </trkpt>
      <trkpt lat="-30.765319867059588" lon="28.104935735464096">
        <ele>2585.5999999999999</ele>
        <time>2022-01-20T09:56:27Z</time>
      </trkpt>
      <trkpt lat="-30.765394968912005" lon="28.104888461530209">
        <ele>2585.1199999999999</ele>
        <time>2022-01-20T09:56:28Z</time>
      </trkpt>
      <trkpt lat="-30.765466466546059" lon="28.104859124869108">
        <ele>2585.1199999999999</ele>
        <time>2022-01-20T09:56:29Z</time>
      </trkpt>
      <trkpt lat="-30.765532264485955" lon="28.104844707995653">
        <ele>2584.6399999999999</ele>
        <time>2022-01-20T09:56:30Z</time>
      </trkpt>
      <trkpt lat="-30.765591440722346" lon="28.104838337749243">
        <ele>2584.6399999999999</ele>
        <time>2022-01-20T09:56:31Z</time>
      </trkpt>
      <trkpt lat="-30.765644665807486" lon="28.104834482073784">
        <ele>2584.1599999999999</ele>
        <time>2022-01-20T09:56:32Z</time>
      </trkpt>
      <trkpt lat="-30.765694873407483" lon="28.104834565892816">
        <ele>2584.1599999999999</ele>
        <time>2022-01-20T09:56:33Z</time>
      </trkpt>
      <trkpt lat="-30.765736699104309" lon="28.104839595034719">
        <ele>2584.1599999999999</ele>
        <time>2022-01-20T09:56:34Z</time>
      </trkpt>
      <trkpt lat="-30.765775758773088" lon="28.104850742965937">
        <ele>2583.6799999999998</ele>
        <time>2022-01-20T09:56:35Z</time>
      </trkpt>
      <trkpt lat="-30.766115561127663" lon="28.104998180642724">
        <ele>2582.7199999999998</ele>
        <time>2022-01-20T09:56:48Z</time>
      </trkpt>
      <trkpt lat="-30.766489477828145" lon="28.104987954720855">
        <ele>2581.2800000000002</ele>
        <time>2022-01-20T09:57:04Z</time>
      </trkpt>
      <trkpt lat="-30.766844116151333" lon="28.104791231453419">
        <ele>2580.8000000000002</ele>
        <time>2022-01-20T09:57:20Z</time>
      </trkpt>
      <trkpt lat="-30.767181403934956" lon="28.104740101844072">
        <ele>2580.3200000000002</ele>
        <time>2022-01-20T09:57:31Z</time>
      </trkpt>
      <trkpt lat="-30.767533527687192" lon="28.104472970589995">
        <ele>2580.8000000000002</ele>
        <time>2022-01-20T09:57:47Z</time>
      </trkpt>
      <trkpt lat="-30.767830079421401" lon="28.104125875979662">
        <ele>2581.7600000000002</ele>
        <time>2022-01-20T09:58:02Z</time>
      </trkpt>
      <trkpt lat="-30.767869055271149" lon="28.104081116616726">
        <ele>2581.7600000000002</ele>
        <time>2022-01-20T09:58:03Z</time>
      </trkpt>
      <trkpt lat="-30.767990509048104" lon="28.103931583464146">
        <ele>2581.7600000000002</ele>
        <time>2022-01-20T09:58:06Z</time>
      </trkpt>
      <trkpt lat="-30.768059827387333" lon="28.10386679135263">
        <ele>2581.2800000000002</ele>
        <time>2022-01-20T09:58:07Z</time>
      </trkpt>
      <trkpt lat="-30.768146580085158" lon="28.103798730298877">
        <ele>2581.2800000000002</ele>
        <time>2022-01-20T09:58:08Z</time>
      </trkpt>
      <trkpt lat="-30.768642034381628" lon="28.103411318734288">
        <ele>2579.8400000000001</ele>
        <time>2022-01-20T09:58:13Z</time>
      </trkpt>
      <trkpt lat="-30.76874571852386" lon="28.103352310135961">
        <ele>2579.8400000000001</ele>
        <time>2022-01-20T09:58:14Z</time>
      </trkpt>
      <trkpt lat="-30.769711397588253" lon="28.102744286879897">
        <ele>2577.9099999999999</ele>
        <time>2022-01-20T09:58:22Z</time>
      </trkpt>
      <trkpt lat="-30.770564842969179" lon="28.102201810106635">
        <ele>2577.9099999999999</ele>
        <time>2022-01-20T09:58:29Z</time>
      </trkpt>
      <trkpt lat="-30.77123673632741" lon="28.101737787947059">
        <ele>2576.4699999999998</ele>
        <time>2022-01-20T09:58:36Z</time>
      </trkpt>
      <trkpt lat="-30.771275293081999" lon="28.101671654731035">
        <ele>2576.4699999999998</ele>
        <time>2022-01-20T09:58:37Z</time>
      </trkpt>
      <trkpt lat="-30.771289626136422" lon="28.101604431867599">
        <ele>2576.4699999999998</ele>
        <time>2022-01-20T09:58:38Z</time>
      </trkpt>
      <trkpt lat="-30.771285770460963" lon="28.101537544280291">
        <ele>2576.4699999999998</ele>
        <time>2022-01-20T09:58:39Z</time>
      </trkpt>
      <trkpt lat="-30.771268922835588" lon="28.101471578702331">
        <ele>2576.9499999999998</ele>
        <time>2022-01-20T09:58:40Z</time>
      </trkpt>
      <trkpt lat="-30.771234557032585" lon="28.101399578154087">
        <ele>2576.9499999999998</ele>
        <time>2022-01-20T09:58:41Z</time>
      </trkpt>
      <trkpt lat="-30.771188624203205" lon="28.10132154263556">
        <ele>2577.4299999999998</ele>
        <time>2022-01-20T09:58:42Z</time>
      </trkpt>
      <trkpt lat="-30.77097287401557" lon="28.101049633696675">
        <ele>2577.9099999999999</ele>
        <time>2022-01-20T09:58:45Z</time>
      </trkpt>
      <trkpt lat="-30.770444897934794" lon="28.10048989020288">
        <ele>2576.9499999999998</ele>
        <time>2022-01-20T09:58:51Z</time>
      </trkpt>
      <trkpt lat="-30.770377926528454" lon="28.100371873006225">
        <ele>2576.4699999999998</ele>
        <time>2022-01-20T09:58:52Z</time>
      </trkpt>
      <trkpt lat="-30.77031958848238" lon="28.100249748677015">
        <ele>2575.9899999999998</ele>
        <time>2022-01-20T09:58:53Z</time>
      </trkpt>
      <trkpt lat="-30.770036950707436" lon="28.099116431549191">
        <ele>2571.6599999999999</ele>
        <time>2022-01-20T09:59:02Z</time>
      </trkpt>
      <trkpt lat="-30.769823463633657" lon="28.098306572064757">
        <ele>2567.8200000000002</ele>
        <time>2022-01-20T09:59:10Z</time>
      </trkpt>
      <trkpt lat="-30.769686503335834" lon="28.098062574863434">
        <ele>2566.8600000000001</ele>
        <time>2022-01-20T09:59:17Z</time>
      </trkpt>
      <trkpt lat="-30.769430855289102" lon="28.097747666761279">
        <ele>2567.3400000000001</ele>
        <time>2022-01-20T09:59:34Z</time>
      </trkpt>
      <trkpt lat="-30.769085101783276" lon="28.097545830532908">
        <ele>2568.3000000000002</ele>
        <time>2022-01-20T09:59:49Z</time>
      </trkpt>
      <trkpt lat="-30.768585875630379" lon="28.097424209117889">
        <ele>2569.7399999999998</ele>
        <time>2022-01-20T09:59:55Z</time>
      </trkpt>
      <trkpt lat="-30.767676187679172" lon="28.097093123942614">
        <ele>2575.0300000000002</ele>
        <time>2022-01-20T10:00:02Z</time>
      </trkpt>
      <trkpt lat="-30.766953248530626" lon="28.096337830647826">
        <ele>2578.3899999999999</ele>
        <time>2022-01-20T10:00:09Z</time>
      </trkpt>
      <trkpt lat="-30.766400378197432" lon="28.095131842419505">
        <ele>2580.3200000000002</ele>
        <time>2022-01-20T10:00:17Z</time>
      </trkpt>
      <trkpt lat="-30.765700154006481" lon="28.093488067388535">
        <ele>2579.3499999999999</ele>
        <time>2022-01-20T10:00:27Z</time>
      </trkpt>
      <trkpt lat="-30.764924827963114" lon="28.092464301735163">
        <ele>2579.8400000000001</ele>
        <time>2022-01-20T10:00:36Z</time>
      </trkpt>
      <trkpt lat="-30.76355941593647" lon="28.091578669846058">
        <ele>2581.2800000000002</ele>
        <time>2022-01-20T10:00:47Z</time>
      </trkpt>
      <trkpt lat="-30.762044386938214" lon="28.090657079592347">
        <ele>2572.1399999999999</ele>
        <time>2022-01-20T10:00:59Z</time>
      </trkpt>
      <trkpt lat="-30.761106284335256" lon="28.089845879003406">
        <ele>2565.9000000000001</ele>
        <time>2022-01-20T10:01:08Z</time>
      </trkpt>
      <trkpt lat="-30.761043336242437" lon="28.089734902605414">
        <ele>2564.9299999999998</ele>
        <time>2022-01-20T10:01:09Z</time>
      </trkpt>
      <trkpt lat="-30.760991116985679" lon="28.089622920379043">
        <ele>2564.4499999999998</ele>
        <time>2022-01-20T10:01:10Z</time>
      </trkpt>
      <trkpt lat="-30.76095113530755" lon="28.089504232630134">
        <ele>2563.4899999999998</ele>
        <time>2022-01-20T10:01:11Z</time>
      </trkpt>
      <trkpt lat="-30.76092666015029" lon="28.089391831308603">
        <ele>2563.0100000000002</ele>
        <time>2022-01-20T10:01:12Z</time>
      </trkpt>
      <trkpt lat="-30.760913668200374" lon="28.08927440084517">
        <ele>2562.5300000000002</ele>
        <time>2022-01-20T10:01:13Z</time>
      </trkpt>
      <trkpt lat="-30.760912830010056" lon="28.089157892391086">
        <ele>2561.5700000000002</ele>
        <time>2022-01-20T10:01:14Z</time>
      </trkpt>
      <trkpt lat="-30.760918697342277" lon="28.08904130011797">
        <ele>2560.1300000000001</ele>
        <time>2022-01-20T10:01:15Z</time>
      </trkpt>
      <trkpt lat="-30.760935125872493" lon="28.088922444730997">
        <ele>2559.1700000000001</ele>
        <time>2022-01-20T10:01:16Z</time>
      </trkpt>
      <trkpt lat="-30.760964965447783" lon="28.08879554271698">
        <ele>2557.73</ele>
        <time>2022-01-20T10:01:17Z</time>
      </trkpt>
      <trkpt lat="-30.761006204411387" lon="28.088658582419157">
        <ele>2555.8000000000002</ele>
        <time>2022-01-20T10:01:18Z</time>
      </trkpt>
      <trkpt lat="-30.761055238544941" lon="28.088518520817161">
        <ele>2554.3600000000001</ele>
        <time>2022-01-20T10:01:19Z</time>
      </trkpt>
      <trkpt lat="-30.761298481374979" lon="28.087768843397498">
        <ele>2545.23</ele>
        <time>2022-01-20T10:01:26Z</time>
      </trkpt>
      <trkpt lat="-30.761304264888167" lon="28.0876858625561">
        <ele>2544.27</ele>
        <time>2022-01-20T10:01:27Z</time>
      </trkpt>
      <trkpt lat="-30.761299403384328" lon="28.087606318295002">
        <ele>2543.3099999999999</ele>
        <time>2022-01-20T10:01:28Z</time>
      </trkpt>
      <trkpt lat="-30.76128582470119" lon="28.087529456242919">
        <ele>2542.8200000000002</ele>
        <time>2022-01-20T10:01:29Z</time>
      </trkpt>
      <trkpt lat="-30.761264534667134" lon="28.087455108761787">
        <ele>2541.8600000000001</ele>
        <time>2022-01-20T10:01:30Z</time>
      </trkpt>
      <trkpt lat="-30.761238802224398" lon="28.087388807907701">
        <ele>2540.9000000000001</ele>
        <time>2022-01-20T10:01:31Z</time>
      </trkpt>
      <trkpt lat="-30.761209046468139" lon="28.087327284738421">
        <ele>2539.9400000000001</ele>
        <time>2022-01-20T10:01:32Z</time>
      </trkpt>
      <trkpt lat="-30.761179458349943" lon="28.087274394929409">
        <ele>2539.46</ele>
        <time>2022-01-20T10:01:33Z</time>
      </trkpt>
      <trkpt lat="-30.760717280209064" lon="28.086586575955153">
        <ele>2530.3299999999999</ele>
        <time>2022-01-20T10:01:43Z</time>
      </trkpt>
      <trkpt lat="-30.759813291952014" lon="28.085764059796929">
        <ele>2517.3499999999999</ele>
        <time>2022-01-20T10:01:56Z</time>
      </trkpt>
      <trkpt lat="-30.759748248383403" lon="28.085689377039671">
        <ele>2516.3899999999999</ele>
        <time>2022-01-20T10:01:57Z</time>
      </trkpt>
      <trkpt lat="-30.759687563404441" lon="28.085609413683414">
        <ele>2514.9499999999998</ele>
        <time>2022-01-20T10:01:58Z</time>
      </trkpt>
      <trkpt lat="-30.759046683087945" lon="28.084741467610002">
        <ele>2501.9699999999998</ele>
        <time>2022-01-20T10:02:09Z</time>
      </trkpt>
      <trkpt lat="-30.759010724723339" lon="28.084655636921525">
        <ele>2501.0100000000002</ele>
        <time>2022-01-20T10:02:10Z</time>
      </trkpt>
      <trkpt lat="-30.758983315899968" lon="28.084560083225369">
        <ele>2500.0500000000002</ele>
        <time>2022-01-20T10:02:11Z</time>
      </trkpt>
      <trkpt lat="-30.758755244314671" lon="28.08368006721139">
        <ele>2492.8400000000001</ele>
        <time>2022-01-20T10:02:20Z</time>
      </trkpt>
      <trkpt lat="-30.758746275678277" lon="28.083598762750626">
        <ele>2491.8699999999999</ele>
        <time>2022-01-20T10:02:21Z</time>
      </trkpt>
      <trkpt lat="-30.758746778592467" lon="28.083520978689194">
        <ele>2491.3899999999999</ele>
        <time>2022-01-20T10:02:22Z</time>
      </trkpt>
      <trkpt lat="-30.758754154667258" lon="28.083450738340616">
        <ele>2490.4299999999998</ele>
        <time>2022-01-20T10:02:23Z</time>
      </trkpt>
      <trkpt lat="-30.758770415559411" lon="28.083379659801722">
        <ele>2489.9499999999998</ele>
        <time>2022-01-20T10:02:24Z</time>
      </trkpt>
      <trkpt lat="-30.758795980364084" lon="28.083314197137952">
        <ele>2489.4699999999998</ele>
        <time>2022-01-20T10:02:25Z</time>
      </trkpt>
      <trkpt lat="-30.758829843252897" lon="28.08325937949121">
        <ele>2488.9899999999998</ele>
        <time>2022-01-20T10:02:26Z</time>
      </trkpt>
      <trkpt lat="-30.75887250714004" lon="28.083215039223433">
        <ele>2488.0300000000002</ele>
        <time>2022-01-20T10:02:27Z</time>
      </trkpt>
      <trkpt lat="-30.758927492424846" lon="28.083179919049144">
        <ele>2487.5500000000002</ele>
        <time>2022-01-20T10:02:28Z</time>
      </trkpt>
      <trkpt lat="-30.75898926705122" lon="28.083156449720263">
        <ele>2487.0700000000002</ele>
        <time>2022-01-20T10:02:29Z</time>
      </trkpt>
      <trkpt lat="-30.759064117446542" lon="28.083142451941967">
        <ele>2486.5900000000001</ele>
        <time>2022-01-20T10:02:30Z</time>
      </trkpt>
      <trkpt lat="-30.759144918993115" lon="28.083139769732952">
        <ele>2486.1100000000001</ele>
        <time>2022-01-20T10:02:31Z</time>
      </trkpt>
      <trkpt lat="-30.759237455204129" lon="28.083142368122935">
        <ele>2485.6300000000001</ele>
        <time>2022-01-20T10:02:32Z</time>
      </trkpt>
      <trkpt lat="-30.760157620534301" lon="28.083158293738961">
        <ele>2478.9000000000001</ele>
        <time>2022-01-20T10:02:42Z</time>
      </trkpt>
      <trkpt lat="-30.760215371847153" lon="28.08313574641943">
        <ele>2478.4200000000001</ele>
        <time>2022-01-20T10:02:43Z</time>
      </trkpt>
      <trkpt lat="-30.760258873924613" lon="28.083099536597729">
        <ele>2477.9400000000001</ele>
        <time>2022-01-20T10:02:44Z</time>
      </trkpt>
      <trkpt lat="-30.760289216414094" lon="28.083051927387714">
        <ele>2477.4499999999998</ele>
        <time>2022-01-20T10:02:45Z</time>
      </trkpt>
      <trkpt lat="-30.76030807569623" lon="28.082995852455497">
        <ele>2476.9699999999998</ele>
        <time>2022-01-20T10:02:46Z</time>
      </trkpt>
      <trkpt lat="-30.760313188657165" lon="28.082927959039807">
        <ele>2476.4899999999998</ele>
        <time>2022-01-20T10:02:47Z</time>
      </trkpt>
      <trkpt lat="-30.76030564494431" lon="28.082846570760012">
        <ele>2476.0100000000002</ele>
        <time>2022-01-20T10:02:48Z</time>
      </trkpt>
      <trkpt lat="-30.760289803147316" lon="28.082751939073205">
        <ele>2475.5300000000002</ele>
        <time>2022-01-20T10:02:49Z</time>
      </trkpt>
      <trkpt lat="-30.760162984952331" lon="28.081806376576424">
        <ele>2468.8000000000002</ele>
        <time>2022-01-20T10:02:58Z</time>
      </trkpt>
      <trkpt lat="-30.760263903066516" lon="28.080824268981814">
        <ele>2463.04</ele>
        <time>2022-01-20T10:03:08Z</time>
      </trkpt>
      <trkpt lat="-30.760671766474843" lon="28.07911871932447">
        <ele>2453.9000000000001</ele>
        <time>2022-01-20T10:03:22Z</time>
      </trkpt>
      <trkpt lat="-30.760858682915568" lon="28.078639693558216">
        <ele>2451.98</ele>
        <time>2022-01-20T10:03:28Z</time>
      </trkpt>
      <trkpt lat="-30.760872680693865" lon="28.078587390482426">
        <ele>2451.98</ele>
        <time>2022-01-20T10:03:29Z</time>
      </trkpt>
      <trkpt lat="-30.760882403701544" lon="28.078534584492445">
        <ele>2451.5</ele>
        <time>2022-01-20T10:03:30Z</time>
      </trkpt>
      <trkpt lat="-30.760887265205383" lon="28.078488148748875">
        <ele>2451.02</ele>
        <time>2022-01-20T10:03:31Z</time>
      </trkpt>
      <trkpt lat="-30.760889109224081" lon="28.078451855108142">
        <ele>2451.02</ele>
        <time>2022-01-20T10:03:32Z</time>
      </trkpt>
      <trkpt lat="-30.760889109224081" lon="28.078429978340864">
        <ele>2451.02</ele>
        <time>2022-01-20T10:03:33Z</time>
      </trkpt>
      <trkpt lat="-30.760801266878843" lon="28.078296454623342">
        <ele>2450.54</ele>
        <time>2022-01-20T10:03:42Z</time>
      </trkpt>
      <trkpt lat="-30.760759189724922" lon="28.078282037749887">
        <ele>2450.0599999999999</ele>
        <time>2022-01-20T10:03:43Z</time>
      </trkpt>
      <trkpt lat="-30.760709652677178" lon="28.078287150710821">
        <ele>2449.5799999999999</ele>
        <time>2022-01-20T10:03:44Z</time>
      </trkpt>
      <trkpt lat="-30.760658271610737" lon="28.078316319733858">
        <ele>2449.5799999999999</ele>
        <time>2022-01-20T10:03:45Z</time>
      </trkpt>
      <trkpt lat="-30.760610243305564" lon="28.078367533162236">
        <ele>2449.0999999999999</ele>
        <time>2022-01-20T10:03:46Z</time>
      </trkpt>
      <trkpt lat="-30.760561125352979" lon="28.078439701348543">
        <ele>2448.6199999999999</ele>
        <time>2022-01-20T10:03:47Z</time>
      </trkpt>
      <trkpt lat="-30.760509828105569" lon="28.078522849828005">
        <ele>2448.6199999999999</ele>
        <time>2022-01-20T10:03:48Z</time>
      </trkpt>
      <trkpt lat="-30.760393235832453" lon="28.078699205070734">
        <ele>2447.6500000000001</ele>
        <time>2022-01-20T10:03:50Z</time>
      </trkpt>
      <trkpt lat="-30.760318636894226" lon="28.078783191740513">
        <ele>2447.1700000000001</ele>
        <time>2022-01-20T10:03:51Z</time>
      </trkpt>
      <trkpt lat="-30.760237583890557" lon="28.07885829359293">
        <ele>2446.6900000000001</ele>
        <time>2022-01-20T10:03:52Z</time>
      </trkpt>
      <trkpt lat="-30.7601507473737" lon="28.078924678266048">
        <ele>2445.73</ele>
        <time>2022-01-20T10:03:53Z</time>
      </trkpt>
      <trkpt lat="-30.760057121515274" lon="28.078975221142173">
        <ele>2445.25</ele>
        <time>2022-01-20T10:03:54Z</time>
      </trkpt>
      <trkpt lat="-30.759958131238818" lon="28.079007910564542">
        <ele>2444.29</ele>
        <time>2022-01-20T10:03:55Z</time>
      </trkpt>
      <trkpt lat="-30.759857045486569" lon="28.079024255275726">
        <ele>2443.8099999999999</ele>
        <time>2022-01-20T10:03:56Z</time>
      </trkpt>
      <trkpt lat="-30.75975688174367" lon="28.079031715169549">
        <ele>2442.8499999999999</ele>
        <time>2022-01-20T10:03:57Z</time>
      </trkpt>
      <trkpt lat="-30.759661579504609" lon="28.079031212255359">
        <ele>2442.3699999999999</ele>
        <time>2022-01-20T10:03:58Z</time>
      </trkpt>
      <trkpt lat="-30.759569127112627" lon="28.079013526439667">
        <ele>2441.8899999999999</ele>
        <time>2022-01-20T10:03:59Z</time>
      </trkpt>
      <trkpt lat="-30.759479524567723" lon="28.078972119837999">
        <ele>2440.9200000000001</ele>
        <time>2022-01-20T10:04:00Z</time>
      </trkpt>
      <trkpt lat="-30.759391514584422" lon="28.078904980793595">
        <ele>2439.96</ele>
        <time>2022-01-20T10:04:01Z</time>
      </trkpt>
      <trkpt lat="-30.759303001686931" lon="28.078810684382915">
        <ele>2439.48</ele>
        <time>2022-01-20T10:04:02Z</time>
      </trkpt>
      <trkpt lat="-30.759215578436852" lon="28.078696019947529">
        <ele>2438.52</ele>
        <time>2022-01-20T10:04:03Z</time>
      </trkpt>
      <trkpt lat="-30.759132765233517" lon="28.078570878133178">
        <ele>2437.5599999999999</ele>
        <time>2022-01-20T10:04:04Z</time>
      </trkpt>
      <trkpt lat="-30.759052382782102" lon="28.078442886471748">
        <ele>2436.5999999999999</ele>
        <time>2022-01-20T10:04:05Z</time>
      </trkpt>
      <trkpt lat="-30.758420722559094" lon="28.077359525486827">
        <ele>2432.27</ele>
        <time>2022-01-20T10:04:12Z</time>
      </trkpt>
      <trkpt lat="-30.757970195263624" lon="28.076446149498224">
        <ele>2429.8699999999999</ele>
        <time>2022-01-20T10:04:19Z</time>
      </trkpt>
      <trkpt lat="-30.757936667650938" lon="28.076316984370351">
        <ele>2429.3899999999999</ele>
        <time>2022-01-20T10:04:20Z</time>
      </trkpt>
      <trkpt lat="-30.75769585557282" lon="28.075399752706289">
        <ele>2421.6999999999998</ele>
        <time>2022-01-20T10:04:27Z</time>
      </trkpt>
      <trkpt lat="-30.757683031260967" lon="28.075321884825826">
        <ele>2420.7399999999998</ele>
        <time>2022-01-20T10:04:28Z</time>
      </trkpt>
      <trkpt lat="-30.757679510861635" lon="28.075250973924994">
        <ele>2419.7800000000002</ele>
        <time>2022-01-20T10:04:29Z</time>
      </trkpt>
      <trkpt lat="-30.75768755748868" lon="28.075190959498286">
        <ele>2419.3000000000002</ele>
        <time>2022-01-20T10:04:30Z</time>
      </trkpt>
      <trkpt lat="-30.757709518074989" lon="28.07513982988894">
        <ele>2418.8099999999999</ele>
        <time>2022-01-20T10:04:31Z</time>
      </trkpt>
      <trkpt lat="-30.757744889706373" lon="28.075101859867573">
        <ele>2417.8499999999999</ele>
        <time>2022-01-20T10:04:32Z</time>
      </trkpt>
      <trkpt lat="-30.757790571078658" lon="28.075080988928676">
        <ele>2417.3699999999999</ele>
        <time>2022-01-20T10:04:33Z</time>
      </trkpt>
      <trkpt lat="-30.757845975458622" lon="28.075078306719661">
        <ele>2416.8899999999999</ele>
        <time>2022-01-20T10:04:34Z</time>
      </trkpt>
      <trkpt lat="-30.757910097017884" lon="28.075092639774084">
        <ele>2415.9299999999998</ele>
        <time>2022-01-20T10:04:35Z</time>
      </trkpt>
      <trkpt lat="-30.757981846109033" lon="28.07512030005455">
        <ele>2415.9299999999998</ele>
        <time>2022-01-20T10:04:36Z</time>
      </trkpt>
      <trkpt lat="-30.758056277409196" lon="28.075156593695283">
        <ele>2415.4499999999998</ele>
        <time>2022-01-20T10:04:37Z</time>
      </trkpt>
      <trkpt lat="-30.758568160235882" lon="28.075437303632498">
        <ele>2411.5999999999999</ele>
        <time>2022-01-20T10:04:43Z</time>
      </trkpt>
      <trkpt lat="-30.758641250431538" lon="28.075500587001443">
        <ele>2411.1199999999999</ele>
        <time>2022-01-20T10:04:44Z</time>
      </trkpt>
      <trkpt lat="-30.759227061644197" lon="28.076304160058498">
        <ele>2405.3600000000001</ele>
        <time>2022-01-20T10:04:52Z</time>
      </trkpt>
      <trkpt lat="-30.759451948106289" lon="28.076675310730934">
        <ele>2402.9499999999998</ele>
        <time>2022-01-20T10:04:56Z</time>
      </trkpt>
      <trkpt lat="-30.759505089372396" lon="28.076728954911232">
        <ele>2402.4699999999998</ele>
        <time>2022-01-20T10:04:57Z</time>
      </trkpt>
      <trkpt lat="-30.759561164304614" lon="28.076761392876506">
        <ele>2402.4699999999998</ele>
        <time>2022-01-20T10:04:58Z</time>
      </trkpt>
      <trkpt lat="-30.759623944759369" lon="28.07677430100739">
        <ele>2401.9899999999998</ele>
        <time>2022-01-20T10:04:59Z</time>
      </trkpt>
      <trkpt lat="-30.759687144309282" lon="28.076766254380345">
        <ele>2401.5100000000002</ele>
        <time>2022-01-20T10:05:00Z</time>
      </trkpt>
      <trkpt lat="-30.759744895622134" lon="28.076740354299545">
        <ele>2401.0300000000002</ele>
        <time>2022-01-20T10:05:01Z</time>
      </trkpt>
      <trkpt lat="-30.759795187041163" lon="28.076704144477844">
        <ele>2401.0300000000002</ele>
        <time>2022-01-20T10:05:02Z</time>
      </trkpt>
      <trkpt lat="-30.75983508490026" lon="28.07666776701808">
        <ele>2401.0300000000002</ele>
        <time>2022-01-20T10:05:03Z</time>
      </trkpt>
      <trkpt lat="-30.75988931581378" lon="28.076604902744293">
        <ele>2400.0700000000002</ele>
        <time>2022-01-20T10:05:10Z</time>
      </trkpt>
      <trkpt lat="-30.760010937228799" lon="28.076386386528611">
        <ele>2399.1100000000001</ele>
        <time>2022-01-20T10:05:25Z</time>
      </trkpt>
      <trkpt lat="-30.760372364893556" lon="28.075722539797425">
        <ele>2393.3400000000001</ele>
        <time>2022-01-20T10:05:32Z</time>
      </trkpt>
      <trkpt lat="-30.76041067019105" lon="28.075670739635825">
        <ele>2392.8600000000001</ele>
        <time>2022-01-20T10:05:33Z</time>
      </trkpt>
      <trkpt lat="-30.760437157005072" lon="28.075622627511621">
        <ele>2392.3800000000001</ele>
        <time>2022-01-20T10:05:34Z</time>
      </trkpt>
      <trkpt lat="-30.760453417897224" lon="28.075572922825813">
        <ele>2391.9000000000001</ele>
        <time>2022-01-20T10:05:35Z</time>
      </trkpt>
      <trkpt lat="-30.760451909154654" lon="28.075522715225816">
        <ele>2390.9400000000001</ele>
        <time>2022-01-20T10:05:36Z</time>
      </trkpt>
      <trkpt lat="-30.760430451482534" lon="28.075479799881577">
        <ele>2390.9400000000001</ele>
        <time>2022-01-20T10:05:37Z</time>
      </trkpt>
      <trkpt lat="-30.760392816737294" lon="28.075450379401445">
        <ele>2390.46</ele>
        <time>2022-01-20T10:05:38Z</time>
      </trkpt>
      <trkpt lat="-30.760341603308916" lon="28.075433364138007">
        <ele>2389.9699999999998</ele>
        <time>2022-01-20T10:05:39Z</time>
      </trkpt>
      <trkpt lat="-30.760282510891557" lon="28.075430346652865">
        <ele>2389.4899999999998</ele>
        <time>2022-01-20T10:05:40Z</time>
      </trkpt>
      <trkpt lat="-30.760220568627119" lon="28.075443506240845">
        <ele>2389.4899999999998</ele>
        <time>2022-01-20T10:05:41Z</time>
      </trkpt>
      <trkpt lat="-30.760156279429793" lon="28.07547259144485">
        <ele>2389.0100000000002</ele>
        <time>2022-01-20T10:05:42Z</time>
      </trkpt>
      <trkpt lat="-30.760090062394738" lon="28.075517602264881">
        <ele>2388.5300000000002</ele>
        <time>2022-01-20T10:05:43Z</time>
      </trkpt>
      <trkpt lat="-30.760028539225459" lon="28.075580550357699">
        <ele>2388.5300000000002</ele>
        <time>2022-01-20T10:05:44Z</time>
      </trkpt>
      <trkpt lat="-30.759971542283893" lon="28.075665961951017">
        <ele>2388.0500000000002</ele>
        <time>2022-01-20T10:05:45Z</time>
      </trkpt>
      <trkpt lat="-30.759919155389071" lon="28.075763443484902">
        <ele>2388.0500000000002</ele>
        <time>2022-01-20T10:05:46Z</time>
      </trkpt>
      <trkpt lat="-30.759872971102595" lon="28.075850196182728">
        <ele>2387.5700000000002</ele>
        <time>2022-01-20T10:05:47Z</time>
      </trkpt>
      <trkpt lat="-30.759827625006437" lon="28.075916413217783">
        <ele>2387.5700000000002</ele>
        <time>2022-01-20T10:05:48Z</time>
      </trkpt>
      <trkpt lat="-30.759777668863535" lon="28.07595974765718">
        <ele>2387.0900000000001</ele>
        <time>2022-01-20T10:05:49Z</time>
      </trkpt>
      <trkpt lat="-30.759724276140332" lon="28.075976511463523">
        <ele>2387.0900000000001</ele>
        <time>2022-01-20T10:05:50Z</time>
      </trkpt>
      <trkpt lat="-30.759668704122305" lon="28.075963854789734">
        <ele>2386.6100000000001</ele>
        <time>2022-01-20T10:05:51Z</time>
      </trkpt>
      <trkpt lat="-30.759610198438168" lon="28.075921693816781">
        <ele>2386.1300000000001</ele>
        <time>2022-01-20T10:05:52Z</time>
      </trkpt>
      <trkpt lat="-30.759548004716635" lon="28.07584784924984">
        <ele>2386.1300000000001</ele>
        <time>2022-01-20T10:05:53Z</time>
      </trkpt>
      <trkpt lat="-30.75948522426188" lon="28.075747517868876">
        <ele>2385.1700000000001</ele>
        <time>2022-01-20T10:05:54Z</time>
      </trkpt>
      <trkpt lat="-30.75942755676806" lon="28.075631512328982">
        <ele>2384.21</ele>
        <time>2022-01-20T10:05:55Z</time>
      </trkpt>
      <trkpt lat="-30.759371984750032" lon="28.075511902570724">
        <ele>2383.25</ele>
        <time>2022-01-20T10:05:56Z</time>
      </trkpt>
      <trkpt lat="-30.759202418848872" lon="28.075133292004466">
        <ele>2380.3600000000001</ele>
        <time>2022-01-20T10:05:59Z</time>
      </trkpt>
      <trkpt lat="-30.759161012247205" lon="28.075007311999798">
        <ele>2379.4000000000001</ele>
        <time>2022-01-20T10:06:00Z</time>
      </trkpt>
      <trkpt lat="-30.758847193792462" lon="28.074263418093324">
        <ele>2372.6700000000001</ele>
        <time>2022-01-20T10:06:07Z</time>
      </trkpt>
      <trkpt lat="-30.75853144749999" lon="28.073732508346438">
        <ele>2368.3499999999999</ele>
        <time>2022-01-20T10:06:13Z</time>
      </trkpt>
      <trkpt lat="-30.758521053940058" lon="28.073682300746441">
        <ele>2367.8600000000001</ele>
        <time>2022-01-20T10:06:14Z</time>
      </trkpt>
      <trkpt lat="-30.758532620966434" lon="28.073637625202537">
        <ele>2366.9000000000001</ele>
        <time>2022-01-20T10:06:15Z</time>
      </trkpt>
      <trkpt lat="-30.758561957627535" lon="28.073611725121737">
        <ele>2366.4200000000001</ele>
        <time>2022-01-20T10:06:16Z</time>
      </trkpt>
      <trkpt lat="-30.758601101115346" lon="28.073609378188848">
        <ele>2365.9400000000001</ele>
        <time>2022-01-20T10:06:17Z</time>
      </trkpt>
      <trkpt lat="-30.758647117763758" lon="28.073630165308714">
        <ele>2365.46</ele>
        <time>2022-01-20T10:06:18Z</time>
      </trkpt>
      <trkpt lat="-30.758699253201485" lon="28.073672913014889">
        <ele>2364.98</ele>
        <time>2022-01-20T10:06:19Z</time>
      </trkpt>
      <trkpt lat="-30.75875423848629" lon="28.073734436184168">
        <ele>2364.5</ele>
        <time>2022-01-20T10:06:20Z</time>
      </trkpt>
      <trkpt lat="-30.758814755827188" lon="28.073810376226902">
        <ele>2364.02</ele>
        <time>2022-01-20T10:06:21Z</time>
      </trkpt>
      <trkpt lat="-30.759447840973735" lon="28.074436504393816">
        <ele>2358.73</ele>
        <time>2022-01-20T10:06:29Z</time>
      </trkpt>
      <trkpt lat="-30.759506346657872" lon="28.074471624568105">
        <ele>2358.25</ele>
        <time>2022-01-20T10:06:30Z</time>
      </trkpt>
      <trkpt lat="-30.759564181789756" lon="28.074491992592812">
        <ele>2357.77</ele>
        <time>2022-01-20T10:06:31Z</time>
      </trkpt>
      <trkpt lat="-30.759616987779737" lon="28.074495764449239">
        <ele>2357.77</ele>
        <time>2022-01-20T10:06:32Z</time>
      </trkpt>
      <trkpt lat="-30.759667614474893" lon="28.07448067702353">
        <ele>2357.29</ele>
        <time>2022-01-20T10:06:33Z</time>
      </trkpt>
      <trkpt lat="-30.759711200371385" lon="28.074441533535719">
        <ele>2356.8099999999999</ele>
        <time>2022-01-20T10:06:34Z</time>
      </trkpt>
      <trkpt lat="-30.759744392707944" lon="28.074380094185472">
        <ele>2356.3299999999999</ele>
        <time>2022-01-20T10:06:35Z</time>
      </trkpt>
      <trkpt lat="-30.75976325199008" lon="28.07429644279182">
        <ele>2356.3299999999999</ele>
        <time>2022-01-20T10:06:36Z</time>
      </trkpt>
      <trkpt lat="-30.759763587266207" lon="28.074201559647918">
        <ele>2355.3699999999999</ele>
        <time>2022-01-20T10:06:37Z</time>
      </trkpt>
      <trkpt lat="-30.759748416021466" lon="28.074092343449593">
        <ele>2354.8899999999999</ele>
        <time>2022-01-20T10:06:38Z</time>
      </trkpt>
      <trkpt lat="-30.759722767397761" lon="28.073967536911368">
        <ele>2353.9299999999998</ele>
        <time>2022-01-20T10:06:39Z</time>
      </trkpt>
      <trkpt lat="-30.759671218693256" lon="28.073630249127746">
        <ele>2351.04</ele>
        <time>2022-01-20T10:06:42Z</time>
      </trkpt>
      <trkpt lat="-30.75967775657773" lon="28.07353176176548">
        <ele>2350.0799999999999</ele>
        <time>2022-01-20T10:06:43Z</time>
      </trkpt>
      <trkpt lat="-30.759701896458864" lon="28.073438387364149">
        <ele>2349.5999999999999</ele>
        <time>2022-01-20T10:06:44Z</time>
      </trkpt>
      <trkpt lat="-30.759735926985741" lon="28.073357921093702">
        <ele>2348.6399999999999</ele>
        <time>2022-01-20T10:06:45Z</time>
      </trkpt>
      <trkpt lat="-30.759769706055522" lon="28.073285082355142">
        <ele>2348.1599999999999</ele>
        <time>2022-01-20T10:06:46Z</time>
      </trkpt>
      <trkpt lat="-30.759787308052182" lon="28.073221379891038">
        <ele>2347.6799999999998</ele>
        <time>2022-01-20T10:06:47Z</time>
      </trkpt>
      <trkpt lat="-30.759792337194085" lon="28.073163041844964">
        <ele>2347.1999999999998</ele>
        <time>2022-01-20T10:06:48Z</time>
      </trkpt>
      <trkpt lat="-30.759781105443835" lon="28.073110906407237">
        <ele>2346.7199999999998</ele>
        <time>2022-01-20T10:06:49Z</time>
      </trkpt>
      <trkpt lat="-30.75975688174367" lon="28.073071511462331">
        <ele>2346.23</ele>
        <time>2022-01-20T10:06:50Z</time>
      </trkpt>
      <trkpt lat="-30.759720923379064" lon="28.073052735999227">
        <ele>2345.75</ele>
        <time>2022-01-20T10:06:51Z</time>
      </trkpt>
      <trkpt lat="-30.759680606424809" lon="28.073057765141129">
        <ele>2345.27</ele>
        <time>2022-01-20T10:06:52Z</time>
      </trkpt>
      <trkpt lat="-30.759641965851188" lon="28.073086347430944">
        <ele>2345.27</ele>
        <time>2022-01-20T10:06:53Z</time>
      </trkpt>
      <trkpt lat="-30.759609527885914" lon="28.073137979954481">
        <ele>2345.27</ele>
        <time>2022-01-20T10:06:54Z</time>
      </trkpt>
      <trkpt lat="-30.759586645290256" lon="28.073208471760154">
        <ele>2345.27</ele>
        <time>2022-01-20T10:06:55Z</time>
      </trkpt>
      <trkpt lat="-30.759568540379405" lon="28.073298493400216">
        <ele>2345.27</ele>
        <time>2022-01-20T10:06:56Z</time>
      </trkpt>
      <trkpt lat="-30.759547837078571" lon="28.073391113430262">
        <ele>2344.79</ele>
        <time>2022-01-20T10:06:57Z</time>
      </trkpt>
      <trkpt lat="-30.759516321122646" lon="28.073477782309055">
        <ele>2344.79</ele>
        <time>2022-01-20T10:06:58Z</time>
      </trkpt>
      <trkpt lat="-30.759475668892264" lon="28.073541400954127">
        <ele>2344.79</ele>
        <time>2022-01-20T10:06:59Z</time>
      </trkpt>
      <trkpt lat="-30.759422527626157" lon="28.073580376803875">
        <ele>2344.3099999999999</ele>
        <time>2022-01-20T10:07:00Z</time>
      </trkpt>
      <trkpt lat="-30.759368631988764" lon="28.073589010164142">
        <ele>2343.8299999999999</ele>
        <time>2022-01-20T10:07:01Z</time>
      </trkpt>
      <trkpt lat="-30.759315406903625" lon="28.073569647967815">
        <ele>2343.8299999999999</ele>
        <time>2022-01-20T10:07:02Z</time>
      </trkpt>
      <trkpt lat="-30.75926679186523" lon="28.073521954938769">
        <ele>2343.3499999999999</ele>
        <time>2022-01-20T10:07:03Z</time>
      </trkpt>
      <trkpt lat="-30.759226055815816" lon="28.07344819419086">
        <ele>2342.3899999999999</ele>
        <time>2022-01-20T10:07:04Z</time>
      </trkpt>
      <trkpt lat="-30.759188253432512" lon="28.073351047933102">
        <ele>2341.9099999999999</ele>
        <time>2022-01-20T10:07:05Z</time>
      </trkpt>
      <trkpt lat="-30.759149780496955" lon="28.073249543085694">
        <ele>2340.9499999999998</ele>
        <time>2022-01-20T10:07:06Z</time>
      </trkpt>
      <trkpt lat="-30.759102841839194" lon="28.073146445676684">
        <ele>2339.5100000000002</ele>
        <time>2022-01-20T10:07:07Z</time>
      </trkpt>
      <trkpt lat="-30.759052550420165" lon="28.073052652180195">
        <ele>2338.54</ele>
        <time>2022-01-20T10:07:08Z</time>
      </trkpt>
      <trkpt lat="-30.758996475487947" lon="28.072962798178196">
        <ele>2337.0999999999999</ele>
        <time>2022-01-20T10:07:09Z</time>
      </trkpt>
      <trkpt lat="-30.758933443576097" lon="28.072873195633292">
        <ele>2336.1399999999999</ele>
        <time>2022-01-20T10:07:10Z</time>
      </trkpt>
      <trkpt lat="-30.758816096931696" lon="28.072692481800914">
        <ele>2333.7399999999998</ele>
        <time>2022-01-20T10:07:12Z</time>
      </trkpt>
      <trkpt lat="-30.758771589025855" lon="28.072596341371536">
        <ele>2332.3000000000002</ele>
        <time>2022-01-20T10:07:13Z</time>
      </trkpt>
      <trkpt lat="-30.758733283728361" lon="28.07248855009675">
        <ele>2331.3299999999999</ele>
        <time>2022-01-20T10:07:14Z</time>
      </trkpt>
      <trkpt lat="-30.758707886561751" lon="28.072382099926472">
        <ele>2330.3699999999999</ele>
        <time>2022-01-20T10:07:15Z</time>
      </trkpt>
      <trkpt lat="-30.758691122755408" lon="28.072272045537829">
        <ele>2328.9299999999998</ele>
        <time>2022-01-20T10:07:16Z</time>
      </trkpt>
      <trkpt lat="-30.758681818842888" lon="28.072157884016633">
        <ele>2327.9699999999998</ele>
        <time>2022-01-20T10:07:17Z</time>
      </trkpt>
      <trkpt lat="-30.758679136633873" lon="28.072044812142849">
        <ele>2326.5300000000002</ele>
        <time>2022-01-20T10:07:18Z</time>
      </trkpt>
      <trkpt lat="-30.75867997482419" lon="28.071916317567229">
        <ele>2325.0900000000001</ele>
        <time>2022-01-20T10:07:19Z</time>
      </trkpt>
      <trkpt lat="-30.758606549352407" lon="28.070804374292493">
        <ele>2313.0700000000002</ele>
        <time>2022-01-20T10:07:28Z</time>
      </trkpt>
      <trkpt lat="-30.75824067927897" lon="28.069781111553311">
        <ele>2302.0100000000002</ele>
        <time>2022-01-20T10:07:37Z</time>
      </trkpt>
      <trkpt lat="-30.757902469485998" lon="28.068329365924001">
        <ele>2285.6700000000001</ele>
        <time>2022-01-20T10:07:50Z</time>
      </trkpt>
      <trkpt lat="-30.758090559393167" lon="28.067316915839911">
        <ele>2274.6199999999999</ele>
        <time>2022-01-20T10:07:59Z</time>
      </trkpt>
      <trkpt lat="-30.758745353668928" lon="28.066376969218254">
        <ele>2262.1199999999999</ele>
        <time>2022-01-20T10:08:09Z</time>
      </trkpt>
      <trkpt lat="-30.759659064933658" lon="28.065582113340497">
        <ele>2249.6199999999999</ele>
        <time>2022-01-20T10:08:20Z</time>
      </trkpt>
      <trkpt lat="-30.760785844177008" lon="28.064914494752884">
        <ele>2240.0100000000002</ele>
        <time>2022-01-20T10:08:32Z</time>
      </trkpt>
      <trkpt lat="-30.761832995340228" lon="28.064572596922517">
        <ele>2231.8400000000001</ele>
        <time>2022-01-20T10:08:41Z</time>
      </trkpt>
      <trkpt lat="-30.762129882350564" lon="28.064472265541553">
        <ele>2229.9200000000001</ele>
        <time>2022-01-20T10:08:47Z</time>
      </trkpt>
      <trkpt lat="-30.762135330587626" lon="28.064468996599317">
        <ele>2229.9200000000001</ele>
        <time>2022-01-20T10:08:58Z</time>
      </trkpt>
      <trkpt lat="-30.7621487416327" lon="28.064467320218682">
        <ele>2233.2800000000002</ele>
        <time>2022-01-20T10:09:29Z</time>
      </trkpt>
      <trkpt lat="-30.76214237138629" lon="28.06446279399097">
        <ele>2233.2800000000002</ele>
        <time>2022-01-20T10:09:52Z</time>
      </trkpt>
      <trkpt lat="-30.762145472690463" lon="28.064466649666429">
        <ele>2233.2800000000002</ele>
        <time>2022-01-20T10:10:18Z</time>
      </trkpt>
      <trkpt lat="-30.762147484347224" lon="28.064470253884792">
        <ele>2231.3600000000001</ele>
        <time>2022-01-20T10:10:40Z</time>
      </trkpt>
      <trkpt lat="-30.762149160727859" lon="28.064471343532205">
        <ele>2231.3600000000001</ele>
        <time>2022-01-20T10:11:02Z</time>
      </trkpt>
      <trkpt lat="-30.762147819623351" lon="28.064467739313841">
        <ele>2231.8400000000001</ele>
        <time>2022-01-20T10:11:22Z</time>
      </trkpt>
      <trkpt lat="-30.762162320315838" lon="28.064448460936546">
        <ele>2231.8400000000001</ele>
        <time>2022-01-20T10:11:45Z</time>
      </trkpt>
      <trkpt lat="-30.762271787971258" lon="28.06430789642036">
        <ele>2231.3600000000001</ele>
        <time>2022-01-20T10:11:48Z</time>
      </trkpt>
      <trkpt lat="-30.762309590354562" lon="28.064238494262099">
        <ele>2230.8800000000001</ele>
        <time>2022-01-20T10:11:49Z</time>
      </trkpt>
      <trkpt lat="-30.762344123795629" lon="28.064165571704507">
        <ele>2230.4000000000001</ele>
        <time>2022-01-20T10:11:50Z</time>
      </trkpt>
      <trkpt lat="-30.762499859556556" lon="28.063291842117906">
        <ele>2225.1100000000001</ele>
        <time>2022-01-20T10:12:00Z</time>
      </trkpt>
      <trkpt lat="-30.762485275045037" lon="28.063061591237783">
        <ele>2223.1900000000001</ele>
        <time>2022-01-20T10:12:03Z</time>
      </trkpt>
      <trkpt lat="-30.762469600886106" lon="28.063002917915583">
        <ele>2222.71</ele>
        <time>2022-01-20T10:12:04Z</time>
      </trkpt>
      <trkpt lat="-30.762449065223336" lon="28.062956482172012">
        <ele>2222.71</ele>
        <time>2022-01-20T10:12:05Z</time>
      </trkpt>
      <trkpt lat="-30.762419141829014" lon="28.062924798578024">
        <ele>2222.2199999999998</ele>
        <time>2022-01-20T10:12:06Z</time>
      </trkpt>
      <trkpt lat="-30.762381674721837" lon="28.062910214066505">
        <ele>2222.2199999999998</ele>
        <time>2022-01-20T10:12:07Z</time>
      </trkpt>
      <trkpt lat="-30.762338088825345" lon="28.062910716980696">
        <ele>2221.7399999999998</ele>
        <time>2022-01-20T10:12:08Z</time>
      </trkpt>
      <trkpt lat="-30.762287545949221" lon="28.062931252643466">
        <ele>2221.2600000000002</ele>
        <time>2022-01-20T10:12:09Z</time>
      </trkpt>
      <trkpt lat="-30.76222937554121" lon="28.062976347282529">
        <ele>2220.7800000000002</ele>
        <time>2022-01-20T10:12:10Z</time>
      </trkpt>
      <trkpt lat="-30.76216634362936" lon="28.063036445528269">
        <ele>2220.3000000000002</ele>
        <time>2022-01-20T10:12:11Z</time>
      </trkpt>
      <trkpt lat="-30.762024521827698" lon="28.063151612877846">
        <ele>2218.8600000000001</ele>
        <time>2022-01-20T10:12:13Z</time>
      </trkpt>
      <trkpt lat="-30.761943636462092" lon="28.063194947317243">
        <ele>2217.9000000000001</ele>
        <time>2022-01-20T10:12:14Z</time>
      </trkpt>
      <trkpt lat="-30.761130005121231" lon="28.063621670007706">
        <ele>2210.6900000000001</ele>
        <time>2022-01-20T10:12:23Z</time>
      </trkpt>
      <trkpt lat="-30.760740581899881" lon="28.06392777711153">
        <ele>2206.8400000000001</ele>
        <time>2022-01-20T10:12:27Z</time>
      </trkpt>
      <trkpt lat="-30.760651985183358" lon="28.063973793759942">
        <ele>2205.8800000000001</ele>
        <time>2022-01-20T10:12:28Z</time>
      </trkpt>
      <trkpt lat="-30.760562466457486" lon="28.064010506495833">
        <ele>2204.9200000000001</ele>
        <time>2022-01-20T10:12:29Z</time>
      </trkpt>
      <trkpt lat="-30.760470936074853" lon="28.064038082957268">
        <ele>2203.96</ele>
        <time>2022-01-20T10:12:30Z</time>
      </trkpt>
      <trkpt lat="-30.76037353836" lon="28.064052499830723">
        <ele>2203</ele>
        <time>2022-01-20T10:12:31Z</time>
      </trkpt>
      <trkpt lat="-30.760268932208419" lon="28.064061468467116">
        <ele>2202.52</ele>
        <time>2022-01-20T10:12:32Z</time>
      </trkpt>
      <trkpt lat="-30.759111642837524" lon="28.064148472622037">
        <ele>2192.4200000000001</ele>
        <time>2022-01-20T10:12:42Z</time>
      </trkpt>
      <trkpt lat="-30.759008210152388" lon="28.064132714644074">
        <ele>2191.46</ele>
        <time>2022-01-20T10:12:43Z</time>
      </trkpt>
      <trkpt lat="-30.75890963897109" lon="28.064103042706847">
        <ele>2190.5</ele>
        <time>2022-01-20T10:12:44Z</time>
      </trkpt>
      <trkpt lat="-30.758591378107667" lon="28.06395610794425">
        <ele>2186.6599999999999</ele>
        <time>2022-01-20T10:12:48Z</time>
      </trkpt>
      <trkpt lat="-30.758537733927369" lon="28.06391310878098">
        <ele>2186.1799999999998</ele>
        <time>2022-01-20T10:12:49Z</time>
      </trkpt>
      <trkpt lat="-30.758494399487972" lon="28.063868517056108">
        <ele>2185.6900000000001</ele>
        <time>2022-01-20T10:12:50Z</time>
      </trkpt>
      <trkpt lat="-30.758465062826872" lon="28.063819650560617">
        <ele>2184.73</ele>
        <time>2022-01-20T10:12:51Z</time>
      </trkpt>
      <trkpt lat="-30.758451316505671" lon="28.063766593113542">
        <ele>2184.25</ele>
        <time>2022-01-20T10:12:52Z</time>
      </trkpt>
      <trkpt lat="-30.758453076705337" lon="28.06370691396296">
        <ele>2183.29</ele>
        <time>2022-01-20T10:12:53Z</time>
      </trkpt>
      <trkpt lat="-30.758467242121696" lon="28.063634326681495">
        <ele>2182.8099999999999</ele>
        <time>2022-01-20T10:12:54Z</time>
      </trkpt>
      <trkpt lat="-30.758493393659592" lon="28.063545897603035">
        <ele>2181.8499999999999</ele>
        <time>2022-01-20T10:12:55Z</time>
      </trkpt>
      <trkpt lat="-30.758536560460925" lon="28.063439363613725">
        <ele>2181.3699999999999</ele>
        <time>2022-01-20T10:12:56Z</time>
      </trkpt>
      <trkpt lat="-30.758596491068602" lon="28.063323022797704">
        <ele>2179.9299999999998</ele>
        <time>2022-01-20T10:12:57Z</time>
      </trkpt>
      <trkpt lat="-30.758666479960084" lon="28.063212968409061">
        <ele>2179.4499999999998</ele>
        <time>2022-01-20T10:12:58Z</time>
      </trkpt>
      <trkpt lat="-30.758743342012167" lon="28.063111547380686">
        <ele>2178.48</ele>
        <time>2022-01-20T10:12:59Z</time>
      </trkpt>
      <trkpt lat="-30.758825819939375" lon="28.063016664236784">
        <ele>2177.52</ele>
        <time>2022-01-20T10:13:00Z</time>
      </trkpt>
      <trkpt lat="-30.758909555152059" lon="28.062926642596722">
        <ele>2176.5599999999999</ele>
        <time>2022-01-20T10:13:01Z</time>
      </trkpt>
      <trkpt lat="-30.759126227349043" lon="28.062675520777702">
        <ele>2173.1999999999998</ele>
        <time>2022-01-20T10:13:04Z</time>
      </trkpt>
      <trkpt lat="-30.759178949519992" lon="28.062597401440144">
        <ele>2172.2399999999998</ele>
        <time>2022-01-20T10:13:05Z</time>
      </trkpt>
      <trkpt lat="-30.759223457425833" lon="28.062522634863853">
        <ele>2171.27</ele>
        <time>2022-01-20T10:13:06Z</time>
      </trkpt>
      <trkpt lat="-30.759258409962058" lon="28.062448371201754">
        <ele>2170.3099999999999</ele>
        <time>2022-01-20T10:13:07Z</time>
      </trkpt>
      <trkpt lat="-30.759280622005463" lon="28.062372850254178">
        <ele>2169.3499999999999</ele>
        <time>2022-01-20T10:13:08Z</time>
      </trkpt>
      <trkpt lat="-30.759288584813476" lon="28.062294898554683">
        <ele>2168.8699999999999</ele>
        <time>2022-01-20T10:13:09Z</time>
      </trkpt>
      <trkpt lat="-30.759285567328334" lon="28.062210325151682">
        <ele>2168.3899999999999</ele>
        <time>2022-01-20T10:13:10Z</time>
      </trkpt>
      <trkpt lat="-30.759270060807467" lon="28.062117537483573">
        <ele>2167.9099999999999</ele>
        <time>2022-01-20T10:13:11Z</time>
      </trkpt>
      <trkpt lat="-30.759243573993444" lon="28.062019636854529">
        <ele>2166.9499999999998</ele>
        <time>2022-01-20T10:13:12Z</time>
      </trkpt>
      <trkpt lat="-30.759208789095283" lon="28.061919808387756">
        <ele>2166.4699999999998</ele>
        <time>2022-01-20T10:13:13Z</time>
      </trkpt>
      <trkpt lat="-30.759166209027171" lon="28.061822075396776">
        <ele>2165.5100000000002</ele>
        <time>2022-01-20T10:13:14Z</time>
      </trkpt>
      <trkpt lat="-30.759117258712649" lon="28.061726689338684">
        <ele>2165.0300000000002</ele>
        <time>2022-01-20T10:13:15Z</time>
      </trkpt>
      <trkpt lat="-30.759060261771083" lon="28.061633398756385">
        <ele>2164.5500000000002</ele>
        <time>2022-01-20T10:13:16Z</time>
      </trkpt>
      <trkpt lat="-30.75899270363152" lon="28.061526529490948">
        <ele>2163.5799999999999</ele>
        <time>2022-01-20T10:13:17Z</time>
      </trkpt>
      <trkpt lat="-30.75868533924222" lon="28.061059154570103">
        <ele>2160.2199999999998</ele>
        <time>2022-01-20T10:13:22Z</time>
      </trkpt>
      <trkpt lat="-30.758621720597148" lon="28.061003582552075">
        <ele>2159.2600000000002</ele>
        <time>2022-01-20T10:13:23Z</time>
      </trkpt>
      <trkpt lat="-30.758548965677619" lon="28.060958236455917">
        <ele>2158.7800000000002</ele>
        <time>2022-01-20T10:13:24Z</time>
      </trkpt>
      <trkpt lat="-30.758468583226204" lon="28.060922529548407">
        <ele>2157.8200000000002</ele>
        <time>2022-01-20T10:13:25Z</time>
      </trkpt>
      <trkpt lat="-30.758378310129046" lon="28.060894617810845">
        <ele>2157.3400000000001</ele>
        <time>2022-01-20T10:13:26Z</time>
      </trkpt>
      <trkpt lat="-30.75828904286027" lon="28.060880368575454">
        <ele>2156.3699999999999</ele>
        <time>2022-01-20T10:13:27Z</time>
      </trkpt>
      <trkpt lat="-30.758198350667953" lon="28.060880452394485">
        <ele>2155.8899999999999</ele>
        <time>2022-01-20T10:13:28Z</time>
      </trkpt>
      <trkpt lat="-30.758104808628559" lon="28.060894450172782">
        <ele>2155.4099999999999</ele>
        <time>2022-01-20T10:13:29Z</time>
      </trkpt>
      <trkpt lat="-30.758010931313038" lon="28.060918841511011">
        <ele>2154.4499999999998</ele>
        <time>2022-01-20T10:13:30Z</time>
      </trkpt>
      <trkpt lat="-30.757913282141089" lon="28.060944657772779">
        <ele>2153.9699999999998</ele>
        <time>2022-01-20T10:13:31Z</time>
      </trkpt>
      <trkpt lat="-30.757472980767488" lon="28.061110367998481">
        <ele>2150.1300000000001</ele>
        <time>2022-01-20T10:13:36Z</time>
      </trkpt>
      <trkpt lat="-30.757410451769829" lon="28.061167784035206">
        <ele>2149.1599999999999</ele>
        <time>2022-01-20T10:13:37Z</time>
      </trkpt>
      <trkpt lat="-30.757352448999882" lon="28.061236348003149">
        <ele>2148.1999999999998</ele>
        <time>2022-01-20T10:13:38Z</time>
      </trkpt>
      <trkpt lat="-30.757295871153474" lon="28.06131605990231">
        <ele>2147.7199999999998</ele>
        <time>2022-01-20T10:13:39Z</time>
      </trkpt>
      <trkpt lat="-30.757238119840622" lon="28.061402896419168">
        <ele>2146.7600000000002</ele>
        <time>2022-01-20T10:13:40Z</time>
      </trkpt>
      <trkpt lat="-30.756860096007586" lon="28.062225747853518">
        <ele>2140.5100000000002</ele>
        <time>2022-01-20T10:13:49Z</time>
      </trkpt>
      <trkpt lat="-30.756814414635301" lon="28.062298921868205">
        <ele>2139.5500000000002</ele>
        <time>2022-01-20T10:13:50Z</time>
      </trkpt>
      <trkpt lat="-30.756755154579878" lon="28.062357343733311">
        <ele>2138.5900000000001</ele>
        <time>2022-01-20T10:13:51Z</time>
      </trkpt>
      <trkpt lat="-30.756691368296742" lon="28.062390116974711">
        <ele>2138.1100000000001</ele>
        <time>2022-01-20T10:13:52Z</time>
      </trkpt>
      <trkpt lat="-30.756616350263357" lon="28.062409646809101">
        <ele>2137.1500000000001</ele>
        <time>2022-01-20T10:13:53Z</time>
      </trkpt>
      <trkpt lat="-30.756527166813612" lon="28.062427919358015">
        <ele>2136.1900000000001</ele>
        <time>2022-01-20T10:13:54Z</time>
      </trkpt>
      <trkpt lat="-30.75573842972517" lon="28.062822036445141">
        <ele>2130.4200000000001</ele>
        <time>2022-01-20T10:14:01Z</time>
      </trkpt>
      <trkpt lat="-30.755350515246391" lon="28.063102997839451">
        <ele>2127.0500000000002</ele>
        <time>2022-01-20T10:14:05Z</time>
      </trkpt>
      <trkpt lat="-30.755266109481454" lon="28.063146583735943">
        <ele>2126.0900000000001</ele>
        <time>2022-01-20T10:14:06Z</time>
      </trkpt>
      <trkpt lat="-30.755181284621358" lon="28.06317918933928">
        <ele>2125.6100000000001</ele>
        <time>2022-01-20T10:14:07Z</time>
      </trkpt>
      <trkpt lat="-30.755087239667773" lon="28.063203329220414">
        <ele>2124.6500000000001</ele>
        <time>2022-01-20T10:14:08Z</time>
      </trkpt>
      <trkpt lat="-30.754988333210349" lon="28.06322461925447">
        <ele>2123.6900000000001</ele>
        <time>2022-01-20T10:14:09Z</time>
      </trkpt>
      <trkpt lat="-30.754092643037438" lon="28.06346501223743">
        <ele>2116</ele>
        <time>2022-01-20T10:14:17Z</time>
      </trkpt>
      <trkpt lat="-30.753829702734947" lon="28.063528882339597">
        <ele>2112.6300000000001</ele>
        <time>2022-01-20T10:14:21Z</time>
      </trkpt>
      <trkpt lat="-30.753788715228438" lon="28.063520500436425">
        <ele>2112.1500000000001</ele>
        <time>2022-01-20T10:14:22Z</time>
      </trkpt>
      <trkpt lat="-30.753757115453482" lon="28.063498707488179">
        <ele>2111.1900000000001</ele>
        <time>2022-01-20T10:14:23Z</time>
      </trkpt>
      <trkpt lat="-30.753734735772014" lon="28.063464341685176">
        <ele>2110.71</ele>
        <time>2022-01-20T10:14:24Z</time>
      </trkpt>
      <trkpt lat="-30.753723001107574" lon="28.063417989760637">
        <ele>2110.23</ele>
        <time>2022-01-20T10:14:25Z</time>
      </trkpt>
      <trkpt lat="-30.753725012764335" lon="28.063369793817401">
        <ele>2109.75</ele>
        <time>2022-01-20T10:14:26Z</time>
      </trkpt>
      <trkpt lat="-30.753742698580027" lon="28.063326878473163">
        <ele>2108.79</ele>
        <time>2022-01-20T10:14:27Z</time>
      </trkpt>
      <trkpt lat="-30.753774717450142" lon="28.063294440507889">
        <ele>2108.3099999999999</ele>
        <time>2022-01-20T10:14:28Z</time>
      </trkpt>
      <trkpt lat="-30.753820147365332" lon="28.063262924551964">
        <ele>2107.3499999999999</ele>
        <time>2022-01-20T10:14:29Z</time>
      </trkpt>
      <trkpt lat="-30.754304369911551" lon="28.063014149665833">
        <ele>2102.54</ele>
        <time>2022-01-20T10:14:35Z</time>
      </trkpt>
      <trkpt lat="-30.754388188943267" lon="28.062962684780359">
        <ele>2101.5799999999999</ele>
        <time>2022-01-20T10:14:36Z</time>
      </trkpt>
      <trkpt lat="-30.755046419799328" lon="28.062524227425456">
        <ele>2094.8499999999999</ele>
        <time>2022-01-20T10:14:43Z</time>
      </trkpt>
      <trkpt lat="-30.755119258537889" lon="28.062461195513606">
        <ele>2094.3699999999999</ele>
        <time>2022-01-20T10:14:44Z</time>
      </trkpt>
      <trkpt lat="-30.755182793363929" lon="28.06238416582346">
        <ele>2093.4099999999999</ele>
        <time>2022-01-20T10:14:45Z</time>
      </trkpt>
      <trkpt lat="-30.755793498829007" lon="28.061674721539021">
        <ele>2084.2800000000002</ele>
        <time>2022-01-20T10:14:53Z</time>
      </trkpt>
      <trkpt lat="-30.755843287333846" lon="28.061607917770743">
        <ele>2083.3099999999999</ele>
        <time>2022-01-20T10:14:54Z</time>
      </trkpt>
      <trkpt lat="-30.755879832431674" lon="28.061541030183434">
        <ele>2082.8299999999999</ele>
        <time>2022-01-20T10:14:55Z</time>
      </trkpt>
      <trkpt lat="-30.755899697542191" lon="28.06147045455873">
        <ele>2082.3499999999999</ele>
        <time>2022-01-20T10:14:56Z</time>
      </trkpt>
      <trkpt lat="-30.755904475226998" lon="28.06138982065022">
        <ele>2081.8699999999999</ele>
        <time>2022-01-20T10:14:57Z</time>
      </trkpt>
      <trkpt lat="-30.755900871008635" lon="28.061303738504648">
        <ele>2081.3899999999999</ele>
        <time>2022-01-20T10:14:58Z</time>
      </trkpt>
      <trkpt lat="-30.755900284275413" lon="28.061204915866256">
        <ele>2080.9099999999999</ele>
        <time>2022-01-20T10:14:59Z</time>
      </trkpt>
      <trkpt lat="-30.755910091102123" lon="28.061095280572772">
        <ele>2079.9499999999998</ele>
        <time>2022-01-20T10:15:00Z</time>
      </trkpt>
      <trkpt lat="-30.755929788574576" lon="28.060969719663262">
        <ele>2079.4699999999998</ele>
        <time>2022-01-20T10:15:01Z</time>
      </trkpt>
      <trkpt lat="-30.756158530712128" lon="28.059755600988865">
        <ele>2068.4099999999999</ele>
        <time>2022-01-20T10:15:11Z</time>
      </trkpt>
      <trkpt lat="-30.756190801039338" lon="28.059684773907065">
        <ele>2067.4499999999998</ele>
        <time>2022-01-20T10:15:12Z</time>
      </trkpt>
      <trkpt lat="-30.756225418299437" lon="28.059624843299389">
        <ele>2066.4899999999998</ele>
        <time>2022-01-20T10:15:13Z</time>
      </trkpt>
      <trkpt lat="-30.75626615434885" lon="28.059579581022263">
        <ele>2066.0100000000002</ele>
        <time>2022-01-20T10:15:14Z</time>
      </trkpt>
      <trkpt lat="-30.756314266473055" lon="28.059547813609242">
        <ele>2065.0500000000002</ele>
        <time>2022-01-20T10:15:15Z</time>
      </trkpt>
      <trkpt lat="-30.756367491558194" lon="28.05952719412744">
        <ele>2064.0900000000001</ele>
        <time>2022-01-20T10:15:16Z</time>
      </trkpt>
      <trkpt lat="-30.756426248699427" lon="28.059511771425605">
        <ele>2063.6100000000001</ele>
        <time>2022-01-20T10:15:17Z</time>
      </trkpt>
      <trkpt lat="-30.75649137608707" lon="28.059499030932784">
        <ele>2062.6500000000001</ele>
        <time>2022-01-20T10:15:18Z</time>
      </trkpt>
      <trkpt lat="-30.757339708507061" lon="28.059317730367184">
        <ele>2054.96</ele>
        <time>2022-01-20T10:15:28Z</time>
      </trkpt>
      <trkpt lat="-30.757846646010876" lon="28.059121761471033">
        <ele>2050.1500000000001</ele>
        <time>2022-01-20T10:15:36Z</time>
      </trkpt>
      <trkpt lat="-30.758012607693672" lon="28.059008941054344">
        <ele>2048.23</ele>
        <time>2022-01-20T10:15:39Z</time>
      </trkpt>
      <trkpt lat="-30.758532034233212" lon="28.058306789025664">
        <ele>2040.05</ele>
        <time>2022-01-20T10:15:51Z</time>
      </trkpt>
      <trkpt lat="-30.758825736120343" lon="28.057797504588962">
        <ele>2034.29</ele>
        <time>2022-01-20T10:16:00Z</time>
      </trkpt>
      <trkpt lat="-30.758868148550391" lon="28.057763390243053">
        <ele>2033.8099999999999</ele>
        <time>2022-01-20T10:16:01Z</time>
      </trkpt>
      <trkpt lat="-30.758917015045881" lon="28.057739669457078">
        <ele>2032.8399999999999</ele>
        <time>2022-01-20T10:16:02Z</time>
      </trkpt>
      <trkpt lat="-30.75897166505456" lon="28.057726677507162">
        <ele>2032.3599999999999</ele>
        <time>2022-01-20T10:16:03Z</time>
      </trkpt>
      <trkpt lat="-30.759031595662236" lon="28.057725336402655">
        <ele>2031.8800000000001</ele>
        <time>2022-01-20T10:16:04Z</time>
      </trkpt>
      <trkpt lat="-30.759102841839194" lon="28.057737406343222">
        <ele>2031.4000000000001</ele>
        <time>2022-01-20T10:16:05Z</time>
      </trkpt>
      <trkpt lat="-30.759189175441861" lon="28.057764898985624">
        <ele>2030.9200000000001</ele>
        <time>2022-01-20T10:16:06Z</time>
      </trkpt>
      <trkpt lat="-30.759280035272241" lon="28.05780622176826">
        <ele>2030.4400000000001</ele>
        <time>2022-01-20T10:16:07Z</time>
      </trkpt>
      <trkpt lat="-30.759365865960717" lon="28.05785751901567">
        <ele>2029.96</ele>
        <time>2022-01-20T10:16:08Z</time>
      </trkpt>
      <trkpt lat="-30.759442644193769" lon="28.057913593947887">
        <ele>2029.48</ele>
        <time>2022-01-20T10:16:09Z</time>
      </trkpt>
      <trkpt lat="-30.759507436305285" lon="28.057970926165581">
        <ele>2028.52</ele>
        <time>2022-01-20T10:16:10Z</time>
      </trkpt>
      <trkpt lat="-30.759561583399773" lon="28.058023396879435">
        <ele>2028.04</ele>
        <time>2022-01-20T10:16:11Z</time>
      </trkpt>
      <trkpt lat="-30.759610282257199" lon="28.058062791824341">
        <ele>2027.5599999999999</ele>
        <time>2022-01-20T10:16:12Z</time>
      </trkpt>
      <trkpt lat="-30.759652275592089" lon="28.058087853714824">
        <ele>2027.0799999999999</ele>
        <time>2022-01-20T10:16:13Z</time>
      </trkpt>
      <trkpt lat="-30.759685970842838" lon="28.058101432397962">
        <ele>2026.1199999999999</ele>
        <time>2022-01-20T10:16:14Z</time>
      </trkpt>
      <trkpt lat="-30.759715307503939" lon="28.058108221739531">
        <ele>2025.6400000000001</ele>
        <time>2022-01-20T10:16:15Z</time>
      </trkpt>
      <trkpt lat="-30.759743135422468" lon="28.058107970282435">
        <ele>2025.1500000000001</ele>
        <time>2022-01-20T10:16:16Z</time>
      </trkpt>
      <trkpt lat="-30.759769203141332" lon="28.058099169284105">
        <ele>2025.1500000000001</ele>
        <time>2022-01-20T10:16:17Z</time>
      </trkpt>
      <trkpt lat="-30.759794348850846" lon="28.058086428791285">
        <ele>2024.6700000000001</ele>
        <time>2022-01-20T10:16:18Z</time>
      </trkpt>
      <trkpt lat="-30.759814130142331" lon="28.058071341365576">
        <ele>2024.6700000000001</ele>
        <time>2022-01-20T10:16:19Z</time>
      </trkpt>
      <trkpt lat="-30.759830055758357" lon="28.058049296960235">
        <ele>2024.1900000000001</ele>
        <time>2022-01-20T10:16:20Z</time>
      </trkpt>
      <trkpt lat="-30.75984925031662" lon="28.058023061603308">
        <ele>2024.1900000000001</ele>
        <time>2022-01-20T10:16:21Z</time>
      </trkpt>
      <trkpt lat="-30.759868025779724" lon="28.057992132380605">
        <ele>2023.71</ele>
        <time>2022-01-20T10:16:22Z</time>
      </trkpt>
      <trkpt lat="-30.759913790971041" lon="28.057924155145884">
        <ele>2022.75</ele>
        <time>2022-01-20T10:16:24Z</time>
      </trkpt>
      <trkpt lat="-30.759945809841156" lon="28.057889705523849">
        <ele>2022.27</ele>
        <time>2022-01-20T10:16:25Z</time>
      </trkpt>
      <trkpt lat="-30.759979924187064" lon="28.057859195396304">
        <ele>2022.27</ele>
        <time>2022-01-20T10:16:26Z</time>
      </trkpt>
      <trkpt lat="-30.760019151493907" lon="28.057832876220345">
        <ele>2021.79</ele>
        <time>2022-01-20T10:16:27Z</time>
      </trkpt>
      <trkpt lat="-30.760062066838145" lon="28.057809406891465">
        <ele>2021.3099999999999</ele>
        <time>2022-01-20T10:16:28Z</time>
      </trkpt>
      <trkpt lat="-30.76010724529624" lon="28.057789960876107">
        <ele>2020.8299999999999</ele>
        <time>2022-01-20T10:16:29Z</time>
      </trkpt>
      <trkpt lat="-30.760153932496905" lon="28.057776549831033">
        <ele>2020.3499999999999</ele>
        <time>2022-01-20T10:16:30Z</time>
      </trkpt>
      <trkpt lat="-30.760195925831795" lon="28.05777101777494">
        <ele>2020.3499999999999</ele>
        <time>2022-01-20T10:16:31Z</time>
      </trkpt>
      <trkpt lat="-30.760231129825115" lon="28.057767832651734">
        <ele>2019.8699999999999</ele>
        <time>2022-01-20T10:16:32Z</time>
      </trkpt>
      <trkpt lat="-30.760696744546294" lon="28.057725839316845">
        <ele>2016.5</ele>
        <time>2022-01-20T10:16:45Z</time>
      </trkpt>
      <trkpt lat="-30.760732367634773" lon="28.057704297825694">
        <ele>2016.02</ele>
        <time>2022-01-20T10:16:46Z</time>
      </trkpt>
      <trkpt lat="-30.760764386504889" lon="28.057675128802657">
        <ele>2016.02</ele>
        <time>2022-01-20T10:16:47Z</time>
      </trkpt>
      <trkpt lat="-30.760981561616063" lon="28.057494917884469">
        <ele>2013.6199999999999</ele>
        <time>2022-01-20T10:16:52Z</time>
      </trkpt>
      <trkpt lat="-30.761407697573304" lon="28.057220662012696">
        <ele>2008.8099999999999</ele>
        <time>2022-01-20T10:16:59Z</time>
      </trkpt>
      <trkpt lat="-30.761460335925221" lon="28.057167269289494">
        <ele>2007.8499999999999</ele>
        <time>2022-01-20T10:17:00Z</time>
      </trkpt>
      <trkpt lat="-30.761557817459106" lon="28.057046569883823">
        <ele>2006.4100000000001</ele>
        <time>2022-01-20T10:17:02Z</time>
      </trkpt>
      <trkpt lat="-30.761984372511506" lon="28.056571483612061">
        <ele>2001.5999999999999</ele>
        <time>2022-01-20T10:17:10Z</time>
      </trkpt>
      <trkpt lat="-30.76205050572753" lon="28.056531753391027">
        <ele>2001.1199999999999</ele>
        <time>2022-01-20T10:17:11Z</time>
      </trkpt>
      <trkpt lat="-30.76212334446609" lon="28.056500572711229">
        <ele>2000.6400000000001</ele>
        <time>2022-01-20T10:17:12Z</time>
      </trkpt>
      <trkpt lat="-30.762195512652397" lon="28.056482132524252">
        <ele>2000.1600000000001</ele>
        <time>2022-01-20T10:17:13Z</time>
      </trkpt>
      <trkpt lat="-30.762269692495465" lon="28.056474840268493">
        <ele>1999.6800000000001</ele>
        <time>2022-01-20T10:17:14Z</time>
      </trkpt>
      <trkpt lat="-30.762342112138867" lon="28.056479031220078">
        <ele>1998.72</ele>
        <time>2022-01-20T10:17:15Z</time>
      </trkpt>
      <trkpt lat="-30.762415872886777" lon="28.056496633216739">
        <ele>1998.72</ele>
        <time>2022-01-20T10:17:16Z</time>
      </trkpt>
      <trkpt lat="-30.762488292530179" lon="28.05652990937233">
        <ele>1998.24</ele>
        <time>2022-01-20T10:17:17Z</time>
      </trkpt>
      <trkpt lat="-30.762558449059725" lon="28.056578105315566">
        <ele>1997.28</ele>
        <time>2022-01-20T10:17:18Z</time>
      </trkpt>
      <trkpt lat="-30.762629862874746" lon="28.056639293208718">
        <ele>1996.8</ele>
        <time>2022-01-20T10:17:19Z</time>
      </trkpt>
      <trkpt lat="-30.762709993869066" lon="28.056708192452788">
        <ele>1996.3199999999999</ele>
        <time>2022-01-20T10:17:20Z</time>
      </trkpt>
      <trkpt lat="-30.762790879234672" lon="28.056770469993353">
        <ele>1995.3499999999999</ele>
        <time>2022-01-20T10:17:21Z</time>
      </trkpt>
      <trkpt lat="-30.763128167018294" lon="28.056955207139254">
        <ele>1992.47</ele>
        <time>2022-01-20T10:17:25Z</time>
      </trkpt>
      <trkpt lat="-30.763207040727139" lon="28.05696970783174">
        <ele>1991.51</ele>
        <time>2022-01-20T10:17:26Z</time>
      </trkpt>
      <trkpt lat="-30.763284489512444" lon="28.056969875469804">
        <ele>1991.03</ele>
        <time>2022-01-20T10:17:27Z</time>
      </trkpt>
      <trkpt lat="-30.763353053480387" lon="28.05695696733892">
        <ele>1990.0699999999999</ele>
        <time>2022-01-20T10:17:28Z</time>
      </trkpt>
      <trkpt lat="-30.763416336849332" lon="28.056933749467134">
        <ele>1989.0999999999999</ele>
        <time>2022-01-20T10:17:29Z</time>
      </trkpt>
      <trkpt lat="-30.763473752886057" lon="28.056904496625066">
        <ele>1988.6199999999999</ele>
        <time>2022-01-20T10:17:30Z</time>
      </trkpt>
      <trkpt lat="-30.763526810333133" lon="28.056875998154283">
        <ele>1988.1400000000001</ele>
        <time>2022-01-20T10:17:31Z</time>
      </trkpt>
      <trkpt lat="-30.763835767284036" lon="28.056671982631087">
        <ele>1984.3</ele>
        <time>2022-01-20T10:17:41Z</time>
      </trkpt>
      <trkpt lat="-30.763825038447976" lon="28.056687405332923">
        <ele>1985.26</ele>
        <time>2022-01-20T10:18:00Z</time>
      </trkpt>
      <trkpt lat="-30.763833420351148" lon="28.056695787236094">
        <ele>1985.74</ele>
        <time>2022-01-20T10:18:36Z</time>
      </trkpt>
      <trkpt lat="-30.763838030397892" lon="28.056681789457798">
        <ele>1988.1400000000001</ele>
        <time>2022-01-20T10:19:00Z</time>
      </trkpt>
      <trkpt lat="-30.763829983770847" lon="28.056685226038098">
        <ele>1989.0999999999999</ele>
        <time>2022-01-20T10:19:24Z</time>
      </trkpt>
      <trkpt lat="-30.763885220512748" lon="28.056637784466147">
        <ele>1989.0999999999999</ele>
        <time>2022-01-20T10:19:33Z</time>
      </trkpt>
      <trkpt lat="-30.763918915763497" lon="28.056605011224747">
        <ele>1989.0999999999999</ele>
        <time>2022-01-20T10:19:34Z</time>
      </trkpt>
      <trkpt lat="-30.763975325971842" lon="28.056542733684182">
        <ele>1989.0999999999999</ele>
        <time>2022-01-20T10:19:36Z</time>
      </trkpt>
      <trkpt lat="-30.764162661507726" lon="28.05628314614296">
        <ele>1989.5899999999999</ele>
        <time>2022-01-20T10:19:40Z</time>
      </trkpt>
      <trkpt lat="-30.764202727004886" lon="28.056198237463832">
        <ele>1990.0699999999999</ele>
        <time>2022-01-20T10:19:41Z</time>
      </trkpt>
      <trkpt lat="-30.764240361750126" lon="28.056100253015757">
        <ele>1990.0699999999999</ele>
        <time>2022-01-20T10:19:42Z</time>
      </trkpt>
      <trkpt lat="-30.764269363135099" lon="28.056003777310252">
        <ele>1990.55</ele>
        <time>2022-01-20T10:19:43Z</time>
      </trkpt>
      <trkpt lat="-30.76428989879787" lon="28.055911995470524">
        <ele>1990.55</ele>
        <time>2022-01-20T10:19:44Z</time>
      </trkpt>
      <trkpt lat="-30.764302555471659" lon="28.055826080963016">
        <ele>1990.55</ele>
        <time>2022-01-20T10:19:45Z</time>
      </trkpt>
      <trkpt lat="-30.764308255165815" lon="28.055734885856509">
        <ele>1991.03</ele>
        <time>2022-01-20T10:19:46Z</time>
      </trkpt>
    </trkseg>
  </trk>

</gpx>