<?xml version="1.0" encoding="utf-8"?><kml xmlns="http://www.opengis.net/kml/2.2" xmlns:xsi="http://www.w3.org/2001/XMLSchema-instance" xmlns:kmlx="http://www.google.com/kml/ext/2.2" xmlns:atom="http://www.w3.org/2005/Atom" xmlns:gpxx="http://www.garmin.com/xmlschemas/GpxExtensions/v3"><Document><Style id="point"><IconStyle><scale>0.9</scale><Icon><href>http://maps.google.com/mapfiles/kml/shapes/placemark_circle.png</href></Icon></IconStyle></Style><Folder><name>Tracks</name><Folder><name>[182] Meiringspoort</name><Folder><name>Points</name><Style><ListStyle><listItemType>checkHideChildren</listItemType></ListStyle></Style><Placemark><TimeSpan><begin>2020-03-22T06:47:51Z</begin><end>2020-03-22T06:47:51Z</end></TimeSpan><Style><IconStyle><scale>0.9</scale><Icon><href>http://connect.garmin.com/image/main/icons/kml/grn-play.png</href></Icon></IconStyle></Style><Point><altitudeMode>clampToGround</altitudeMode><coordinates>22.54081760533154,-33.335490915924311,725.92999999999995</coordinates></Point></Placemark><Placemark><TimeSpan><begin>2020-03-22T06:47:51Z</begin><end>2020-03-22T06:48:03Z</end></TimeSpan><styleUrl>#point</styleUrl><Point><altitudeMode>clampToGround</altitudeMode><coordinates>22.539359992370009,-33.337115999311209,719.20000000000005</coordinates></Point></Placemark><Placemark><TimeSpan><begin>2020-03-22T06:48:03Z</begin><end>2020-03-22T06:48:09Z</end></TimeSpan><styleUrl>#point</styleUrl><Point><altitudeMode>clampToGround</altitudeMode><coordinates>22.538676029071212,-33.338349983096123,714.88</coordinates></Point></Placemark><Placemark><TimeSpan><begin>2020-03-22T06:48:09Z</begin><end>2020-03-22T06:48:17Z</end></TimeSpan><styleUrl>#point</styleUrl><Point><altitudeMode>clampToGround</altitudeMode><coordinates>22.538105975836515,-33.340402962639928,711.02999999999997</coordinates></Point></Placemark><Placemark><TimeSpan><begin>2020-03-22T06:48:17Z</begin><end>2020-03-22T06:48:22Z</end></TimeSpan><styleUrl>#point</styleUrl><Point><altitudeMode>clampToGround</altitudeMode><coordinates>22.538004973903298,-33.341669971123338,713.91999999999996</coordinates></Point></Placemark><Placemark><TimeSpan><begin>2020-03-22T06:48:22Z</begin><end>2020-03-22T06:48:23Z</end></TimeSpan><styleUrl>#point</styleUrl><Point><altitudeMode>clampToGround</altitudeMode><coordinates>22.538054008036852,-33.341908017173409,713.91999999999996</coordinates></Point></Placemark><Placemark><TimeSpan><begin>2020-03-22T06:48:23Z</begin><end>2020-03-22T06:48:29Z</end></TimeSpan><styleUrl>#point</styleUrl><Point><altitudeMode>clampToGround</altitudeMode><coordinates>22.538810977712274,-33.343326989561319,709.11000000000001</coordinates></Point></Placemark><Placemark><TimeSpan><begin>2020-03-22T06:48:29Z</begin><end>2020-03-22T06:48:37Z</end></TimeSpan><styleUrl>#point</styleUrl><Point><altitudeMode>clampToGround</altitudeMode><coordinates>22.540145041421056,-33.344922987744212,703.34000000000003</coordinates></Point></Placemark><Placemark><TimeSpan><begin>2020-03-22T06:48:37Z</begin><end>2020-03-22T06:48:43Z</end></TimeSpan><styleUrl>#point</styleUrl><Point><altitudeMode>clampToGround</altitudeMode><coordinates>22.540707970038056,-33.346105003729463,697.57000000000005</coordinates></Point></Placemark><Placemark><TimeSpan><begin>2020-03-22T06:48:43Z</begin><end>2020-03-22T06:48:50Z</end></TimeSpan><styleUrl>#point</styleUrl><Point><altitudeMode>clampToGround</altitudeMode><coordinates>22.54073797725141,-33.347611986100674,694.69000000000005</coordinates></Point></Placemark><Placemark><TimeSpan><begin>2020-03-22T06:48:50Z</begin><end>2020-03-22T06:48:59Z</end></TimeSpan><styleUrl>#point</styleUrl><Point><altitudeMode>clampToGround</altitudeMode><coordinates>22.540996978059411,-33.349479977041483,690.36000000000001</coordinates></Point></Placemark><Placemark><TimeSpan><begin>2020-03-22T06:48:59Z</begin><end>2020-03-22T06:49:07Z</end></TimeSpan><styleUrl>#point</styleUrl><Point><altitudeMode>clampToGround</altitudeMode><coordinates>22.541914964094758,-33.351054014638066,690.36000000000001</coordinates></Point></Placemark><Placemark><TimeSpan><begin>2020-03-22T06:49:07Z</begin><end>2020-03-22T06:49:13Z</end></TimeSpan><styleUrl>#point</styleUrl><Point><altitudeMode>clampToGround</altitudeMode><coordinates>22.542811995372176,-33.352035032585263,689.88</coordinates></Point></Placemark><Placemark><TimeSpan><begin>2020-03-22T06:49:13Z</begin><end>2020-03-22T06:49:14Z</end></TimeSpan><styleUrl>#point</styleUrl><Point><altitudeMode>clampToGround</altitudeMode><coordinates>22.542912997305393,-33.352196970954537,689.88</coordinates></Point></Placemark><Placemark><TimeSpan><begin>2020-03-22T06:49:14Z</begin><end>2020-03-22T06:49:15Z</end></TimeSpan><styleUrl>#point</styleUrl><Point><altitudeMode>clampToGround</altitudeMode><coordinates>22.54299002699554,-33.352358993142843,689.39999999999998</coordinates></Point></Placemark><Placemark><TimeSpan><begin>2020-03-22T06:49:15Z</begin><end>2020-03-22T06:49:16Z</end></TimeSpan><styleUrl>#point</styleUrl><Point><altitudeMode>clampToGround</altitudeMode><coordinates>22.543047023937106,-33.352526966482401,688.91999999999996</coordinates></Point></Placemark><Placemark><TimeSpan><begin>2020-03-22T06:49:16Z</begin><end>2020-03-22T06:49:17Z</end></TimeSpan><styleUrl>#point</styleUrl><Point><altitudeMode>clampToGround</altitudeMode><coordinates>22.543088011443615,-33.352693011984229,688.91999999999996</coordinates></Point></Placemark><Placemark><TimeSpan><begin>2020-03-22T06:49:17Z</begin><end>2020-03-22T06:49:18Z</end></TimeSpan><styleUrl>#point</styleUrl><Point><altitudeMode>clampToGround</altitudeMode><coordinates>22.543121036142111,-33.352865008637309,688.44000000000005</coordinates></Point></Placemark><Placemark><TimeSpan><begin>2020-03-22T06:49:18Z</begin><end>2020-03-22T06:49:19Z</end></TimeSpan><styleUrl>#point</styleUrl><Point><altitudeMode>clampToGround</altitudeMode><coordinates>22.543146014213562,-33.353031976148486,688.44000000000005</coordinates></Point></Placemark><Placemark><TimeSpan><begin>2020-03-22T06:49:19Z</begin><end>2020-03-22T06:49:30Z</end></TimeSpan><styleUrl>#point</styleUrl><Point><altitudeMode>clampToGround</altitudeMode><coordinates>22.543327985331416,-33.354826960712671,687.48000000000002</coordinates></Point></Placemark><Placemark><TimeSpan><begin>2020-03-22T06:49:30Z</begin><end>2020-03-22T06:49:31Z</end></TimeSpan><styleUrl>#point</styleUrl><Point><altitudeMode>clampToGround</altitudeMode><coordinates>22.543387999758124,-33.354978002607822,687.48000000000002</coordinates></Point></Placemark><Placemark><TimeSpan><begin>2020-03-22T06:49:31Z</begin><end>2020-03-22T06:49:32Z</end></TimeSpan><styleUrl>#point</styleUrl><Point><altitudeMode>clampToGround</altitudeMode><coordinates>22.543467041105032,-33.355115968734026,687.96000000000004</coordinates></Point></Placemark><Placemark><TimeSpan><begin>2020-03-22T06:49:32Z</begin><end>2020-03-22T06:49:33Z</end></TimeSpan><styleUrl>#point</styleUrl><Point><altitudeMode>clampToGround</altitudeMode><coordinates>22.543561002239585,-33.355246977880597,687.96000000000004</coordinates></Point></Placemark><Placemark><TimeSpan><begin>2020-03-22T06:49:33Z</begin><end>2020-03-22T06:49:34Z</end></TimeSpan><styleUrl>#point</styleUrl><Point><altitudeMode>clampToGround</altitudeMode><coordinates>22.543664015829563,-33.355376981198788,688.44000000000005</coordinates></Point></Placemark><Placemark><TimeSpan><begin>2020-03-22T06:49:34Z</begin><end>2020-03-22T06:49:35Z</end></TimeSpan><styleUrl>#point</styleUrl><Point><altitudeMode>clampToGround</altitudeMode><coordinates>22.543772980570793,-33.355502961203456,688.44000000000005</coordinates></Point></Placemark><Placemark><TimeSpan><begin>2020-03-22T06:49:35Z</begin><end>2020-03-22T06:49:42Z</end></TimeSpan><styleUrl>#point</styleUrl><Point><altitudeMode>clampToGround</altitudeMode><coordinates>22.544507989659905,-33.35643301717937,686.51999999999998</coordinates></Point></Placemark><Placemark><TimeSpan><begin>2020-03-22T06:49:42Z</begin><end>2020-03-22T06:49:43Z</end></TimeSpan><styleUrl>#point</styleUrl><Point><altitudeMode>clampToGround</altitudeMode><coordinates>22.544563980773091,-33.356581041589379,686.03999999999996</coordinates></Point></Placemark><Placemark><TimeSpan><begin>2020-03-22T06:49:43Z</begin><end>2020-03-22T06:49:44Z</end></TimeSpan><styleUrl>#point</styleUrl><Point><altitudeMode>clampToGround</altitudeMode><coordinates>22.54460203461349,-33.356738034635782,686.51999999999998</coordinates></Point></Placemark><Placemark><TimeSpan><begin>2020-03-22T06:49:44Z</begin><end>2020-03-22T06:49:45Z</end></TimeSpan><styleUrl>#point</styleUrl><Point><altitudeMode>clampToGround</altitudeMode><coordinates>22.544617960229516,-33.356898967176676,686.51999999999998</coordinates></Point></Placemark><Placemark><TimeSpan><begin>2020-03-22T06:49:45Z</begin><end>2020-03-22T06:49:46Z</end></TimeSpan><styleUrl>#point</styleUrl><Point><altitudeMode>clampToGround</altitudeMode><coordinates>22.54460396245122,-33.357052020728588,686.51999999999998</coordinates></Point></Placemark><Placemark><TimeSpan><begin>2020-03-22T06:49:46Z</begin><end>2020-03-22T06:49:47Z</end></TimeSpan><styleUrl>#point</styleUrl><Point><altitudeMode>clampToGround</altitudeMode><coordinates>22.544563980773091,-33.357200967147946,687</coordinates></Point></Placemark><Placemark><TimeSpan><begin>2020-03-22T06:49:47Z</begin><end>2020-03-22T06:49:48Z</end></TimeSpan><styleUrl>#point</styleUrl><Point><altitudeMode>clampToGround</altitudeMode><coordinates>22.54449499770999,-33.357341028749943,687</coordinates></Point></Placemark><Placemark><TimeSpan><begin>2020-03-22T06:49:48Z</begin><end>2020-03-22T06:49:49Z</end></TimeSpan><styleUrl>#point</styleUrl><Point><altitudeMode>clampToGround</altitudeMode><coordinates>22.54440899938345,-33.357476983219385,687</coordinates></Point></Placemark><Placemark><TimeSpan><begin>2020-03-22T06:49:49Z</begin><end>2020-03-22T06:49:50Z</end></TimeSpan><styleUrl>#point</styleUrl><Point><altitudeMode>clampToGround</altitudeMode><coordinates>22.54430397413671,-33.357616038993001,686.51999999999998</coordinates></Point></Placemark><Placemark><TimeSpan><begin>2020-03-22T06:49:50Z</begin><end>2020-03-22T06:49:51Z</end></TimeSpan><styleUrl>#point</styleUrl><Point><altitudeMode>clampToGround</altitudeMode><coordinates>22.544202972203493,-33.357749981805682,686.03999999999996</coordinates></Point></Placemark><Placemark><TimeSpan><begin>2020-03-22T06:49:51Z</begin><end>2020-03-22T06:50:05Z</end></TimeSpan><styleUrl>#point</styleUrl><Point><altitudeMode>clampToGround</altitudeMode><coordinates>22.542633963748813,-33.359802039340138,680.26999999999998</coordinates></Point></Placemark><Placemark><TimeSpan><begin>2020-03-22T06:50:05Z</begin><end>2020-03-22T06:50:08Z</end></TimeSpan><styleUrl>#point</styleUrl><Point><altitudeMode>clampToGround</altitudeMode><coordinates>22.542342022061348,-33.360251979902387,679.30999999999995</coordinates></Point></Placemark><Placemark><TimeSpan><begin>2020-03-22T06:50:08Z</begin><end>2020-03-22T06:50:09Z</end></TimeSpan><styleUrl>#point</styleUrl><Point><altitudeMode>clampToGround</altitudeMode><coordinates>22.542275972664356,-33.360410984605551,679.30999999999995</coordinates></Point></Placemark><Placemark><TimeSpan><begin>2020-03-22T06:50:09Z</begin><end>2020-03-22T06:50:10Z</end></TimeSpan><styleUrl>#point</styleUrl><Point><altitudeMode>clampToGround</altitudeMode><coordinates>22.542238002642989,-33.360574012622237,679.30999999999995</coordinates></Point></Placemark><Placemark><TimeSpan><begin>2020-03-22T06:50:10Z</begin><end>2020-03-22T06:50:11Z</end></TimeSpan><styleUrl>#point</styleUrl><Point><altitudeMode>clampToGround</altitudeMode><coordinates>22.542227022349834,-33.360737962648273,679.78999999999996</coordinates></Point></Placemark><Placemark><TimeSpan><begin>2020-03-22T06:50:11Z</begin><end>2020-03-22T06:50:12Z</end></TimeSpan><styleUrl>#point</styleUrl><Point><altitudeMode>clampToGround</altitudeMode><coordinates>22.542238002642989,-33.360898979008198,679.78999999999996</coordinates></Point></Placemark><Placemark><TimeSpan><begin>2020-03-22T06:50:12Z</begin><end>2020-03-22T06:50:13Z</end></TimeSpan><styleUrl>#point</styleUrl><Point><altitudeMode>clampToGround</altitudeMode><coordinates>22.542269015684724,-33.361055972054601,680.26999999999998</coordinates></Point></Placemark><Placemark><TimeSpan><begin>2020-03-22T06:50:13Z</begin><end>2020-03-22T06:50:14Z</end></TimeSpan><styleUrl>#point</styleUrl><Point><altitudeMode>clampToGround</altitudeMode><coordinates>22.542324000969529,-33.361212965101004,680.75</coordinates></Point></Placemark><Placemark><TimeSpan><begin>2020-03-22T06:50:14Z</begin><end>2020-03-22T06:50:15Z</end></TimeSpan><styleUrl>#point</styleUrl><Point><altitudeMode>clampToGround</altitudeMode><coordinates>22.542400024831295,-33.361369036138058,681.23000000000002</coordinates></Point></Placemark><Placemark><TimeSpan><begin>2020-03-22T06:50:15Z</begin><end>2020-03-22T06:50:16Z</end></TimeSpan><styleUrl>#point</styleUrl><Point><altitudeMode>clampToGround</altitudeMode><coordinates>22.542499015107751,-33.361513037234545,681.23000000000002</coordinates></Point></Placemark><Placemark><TimeSpan><begin>2020-03-22T06:50:16Z</begin><end>2020-03-22T06:50:17Z</end></TimeSpan><styleUrl>#point</styleUrl><Point><altitudeMode>clampToGround</altitudeMode><coordinates>22.542622983455658,-33.361652009189129,681.71000000000004</coordinates></Point></Placemark><Placemark><TimeSpan><begin>2020-03-22T06:50:17Z</begin><end>2020-03-22T06:50:18Z</end></TimeSpan><styleUrl>#point</styleUrl><Point><altitudeMode>clampToGround</altitudeMode><coordinates>22.542771007865667,-33.361781006678939,681.71000000000004</coordinates></Point></Placemark><Placemark><TimeSpan><begin>2020-03-22T06:50:18Z</begin><end>2020-03-22T06:50:19Z</end></TimeSpan><styleUrl>#point</styleUrl><Point><altitudeMode>clampToGround</altitudeMode><coordinates>22.542933030053973,-33.36191201582551,681.71000000000004</coordinates></Point></Placemark><Placemark><TimeSpan><begin>2020-03-22T06:50:19Z</begin><end>2020-03-22T06:50:26Z</end></TimeSpan><styleUrl>#point</styleUrl><Point><altitudeMode>clampToGround</altitudeMode><coordinates>22.544024018570781,-33.363087996840477,678.83000000000004</coordinates></Point></Placemark><Placemark><TimeSpan><begin>2020-03-22T06:50:26Z</begin><end>2020-03-22T06:50:33Z</end></TimeSpan><styleUrl>#point</styleUrl><Point><altitudeMode>clampToGround</altitudeMode><coordinates>22.544734971597791,-33.36427696980536,676.90999999999997</coordinates></Point></Placemark><Placemark><TimeSpan><begin>2020-03-22T06:50:33Z</begin><end>2020-03-22T06:50:40Z</end></TimeSpan><styleUrl>#point</styleUrl><Point><altitudeMode>clampToGround</altitudeMode><coordinates>22.545655975118279,-33.365138964727521,677.87</coordinates></Point></Placemark><Placemark><TimeSpan><begin>2020-03-22T06:50:40Z</begin><end>2020-03-22T06:50:52Z</end></TimeSpan><styleUrl>#point</styleUrl><Point><altitudeMode>clampToGround</altitudeMode><coordinates>22.547347024083138,-33.36614303290844,680.75</coordinates></Point></Placemark><Placemark><TimeSpan><begin>2020-03-22T06:50:52Z</begin><end>2020-03-22T06:51:02Z</end></TimeSpan><styleUrl>#point</styleUrl><Point><altitudeMode>clampToGround</altitudeMode><coordinates>22.549104960635304,-33.366759018972516,678.83000000000004</coordinates></Point></Placemark><Placemark><TimeSpan><begin>2020-03-22T06:51:02Z</begin><end>2020-03-22T06:51:14Z</end></TimeSpan><styleUrl>#point</styleUrl><Point><altitudeMode>clampToGround</altitudeMode><coordinates>22.551430016756058,-33.36711198091507,676.41999999999996</coordinates></Point></Placemark><Placemark><TimeSpan><begin>2020-03-22T06:51:14Z</begin><end>2020-03-22T06:51:24Z</end></TimeSpan><styleUrl>#point</styleUrl><Point><altitudeMode>clampToGround</altitudeMode><coordinates>22.553351987153292,-33.36734700948,674.01999999999998</coordinates></Point></Placemark><Placemark><TimeSpan><begin>2020-03-22T06:51:24Z</begin><end>2020-03-22T06:51:38Z</end></TimeSpan><styleUrl>#point</styleUrl><Point><altitudeMode>clampToGround</altitudeMode><coordinates>22.555776033550501,-33.367631994187832,675.46000000000004</coordinates></Point></Placemark><Placemark><TimeSpan><begin>2020-03-22T06:51:38Z</begin><end>2020-03-22T06:51:40Z</end></TimeSpan><styleUrl>#point</styleUrl><Point><altitudeMode>clampToGround</altitudeMode><coordinates>22.556165959686041,-33.36771204136312,674.98000000000002</coordinates></Point></Placemark><Placemark><TimeSpan><begin>2020-03-22T06:51:40Z</begin><end>2020-03-22T06:51:41Z</end></TimeSpan><styleUrl>#point</styleUrl><Point><altitudeMode>clampToGround</altitudeMode><coordinates>22.556341979652643,-33.367770966142416,674.5</coordinates></Point></Placemark><Placemark><TimeSpan><begin>2020-03-22T06:51:41Z</begin><end>2020-03-22T06:51:42Z</end></TimeSpan><styleUrl>#point</styleUrl><Point><altitudeMode>clampToGround</altitudeMode><coordinates>22.556511964648962,-33.367844978347421,674.01999999999998</coordinates></Point></Placemark><Placemark><TimeSpan><begin>2020-03-22T06:51:42Z</begin><end>2020-03-22T06:51:43Z</end></TimeSpan><styleUrl>#point</styleUrl><Point><altitudeMode>clampToGround</altitudeMode><coordinates>22.556663006544113,-33.367931982502341,674.01999999999998</coordinates></Point></Placemark><Placemark><TimeSpan><begin>2020-03-22T06:51:43Z</begin><end>2020-03-22T06:51:44Z</end></TimeSpan><styleUrl>#point</styleUrl><Point><altitudeMode>clampToGround</altitudeMode><coordinates>22.556800972670317,-33.3680360019207,673.53999999999996</coordinates></Point></Placemark><Placemark><TimeSpan><begin>2020-03-22T06:51:44Z</begin><end>2020-03-22T06:51:45Z</end></TimeSpan><styleUrl>#point</styleUrl><Point><altitudeMode>clampToGround</altitudeMode><coordinates>22.556922007352114,-33.368154019117355,673.53999999999996</coordinates></Point></Placemark><Placemark><TimeSpan><begin>2020-03-22T06:51:45Z</begin><end>2020-03-22T06:51:46Z</end></TimeSpan><styleUrl>#point</styleUrl><Point><altitudeMode>clampToGround</altitudeMode><coordinates>22.557026026770473,-33.368282010778785,673.05999999999995</coordinates></Point></Placemark><Placemark><TimeSpan><begin>2020-03-22T06:51:46Z</begin><end>2020-03-22T06:51:47Z</end></TimeSpan><styleUrl>#point</styleUrl><Point><altitudeMode>clampToGround</altitudeMode><coordinates>22.557112025097013,-33.368414025753736,672.58000000000004</coordinates></Point></Placemark><Placemark><TimeSpan><begin>2020-03-22T06:51:47Z</begin><end>2020-03-22T06:51:48Z</end></TimeSpan><styleUrl>#point</styleUrl><Point><altitudeMode>clampToGround</altitudeMode><coordinates>22.557178996503353,-33.368548974394798,672.10000000000002</coordinates></Point></Placemark><Placemark><TimeSpan><begin>2020-03-22T06:51:48Z</begin><end>2020-03-22T06:51:49Z</end></TimeSpan><styleUrl>#point</styleUrl><Point><altitudeMode>clampToGround</altitudeMode><coordinates>22.557225013151765,-33.368685012683272,671.62</coordinates></Point></Placemark><Placemark><TimeSpan><begin>2020-03-22T06:51:49Z</begin><end>2020-03-22T06:51:50Z</end></TimeSpan><styleUrl>#point</styleUrl><Point><altitudeMode>clampToGround</altitudeMode><coordinates>22.557255020365119,-33.368829013779759,671.13999999999999</coordinates></Point></Placemark><Placemark><TimeSpan><begin>2020-03-22T06:51:50Z</begin><end>2020-03-22T06:51:51Z</end></TimeSpan><styleUrl>#point</styleUrl><Point><altitudeMode>clampToGround</altitudeMode><coordinates>22.557269018143415,-33.368976032361388,670.65999999999997</coordinates></Point></Placemark><Placemark><TimeSpan><begin>2020-03-22T06:51:51Z</begin><end>2020-03-22T06:51:52Z</end></TimeSpan><styleUrl>#point</styleUrl><Point><altitudeMode>clampToGround</altitudeMode><coordinates>22.557264994829893,-33.369124978780746,670.17999999999995</coordinates></Point></Placemark><Placemark><TimeSpan><begin>2020-03-22T06:51:52Z</begin><end>2020-03-22T06:51:53Z</end></TimeSpan><styleUrl>#point</styleUrl><Point><altitudeMode>clampToGround</altitudeMode><coordinates>22.557244040071964,-33.369271997362375,670.17999999999995</coordinates></Point></Placemark><Placemark><TimeSpan><begin>2020-03-22T06:51:53Z</begin><end>2020-03-22T06:51:54Z</end></TimeSpan><styleUrl>#point</styleUrl><Point><altitudeMode>clampToGround</altitudeMode><coordinates>22.557202968746424,-33.369410969316959,669.70000000000005</coordinates></Point></Placemark><Placemark><TimeSpan><begin>2020-03-22T06:51:54Z</begin><end>2020-03-22T06:51:55Z</end></TimeSpan><styleUrl>#point</styleUrl><Point><altitudeMode>clampToGround</altitudeMode><coordinates>22.557142032310367,-33.369554970413446,669.70000000000005</coordinates></Point></Placemark><Placemark><TimeSpan><begin>2020-03-22T06:51:55Z</begin><end>2020-03-22T06:51:56Z</end></TimeSpan><styleUrl>#point</styleUrl><Point><altitudeMode>clampToGround</altitudeMode><coordinates>22.55706500262022,-33.369684973731637,669.22000000000003</coordinates></Point></Placemark><Placemark><TimeSpan><begin>2020-03-22T06:51:56Z</begin><end>2020-03-22T06:51:57Z</end></TimeSpan><styleUrl>#point</styleUrl><Point><altitudeMode>clampToGround</altitudeMode><coordinates>22.556974980980158,-33.369808020070195,669.22000000000003</coordinates></Point></Placemark><Placemark><TimeSpan><begin>2020-03-22T06:51:57Z</begin><end>2020-03-22T06:51:58Z</end></TimeSpan><styleUrl>#point</styleUrl><Point><altitudeMode>clampToGround</altitudeMode><coordinates>22.55686903372407,-33.36992603726685,668.73000000000002</coordinates></Point></Placemark><Placemark><TimeSpan><begin>2020-03-22T06:51:58Z</begin><end>2020-03-22T06:51:59Z</end></TimeSpan><styleUrl>#point</styleUrl><Point><altitudeMode>clampToGround</altitudeMode><coordinates>22.556754034012556,-33.370030978694558,668.73000000000002</coordinates></Point></Placemark><Placemark><TimeSpan><begin>2020-03-22T06:51:59Z</begin><end>2020-03-22T06:52:00Z</end></TimeSpan><styleUrl>#point</styleUrl><Point><altitudeMode>clampToGround</altitudeMode><coordinates>22.556632999330759,-33.370125023648143,668.73000000000002</coordinates></Point></Placemark><Placemark><TimeSpan><begin>2020-03-22T06:52:00Z</begin><end>2020-03-22T06:52:01Z</end></TimeSpan><styleUrl>#point</styleUrl><Point><altitudeMode>clampToGround</altitudeMode><coordinates>22.556510036811233,-33.37020699866116,668.25</coordinates></Point></Placemark><Placemark><TimeSpan><begin>2020-03-22T06:52:01Z</begin><end>2020-03-22T06:52:02Z</end></TimeSpan><styleUrl>#point</styleUrl><Point><altitudeMode>clampToGround</altitudeMode><coordinates>22.556384978815913,-33.370281010866165,667.76999999999998</coordinates></Point></Placemark><Placemark><TimeSpan><begin>2020-03-22T06:52:02Z</begin><end>2020-03-22T06:52:11Z</end></TimeSpan><styleUrl>#point</styleUrl><Point><altitudeMode>clampToGround</altitudeMode><coordinates>22.555466992780566,-33.370947036892176,663.92999999999995</coordinates></Point></Placemark><Placemark><TimeSpan><begin>2020-03-22T06:52:11Z</begin><end>2020-03-22T06:52:12Z</end></TimeSpan><styleUrl>#point</styleUrl><Point><altitudeMode>clampToGround</altitudeMode><coordinates>22.555403960868716,-33.37104300968349,663.92999999999995</coordinates></Point></Placemark><Placemark><TimeSpan><begin>2020-03-22T06:52:12Z</begin><end>2020-03-22T06:52:13Z</end></TimeSpan><styleUrl>#point</styleUrl><Point><altitudeMode>clampToGround</altitudeMode><coordinates>22.555348975583911,-33.371143005788326,663.92999999999995</coordinates></Point></Placemark><Placemark><TimeSpan><begin>2020-03-22T06:52:13Z</begin><end>2020-03-22T06:52:14Z</end></TimeSpan><styleUrl>#point</styleUrl><Point><altitudeMode>clampToGround</altitudeMode><coordinates>22.555302958935499,-33.371245013549924,663.45000000000005</coordinates></Point></Placemark><Placemark><TimeSpan><begin>2020-03-22T06:52:14Z</begin><end>2020-03-22T06:52:15Z</end></TimeSpan><styleUrl>#point</styleUrl><Point><altitudeMode>clampToGround</altitudeMode><coordinates>22.555263983085752,-33.371350960806012,663.45000000000005</coordinates></Point></Placemark><Placemark><TimeSpan><begin>2020-03-22T06:52:15Z</begin><end>2020-03-22T06:52:16Z</end></TimeSpan><styleUrl>#point</styleUrl><Point><altitudeMode>clampToGround</altitudeMode><coordinates>22.555230958387256,-33.371457997709513,663.45000000000005</coordinates></Point></Placemark><Placemark><TimeSpan><begin>2020-03-22T06:52:16Z</begin><end>2020-03-22T06:52:30Z</end></TimeSpan><styleUrl>#point</styleUrl><Point><altitudeMode>clampToGround</altitudeMode><coordinates>22.554863998666406,-33.373145023360848,662.49000000000001</coordinates></Point></Placemark><Placemark><TimeSpan><begin>2020-03-22T06:52:30Z</begin><end>2020-03-22T06:52:31Z</end></TimeSpan><styleUrl>#point</styleUrl><Point><altitudeMode>clampToGround</altitudeMode><coordinates>22.554862992838025,-33.373288018628955,662.49000000000001</coordinates></Point></Placemark><Placemark><TimeSpan><begin>2020-03-22T06:52:31Z</begin><end>2020-03-22T06:52:32Z</end></TimeSpan><styleUrl>#point</styleUrl><Point><altitudeMode>clampToGround</altitudeMode><coordinates>22.554872967302799,-33.373435959219933,662.00999999999999</coordinates></Point></Placemark><Placemark><TimeSpan><begin>2020-03-22T06:52:32Z</begin><end>2020-03-22T06:52:33Z</end></TimeSpan><styleUrl>#point</styleUrl><Point><altitudeMode>clampToGround</altitudeMode><coordinates>22.554901968687773,-33.373585995286703,662.00999999999999</coordinates></Point></Placemark><Placemark><TimeSpan><begin>2020-03-22T06:52:33Z</begin><end>2020-03-22T06:52:34Z</end></TimeSpan><styleUrl>#point</styleUrl><Point><altitudeMode>clampToGround</altitudeMode><coordinates>22.554944967851043,-33.373735025525093,661.51999999999998</coordinates></Point></Placemark><Placemark><TimeSpan><begin>2020-03-22T06:52:34Z</begin><end>2020-03-22T06:52:35Z</end></TimeSpan><styleUrl>#point</styleUrl><Point><altitudeMode>clampToGround</altitudeMode><coordinates>22.554992996156216,-33.373880032449961,661.51999999999998</coordinates></Point></Placemark><Placemark><TimeSpan><begin>2020-03-22T06:52:35Z</begin><end>2020-03-22T06:52:44Z</end></TimeSpan><styleUrl>#point</styleUrl><Point><altitudeMode>clampToGround</altitudeMode><coordinates>22.555489037185907,-33.375086020678282,659.60000000000002</coordinates></Point></Placemark><Placemark><TimeSpan><begin>2020-03-22T06:52:44Z</begin><end>2020-03-22T06:52:45Z</end></TimeSpan><styleUrl>#point</styleUrl><Point><altitudeMode>clampToGround</altitudeMode><coordinates>22.555576041340828,-33.375204959884286,659.60000000000002</coordinates></Point></Placemark><Placemark><TimeSpan><begin>2020-03-22T06:52:45Z</begin><end>2020-03-22T06:52:56Z</end></TimeSpan><styleUrl>#point</styleUrl><Point><altitudeMode>clampToGround</altitudeMode><coordinates>22.55648497492075,-33.376714959740639,657.67999999999995</coordinates></Point></Placemark><Placemark><TimeSpan><begin>2020-03-22T06:52:56Z</begin><end>2020-03-22T06:53:09Z</end></TimeSpan><styleUrl>#point</styleUrl><Point><altitudeMode>clampToGround</altitudeMode><coordinates>22.557636983692646,-33.378763999789953,656.24000000000001</coordinates></Point></Placemark><Placemark><TimeSpan><begin>2020-03-22T06:53:09Z</begin><end>2020-03-22T06:53:21Z</end></TimeSpan><styleUrl>#point</styleUrl><Point><altitudeMode>clampToGround</altitudeMode><coordinates>22.558861998841166,-33.380213985219598,655.27999999999997</coordinates></Point></Placemark><Placemark><TimeSpan><begin>2020-03-22T06:53:21Z</begin><end>2020-03-22T06:53:29Z</end></TimeSpan><styleUrl>#point</styleUrl><Point><altitudeMode>clampToGround</altitudeMode><coordinates>22.559230970218778,-33.381231967359781,651.42999999999995</coordinates></Point></Placemark><Placemark><TimeSpan><begin>2020-03-22T06:53:29Z</begin><end>2020-03-22T06:53:40Z</end></TimeSpan><styleUrl>#point</styleUrl><Point><altitudeMode>clampToGround</altitudeMode><coordinates>22.559468010440469,-33.382753031328321,651.42999999999995</coordinates></Point></Placemark><Placemark><TimeSpan><begin>2020-03-22T06:53:40Z</begin><end>2020-03-22T06:53:57Z</end></TimeSpan><styleUrl>#point</styleUrl><Point><altitudeMode>clampToGround</altitudeMode><coordinates>22.560061030089855,-33.385102981701493,650.47000000000003</coordinates></Point></Placemark><Placemark><TimeSpan><begin>2020-03-22T06:53:57Z</begin><end>2020-03-22T06:54:06Z</end></TimeSpan><styleUrl>#point</styleUrl><Point><altitudeMode>clampToGround</altitudeMode><coordinates>22.560125989839435,-33.38625599630177,648.07000000000005</coordinates></Point></Placemark><Placemark><TimeSpan><begin>2020-03-22T06:54:06Z</begin><end>2020-03-22T06:54:07Z</end></TimeSpan><styleUrl>#point</styleUrl><Point><altitudeMode>clampToGround</altitudeMode><coordinates>22.560079973191023,-33.386370996013284,648.07000000000005</coordinates></Point></Placemark><Placemark><TimeSpan><begin>2020-03-22T06:54:07Z</begin><end>2020-03-22T06:54:16Z</end></TimeSpan><styleUrl>#point</styleUrl><Point><altitudeMode>clampToGround</altitudeMode><coordinates>22.559551997110248,-33.387291999533772,646.62</coordinates></Point></Placemark><Placemark><TimeSpan><begin>2020-03-22T06:54:16Z</begin><end>2020-03-22T06:54:17Z</end></TimeSpan><styleUrl>#point</styleUrl><Point><altitudeMode>clampToGround</altitudeMode><coordinates>22.559477984905243,-33.38737296871841,646.13999999999999</coordinates></Point></Placemark><Placemark><TimeSpan><begin>2020-03-22T06:54:17Z</begin><end>2020-03-22T06:54:18Z</end></TimeSpan><styleUrl>#point</styleUrl><Point><altitudeMode>clampToGround</altitudeMode><coordinates>22.559393998235464,-33.38745703920722,646.13999999999999</coordinates></Point></Placemark><Placemark><TimeSpan><begin>2020-03-22T06:54:18Z</begin><end>2020-03-22T06:54:19Z</end></TimeSpan><styleUrl>#point</styleUrl><Point><altitudeMode>clampToGround</altitudeMode><coordinates>22.559299031272531,-33.387531973421574,646.13999999999999</coordinates></Point></Placemark><Placemark><TimeSpan><begin>2020-03-22T06:54:19Z</begin><end>2020-03-22T06:54:20Z</end></TimeSpan><styleUrl>#point</styleUrl><Point><altitudeMode>clampToGround</altitudeMode><coordinates>22.559199035167694,-33.387612020596862,646.13999999999999</coordinates></Point></Placemark><Placemark><TimeSpan><begin>2020-03-22T06:54:20Z</begin><end>2020-03-22T06:54:26Z</end></TimeSpan><styleUrl>#point</styleUrl><Point><altitudeMode>clampToGround</altitudeMode><coordinates>22.558551030233502,-33.388146031647921,645.65999999999997</coordinates></Point></Placemark><Placemark><TimeSpan><begin>2020-03-22T06:54:26Z</begin><end>2020-03-22T06:54:27Z</end></TimeSpan><styleUrl>#point</styleUrl><Point><altitudeMode>clampToGround</altitudeMode><coordinates>22.55848397500813,-33.388261031359434,645.65999999999997</coordinates></Point></Placemark><Placemark><TimeSpan><begin>2020-03-22T06:54:27Z</begin><end>2020-03-22T06:54:28Z</end></TimeSpan><styleUrl>#point</styleUrl><Point><altitudeMode>clampToGround</altitudeMode><coordinates>22.558414991945028,-33.388378964737058,645.65999999999997</coordinates></Point></Placemark><Placemark><TimeSpan><begin>2020-03-22T06:54:28Z</begin><end>2020-03-22T06:54:29Z</end></TimeSpan><styleUrl>#point</styleUrl><Point><altitudeMode>clampToGround</altitudeMode><coordinates>22.558368975296617,-33.388502011075616,645.17999999999995</coordinates></Point></Placemark><Placemark><TimeSpan><begin>2020-03-22T06:54:29Z</begin><end>2020-03-22T06:54:30Z</end></TimeSpan><styleUrl>#point</styleUrl><Point><altitudeMode>clampToGround</altitudeMode><coordinates>22.558327987790108,-33.388633020222187,645.17999999999995</coordinates></Point></Placemark><Placemark><TimeSpan><begin>2020-03-22T06:54:30Z</begin><end>2020-03-22T06:54:31Z</end></TimeSpan><styleUrl>#point</styleUrl><Point><altitudeMode>clampToGround</altitudeMode><coordinates>22.558303009718657,-33.388765035197139,644.70000000000005</coordinates></Point></Placemark><Placemark><TimeSpan><begin>2020-03-22T06:54:31Z</begin><end>2020-03-22T06:54:32Z</end></TimeSpan><styleUrl>#point</styleUrl><Point><altitudeMode>clampToGround</altitudeMode><coordinates>22.558282976970077,-33.388897972181439,644.70000000000005</coordinates></Point></Placemark><Placemark><TimeSpan><begin>2020-03-22T06:54:32Z</begin><end>2020-03-22T06:54:33Z</end></TimeSpan><styleUrl>#point</styleUrl><Point><altitudeMode>clampToGround</altitudeMode><coordinates>22.558312984183431,-33.389034010469913,644.70000000000005</coordinates></Point></Placemark><Placemark><TimeSpan><begin>2020-03-22T06:54:33Z</begin><end>2020-03-22T06:54:34Z</end></TimeSpan><styleUrl>#point</styleUrl><Point><altitudeMode>clampToGround</altitudeMode><coordinates>22.558364029973745,-33.389164013788104,645.17999999999995</coordinates></Point></Placemark><Placemark><TimeSpan><begin>2020-03-22T06:54:34Z</begin><end>2020-03-22T06:54:35Z</end></TimeSpan><styleUrl>#point</styleUrl><Point><altitudeMode>clampToGround</altitudeMode><coordinates>22.558423960581422,-33.389283958822489,645.17999999999995</coordinates></Point></Placemark><Placemark><TimeSpan><begin>2020-03-22T06:54:35Z</begin><end>2020-03-22T06:54:36Z</end></TimeSpan><styleUrl>#point</styleUrl><Point><altitudeMode>clampToGround</altitudeMode><coordinates>22.558537032455206,-33.389386972412467,644.70000000000005</coordinates></Point></Placemark><Placemark><TimeSpan><begin>2020-03-22T06:54:36Z</begin><end>2020-03-22T06:54:37Z</end></TimeSpan><styleUrl>#point</styleUrl><Point><altitudeMode>clampToGround</altitudeMode><coordinates>22.558629987761378,-33.389481017366052,644.70000000000005</coordinates></Point></Placemark><Placemark><TimeSpan><begin>2020-03-22T06:54:37Z</begin><end>2020-03-22T06:54:38Z</end></TimeSpan><styleUrl>#point</styleUrl><Point><altitudeMode>clampToGround</altitudeMode><coordinates>22.558727972209454,-33.38956399820745,644.70000000000005</coordinates></Point></Placemark><Placemark><TimeSpan><begin>2020-03-22T06:54:38Z</begin><end>2020-03-22T06:54:39Z</end></TimeSpan><styleUrl>#point</styleUrl><Point><altitudeMode>clampToGround</altitudeMode><coordinates>22.558828974142671,-33.389643039554358,644.22000000000003</coordinates></Point></Placemark><Placemark><TimeSpan><begin>2020-03-22T06:54:39Z</begin><end>2020-03-22T06:54:41Z</end></TimeSpan><styleUrl>#point</styleUrl><Point><altitudeMode>clampToGround</altitudeMode><coordinates>22.559017986059189,-33.389815036207438,644.22000000000003</coordinates></Point></Placemark><Placemark><TimeSpan><begin>2020-03-22T06:54:41Z</begin><end>2020-03-22T06:54:42Z</end></TimeSpan><styleUrl>#point</styleUrl><Point><altitudeMode>clampToGround</altitudeMode><coordinates>22.559101972728968,-33.389911008998752,644.22000000000003</coordinates></Point></Placemark><Placemark><TimeSpan><begin>2020-03-22T06:54:42Z</begin><end>2020-03-22T06:54:43Z</end></TimeSpan><styleUrl>#point</styleUrl><Point><altitudeMode>clampToGround</altitudeMode><coordinates>22.559170033782721,-33.390008993446827,643.74000000000001</coordinates></Point></Placemark><Placemark><TimeSpan><begin>2020-03-22T06:54:43Z</begin><end>2020-03-22T06:54:44Z</end></TimeSpan><styleUrl>#point</styleUrl><Point><altitudeMode>clampToGround</altitudeMode><coordinates>22.559231976047158,-33.390108989551663,643.74000000000001</coordinates></Point></Placemark><Placemark><TimeSpan><begin>2020-03-22T06:54:44Z</begin><end>2020-03-22T06:54:45Z</end></TimeSpan><styleUrl>#point</styleUrl><Point><altitudeMode>clampToGround</altitudeMode><coordinates>22.559278998523951,-33.39020999148488,643.74000000000001</coordinates></Point></Placemark><Placemark><TimeSpan><begin>2020-03-22T06:54:45Z</begin><end>2020-03-22T06:54:46Z</end></TimeSpan><styleUrl>#point</styleUrl><Point><altitudeMode>clampToGround</altitudeMode><coordinates>22.559321997687221,-33.39031501673162,643.74000000000001</coordinates></Point></Placemark><Placemark><TimeSpan><begin>2020-03-22T06:54:46Z</begin><end>2020-03-22T06:54:47Z</end></TimeSpan><styleUrl>#point</styleUrl><Point><altitudeMode>clampToGround</altitudeMode><coordinates>22.559354016557336,-33.390422975644469,643.74000000000001</coordinates></Point></Placemark><Placemark><TimeSpan><begin>2020-03-22T06:54:47Z</begin><end>2020-03-22T06:54:48Z</end></TimeSpan><styleUrl>#point</styleUrl><Point><altitudeMode>clampToGround</altitudeMode><coordinates>22.559381006285548,-33.390539987012744,643.74000000000001</coordinates></Point></Placemark><Placemark><TimeSpan><begin>2020-03-22T06:54:48Z</begin><end>2020-03-22T06:54:49Z</end></TimeSpan><styleUrl>#point</styleUrl><Point><altitudeMode>clampToGround</altitudeMode><coordinates>22.55940699018538,-33.390666972845793,643.74000000000001</coordinates></Point></Placemark><Placemark><TimeSpan><begin>2020-03-22T06:54:49Z</begin><end>2020-03-22T06:55:02Z</end></TimeSpan><styleUrl>#point</styleUrl><Point><altitudeMode>clampToGround</altitudeMode><coordinates>22.559582004323602,-33.392276968806982,642.29999999999995</coordinates></Point></Placemark><Placemark><TimeSpan><begin>2020-03-22T06:55:02Z</begin><end>2020-03-22T06:55:10Z</end></TimeSpan><styleUrl>#point</styleUrl><Point><altitudeMode>clampToGround</altitudeMode><coordinates>22.559202974662185,-33.393206018954515,640.38</coordinates></Point></Placemark><Placemark><TimeSpan><begin>2020-03-22T06:55:10Z</begin><end>2020-03-22T06:55:11Z</end></TimeSpan><styleUrl>#point</styleUrl><Point><altitudeMode>clampToGround</altitudeMode><coordinates>22.559119993820786,-33.393309032544494,640.38</coordinates></Point></Placemark><Placemark><TimeSpan><begin>2020-03-22T06:55:11Z</begin><end>2020-03-22T06:55:23Z</end></TimeSpan><styleUrl>#point</styleUrl><Point><altitudeMode>clampToGround</altitudeMode><coordinates>22.558047026395798,-33.394498005509377,638.92999999999995</coordinates></Point></Placemark><Placemark><TimeSpan><begin>2020-03-22T06:55:23Z</begin><end>2020-03-22T06:55:32Z</end></TimeSpan><styleUrl>#point</styleUrl><Point><altitudeMode>clampToGround</altitudeMode><coordinates>22.55742902867496,-33.395496038720012,637.97000000000003</coordinates></Point></Placemark><Placemark><TimeSpan><begin>2020-03-22T06:55:32Z</begin><end>2020-03-22T06:55:34Z</end></TimeSpan><styleUrl>#point</styleUrl><Point><altitudeMode>clampToGround</altitudeMode><coordinates>22.557335989549756,-33.395735006779432,637.97000000000003</coordinates></Point></Placemark><Placemark><TimeSpan><begin>2020-03-22T06:55:34Z</begin><end>2020-03-22T06:55:43Z</end></TimeSpan><styleUrl>#point</styleUrl><Point><altitudeMode>clampToGround</altitudeMode><coordinates>22.557311011478305,-33.396934038028121,637.49000000000001</coordinates></Point></Placemark><Placemark><TimeSpan><begin>2020-03-22T06:55:43Z</begin><end>2020-03-22T06:55:50Z</end></TimeSpan><styleUrl>#point</styleUrl><Point><altitudeMode>clampToGround</altitudeMode><coordinates>22.557918028905988,-33.398005999624729,637.00999999999999</coordinates></Point></Placemark><Placemark><TimeSpan><begin>2020-03-22T06:55:50Z</begin><end>2020-03-22T06:55:55Z</end></TimeSpan><styleUrl>#point</styleUrl><Point><altitudeMode>clampToGround</altitudeMode><coordinates>22.558924024924636,-33.399212993681431,637.49000000000001</coordinates></Point></Placemark><Placemark><TimeSpan><begin>2020-03-22T06:55:55Z</begin><end>2020-03-22T06:56:01Z</end></TimeSpan><styleUrl>#point</styleUrl><Point><altitudeMode>clampToGround</altitudeMode><coordinates>22.559963967651129,-33.400554014369845,637.49000000000001</coordinates></Point></Placemark><Placemark><TimeSpan><begin>2020-03-22T06:56:01Z</begin><end>2020-03-22T06:56:08Z</end></TimeSpan><styleUrl>#point</styleUrl><Point><altitudeMode>clampToGround</altitudeMode><coordinates>22.560734013095498,-33.401796966791153,637.00999999999999</coordinates></Point></Placemark><Placemark><TimeSpan><begin>2020-03-22T06:56:08Z</begin><end>2020-03-22T06:56:18Z</end></TimeSpan><styleUrl>#point</styleUrl><Point><altitudeMode>clampToGround</altitudeMode><coordinates>22.561155036091805,-33.403545012697577,632.67999999999995</coordinates></Point></Placemark><Placemark><TimeSpan><begin>2020-03-22T06:56:18Z</begin><end>2020-03-22T06:56:19Z</end></TimeSpan><styleUrl>#point</styleUrl><Point><altitudeMode>clampToGround</altitudeMode><coordinates>22.561133997514844,-33.403708040714264,632.20000000000005</coordinates></Point></Placemark><Placemark><TimeSpan><begin>2020-03-22T06:56:19Z</begin><end>2020-03-22T06:56:20Z</end></TimeSpan><styleUrl>#point</styleUrl><Point><altitudeMode>clampToGround</altitudeMode><coordinates>22.561093010008335,-33.40387400239706,631.72000000000003</coordinates></Point></Placemark><Placemark><TimeSpan><begin>2020-03-22T06:56:20Z</begin><end>2020-03-22T06:56:21Z</end></TimeSpan><styleUrl>#point</styleUrl><Point><altitudeMode>clampToGround</altitudeMode><coordinates>22.561024026945233,-33.404043987393379,630.75999999999999</coordinates></Point></Placemark><Placemark><TimeSpan><begin>2020-03-22T06:56:21Z</begin><end>2020-03-22T06:56:22Z</end></TimeSpan><styleUrl>#point</styleUrl><Point><altitudeMode>clampToGround</altitudeMode><coordinates>22.560956971719861,-33.404197040945292,629.32000000000005</coordinates></Point></Placemark><Placemark><TimeSpan><begin>2020-03-22T06:56:22Z</begin><end>2020-03-22T06:56:29Z</end></TimeSpan><styleUrl>#point</styleUrl><Point><altitudeMode>clampToGround</altitudeMode><coordinates>22.560234032571316,-33.405127013102174,618.25999999999999</coordinates></Point></Placemark><Placemark><TimeSpan><begin>2020-03-22T06:56:29Z</begin><end>2020-03-22T06:56:30Z</end></TimeSpan><styleUrl>#point</styleUrl><Point><altitudeMode>clampToGround</altitudeMode><coordinates>22.560010990127921,-33.405210999771953,617.77999999999997</coordinates></Point></Placemark><Placemark><TimeSpan><begin>2020-03-22T06:56:30Z</begin><end>2020-03-22T06:56:31Z</end></TimeSpan><styleUrl>#point</styleUrl><Point><altitudeMode>clampToGround</altitudeMode><coordinates>22.559861037880182,-33.405320970341563,617.29999999999995</coordinates></Point></Placemark><Placemark><TimeSpan><begin>2020-03-22T06:56:31Z</begin><end>2020-03-22T06:56:34Z</end></TimeSpan><styleUrl>#point</styleUrl><Point><altitudeMode>clampToGround</altitudeMode><coordinates>22.559360973536968,-33.405615007504821,615.38</coordinates></Point></Placemark><Placemark><TimeSpan><begin>2020-03-22T06:56:34Z</begin><end>2020-03-22T06:56:35Z</end></TimeSpan><styleUrl>#point</styleUrl><Point><altitudeMode>clampToGround</altitudeMode><coordinates>22.559256032109261,-33.405748028308153,614.89999999999998</coordinates></Point></Placemark><Placemark><TimeSpan><begin>2020-03-22T06:56:35Z</begin><end>2020-03-22T06:56:36Z</end></TimeSpan><styleUrl>#point</styleUrl><Point><altitudeMode>clampToGround</altitudeMode><coordinates>22.55914899520576,-33.405878031626344,613.94000000000005</coordinates></Point></Placemark><Placemark><TimeSpan><begin>2020-03-22T06:56:36Z</begin><end>2020-03-22T06:56:37Z</end></TimeSpan><styleUrl>#point</styleUrl><Point><altitudeMode>clampToGround</altitudeMode><coordinates>22.559068026021123,-33.406019015237689,612.98000000000002</coordinates></Point></Placemark><Placemark><TimeSpan><begin>2020-03-22T06:56:37Z</begin><end>2020-03-22T06:56:38Z</end></TimeSpan><styleUrl>#point</styleUrl><Point><altitudeMode>clampToGround</altitudeMode><coordinates>22.559008011594415,-33.406175002455711,612.98000000000002</coordinates></Point></Placemark><Placemark><TimeSpan><begin>2020-03-22T06:56:38Z</begin><end>2020-03-22T06:56:39Z</end></TimeSpan><styleUrl>#point</styleUrl><Point><altitudeMode>clampToGround</altitudeMode><coordinates>22.558963000774384,-33.406334007158875,612.01999999999998</coordinates></Point></Placemark><Placemark><TimeSpan><begin>2020-03-22T06:56:39Z</begin><end>2020-03-22T06:56:40Z</end></TimeSpan><styleUrl>#point</styleUrl><Point><altitudeMode>clampToGround</altitudeMode><coordinates>22.558923019096255,-33.406495023518801,611.53999999999996</coordinates></Point></Placemark><Placemark><TimeSpan><begin>2020-03-22T06:56:40Z</begin><end>2020-03-22T06:56:47Z</end></TimeSpan><styleUrl>#point</styleUrl><Point><altitudeMode>clampToGround</altitudeMode><coordinates>22.558529991656542,-33.40750596486032,608.16999999999996</coordinates></Point></Placemark><Placemark><TimeSpan><begin>2020-03-22T06:56:47Z</begin><end>2020-03-22T06:56:48Z</end></TimeSpan><styleUrl>#point</styleUrl><Point><altitudeMode>clampToGround</altitudeMode><coordinates>22.558413986116648,-33.407625993713737,608.16999999999996</coordinates></Point></Placemark><Placemark><TimeSpan><begin>2020-03-22T06:56:48Z</begin><end>2020-03-22T06:56:49Z</end></TimeSpan><styleUrl>#point</styleUrl><Point><altitudeMode>clampToGround</altitudeMode><coordinates>22.558279959484935,-33.407729007303715,607.69000000000005</coordinates></Point></Placemark><Placemark><TimeSpan><begin>2020-03-22T06:56:49Z</begin><end>2020-03-22T06:56:50Z</end></TimeSpan><styleUrl>#point</styleUrl><Point><altitudeMode>clampToGround</altitudeMode><coordinates>22.558115003630519,-33.407813999801874,607.21000000000004</coordinates></Point></Placemark><Placemark><TimeSpan><begin>2020-03-22T06:56:50Z</begin><end>2020-03-22T06:56:51Z</end></TimeSpan><styleUrl>#point</styleUrl><Point><altitudeMode>clampToGround</altitudeMode><coordinates>22.557958010584116,-33.407892035320401,606.73000000000002</coordinates></Point></Placemark><Placemark><TimeSpan><begin>2020-03-22T06:56:51Z</begin><end>2020-03-22T06:56:52Z</end></TimeSpan><styleUrl>#point</styleUrl><Point><altitudeMode>clampToGround</altitudeMode><coordinates>22.557798000052571,-33.407967975363135,606.25</coordinates></Point></Placemark><Placemark><TimeSpan><begin>2020-03-22T06:56:52Z</begin><end>2020-03-22T06:57:05Z</end></TimeSpan><styleUrl>#point</styleUrl><Point><altitudeMode>clampToGround</altitudeMode><coordinates>22.555811991915107,-33.408860983327031,604.80999999999995</coordinates></Point></Placemark><Placemark><TimeSpan><begin>2020-03-22T06:57:05Z</begin><end>2020-03-22T06:57:10Z</end></TimeSpan><styleUrl>#point</styleUrl><Point><altitudeMode>clampToGround</altitudeMode><coordinates>22.554985033348203,-33.409149991348386,603.85000000000002</coordinates></Point></Placemark><Placemark><TimeSpan><begin>2020-03-22T06:57:10Z</begin><end>2020-03-22T06:57:11Z</end></TimeSpan><styleUrl>#point</styleUrl><Point><altitudeMode>clampToGround</altitudeMode><coordinates>22.554797027260065,-33.409174969419837,603.85000000000002</coordinates></Point></Placemark><Placemark><TimeSpan><begin>2020-03-22T06:57:11Z</begin><end>2020-03-22T06:57:12Z</end></TimeSpan><styleUrl>#point</styleUrl><Point><altitudeMode>clampToGround</altitudeMode><coordinates>22.554612038657069,-33.409193996340036,603.85000000000002</coordinates></Point></Placemark><Placemark><TimeSpan><begin>2020-03-22T06:57:12Z</begin><end>2020-03-22T06:57:18Z</end></TimeSpan><styleUrl>#point</styleUrl><Point><altitudeMode>clampToGround</altitudeMode><coordinates>22.553638983517885,-33.409397006034851,602.88</coordinates></Point></Placemark><Placemark><TimeSpan><begin>2020-03-22T06:57:18Z</begin><end>2020-03-22T06:57:19Z</end></TimeSpan><styleUrl>#point</styleUrl><Point><altitudeMode>clampToGround</altitudeMode><coordinates>22.553504034876823,-33.409460037946701,602.88</coordinates></Point></Placemark><Placemark><TimeSpan><begin>2020-03-22T06:57:19Z</begin><end>2020-03-22T06:57:20Z</end></TimeSpan><styleUrl>#point</styleUrl><Point><altitudeMode>clampToGround</altitudeMode><coordinates>22.553371014073491,-33.40954402461648,602.88</coordinates></Point></Placemark><Placemark><TimeSpan><begin>2020-03-22T06:57:20Z</begin><end>2020-03-22T06:57:21Z</end></TimeSpan><styleUrl>#point</styleUrl><Point><altitudeMode>clampToGround</altitudeMode><coordinates>22.553254002705216,-33.409637985751033,603.36000000000001</coordinates></Point></Placemark><Placemark><TimeSpan><begin>2020-03-22T06:57:21Z</begin><end>2020-03-22T06:57:22Z</end></TimeSpan><styleUrl>#point</styleUrl><Point><altitudeMode>clampToGround</altitudeMode><coordinates>22.553165992721915,-33.409795984625816,602.88</coordinates></Point></Placemark><Placemark><TimeSpan><begin>2020-03-22T06:57:22Z</begin><end>2020-03-22T06:57:23Z</end></TimeSpan><styleUrl>#point</styleUrl><Point><altitudeMode>clampToGround</altitudeMode><coordinates>22.553078988566995,-33.409978961572051,602.88</coordinates></Point></Placemark><Placemark><TimeSpan><begin>2020-03-22T06:57:23Z</begin><end>2020-03-22T06:57:24Z</end></TimeSpan><styleUrl>#point</styleUrl><Point><altitudeMode>clampToGround</altitudeMode><coordinates>22.552983015775681,-33.410122962668538,602.88</coordinates></Point></Placemark><Placemark><TimeSpan><begin>2020-03-22T06:57:24Z</begin><end>2020-03-22T06:57:25Z</end></TimeSpan><styleUrl>#point</styleUrl><Point><altitudeMode>clampToGround</altitudeMode><coordinates>22.552881008014083,-33.410260006785393,602.88</coordinates></Point></Placemark><Placemark><TimeSpan><begin>2020-03-22T06:57:25Z</begin><end>2020-03-22T06:57:30Z</end></TimeSpan><styleUrl>#point</styleUrl><Point><altitudeMode>clampToGround</altitudeMode><coordinates>22.552279019728303,-33.410808015614748,602.88</coordinates></Point></Placemark><Placemark><TimeSpan><begin>2020-03-22T06:57:30Z</begin><end>2020-03-22T06:57:38Z</end></TimeSpan><styleUrl>#point</styleUrl><Point><altitudeMode>clampToGround</altitudeMode><coordinates>22.551419958472252,-33.411658024415374,602.88</coordinates></Point></Placemark><Placemark><TimeSpan><begin>2020-03-22T06:57:38Z</begin><end>2020-03-22T06:57:49Z</end></TimeSpan><styleUrl>#point</styleUrl><Point><altitudeMode>clampToGround</altitudeMode><coordinates>22.55092098377645,-33.413415960967541,601.91999999999996</coordinates></Point></Placemark><Placemark><TimeSpan><begin>2020-03-22T06:57:49Z</begin><end>2020-03-22T06:57:59Z</end></TimeSpan><styleUrl>#point</styleUrl><Point><altitudeMode>clampToGround</altitudeMode><coordinates>22.55094001069665,-33.415093012154102,602.88</coordinates></Point></Placemark><Placemark><TimeSpan><begin>2020-03-22T06:57:59Z</begin><end>2020-03-22T06:58:00Z</end></TimeSpan><styleUrl>#point</styleUrl><Point><altitudeMode>clampToGround</altitudeMode><coordinates>22.550902040675282,-33.415254028514028,603.36000000000001</coordinates></Point></Placemark><Placemark><TimeSpan><begin>2020-03-22T06:58:00Z</begin><end>2020-03-22T06:58:01Z</end></TimeSpan><styleUrl>#point</styleUrl><Point><altitudeMode>clampToGround</altitudeMode><coordinates>22.550839008763433,-33.415414039045572,603.36000000000001</coordinates></Point></Placemark><Placemark><TimeSpan><begin>2020-03-22T06:58:01Z</begin><end>2020-03-22T06:58:02Z</end></TimeSpan><styleUrl>#point</styleUrl><Point><altitudeMode>clampToGround</altitudeMode><coordinates>22.550764996558428,-33.415570026263595,603.85000000000002</coordinates></Point></Placemark><Placemark><TimeSpan><begin>2020-03-22T06:58:02Z</begin><end>2020-03-22T06:58:03Z</end></TimeSpan><styleUrl>#point</styleUrl><Point><altitudeMode>clampToGround</altitudeMode><coordinates>22.550673969089985,-33.415719978511333,603.85000000000002</coordinates></Point></Placemark><Placemark><TimeSpan><begin>2020-03-22T06:58:03Z</begin><end>2020-03-22T06:58:04Z</end></TimeSpan><styleUrl>#point</styleUrl><Point><altitudeMode>clampToGround</altitudeMode><coordinates>22.550569027662277,-33.415866997092962,604.33000000000004</coordinates></Point></Placemark><Placemark><TimeSpan><begin>2020-03-22T06:58:04Z</begin><end>2020-03-22T06:58:05Z</end></TimeSpan><styleUrl>#point</styleUrl><Point><altitudeMode>clampToGround</altitudeMode><coordinates>22.550462996587157,-33.416007980704308,604.80999999999995</coordinates></Point></Placemark><Placemark><TimeSpan><begin>2020-03-22T06:58:05Z</begin><end>2020-03-22T06:58:08Z</end></TimeSpan><styleUrl>#point</styleUrl><Point><altitudeMode>clampToGround</altitudeMode><coordinates>22.550142975524068,-33.416397990658879,605.76999999999998</coordinates></Point></Placemark><Placemark><TimeSpan><begin>2020-03-22T06:58:08Z</begin><end>2020-03-22T06:58:09Z</end></TimeSpan><styleUrl>#point</styleUrl><Point><altitudeMode>clampToGround</altitudeMode><coordinates>22.550020013004541,-33.416492035612464,606.25</coordinates></Point></Placemark><Placemark><TimeSpan><begin>2020-03-22T06:58:09Z</begin><end>2020-03-22T06:58:10Z</end></TimeSpan><styleUrl>#point</styleUrl><Point><altitudeMode>clampToGround</altitudeMode><coordinates>22.549883974716067,-33.41657199896872,606.73000000000002</coordinates></Point></Placemark><Placemark><TimeSpan><begin>2020-03-22T06:58:10Z</begin><end>2020-03-22T06:58:11Z</end></TimeSpan><styleUrl>#point</styleUrl><Point><altitudeMode>clampToGround</altitudeMode><coordinates>22.549737961962819,-33.4166369587183,607.21000000000004</coordinates></Point></Placemark><Placemark><TimeSpan><begin>2020-03-22T06:58:11Z</begin><end>2020-03-22T06:58:12Z</end></TimeSpan><styleUrl>#point</styleUrl><Point><altitudeMode>clampToGround</altitudeMode><coordinates>22.549595972523093,-33.416698984801769,607.69000000000005</coordinates></Point></Placemark><Placemark><TimeSpan><begin>2020-03-22T06:58:12Z</begin><end>2020-03-22T06:58:13Z</end></TimeSpan><styleUrl>#point</styleUrl><Point><altitudeMode>clampToGround</altitudeMode><coordinates>22.549464041367173,-33.416762016713619,608.16999999999996</coordinates></Point></Placemark><Placemark><TimeSpan><begin>2020-03-22T06:58:13Z</begin><end>2020-03-22T06:58:14Z</end></TimeSpan><styleUrl>#point</styleUrl><Point><altitudeMode>clampToGround</altitudeMode><coordinates>22.549354992806911,-33.416841980069876,608.64999999999998</coordinates></Point></Placemark><Placemark><TimeSpan><begin>2020-03-22T06:58:14Z</begin><end>2020-03-22T06:58:15Z</end></TimeSpan><styleUrl>#point</styleUrl><Point><altitudeMode>clampToGround</altitudeMode><coordinates>22.549277041107416,-33.416939964517951,609.13</coordinates></Point></Placemark><Placemark><TimeSpan><begin>2020-03-22T06:58:15Z</begin><end>2020-03-22T06:58:16Z</end></TimeSpan><styleUrl>#point</styleUrl><Point><altitudeMode>clampToGround</altitudeMode><coordinates>22.549218032509089,-33.41704398393631,610.09000000000003</coordinates></Point></Placemark><Placemark><TimeSpan><begin>2020-03-22T06:58:16Z</begin><end>2020-03-22T06:58:17Z</end></TimeSpan><styleUrl>#point</styleUrl><Point><altitudeMode>clampToGround</altitudeMode><coordinates>22.549172015860677,-33.417156971991062,610.57000000000005</coordinates></Point></Placemark><Placemark><TimeSpan><begin>2020-03-22T06:58:17Z</begin><end>2020-03-22T06:58:18Z</end></TimeSpan><styleUrl>#point</styleUrl><Point><altitudeMode>clampToGround</altitudeMode><coordinates>22.549148965626955,-33.417274989187717,611.05999999999995</coordinates></Point></Placemark><Placemark><TimeSpan><begin>2020-03-22T06:58:18Z</begin><end>2020-03-22T06:58:19Z</end></TimeSpan><styleUrl>#point</styleUrl><Point><altitudeMode>clampToGround</altitudeMode><coordinates>22.549149971455336,-33.417403986677527,612.01999999999998</coordinates></Point></Placemark><Placemark><TimeSpan><begin>2020-03-22T06:58:19Z</begin><end>2020-03-22T06:58:20Z</end></TimeSpan><styleUrl>#point</styleUrl><Point><altitudeMode>clampToGround</altitudeMode><coordinates>22.549205040559173,-33.417534995824099,612.98000000000002</coordinates></Point></Placemark><Placemark><TimeSpan><begin>2020-03-22T06:58:20Z</begin><end>2020-03-22T06:58:21Z</end></TimeSpan><styleUrl>#point</styleUrl><Point><altitudeMode>clampToGround</altitudeMode><coordinates>22.54926698282361,-33.41766701079905,613.46000000000004</coordinates></Point></Placemark><Placemark><TimeSpan><begin>2020-03-22T06:58:21Z</begin><end>2020-03-22T06:58:22Z</end></TimeSpan><styleUrl>#point</styleUrl><Point><altitudeMode>clampToGround</altitudeMode><coordinates>22.549339989200234,-33.417782010510564,614.41999999999996</coordinates></Point></Placemark><Placemark><TimeSpan><begin>2020-03-22T06:58:22Z</begin><end>2020-03-22T06:58:23Z</end></TimeSpan><styleUrl>#point</styleUrl><Point><altitudeMode>clampToGround</altitudeMode><coordinates>22.549430010840297,-33.41790396720171,614.89999999999998</coordinates></Point></Placemark><Placemark><TimeSpan><begin>2020-03-22T06:58:23Z</begin><end>2020-03-22T06:58:24Z</end></TimeSpan><styleUrl>#point</styleUrl><Point><altitudeMode>clampToGround</altitudeMode><coordinates>22.549522966146469,-33.418029025197029,615.86000000000001</coordinates></Point></Placemark><Placemark><TimeSpan><begin>2020-03-22T06:58:24Z</begin><end>2020-03-22T06:58:36Z</end></TimeSpan><styleUrl>#point</styleUrl><Point><altitudeMode>clampToGround</altitudeMode><coordinates>22.550773965194821,-33.419544976204634,624.99000000000001</coordinates></Point></Placemark><Placemark><TimeSpan><begin>2020-03-22T06:58:36Z</begin><end>2020-03-22T06:58:37Z</end></TimeSpan><styleUrl>#point</styleUrl><Point><altitudeMode>clampToGround</altitudeMode><coordinates>22.550848983228207,-33.41966500505805,625.47000000000003</coordinates></Point></Placemark><Placemark><TimeSpan><begin>2020-03-22T06:58:37Z</begin><end>2020-03-22T06:58:38Z</end></TimeSpan><styleUrl>#point</styleUrl><Point><altitudeMode>clampToGround</altitudeMode><coordinates>22.550912015140057,-33.419790985062718,625.96000000000004</coordinates></Point></Placemark><Placemark><TimeSpan><begin>2020-03-22T06:58:38Z</begin><end>2020-03-22T06:58:39Z</end></TimeSpan><styleUrl>#point</styleUrl><Point><altitudeMode>clampToGround</altitudeMode><coordinates>22.550951996818185,-33.419927023351192,626.44000000000005</coordinates></Point></Placemark><Placemark><TimeSpan><begin>2020-03-22T06:58:39Z</begin><end>2020-03-22T06:58:40Z</end></TimeSpan><styleUrl>#point</styleUrl><Point><altitudeMode>clampToGround</altitudeMode><coordinates>22.550964988768101,-33.420063983649015,626.91999999999996</coordinates></Point></Placemark><Placemark><TimeSpan><begin>2020-03-22T06:58:40Z</begin><end>2020-03-22T06:58:41Z</end></TimeSpan><styleUrl>#point</styleUrl><Point><altitudeMode>clampToGround</altitudeMode><coordinates>22.550953002646565,-33.420198010280728,627.88</coordinates></Point></Placemark><Placemark><TimeSpan><begin>2020-03-22T06:58:41Z</begin><end>2020-03-22T06:58:42Z</end></TimeSpan><styleUrl>#point</styleUrl><Point><altitudeMode>clampToGround</altitudeMode><coordinates>22.55092098377645,-33.420329019427299,628.36000000000001</coordinates></Point></Placemark><Placemark><TimeSpan><begin>2020-03-22T06:58:42Z</begin><end>2020-03-22T06:58:43Z</end></TimeSpan><styleUrl>#point</styleUrl><Point><altitudeMode>clampToGround</altitudeMode><coordinates>22.550887037068605,-33.420462040230632,628.84000000000003</coordinates></Point></Placemark><Placemark><TimeSpan><begin>2020-03-22T06:58:43Z</begin><end>2020-03-22T06:58:48Z</end></TimeSpan><styleUrl>#point</styleUrl><Point><altitudeMode>clampToGround</altitudeMode><coordinates>22.550760973244905,-33.421148015186191,630.75999999999999</coordinates></Point></Placemark><Placemark><TimeSpan><begin>2020-03-22T06:58:48Z</begin><end>2020-03-22T06:58:49Z</end></TimeSpan><styleUrl>#point</styleUrl><Point><altitudeMode>clampToGround</altitudeMode><coordinates>22.550707999616861,-33.421251028776169,631.72000000000003</coordinates></Point></Placemark><Placemark><TimeSpan><begin>2020-03-22T06:58:49Z</begin><end>2020-03-22T06:58:50Z</end></TimeSpan><styleUrl>#point</styleUrl><Point><altitudeMode>clampToGround</altitudeMode><coordinates>22.550642034038901,-33.421342978253961,632.20000000000005</coordinates></Point></Placemark><Placemark><TimeSpan><begin>2020-03-22T06:58:50Z</begin><end>2020-03-22T06:58:51Z</end></TimeSpan><styleUrl>#point</styleUrl><Point><altitudeMode>clampToGround</altitudeMode><coordinates>22.550560981035233,-33.421440962702036,633.16999999999996</coordinates></Point></Placemark><Placemark><TimeSpan><begin>2020-03-22T06:58:51Z</begin><end>2020-03-22T06:58:52Z</end></TimeSpan><styleUrl>#point</styleUrl><Point><altitudeMode>clampToGround</altitudeMode><coordinates>22.550459979102015,-33.421526039019227,633.64999999999998</coordinates></Point></Placemark><Placemark><TimeSpan><begin>2020-03-22T06:58:52Z</begin><end>2020-03-22T06:58:53Z</end></TimeSpan><styleUrl>#point</styleUrl><Point><altitudeMode>clampToGround</altitudeMode><coordinates>22.550333999097347,-33.421610025689006,634.61000000000001</coordinates></Point></Placemark><Placemark><TimeSpan><begin>2020-03-22T06:58:53Z</begin><end>2020-03-22T06:58:54Z</end></TimeSpan><styleUrl>#point</styleUrl><Point><altitudeMode>clampToGround</altitudeMode><coordinates>22.550205001607537,-33.421678002923727,635.57000000000005</coordinates></Point></Placemark><Placemark><TimeSpan><begin>2020-03-22T06:58:54Z</begin><end>2020-03-22T06:58:55Z</end></TimeSpan><styleUrl>#point</styleUrl><Point><altitudeMode>clampToGround</altitudeMode><coordinates>22.550048008561134,-33.421721002086997,636.04999999999995</coordinates></Point></Placemark><Placemark><TimeSpan><begin>2020-03-22T06:58:55Z</begin><end>2020-03-22T06:58:56Z</end></TimeSpan><styleUrl>#point</styleUrl><Point><altitudeMode>clampToGround</altitudeMode><coordinates>22.549909958615899,-33.421764001250267,636.52999999999997</coordinates></Point></Placemark><Placemark><TimeSpan><begin>2020-03-22T06:58:56Z</begin><end>2020-03-22T06:58:59Z</end></TimeSpan><styleUrl>#point</styleUrl><Point><altitudeMode>clampToGround</altitudeMode><coordinates>22.549515003338456,-33.421899033710361,638.45000000000005</coordinates></Point></Placemark><Placemark><TimeSpan><begin>2020-03-22T06:58:59Z</begin><end>2020-03-22T06:59:01Z</end></TimeSpan><styleUrl>#point</styleUrl><Point><altitudeMode>clampToGround</altitudeMode><coordinates>22.549281986430287,-33.421972962096334,639.40999999999997</coordinates></Point></Placemark><Placemark><TimeSpan><begin>2020-03-22T06:59:01Z</begin><end>2020-03-22T06:59:02Z</end></TimeSpan><styleUrl>#point</styleUrl><Point><altitudeMode>clampToGround</altitudeMode><coordinates>22.549195988103747,-33.422101037576795,639.88999999999999</coordinates></Point></Placemark><Placemark><TimeSpan><begin>2020-03-22T06:59:02Z</begin><end>2020-03-22T06:59:08Z</end></TimeSpan><styleUrl>#point</styleUrl><Point><altitudeMode>clampToGround</altitudeMode><coordinates>22.548848977312446,-33.422989016398787,644.70000000000005</coordinates></Point></Placemark><Placemark><TimeSpan><begin>2020-03-22T06:59:08Z</begin><end>2020-03-22T06:59:09Z</end></TimeSpan><styleUrl>#point</styleUrl><Point><altitudeMode>clampToGround</altitudeMode><coordinates>22.54881695844233,-33.423123965039849,645.65999999999997</coordinates></Point></Placemark><Placemark><TimeSpan><begin>2020-03-22T06:59:09Z</begin><end>2020-03-22T06:59:10Z</end></TimeSpan><styleUrl>#point</styleUrl><Point><altitudeMode>clampToGround</altitudeMode><coordinates>22.548808995634317,-33.423265032470226,646.62</coordinates></Point></Placemark><Placemark><TimeSpan><begin>2020-03-22T06:59:10Z</begin><end>2020-03-22T06:59:11Z</end></TimeSpan><styleUrl>#point</styleUrl><Point><altitudeMode>clampToGround</altitudeMode><coordinates>22.548822993412614,-33.423410961404443,647.59000000000003</coordinates></Point></Placemark><Placemark><TimeSpan><begin>2020-03-22T06:59:11Z</begin><end>2020-03-22T06:59:12Z</end></TimeSpan><styleUrl>#point</styleUrl><Point><altitudeMode>clampToGround</altitudeMode><coordinates>22.548851994797587,-33.423556974157691,648.54999999999995</coordinates></Point></Placemark><Placemark><TimeSpan><begin>2020-03-22T06:59:12Z</begin><end>2020-03-22T06:59:13Z</end></TimeSpan><styleUrl>#point</styleUrl><Point><altitudeMode>clampToGround</altitudeMode><coordinates>22.54889901727438,-33.423699969425797,649.02999999999997</coordinates></Point></Placemark><Placemark><TimeSpan><begin>2020-03-22T06:59:13Z</begin><end>2020-03-22T06:59:14Z</end></TimeSpan><styleUrl>#point</styleUrl><Point><altitudeMode>clampToGround</altitudeMode><coordinates>22.548960959538817,-33.423837013542652,649.99000000000001</coordinates></Point></Placemark><Placemark><TimeSpan><begin>2020-03-22T06:59:14Z</begin><end>2020-03-22T06:59:15Z</end></TimeSpan><styleUrl>#point</styleUrl><Point><altitudeMode>clampToGround</altitudeMode><coordinates>22.549031032249331,-33.423968022689223,650.47000000000003</coordinates></Point></Placemark><Placemark><TimeSpan><begin>2020-03-22T06:59:15Z</begin><end>2020-03-22T06:59:16Z</end></TimeSpan><styleUrl>#point</styleUrl><Point><altitudeMode>clampToGround</altitudeMode><coordinates>22.549110995605588,-33.424097020179033,650.95000000000005</coordinates></Point></Placemark><Placemark><TimeSpan><begin>2020-03-22T06:59:16Z</begin><end>2020-03-22T06:59:18Z</end></TimeSpan><styleUrl>#point</styleUrl><Point><altitudeMode>clampToGround</altitudeMode><coordinates>22.549220966175199,-33.424359960481524,652.38999999999999</coordinates></Point></Placemark><Placemark><TimeSpan><begin>2020-03-22T06:59:18Z</begin><end>2020-03-22T06:59:19Z</end></TimeSpan><styleUrl>#point</styleUrl><Point><altitudeMode>clampToGround</altitudeMode><coordinates>22.549254996702075,-33.424502033740282,652.87</coordinates></Point></Placemark><Placemark><TimeSpan><begin>2020-03-22T06:59:19Z</begin><end>2020-03-22T06:59:20Z</end></TimeSpan><styleUrl>#point</styleUrl><Point><altitudeMode>clampToGround</altitudeMode><coordinates>22.549274023622274,-33.424648968502879,653.83000000000004</coordinates></Point></Placemark><Placemark><TimeSpan><begin>2020-03-22T06:59:20Z</begin><end>2020-03-22T06:59:24Z</end></TimeSpan><styleUrl>#point</styleUrl><Point><altitudeMode>clampToGround</altitudeMode><coordinates>22.549383994191885,-33.425253974273801,655.75999999999999</coordinates></Point></Placemark><Placemark><TimeSpan><begin>2020-03-22T06:59:24Z</begin><end>2020-03-22T06:59:25Z</end></TimeSpan><styleUrl>#point</styleUrl><Point><altitudeMode>clampToGround</altitudeMode><coordinates>22.549443002790213,-33.425403004512191,656.24000000000001</coordinates></Point></Placemark><Placemark><TimeSpan><begin>2020-03-22T06:59:25Z</begin><end>2020-03-22T06:59:26Z</end></TimeSpan><styleUrl>#point</styleUrl><Point><altitudeMode>clampToGround</altitudeMode><coordinates>22.549520032480359,-33.425536025315523,656.72000000000003</coordinates></Point></Placemark><Placemark><TimeSpan><begin>2020-03-22T06:59:26Z</begin><end>2020-03-22T06:59:27Z</end></TimeSpan><styleUrl>#point</styleUrl><Point><altitudeMode>clampToGround</altitudeMode><coordinates>22.549616005271673,-33.425648007541895,656.72000000000003</coordinates></Point></Placemark><Placemark><TimeSpan><begin>2020-03-22T06:59:27Z</begin><end>2020-03-22T06:59:28Z</end></TimeSpan><styleUrl>#point</styleUrl><Point><altitudeMode>clampToGround</altitudeMode><coordinates>22.549866959452629,-33.426229963079095,643.25999999999999</coordinates></Point></Placemark><Placemark><TimeSpan><begin>2020-03-22T06:59:28Z</begin><end>2020-03-22T06:59:29Z</end></TimeSpan><styleUrl>#point</styleUrl><Point><altitudeMode>clampToGround</altitudeMode><coordinates>22.550066029652953,-33.426532968878746,639.40999999999997</coordinates></Point></Placemark><Placemark><TimeSpan><begin>2020-03-22T06:59:29Z</begin><end>2020-03-22T06:59:30Z</end></TimeSpan><styleUrl>#point</styleUrl><Point><altitudeMode>clampToGround</altitudeMode><coordinates>22.550201984122396,-33.426651991903782,637.49000000000001</coordinates></Point></Placemark><Placemark><TimeSpan><begin>2020-03-22T06:59:30Z</begin><end>2020-03-22T06:59:38Z</end></TimeSpan><styleUrl>#point</styleUrl><Point><altitudeMode>clampToGround</altitudeMode><coordinates>22.551274029538035,-33.427266972139478,620.66999999999996</coordinates></Point></Placemark><Placemark><TimeSpan><begin>2020-03-22T06:59:38Z</begin><end>2020-03-22T06:59:39Z</end></TimeSpan><styleUrl>#point</styleUrl><Point><altitudeMode>clampToGround</altitudeMode><coordinates>22.551409984007478,-33.427380966022611,619.71000000000004</coordinates></Point></Placemark><Placemark><TimeSpan><begin>2020-03-22T06:59:39Z</begin><end>2020-03-22T06:59:40Z</end></TimeSpan><styleUrl>#point</styleUrl><Point><altitudeMode>clampToGround</altitudeMode><coordinates>22.551520960405469,-33.427515998482704,618.75</coordinates></Point></Placemark><Placemark><TimeSpan><begin>2020-03-22T06:59:40Z</begin><end>2020-03-22T06:59:41Z</end></TimeSpan><styleUrl>#point</styleUrl><Point><altitudeMode>clampToGround</altitudeMode><coordinates>22.551623973995447,-33.427653964608908,617.77999999999997</coordinates></Point></Placemark><Placemark><TimeSpan><begin>2020-03-22T06:59:41Z</begin><end>2020-03-22T06:59:42Z</end></TimeSpan><styleUrl>#point</styleUrl><Point><altitudeMode>clampToGround</altitudeMode><coordinates>22.551697986200452,-33.427791008725762,617.29999999999995</coordinates></Point></Placemark><Placemark><TimeSpan><begin>2020-03-22T06:59:42Z</begin><end>2020-03-22T06:59:43Z</end></TimeSpan><styleUrl>#point</styleUrl><Point><altitudeMode>clampToGround</altitudeMode><coordinates>22.551753977313638,-33.427938027307391,616.82000000000005</coordinates></Point></Placemark><Placemark><TimeSpan><begin>2020-03-22T06:59:43Z</begin><end>2020-03-22T06:59:44Z</end></TimeSpan><styleUrl>#point</styleUrl><Point><altitudeMode>clampToGround</altitudeMode><coordinates>22.551802005618811,-33.428084962069988,616.34000000000003</coordinates></Point></Placemark><Placemark><TimeSpan><begin>2020-03-22T06:59:44Z</begin><end>2020-03-22T06:59:51Z</end></TimeSpan><styleUrl>#point</styleUrl><Point><altitudeMode>clampToGround</altitudeMode><coordinates>22.552111968398094,-33.429123982787132,611.05999999999995</coordinates></Point></Placemark><Placemark><TimeSpan><begin>2020-03-22T06:59:51Z</begin><end>2020-03-22T06:59:52Z</end></TimeSpan><styleUrl>#point</styleUrl><Point><altitudeMode>clampToGround</altitudeMode><coordinates>22.552209030836821,-33.429177962243557,611.05999999999995</coordinates></Point></Placemark><Placemark><TimeSpan><begin>2020-03-22T06:59:52Z</begin><end>2020-03-22T06:59:53Z</end></TimeSpan><styleUrl>#point</styleUrl><Point><altitudeMode>clampToGround</altitudeMode><coordinates>22.552310032770038,-33.429291034117341,610.57000000000005</coordinates></Point></Placemark><Placemark><TimeSpan><begin>2020-03-22T06:59:53Z</begin><end>2020-03-22T06:59:54Z</end></TimeSpan><styleUrl>#point</styleUrl><Point><altitudeMode>clampToGround</altitudeMode><coordinates>22.552435006946325,-33.429387006908655,610.57000000000005</coordinates></Point></Placemark><Placemark><TimeSpan><begin>2020-03-22T06:59:54Z</begin><end>2020-03-22T06:59:55Z</end></TimeSpan><styleUrl>#point</styleUrl><Point><altitudeMode>clampToGround</altitudeMode><coordinates>22.552572973072529,-33.429466970264912,610.09000000000003</coordinates></Point></Placemark><Placemark><TimeSpan><begin>2020-03-22T06:59:55Z</begin><end>2020-03-22T06:59:56Z</end></TimeSpan><styleUrl>#point</styleUrl><Point><altitudeMode>clampToGround</altitudeMode><coordinates>22.552727032452822,-33.429533019661903,610.09000000000003</coordinates></Point></Placemark><Placemark><TimeSpan><begin>2020-03-22T06:59:56Z</begin><end>2020-03-22T06:59:57Z</end></TimeSpan><styleUrl>#point</styleUrl><Point><altitudeMode>clampToGround</altitudeMode><coordinates>22.552882013842463,-33.429582975804806,609.61000000000001</coordinates></Point></Placemark><Placemark><TimeSpan><begin>2020-03-22T06:59:57Z</begin><end>2020-03-22T06:59:58Z</end></TimeSpan><styleUrl>#point</styleUrl><Point><altitudeMode>clampToGround</altitudeMode><coordinates>22.55304797552526,-33.429620023816824,609.13</coordinates></Point></Placemark><Placemark><TimeSpan><begin>2020-03-22T06:59:58Z</begin><end>2020-03-22T06:59:59Z</end></TimeSpan><styleUrl>#point</styleUrl><Point><altitudeMode>clampToGround</altitudeMode><coordinates>22.553218966349959,-33.429646007716656,608.64999999999998</coordinates></Point></Placemark><Placemark><TimeSpan><begin>2020-03-22T06:59:59Z</begin><end>2020-03-22T07:00:00Z</end></TimeSpan><styleUrl>#point</styleUrl><Point><altitudeMode>clampToGround</altitudeMode><coordinates>22.553394986316562,-33.429653970524669,608.16999999999996</coordinates></Point></Placemark><Placemark><TimeSpan><begin>2020-03-22T07:00:00Z</begin><end>2020-03-22T07:00:01Z</end></TimeSpan><styleUrl>#point</styleUrl><Point><altitudeMode>clampToGround</altitudeMode><coordinates>22.553574023768306,-33.429647013545036,607.69000000000005</coordinates></Point></Placemark><Placemark><TimeSpan><begin>2020-03-22T07:00:01Z</begin><end>2020-03-22T07:00:02Z</end></TimeSpan><styleUrl>#point</styleUrl><Point><altitudeMode>clampToGround</altitudeMode><coordinates>22.553751971572638,-33.429619017988443,606.73000000000002</coordinates></Point></Placemark><Placemark><TimeSpan><begin>2020-03-22T07:00:02Z</begin><end>2020-03-22T07:00:03Z</end></TimeSpan><styleUrl>#point</styleUrl><Point><altitudeMode>clampToGround</altitudeMode><coordinates>22.553918017074466,-33.429618012160063,605.76999999999998</coordinates></Point></Placemark><Placemark><TimeSpan><begin>2020-03-22T07:00:03Z</begin><end>2020-03-22T07:00:04Z</end></TimeSpan><styleUrl>#point</styleUrl><Point><altitudeMode>clampToGround</altitudeMode><coordinates>22.55407802760601,-33.429628992453218,604.33000000000004</coordinates></Point></Placemark><Placemark><TimeSpan><begin>2020-03-22T07:00:04Z</begin><end>2020-03-22T07:00:05Z</end></TimeSpan><styleUrl>#point</styleUrl><Point><altitudeMode>clampToGround</altitudeMode><coordinates>22.554243989288807,-33.429641984403133,603.36000000000001</coordinates></Point></Placemark><Placemark><TimeSpan><begin>2020-03-22T07:00:05Z</begin><end>2020-03-22T07:00:06Z</end></TimeSpan><styleUrl>#point</styleUrl><Point><altitudeMode>clampToGround</altitudeMode><coordinates>22.554397964850068,-33.429696969687939,602.88</coordinates></Point></Placemark><Placemark><TimeSpan><begin>2020-03-22T07:00:06Z</begin><end>2020-03-22T07:00:07Z</end></TimeSpan><styleUrl>#point</styleUrl><Point><altitudeMode>clampToGround</altitudeMode><coordinates>22.554540038108826,-33.429729994386435,601.91999999999996</coordinates></Point></Placemark><Placemark><TimeSpan><begin>2020-03-22T07:00:07Z</begin><end>2020-03-22T07:00:08Z</end></TimeSpan><styleUrl>#point</styleUrl><Point><altitudeMode>clampToGround</altitudeMode><coordinates>22.554678004235029,-33.429738963022828,599.51999999999998</coordinates></Point></Placemark><Placemark><TimeSpan><begin>2020-03-22T07:00:08Z</begin><end>2020-03-22T07:00:09Z</end></TimeSpan><styleUrl>#point</styleUrl><Point><altitudeMode>clampToGround</altitudeMode><coordinates>22.554822005331516,-33.429747009649873,598.55999999999995</coordinates></Point></Placemark><Placemark><TimeSpan><begin>2020-03-22T07:00:09Z</begin><end>2020-03-22T07:00:10Z</end></TimeSpan><styleUrl>#point</styleUrl><Point><altitudeMode>clampToGround</altitudeMode><coordinates>22.554965000599623,-33.42971901409328,597.12</coordinates></Point></Placemark><Placemark><TimeSpan><begin>2020-03-22T07:00:10Z</begin><end>2020-03-22T07:00:11Z</end></TimeSpan><styleUrl>#point</styleUrl><Point><altitudeMode>clampToGround</altitudeMode><coordinates>22.555122999474406,-33.429695963859558,596.63999999999999</coordinates></Point></Placemark><Placemark><TimeSpan><begin>2020-03-22T07:00:11Z</begin><end>2020-03-22T07:00:12Z</end></TimeSpan><styleUrl>#point</styleUrl><Point><altitudeMode>clampToGround</altitudeMode><coordinates>22.55528099834919,-33.429666040465236,596.63999999999999</coordinates></Point></Placemark><Placemark><TimeSpan><begin>2020-03-22T07:00:12Z</begin><end>2020-03-22T07:00:14Z</end></TimeSpan><styleUrl>#point</styleUrl><Point><altitudeMode>clampToGround</altitudeMode><coordinates>22.555589033290744,-33.429614994674921,595.19000000000005</coordinates></Point></Placemark><Placemark><TimeSpan><begin>2020-03-22T07:00:14Z</begin><end>2020-03-22T07:00:18Z</end></TimeSpan><styleUrl>#point</styleUrl><Point><altitudeMode>clampToGround</altitudeMode><coordinates>22.556167971342802,-33.42959001660347,592.78999999999996</coordinates></Point></Placemark><Placemark><TimeSpan><begin>2020-03-22T07:00:18Z</begin><end>2020-03-22T07:00:19Z</end></TimeSpan><styleUrl>#point</styleUrl><Point><altitudeMode>clampToGround</altitudeMode><coordinates>22.556297974660993,-33.429607031866908,591.83000000000004</coordinates></Point></Placemark><Placemark><TimeSpan><begin>2020-03-22T07:00:19Z</begin><end>2020-03-22T07:00:20Z</end></TimeSpan><styleUrl>#point</styleUrl><Point><altitudeMode>clampToGround</altitudeMode><coordinates>22.556421020999551,-33.429637961089611,591.35000000000002</coordinates></Point></Placemark><Placemark><TimeSpan><begin>2020-03-22T07:00:20Z</begin><end>2020-03-22T07:00:21Z</end></TimeSpan><styleUrl>#point</styleUrl><Point><altitudeMode>clampToGround</altitudeMode><coordinates>22.556534009054303,-33.429683977738023,590.87</coordinates></Point></Placemark><Placemark><TimeSpan><begin>2020-03-22T07:00:21Z</begin><end>2020-03-22T07:00:22Z</end></TimeSpan><styleUrl>#point</styleUrl><Point><altitudeMode>clampToGround</altitudeMode><coordinates>22.556631993502378,-33.429748015478253,589.90999999999997</coordinates></Point></Placemark><Placemark><TimeSpan><begin>2020-03-22T07:00:22Z</begin><end>2020-03-22T07:00:23Z</end></TimeSpan><styleUrl>#point</styleUrl><Point><altitudeMode>clampToGround</altitudeMode><coordinates>22.556711034849286,-33.429844994097948,589.90999999999997</coordinates></Point></Placemark><Placemark><TimeSpan><begin>2020-03-22T07:00:23Z</begin><end>2020-03-22T07:00:24Z</end></TimeSpan><styleUrl>#point</styleUrl><Point><altitudeMode>clampToGround</altitudeMode><coordinates>22.556767025962472,-33.429953958839178,590.38999999999999</coordinates></Point></Placemark><Placemark><TimeSpan><begin>2020-03-22T07:00:24Z</begin><end>2020-03-22T07:00:25Z</end></TimeSpan><styleUrl>#point</styleUrl><Point><altitudeMode>clampToGround</altitudeMode><coordinates>22.556808013468981,-33.43006401322782,589.90999999999997</coordinates></Point></Placemark><Placemark><TimeSpan><begin>2020-03-22T07:00:25Z</begin><end>2020-03-22T07:00:26Z</end></TimeSpan><styleUrl>#point</styleUrl><Point><altitudeMode>clampToGround</altitudeMode><coordinates>22.556839026510715,-33.430182030424476,589.90999999999997</coordinates></Point></Placemark><Placemark><TimeSpan><begin>2020-03-22T07:00:26Z</begin><end>2020-03-22T07:00:30Z</end></TimeSpan><styleUrl>#point</styleUrl><Point><altitudeMode>clampToGround</altitudeMode><coordinates>22.556991996243596,-33.43068796209991,590.38999999999999</coordinates></Point></Placemark><Placemark><TimeSpan><begin>2020-03-22T07:00:30Z</begin><end>2020-03-22T07:00:31Z</end></TimeSpan><styleUrl>#point</styleUrl><Point><altitudeMode>clampToGround</altitudeMode><coordinates>22.557057961821556,-33.430805979296565,590.87</coordinates></Point></Placemark><Placemark><TimeSpan><begin>2020-03-22T07:00:31Z</begin><end>2020-03-22T07:00:32Z</end></TimeSpan><styleUrl>#point</styleUrl><Point><altitudeMode>clampToGround</altitudeMode><coordinates>22.557141026481986,-33.430919973179698,590.38999999999999</coordinates></Point></Placemark><Placemark><TimeSpan><begin>2020-03-22T07:00:32Z</begin><end>2020-03-22T07:00:33Z</end></TimeSpan><styleUrl>#point</styleUrl><Point><altitudeMode>clampToGround</altitudeMode><coordinates>22.5572369992733,-33.431031033396721,590.38999999999999</coordinates></Point></Placemark><Placemark><TimeSpan><begin>2020-03-22T07:00:33Z</begin><end>2020-03-22T07:00:34Z</end></TimeSpan><styleUrl>#point</styleUrl><Point><altitudeMode>clampToGround</altitudeMode><coordinates>22.55734303034842,-33.431134968996048,590.38999999999999</coordinates></Point></Placemark><Placemark><TimeSpan><begin>2020-03-22T07:00:34Z</begin><end>2020-03-22T07:00:35Z</end></TimeSpan><styleUrl>#point</styleUrl><Point><altitudeMode>clampToGround</altitudeMode><coordinates>22.557448977604508,-33.431227002292871,590.38999999999999</coordinates></Point></Placemark><Placemark><TimeSpan><begin>2020-03-22T07:00:35Z</begin><end>2020-03-22T07:00:36Z</end></TimeSpan><styleUrl>#point</styleUrl><Point><altitudeMode>clampToGround</altitudeMode><coordinates>22.557581998407841,-33.431347031146288,590.38999999999999</coordinates></Point></Placemark><Placemark><TimeSpan><begin>2020-03-22T07:00:36Z</begin><end>2020-03-22T07:00:37Z</end></TimeSpan><styleUrl>#point</styleUrl><Point><altitudeMode>clampToGround</altitudeMode><coordinates>22.55773002281785,-33.431453984230757,589.90999999999997</coordinates></Point></Placemark><Placemark><TimeSpan><begin>2020-03-22T07:00:37Z</begin><end>2020-03-22T07:00:38Z</end></TimeSpan><styleUrl>#point</styleUrl><Point><altitudeMode>clampToGround</altitudeMode><coordinates>22.557877963408828,-33.431538976728916,589.42999999999995</coordinates></Point></Placemark><Placemark><TimeSpan><begin>2020-03-22T07:00:38Z</begin><end>2020-03-22T07:00:39Z</end></TimeSpan><styleUrl>#point</styleUrl><Point><altitudeMode>clampToGround</altitudeMode><coordinates>22.558036968111992,-33.431607037782669,589.42999999999995</coordinates></Point></Placemark><Placemark><TimeSpan><begin>2020-03-22T07:00:39Z</begin><end>2020-03-22T07:00:50Z</end></TimeSpan><styleUrl>#point</styleUrl><Point><altitudeMode>clampToGround</altitudeMode><coordinates>22.559307999908924,-33.432610016316175,586.05999999999995</coordinates></Point></Placemark><Placemark><TimeSpan><begin>2020-03-22T07:00:50Z</begin><end>2020-03-22T07:00:51Z</end></TimeSpan><styleUrl>#point</styleUrl><Point><altitudeMode>clampToGround</altitudeMode><coordinates>22.559241028502584,-33.432778995484114,585.58000000000004</coordinates></Point></Placemark><Placemark><TimeSpan><begin>2020-03-22T07:00:51Z</begin><end>2020-03-22T07:00:52Z</end></TimeSpan><styleUrl>#point</styleUrl><Point><altitudeMode>clampToGround</altitudeMode><coordinates>22.559159975498915,-33.432873040437698,585.58000000000004</coordinates></Point></Placemark><Placemark><TimeSpan><begin>2020-03-22T07:00:52Z</begin><end>2020-03-22T07:00:53Z</end></TimeSpan><styleUrl>#point</styleUrl><Point><altitudeMode>clampToGround</altitudeMode><coordinates>22.559054028242826,-33.432946968823671,585.10000000000002</coordinates></Point></Placemark><Placemark><TimeSpan><begin>2020-03-22T07:00:53Z</begin><end>2020-03-22T07:00:54Z</end></TimeSpan><styleUrl>#point</styleUrl><Point><altitudeMode>clampToGround</altitudeMode><coordinates>22.558928970247507,-33.433011006563902,585.10000000000002</coordinates></Point></Placemark><Placemark><TimeSpan><begin>2020-03-22T07:00:54Z</begin><end>2020-03-22T07:00:55Z</end></TimeSpan><styleUrl>#point</styleUrl><Point><altitudeMode>clampToGround</altitudeMode><coordinates>22.55878496915102,-33.433066997677088,584.62</coordinates></Point></Placemark><Placemark><TimeSpan><begin>2020-03-22T07:00:55Z</begin><end>2020-03-22T07:00:56Z</end></TimeSpan><styleUrl>#point</styleUrl><Point><altitudeMode>clampToGround</altitudeMode><coordinates>22.558642979711294,-33.433126006275415,584.62</coordinates></Point></Placemark><Placemark><TimeSpan><begin>2020-03-22T07:00:56Z</begin><end>2020-03-22T07:00:57Z</end></TimeSpan><styleUrl>#point</styleUrl><Point><altitudeMode>clampToGround</altitudeMode><coordinates>22.558500990271568,-33.433183003216982,584.13999999999999</coordinates></Point></Placemark><Placemark><TimeSpan><begin>2020-03-22T07:00:57Z</begin><end>2020-03-22T07:01:10Z</end></TimeSpan><styleUrl>#point</styleUrl><Point><altitudeMode>clampToGround</altitudeMode><coordinates>22.556594023481011,-33.434391003102064,578.85000000000002</coordinates></Point></Placemark><Placemark><TimeSpan><begin>2020-03-22T07:01:10Z</begin><end>2020-03-22T07:01:16Z</end></TimeSpan><styleUrl>#point</styleUrl><Point><altitudeMode>clampToGround</altitudeMode><coordinates>22.556145004928112,-33.434955021366477,577.88999999999999</coordinates></Point></Placemark><Placemark><TimeSpan><begin>2020-03-22T07:01:16Z</begin><end>2020-03-22T07:01:17Z</end></TimeSpan><styleUrl>#point</styleUrl><Point><altitudeMode>clampToGround</altitudeMode><coordinates>22.556159002706409,-33.435075972229242,577.88999999999999</coordinates></Point></Placemark><Placemark><TimeSpan><begin>2020-03-22T07:01:17Z</begin><end>2020-03-22T07:01:18Z</end></TimeSpan><styleUrl>#point</styleUrl><Point><altitudeMode>clampToGround</altitudeMode><coordinates>22.556202001869678,-33.435200024396181,577.88999999999999</coordinates></Point></Placemark><Placemark><TimeSpan><begin>2020-03-22T07:01:18Z</begin><end>2020-03-22T07:01:19Z</end></TimeSpan><styleUrl>#point</styleUrl><Point><altitudeMode>clampToGround</altitudeMode><coordinates>22.556276014074683,-33.435328016057611,577.88999999999999</coordinates></Point></Placemark><Placemark><TimeSpan><begin>2020-03-22T07:01:19Z</begin><end>2020-03-22T07:01:20Z</end></TimeSpan><styleUrl>#point</styleUrl><Point><altitudeMode>clampToGround</altitudeMode><coordinates>22.556379027664661,-33.435453996062279,577.40999999999997</coordinates></Point></Placemark><Placemark><TimeSpan><begin>2020-03-22T07:01:20Z</begin><end>2020-03-22T07:01:27Z</end></TimeSpan><styleUrl>#point</styleUrl><Point><altitudeMode>clampToGround</altitudeMode><coordinates>22.556819999590516,-33.436384974047542,577.40999999999997</coordinates></Point></Placemark><Placemark><TimeSpan><begin>2020-03-22T07:01:27Z</begin><end>2020-03-22T07:01:38Z</end></TimeSpan><styleUrl>#point</styleUrl><Point><altitudeMode>clampToGround</altitudeMode><coordinates>22.557263989001513,-33.43816596083343,576.92999999999995</coordinates></Point></Placemark><Placemark><TimeSpan><begin>2020-03-22T07:01:38Z</begin><end>2020-03-22T07:01:39Z</end></TimeSpan><styleUrl>#point</styleUrl><Point><altitudeMode>clampToGround</altitudeMode><coordinates>22.557351998984814,-33.438338963314891,576.92999999999995</coordinates></Point></Placemark><Placemark><TimeSpan><begin>2020-03-22T07:01:39Z</begin><end>2020-03-22T07:01:40Z</end></TimeSpan><styleUrl>#point</styleUrl><Point><altitudeMode>clampToGround</altitudeMode><coordinates>22.557453000918031,-33.438502997159958,576.92999999999995</coordinates></Point></Placemark><Placemark><TimeSpan><begin>2020-03-22T07:01:40Z</begin><end>2020-03-22T07:01:41Z</end></TimeSpan><styleUrl>#point</styleUrl><Point><altitudeMode>clampToGround</altitudeMode><coordinates>22.557548973709345,-33.438617996871471,576.92999999999995</coordinates></Point></Placemark><Placemark><TimeSpan><begin>2020-03-22T07:01:41Z</begin><end>2020-03-22T07:01:42Z</end></TimeSpan><styleUrl>#point</styleUrl><Point><altitudeMode>clampToGround</altitudeMode><coordinates>22.557661961764097,-33.438675999641418,576.45000000000005</coordinates></Point></Placemark><Placemark><TimeSpan><begin>2020-03-22T07:01:42Z</begin><end>2020-03-22T07:01:43Z</end></TimeSpan><styleUrl>#point</styleUrl><Point><altitudeMode>clampToGround</altitudeMode><coordinates>22.557800011709332,-33.438748000189662,576.92999999999995</coordinates></Point></Placemark><Placemark><TimeSpan><begin>2020-03-22T07:01:43Z</begin><end>2020-03-22T07:01:44Z</end></TimeSpan><styleUrl>#point</styleUrl><Point><altitudeMode>clampToGround</altitudeMode><coordinates>22.557912999764085,-33.438812959939241,576.45000000000005</coordinates></Point></Placemark><Placemark><TimeSpan><begin>2020-03-22T07:01:44Z</begin><end>2020-03-22T07:01:45Z</end></TimeSpan><styleUrl>#point</styleUrl><Point><altitudeMode>clampToGround</altitudeMode><coordinates>22.558068986982107,-33.438931982964277,576.45000000000005</coordinates></Point></Placemark><Placemark><TimeSpan><begin>2020-03-22T07:01:45Z</begin><end>2020-03-22T07:01:46Z</end></TimeSpan><styleUrl>#point</styleUrl><Point><altitudeMode>clampToGround</altitudeMode><coordinates>22.558231009170413,-33.438984034582973,576.45000000000005</coordinates></Point></Placemark><Placemark><TimeSpan><begin>2020-03-22T07:01:46Z</begin><end>2020-03-22T07:01:47Z</end></TimeSpan><styleUrl>#point</styleUrl><Point><altitudeMode>clampToGround</altitudeMode><coordinates>22.558417003601789,-33.43913096934557,576.45000000000005</coordinates></Point></Placemark><Placemark><TimeSpan><begin>2020-03-22T07:01:47Z</begin><end>2020-03-22T07:01:48Z</end></TimeSpan><styleUrl>#point</styleUrl><Point><altitudeMode>clampToGround</altitudeMode><coordinates>22.558586988598108,-33.439180003479123,576.45000000000005</coordinates></Point></Placemark><Placemark><TimeSpan><begin>2020-03-22T07:01:48Z</begin><end>2020-03-22T07:01:49Z</end></TimeSpan><styleUrl>#point</styleUrl><Point><altitudeMode>clampToGround</altitudeMode><coordinates>22.558754039928317,-33.439205987378955,576.45000000000005</coordinates></Point></Placemark><Placemark><TimeSpan><begin>2020-03-22T07:01:49Z</begin><end>2020-03-22T07:01:52Z</end></TimeSpan><styleUrl>#point</styleUrl><Point><altitudeMode>clampToGround</altitudeMode><coordinates>22.559245973825455,-33.439262984320521,570.67999999999995</coordinates></Point></Placemark><Placemark><TimeSpan><begin>2020-03-22T07:01:52Z</begin><end>2020-03-22T07:02:00Z</end></TimeSpan><styleUrl>#point</styleUrl><Point><altitudeMode>clampToGround</altitudeMode><coordinates>22.560555981472135,-33.439848041161895,558.17999999999995</coordinates></Point></Placemark><Placemark><TimeSpan><begin>2020-03-22T07:02:00Z</begin><end>2020-03-22T07:02:01Z</end></TimeSpan><styleUrl>#point</styleUrl><Point><altitudeMode>clampToGround</altitudeMode><coordinates>22.560748010873795,-33.439888022840023,556.74000000000001</coordinates></Point></Placemark><Placemark><TimeSpan><begin>2020-03-22T07:02:01Z</begin><end>2020-03-22T07:02:10Z</end></TimeSpan><styleUrl>#point</styleUrl><Point><altitudeMode>clampToGround</altitudeMode><coordinates>22.562426989898086,-33.440470984205604,548.57000000000005</coordinates></Point></Placemark><Placemark><TimeSpan><begin>2020-03-22T07:02:10Z</begin><end>2020-03-22T07:02:18Z</end></TimeSpan><styleUrl>#point</styleUrl><Point><altitudeMode>clampToGround</altitudeMode><coordinates>22.563620992004871,-33.441181015223265,541.84000000000003</coordinates></Point></Placemark><Placemark><TimeSpan><begin>2020-03-22T07:02:18Z</begin><end>2020-03-22T07:02:25Z</end></TimeSpan><styleUrl>#point</styleUrl><Point><altitudeMode>clampToGround</altitudeMode><coordinates>22.564757997170091,-33.441484021022916,534.14999999999998</coordinates></Point></Placemark><Placemark><TimeSpan><begin>2020-03-22T07:02:25Z</begin><end>2020-03-22T07:02:34Z</end></TimeSpan><styleUrl>#point</styleUrl><Point><altitudeMode>clampToGround</altitudeMode><coordinates>22.566462960094213,-33.441663980484009,524.53999999999996</coordinates></Point></Placemark><Placemark><TimeSpan><begin>2020-03-22T07:02:34Z</begin><end>2020-03-22T07:02:36Z</end></TimeSpan><styleUrl>#point</styleUrl><Point><altitudeMode>clampToGround</altitudeMode><coordinates>22.566759008914232,-33.441721983253956,523.09000000000003</coordinates></Point></Placemark><Placemark><TimeSpan><begin>2020-03-22T07:02:36Z</begin><end>2020-03-22T07:02:37Z</end></TimeSpan><styleUrl>#point</styleUrl><Point><altitudeMode>clampToGround</altitudeMode><coordinates>22.566871996968985,-33.441792977973819,523.09000000000003</coordinates></Point></Placemark><Placemark><TimeSpan><begin>2020-03-22T07:02:37Z</begin><end>2020-03-22T07:02:38Z</end></TimeSpan><styleUrl>#point</styleUrl><Point><altitudeMode>clampToGround</altitudeMode><coordinates>22.566979033872485,-33.441891968250275,525.01999999999998</coordinates></Point></Placemark><Placemark><TimeSpan><begin>2020-03-22T07:02:38Z</begin><end>2020-03-22T07:02:39Z</end></TimeSpan><styleUrl>#point</styleUrl><Point><altitudeMode>clampToGround</altitudeMode><coordinates>22.567051034420729,-33.441986013203859,524.05999999999995</coordinates></Point></Placemark><Placemark><TimeSpan><begin>2020-03-22T07:02:39Z</begin><end>2020-03-22T07:02:40Z</end></TimeSpan><styleUrl>#point</styleUrl><Point><altitudeMode>clampToGround</altitudeMode><coordinates>22.567108031362295,-33.442086009308696,523.09000000000003</coordinates></Point></Placemark><Placemark><TimeSpan><begin>2020-03-22T07:02:40Z</begin><end>2020-03-22T07:02:41Z</end></TimeSpan><styleUrl>#point</styleUrl><Point><altitudeMode>clampToGround</altitudeMode><coordinates>22.567156981676817,-33.442216012626886,524.05999999999995</coordinates></Point></Placemark><Placemark><TimeSpan><begin>2020-03-22T07:02:41Z</begin><end>2020-03-22T07:02:42Z</end></TimeSpan><styleUrl>#point</styleUrl><Point><altitudeMode>clampToGround</altitudeMode><coordinates>22.567180031910539,-33.442346015945077,524.05999999999995</coordinates></Point></Placemark><Placemark><TimeSpan><begin>2020-03-22T07:02:42Z</begin><end>2020-03-22T07:02:43Z</end></TimeSpan><styleUrl>#point</styleUrl><Point><altitudeMode>clampToGround</altitudeMode><coordinates>22.567182965576649,-33.442485993728042,525.01999999999998</coordinates></Point></Placemark><Placemark><TimeSpan><begin>2020-03-22T07:02:43Z</begin><end>2020-03-22T07:02:44Z</end></TimeSpan><styleUrl>#point</styleUrl><Point><altitudeMode>clampToGround</altitudeMode><coordinates>22.56714298389852,-33.442669976502657,525.01999999999998</coordinates></Point></Placemark><Placemark><TimeSpan><begin>2020-03-22T07:02:44Z</begin><end>2020-03-22T07:02:45Z</end></TimeSpan><styleUrl>#point</styleUrl><Point><altitudeMode>clampToGround</altitudeMode><coordinates>22.567081041634083,-33.442852031439543,525.5</coordinates></Point></Placemark><Placemark><TimeSpan><begin>2020-03-22T07:02:45Z</begin><end>2020-03-22T07:02:46Z</end></TimeSpan><styleUrl>#point</styleUrl><Point><altitudeMode>clampToGround</altitudeMode><coordinates>22.567014992237091,-33.443037020042539,523.09000000000003</coordinates></Point></Placemark><Placemark><TimeSpan><begin>2020-03-22T07:02:46Z</begin><end>2020-03-22T07:02:47Z</end></TimeSpan><styleUrl>#point</styleUrl><Point><altitudeMode>clampToGround</altitudeMode><coordinates>22.566929999738932,-33.443240029737353,521.16999999999996</coordinates></Point></Placemark><Placemark><TimeSpan><begin>2020-03-22T07:02:47Z</begin><end>2020-03-22T07:02:48Z</end></TimeSpan><styleUrl>#point</styleUrl><Point><altitudeMode>clampToGround</altitudeMode><coordinates>22.566845007240772,-33.443471034988761,518.76999999999998</coordinates></Point></Placemark><Placemark><TimeSpan><begin>2020-03-22T07:02:48Z</begin><end>2020-03-22T07:02:56Z</end></TimeSpan><styleUrl>#point</styleUrl><Point><altitudeMode>clampToGround</altitudeMode><coordinates>22.566117038950324,-33.44476000405848,512.51999999999998</coordinates></Point></Placemark><Placemark><TimeSpan><begin>2020-03-22T07:02:56Z</begin><end>2020-03-22T07:02:58Z</end></TimeSpan><styleUrl>#point</styleUrl><Point><altitudeMode>clampToGround</altitudeMode><coordinates>22.565888967365026,-33.444925965741277,510.60000000000002</coordinates></Point></Placemark><Placemark><TimeSpan><begin>2020-03-22T07:02:58Z</begin><end>2020-03-22T07:02:59Z</end></TimeSpan><styleUrl>#point</styleUrl><Point><altitudeMode>clampToGround</altitudeMode><coordinates>22.565761981531978,-33.444998972117901,509.63999999999999</coordinates></Point></Placemark><Placemark><TimeSpan><begin>2020-03-22T07:02:59Z</begin><end>2020-03-22T07:03:00Z</end></TimeSpan><styleUrl>#point</styleUrl><Point><altitudeMode>clampToGround</altitudeMode><coordinates>22.565615968778729,-33.445053035393357,509.16000000000003</coordinates></Point></Placemark><Placemark><TimeSpan><begin>2020-03-22T07:03:00Z</begin><end>2020-03-22T07:03:01Z</end></TimeSpan><styleUrl>#point</styleUrl><Point><altitudeMode>clampToGround</altitudeMode><coordinates>22.565468028187752,-33.44510399736464,508.67000000000002</coordinates></Point></Placemark><Placemark><TimeSpan><begin>2020-03-22T07:03:01Z</begin><end>2020-03-22T07:03:02Z</end></TimeSpan><styleUrl>#point</styleUrl><Point><altitudeMode>clampToGround</altitudeMode><coordinates>22.565306005999446,-33.445141967386007,507.70999999999998</coordinates></Point></Placemark><Placemark><TimeSpan><begin>2020-03-22T07:03:02Z</begin><end>2020-03-22T07:03:03Z</end></TimeSpan><styleUrl>#point</styleUrl><Point><altitudeMode>clampToGround</altitudeMode><coordinates>22.565155969932675,-33.445168035104871,506.75</coordinates></Point></Placemark><Placemark><TimeSpan><begin>2020-03-22T07:03:03Z</begin><end>2020-03-22T07:03:04Z</end></TimeSpan><styleUrl>#point</styleUrl><Point><altitudeMode>clampToGround</altitudeMode><coordinates>22.564998976886272,-33.445226037874818,506.75</coordinates></Point></Placemark><Placemark><TimeSpan><begin>2020-03-22T07:03:04Z</begin><end>2020-03-22T07:03:07Z</end></TimeSpan><styleUrl>#point</styleUrl><Point><altitudeMode>clampToGround</altitudeMode><coordinates>22.564459014683962,-33.44533902592957,505.79000000000002</coordinates></Point></Placemark><Placemark><TimeSpan><begin>2020-03-22T07:03:07Z</begin><end>2020-03-22T07:03:08Z</end></TimeSpan><styleUrl>#point</styleUrl><Point><altitudeMode>clampToGround</altitudeMode><coordinates>22.564273020252585,-33.44533802010119,505.31</coordinates></Point></Placemark><Placemark><TimeSpan><begin>2020-03-22T07:03:08Z</begin><end>2020-03-22T07:03:09Z</end></TimeSpan><styleUrl>#point</styleUrl><Point><altitudeMode>clampToGround</altitudeMode><coordinates>22.564085014164448,-33.445332990959287,505.31</coordinates></Point></Placemark><Placemark><TimeSpan><begin>2020-03-22T07:03:09Z</begin><end>2020-03-22T07:03:17Z</end></TimeSpan><styleUrl>#point</styleUrl><Point><altitudeMode>clampToGround</altitudeMode><coordinates>22.562560010701418,-33.445428041741252,503.38999999999999</coordinates></Point></Placemark><Placemark><TimeSpan><begin>2020-03-22T07:03:17Z</begin><end>2020-03-22T07:03:18Z</end></TimeSpan><styleUrl>#point</styleUrl><Point><altitudeMode>clampToGround</altitudeMode><coordinates>22.562369992956519,-33.445395017042756,503.38999999999999</coordinates></Point></Placemark><Placemark><TimeSpan><begin>2020-03-22T07:03:18Z</begin><end>2020-03-22T07:03:19Z</end></TimeSpan><styleUrl>#point</styleUrl><Point><altitudeMode>clampToGround</altitudeMode><coordinates>22.56217603571713,-33.445290997624397,504.82999999999998</coordinates></Point></Placemark><Placemark><TimeSpan><begin>2020-03-22T07:03:19Z</begin><end>2020-03-22T07:03:23Z</end></TimeSpan><styleUrl>#point</styleUrl><Point><altitudeMode>clampToGround</altitudeMode><coordinates>22.561474973335862,-33.445194019004703,503.87</coordinates></Point></Placemark><Placemark><TimeSpan><begin>2020-03-22T07:03:23Z</begin><end>2020-03-22T07:03:24Z</end></TimeSpan><styleUrl>#point</styleUrl><Point><altitudeMode>clampToGround</altitudeMode><coordinates>22.561290990561247,-33.445193013176322,503.87</coordinates></Point></Placemark><Placemark><TimeSpan><begin>2020-03-22T07:03:24Z</begin><end>2020-03-22T07:03:25Z</end></TimeSpan><styleUrl>#point</styleUrl><Point><altitudeMode>clampToGround</altitudeMode><coordinates>22.561108013615012,-33.445225032046437,503.87</coordinates></Point></Placemark><Placemark><TimeSpan><begin>2020-03-22T07:03:25Z</begin><end>2020-03-22T07:03:26Z</end></TimeSpan><styleUrl>#point</styleUrl><Point><altitudeMode>clampToGround</altitudeMode><coordinates>22.560943979769945,-33.445265013724566,503.87</coordinates></Point></Placemark><Placemark><TimeSpan><begin>2020-03-22T07:03:26Z</begin><end>2020-03-22T07:03:27Z</end></TimeSpan><styleUrl>#point</styleUrl><Point><altitudeMode>clampToGround</altitudeMode><coordinates>22.560790004208684,-33.445312036201358,503.87</coordinates></Point></Placemark><Placemark><TimeSpan><begin>2020-03-22T07:03:27Z</begin><end>2020-03-22T07:03:28Z</end></TimeSpan><styleUrl>#point</styleUrl><Point><altitudeMode>clampToGround</altitudeMode><coordinates>22.560638962313533,-33.445337014272809,506.75</coordinates></Point></Placemark><Placemark><TimeSpan><begin>2020-03-22T07:03:28Z</begin><end>2020-03-22T07:03:29Z</end></TimeSpan><styleUrl>#point</styleUrl><Point><altitudeMode>clampToGround</altitudeMode><coordinates>22.560447016730905,-33.445337014272809,508.67000000000002</coordinates></Point></Placemark><Placemark><TimeSpan><begin>2020-03-22T07:03:29Z</begin><end>2020-03-22T07:03:30Z</end></TimeSpan><styleUrl>#point</styleUrl><Point><altitudeMode>clampToGround</altitudeMode><coordinates>22.560379961505532,-33.445474980399013,510.12</coordinates></Point></Placemark><Placemark><TimeSpan><begin>2020-03-22T07:03:30Z</begin><end>2020-03-22T07:03:31Z</end></TimeSpan><styleUrl>#point</styleUrl><Point><altitudeMode>clampToGround</altitudeMode><coordinates>22.560318019241095,-33.445600038394332,511.07999999999998</coordinates></Point></Placemark><Placemark><TimeSpan><begin>2020-03-22T07:03:31Z</begin><end>2020-03-22T07:03:32Z</end></TimeSpan><styleUrl>#point</styleUrl><Point><altitudeMode>clampToGround</altitudeMode><coordinates>22.560289017856121,-33.445724006742239,512.51999999999998</coordinates></Point></Placemark><Placemark><TimeSpan><begin>2020-03-22T07:03:32Z</begin><end>2020-03-22T07:03:33Z</end></TimeSpan><styleUrl>#point</styleUrl><Point><altitudeMode>clampToGround</altitudeMode><coordinates>22.560296980664134,-33.445873958989978,513.48000000000002</coordinates></Point></Placemark><Placemark><TimeSpan><begin>2020-03-22T07:03:33Z</begin><end>2020-03-22T07:03:34Z</end></TimeSpan><styleUrl>#point</styleUrl><Point><altitudeMode>clampToGround</altitudeMode><coordinates>22.560315001755953,-33.446037992835045,514.44000000000005</coordinates></Point></Placemark><Placemark><TimeSpan><begin>2020-03-22T07:03:34Z</begin><end>2020-03-22T07:03:35Z</end></TimeSpan><styleUrl>#point</styleUrl><Point><altitudeMode>clampToGround</altitudeMode><coordinates>22.560356995090842,-33.446225998923182,514.44000000000005</coordinates></Point></Placemark><Placemark><TimeSpan><begin>2020-03-22T07:03:35Z</begin><end>2020-03-22T07:03:38Z</end></TimeSpan><styleUrl>#point</styleUrl><Point><altitudeMode>clampToGround</altitudeMode><coordinates>22.560412986204028,-33.446980034932494,510.12</coordinates></Point></Placemark><Placemark><TimeSpan><begin>2020-03-22T07:03:38Z</begin><end>2020-03-22T07:03:39Z</end></TimeSpan><styleUrl>#point</styleUrl><Point><altitudeMode>clampToGround</altitudeMode><coordinates>22.560376022011042,-33.447246998548508,508.67000000000002</coordinates></Point></Placemark><Placemark><TimeSpan><begin>2020-03-22T07:03:39Z</begin><end>2020-03-22T07:03:40Z</end></TimeSpan><styleUrl>#point</styleUrl><Point><altitudeMode>clampToGround</altitudeMode><coordinates>22.560306033119559,-33.447449002414942,506.75</coordinates></Point></Placemark><Placemark><TimeSpan><begin>2020-03-22T07:03:40Z</begin><end>2020-03-22T07:03:41Z</end></TimeSpan><styleUrl>#point</styleUrl><Point><altitudeMode>clampToGround</altitudeMode><coordinates>22.560207964852452,-33.447612030431628,505.79000000000002</coordinates></Point></Placemark><Placemark><TimeSpan><begin>2020-03-22T07:03:41Z</begin><end>2020-03-22T07:03:42Z</end></TimeSpan><styleUrl>#point</styleUrl><Point><altitudeMode>clampToGround</altitudeMode><coordinates>22.560108974575996,-33.447780003771186,504.35000000000002</coordinates></Point></Placemark><Placemark><TimeSpan><begin>2020-03-22T07:03:42Z</begin><end>2020-03-22T07:03:45Z</end></TimeSpan><styleUrl>#point</styleUrl><Point><altitudeMode>clampToGround</altitudeMode><coordinates>22.559856008738279,-33.448284007608891,503.38999999999999</coordinates></Point></Placemark><Placemark><TimeSpan><begin>2020-03-22T07:03:45Z</begin><end>2020-03-22T07:03:54Z</end></TimeSpan><styleUrl>#point</styleUrl><Point><altitudeMode>clampToGround</altitudeMode><coordinates>22.559209009632468,-33.449566019698977,494.25999999999999</coordinates></Point></Placemark><Placemark><TimeSpan><begin>2020-03-22T07:03:54Z</begin><end>2020-03-22T07:04:02Z</end></TimeSpan><styleUrl>#point</styleUrl><Point><altitudeMode>clampToGround</altitudeMode><coordinates>22.558980016037822,-33.450792040675879,487.52999999999997</coordinates></Point></Placemark><Placemark><TimeSpan><begin>2020-03-22T07:04:02Z</begin><end>2020-03-22T07:04:12Z</end></TimeSpan><styleUrl>#point</styleUrl><Point><altitudeMode>clampToGround</altitudeMode><coordinates>22.55921496078372,-33.452544026076794,486.07999999999998</coordinates></Point></Placemark><Placemark><TimeSpan><begin>2020-03-22T07:04:12Z</begin><end>2020-03-22T07:04:21Z</end></TimeSpan><styleUrl>#point</styleUrl><Point><altitudeMode>clampToGround</altitudeMode><coordinates>22.560129007324576,-33.454244965687394,481.27999999999997</coordinates></Point></Placemark><Placemark><TimeSpan><begin>2020-03-22T07:04:21Z</begin><end>2020-03-22T07:04:28Z</end></TimeSpan><styleUrl>#point</styleUrl><Point><altitudeMode>clampToGround</altitudeMode><coordinates>22.560710040852427,-33.455461012199521,473.58999999999997</coordinates></Point></Placemark><Placemark><TimeSpan><begin>2020-03-22T07:04:28Z</begin><end>2020-03-22T07:04:29Z</end></TimeSpan><styleUrl>#point</styleUrl><Point><altitudeMode>clampToGround</altitudeMode><coordinates>22.56073703058064,-33.455641977488995,472.13999999999999</coordinates></Point></Placemark><Placemark><TimeSpan><begin>2020-03-22T07:04:29Z</begin><end>2020-03-22T07:04:30Z</end></TimeSpan><styleUrl>#point</styleUrl><Point><altitudeMode>clampToGround</altitudeMode><coordinates>22.560735018923879,-33.455821014940739,471.66000000000003</coordinates></Point></Placemark><Placemark><TimeSpan><begin>2020-03-22T07:04:30Z</begin><end>2020-03-22T07:04:31Z</end></TimeSpan><styleUrl>#point</styleUrl><Point><altitudeMode>clampToGround</altitudeMode><coordinates>22.560703000053763,-33.455999968573451,470.69999999999999</coordinates></Point></Placemark><Placemark><TimeSpan><begin>2020-03-22T07:04:31Z</begin><end>2020-03-22T07:04:32Z</end></TimeSpan><styleUrl>#point</styleUrl><Point><altitudeMode>clampToGround</altitudeMode><coordinates>22.560636028647423,-33.456178000196815,470.22000000000003</coordinates></Point></Placemark><Placemark><TimeSpan><begin>2020-03-22T07:04:32Z</begin><end>2020-03-22T07:04:33Z</end></TimeSpan><styleUrl>#point</styleUrl><Point><altitudeMode>clampToGround</altitudeMode><coordinates>22.56054500117898,-33.456357959657907,469.74000000000001</coordinates></Point></Placemark><Placemark><TimeSpan><begin>2020-03-22T07:04:33Z</begin><end>2020-03-22T07:04:34Z</end></TimeSpan><styleUrl>#point</styleUrl><Point><altitudeMode>clampToGround</altitudeMode><coordinates>22.56043897010386,-33.456539008766413,469.25999999999999</coordinates></Point></Placemark><Placemark><TimeSpan><begin>2020-03-22T07:04:34Z</begin><end>2020-03-22T07:04:43Z</end></TimeSpan><styleUrl>#point</styleUrl><Point><altitudeMode>clampToGround</altitudeMode><coordinates>22.559301964938641,-33.458388978615403,465.89999999999998</coordinates></Point></Placemark><Placemark><TimeSpan><begin>2020-03-22T07:04:43Z</begin><end>2020-03-22T07:04:51Z</end></TimeSpan><styleUrl>#point</styleUrl><Point><altitudeMode>clampToGround</altitudeMode><coordinates>22.558528985828161,-33.459922028705478,463.97000000000003</coordinates></Point></Placemark><Placemark><TimeSpan><begin>2020-03-22T07:04:51Z</begin><end>2020-03-22T07:04:52Z</end></TimeSpan><styleUrl>#point</styleUrl><Point><altitudeMode>clampToGround</altitudeMode><coordinates>22.55850400775671,-33.460135012865067,463.97000000000003</coordinates></Point></Placemark><Placemark><TimeSpan><begin>2020-03-22T07:04:52Z</begin><end>2020-03-22T07:04:53Z</end></TimeSpan><styleUrl>#point</styleUrl><Point><altitudeMode>clampToGround</altitudeMode><coordinates>22.558500990271568,-33.460360988974571,463.49000000000001</coordinates></Point></Placemark><Placemark><TimeSpan><begin>2020-03-22T07:04:53Z</begin><end>2020-03-22T07:05:00Z</end></TimeSpan><styleUrl>#point</styleUrl><Point><altitudeMode>clampToGround</altitudeMode><coordinates>22.558575002476573,-33.462046002969146,461.56999999999999</coordinates></Point></Placemark><Placemark><TimeSpan><begin>2020-03-22T07:05:00Z</begin><end>2020-03-22T07:05:07Z</end></TimeSpan><styleUrl>#point</styleUrl><Point><altitudeMode>clampToGround</altitudeMode><coordinates>22.558334022760391,-33.463548040017486,463.97000000000003</coordinates></Point></Placemark><Placemark><TimeSpan><begin>2020-03-22T07:05:07Z</begin><end>2020-03-22T07:05:14Z</end></TimeSpan><styleUrl>#point</styleUrl><Point><altitudeMode>clampToGround</altitudeMode><coordinates>22.55777201615274,-33.46501998603344,457.72000000000003</coordinates></Point></Placemark><Placemark><TimeSpan><begin>2020-03-22T07:05:14Z</begin><end>2020-03-22T07:05:15Z</end></TimeSpan><styleUrl>#point</styleUrl><Point><altitudeMode>clampToGround</altitudeMode><coordinates>22.557658022269607,-33.465190976858139,456.75999999999999</coordinates></Point></Placemark><Placemark><TimeSpan><begin>2020-03-22T07:05:15Z</begin><end>2020-03-22T07:05:21Z</end></TimeSpan><styleUrl>#point</styleUrl><Point><altitudeMode>clampToGround</altitudeMode><coordinates>22.556723020970821,-33.466041991487145,455.80000000000001</coordinates></Point></Placemark><Placemark><TimeSpan><begin>2020-03-22T07:05:21Z</begin><end>2020-03-22T07:05:23Z</end></TimeSpan><styleUrl>#point</styleUrl><Point><altitudeMode>clampToGround</altitudeMode><coordinates>22.556298980489373,-33.466263022273779,456.27999999999997</coordinates></Point></Placemark><Placemark><TimeSpan><begin>2020-03-22T07:05:23Z</begin><end>2020-03-22T07:05:24Z</end></TimeSpan><styleUrl>#point</styleUrl><Point><altitudeMode>clampToGround</altitudeMode><coordinates>22.556062024086714,-33.466349020600319,456.75999999999999</coordinates></Point></Placemark><Placemark><TimeSpan><begin>2020-03-22T07:05:24Z</begin><end>2020-03-22T07:05:25Z</end></TimeSpan><styleUrl>#point</styleUrl><Point><altitudeMode>clampToGround</altitudeMode><coordinates>22.555814003571868,-33.466421021148562,456.75999999999999</coordinates></Point></Placemark><Placemark><TimeSpan><begin>2020-03-22T07:05:25Z</begin><end>2020-03-22T07:05:34Z</end></TimeSpan><styleUrl>#point</styleUrl><Point><altitudeMode>clampToGround</altitudeMode><coordinates>22.553308987990022,-33.466930976137519,458.69</coordinates></Point></Placemark><Placemark><TimeSpan><begin>2020-03-22T07:05:34Z</begin><end>2020-03-22T07:05:39Z</end></TimeSpan><styleUrl>#point</styleUrl><Point><altitudeMode>clampToGround</altitudeMode><coordinates>22.552056983113289,-33.467287039384246,456.27999999999997</coordinates></Point></Placemark><Placemark><TimeSpan><begin>2020-03-22T07:05:39Z</begin><end>2020-03-22T07:05:40Z</end></TimeSpan><styleUrl>#point</styleUrl><Point><altitudeMode>clampToGround</altitudeMode><coordinates>22.551828995347023,-33.467406984418631,455.31999999999999</coordinates></Point></Placemark><Placemark><TimeSpan><begin>2020-03-22T07:05:40Z</begin><end>2020-03-22T07:05:41Z</end></TimeSpan><styleUrl>#point</styleUrl><Point><altitudeMode>clampToGround</altitudeMode><coordinates>22.551615005359054,-33.467540005221963,454.83999999999997</coordinates></Point></Placemark><Placemark><TimeSpan><begin>2020-03-22T07:05:41Z</begin><end>2020-03-22T07:05:42Z</end></TimeSpan><styleUrl>#point</styleUrl><Point><altitudeMode>clampToGround</altitudeMode><coordinates>22.551410989835858,-33.467695992439985,453.88</coordinates></Point></Placemark><Placemark><TimeSpan><begin>2020-03-22T07:05:42Z</begin><end>2020-03-22T07:05:43Z</end></TimeSpan><styleUrl>#point</styleUrl><Point><altitudeMode>clampToGround</altitudeMode><coordinates>22.551218960434198,-33.467864971607924,453.88</coordinates></Point></Placemark><Placemark><TimeSpan><begin>2020-03-22T07:05:43Z</begin><end>2020-03-22T07:05:44Z</end></TimeSpan><styleUrl>#point</styleUrl><Point><altitudeMode>clampToGround</altitudeMode><coordinates>22.551040006801486,-33.468053983524442,452.92000000000002</coordinates></Point></Placemark><Placemark><TimeSpan><begin>2020-03-22T07:05:44Z</begin><end>2020-03-22T07:05:45Z</end></TimeSpan><styleUrl>#point</styleUrl><Point><altitudeMode>clampToGround</altitudeMode><coordinates>22.550886031240225,-33.468253975734115,452.44</coordinates></Point></Placemark><Placemark><TimeSpan><begin>2020-03-22T07:05:45Z</begin><end>2020-03-22T07:05:46Z</end></TimeSpan><styleUrl>#point</styleUrl><Point><altitudeMode>clampToGround</altitudeMode><coordinates>22.550757033750415,-33.468464026227593,452.44</coordinates></Point></Placemark><Placemark><TimeSpan><begin>2020-03-22T07:05:46Z</begin><end>2020-03-22T07:05:47Z</end></TimeSpan><styleUrl>#point</styleUrl><Point><altitudeMode>clampToGround</altitudeMode><coordinates>22.550646979361773,-33.468692013993859,451.95999999999998</coordinates></Point></Placemark><Placemark><TimeSpan><begin>2020-03-22T07:05:47Z</begin><end>2020-03-22T07:05:48Z</end></TimeSpan><styleUrl>#point</styleUrl><Point><altitudeMode>clampToGround</altitudeMode><coordinates>22.550558969378471,-33.468917990103364,451.95999999999998</coordinates></Point></Placemark><Placemark><TimeSpan><begin>2020-03-22T07:05:48Z</begin><end>2020-03-22T07:05:49Z</end></TimeSpan><styleUrl>#point</styleUrl><Point><altitudeMode>clampToGround</altitudeMode><coordinates>22.550495015457273,-33.469151007011533,451.48000000000002</coordinates></Point></Placemark><Placemark><TimeSpan><begin>2020-03-22T07:05:49Z</begin><end>2020-03-22T07:05:50Z</end></TimeSpan><styleUrl>#point</styleUrl><Point><altitudeMode>clampToGround</altitudeMode><coordinates>22.550457967445254,-33.469393998384476,451.48000000000002</coordinates></Point></Placemark><Placemark><TimeSpan><begin>2020-03-22T07:05:50Z</begin><end>2020-03-22T07:05:51Z</end></TimeSpan><styleUrl>#point</styleUrl><Point><altitudeMode>clampToGround</altitudeMode><coordinates>22.550442963838577,-33.469636989757419,451.48000000000002</coordinates></Point></Placemark><Placemark><TimeSpan><begin>2020-03-22T07:05:51Z</begin><end>2020-03-22T07:05:52Z</end></TimeSpan><styleUrl>#point</styleUrl><Point><altitudeMode>clampToGround</altitudeMode><coordinates>22.550456961616874,-33.469876041635871,451</coordinates></Point></Placemark><Placemark><TimeSpan><begin>2020-03-22T07:05:52Z</begin><end>2020-03-22T07:05:53Z</end></TimeSpan><styleUrl>#point</styleUrl><Point><altitudeMode>clampToGround</altitudeMode><coordinates>22.550491997972131,-33.470105035230517,451</coordinates></Point></Placemark><Placemark><TimeSpan><begin>2020-03-22T07:05:53Z</begin><end>2020-03-22T07:05:54Z</end></TimeSpan><styleUrl>#point</styleUrl><Point><altitudeMode>clampToGround</altitudeMode><coordinates>22.550540026277304,-33.470335034653544,451</coordinates></Point></Placemark><Placemark><TimeSpan><begin>2020-03-22T07:05:54Z</begin><end>2020-03-22T07:05:59Z</end></TimeSpan><styleUrl>#point</styleUrl><Point><altitudeMode>clampToGround</altitudeMode><coordinates>22.550646979361773,-33.471413031220436,449.55000000000001</coordinates></Point></Placemark><Placemark><TimeSpan><begin>2020-03-22T07:05:59Z</begin><end>2020-03-22T07:06:00Z</end></TimeSpan><styleUrl>#point</styleUrl><Point><altitudeMode>clampToGround</altitudeMode><coordinates>22.550609009340405,-33.471612017601728,448.58999999999997</coordinates></Point></Placemark><Placemark><TimeSpan><begin>2020-03-22T07:06:00Z</begin><end>2020-03-22T07:06:01Z</end></TimeSpan><styleUrl>#point</styleUrl><Point><altitudeMode>clampToGround</altitudeMode><coordinates>22.550545977428555,-33.471800023689866,447.14999999999998</coordinates></Point></Placemark><Placemark><TimeSpan><begin>2020-03-22T07:06:01Z</begin><end>2020-03-22T07:06:03Z</end></TimeSpan><styleUrl>#point</styleUrl><Point><altitudeMode>clampToGround</altitudeMode><coordinates>22.550375992432237,-33.472194978967309,446.67000000000002</coordinates></Point></Placemark></Folder><Placemark><name>[182] Meiringspoort</name><Style><LineStyle><color>ffff4040</color><width>4</width></LineStyle></Style><MultiGeometry><LineString><coordinates>22.54081760533154,-33.335490915924311,725.92999999999995 22.539359992370009,-33.337115999311209,719.20000000000005 22.538676029071212,-33.338349983096123,714.88 22.538105975836515,-33.340402962639928,711.02999999999997 22.538004973903298,-33.341669971123338,713.91999999999996 22.538054008036852,-33.341908017173409,713.91999999999996 22.538810977712274,-33.343326989561319,709.11000000000001 22.540145041421056,-33.344922987744212,703.34000000000003 22.540707970038056,-33.346105003729463,697.57000000000005 22.54073797725141,-33.347611986100674,694.69000000000005 22.540996978059411,-33.349479977041483,690.36000000000001 22.541914964094758,-33.351054014638066,690.36000000000001 22.542811995372176,-33.352035032585263,689.88 22.542912997305393,-33.352196970954537,689.88 22.54299002699554,-33.352358993142843,689.39999999999998 22.543047023937106,-33.352526966482401,688.91999999999996 22.543088011443615,-33.352693011984229,688.91999999999996 22.543121036142111,-33.352865008637309,688.44000000000005 22.543146014213562,-33.353031976148486,688.44000000000005 22.543327985331416,-33.354826960712671,687.48000000000002 22.543387999758124,-33.354978002607822,687.48000000000002 22.543467041105032,-33.355115968734026,687.96000000000004 22.543561002239585,-33.355246977880597,687.96000000000004 22.543664015829563,-33.355376981198788,688.44000000000005 22.543772980570793,-33.355502961203456,688.44000000000005 22.544507989659905,-33.35643301717937,686.51999999999998 22.544563980773091,-33.356581041589379,686.03999999999996 22.54460203461349,-33.356738034635782,686.51999999999998 22.544617960229516,-33.356898967176676,686.51999999999998 22.54460396245122,-33.357052020728588,686.51999999999998 22.544563980773091,-33.357200967147946,687 22.54449499770999,-33.357341028749943,687 22.54440899938345,-33.357476983219385,687 22.54430397413671,-33.357616038993001,686.51999999999998 22.544202972203493,-33.357749981805682,686.03999999999996 22.542633963748813,-33.359802039340138,680.26999999999998 22.542342022061348,-33.360251979902387,679.30999999999995 22.542275972664356,-33.360410984605551,679.30999999999995 22.542238002642989,-33.360574012622237,679.30999999999995 22.542227022349834,-33.360737962648273,679.78999999999996 22.542238002642989,-33.360898979008198,679.78999999999996 22.542269015684724,-33.361055972054601,680.26999999999998 22.542324000969529,-33.361212965101004,680.75 22.542400024831295,-33.361369036138058,681.23000000000002 22.542499015107751,-33.361513037234545,681.23000000000002 22.542622983455658,-33.361652009189129,681.71000000000004 22.542771007865667,-33.361781006678939,681.71000000000004 22.542933030053973,-33.36191201582551,681.71000000000004 22.544024018570781,-33.363087996840477,678.83000000000004 22.544734971597791,-33.36427696980536,676.90999999999997 22.545655975118279,-33.365138964727521,677.87 22.547347024083138,-33.36614303290844,680.75 22.549104960635304,-33.366759018972516,678.83000000000004 22.551430016756058,-33.36711198091507,676.41999999999996 22.553351987153292,-33.36734700948,674.01999999999998 22.555776033550501,-33.367631994187832,675.46000000000004 22.556165959686041,-33.36771204136312,674.98000000000002 22.556341979652643,-33.367770966142416,674.5 22.556511964648962,-33.367844978347421,674.01999999999998 22.556663006544113,-33.367931982502341,674.01999999999998 22.556800972670317,-33.3680360019207,673.53999999999996 22.556922007352114,-33.368154019117355,673.53999999999996 22.557026026770473,-33.368282010778785,673.05999999999995 22.557112025097013,-33.368414025753736,672.58000000000004 22.557178996503353,-33.368548974394798,672.10000000000002 22.557225013151765,-33.368685012683272,671.62 22.557255020365119,-33.368829013779759,671.13999999999999 22.557269018143415,-33.368976032361388,670.65999999999997 22.557264994829893,-33.369124978780746,670.17999999999995 22.557244040071964,-33.369271997362375,670.17999999999995 22.557202968746424,-33.369410969316959,669.70000000000005 22.557142032310367,-33.369554970413446,669.70000000000005 22.55706500262022,-33.369684973731637,669.22000000000003 22.556974980980158,-33.369808020070195,669.22000000000003 22.55686903372407,-33.36992603726685,668.73000000000002 22.556754034012556,-33.370030978694558,668.73000000000002 22.556632999330759,-33.370125023648143,668.73000000000002 22.556510036811233,-33.37020699866116,668.25 22.556384978815913,-33.370281010866165,667.76999999999998 22.555466992780566,-33.370947036892176,663.92999999999995 22.555403960868716,-33.37104300968349,663.92999999999995 22.555348975583911,-33.371143005788326,663.92999999999995 22.555302958935499,-33.371245013549924,663.45000000000005 22.555263983085752,-33.371350960806012,663.45000000000005 22.555230958387256,-33.371457997709513,663.45000000000005 22.554863998666406,-33.373145023360848,662.49000000000001 22.554862992838025,-33.373288018628955,662.49000000000001 22.554872967302799,-33.373435959219933,662.00999999999999 22.554901968687773,-33.373585995286703,662.00999999999999 22.554944967851043,-33.373735025525093,661.51999999999998 22.554992996156216,-33.373880032449961,661.51999999999998 22.555489037185907,-33.375086020678282,659.60000000000002 22.555576041340828,-33.375204959884286,659.60000000000002 22.55648497492075,-33.376714959740639,657.67999999999995 22.557636983692646,-33.378763999789953,656.24000000000001 22.558861998841166,-33.380213985219598,655.27999999999997 22.559230970218778,-33.381231967359781,651.42999999999995 22.559468010440469,-33.382753031328321,651.42999999999995 22.560061030089855,-33.385102981701493,650.47000000000003 22.560125989839435,-33.38625599630177,648.07000000000005 22.560079973191023,-33.386370996013284,648.07000000000005 22.559551997110248,-33.387291999533772,646.62 22.559477984905243,-33.38737296871841,646.13999999999999 22.559393998235464,-33.38745703920722,646.13999999999999 22.559299031272531,-33.387531973421574,646.13999999999999 22.559199035167694,-33.387612020596862,646.13999999999999 22.558551030233502,-33.388146031647921,645.65999999999997 22.55848397500813,-33.388261031359434,645.65999999999997 22.558414991945028,-33.388378964737058,645.65999999999997 22.558368975296617,-33.388502011075616,645.17999999999995 22.558327987790108,-33.388633020222187,645.17999999999995 22.558303009718657,-33.388765035197139,644.70000000000005 22.558282976970077,-33.388897972181439,644.70000000000005 22.558312984183431,-33.389034010469913,644.70000000000005 22.558364029973745,-33.389164013788104,645.17999999999995 22.558423960581422,-33.389283958822489,645.17999999999995 22.558537032455206,-33.389386972412467,644.70000000000005 22.558629987761378,-33.389481017366052,644.70000000000005 22.558727972209454,-33.38956399820745,644.70000000000005 22.558828974142671,-33.389643039554358,644.22000000000003 22.559017986059189,-33.389815036207438,644.22000000000003 22.559101972728968,-33.389911008998752,644.22000000000003 22.559170033782721,-33.390008993446827,643.74000000000001 22.559231976047158,-33.390108989551663,643.74000000000001 22.559278998523951,-33.39020999148488,643.74000000000001 22.559321997687221,-33.39031501673162,643.74000000000001 22.559354016557336,-33.390422975644469,643.74000000000001 22.559381006285548,-33.390539987012744,643.74000000000001 22.55940699018538,-33.390666972845793,643.74000000000001 22.559582004323602,-33.392276968806982,642.29999999999995 22.559202974662185,-33.393206018954515,640.38 22.559119993820786,-33.393309032544494,640.38 22.558047026395798,-33.394498005509377,638.92999999999995 22.55742902867496,-33.395496038720012,637.97000000000003 22.557335989549756,-33.395735006779432,637.97000000000003 22.557311011478305,-33.396934038028121,637.49000000000001 22.557918028905988,-33.398005999624729,637.00999999999999 22.558924024924636,-33.399212993681431,637.49000000000001 22.559963967651129,-33.400554014369845,637.49000000000001 22.560734013095498,-33.401796966791153,637.00999999999999 22.561155036091805,-33.403545012697577,632.67999999999995 22.561133997514844,-33.403708040714264,632.20000000000005 22.561093010008335,-33.40387400239706,631.72000000000003 22.561024026945233,-33.404043987393379,630.75999999999999 22.560956971719861,-33.404197040945292,629.32000000000005 22.560234032571316,-33.405127013102174,618.25999999999999 22.560010990127921,-33.405210999771953,617.77999999999997 22.559861037880182,-33.405320970341563,617.29999999999995 22.559360973536968,-33.405615007504821,615.38 22.559256032109261,-33.405748028308153,614.89999999999998 22.55914899520576,-33.405878031626344,613.94000000000005 22.559068026021123,-33.406019015237689,612.98000000000002 22.559008011594415,-33.406175002455711,612.98000000000002 22.558963000774384,-33.406334007158875,612.01999999999998 22.558923019096255,-33.406495023518801,611.53999999999996 22.558529991656542,-33.40750596486032,608.16999999999996 22.558413986116648,-33.407625993713737,608.16999999999996 22.558279959484935,-33.407729007303715,607.69000000000005 22.558115003630519,-33.407813999801874,607.21000000000004 22.557958010584116,-33.407892035320401,606.73000000000002 22.557798000052571,-33.407967975363135,606.25 22.555811991915107,-33.408860983327031,604.80999999999995 22.554985033348203,-33.409149991348386,603.85000000000002 22.554797027260065,-33.409174969419837,603.85000000000002 22.554612038657069,-33.409193996340036,603.85000000000002 22.553638983517885,-33.409397006034851,602.88 22.553504034876823,-33.409460037946701,602.88 22.553371014073491,-33.40954402461648,602.88 22.553254002705216,-33.409637985751033,603.36000000000001 22.553165992721915,-33.409795984625816,602.88 22.553078988566995,-33.409978961572051,602.88 22.552983015775681,-33.410122962668538,602.88 22.552881008014083,-33.410260006785393,602.88 22.552279019728303,-33.410808015614748,602.88 22.551419958472252,-33.411658024415374,602.88 22.55092098377645,-33.413415960967541,601.91999999999996 22.55094001069665,-33.415093012154102,602.88 22.550902040675282,-33.415254028514028,603.36000000000001 22.550839008763433,-33.415414039045572,603.36000000000001 22.550764996558428,-33.415570026263595,603.85000000000002 22.550673969089985,-33.415719978511333,603.85000000000002 22.550569027662277,-33.415866997092962,604.33000000000004 22.550462996587157,-33.416007980704308,604.80999999999995 22.550142975524068,-33.416397990658879,605.76999999999998 22.550020013004541,-33.416492035612464,606.25 22.549883974716067,-33.41657199896872,606.73000000000002 22.549737961962819,-33.4166369587183,607.21000000000004 22.549595972523093,-33.416698984801769,607.69000000000005 22.549464041367173,-33.416762016713619,608.16999999999996 22.549354992806911,-33.416841980069876,608.64999999999998 22.549277041107416,-33.416939964517951,609.13 22.549218032509089,-33.41704398393631,610.09000000000003 22.549172015860677,-33.417156971991062,610.57000000000005 22.549148965626955,-33.417274989187717,611.05999999999995 22.549149971455336,-33.417403986677527,612.01999999999998 22.549205040559173,-33.417534995824099,612.98000000000002 22.54926698282361,-33.41766701079905,613.46000000000004 22.549339989200234,-33.417782010510564,614.41999999999996 22.549430010840297,-33.41790396720171,614.89999999999998 22.549522966146469,-33.418029025197029,615.86000000000001 22.550773965194821,-33.419544976204634,624.99000000000001 22.550848983228207,-33.41966500505805,625.47000000000003 22.550912015140057,-33.419790985062718,625.96000000000004 22.550951996818185,-33.419927023351192,626.44000000000005 22.550964988768101,-33.420063983649015,626.91999999999996 22.550953002646565,-33.420198010280728,627.88 22.55092098377645,-33.420329019427299,628.36000000000001 22.550887037068605,-33.420462040230632,628.84000000000003 22.550760973244905,-33.421148015186191,630.75999999999999 22.550707999616861,-33.421251028776169,631.72000000000003 22.550642034038901,-33.421342978253961,632.20000000000005 22.550560981035233,-33.421440962702036,633.16999999999996 22.550459979102015,-33.421526039019227,633.64999999999998 22.550333999097347,-33.421610025689006,634.61000000000001 22.550205001607537,-33.421678002923727,635.57000000000005 22.550048008561134,-33.421721002086997,636.04999999999995 22.549909958615899,-33.421764001250267,636.52999999999997 22.549515003338456,-33.421899033710361,638.45000000000005 22.549281986430287,-33.421972962096334,639.40999999999997 22.549195988103747,-33.422101037576795,639.88999999999999 22.548848977312446,-33.422989016398787,644.70000000000005 22.54881695844233,-33.423123965039849,645.65999999999997 22.548808995634317,-33.423265032470226,646.62 22.548822993412614,-33.423410961404443,647.59000000000003 22.548851994797587,-33.423556974157691,648.54999999999995 22.54889901727438,-33.423699969425797,649.02999999999997 22.548960959538817,-33.423837013542652,649.99000000000001 22.549031032249331,-33.423968022689223,650.47000000000003 22.549110995605588,-33.424097020179033,650.95000000000005 22.549220966175199,-33.424359960481524,652.38999999999999 22.549254996702075,-33.424502033740282,652.87 22.549274023622274,-33.424648968502879,653.83000000000004 22.549383994191885,-33.425253974273801,655.75999999999999 22.549443002790213,-33.425403004512191,656.24000000000001 22.549520032480359,-33.425536025315523,656.72000000000003 22.549616005271673,-33.425648007541895,656.72000000000003 22.549866959452629,-33.426229963079095,643.25999999999999 22.550066029652953,-33.426532968878746,639.40999999999997 22.550201984122396,-33.426651991903782,637.49000000000001 22.551274029538035,-33.427266972139478,620.66999999999996 22.551409984007478,-33.427380966022611,619.71000000000004 22.551520960405469,-33.427515998482704,618.75 22.551623973995447,-33.427653964608908,617.77999999999997 22.551697986200452,-33.427791008725762,617.29999999999995 22.551753977313638,-33.427938027307391,616.82000000000005 22.551802005618811,-33.428084962069988,616.34000000000003 22.552111968398094,-33.429123982787132,611.05999999999995 22.552209030836821,-33.429177962243557,611.05999999999995 22.552310032770038,-33.429291034117341,610.57000000000005 22.552435006946325,-33.429387006908655,610.57000000000005 22.552572973072529,-33.429466970264912,610.09000000000003 22.552727032452822,-33.429533019661903,610.09000000000003 22.552882013842463,-33.429582975804806,609.61000000000001 22.55304797552526,-33.429620023816824,609.13 22.553218966349959,-33.429646007716656,608.64999999999998 22.553394986316562,-33.429653970524669,608.16999999999996 22.553574023768306,-33.429647013545036,607.69000000000005 22.553751971572638,-33.429619017988443,606.73000000000002 22.553918017074466,-33.429618012160063,605.76999999999998 22.55407802760601,-33.429628992453218,604.33000000000004 22.554243989288807,-33.429641984403133,603.36000000000001 22.554397964850068,-33.429696969687939,602.88 22.554540038108826,-33.429729994386435,601.91999999999996 22.554678004235029,-33.429738963022828,599.51999999999998 22.554822005331516,-33.429747009649873,598.55999999999995 22.554965000599623,-33.42971901409328,597.12 22.555122999474406,-33.429695963859558,596.63999999999999 22.55528099834919,-33.429666040465236,596.63999999999999 22.555589033290744,-33.429614994674921,595.19000000000005 22.556167971342802,-33.42959001660347,592.78999999999996 22.556297974660993,-33.429607031866908,591.83000000000004 22.556421020999551,-33.429637961089611,591.35000000000002 22.556534009054303,-33.429683977738023,590.87 22.556631993502378,-33.429748015478253,589.90999999999997 22.556711034849286,-33.429844994097948,589.90999999999997 22.556767025962472,-33.429953958839178,590.38999999999999 22.556808013468981,-33.43006401322782,589.90999999999997 22.556839026510715,-33.430182030424476,589.90999999999997 22.556991996243596,-33.43068796209991,590.38999999999999 22.557057961821556,-33.430805979296565,590.87 22.557141026481986,-33.430919973179698,590.38999999999999 22.5572369992733,-33.431031033396721,590.38999999999999 22.55734303034842,-33.431134968996048,590.38999999999999 22.557448977604508,-33.431227002292871,590.38999999999999 22.557581998407841,-33.431347031146288,590.38999999999999 22.55773002281785,-33.431453984230757,589.90999999999997 22.557877963408828,-33.431538976728916,589.42999999999995 22.558036968111992,-33.431607037782669,589.42999999999995 22.559307999908924,-33.432610016316175,586.05999999999995 22.559241028502584,-33.432778995484114,585.58000000000004 22.559159975498915,-33.432873040437698,585.58000000000004 22.559054028242826,-33.432946968823671,585.10000000000002 22.558928970247507,-33.433011006563902,585.10000000000002 22.55878496915102,-33.433066997677088,584.62 22.558642979711294,-33.433126006275415,584.62 22.558500990271568,-33.433183003216982,584.13999999999999 22.556594023481011,-33.434391003102064,578.85000000000002 22.556145004928112,-33.434955021366477,577.88999999999999 22.556159002706409,-33.435075972229242,577.88999999999999 22.556202001869678,-33.435200024396181,577.88999999999999 22.556276014074683,-33.435328016057611,577.88999999999999 22.556379027664661,-33.435453996062279,577.40999999999997 22.556819999590516,-33.436384974047542,577.40999999999997 22.557263989001513,-33.43816596083343,576.92999999999995 22.557351998984814,-33.438338963314891,576.92999999999995 22.557453000918031,-33.438502997159958,576.92999999999995 22.557548973709345,-33.438617996871471,576.92999999999995 22.557661961764097,-33.438675999641418,576.45000000000005 22.557800011709332,-33.438748000189662,576.92999999999995 22.557912999764085,-33.438812959939241,576.45000000000005 22.558068986982107,-33.438931982964277,576.45000000000005 22.558231009170413,-33.438984034582973,576.45000000000005 22.558417003601789,-33.43913096934557,576.45000000000005 22.558586988598108,-33.439180003479123,576.45000000000005 22.558754039928317,-33.439205987378955,576.45000000000005 22.559245973825455,-33.439262984320521,570.67999999999995 22.560555981472135,-33.439848041161895,558.17999999999995 22.560748010873795,-33.439888022840023,556.74000000000001 22.562426989898086,-33.440470984205604,548.57000000000005 22.563620992004871,-33.441181015223265,541.84000000000003 22.564757997170091,-33.441484021022916,534.14999999999998 22.566462960094213,-33.441663980484009,524.53999999999996 22.566759008914232,-33.441721983253956,523.09000000000003 22.566871996968985,-33.441792977973819,523.09000000000003 22.566979033872485,-33.441891968250275,525.01999999999998 22.567051034420729,-33.441986013203859,524.05999999999995 22.567108031362295,-33.442086009308696,523.09000000000003 22.567156981676817,-33.442216012626886,524.05999999999995 22.567180031910539,-33.442346015945077,524.05999999999995 22.567182965576649,-33.442485993728042,525.01999999999998 22.56714298389852,-33.442669976502657,525.01999999999998 22.567081041634083,-33.442852031439543,525.5 22.567014992237091,-33.443037020042539,523.09000000000003 22.566929999738932,-33.443240029737353,521.16999999999996 22.566845007240772,-33.443471034988761,518.76999999999998 22.566117038950324,-33.44476000405848,512.51999999999998 22.565888967365026,-33.444925965741277,510.60000000000002 22.565761981531978,-33.444998972117901,509.63999999999999 22.565615968778729,-33.445053035393357,509.16000000000003 22.565468028187752,-33.44510399736464,508.67000000000002 22.565306005999446,-33.445141967386007,507.70999999999998 22.565155969932675,-33.445168035104871,506.75 22.564998976886272,-33.445226037874818,506.75 22.564459014683962,-33.44533902592957,505.79000000000002 22.564273020252585,-33.44533802010119,505.31 22.564085014164448,-33.445332990959287,505.31 22.562560010701418,-33.445428041741252,503.38999999999999 22.562369992956519,-33.445395017042756,503.38999999999999 22.56217603571713,-33.445290997624397,504.82999999999998 22.561474973335862,-33.445194019004703,503.87 22.561290990561247,-33.445193013176322,503.87 22.561108013615012,-33.445225032046437,503.87 22.560943979769945,-33.445265013724566,503.87 22.560790004208684,-33.445312036201358,503.87 22.560638962313533,-33.445337014272809,506.75 22.560447016730905,-33.445337014272809,508.67000000000002 22.560379961505532,-33.445474980399013,510.12 22.560318019241095,-33.445600038394332,511.07999999999998 22.560289017856121,-33.445724006742239,512.51999999999998 22.560296980664134,-33.445873958989978,513.48000000000002 22.560315001755953,-33.446037992835045,514.44000000000005 22.560356995090842,-33.446225998923182,514.44000000000005 22.560412986204028,-33.446980034932494,510.12 22.560376022011042,-33.447246998548508,508.67000000000002 22.560306033119559,-33.447449002414942,506.75 22.560207964852452,-33.447612030431628,505.79000000000002 22.560108974575996,-33.447780003771186,504.35000000000002 22.559856008738279,-33.448284007608891,503.38999999999999 22.559209009632468,-33.449566019698977,494.25999999999999 22.558980016037822,-33.450792040675879,487.52999999999997 22.55921496078372,-33.452544026076794,486.07999999999998 22.560129007324576,-33.454244965687394,481.27999999999997 22.560710040852427,-33.455461012199521,473.58999999999997 22.56073703058064,-33.455641977488995,472.13999999999999 22.560735018923879,-33.455821014940739,471.66000000000003 22.560703000053763,-33.455999968573451,470.69999999999999 22.560636028647423,-33.456178000196815,470.22000000000003 22.56054500117898,-33.456357959657907,469.74000000000001 22.56043897010386,-33.456539008766413,469.25999999999999 22.559301964938641,-33.458388978615403,465.89999999999998 22.558528985828161,-33.459922028705478,463.97000000000003 22.55850400775671,-33.460135012865067,463.97000000000003 22.558500990271568,-33.460360988974571,463.49000000000001 22.558575002476573,-33.462046002969146,461.56999999999999 22.558334022760391,-33.463548040017486,463.97000000000003 22.55777201615274,-33.46501998603344,457.72000000000003 22.557658022269607,-33.465190976858139,456.75999999999999 22.556723020970821,-33.466041991487145,455.80000000000001 22.556298980489373,-33.466263022273779,456.27999999999997 22.556062024086714,-33.466349020600319,456.75999999999999 22.555814003571868,-33.466421021148562,456.75999999999999 22.553308987990022,-33.466930976137519,458.69 22.552056983113289,-33.467287039384246,456.27999999999997 22.551828995347023,-33.467406984418631,455.31999999999999 22.551615005359054,-33.467540005221963,454.83999999999997 22.551410989835858,-33.467695992439985,453.88 22.551218960434198,-33.467864971607924,453.88 22.551040006801486,-33.468053983524442,452.92000000000002 22.550886031240225,-33.468253975734115,452.44 22.550757033750415,-33.468464026227593,452.44 22.550646979361773,-33.468692013993859,451.95999999999998 22.550558969378471,-33.468917990103364,451.95999999999998 22.550495015457273,-33.469151007011533,451.48000000000002 22.550457967445254,-33.469393998384476,451.48000000000002 22.550442963838577,-33.469636989757419,451.48000000000002 22.550456961616874,-33.469876041635871,451 22.550491997972131,-33.470105035230517,451 22.550540026277304,-33.470335034653544,451 22.550646979361773,-33.471413031220436,449.55000000000001 22.550609009340405,-33.471612017601728,448.58999999999997 22.550545977428555,-33.471800023689866,447.14999999999998 22.550375992432237,-33.472194978967309,446.67000000000002 </coordinates></LineString></MultiGeometry></Placemark></Folder></Folder></Document></kml>