<?xml version="1.0" encoding="utf-8"?><kml xmlns="http://www.opengis.net/kml/2.2" xmlns:xsi="http://www.w3.org/2001/XMLSchema-instance" xmlns:kmlx="http://www.google.com/kml/ext/2.2" xmlns:atom="http://www.w3.org/2005/Atom" xmlns:gpxx="http://www.garmin.com/xmlschemas/GpxExtensions/v3"><Document><Style id="point"><IconStyle><scale>0.9</scale><Icon><href>http://maps.google.com/mapfiles/kml/shapes/placemark_circle.png</href></Icon></IconStyle></Style><Folder><name>Tracks</name><Folder><name>[418] Lenong Pass - Descend - 2026-04-26</name><Folder><name>Points</name><Style><ListStyle><listItemType>checkHideChildren</listItemType></ListStyle></Style><Placemark><TimeSpan><begin>2026-04-26T09:41:21Z</begin><end>2026-04-26T09:41:21Z</end></TimeSpan><Style><IconStyle><scale>0.9</scale><Icon><href>http://connect.garmin.com/image/main/icons/kml/grn-play.png</href></Icon></IconStyle></Style><Point><altitudeMode>clampToGround</altitudeMode><coordinates>27.613944886252284,-24.466039007529616,2042.9400000000001</coordinates></Point></Placemark><Placemark><TimeSpan><begin>2026-04-26T09:41:21Z</begin><end>2026-04-26T09:41:26Z</end></TimeSpan><styleUrl>#point</styleUrl><Point><altitudeMode>clampToGround</altitudeMode><coordinates>27.614014372229576,-24.46595560759306,2042.46</coordinates></Point></Placemark><Placemark><TimeSpan><begin>2026-04-26T09:41:26Z</begin><end>2026-04-26T09:41:31Z</end></TimeSpan><styleUrl>#point</styleUrl><Point><altitudeMode>clampToGround</altitudeMode><coordinates>27.614081092178822,-24.465789394453168,2041.5</coordinates></Point></Placemark><Placemark><TimeSpan><begin>2026-04-26T09:41:31Z</begin><end>2026-04-26T09:41:36Z</end></TimeSpan><styleUrl>#point</styleUrl><Point><altitudeMode>clampToGround</altitudeMode><coordinates>27.614154601469636,-24.465548079460859,2040.54</coordinates></Point></Placemark><Placemark><TimeSpan><begin>2026-04-26T09:41:36Z</begin><end>2026-04-26T09:41:41Z</end></TimeSpan><styleUrl>#point</styleUrl><Point><altitudeMode>clampToGround</altitudeMode><coordinates>27.614216292276978,-24.465321768075228,2038.6099999999999</coordinates></Point></Placemark><Placemark><TimeSpan><begin>2026-04-26T09:41:41Z</begin><end>2026-04-26T09:41:46Z</end></TimeSpan><styleUrl>#point</styleUrl><Point><altitudeMode>clampToGround</altitudeMode><coordinates>27.614295249804854,-24.465081375092268,2035.73</coordinates></Point></Placemark><Placemark><TimeSpan><begin>2026-04-26T09:41:46Z</begin><end>2026-04-26T09:41:51Z</end></TimeSpan><styleUrl>#point</styleUrl><Point><altitudeMode>clampToGround</altitudeMode><coordinates>27.614356856793165,-24.464844418689609,2033.3299999999999</coordinates></Point></Placemark><Placemark><TimeSpan><begin>2026-04-26T09:41:51Z</begin><end>2026-04-26T09:41:56Z</end></TimeSpan><styleUrl>#point</styleUrl><Point><altitudeMode>clampToGround</altitudeMode><coordinates>27.614402873441577,-24.46461190469563,2030.4400000000001</coordinates></Point></Placemark><Placemark><TimeSpan><begin>2026-04-26T09:41:56Z</begin><end>2026-04-26T09:42:01Z</end></TimeSpan><styleUrl>#point</styleUrl><Point><altitudeMode>clampToGround</altitudeMode><coordinates>27.614404549822211,-24.464393891394138,2028.04</coordinates></Point></Placemark><Placemark><TimeSpan><begin>2026-04-26T09:42:01Z</begin><end>2026-04-26T09:42:06Z</end></TimeSpan><styleUrl>#point</styleUrl><Point><altitudeMode>clampToGround</altitudeMode><coordinates>27.614371022209525,-24.46432557888329,2027.0799999999999</coordinates></Point></Placemark><Placemark><TimeSpan><begin>2026-04-26T09:42:06Z</begin><end>2026-04-26T09:42:11Z</end></TimeSpan><styleUrl>#point</styleUrl><Point><altitudeMode>clampToGround</altitudeMode><coordinates>27.614370435476303,-24.464326752349734,2027.0799999999999</coordinates></Point></Placemark><Placemark><TimeSpan><begin>2026-04-26T09:42:11Z</begin><end>2026-04-26T09:42:16Z</end></TimeSpan><styleUrl>#point</styleUrl><Point><altitudeMode>clampToGround</altitudeMode><coordinates>27.614353001117706,-24.464296493679285,2027.0799999999999</coordinates></Point></Placemark><Placemark><TimeSpan><begin>2026-04-26T09:42:16Z</begin><end>2026-04-26T09:42:21Z</end></TimeSpan><styleUrl>#point</styleUrl><Point><altitudeMode>clampToGround</altitudeMode><coordinates>27.614299776032567,-24.464217703789473,2026.5999999999999</coordinates></Point></Placemark><Placemark><TimeSpan><begin>2026-04-26T09:42:21Z</begin><end>2026-04-26T09:42:26Z</end></TimeSpan><styleUrl>#point</styleUrl><Point><altitudeMode>clampToGround</altitudeMode><coordinates>27.61422517709434,-24.464121395722032,2026.1199999999999</coordinates></Point></Placemark><Placemark><TimeSpan><begin>2026-04-26T09:42:26Z</begin><end>2026-04-26T09:42:31Z</end></TimeSpan><styleUrl>#point</styleUrl><Point><altitudeMode>clampToGround</altitudeMode><coordinates>27.614160133525729,-24.464048389345407,2025.6400000000001</coordinates></Point></Placemark><Placemark><TimeSpan><begin>2026-04-26T09:42:31Z</begin><end>2026-04-26T09:42:36Z</end></TimeSpan><styleUrl>#point</styleUrl><Point><altitudeMode>clampToGround</altitudeMode><coordinates>27.614159043878317,-24.464043360203505,2025.6400000000001</coordinates></Point></Placemark><Placemark><TimeSpan><begin>2026-04-26T09:42:36Z</begin><end>2026-04-26T09:42:41Z</end></TimeSpan><styleUrl>#point</styleUrl><Point><altitudeMode>clampToGround</altitudeMode><coordinates>27.614153092727065,-24.464036067947745,2025.6400000000001</coordinates></Point></Placemark><Placemark><TimeSpan><begin>2026-04-26T09:42:41Z</begin><end>2026-04-26T09:42:46Z</end></TimeSpan><styleUrl>#point</styleUrl><Point><altitudeMode>clampToGround</altitudeMode><coordinates>27.614085199311376,-24.463925929740071,2025.6400000000001</coordinates></Point></Placemark><Placemark><TimeSpan><begin>2026-04-26T09:42:46Z</begin><end>2026-04-26T09:42:51Z</end></TimeSpan><styleUrl>#point</styleUrl><Point><altitudeMode>clampToGround</altitudeMode><coordinates>27.613917980343103,-24.463733900338411,2025.1500000000001</coordinates></Point></Placemark><Placemark><TimeSpan><begin>2026-04-26T09:42:51Z</begin><end>2026-04-26T09:42:56Z</end></TimeSpan><styleUrl>#point</styleUrl><Point><altitudeMode>clampToGround</altitudeMode><coordinates>27.61375654488802,-24.463533237576485,2025.1500000000001</coordinates></Point></Placemark><Placemark><TimeSpan><begin>2026-04-26T09:42:56Z</begin><end>2026-04-26T09:43:01Z</end></TimeSpan><styleUrl>#point</styleUrl><Point><altitudeMode>clampToGround</altitudeMode><coordinates>27.613589577376842,-24.463317068293691,2025.1500000000001</coordinates></Point></Placemark><Placemark><TimeSpan><begin>2026-04-26T09:43:01Z</begin><end>2026-04-26T09:43:06Z</end></TimeSpan><styleUrl>#point</styleUrl><Point><altitudeMode>clampToGround</altitudeMode><coordinates>27.613457310944796,-24.463069718331099,2023.23</coordinates></Point></Placemark><Placemark><TimeSpan><begin>2026-04-26T09:43:06Z</begin><end>2026-04-26T09:43:11Z</end></TimeSpan><styleUrl>#point</styleUrl><Point><altitudeMode>clampToGround</altitudeMode><coordinates>27.613344406709075,-24.462824547663331,2019.8699999999999</coordinates></Point></Placemark><Placemark><TimeSpan><begin>2026-04-26T09:43:11Z</begin><end>2026-04-26T09:43:16Z</end></TimeSpan><styleUrl>#point</styleUrl><Point><altitudeMode>clampToGround</altitudeMode><coordinates>27.613227646797895,-24.462577616795897,2017.46</coordinates></Point></Placemark><Placemark><TimeSpan><begin>2026-04-26T09:43:16Z</begin><end>2026-04-26T09:43:21Z</end></TimeSpan><styleUrl>#point</styleUrl><Point><altitudeMode>clampToGround</altitudeMode><coordinates>27.613154472783208,-24.462354993447661,2015.0599999999999</coordinates></Point></Placemark><Placemark><TimeSpan><begin>2026-04-26T09:43:21Z</begin><end>2026-04-26T09:43:26Z</end></TimeSpan><styleUrl>#point</styleUrl><Point><altitudeMode>clampToGround</altitudeMode><coordinates>27.613162267953157,-24.462160533294082,2012.6600000000001</coordinates></Point></Placemark><Placemark><TimeSpan><begin>2026-04-26T09:43:26Z</begin><end>2026-04-26T09:43:31Z</end></TimeSpan><styleUrl>#point</styleUrl><Point><altitudeMode>clampToGround</altitudeMode><coordinates>27.613171990960836,-24.461965654045343,2010.73</coordinates></Point></Placemark><Placemark><TimeSpan><begin>2026-04-26T09:43:31Z</begin><end>2026-04-26T09:43:36Z</end></TimeSpan><styleUrl>#point</styleUrl><Point><altitudeMode>clampToGround</altitudeMode><coordinates>27.613177774474025,-24.461780916899443,2008.3299999999999</coordinates></Point></Placemark><Placemark><TimeSpan><begin>2026-04-26T09:43:36Z</begin><end>2026-04-26T09:43:41Z</end></TimeSpan><styleUrl>#point</styleUrl><Point><altitudeMode>clampToGround</altitudeMode><coordinates>27.613197891041636,-24.461622331291437,2005.9300000000001</coordinates></Point></Placemark><Placemark><TimeSpan><begin>2026-04-26T09:43:41Z</begin><end>2026-04-26T09:43:46Z</end></TimeSpan><styleUrl>#point</styleUrl><Point><altitudeMode>clampToGround</altitudeMode><coordinates>27.613210631534457,-24.461483359336853,2004.01</coordinates></Point></Placemark><Placemark><TimeSpan><begin>2026-04-26T09:43:46Z</begin><end>2026-04-26T09:43:51Z</end></TimeSpan><styleUrl>#point</styleUrl><Point><altitudeMode>clampToGround</altitudeMode><coordinates>27.613289756700397,-24.46135176345706,2001.5999999999999</coordinates></Point></Placemark><Placemark><TimeSpan><begin>2026-04-26T09:43:51Z</begin><end>2026-04-26T09:43:56Z</end></TimeSpan><styleUrl>#point</styleUrl><Point><altitudeMode>clampToGround</altitudeMode><coordinates>27.613427471369505,-24.461267525330186,2000.6400000000001</coordinates></Point></Placemark><Placemark><TimeSpan><begin>2026-04-26T09:43:56Z</begin><end>2026-04-26T09:44:01Z</end></TimeSpan><styleUrl>#point</styleUrl><Point><altitudeMode>clampToGround</altitudeMode><coordinates>27.613534005358815,-24.461177587509155,1999.6800000000001</coordinates></Point></Placemark><Placemark><TimeSpan><begin>2026-04-26T09:44:01Z</begin><end>2026-04-26T09:44:06Z</end></TimeSpan><styleUrl>#point</styleUrl><Point><altitudeMode>clampToGround</altitudeMode><coordinates>27.613500645384192,-24.461042555049062,1997.28</coordinates></Point></Placemark><Placemark><TimeSpan><begin>2026-04-26T09:44:06Z</begin><end>2026-04-26T09:44:11Z</end></TimeSpan><styleUrl>#point</styleUrl><Point><altitudeMode>clampToGround</altitudeMode><coordinates>27.613423531875014,-24.460900984704494,1994.3900000000001</coordinates></Point></Placemark><Placemark><TimeSpan><begin>2026-04-26T09:44:11Z</begin><end>2026-04-26T09:44:16Z</end></TimeSpan><styleUrl>#point</styleUrl><Point><altitudeMode>clampToGround</altitudeMode><coordinates>27.613335605710745,-24.460771568119526,1992.95</coordinates></Point></Placemark><Placemark><TimeSpan><begin>2026-04-26T09:44:16Z</begin><end>2026-04-26T09:44:21Z</end></TimeSpan><styleUrl>#point</styleUrl><Point><altitudeMode>clampToGround</altitudeMode><coordinates>27.613233765587211,-24.460680205374956,1991.03</coordinates></Point></Placemark><Placemark><TimeSpan><begin>2026-04-26T09:44:21Z</begin><end>2026-04-26T09:44:26Z</end></TimeSpan><styleUrl>#point</styleUrl><Point><altitudeMode>clampToGround</altitudeMode><coordinates>27.613122370094061,-24.460595967248082,1989.5899999999999</coordinates></Point></Placemark><Placemark><TimeSpan><begin>2026-04-26T09:44:26Z</begin><end>2026-04-26T09:44:31Z</end></TimeSpan><styleUrl>#point</styleUrl><Point><altitudeMode>clampToGround</altitudeMode><coordinates>27.612979207187891,-24.460491025820374,1988.1400000000001</coordinates></Point></Placemark><Placemark><TimeSpan><begin>2026-04-26T09:44:31Z</begin><end>2026-04-26T09:44:36Z</end></TimeSpan><styleUrl>#point</styleUrl><Point><altitudeMode>clampToGround</altitudeMode><coordinates>27.612875774502754,-24.460422461852431,1987.1800000000001</coordinates></Point></Placemark><Placemark><TimeSpan><begin>2026-04-26T09:44:36Z</begin><end>2026-04-26T09:44:41Z</end></TimeSpan><styleUrl>#point</styleUrl><Point><altitudeMode>clampToGround</altitudeMode><coordinates>27.612749878317118,-24.460342163220048,1986.22</coordinates></Point></Placemark><Placemark><TimeSpan><begin>2026-04-26T09:44:41Z</begin><end>2026-04-26T09:44:46Z</end></TimeSpan><styleUrl>#point</styleUrl><Point><altitudeMode>clampToGround</altitudeMode><coordinates>27.612640159204602,-24.460284663364291,1985.26</coordinates></Point></Placemark><Placemark><TimeSpan><begin>2026-04-26T09:44:46Z</begin><end>2026-04-26T09:44:51Z</end></TimeSpan><styleUrl>#point</styleUrl><Point><altitudeMode>clampToGround</altitudeMode><coordinates>27.612629933282733,-24.460277706384659,1984.78</coordinates></Point></Placemark><Placemark><TimeSpan><begin>2026-04-26T09:44:51Z</begin><end>2026-04-26T09:44:57Z</end></TimeSpan><styleUrl>#point</styleUrl><Point><altitudeMode>clampToGround</altitudeMode><coordinates>27.61265273205936,-24.460287597030401,1985.26</coordinates></Point></Placemark><Placemark><TimeSpan><begin>2026-04-26T09:44:57Z</begin><end>2026-04-26T09:45:02Z</end></TimeSpan><styleUrl>#point</styleUrl><Point><altitudeMode>clampToGround</altitudeMode><coordinates>27.612770413979888,-24.460350712761283,1985.74</coordinates></Point></Placemark><Placemark><TimeSpan><begin>2026-04-26T09:45:02Z</begin><end>2026-04-26T09:45:07Z</end></TimeSpan><styleUrl>#point</styleUrl><Point><altitudeMode>clampToGround</altitudeMode><coordinates>27.612929083406925,-24.460464371368289,1987.1800000000001</coordinates></Point></Placemark><Placemark><TimeSpan><begin>2026-04-26T09:45:07Z</begin><end>2026-04-26T09:45:12Z</end></TimeSpan><styleUrl>#point</styleUrl><Point><altitudeMode>clampToGround</altitudeMode><coordinates>27.612955318763852,-24.460492199286819,1988.1400000000001</coordinates></Point></Placemark><Placemark><TimeSpan><begin>2026-04-26T09:45:12Z</begin><end>2026-04-26T09:45:17Z</end></TimeSpan><styleUrl>#point</styleUrl><Point><altitudeMode>clampToGround</altitudeMode><coordinates>27.612853646278381,-24.46041994728148,1988.1400000000001</coordinates></Point></Placemark><Placemark><TimeSpan><begin>2026-04-26T09:45:17Z</begin><end>2026-04-26T09:45:22Z</end></TimeSpan><styleUrl>#point</styleUrl><Point><altitudeMode>clampToGround</altitudeMode><coordinates>27.612641081213951,-24.460280807688832,1986.22</coordinates></Point></Placemark><Placemark><TimeSpan><begin>2026-04-26T09:45:22Z</begin><end>2026-04-26T09:45:27Z</end></TimeSpan><styleUrl>#point</styleUrl><Point><altitudeMode>clampToGround</altitudeMode><coordinates>27.61251300573349,-24.46010185405612,1983.8199999999999</coordinates></Point></Placemark><Placemark><TimeSpan><begin>2026-04-26T09:45:27Z</begin><end>2026-04-26T09:45:32Z</end></TimeSpan><styleUrl>#point</styleUrl><Point><altitudeMode>clampToGround</altitudeMode><coordinates>27.612484004348516,-24.459856683388352,1980.9300000000001</coordinates></Point></Placemark><Placemark><TimeSpan><begin>2026-04-26T09:45:32Z</begin><end>2026-04-26T09:45:37Z</end></TimeSpan><styleUrl>#point</styleUrl><Point><altitudeMode>clampToGround</altitudeMode><coordinates>27.61253060773015,-24.459672868251801,1978.05</coordinates></Point></Placemark><Placemark><TimeSpan><begin>2026-04-26T09:45:37Z</begin><end>2026-04-26T09:45:42Z</end></TimeSpan><styleUrl>#point</styleUrl><Point><altitudeMode>clampToGround</altitudeMode><coordinates>27.6126938033849,-24.459533393383026,1975.1700000000001</coordinates></Point></Placemark><Placemark><TimeSpan><begin>2026-04-26T09:45:42Z</begin><end>2026-04-26T09:45:47Z</end></TimeSpan><styleUrl>#point</styleUrl><Point><altitudeMode>clampToGround</altitudeMode><coordinates>27.612730767577887,-24.459512690082192,1973.24</coordinates></Point></Placemark><Placemark><TimeSpan><begin>2026-04-26T09:45:47Z</begin><end>2026-04-26T09:45:52Z</end></TimeSpan><styleUrl>#point</styleUrl><Point><altitudeMode>clampToGround</altitudeMode><coordinates>27.612729594111443,-24.459513360634446,1972.76</coordinates></Point></Placemark><Placemark><TimeSpan><begin>2026-04-26T09:45:52Z</begin><end>2026-04-26T09:45:57Z</end></TimeSpan><styleUrl>#point</styleUrl><Point><altitudeMode>clampToGround</altitudeMode><coordinates>27.612767396494746,-24.459496345371008,1972.76</coordinates></Point></Placemark><Placemark><TimeSpan><begin>2026-04-26T09:45:57Z</begin><end>2026-04-26T09:46:02Z</end></TimeSpan><styleUrl>#point</styleUrl><Point><altitudeMode>clampToGround</altitudeMode><coordinates>27.612943332642317,-24.45941093377769,1971.3199999999999</coordinates></Point></Placemark><Placemark><TimeSpan><begin>2026-04-26T09:46:02Z</begin><end>2026-04-26T09:46:07Z</end></TimeSpan><styleUrl>#point</styleUrl><Point><altitudeMode>clampToGround</altitudeMode><coordinates>27.613134942948818,-24.459317391738296,1969.4000000000001</coordinates></Point></Placemark><Placemark><TimeSpan><begin>2026-04-26T09:46:07Z</begin><end>2026-04-26T09:46:12Z</end></TimeSpan><styleUrl>#point</styleUrl><Point><altitudeMode>clampToGround</altitudeMode><coordinates>27.613258408382535,-24.459176072850823,1966.03</coordinates></Point></Placemark><Placemark><TimeSpan><begin>2026-04-26T09:46:12Z</begin><end>2026-04-26T09:46:17Z</end></TimeSpan><styleUrl>#point</styleUrl><Point><altitudeMode>clampToGround</altitudeMode><coordinates>27.613241225481033,-24.458956886082888,1962.6700000000001</coordinates></Point></Placemark><Placemark><TimeSpan><begin>2026-04-26T09:46:17Z</begin><end>2026-04-26T09:46:22Z</end></TimeSpan><styleUrl>#point</styleUrl><Point><altitudeMode>clampToGround</altitudeMode><coordinates>27.61319755576551,-24.458684558048844,1959.3</coordinates></Point></Placemark><Placemark><TimeSpan><begin>2026-04-26T09:46:22Z</begin><end>2026-04-26T09:46:27Z</end></TimeSpan><styleUrl>#point</styleUrl><Point><altitudeMode>clampToGround</altitudeMode><coordinates>27.613166375085711,-24.458418851718307,1956.4200000000001</coordinates></Point></Placemark><Placemark><TimeSpan><begin>2026-04-26T09:46:27Z</begin><end>2026-04-26T09:46:32Z</end></TimeSpan><styleUrl>#point</styleUrl><Point><altitudeMode>clampToGround</altitudeMode><coordinates>27.61325865983963,-24.458202011883259,1953.0599999999999</coordinates></Point></Placemark><Placemark><TimeSpan><begin>2026-04-26T09:46:32Z</begin><end>2026-04-26T09:46:37Z</end></TimeSpan><styleUrl>#point</styleUrl><Point><altitudeMode>clampToGround</altitudeMode><coordinates>27.613530401140451,-24.458002606406808,1949.6900000000001</coordinates></Point></Placemark><Placemark><TimeSpan><begin>2026-04-26T09:46:37Z</begin><end>2026-04-26T09:46:42Z</end></TimeSpan><styleUrl>#point</styleUrl><Point><altitudeMode>clampToGround</altitudeMode><coordinates>27.613831646740437,-24.457796746864915,1944.8800000000001</coordinates></Point></Placemark><Placemark><TimeSpan><begin>2026-04-26T09:46:42Z</begin><end>2026-04-26T09:46:47Z</end></TimeSpan><styleUrl>#point</styleUrl><Point><altitudeMode>clampToGround</altitudeMode><coordinates>27.614104561507702,-24.457578230649233,1940.5599999999999</coordinates></Point></Placemark><Placemark><TimeSpan><begin>2026-04-26T09:46:47Z</begin><end>2026-04-26T09:46:52Z</end></TimeSpan><styleUrl>#point</styleUrl><Point><altitudeMode>clampToGround</altitudeMode><coordinates>27.614363143220544,-24.45737337693572,1936.23</coordinates></Point></Placemark><Placemark><TimeSpan><begin>2026-04-26T09:46:52Z</begin><end>2026-04-26T09:46:57Z</end></TimeSpan><styleUrl>#point</styleUrl><Point><altitudeMode>clampToGround</altitudeMode><coordinates>27.614647541195154,-24.457168942317367,1931.9100000000001</coordinates></Point></Placemark><Placemark><TimeSpan><begin>2026-04-26T09:46:57Z</begin><end>2026-04-26T09:47:02Z</end></TimeSpan><styleUrl>#point</styleUrl><Point><altitudeMode>clampToGround</altitudeMode><coordinates>27.614950966089964,-24.457079255953431,1929.02</coordinates></Point></Placemark><Placemark><TimeSpan><begin>2026-04-26T09:47:02Z</begin><end>2026-04-26T09:47:07Z</end></TimeSpan><styleUrl>#point</styleUrl><Point><altitudeMode>clampToGround</altitudeMode><coordinates>27.615326978266239,-24.457122171297669,1926.1400000000001</coordinates></Point></Placemark><Placemark><TimeSpan><begin>2026-04-26T09:47:07Z</begin><end>2026-04-26T09:47:12Z</end></TimeSpan><styleUrl>#point</styleUrl><Point><altitudeMode>clampToGround</altitudeMode><coordinates>27.615665188059211,-24.457199117168784,1922.77</coordinates></Point></Placemark><Placemark><TimeSpan><begin>2026-04-26T09:47:12Z</begin><end>2026-04-26T09:47:17Z</end></TimeSpan><styleUrl>#point</styleUrl><Point><altitudeMode>clampToGround</altitudeMode><coordinates>27.616003900766373,-24.457248486578465,1920.3699999999999</coordinates></Point></Placemark><Placemark><TimeSpan><begin>2026-04-26T09:47:17Z</begin><end>2026-04-26T09:47:22Z</end></TimeSpan><styleUrl>#point</styleUrl><Point><altitudeMode>clampToGround</altitudeMode><coordinates>27.616216214373708,-24.457200793549418,1918.45</coordinates></Point></Placemark><Placemark><TimeSpan><begin>2026-04-26T09:47:22Z</begin><end>2026-04-26T09:47:27Z</end></TimeSpan><styleUrl>#point</styleUrl><Point><altitudeMode>clampToGround</altitudeMode><coordinates>27.616136586293578,-24.457042040303349,1917.01</coordinates></Point></Placemark><Placemark><TimeSpan><begin>2026-04-26T09:47:27Z</begin><end>2026-04-26T09:47:32Z</end></TimeSpan><styleUrl>#point</styleUrl><Point><altitudeMode>clampToGround</altitudeMode><coordinates>27.615900803357363,-24.456913713365793,1915.5599999999999</coordinates></Point></Placemark><Placemark><TimeSpan><begin>2026-04-26T09:47:32Z</begin><end>2026-04-26T09:47:37Z</end></TimeSpan><styleUrl>#point</styleUrl><Point><altitudeMode>clampToGround</altitudeMode><coordinates>27.615621937438846,-24.45671372115612,1914.1199999999999</coordinates></Point></Placemark><Placemark><TimeSpan><begin>2026-04-26T09:47:37Z</begin><end>2026-04-26T09:47:42Z</end></TimeSpan><styleUrl>#point</styleUrl><Point><altitudeMode>clampToGround</altitudeMode><coordinates>27.615384897217155,-24.45651046000421,1911.72</coordinates></Point></Placemark><Placemark><TimeSpan><begin>2026-04-26T09:47:42Z</begin><end>2026-04-26T09:47:47Z</end></TimeSpan><styleUrl>#point</styleUrl><Point><altitudeMode>clampToGround</altitudeMode><coordinates>27.615222036838531,-24.456273084506392,1908.3499999999999</coordinates></Point></Placemark><Placemark><TimeSpan><begin>2026-04-26T09:47:47Z</begin><end>2026-04-26T09:47:52Z</end></TimeSpan><styleUrl>#point</styleUrl><Point><altitudeMode>clampToGround</altitudeMode><coordinates>27.61530552059412,-24.456056244671345,1904.99</coordinates></Point></Placemark><Placemark><TimeSpan><begin>2026-04-26T09:47:52Z</begin><end>2026-04-26T09:47:57Z</end></TimeSpan><styleUrl>#point</styleUrl><Point><altitudeMode>clampToGround</altitudeMode><coordinates>27.615565275773406,-24.4559670612216,1900.6600000000001</coordinates></Point></Placemark><Placemark><TimeSpan><begin>2026-04-26T09:47:57Z</begin><end>2026-04-26T09:48:02Z</end></TimeSpan><styleUrl>#point</styleUrl><Point><altitudeMode>clampToGround</altitudeMode><coordinates>27.615886386483908,-24.455906292423606,1897.3</coordinates></Point></Placemark><Placemark><TimeSpan><begin>2026-04-26T09:48:02Z</begin><end>2026-04-26T09:48:07Z</end></TimeSpan><styleUrl>#point</styleUrl><Point><altitudeMode>clampToGround</altitudeMode><coordinates>27.616186374798417,-24.455887516960502,1893.9300000000001</coordinates></Point></Placemark><Placemark><TimeSpan><begin>2026-04-26T09:48:07Z</begin><end>2026-04-26T09:48:12Z</end></TimeSpan><styleUrl>#point</styleUrl><Point><altitudeMode>clampToGround</altitudeMode><coordinates>27.616467671468854,-24.455958344042301,1891.53</coordinates></Point></Placemark><Placemark><TimeSpan><begin>2026-04-26T09:48:12Z</begin><end>2026-04-26T09:48:17Z</end></TimeSpan><styleUrl>#point</styleUrl><Point><altitudeMode>clampToGround</altitudeMode><coordinates>27.61665022931993,-24.455963708460331,1890.0899999999999</coordinates></Point></Placemark><Placemark><TimeSpan><begin>2026-04-26T09:48:17Z</begin><end>2026-04-26T09:48:22Z</end></TimeSpan><styleUrl>#point</styleUrl><Point><altitudeMode>clampToGround</altitudeMode><coordinates>27.61657252907753,-24.45582733489573,1888.1700000000001</coordinates></Point></Placemark><Placemark><TimeSpan><begin>2026-04-26T09:48:22Z</begin><end>2026-04-26T09:48:27Z</end></TimeSpan><styleUrl>#point</styleUrl><Point><altitudeMode>clampToGround</altitudeMode><coordinates>27.616340601816773,-24.45575013756752,1886.72</coordinates></Point></Placemark><Placemark><TimeSpan><begin>2026-04-26T09:48:27Z</begin><end>2026-04-26T09:48:32Z</end></TimeSpan><styleUrl>#point</styleUrl><Point><altitudeMode>clampToGround</altitudeMode><coordinates>27.616097526624799,-24.455617787316442,1884.8</coordinates></Point></Placemark><Placemark><TimeSpan><begin>2026-04-26T09:48:32Z</begin><end>2026-04-26T09:48:37Z</end></TimeSpan><styleUrl>#point</styleUrl><Point><altitudeMode>clampToGround</altitudeMode><coordinates>27.615881357342005,-24.455384016036987,1882.4000000000001</coordinates></Point></Placemark><Placemark><TimeSpan><begin>2026-04-26T09:48:37Z</begin><end>2026-04-26T09:48:42Z</end></TimeSpan><styleUrl>#point</styleUrl><Point><altitudeMode>clampToGround</altitudeMode><coordinates>27.615676000714302,-24.455168936401606,1880</coordinates></Point></Placemark><Placemark><TimeSpan><begin>2026-04-26T09:48:42Z</begin><end>2026-04-26T09:48:47Z</end></TimeSpan><styleUrl>#point</styleUrl><Point><altitudeMode>clampToGround</altitudeMode><coordinates>27.615406271070242,-24.455072544515133,1877.1099999999999</coordinates></Point></Placemark><Placemark><TimeSpan><begin>2026-04-26T09:48:47Z</begin><end>2026-04-26T09:48:52Z</end></TimeSpan><styleUrl>#point</styleUrl><Point><altitudeMode>clampToGround</altitudeMode><coordinates>27.61516772210598,-24.4550396874547,1874.23</coordinates></Point></Placemark><Placemark><TimeSpan><begin>2026-04-26T09:48:52Z</begin><end>2026-04-26T09:48:57Z</end></TimeSpan><styleUrl>#point</styleUrl><Point><altitudeMode>clampToGround</altitudeMode><coordinates>27.614953648298979,-24.45489895530045,1871.3399999999999</coordinates></Point></Placemark><Placemark><TimeSpan><begin>2026-04-26T09:48:57Z</begin><end>2026-04-26T09:49:02Z</end></TimeSpan><styleUrl>#point</styleUrl><Point><altitudeMode>clampToGround</altitudeMode><coordinates>27.61479590088129,-24.454618748277426,1868.9400000000001</coordinates></Point></Placemark><Placemark><TimeSpan><begin>2026-04-26T09:49:02Z</begin><end>2026-04-26T09:49:07Z</end></TimeSpan><styleUrl>#point</styleUrl><Point><altitudeMode>clampToGround</altitudeMode><coordinates>27.614633878692985,-24.454333931207657,1866.0599999999999</coordinates></Point></Placemark><Placemark><TimeSpan><begin>2026-04-26T09:49:07Z</begin><end>2026-04-26T09:49:12Z</end></TimeSpan><styleUrl>#point</styleUrl><Point><altitudeMode>clampToGround</altitudeMode><coordinates>27.614486943930387,-24.454060178250074,1863.1700000000001</coordinates></Point></Placemark><Placemark><TimeSpan><begin>2026-04-26T09:49:12Z</begin><end>2026-04-26T09:49:17Z</end></TimeSpan><styleUrl>#point</styleUrl><Point><altitudeMode>clampToGround</altitudeMode><coordinates>27.614353336393833,-24.453740157186985,1857.8900000000001</coordinates></Point></Placemark><Placemark><TimeSpan><begin>2026-04-26T09:49:17Z</begin><end>2026-04-26T09:49:22Z</end></TimeSpan><styleUrl>#point</styleUrl><Point><altitudeMode>clampToGround</altitudeMode><coordinates>27.614215118810534,-24.453418124467134,1853.0799999999999</coordinates></Point></Placemark><Placemark><TimeSpan><begin>2026-04-26T09:49:22Z</begin><end>2026-04-26T09:49:27Z</end></TimeSpan><styleUrl>#point</styleUrl><Point><altitudeMode>clampToGround</altitudeMode><coordinates>27.614051671698689,-24.453054768964648,1849.71</coordinates></Point></Placemark><Placemark><TimeSpan><begin>2026-04-26T09:49:27Z</begin><end>2026-04-26T09:49:32Z</end></TimeSpan><styleUrl>#point</styleUrl><Point><altitudeMode>clampToGround</altitudeMode><coordinates>27.613923512399197,-24.452664675191045,1848.27</coordinates></Point></Placemark><Placemark><TimeSpan><begin>2026-04-26T09:49:32Z</begin><end>2026-04-26T09:49:37Z</end></TimeSpan><styleUrl>#point</styleUrl><Point><altitudeMode>clampToGround</altitudeMode><coordinates>27.613858385011554,-24.452298553660512,1851.6400000000001</coordinates></Point></Placemark><Placemark><TimeSpan><begin>2026-04-26T09:49:37Z</begin><end>2026-04-26T09:49:42Z</end></TimeSpan><styleUrl>#point</styleUrl><Point><altitudeMode>clampToGround</altitudeMode><coordinates>27.613818570971489,-24.451933102682233,1852.5999999999999</coordinates></Point></Placemark><Placemark><TimeSpan><begin>2026-04-26T09:49:42Z</begin><end>2026-04-26T09:49:47Z</end></TimeSpan><styleUrl>#point</styleUrl><Point><altitudeMode>clampToGround</altitudeMode><coordinates>27.613781271502376,-24.451529514044523,1850.1900000000001</coordinates></Point></Placemark><Placemark><TimeSpan><begin>2026-04-26T09:49:47Z</begin><end>2026-04-26T09:49:52Z</end></TimeSpan><styleUrl>#point</styleUrl><Point><altitudeMode>clampToGround</altitudeMode><coordinates>27.613759394735098,-24.451118633151054,1847.79</coordinates></Point></Placemark><Placemark><TimeSpan><begin>2026-04-26T09:49:52Z</begin><end>2026-04-26T09:49:57Z</end></TimeSpan><styleUrl>#point</styleUrl><Point><altitudeMode>clampToGround</altitudeMode><coordinates>27.613747492432594,-24.450745806097984,1847.3099999999999</coordinates></Point></Placemark><Placemark><TimeSpan><begin>2026-04-26T09:49:57Z</begin><end>2026-04-26T09:50:02Z</end></TimeSpan><styleUrl>#point</styleUrl><Point><altitudeMode>clampToGround</altitudeMode><coordinates>27.613724777474999,-24.45038303732872,1846.8299999999999</coordinates></Point></Placemark><Placemark><TimeSpan><begin>2026-04-26T09:50:02Z</begin><end>2026-04-26T09:50:07Z</end></TimeSpan><styleUrl>#point</styleUrl><Point><altitudeMode>clampToGround</altitudeMode><coordinates>27.613678509369493,-24.450011048465967,1846.3499999999999</coordinates></Point></Placemark><Placemark><TimeSpan><begin>2026-04-26T09:50:07Z</begin><end>2026-04-26T09:50:12Z</end></TimeSpan><styleUrl>#point</styleUrl><Point><altitudeMode>clampToGround</altitudeMode><coordinates>27.61344775557518,-24.449703432619572,1848.27</coordinates></Point></Placemark><Placemark><TimeSpan><begin>2026-04-26T09:50:12Z</begin><end>2026-04-26T09:50:17Z</end></TimeSpan><styleUrl>#point</styleUrl><Point><altitudeMode>clampToGround</altitudeMode><coordinates>27.613178445026278,-24.449389781802893,1850.1900000000001</coordinates></Point></Placemark><Placemark><TimeSpan><begin>2026-04-26T09:50:17Z</begin><end>2026-04-26T09:50:22Z</end></TimeSpan><styleUrl>#point</styleUrl><Point><altitudeMode>clampToGround</altitudeMode><coordinates>27.612884994596243,-24.449121644720435,1850.1900000000001</coordinates></Point></Placemark><Placemark><TimeSpan><begin>2026-04-26T09:50:22Z</begin><end>2026-04-26T09:50:27Z</end></TimeSpan><styleUrl>#point</styleUrl><Point><altitudeMode>clampToGround</altitudeMode><coordinates>27.612580899149179,-24.44893280044198,1847.79</coordinates></Point></Placemark><Placemark><TimeSpan><begin>2026-04-26T09:50:27Z</begin><end>2026-04-26T09:50:32Z</end></TimeSpan><styleUrl>#point</styleUrl><Point><altitudeMode>clampToGround</altitudeMode><coordinates>27.612389205023646,-24.448786871507764,1844.4300000000001</coordinates></Point></Placemark><Placemark><TimeSpan><begin>2026-04-26T09:50:32Z</begin><end>2026-04-26T09:50:37Z</end></TimeSpan><styleUrl>#point</styleUrl><Point><altitudeMode>clampToGround</altitudeMode><coordinates>27.612413261085749,-24.448566762730479,1842.02</coordinates></Point></Placemark><Placemark><TimeSpan><begin>2026-04-26T09:50:37Z</begin><end>2026-04-26T09:50:42Z</end></TimeSpan><styleUrl>#point</styleUrl><Point><altitudeMode>clampToGround</altitudeMode><coordinates>27.612536391243339,-24.448325028643012,1840.5799999999999</coordinates></Point></Placemark><Placemark><TimeSpan><begin>2026-04-26T09:50:42Z</begin><end>2026-04-26T09:50:47Z</end></TimeSpan><styleUrl>#point</styleUrl><Point><altitudeMode>clampToGround</altitudeMode><coordinates>27.612702855840325,-24.448059657588601,1838.6600000000001</coordinates></Point></Placemark><Placemark><TimeSpan><begin>2026-04-26T09:50:47Z</begin><end>2026-04-26T09:50:52Z</end></TimeSpan><styleUrl>#point</styleUrl><Point><altitudeMode>clampToGround</altitudeMode><coordinates>27.612870577722788,-24.44777425378561,1837.7</coordinates></Point></Placemark><Placemark><TimeSpan><begin>2026-04-26T09:50:52Z</begin><end>2026-04-26T09:50:57Z</end></TimeSpan><styleUrl>#point</styleUrl><Point><altitudeMode>clampToGround</altitudeMode><coordinates>27.612974513322115,-24.447467559948564,1837.22</coordinates></Point></Placemark><Placemark><TimeSpan><begin>2026-04-26T09:50:57Z</begin><end>2026-04-26T09:51:02Z</end></TimeSpan><styleUrl>#point</styleUrl><Point><altitudeMode>clampToGround</altitudeMode><coordinates>27.612979710102081,-24.44726069457829,1836.26</coordinates></Point></Placemark><Placemark><TimeSpan><begin>2026-04-26T09:51:02Z</begin><end>2026-04-26T09:51:07Z</end></TimeSpan><styleUrl>#point</styleUrl><Point><altitudeMode>clampToGround</altitudeMode><coordinates>27.612942745909095,-24.447010410949588,1834.3299999999999</coordinates></Point></Placemark><Placemark><TimeSpan><begin>2026-04-26T09:51:07Z</begin><end>2026-04-26T09:51:12Z</end></TimeSpan><styleUrl>#point</styleUrl><Point><altitudeMode>clampToGround</altitudeMode><coordinates>27.612895974889398,-24.446739172562957,1831.45</coordinates></Point></Placemark><Placemark><TimeSpan><begin>2026-04-26T09:51:12Z</begin><end>2026-04-26T09:51:17Z</end></TimeSpan><styleUrl>#point</styleUrl><Point><altitudeMode>clampToGround</altitudeMode><coordinates>27.612845012918115,-24.44655460305512,1829.53</coordinates></Point></Placemark><Placemark><TimeSpan><begin>2026-04-26T09:51:17Z</begin><end>2026-04-26T09:51:22Z</end></TimeSpan><styleUrl>#point</styleUrl><Point><altitudeMode>clampToGround</altitudeMode><coordinates>27.612798744812608,-24.446482602506876,1829.05</coordinates></Point></Placemark><Placemark><TimeSpan><begin>2026-04-26T09:51:22Z</begin><end>2026-04-26T09:51:27Z</end></TimeSpan><styleUrl>#point</styleUrl><Point><altitudeMode>clampToGround</altitudeMode><coordinates>27.61274610646069,-24.446462318301201,1829.05</coordinates></Point></Placemark><Placemark><TimeSpan><begin>2026-04-26T09:51:27Z</begin><end>2026-04-26T09:51:32Z</end></TimeSpan><styleUrl>#point</styleUrl><Point><altitudeMode>clampToGround</altitudeMode><coordinates>27.612785082310438,-24.446482351049781,1829.53</coordinates></Point></Placemark><Placemark><TimeSpan><begin>2026-04-26T09:51:32Z</begin><end>2026-04-26T09:51:37Z</end></TimeSpan><styleUrl>#point</styleUrl><Point><altitudeMode>clampToGround</altitudeMode><coordinates>27.612821208313107,-24.446470364928246,1830.01</coordinates></Point></Placemark><Placemark><TimeSpan><begin>2026-04-26T09:51:37Z</begin><end>2026-04-26T09:51:42Z</end></TimeSpan><styleUrl>#point</styleUrl><Point><altitudeMode>clampToGround</altitudeMode><coordinates>27.612815760076046,-24.446463994681835,1830.01</coordinates></Point></Placemark><Placemark><TimeSpan><begin>2026-04-26T09:51:42Z</begin><end>2026-04-26T09:51:47Z</end></TimeSpan><styleUrl>#point</styleUrl><Point><altitudeMode>clampToGround</altitudeMode><coordinates>27.612810814753175,-24.446461228653789,1830.49</coordinates></Point></Placemark><Placemark><TimeSpan><begin>2026-04-26T09:51:47Z</begin><end>2026-04-26T09:51:52Z</end></TimeSpan><styleUrl>#point</styleUrl><Point><altitudeMode>clampToGround</altitudeMode><coordinates>27.612808551639318,-24.446458797901869,1830.49</coordinates></Point></Placemark><Placemark><TimeSpan><begin>2026-04-26T09:51:52Z</begin><end>2026-04-26T09:51:57Z</end></TimeSpan><styleUrl>#point</styleUrl><Point><altitudeMode>clampToGround</altitudeMode><coordinates>27.612809557467699,-24.446456115692854,1830.97</coordinates></Point></Placemark><Placemark><TimeSpan><begin>2026-04-26T09:51:57Z</begin><end>2026-04-26T09:52:02Z</end></TimeSpan><styleUrl>#point</styleUrl><Point><altitudeMode>clampToGround</altitudeMode><coordinates>27.612811233848333,-24.446454774588346,1831.45</coordinates></Point></Placemark><Placemark><TimeSpan><begin>2026-04-26T09:52:02Z</begin><end>2026-04-26T09:52:07Z</end></TimeSpan><styleUrl>#point</styleUrl><Point><altitudeMode>clampToGround</altitudeMode><coordinates>27.612811401486397,-24.446453433483839,1831.45</coordinates></Point></Placemark><Placemark><TimeSpan><begin>2026-04-26T09:52:07Z</begin><end>2026-04-26T09:52:12Z</end></TimeSpan><styleUrl>#point</styleUrl><Point><altitudeMode>clampToGround</altitudeMode><coordinates>27.612811317667365,-24.446452930569649,1830.97</coordinates></Point></Placemark><Placemark><TimeSpan><begin>2026-04-26T09:52:12Z</begin><end>2026-04-26T09:52:17Z</end></TimeSpan><styleUrl>#point</styleUrl><Point><altitudeMode>clampToGround</altitudeMode><coordinates>27.612811736762524,-24.446452595293522,1831.45</coordinates></Point></Placemark><Placemark><TimeSpan><begin>2026-04-26T09:52:17Z</begin><end>2026-04-26T09:52:22Z</end></TimeSpan><styleUrl>#point</styleUrl><Point><altitudeMode>clampToGround</altitudeMode><coordinates>27.612812072038651,-24.446452260017395,1831.45</coordinates></Point></Placemark><Placemark><TimeSpan><begin>2026-04-26T09:52:22Z</begin><end>2026-04-26T09:52:27Z</end></TimeSpan><styleUrl>#point</styleUrl><Point><altitudeMode>clampToGround</altitudeMode><coordinates>27.612814670428634,-24.446452427655458,1831.45</coordinates></Point></Placemark><Placemark><TimeSpan><begin>2026-04-26T09:52:27Z</begin><end>2026-04-26T09:52:32Z</end></TimeSpan><styleUrl>#point</styleUrl><Point><altitudeMode>clampToGround</altitudeMode><coordinates>27.612816011533141,-24.44645251147449,1831.45</coordinates></Point></Placemark><Placemark><TimeSpan><begin>2026-04-26T09:52:32Z</begin><end>2026-04-26T09:52:37Z</end></TimeSpan><styleUrl>#point</styleUrl><Point><altitudeMode>clampToGround</altitudeMode><coordinates>27.6128164306283,-24.446452260017395,1831.45</coordinates></Point></Placemark><Placemark><TimeSpan><begin>2026-04-26T09:52:37Z</begin><end>2026-04-26T09:52:42Z</end></TimeSpan><styleUrl>#point</styleUrl><Point><altitudeMode>clampToGround</altitudeMode><coordinates>27.61281693354249,-24.446451840922236,1831.45</coordinates></Point></Placemark><Placemark><TimeSpan><begin>2026-04-26T09:52:42Z</begin><end>2026-04-26T09:52:47Z</end></TimeSpan><styleUrl>#point</styleUrl><Point><altitudeMode>clampToGround</altitudeMode><coordinates>27.612819783389568,-24.446451002731919,1830.97</coordinates></Point></Placemark><Placemark><TimeSpan><begin>2026-04-26T09:52:47Z</begin><end>2026-04-26T09:52:52Z</end></TimeSpan><styleUrl>#point</styleUrl><Point><altitudeMode>clampToGround</altitudeMode><coordinates>27.612823806703091,-24.446449913084507,1830.97</coordinates></Point></Placemark><Placemark><TimeSpan><begin>2026-04-26T09:52:52Z</begin><end>2026-04-26T09:52:57Z</end></TimeSpan><styleUrl>#point</styleUrl><Point><altitudeMode>clampToGround</altitudeMode><coordinates>27.612823806703091,-24.446448655799031,1830.97</coordinates></Point></Placemark><Placemark><TimeSpan><begin>2026-04-26T09:52:57Z</begin><end>2026-04-26T09:53:02Z</end></TimeSpan><styleUrl>#point</styleUrl><Point><altitudeMode>clampToGround</altitudeMode><coordinates>27.61282573454082,-24.446447230875492,1830.97</coordinates></Point></Placemark><Placemark><TimeSpan><begin>2026-04-26T09:53:02Z</begin><end>2026-04-26T09:53:07Z</end></TimeSpan><styleUrl>#point</styleUrl><Point><altitudeMode>clampToGround</altitudeMode><coordinates>27.612826740369201,-24.44644664414227,1831.45</coordinates></Point></Placemark><Placemark><TimeSpan><begin>2026-04-26T09:53:07Z</begin><end>2026-04-26T09:53:12Z</end></TimeSpan><styleUrl>#point</styleUrl><Point><altitudeMode>clampToGround</altitudeMode><coordinates>27.612826321274042,-24.44644614122808,1831.45</coordinates></Point></Placemark><Placemark><TimeSpan><begin>2026-04-26T09:53:12Z</begin><end>2026-04-26T09:53:17Z</end></TimeSpan><styleUrl>#point</styleUrl><Point><altitudeMode>clampToGround</altitudeMode><coordinates>27.612825399264693,-24.446445889770985,1831.9300000000001</coordinates></Point></Placemark><Placemark><TimeSpan><begin>2026-04-26T09:53:17Z</begin><end>2026-04-26T09:53:22Z</end></TimeSpan><styleUrl>#point</styleUrl><Point><altitudeMode>clampToGround</altitudeMode><coordinates>27.61282280087471,-24.446446727961302,1831.9300000000001</coordinates></Point></Placemark><Placemark><TimeSpan><begin>2026-04-26T09:53:22Z</begin><end>2026-04-26T09:53:27Z</end></TimeSpan><styleUrl>#point</styleUrl><Point><altitudeMode>clampToGround</altitudeMode><coordinates>27.612819196656346,-24.446448655799031,1831.45</coordinates></Point></Placemark><Placemark><TimeSpan><begin>2026-04-26T09:53:27Z</begin><end>2026-04-26T09:53:32Z</end></TimeSpan><styleUrl>#point</styleUrl><Point><altitudeMode>clampToGround</altitudeMode><coordinates>27.612818190827966,-24.446450164541602,1831.45</coordinates></Point></Placemark><Placemark><TimeSpan><begin>2026-04-26T09:53:32Z</begin><end>2026-04-26T09:53:37Z</end></TimeSpan><styleUrl>#point</styleUrl><Point><altitudeMode>clampToGround</altitudeMode><coordinates>27.612817017361522,-24.446450918912888,1831.45</coordinates></Point></Placemark><Placemark><TimeSpan><begin>2026-04-26T09:53:37Z</begin><end>2026-04-26T09:53:42Z</end></TimeSpan><styleUrl>#point</styleUrl><Point><altitudeMode>clampToGround</altitudeMode><coordinates>27.612814754247665,-24.446451924741268,1831.45</coordinates></Point></Placemark><Placemark><TimeSpan><begin>2026-04-26T09:53:42Z</begin><end>2026-04-26T09:53:47Z</end></TimeSpan><styleUrl>#point</styleUrl><Point><altitudeMode>clampToGround</altitudeMode><coordinates>27.612813329324126,-24.44645301438868,1830.97</coordinates></Point></Placemark><Placemark><TimeSpan><begin>2026-04-26T09:53:47Z</begin><end>2026-04-26T09:53:52Z</end></TimeSpan><styleUrl>#point</styleUrl><Point><altitudeMode>clampToGround</altitudeMode><coordinates>27.612811988219619,-24.44645443931222,1830.49</coordinates></Point></Placemark><Placemark><TimeSpan><begin>2026-04-26T09:53:52Z</begin><end>2026-04-26T09:53:57Z</end></TimeSpan><styleUrl>#point</styleUrl><Point><altitudeMode>clampToGround</altitudeMode><coordinates>27.612809473648667,-24.4464554451406,1830.49</coordinates></Point></Placemark><Placemark><TimeSpan><begin>2026-04-26T09:53:57Z</begin><end>2026-04-26T09:54:02Z</end></TimeSpan><styleUrl>#point</styleUrl><Point><altitudeMode>clampToGround</altitudeMode><coordinates>27.612808970734477,-24.446455528959632,1830.97</coordinates></Point></Placemark><Placemark><TimeSpan><begin>2026-04-26T09:54:02Z</begin><end>2026-04-26T09:54:07Z</end></TimeSpan><styleUrl>#point</styleUrl><Point><altitudeMode>clampToGround</altitudeMode><coordinates>27.612809808924794,-24.4464554451406,1830.97</coordinates></Point></Placemark><Placemark><TimeSpan><begin>2026-04-26T09:54:07Z</begin><end>2026-04-26T09:54:12Z</end></TimeSpan><styleUrl>#point</styleUrl><Point><altitudeMode>clampToGround</altitudeMode><coordinates>27.612810730934143,-24.446454774588346,1830.97</coordinates></Point></Placemark><Placemark><TimeSpan><begin>2026-04-26T09:54:12Z</begin><end>2026-04-26T09:54:17Z</end></TimeSpan><styleUrl>#point</styleUrl><Point><altitudeMode>clampToGround</altitudeMode><coordinates>27.612809473648667,-24.44645494222641,1830.97</coordinates></Point></Placemark><Placemark><TimeSpan><begin>2026-04-26T09:54:17Z</begin><end>2026-04-26T09:54:22Z</end></TimeSpan><styleUrl>#point</styleUrl><Point><altitudeMode>clampToGround</altitudeMode><coordinates>27.612809222191572,-24.446454774588346,1830.49</coordinates></Point></Placemark><Placemark><TimeSpan><begin>2026-04-26T09:54:22Z</begin><end>2026-04-26T09:54:27Z</end></TimeSpan><styleUrl>#point</styleUrl><Point><altitudeMode>clampToGround</altitudeMode><coordinates>27.612807042896748,-24.446455780416727,1830.97</coordinates></Point></Placemark><Placemark><TimeSpan><begin>2026-04-26T09:54:27Z</begin><end>2026-04-26T09:54:32Z</end></TimeSpan><styleUrl>#point</styleUrl><Point><altitudeMode>clampToGround</altitudeMode><coordinates>27.612805869430304,-24.446456031873822,1830.97</coordinates></Point></Placemark><Placemark><TimeSpan><begin>2026-04-26T09:54:32Z</begin><end>2026-04-26T09:54:37Z</end></TimeSpan><styleUrl>#point</styleUrl><Point><altitudeMode>clampToGround</altitudeMode><coordinates>27.612804612144828,-24.446457205340266,1830.97</coordinates></Point></Placemark><Placemark><TimeSpan><begin>2026-04-26T09:54:37Z</begin><end>2026-04-26T09:54:42Z</end></TimeSpan><styleUrl>#point</styleUrl><Point><altitudeMode>clampToGround</altitudeMode><coordinates>27.612803773954511,-24.446457540616393,1830.97</coordinates></Point></Placemark><Placemark><TimeSpan><begin>2026-04-26T09:54:42Z</begin><end>2026-04-26T09:54:47Z</end></TimeSpan><styleUrl>#point</styleUrl><Point><altitudeMode>clampToGround</altitudeMode><coordinates>27.612800421193242,-24.446458630263805,1830.97</coordinates></Point></Placemark><Placemark><TimeSpan><begin>2026-04-26T09:54:47Z</begin><end>2026-04-26T09:54:52Z</end></TimeSpan><styleUrl>#point</styleUrl><Point><altitudeMode>clampToGround</altitudeMode><coordinates>27.612797822803259,-24.446458127349615,1831.45</coordinates></Point></Placemark><Placemark><TimeSpan><begin>2026-04-26T09:54:52Z</begin><end>2026-04-26T09:54:57Z</end></TimeSpan><styleUrl>#point</styleUrl><Point><altitudeMode>clampToGround</altitudeMode><coordinates>27.612800085917115,-24.446457792073488,1831.45</coordinates></Point></Placemark><Placemark><TimeSpan><begin>2026-04-26T09:54:57Z</begin><end>2026-04-26T09:55:02Z</end></TimeSpan><styleUrl>#point</styleUrl><Point><altitudeMode>clampToGround</altitudeMode><coordinates>27.612803690135479,-24.446456953883171,1831.45</coordinates></Point></Placemark><Placemark><TimeSpan><begin>2026-04-26T09:55:02Z</begin><end>2026-04-26T09:55:07Z</end></TimeSpan><styleUrl>#point</styleUrl><Point><altitudeMode>clampToGround</altitudeMode><coordinates>27.612810814753175,-24.446456534788013,1831.45</coordinates></Point></Placemark><Placemark><TimeSpan><begin>2026-04-26T09:55:07Z</begin><end>2026-04-26T09:55:12Z</end></TimeSpan><styleUrl>#point</styleUrl><Point><altitudeMode>clampToGround</altitudeMode><coordinates>27.612815173342824,-24.446455780416727,1831.9300000000001</coordinates></Point></Placemark><Placemark><TimeSpan><begin>2026-04-26T09:55:12Z</begin><end>2026-04-26T09:55:17Z</end></TimeSpan><styleUrl>#point</styleUrl><Point><altitudeMode>clampToGround</altitudeMode><coordinates>27.612822968512774,-24.446454606950283,1831.45</coordinates></Point></Placemark><Placemark><TimeSpan><begin>2026-04-26T09:55:17Z</begin><end>2026-04-26T09:55:22Z</end></TimeSpan><styleUrl>#point</styleUrl><Point><altitudeMode>clampToGround</altitudeMode><coordinates>27.612826153635979,-24.446454355493188,1831.45</coordinates></Point></Placemark><Placemark><TimeSpan><begin>2026-04-26T09:55:22Z</begin><end>2026-04-26T09:55:27Z</end></TimeSpan><styleUrl>#point</styleUrl><Point><altitudeMode>clampToGround</altitudeMode><coordinates>27.612828835844994,-24.446454104036093,1831.45</coordinates></Point></Placemark><Placemark><TimeSpan><begin>2026-04-26T09:55:27Z</begin><end>2026-04-26T09:55:32Z</end></TimeSpan><styleUrl>#point</styleUrl><Point><altitudeMode>clampToGround</altitudeMode><coordinates>27.612829925492406,-24.446453349664807,1831.45</coordinates></Point></Placemark><Placemark><TimeSpan><begin>2026-04-26T09:55:32Z</begin><end>2026-04-26T09:55:37Z</end></TimeSpan><styleUrl>#point</styleUrl><Point><altitudeMode>clampToGround</altitudeMode><coordinates>27.612831685692072,-24.446453182026744,1831.9300000000001</coordinates></Point></Placemark><Placemark><TimeSpan><begin>2026-04-26T09:55:37Z</begin><end>2026-04-26T09:55:42Z</end></TimeSpan><styleUrl>#point</styleUrl><Point><altitudeMode>clampToGround</altitudeMode><coordinates>27.61283403262496,-24.44645301438868,1831.45</coordinates></Point></Placemark><Placemark><TimeSpan><begin>2026-04-26T09:55:42Z</begin><end>2026-04-26T09:55:47Z</end></TimeSpan><styleUrl>#point</styleUrl><Point><altitudeMode>clampToGround</altitudeMode><coordinates>27.61283453553915,-24.446452260017395,1831.45</coordinates></Point></Placemark><Placemark><TimeSpan><begin>2026-04-26T09:55:47Z</begin><end>2026-04-26T09:55:52Z</end></TimeSpan><styleUrl>#point</styleUrl><Point><altitudeMode>clampToGround</altitudeMode><coordinates>27.612833362072706,-24.446451338008046,1831.45</coordinates></Point></Placemark><Placemark><TimeSpan><begin>2026-04-26T09:55:52Z</begin><end>2026-04-26T09:55:57Z</end></TimeSpan><styleUrl>#point</styleUrl><Point><altitudeMode>clampToGround</altitudeMode><coordinates>27.612831853330135,-24.446450415998697,1830.97</coordinates></Point></Placemark><Placemark><TimeSpan><begin>2026-04-26T09:55:57Z</begin><end>2026-04-26T09:56:02Z</end></TimeSpan><styleUrl>#point</styleUrl><Point><altitudeMode>clampToGround</altitudeMode><coordinates>27.612831434234977,-24.44645008072257,1830.49</coordinates></Point></Placemark><Placemark><TimeSpan><begin>2026-04-26T09:56:02Z</begin><end>2026-04-26T09:56:07Z</end></TimeSpan><styleUrl>#point</styleUrl><Point><altitudeMode>clampToGround</altitudeMode><coordinates>27.612830176949501,-24.446449158713222,1830.49</coordinates></Point></Placemark><Placemark><TimeSpan><begin>2026-04-26T09:56:07Z</begin><end>2026-04-26T09:56:12Z</end></TimeSpan><styleUrl>#point</styleUrl><Point><altitudeMode>clampToGround</altitudeMode><coordinates>27.612830260768533,-24.446447482332587,1830.49</coordinates></Point></Placemark><Placemark><TimeSpan><begin>2026-04-26T09:56:12Z</begin><end>2026-04-26T09:56:17Z</end></TimeSpan><styleUrl>#point</styleUrl><Point><altitudeMode>clampToGround</altitudeMode><coordinates>27.612829841673374,-24.446446057409048,1830.49</coordinates></Point></Placemark><Placemark><TimeSpan><begin>2026-04-26T09:56:17Z</begin><end>2026-04-26T09:56:22Z</end></TimeSpan><styleUrl>#point</styleUrl><Point><altitudeMode>clampToGround</altitudeMode><coordinates>27.612827997654676,-24.446446560323238,1830.97</coordinates></Point></Placemark><Placemark><TimeSpan><begin>2026-04-26T09:56:22Z</begin><end>2026-04-26T09:56:27Z</end></TimeSpan><styleUrl>#point</styleUrl><Point><altitudeMode>clampToGround</altitudeMode><coordinates>27.61282472871244,-24.446448152884841,1830.97</coordinates></Point></Placemark><Placemark><TimeSpan><begin>2026-04-26T09:56:27Z</begin><end>2026-04-26T09:56:32Z</end></TimeSpan><styleUrl>#point</styleUrl><Point><altitudeMode>clampToGround</altitudeMode><coordinates>27.612820956856012,-24.44645008072257,1830.97</coordinates></Point></Placemark><Placemark><TimeSpan><begin>2026-04-26T09:56:32Z</begin><end>2026-04-26T09:56:37Z</end></TimeSpan><styleUrl>#point</styleUrl><Point><altitudeMode>clampToGround</altitudeMode><coordinates>27.612818358466029,-24.446450499817729,1830.97</coordinates></Point></Placemark><Placemark><TimeSpan><begin>2026-04-26T09:56:37Z</begin><end>2026-04-26T09:56:42Z</end></TimeSpan><styleUrl>#point</styleUrl><Point><altitudeMode>clampToGround</altitudeMode><coordinates>27.612815424799919,-24.446451338008046,1830.97</coordinates></Point></Placemark><Placemark><TimeSpan><begin>2026-04-26T09:56:42Z</begin><end>2026-04-26T09:56:47Z</end></TimeSpan><styleUrl>#point</styleUrl><Point><altitudeMode>clampToGround</altitudeMode><coordinates>27.612815760076046,-24.446451254189014,1830.97</coordinates></Point></Placemark><Placemark><TimeSpan><begin>2026-04-26T09:56:47Z</begin><end>2026-04-26T09:56:52Z</end></TimeSpan><styleUrl>#point</styleUrl><Point><altitudeMode>clampToGround</altitudeMode><coordinates>27.612814670428634,-24.446451924741268,1830.49</coordinates></Point></Placemark><Placemark><TimeSpan><begin>2026-04-26T09:56:52Z</begin><end>2026-04-26T09:56:57Z</end></TimeSpan><styleUrl>#point</styleUrl><Point><altitudeMode>clampToGround</altitudeMode><coordinates>27.61281399987638,-24.44645301438868,1830.49</coordinates></Point></Placemark><Placemark><TimeSpan><begin>2026-04-26T09:56:57Z</begin><end>2026-04-26T09:57:02Z</end></TimeSpan><styleUrl>#point</styleUrl><Point><altitudeMode>clampToGround</altitudeMode><coordinates>27.612812742590904,-24.446454355493188,1830.49</coordinates></Point></Placemark><Placemark><TimeSpan><begin>2026-04-26T09:57:02Z</begin><end>2026-04-26T09:57:07Z</end></TimeSpan><styleUrl>#point</styleUrl><Point><altitudeMode>clampToGround</altitudeMode><coordinates>27.612812910228968,-24.446455109864473,1830.49</coordinates></Point></Placemark><Placemark><TimeSpan><begin>2026-04-26T09:57:07Z</begin><end>2026-04-26T09:57:12Z</end></TimeSpan><styleUrl>#point</styleUrl><Point><altitudeMode>clampToGround</altitudeMode><coordinates>27.612813329324126,-24.446455612778664,1830.49</coordinates></Point></Placemark><Placemark><TimeSpan><begin>2026-04-26T09:57:12Z</begin><end>2026-04-26T09:57:17Z</end></TimeSpan><styleUrl>#point</styleUrl><Point><altitudeMode>clampToGround</altitudeMode><coordinates>27.61281399987638,-24.446457121521235,1830.49</coordinates></Point></Placemark><Placemark><TimeSpan><begin>2026-04-26T09:57:17Z</begin><end>2026-04-26T09:57:22Z</end></TimeSpan><styleUrl>#point</styleUrl><Point><altitudeMode>clampToGround</altitudeMode><coordinates>27.612814754247665,-24.446458043530583,1830.49</coordinates></Point></Placemark><Placemark><TimeSpan><begin>2026-04-26T09:57:22Z</begin><end>2026-04-26T09:57:27Z</end></TimeSpan><styleUrl>#point</styleUrl><Point><altitudeMode>clampToGround</altitudeMode><coordinates>27.612816514447331,-24.446456534788013,1831.45</coordinates></Point></Placemark><Placemark><TimeSpan><begin>2026-04-26T09:57:27Z</begin><end>2026-04-26T09:57:32Z</end></TimeSpan><styleUrl>#point</styleUrl><Point><altitudeMode>clampToGround</altitudeMode><coordinates>27.612819783389568,-24.446458630263805,1831.45</coordinates></Point></Placemark><Placemark><TimeSpan><begin>2026-04-26T09:57:32Z</begin><end>2026-04-26T09:57:37Z</end></TimeSpan><styleUrl>#point</styleUrl><Point><altitudeMode>clampToGround</altitudeMode><coordinates>27.612819699570537,-24.446459803730249,1831.45</coordinates></Point></Placemark><Placemark><TimeSpan><begin>2026-04-26T09:57:37Z</begin><end>2026-04-26T09:57:42Z</end></TimeSpan><styleUrl>#point</styleUrl><Point><altitudeMode>clampToGround</altitudeMode><coordinates>27.612821292132139,-24.446460139006376,1830.97</coordinates></Point></Placemark><Placemark><TimeSpan><begin>2026-04-26T09:57:42Z</begin><end>2026-04-26T09:57:47Z</end></TimeSpan><styleUrl>#point</styleUrl><Point><altitudeMode>clampToGround</altitudeMode><coordinates>27.612824225798249,-24.446460139006376,1830.97</coordinates></Point></Placemark><Placemark><TimeSpan><begin>2026-04-26T09:57:47Z</begin><end>2026-04-26T09:57:52Z</end></TimeSpan><styleUrl>#point</styleUrl><Point><altitudeMode>clampToGround</altitudeMode><coordinates>27.612824141979218,-24.446458797901869,1831.45</coordinates></Point></Placemark><Placemark><TimeSpan><begin>2026-04-26T09:57:52Z</begin><end>2026-04-26T09:57:57Z</end></TimeSpan><styleUrl>#point</styleUrl><Point><altitudeMode>clampToGround</altitudeMode><coordinates>27.612824477255344,-24.446458714082837,1831.45</coordinates></Point></Placemark><Placemark><TimeSpan><begin>2026-04-26T09:57:57Z</begin><end>2026-04-26T09:58:02Z</end></TimeSpan><styleUrl>#point</styleUrl><Point><altitudeMode>clampToGround</altitudeMode><coordinates>27.612823806703091,-24.446458965539932,1831.45</coordinates></Point></Placemark><Placemark><TimeSpan><begin>2026-04-26T09:58:02Z</begin><end>2026-04-26T09:58:07Z</end></TimeSpan><styleUrl>#point</styleUrl><Point><altitudeMode>clampToGround</altitudeMode><coordinates>27.612786758691072,-24.446466425433755,1831.45</coordinates></Point></Placemark><Placemark><TimeSpan><begin>2026-04-26T09:58:07Z</begin><end>2026-04-26T09:58:12Z</end></TimeSpan><styleUrl>#point</styleUrl><Point><altitudeMode>clampToGround</altitudeMode><coordinates>27.612631106749177,-24.446398029103875,1831.9300000000001</coordinates></Point></Placemark><Placemark><TimeSpan><begin>2026-04-26T09:58:12Z</begin><end>2026-04-26T09:58:17Z</end></TimeSpan><styleUrl>#point</styleUrl><Point><altitudeMode>clampToGround</altitudeMode><coordinates>27.61245584115386,-24.446306247264147,1831.9300000000001</coordinates></Point></Placemark><Placemark><TimeSpan><begin>2026-04-26T09:58:17Z</begin><end>2026-04-26T09:58:22Z</end></TimeSpan><styleUrl>#point</styleUrl><Point><altitudeMode>clampToGround</altitudeMode><coordinates>27.612331621348858,-24.446344636380672,1830.49</coordinates></Point></Placemark><Placemark><TimeSpan><begin>2026-04-26T09:58:22Z</begin><end>2026-04-26T09:58:27Z</end></TimeSpan><styleUrl>#point</styleUrl><Point><altitudeMode>clampToGround</altitudeMode><coordinates>27.612283760681748,-24.446486039087176,1829.05</coordinates></Point></Placemark><Placemark><TimeSpan><begin>2026-04-26T09:58:27Z</begin><end>2026-04-26T09:58:32Z</end></TimeSpan><styleUrl>#point</styleUrl><Point><altitudeMode>clampToGround</altitudeMode><coordinates>27.612329944968224,-24.446644373238087,1827.1199999999999</coordinates></Point></Placemark><Placemark><TimeSpan><begin>2026-04-26T09:58:32Z</begin><end>2026-04-26T09:58:37Z</end></TimeSpan><styleUrl>#point</styleUrl><Point><altitudeMode>clampToGround</altitudeMode><coordinates>27.612372608855367,-24.446805976331234,1824.72</coordinates></Point></Placemark><Placemark><TimeSpan><begin>2026-04-26T09:58:37Z</begin><end>2026-04-26T09:58:42Z</end></TimeSpan><styleUrl>#point</styleUrl><Point><altitudeMode>clampToGround</altitudeMode><coordinates>27.612248556688428,-24.446965316310525,1822.8</coordinates></Point></Placemark><Placemark><TimeSpan><begin>2026-04-26T09:58:42Z</begin><end>2026-04-26T09:58:47Z</end></TimeSpan><styleUrl>#point</styleUrl><Point><altitudeMode>clampToGround</altitudeMode><coordinates>27.612094916403294,-24.447130439803004,1820.8699999999999</coordinates></Point></Placemark><Placemark><TimeSpan><begin>2026-04-26T09:58:47Z</begin><end>2026-04-26T09:58:52Z</end></TimeSpan><styleUrl>#point</styleUrl><Point><altitudeMode>clampToGround</altitudeMode><coordinates>27.611937336623669,-24.447312913835049,1817.03</coordinates></Point></Placemark><Placemark><TimeSpan><begin>2026-04-26T09:58:52Z</begin><end>2026-04-26T09:58:57Z</end></TimeSpan><styleUrl>#point</styleUrl><Point><altitudeMode>clampToGround</altitudeMode><coordinates>27.611818900331855,-24.447505697607994,1813.6600000000001</coordinates></Point></Placemark><Placemark><TimeSpan><begin>2026-04-26T09:58:57Z</begin><end>2026-04-26T09:59:02Z</end></TimeSpan><styleUrl>#point</styleUrl><Point><altitudeMode>clampToGround</altitudeMode><coordinates>27.611754024401307,-24.447725554928184,1810.78</coordinates></Point></Placemark><Placemark><TimeSpan><begin>2026-04-26T09:59:02Z</begin><end>2026-04-26T09:59:07Z</end></TimeSpan><styleUrl>#point</styleUrl><Point><altitudeMode>clampToGround</altitudeMode><coordinates>27.611669450998306,-24.447963265702128,1807.4200000000001</coordinates></Point></Placemark><Placemark><TimeSpan><begin>2026-04-26T09:59:07Z</begin><end>2026-04-26T09:59:12Z</end></TimeSpan><styleUrl>#point</styleUrl><Point><altitudeMode>clampToGround</altitudeMode><coordinates>27.611649166792631,-24.448177255690098,1804.05</coordinates></Point></Placemark><Placemark><TimeSpan><begin>2026-04-26T09:59:12Z</begin><end>2026-04-26T09:59:17Z</end></TimeSpan><styleUrl>#point</styleUrl><Point><altitudeMode>clampToGround</altitudeMode><coordinates>27.611570293083787,-24.448366854339838,1801.6500000000001</coordinates></Point></Placemark><Placemark><TimeSpan><begin>2026-04-26T09:59:17Z</begin><end>2026-04-26T09:59:22Z</end></TimeSpan><styleUrl>#point</styleUrl><Point><altitudeMode>clampToGround</altitudeMode><coordinates>27.611456885933876,-24.448562739416957,1799.24</coordinates></Point></Placemark><Placemark><TimeSpan><begin>2026-04-26T09:59:22Z</begin><end>2026-04-26T09:59:27Z</end></TimeSpan><styleUrl>#point</styleUrl><Point><altitudeMode>clampToGround</altitudeMode><coordinates>27.611345993354917,-24.44878083653748,1796.8399999999999</coordinates></Point></Placemark><Placemark><TimeSpan><begin>2026-04-26T09:59:27Z</begin><end>2026-04-26T09:59:32Z</end></TimeSpan><styleUrl>#point</styleUrl><Point><altitudeMode>clampToGround</altitudeMode><coordinates>27.611276339739561,-24.449004214257002,1793.96</coordinates></Point></Placemark><Placemark><TimeSpan><begin>2026-04-26T09:59:32Z</begin><end>2026-04-26T09:59:37Z</end></TimeSpan><styleUrl>#point</styleUrl><Point><altitudeMode>clampToGround</altitudeMode><coordinates>27.611274747177958,-24.449191214516759,1791.55</coordinates></Point></Placemark><Placemark><TimeSpan><begin>2026-04-26T09:59:37Z</begin><end>2026-04-26T09:59:42Z</end></TimeSpan><styleUrl>#point</styleUrl><Point><altitudeMode>clampToGround</altitudeMode><coordinates>27.611277429386973,-24.449400091543794,1789.1500000000001</coordinates></Point></Placemark><Placemark><TimeSpan><begin>2026-04-26T09:59:42Z</begin><end>2026-04-26T09:59:47Z</end></TimeSpan><styleUrl>#point</styleUrl><Point><altitudeMode>clampToGround</altitudeMode><coordinates>27.611279105767608,-24.449649453163147,1786.27</coordinates></Point></Placemark><Placemark><TimeSpan><begin>2026-04-26T09:59:47Z</begin><end>2026-04-26T09:59:52Z</end></TimeSpan><styleUrl>#point</styleUrl><Point><altitudeMode>clampToGround</altitudeMode><coordinates>27.611255720257759,-24.449908286333084,1782.4200000000001</coordinates></Point></Placemark><Placemark><TimeSpan><begin>2026-04-26T09:59:52Z</begin><end>2026-04-26T09:59:57Z</end></TimeSpan><styleUrl>#point</styleUrl><Point><altitudeMode>clampToGround</altitudeMode><coordinates>27.611244739964604,-24.450020687654614,1780.5</coordinates></Point></Placemark><Placemark><TimeSpan><begin>2026-04-26T09:59:57Z</begin><end>2026-04-26T10:00:02Z</end></TimeSpan><styleUrl>#point</styleUrl><Point><altitudeMode>clampToGround</altitudeMode><coordinates>27.611233256757259,-24.450050359591842,1779.54</coordinates></Point></Placemark><Placemark><TimeSpan><begin>2026-04-26T10:00:02Z</begin><end>2026-04-26T10:00:07Z</end></TimeSpan><styleUrl>#point</styleUrl><Point><altitudeMode>clampToGround</altitudeMode><coordinates>27.611166117712855,-24.45021933875978,1779.0599999999999</coordinates></Point></Placemark><Placemark><TimeSpan><begin>2026-04-26T10:00:07Z</begin><end>2026-04-26T10:00:12Z</end></TimeSpan><styleUrl>#point</styleUrl><Point><altitudeMode>clampToGround</altitudeMode><coordinates>27.611085399985313,-24.450495773926377,1777.1300000000001</coordinates></Point></Placemark><Placemark><TimeSpan><begin>2026-04-26T10:00:12Z</begin><end>2026-04-26T10:00:17Z</end></TimeSpan><styleUrl>#point</styleUrl><Point><altitudeMode>clampToGround</altitudeMode><coordinates>27.610986493527889,-24.450786542147398,1774.25</coordinates></Point></Placemark><Placemark><TimeSpan><begin>2026-04-26T10:00:17Z</begin><end>2026-04-26T10:00:22Z</end></TimeSpan><styleUrl>#point</styleUrl><Point><altitudeMode>clampToGround</altitudeMode><coordinates>27.610887587070465,-24.451074125245214,1770.8900000000001</coordinates></Point></Placemark><Placemark><TimeSpan><begin>2026-04-26T10:00:22Z</begin><end>2026-04-26T10:00:27Z</end></TimeSpan><styleUrl>#point</styleUrl><Point><altitudeMode>clampToGround</altitudeMode><coordinates>27.610766300931573,-24.451334634795785,1766.5599999999999</coordinates></Point></Placemark><Placemark><TimeSpan><begin>2026-04-26T10:00:27Z</begin><end>2026-04-26T10:00:32Z</end></TimeSpan><styleUrl>#point</styleUrl><Point><altitudeMode>clampToGround</altitudeMode><coordinates>27.610629759728909,-24.45158994756639,1762.71</coordinates></Point></Placemark><Placemark><TimeSpan><begin>2026-04-26T10:00:32Z</begin><end>2026-04-26T10:00:37Z</end></TimeSpan><styleUrl>#point</styleUrl><Point><altitudeMode>clampToGround</altitudeMode><coordinates>27.610500007867813,-24.45187627337873,1758.3900000000001</coordinates></Point></Placemark><Placemark><TimeSpan><begin>2026-04-26T10:00:37Z</begin><end>2026-04-26T10:00:42Z</end></TimeSpan><styleUrl>#point</styleUrl><Point><altitudeMode>clampToGround</altitudeMode><coordinates>27.610386600717902,-24.452109122648835,1755.5</coordinates></Point></Placemark><Placemark><TimeSpan><begin>2026-04-26T10:00:42Z</begin><end>2026-04-26T10:00:47Z</end></TimeSpan><styleUrl>#point</styleUrl><Point><altitudeMode>clampToGround</altitudeMode><coordinates>27.610284760594368,-24.45229017175734,1752.6199999999999</coordinates></Point></Placemark><Placemark><TimeSpan><begin>2026-04-26T10:00:47Z</begin><end>2026-04-26T10:00:52Z</end></TimeSpan><styleUrl>#point</styleUrl><Point><altitudeMode>clampToGround</altitudeMode><coordinates>27.610189290717244,-24.452415145933628,1749.74</coordinates></Point></Placemark><Placemark><TimeSpan><begin>2026-04-26T10:00:52Z</begin><end>2026-04-26T10:00:57Z</end></TimeSpan><styleUrl>#point</styleUrl><Point><altitudeMode>clampToGround</altitudeMode><coordinates>27.61014754883945,-24.452576162293553,1746.8499999999999</coordinates></Point></Placemark><Placemark><TimeSpan><begin>2026-04-26T10:00:57Z</begin><end>2026-04-26T10:01:02Z</end></TimeSpan><styleUrl>#point</styleUrl><Point><altitudeMode>clampToGround</altitudeMode><coordinates>27.610165067017078,-24.452788811177015,1743.97</coordinates></Point></Placemark><Placemark><TimeSpan><begin>2026-04-26T10:01:02Z</begin><end>2026-04-26T10:01:07Z</end></TimeSpan><styleUrl>#point</styleUrl><Point><altitudeMode>clampToGround</altitudeMode><coordinates>27.610164061188698,-24.452981008216739,1740.5999999999999</coordinates></Point></Placemark><Placemark><TimeSpan><begin>2026-04-26T10:01:07Z</begin><end>2026-04-26T10:01:12Z</end></TimeSpan><styleUrl>#point</styleUrl><Point><altitudeMode>clampToGround</altitudeMode><coordinates>27.610180322080851,-24.453159710392356,1738.2</coordinates></Point></Placemark><Placemark><TimeSpan><begin>2026-04-26T10:01:12Z</begin><end>2026-04-26T10:01:17Z</end></TimeSpan><styleUrl>#point</styleUrl><Point><altitudeMode>clampToGround</altitudeMode><coordinates>27.610205300152302,-24.453341346234083,1735.8</coordinates></Point></Placemark><Placemark><TimeSpan><begin>2026-04-26T10:01:17Z</begin><end>2026-04-26T10:01:22Z</end></TimeSpan><styleUrl>#point</styleUrl><Point><altitudeMode>clampToGround</altitudeMode><coordinates>27.610248802229762,-24.453498004004359,1733.8800000000001</coordinates></Point></Placemark><Placemark><TimeSpan><begin>2026-04-26T10:01:22Z</begin><end>2026-04-26T10:01:27Z</end></TimeSpan><styleUrl>#point</styleUrl><Point><altitudeMode>clampToGround</altitudeMode><coordinates>27.610325245186687,-24.453648123890162,1731.95</coordinates></Point></Placemark><Placemark><TimeSpan><begin>2026-04-26T10:01:27Z</begin><end>2026-04-26T10:01:32Z</end></TimeSpan><styleUrl>#point</styleUrl><Point><altitudeMode>clampToGround</altitudeMode><coordinates>27.610438484698534,-24.453792795538902,1729.55</coordinates></Point></Placemark><Placemark><TimeSpan><begin>2026-04-26T10:01:32Z</begin><end>2026-04-26T10:01:37Z</end></TimeSpan><styleUrl>#point</styleUrl><Point><altitudeMode>clampToGround</altitudeMode><coordinates>27.610600339248776,-24.453908046707511,1727.1500000000001</coordinates></Point></Placemark><Placemark><TimeSpan><begin>2026-04-26T10:01:37Z</begin><end>2026-04-26T10:01:42Z</end></TimeSpan><styleUrl>#point</styleUrl><Point><altitudeMode>clampToGround</altitudeMode><coordinates>27.61069480329752,-24.454067135229707,1725.7</coordinates></Point></Placemark><Placemark><TimeSpan><begin>2026-04-26T10:01:42Z</begin><end>2026-04-26T10:01:47Z</end></TimeSpan><styleUrl>#point</styleUrl><Point><altitudeMode>clampToGround</altitudeMode><coordinates>27.610783064737916,-24.454220356419683,1723.3</coordinates></Point></Placemark><Placemark><TimeSpan><begin>2026-04-26T10:01:47Z</begin><end>2026-04-26T10:01:52Z</end></TimeSpan><styleUrl>#point</styleUrl><Point><altitudeMode>clampToGround</altitudeMode><coordinates>27.610825896263123,-24.454291015863419,1721.3800000000001</coordinates></Point></Placemark><Placemark><TimeSpan><begin>2026-04-26T10:01:52Z</begin><end>2026-04-26T10:01:57Z</end></TimeSpan><styleUrl>#point</styleUrl><Point><altitudeMode>clampToGround</altitudeMode><coordinates>27.610847102478147,-24.454325633123517,1719.9400000000001</coordinates></Point></Placemark><Placemark><TimeSpan><begin>2026-04-26T10:01:57Z</begin><end>2026-04-26T10:02:02Z</end></TimeSpan><styleUrl>#point</styleUrl><Point><altitudeMode>clampToGround</altitudeMode><coordinates>27.610896723344922,-24.454459324479103,1718.97</coordinates></Point></Placemark><Placemark><TimeSpan><begin>2026-04-26T10:02:02Z</begin><end>2026-04-26T10:02:07Z</end></TimeSpan><styleUrl>#point</styleUrl><Point><altitudeMode>clampToGround</altitudeMode><coordinates>27.610963191837072,-24.454647330567241,1716.0899999999999</coordinates></Point></Placemark><Placemark><TimeSpan><begin>2026-04-26T10:02:07Z</begin><end>2026-04-26T10:02:12Z</end></TimeSpan><styleUrl>#point</styleUrl><Point><altitudeMode>clampToGround</altitudeMode><coordinates>27.611045502126217,-24.454870624467731,1713.21</coordinates></Point></Placemark><Placemark><TimeSpan><begin>2026-04-26T10:02:12Z</begin><end>2026-04-26T10:02:17Z</end></TimeSpan><styleUrl>#point</styleUrl><Point><altitudeMode>clampToGround</altitudeMode><coordinates>27.6111741643399,-24.455075059086084,1710.8</coordinates></Point></Placemark><Placemark><TimeSpan><begin>2026-04-26T10:02:17Z</begin><end>2026-04-26T10:02:22Z</end></TimeSpan><styleUrl>#point</styleUrl><Point><altitudeMode>clampToGround</altitudeMode><coordinates>27.611202159896493,-24.455196680501103,1708.8800000000001</coordinates></Point></Placemark><Placemark><TimeSpan><begin>2026-04-26T10:02:22Z</begin><end>2026-04-26T10:02:27Z</end></TimeSpan><styleUrl>#point</styleUrl><Point><altitudeMode>clampToGround</altitudeMode><coordinates>27.611132506281137,-24.4553177151829,1707.4400000000001</coordinates></Point></Placemark><Placemark><TimeSpan><begin>2026-04-26T10:02:27Z</begin><end>2026-04-26T10:02:32Z</end></TimeSpan><styleUrl>#point</styleUrl><Point><altitudeMode>clampToGround</altitudeMode><coordinates>27.610983978956938,-24.455478312447667,1705.52</coordinates></Point></Placemark><Placemark><TimeSpan><begin>2026-04-26T10:02:32Z</begin><end>2026-04-26T10:02:37Z</end></TimeSpan><styleUrl>#point</styleUrl><Point><altitudeMode>clampToGround</altitudeMode><coordinates>27.610924718901515,-24.455653578042984,1703.5899999999999</coordinates></Point></Placemark><Placemark><TimeSpan><begin>2026-04-26T10:02:37Z</begin><end>2026-04-26T10:02:42Z</end></TimeSpan><styleUrl>#point</styleUrl><Point><altitudeMode>clampToGround</altitudeMode><coordinates>27.610824471339583,-24.455768242478371,1701.6700000000001</coordinates></Point></Placemark><Placemark><TimeSpan><begin>2026-04-26T10:02:42Z</begin><end>2026-04-26T10:02:47Z</end></TimeSpan><styleUrl>#point</styleUrl><Point><altitudeMode>clampToGround</altitudeMode><coordinates>27.610670831054449,-24.455829514190555,1700.71</coordinates></Point></Placemark><Placemark><TimeSpan><begin>2026-04-26T10:02:47Z</begin><end>2026-04-26T10:02:52Z</end></TimeSpan><styleUrl>#point</styleUrl><Point><altitudeMode>clampToGround</altitudeMode><coordinates>27.610457092523575,-24.45592163130641,1699.75</coordinates></Point></Placemark><Placemark><TimeSpan><begin>2026-04-26T10:02:52Z</begin><end>2026-04-26T10:02:57Z</end></TimeSpan><styleUrl>#point</styleUrl><Point><altitudeMode>clampToGround</altitudeMode><coordinates>27.610232206061482,-24.456045683473349,1696.8599999999999</coordinates></Point></Placemark><Placemark><TimeSpan><begin>2026-04-26T10:02:57Z</begin><end>2026-04-26T10:03:02Z</end></TimeSpan><styleUrl>#point</styleUrl><Point><altitudeMode>clampToGround</altitudeMode><coordinates>27.610023496672511,-24.456162694841623,1693.98</coordinates></Point></Placemark><Placemark><TimeSpan><begin>2026-04-26T10:03:02Z</begin><end>2026-04-26T10:03:07Z</end></TimeSpan><styleUrl>#point</styleUrl><Point><altitudeMode>clampToGround</altitudeMode><coordinates>27.609903467819095,-24.456336032599211,1690.6199999999999</coordinates></Point></Placemark><Placemark><TimeSpan><begin>2026-04-26T10:03:07Z</begin><end>2026-04-26T10:03:12Z</end></TimeSpan><styleUrl>#point</styleUrl><Point><altitudeMode>clampToGround</altitudeMode><coordinates>27.60983532294631,-24.456516159698367,1688.6900000000001</coordinates></Point></Placemark><Placemark><TimeSpan><begin>2026-04-26T10:03:12Z</begin><end>2026-04-26T10:03:17Z</end></TimeSpan><styleUrl>#point</styleUrl><Point><altitudeMode>clampToGround</altitudeMode><coordinates>27.609654692932963,-24.456599140539765,1686.77</coordinates></Point></Placemark><Placemark><TimeSpan><begin>2026-04-26T10:03:17Z</begin><end>2026-04-26T10:03:22Z</end></TimeSpan><styleUrl>#point</styleUrl><Point><altitudeMode>clampToGround</altitudeMode><coordinates>27.609426202252507,-24.456680445000529,1685.8099999999999</coordinates></Point></Placemark><Placemark><TimeSpan><begin>2026-04-26T10:03:22Z</begin><end>2026-04-26T10:03:27Z</end></TimeSpan><styleUrl>#point</styleUrl><Point><altitudeMode>clampToGround</altitudeMode><coordinates>27.609325954690576,-24.456729646772146,1685.3299999999999</coordinates></Point></Placemark><Placemark><TimeSpan><begin>2026-04-26T10:03:27Z</begin><end>2026-04-26T10:03:32Z</end></TimeSpan><styleUrl>#point</styleUrl><Point><altitudeMode>clampToGround</altitudeMode><coordinates>27.609268790110946,-24.456760240718722,1684.8499999999999</coordinates></Point></Placemark><Placemark><TimeSpan><begin>2026-04-26T10:03:32Z</begin><end>2026-04-26T10:03:37Z</end></TimeSpan><styleUrl>#point</styleUrl><Point><altitudeMode>clampToGround</altitudeMode><coordinates>27.60922696441412,-24.456788739189506,1683.8900000000001</coordinates></Point></Placemark><Placemark><TimeSpan><begin>2026-04-26T10:03:37Z</begin><end>2026-04-26T10:03:42Z</end></TimeSpan><styleUrl>#point</styleUrl><Point><altitudeMode>clampToGround</altitudeMode><coordinates>27.609191173687577,-24.456827212125063,1683.4100000000001</coordinates></Point></Placemark><Placemark><TimeSpan><begin>2026-04-26T10:03:42Z</begin><end>2026-04-26T10:03:47Z</end></TimeSpan><styleUrl>#point</styleUrl><Point><altitudeMode>clampToGround</altitudeMode><coordinates>27.609092434868217,-24.456937601789832,1681.96</coordinates></Point></Placemark><Placemark><TimeSpan><begin>2026-04-26T10:03:47Z</begin><end>2026-04-26T10:03:52Z</end></TimeSpan><styleUrl>#point</styleUrl><Point><altitudeMode>clampToGround</altitudeMode><coordinates>27.609012303873897,-24.457031227648258,1680.52</coordinates></Point></Placemark><Placemark><TimeSpan><begin>2026-04-26T10:03:52Z</begin><end>2026-04-26T10:03:57Z</end></TimeSpan><styleUrl>#point</styleUrl><Point><altitudeMode>clampToGround</altitudeMode><coordinates>27.608999228104949,-24.457047572359443,1680.04</coordinates></Point></Placemark><Placemark><TimeSpan><begin>2026-04-26T10:03:57Z</begin><end>2026-04-26T10:04:02Z</end></TimeSpan><styleUrl>#point</styleUrl><Point><altitudeMode>clampToGround</altitudeMode><coordinates>27.608990846201777,-24.457051008939743,1679.0799999999999</coordinates></Point></Placemark><Placemark><TimeSpan><begin>2026-04-26T10:04:02Z</begin><end>2026-04-26T10:04:07Z</end></TimeSpan><styleUrl>#point</styleUrl><Point><altitudeMode>clampToGround</altitudeMode><coordinates>27.608986319974065,-24.457053942605853,1678.1199999999999</coordinates></Point></Placemark><Placemark><TimeSpan><begin>2026-04-26T10:04:07Z</begin><end>2026-04-26T10:04:12Z</end></TimeSpan><styleUrl>#point</styleUrl><Point><altitudeMode>clampToGround</altitudeMode><coordinates>27.608983553946018,-24.457053272053599,1678.1199999999999</coordinates></Point></Placemark><Placemark><TimeSpan><begin>2026-04-26T10:04:12Z</begin><end>2026-04-26T10:04:17Z</end></TimeSpan><styleUrl>#point</styleUrl><Point><altitudeMode>clampToGround</altitudeMode><coordinates>27.608977435156703,-24.457061318680644,1677.6400000000001</coordinates></Point></Placemark><Placemark><TimeSpan><begin>2026-04-26T10:04:17Z</begin><end>2026-04-26T10:04:22Z</end></TimeSpan><styleUrl>#point</styleUrl><Point><altitudeMode>clampToGround</altitudeMode><coordinates>27.608935441821814,-24.457108089700341,1676.6800000000001</coordinates></Point></Placemark><Placemark><TimeSpan><begin>2026-04-26T10:04:22Z</begin><end>2026-04-26T10:04:27Z</end></TimeSpan><styleUrl>#point</styleUrl><Point><altitudeMode>clampToGround</altitudeMode><coordinates>27.608890933915973,-24.457154609262943,1676.2</coordinates></Point></Placemark><Placemark><TimeSpan><begin>2026-04-26T10:04:27Z</begin><end>2026-04-26T10:04:32Z</end></TimeSpan><styleUrl>#point</styleUrl><Point><altitudeMode>clampToGround</altitudeMode><coordinates>27.608868051320314,-24.457176988944411,1676.2</coordinates></Point></Placemark><Placemark><TimeSpan><begin>2026-04-26T10:04:32Z</begin><end>2026-04-26T10:04:37Z</end></TimeSpan><styleUrl>#point</styleUrl><Point><altitudeMode>clampToGround</altitudeMode><coordinates>27.60885807685554,-24.457178665325046,1676.2</coordinates></Point></Placemark><Placemark><TimeSpan><begin>2026-04-26T10:04:37Z</begin><end>2026-04-26T10:04:42Z</end></TimeSpan><styleUrl>#point</styleUrl><Point><altitudeMode>clampToGround</altitudeMode><coordinates>27.608825387433171,-24.457208085805178,1675.72</coordinates></Point></Placemark><Placemark><TimeSpan><begin>2026-04-26T10:04:42Z</begin><end>2026-04-26T10:04:47Z</end></TimeSpan><styleUrl>#point</styleUrl><Point><altitudeMode>clampToGround</altitudeMode><coordinates>27.608725894242525,-24.457237925380468,1675.72</coordinates></Point></Placemark><Placemark><TimeSpan><begin>2026-04-26T10:04:47Z</begin><end>2026-04-26T10:04:52Z</end></TimeSpan><styleUrl>#point</styleUrl><Point><altitudeMode>clampToGround</altitudeMode><coordinates>27.608571834862232,-24.457201715558767,1675.23</coordinates></Point></Placemark><Placemark><TimeSpan><begin>2026-04-26T10:04:52Z</begin><end>2026-04-26T10:04:57Z</end></TimeSpan><styleUrl>#point</styleUrl><Point><altitudeMode>clampToGround</altitudeMode><coordinates>27.608392462134361,-24.457181766629219,1673.3099999999999</coordinates></Point></Placemark><Placemark><TimeSpan><begin>2026-04-26T10:04:57Z</begin><end>2026-04-26T10:05:02Z</end></TimeSpan><styleUrl>#point</styleUrl><Point><altitudeMode>clampToGround</altitudeMode><coordinates>27.60819741524756,-24.457263574004173,1671.3900000000001</coordinates></Point></Placemark><Placemark><TimeSpan><begin>2026-04-26T10:05:02Z</begin><end>2026-04-26T10:05:07Z</end></TimeSpan><styleUrl>#point</styleUrl><Point><altitudeMode>clampToGround</altitudeMode><coordinates>27.607985520735383,-24.457346722483635,1668.99</coordinates></Point></Placemark><Placemark><TimeSpan><begin>2026-04-26T10:05:07Z</begin><end>2026-04-26T10:05:12Z</end></TimeSpan><styleUrl>#point</styleUrl><Point><altitudeMode>clampToGround</altitudeMode><coordinates>27.607932966202497,-24.457375640049577,1667.0599999999999</coordinates></Point></Placemark><Placemark><TimeSpan><begin>2026-04-26T10:05:12Z</begin><end>2026-04-26T10:05:17Z</end></TimeSpan><styleUrl>#point</styleUrl><Point><altitudeMode>clampToGround</altitudeMode><coordinates>27.607889799401164,-24.457405228167772,1665.1400000000001</coordinates></Point></Placemark><Placemark><TimeSpan><begin>2026-04-26T10:05:17Z</begin><end>2026-04-26T10:05:22Z</end></TimeSpan><styleUrl>#point</styleUrl><Point><altitudeMode>clampToGround</altitudeMode><coordinates>27.607742613181472,-24.457487538456917,1663.7</coordinates></Point></Placemark><Placemark><TimeSpan><begin>2026-04-26T10:05:22Z</begin><end>2026-04-26T10:05:27Z</end></TimeSpan><styleUrl>#point</styleUrl><Point><altitudeMode>clampToGround</altitudeMode><coordinates>27.607542034238577,-24.457634557038546,1661.3</coordinates></Point></Placemark><Placemark><TimeSpan><begin>2026-04-26T10:05:27Z</begin><end>2026-04-26T10:05:32Z</end></TimeSpan><styleUrl>#point</styleUrl><Point><altitudeMode>clampToGround</altitudeMode><coordinates>27.607427202165127,-24.457804122939706,1657.9300000000001</coordinates></Point></Placemark><Placemark><TimeSpan><begin>2026-04-26T10:05:32Z</begin><end>2026-04-26T10:05:37Z</end></TimeSpan><styleUrl>#point</styleUrl><Point><altitudeMode>clampToGround</altitudeMode><coordinates>27.607288649305701,-24.457895904779434,1655.53</coordinates></Point></Placemark><Placemark><TimeSpan><begin>2026-04-26T10:05:37Z</begin><end>2026-04-26T10:05:42Z</end></TimeSpan><styleUrl>#point</styleUrl><Point><altitudeMode>clampToGround</altitudeMode><coordinates>27.607110030949116,-24.457905795425177,1653.5999999999999</coordinates></Point></Placemark><Placemark><TimeSpan><begin>2026-04-26T10:05:42Z</begin><end>2026-04-26T10:05:47Z</end></TimeSpan><styleUrl>#point</styleUrl><Point><altitudeMode>clampToGround</altitudeMode><coordinates>27.606918336823583,-24.45797779597342,1651.2</coordinates></Point></Placemark><Placemark><TimeSpan><begin>2026-04-26T10:05:47Z</begin><end>2026-04-26T10:05:52Z</end></TimeSpan><styleUrl>#point</styleUrl><Point><altitudeMode>clampToGround</altitudeMode><coordinates>27.606738712638617,-24.458127664402127,1647.3599999999999</coordinates></Point></Placemark><Placemark><TimeSpan><begin>2026-04-26T10:05:52Z</begin><end>2026-04-26T10:05:57Z</end></TimeSpan><styleUrl>#point</styleUrl><Point><altitudeMode>clampToGround</altitudeMode><coordinates>27.606608290225267,-24.458275940269232,1643.99</coordinates></Point></Placemark><Placemark><TimeSpan><begin>2026-04-26T10:05:57Z</begin><end>2026-04-26T10:06:02Z</end></TimeSpan><styleUrl>#point</styleUrl><Point><altitudeMode>clampToGround</altitudeMode><coordinates>27.606401760131121,-24.458419270813465,1639.6700000000001</coordinates></Point></Placemark><Placemark><TimeSpan><begin>2026-04-26T10:06:02Z</begin><end>2026-04-26T10:06:07Z</end></TimeSpan><styleUrl>#point</styleUrl><Point><altitudeMode>clampToGround</altitudeMode><coordinates>27.606243928894401,-24.458581879734993,1635.8199999999999</coordinates></Point></Placemark><Placemark><TimeSpan><begin>2026-04-26T10:06:07Z</begin><end>2026-04-26T10:06:12Z</end></TimeSpan><styleUrl>#point</styleUrl><Point><altitudeMode>clampToGround</altitudeMode><coordinates>27.606114093214273,-24.458774663507938,1631.98</coordinates></Point></Placemark><Placemark><TimeSpan><begin>2026-04-26T10:06:12Z</begin><end>2026-04-26T10:06:17Z</end></TimeSpan><styleUrl>#point</styleUrl><Point><altitudeMode>clampToGround</altitudeMode><coordinates>27.606020718812943,-24.458954706788063,1630.05</coordinates></Point></Placemark><Placemark><TimeSpan><begin>2026-04-26T10:06:17Z</begin><end>2026-04-26T10:06:22Z</end></TimeSpan><styleUrl>#point</styleUrl><Point><altitudeMode>clampToGround</altitudeMode><coordinates>27.605953579768538,-24.459186131134629,1628.6099999999999</coordinates></Point></Placemark><Placemark><TimeSpan><begin>2026-04-26T10:06:22Z</begin><end>2026-04-26T10:06:27Z</end></TimeSpan><styleUrl>#point</styleUrl><Point><altitudeMode>clampToGround</altitudeMode><coordinates>27.605854170396924,-24.459416465833783,1625.73</coordinates></Point></Placemark><Placemark><TimeSpan><begin>2026-04-26T10:06:27Z</begin><end>2026-04-26T10:06:32Z</end></TimeSpan><styleUrl>#point</styleUrl><Point><altitudeMode>clampToGround</altitudeMode><coordinates>27.605757778510451,-24.459638670086861,1622.3599999999999</coordinates></Point></Placemark><Placemark><TimeSpan><begin>2026-04-26T10:06:32Z</begin><end>2026-04-26T10:06:37Z</end></TimeSpan><styleUrl>#point</styleUrl><Point><altitudeMode>clampToGround</altitudeMode><coordinates>27.605654010549188,-24.459880907088518,1618.52</coordinates></Point></Placemark><Placemark><TimeSpan><begin>2026-04-26T10:06:37Z</begin><end>2026-04-26T10:06:42Z</end></TimeSpan><styleUrl>#point</styleUrl><Point><altitudeMode>clampToGround</altitudeMode><coordinates>27.605520067736506,-24.46011995896697,1614.1900000000001</coordinates></Point></Placemark><Placemark><TimeSpan><begin>2026-04-26T10:06:42Z</begin><end>2026-04-26T10:06:47Z</end></TimeSpan><styleUrl>#point</styleUrl><Point><altitudeMode>clampToGround</altitudeMode><coordinates>27.605374474078417,-24.460354400798678,1610.8299999999999</coordinates></Point></Placemark><Placemark><TimeSpan><begin>2026-04-26T10:06:47Z</begin><end>2026-04-26T10:06:52Z</end></TimeSpan><styleUrl>#point</styleUrl><Point><altitudeMode>clampToGround</altitudeMode><coordinates>27.605216475203633,-24.46054064668715,1606.98</coordinates></Point></Placemark><Placemark><TimeSpan><begin>2026-04-26T10:06:52Z</begin><end>2026-04-26T10:06:57Z</end></TimeSpan><styleUrl>#point</styleUrl><Point><altitudeMode>clampToGround</altitudeMode><coordinates>27.605035593733191,-24.460730832070112,1605.54</coordinates></Point></Placemark><Placemark><TimeSpan><begin>2026-04-26T10:06:57Z</begin><end>2026-04-26T10:07:02Z</end></TimeSpan><styleUrl>#point</styleUrl><Point><altitudeMode>clampToGround</altitudeMode><coordinates>27.604915983974934,-24.460956053808331,1604.0999999999999</coordinates></Point></Placemark><Placemark><TimeSpan><begin>2026-04-26T10:07:02Z</begin><end>2026-04-26T10:07:07Z</end></TimeSpan><styleUrl>#point</styleUrl><Point><altitudeMode>clampToGround</altitudeMode><coordinates>27.604827303439379,-24.461228046566248,1603.1400000000001</coordinates></Point></Placemark><Placemark><TimeSpan><begin>2026-04-26T10:07:07Z</begin><end>2026-04-26T10:07:12Z</end></TimeSpan><styleUrl>#point</styleUrl><Point><altitudeMode>clampToGround</altitudeMode><coordinates>27.60470568202436,-24.461508169770241,1604.0999999999999</coordinates></Point></Placemark><Placemark><TimeSpan><begin>2026-04-26T10:07:12Z</begin><end>2026-04-26T10:07:17Z</end></TimeSpan><styleUrl>#point</styleUrl><Point><altitudeMode>clampToGround</altitudeMode><coordinates>27.604619264602661,-24.461793405935168,1605.54</coordinates></Point></Placemark><Placemark><TimeSpan><begin>2026-04-26T10:07:17Z</begin><end>2026-04-26T10:07:22Z</end></TimeSpan><styleUrl>#point</styleUrl><Point><altitudeMode>clampToGround</altitudeMode><coordinates>27.604598561301827,-24.462075037881732,1606.02</coordinates></Point></Placemark><Placemark><TimeSpan><begin>2026-04-26T10:07:22Z</begin><end>2026-04-26T10:07:27Z</end></TimeSpan><styleUrl>#point</styleUrl><Point><altitudeMode>clampToGround</altitudeMode><coordinates>27.604587664827704,-24.462322220206261,1606.02</coordinates></Point></Placemark><Placemark><TimeSpan><begin>2026-04-26T10:07:27Z</begin><end>2026-04-26T10:07:32Z</end></TimeSpan><styleUrl>#point</styleUrl><Point><altitudeMode>clampToGround</altitudeMode><coordinates>27.604575343430042,-24.462462449446321,1606.02</coordinates></Point></Placemark><Placemark><TimeSpan><begin>2026-04-26T10:07:32Z</begin><end>2026-04-26T10:07:37Z</end></TimeSpan><styleUrl>#point</styleUrl><Point><altitudeMode>clampToGround</altitudeMode><coordinates>27.604599567130208,-24.462552471086383,1605.54</coordinates></Point></Placemark><Placemark><TimeSpan><begin>2026-04-26T10:07:37Z</begin><end>2026-04-26T10:07:42Z</end></TimeSpan><styleUrl>#point</styleUrl><Point><altitudeMode>clampToGround</altitudeMode><coordinates>27.604632675647736,-24.46275900118053,1606.98</coordinates></Point></Placemark><Placemark><TimeSpan><begin>2026-04-26T10:07:42Z</begin><end>2026-04-26T10:07:47Z</end></TimeSpan><styleUrl>#point</styleUrl><Point><altitudeMode>clampToGround</altitudeMode><coordinates>27.60466318577528,-24.462978607043624,1608.4200000000001</coordinates></Point></Placemark><Placemark><TimeSpan><begin>2026-04-26T10:07:47Z</begin><end>2026-04-26T10:07:52Z</end></TimeSpan><styleUrl>#point</styleUrl><Point><altitudeMode>clampToGround</altitudeMode><coordinates>27.60469252243638,-24.463157141581178,1608.9000000000001</coordinates></Point></Placemark><Placemark><TimeSpan><begin>2026-04-26T10:07:52Z</begin><end>2026-04-26T10:07:57Z</end></TimeSpan><styleUrl>#point</styleUrl><Point><altitudeMode>clampToGround</altitudeMode><coordinates>27.604709789156914,-24.46331899613142,1609.3800000000001</coordinates></Point></Placemark><Placemark><TimeSpan><begin>2026-04-26T10:07:57Z</begin><end>2026-04-26T10:08:02Z</end></TimeSpan><styleUrl>#point</styleUrl><Point><altitudeMode>clampToGround</altitudeMode><coordinates>27.604749100282788,-24.463492166250944,1610.3499999999999</coordinates></Point></Placemark><Placemark><TimeSpan><begin>2026-04-26T10:08:02Z</begin><end>2026-04-26T10:08:07Z</end></TimeSpan><styleUrl>#point</styleUrl><Point><altitudeMode>clampToGround</altitudeMode><coordinates>27.604785393923521,-24.463684698566794,1612.75</coordinates></Point></Placemark><Placemark><TimeSpan><begin>2026-04-26T10:08:07Z</begin><end>2026-04-26T10:08:12Z</end></TimeSpan><styleUrl>#point</styleUrl><Point><altitudeMode>clampToGround</altitudeMode><coordinates>27.604782041162252,-24.463886367157102,1615.1500000000001</coordinates></Point></Placemark><Placemark><TimeSpan><begin>2026-04-26T10:08:12Z</begin><end>2026-04-26T10:08:17Z</end></TimeSpan><styleUrl>#point</styleUrl><Point><altitudeMode>clampToGround</altitudeMode><coordinates>27.604739125818014,-24.464004887267947,1618.04</coordinates></Point></Placemark><Placemark><TimeSpan><begin>2026-04-26T10:08:17Z</begin><end>2026-04-26T10:08:22Z</end></TimeSpan><styleUrl>#point</styleUrl><Point><altitudeMode>clampToGround</altitudeMode><coordinates>27.604653798043728,-24.4640988484025,1619.48</coordinates></Point></Placemark><Placemark><TimeSpan><begin>2026-04-26T10:08:22Z</begin><end>2026-04-26T10:08:27Z</end></TimeSpan><styleUrl>#point</styleUrl><Point><altitudeMode>clampToGround</altitudeMode><coordinates>27.604485573247075,-24.464199431240559,1620.4400000000001</coordinates></Point></Placemark><Placemark><TimeSpan><begin>2026-04-26T10:08:27Z</begin><end>2026-04-26T10:08:32Z</end></TimeSpan><styleUrl>#point</styleUrl><Point><altitudeMode>clampToGround</altitudeMode><coordinates>27.604309050366282,-24.464300433173776,1619.96</coordinates></Point></Placemark><Placemark><TimeSpan><begin>2026-04-26T10:08:32Z</begin><end>2026-04-26T10:08:37Z</end></TimeSpan><styleUrl>#point</styleUrl><Point><altitudeMode>clampToGround</altitudeMode><coordinates>27.604096150025725,-24.464374026283622,1619.96</coordinates></Point></Placemark><Placemark><TimeSpan><begin>2026-04-26T10:08:37Z</begin><end>2026-04-26T10:08:42Z</end></TimeSpan><styleUrl>#point</styleUrl><Point><altitudeMode>clampToGround</altitudeMode><coordinates>27.603947622701526,-24.464393137022853,1621.4000000000001</coordinates></Point></Placemark></Folder><Placemark><name>[418] Lenong Pass - Descend - 2026-04-26</name><Style><LineStyle><color>ff00ff00</color><width>4</width></LineStyle></Style><MultiGeometry><LineString><coordinates>27.613944886252284,-24.466039007529616,2042.9400000000001 27.614014372229576,-24.46595560759306,2042.46 27.614081092178822,-24.465789394453168,2041.5 27.614154601469636,-24.465548079460859,2040.54 27.614216292276978,-24.465321768075228,2038.6099999999999 27.614295249804854,-24.465081375092268,2035.73 27.614356856793165,-24.464844418689609,2033.3299999999999 27.614402873441577,-24.46461190469563,2030.4400000000001 27.614404549822211,-24.464393891394138,2028.04 27.614371022209525,-24.46432557888329,2027.0799999999999 27.614370435476303,-24.464326752349734,2027.0799999999999 27.614353001117706,-24.464296493679285,2027.0799999999999 27.614299776032567,-24.464217703789473,2026.5999999999999 27.61422517709434,-24.464121395722032,2026.1199999999999 27.614160133525729,-24.464048389345407,2025.6400000000001 27.614159043878317,-24.464043360203505,2025.6400000000001 27.614153092727065,-24.464036067947745,2025.6400000000001 27.614085199311376,-24.463925929740071,2025.6400000000001 27.613917980343103,-24.463733900338411,2025.1500000000001 27.61375654488802,-24.463533237576485,2025.1500000000001 27.613589577376842,-24.463317068293691,2025.1500000000001 27.613457310944796,-24.463069718331099,2023.23 27.613344406709075,-24.462824547663331,2019.8699999999999 27.613227646797895,-24.462577616795897,2017.46 27.613154472783208,-24.462354993447661,2015.0599999999999 27.613162267953157,-24.462160533294082,2012.6600000000001 27.613171990960836,-24.461965654045343,2010.73 27.613177774474025,-24.461780916899443,2008.3299999999999 27.613197891041636,-24.461622331291437,2005.9300000000001 27.613210631534457,-24.461483359336853,2004.01 27.613289756700397,-24.46135176345706,2001.5999999999999 27.613427471369505,-24.461267525330186,2000.6400000000001 27.613534005358815,-24.461177587509155,1999.6800000000001 27.613500645384192,-24.461042555049062,1997.28 27.613423531875014,-24.460900984704494,1994.3900000000001 27.613335605710745,-24.460771568119526,1992.95 27.613233765587211,-24.460680205374956,1991.03 27.613122370094061,-24.460595967248082,1989.5899999999999 27.612979207187891,-24.460491025820374,1988.1400000000001 27.612875774502754,-24.460422461852431,1987.1800000000001 27.612749878317118,-24.460342163220048,1986.22 27.612640159204602,-24.460284663364291,1985.26 27.612629933282733,-24.460277706384659,1984.78 27.61265273205936,-24.460287597030401,1985.26 27.612770413979888,-24.460350712761283,1985.74 27.612929083406925,-24.460464371368289,1987.1800000000001 27.612955318763852,-24.460492199286819,1988.1400000000001 27.612853646278381,-24.46041994728148,1988.1400000000001 27.612641081213951,-24.460280807688832,1986.22 27.61251300573349,-24.46010185405612,1983.8199999999999 27.612484004348516,-24.459856683388352,1980.9300000000001 27.61253060773015,-24.459672868251801,1978.05 27.6126938033849,-24.459533393383026,1975.1700000000001 27.612730767577887,-24.459512690082192,1973.24 27.612729594111443,-24.459513360634446,1972.76 27.612767396494746,-24.459496345371008,1972.76 27.612943332642317,-24.45941093377769,1971.3199999999999 27.613134942948818,-24.459317391738296,1969.4000000000001 27.613258408382535,-24.459176072850823,1966.03 27.613241225481033,-24.458956886082888,1962.6700000000001 27.61319755576551,-24.458684558048844,1959.3 27.613166375085711,-24.458418851718307,1956.4200000000001 27.61325865983963,-24.458202011883259,1953.0599999999999 27.613530401140451,-24.458002606406808,1949.6900000000001 27.613831646740437,-24.457796746864915,1944.8800000000001 27.614104561507702,-24.457578230649233,1940.5599999999999 27.614363143220544,-24.45737337693572,1936.23 27.614647541195154,-24.457168942317367,1931.9100000000001 27.614950966089964,-24.457079255953431,1929.02 27.615326978266239,-24.457122171297669,1926.1400000000001 27.615665188059211,-24.457199117168784,1922.77 27.616003900766373,-24.457248486578465,1920.3699999999999 27.616216214373708,-24.457200793549418,1918.45 27.616136586293578,-24.457042040303349,1917.01 27.615900803357363,-24.456913713365793,1915.5599999999999 27.615621937438846,-24.45671372115612,1914.1199999999999 27.615384897217155,-24.45651046000421,1911.72 27.615222036838531,-24.456273084506392,1908.3499999999999 27.61530552059412,-24.456056244671345,1904.99 27.615565275773406,-24.4559670612216,1900.6600000000001 27.615886386483908,-24.455906292423606,1897.3 27.616186374798417,-24.455887516960502,1893.9300000000001 27.616467671468854,-24.455958344042301,1891.53 27.61665022931993,-24.455963708460331,1890.0899999999999 27.61657252907753,-24.45582733489573,1888.1700000000001 27.616340601816773,-24.45575013756752,1886.72 27.616097526624799,-24.455617787316442,1884.8 27.615881357342005,-24.455384016036987,1882.4000000000001 27.615676000714302,-24.455168936401606,1880 27.615406271070242,-24.455072544515133,1877.1099999999999 27.61516772210598,-24.4550396874547,1874.23 27.614953648298979,-24.45489895530045,1871.3399999999999 27.61479590088129,-24.454618748277426,1868.9400000000001 27.614633878692985,-24.454333931207657,1866.0599999999999 27.614486943930387,-24.454060178250074,1863.1700000000001 27.614353336393833,-24.453740157186985,1857.8900000000001 27.614215118810534,-24.453418124467134,1853.0799999999999 27.614051671698689,-24.453054768964648,1849.71 27.613923512399197,-24.452664675191045,1848.27 27.613858385011554,-24.452298553660512,1851.6400000000001 27.613818570971489,-24.451933102682233,1852.5999999999999 27.613781271502376,-24.451529514044523,1850.1900000000001 27.613759394735098,-24.451118633151054,1847.79 27.613747492432594,-24.450745806097984,1847.3099999999999 27.613724777474999,-24.45038303732872,1846.8299999999999 27.613678509369493,-24.450011048465967,1846.3499999999999 27.61344775557518,-24.449703432619572,1848.27 27.613178445026278,-24.449389781802893,1850.1900000000001 27.612884994596243,-24.449121644720435,1850.1900000000001 27.612580899149179,-24.44893280044198,1847.79 27.612389205023646,-24.448786871507764,1844.4300000000001 27.612413261085749,-24.448566762730479,1842.02 27.612536391243339,-24.448325028643012,1840.5799999999999 27.612702855840325,-24.448059657588601,1838.6600000000001 27.612870577722788,-24.44777425378561,1837.7 27.612974513322115,-24.447467559948564,1837.22 27.612979710102081,-24.44726069457829,1836.26 27.612942745909095,-24.447010410949588,1834.3299999999999 27.612895974889398,-24.446739172562957,1831.45 27.612845012918115,-24.44655460305512,1829.53 27.612798744812608,-24.446482602506876,1829.05 27.61274610646069,-24.446462318301201,1829.05 27.612785082310438,-24.446482351049781,1829.53 27.612821208313107,-24.446470364928246,1830.01 27.612815760076046,-24.446463994681835,1830.01 27.612810814753175,-24.446461228653789,1830.49 27.612808551639318,-24.446458797901869,1830.49 27.612809557467699,-24.446456115692854,1830.97 27.612811233848333,-24.446454774588346,1831.45 27.612811401486397,-24.446453433483839,1831.45 27.612811317667365,-24.446452930569649,1830.97 27.612811736762524,-24.446452595293522,1831.45 27.612812072038651,-24.446452260017395,1831.45 27.612814670428634,-24.446452427655458,1831.45 27.612816011533141,-24.44645251147449,1831.45 27.6128164306283,-24.446452260017395,1831.45 27.61281693354249,-24.446451840922236,1831.45 27.612819783389568,-24.446451002731919,1830.97 27.612823806703091,-24.446449913084507,1830.97 27.612823806703091,-24.446448655799031,1830.97 27.61282573454082,-24.446447230875492,1830.97 27.612826740369201,-24.44644664414227,1831.45 27.612826321274042,-24.44644614122808,1831.45 27.612825399264693,-24.446445889770985,1831.9300000000001 27.61282280087471,-24.446446727961302,1831.9300000000001 27.612819196656346,-24.446448655799031,1831.45 27.612818190827966,-24.446450164541602,1831.45 27.612817017361522,-24.446450918912888,1831.45 27.612814754247665,-24.446451924741268,1831.45 27.612813329324126,-24.44645301438868,1830.97 27.612811988219619,-24.44645443931222,1830.49 27.612809473648667,-24.4464554451406,1830.49 27.612808970734477,-24.446455528959632,1830.97 27.612809808924794,-24.4464554451406,1830.97 27.612810730934143,-24.446454774588346,1830.97 27.612809473648667,-24.44645494222641,1830.97 27.612809222191572,-24.446454774588346,1830.49 27.612807042896748,-24.446455780416727,1830.97 27.612805869430304,-24.446456031873822,1830.97 27.612804612144828,-24.446457205340266,1830.97 27.612803773954511,-24.446457540616393,1830.97 27.612800421193242,-24.446458630263805,1830.97 27.612797822803259,-24.446458127349615,1831.45 27.612800085917115,-24.446457792073488,1831.45 27.612803690135479,-24.446456953883171,1831.45 27.612810814753175,-24.446456534788013,1831.45 27.612815173342824,-24.446455780416727,1831.9300000000001 27.612822968512774,-24.446454606950283,1831.45 27.612826153635979,-24.446454355493188,1831.45 27.612828835844994,-24.446454104036093,1831.45 27.612829925492406,-24.446453349664807,1831.45 27.612831685692072,-24.446453182026744,1831.9300000000001 27.61283403262496,-24.44645301438868,1831.45 27.61283453553915,-24.446452260017395,1831.45 27.612833362072706,-24.446451338008046,1831.45 27.612831853330135,-24.446450415998697,1830.97 27.612831434234977,-24.44645008072257,1830.49 27.612830176949501,-24.446449158713222,1830.49 27.612830260768533,-24.446447482332587,1830.49 27.612829841673374,-24.446446057409048,1830.49 27.612827997654676,-24.446446560323238,1830.97 27.61282472871244,-24.446448152884841,1830.97 27.612820956856012,-24.44645008072257,1830.97 27.612818358466029,-24.446450499817729,1830.97 27.612815424799919,-24.446451338008046,1830.97 27.612815760076046,-24.446451254189014,1830.97 27.612814670428634,-24.446451924741268,1830.49 27.61281399987638,-24.44645301438868,1830.49 27.612812742590904,-24.446454355493188,1830.49 27.612812910228968,-24.446455109864473,1830.49 27.612813329324126,-24.446455612778664,1830.49 27.61281399987638,-24.446457121521235,1830.49 27.612814754247665,-24.446458043530583,1830.49 27.612816514447331,-24.446456534788013,1831.45 27.612819783389568,-24.446458630263805,1831.45 27.612819699570537,-24.446459803730249,1831.45 27.612821292132139,-24.446460139006376,1830.97 27.612824225798249,-24.446460139006376,1830.97 27.612824141979218,-24.446458797901869,1831.45 27.612824477255344,-24.446458714082837,1831.45 27.612823806703091,-24.446458965539932,1831.45 27.612786758691072,-24.446466425433755,1831.45 27.612631106749177,-24.446398029103875,1831.9300000000001 27.61245584115386,-24.446306247264147,1831.9300000000001 27.612331621348858,-24.446344636380672,1830.49 27.612283760681748,-24.446486039087176,1829.05 27.612329944968224,-24.446644373238087,1827.1199999999999 27.612372608855367,-24.446805976331234,1824.72 27.612248556688428,-24.446965316310525,1822.8 27.612094916403294,-24.447130439803004,1820.8699999999999 27.611937336623669,-24.447312913835049,1817.03 27.611818900331855,-24.447505697607994,1813.6600000000001 27.611754024401307,-24.447725554928184,1810.78 27.611669450998306,-24.447963265702128,1807.4200000000001 27.611649166792631,-24.448177255690098,1804.05 27.611570293083787,-24.448366854339838,1801.6500000000001 27.611456885933876,-24.448562739416957,1799.24 27.611345993354917,-24.44878083653748,1796.8399999999999 27.611276339739561,-24.449004214257002,1793.96 27.611274747177958,-24.449191214516759,1791.55 27.611277429386973,-24.449400091543794,1789.1500000000001 27.611279105767608,-24.449649453163147,1786.27 27.611255720257759,-24.449908286333084,1782.4200000000001 27.611244739964604,-24.450020687654614,1780.5 27.611233256757259,-24.450050359591842,1779.54 27.611166117712855,-24.45021933875978,1779.0599999999999 27.611085399985313,-24.450495773926377,1777.1300000000001 27.610986493527889,-24.450786542147398,1774.25 27.610887587070465,-24.451074125245214,1770.8900000000001 27.610766300931573,-24.451334634795785,1766.5599999999999 27.610629759728909,-24.45158994756639,1762.71 27.610500007867813,-24.45187627337873,1758.3900000000001 27.610386600717902,-24.452109122648835,1755.5 27.610284760594368,-24.45229017175734,1752.6199999999999 27.610189290717244,-24.452415145933628,1749.74 27.61014754883945,-24.452576162293553,1746.8499999999999 27.610165067017078,-24.452788811177015,1743.97 27.610164061188698,-24.452981008216739,1740.5999999999999 27.610180322080851,-24.453159710392356,1738.2 27.610205300152302,-24.453341346234083,1735.8 27.610248802229762,-24.453498004004359,1733.8800000000001 27.610325245186687,-24.453648123890162,1731.95 27.610438484698534,-24.453792795538902,1729.55 27.610600339248776,-24.453908046707511,1727.1500000000001 27.61069480329752,-24.454067135229707,1725.7 27.610783064737916,-24.454220356419683,1723.3 27.610825896263123,-24.454291015863419,1721.3800000000001 27.610847102478147,-24.454325633123517,1719.9400000000001 27.610896723344922,-24.454459324479103,1718.97 27.610963191837072,-24.454647330567241,1716.0899999999999 27.611045502126217,-24.454870624467731,1713.21 27.6111741643399,-24.455075059086084,1710.8 27.611202159896493,-24.455196680501103,1708.8800000000001 27.611132506281137,-24.4553177151829,1707.4400000000001 27.610983978956938,-24.455478312447667,1705.52 27.610924718901515,-24.455653578042984,1703.5899999999999 27.610824471339583,-24.455768242478371,1701.6700000000001 27.610670831054449,-24.455829514190555,1700.71 27.610457092523575,-24.45592163130641,1699.75 27.610232206061482,-24.456045683473349,1696.8599999999999 27.610023496672511,-24.456162694841623,1693.98 27.609903467819095,-24.456336032599211,1690.6199999999999 27.60983532294631,-24.456516159698367,1688.6900000000001 27.609654692932963,-24.456599140539765,1686.77 27.609426202252507,-24.456680445000529,1685.8099999999999 27.609325954690576,-24.456729646772146,1685.3299999999999 27.609268790110946,-24.456760240718722,1684.8499999999999 27.60922696441412,-24.456788739189506,1683.8900000000001 27.609191173687577,-24.456827212125063,1683.4100000000001 27.609092434868217,-24.456937601789832,1681.96 27.609012303873897,-24.457031227648258,1680.52 27.608999228104949,-24.457047572359443,1680.04 27.608990846201777,-24.457051008939743,1679.0799999999999 27.608986319974065,-24.457053942605853,1678.1199999999999 27.608983553946018,-24.457053272053599,1678.1199999999999 27.608977435156703,-24.457061318680644,1677.6400000000001 27.608935441821814,-24.457108089700341,1676.6800000000001 27.608890933915973,-24.457154609262943,1676.2 27.608868051320314,-24.457176988944411,1676.2 27.60885807685554,-24.457178665325046,1676.2 27.608825387433171,-24.457208085805178,1675.72 27.608725894242525,-24.457237925380468,1675.72 27.608571834862232,-24.457201715558767,1675.23 27.608392462134361,-24.457181766629219,1673.3099999999999 27.60819741524756,-24.457263574004173,1671.3900000000001 27.607985520735383,-24.457346722483635,1668.99 27.607932966202497,-24.457375640049577,1667.0599999999999 27.607889799401164,-24.457405228167772,1665.1400000000001 27.607742613181472,-24.457487538456917,1663.7 27.607542034238577,-24.457634557038546,1661.3 27.607427202165127,-24.457804122939706,1657.9300000000001 27.607288649305701,-24.457895904779434,1655.53 27.607110030949116,-24.457905795425177,1653.5999999999999 27.606918336823583,-24.45797779597342,1651.2 27.606738712638617,-24.458127664402127,1647.3599999999999 27.606608290225267,-24.458275940269232,1643.99 27.606401760131121,-24.458419270813465,1639.6700000000001 27.606243928894401,-24.458581879734993,1635.8199999999999 27.606114093214273,-24.458774663507938,1631.98 27.606020718812943,-24.458954706788063,1630.05 27.605953579768538,-24.459186131134629,1628.6099999999999 27.605854170396924,-24.459416465833783,1625.73 27.605757778510451,-24.459638670086861,1622.3599999999999 27.605654010549188,-24.459880907088518,1618.52 27.605520067736506,-24.46011995896697,1614.1900000000001 27.605374474078417,-24.460354400798678,1610.8299999999999 27.605216475203633,-24.46054064668715,1606.98 27.605035593733191,-24.460730832070112,1605.54 27.604915983974934,-24.460956053808331,1604.0999999999999 27.604827303439379,-24.461228046566248,1603.1400000000001 27.60470568202436,-24.461508169770241,1604.0999999999999 27.604619264602661,-24.461793405935168,1605.54 27.604598561301827,-24.462075037881732,1606.02 27.604587664827704,-24.462322220206261,1606.02 27.604575343430042,-24.462462449446321,1606.02 27.604599567130208,-24.462552471086383,1605.54 27.604632675647736,-24.46275900118053,1606.98 27.60466318577528,-24.462978607043624,1608.4200000000001 27.60469252243638,-24.463157141581178,1608.9000000000001 27.604709789156914,-24.46331899613142,1609.3800000000001 27.604749100282788,-24.463492166250944,1610.3499999999999 27.604785393923521,-24.463684698566794,1612.75 27.604782041162252,-24.463886367157102,1615.1500000000001 27.604739125818014,-24.464004887267947,1618.04 27.604653798043728,-24.4640988484025,1619.48 27.604485573247075,-24.464199431240559,1620.4400000000001 27.604309050366282,-24.464300433173776,1619.96 27.604096150025725,-24.464374026283622,1619.96 27.603947622701526,-24.464393137022853,1621.4000000000001 </coordinates></LineString></MultiGeometry></Placemark></Folder></Folder></Document></kml>