<?xml version="1.0" encoding="utf-8"?><gpx creator="Garmin Desktop App" version="1.1" xsi:schemaLocation="http://www.topografix.com/GPX/1/1 http://www.topografix.com/GPX/1/1/gpx.xsd http://www.garmin.com/xmlschemas/WaypointExtension/v1 http://www8.garmin.com/xmlschemas/WaypointExtensionv1.xsd http://www.garmin.com/xmlschemas/TrackPointExtension/v1 http://www.garmin.com/xmlschemas/TrackPointExtensionv1.xsd http://www.garmin.com/xmlschemas/GpxExtensions/v3 http://www8.garmin.com/xmlschemas/GpxExtensionsv3.xsd http://www.garmin.com/xmlschemas/ActivityExtension/v1 http://www8.garmin.com/xmlschemas/ActivityExtensionv1.xsd http://www.garmin.com/xmlschemas/AdventuresExtensions/v1 http://www8.garmin.com/xmlschemas/AdventuresExtensionv1.xsd http://www.garmin.com/xmlschemas/PressureExtension/v1 http://www.garmin.com/xmlschemas/PressureExtensionv1.xsd http://www.garmin.com/xmlschemas/TripExtensions/v1 http://www.garmin.com/xmlschemas/TripExtensionsv1.xsd http://www.garmin.com/xmlschemas/TripMetaDataExtensions/v1 http://www.garmin.com/xmlschemas/TripMetaDataExtensionsv1.xsd http://www.garmin.com/xmlschemas/ViaPointTransportationModeExtensions/v1 http://www.garmin.com/xmlschemas/ViaPointTransportationModeExtensionsv1.xsd http://www.garmin.com/xmlschemas/CreationTimeExtension/v1 http://www.garmin.com/xmlschemas/CreationTimeExtensionsv1.xsd http://www.garmin.com/xmlschemas/AccelerationExtension/v1 http://www.garmin.com/xmlschemas/AccelerationExtensionv1.xsd http://www.garmin.com/xmlschemas/PowerExtension/v1 http://www.garmin.com/xmlschemas/PowerExtensionv1.xsd http://www.garmin.com/xmlschemas/VideoExtension/v1 http://www.garmin.com/xmlschemas/VideoExtensionv1.xsd" xmlns="http://www.topografix.com/GPX/1/1" xmlns:xsi="http://www.w3.org/2001/XMLSchema-instance" xmlns:wptx1="http://www.garmin.com/xmlschemas/WaypointExtension/v1" xmlns:gpxtrx="http://www.garmin.com/xmlschemas/GpxExtensions/v3" xmlns:gpxtpx="http://www.garmin.com/xmlschemas/TrackPointExtension/v1" xmlns:gpxx="http://www.garmin.com/xmlschemas/GpxExtensions/v3" xmlns:trp="http://www.garmin.com/xmlschemas/TripExtensions/v1" xmlns:adv="http://www.garmin.com/xmlschemas/AdventuresExtensions/v1" xmlns:prs="http://www.garmin.com/xmlschemas/PressureExtension/v1" xmlns:tmd="http://www.garmin.com/xmlschemas/TripMetaDataExtensions/v1" xmlns:vptm="http://www.garmin.com/xmlschemas/ViaPointTransportationModeExtensions/v1" xmlns:ctx="http://www.garmin.com/xmlschemas/CreationTimeExtension/v1" xmlns:gpxacc="http://www.garmin.com/xmlschemas/AccelerationExtension/v1" xmlns:gpxpx="http://www.garmin.com/xmlschemas/PowerExtension/v1" xmlns:vidx1="http://www.garmin.com/xmlschemas/VideoExtension/v1">

  <metadata>
    <link href="http://www.garmin.com">
      <text>Garmin International</text>
    </link>
    <time>2022-07-02T14:16:26Z</time>
    <bounds maxlat="-29.584462596103549" maxlon="29.339134516194463" minlat="-29.603204447776079" minlon="29.285424035042524" />
  </metadata>

  <trk>
    <name>[19] Sani Pass to LS Border control</name>
    <extensions>
      <gpxx:TrackExtension>
        <gpxx:DisplayColor>Red</gpxx:DisplayColor>
      </gpxx:TrackExtension>
    </extensions>
    <trkseg>
      <trkpt lat="-29.602974615991116" lon="29.339134516194463">
        <ele>1959.3</ele>
        <time>2015-05-01T13:13:52Z</time>
      </trkpt>
      <trkpt lat="-29.602978639304638" lon="29.339083386585116">
        <ele>1959.78</ele>
        <time>2015-05-01T13:13:53Z</time>
      </trkpt>
      <trkpt lat="-29.602990793064237" lon="29.339033765718341">
        <ele>1960.27</ele>
        <time>2015-05-01T13:13:54Z</time>
      </trkpt>
      <trkpt lat="-29.603006467223167" lon="29.338981630280614">
        <ele>1960.27</ele>
        <time>2015-05-01T13:13:55Z</time>
      </trkpt>
      <trkpt lat="-29.603049131110311" lon="29.33882555924356">
        <ele>1962.6700000000001</ele>
        <time>2015-05-01T13:13:58Z</time>
      </trkpt>
      <trkpt lat="-29.603054663166404" lon="29.338771244511008">
        <ele>1963.1500000000001</ele>
        <time>2015-05-01T13:13:59Z</time>
      </trkpt>
      <trkpt lat="-29.60310478694737" lon="29.338372014462948">
        <ele>1966.99</ele>
        <time>2015-05-01T13:14:09Z</time>
      </trkpt>
      <trkpt lat="-29.603120209649205" lon="29.338318286463618">
        <ele>1967.48</ele>
        <time>2015-05-01T13:14:10Z</time>
      </trkpt>
      <trkpt lat="-29.603173015639186" lon="29.337854934856296">
        <ele>1969.8800000000001</ele>
        <time>2015-05-01T13:14:18Z</time>
      </trkpt>
      <trkpt lat="-29.603165807202458" lon="29.337485544383526">
        <ele>1972.28</ele>
        <time>2015-05-01T13:14:24Z</time>
      </trkpt>
      <trkpt lat="-29.603174524381757" lon="29.337425781413913">
        <ele>1972.28</ele>
        <time>2015-05-01T13:14:25Z</time>
      </trkpt>
      <trkpt lat="-29.603204447776079" lon="29.337080363184214">
        <ele>1974.2</ele>
        <time>2015-05-01T13:14:30Z</time>
      </trkpt>
      <trkpt lat="-29.603126412257552" lon="29.336110576987267">
        <ele>1979.01</ele>
        <time>2015-05-01T13:14:41Z</time>
      </trkpt>
      <trkpt lat="-29.603013005107641" lon="29.335596682503819">
        <ele>1982.3800000000001</ele>
        <time>2015-05-01T13:14:50Z</time>
      </trkpt>
      <trkpt lat="-29.602979393675923" lon="29.335503224283457">
        <ele>1983.8199999999999</ele>
        <time>2015-05-01T13:14:52Z</time>
      </trkpt>
      <trkpt lat="-29.602832878008485" lon="29.334906013682485">
        <ele>1992.47</ele>
        <time>2015-05-01T13:15:04Z</time>
      </trkpt>
      <trkpt lat="-29.602814354002476" lon="29.334854381158948">
        <ele>1992.95</ele>
        <time>2015-05-01T13:15:05Z</time>
      </trkpt>
      <trkpt lat="-29.60278769955039" lon="29.334805179387331">
        <ele>1993.4300000000001</ele>
        <time>2015-05-01T13:15:06Z</time>
      </trkpt>
      <trkpt lat="-29.602393079549074" lon="29.334301175549626">
        <ele>2002.0799999999999</ele>
        <time>2015-05-01T13:15:18Z</time>
      </trkpt>
      <trkpt lat="-29.602367095649242" lon="29.334258427843451">
        <ele>2002.5599999999999</ele>
        <time>2015-05-01T13:15:19Z</time>
      </trkpt>
      <trkpt lat="-29.602347398176789" lon="29.334210148081183">
        <ele>2003.04</ele>
        <time>2015-05-01T13:15:20Z</time>
      </trkpt>
      <trkpt lat="-29.602332562208176" lon="29.33415524661541">
        <ele>2003.52</ele>
        <time>2015-05-01T13:15:21Z</time>
      </trkpt>
      <trkpt lat="-29.602325186133385" lon="29.334096573293209">
        <ele>2004.49</ele>
        <time>2015-05-01T13:15:22Z</time>
      </trkpt>
      <trkpt lat="-29.602323090657592" lon="29.334034044295549">
        <ele>2004.97</ele>
        <time>2015-05-01T13:15:23Z</time>
      </trkpt>
      <trkpt lat="-29.602323677390814" lon="29.33396908454597">
        <ele>2005.45</ele>
        <time>2015-05-01T13:15:24Z</time>
      </trkpt>
      <trkpt lat="-29.602223597466946" lon="29.332903912290931">
        <ele>2015.54</ele>
        <time>2015-05-01T13:15:40Z</time>
      </trkpt>
      <trkpt lat="-29.602103317156434" lon="29.332234198227525">
        <ele>2021.79</ele>
        <time>2015-05-01T13:15:49Z</time>
      </trkpt>
      <trkpt lat="-29.602100718766451" lon="29.332161527127028">
        <ele>2022.27</ele>
        <time>2015-05-01T13:15:50Z</time>
      </trkpt>
      <trkpt lat="-29.602104490622878" lon="29.332089023664594">
        <ele>2023.23</ele>
        <time>2015-05-01T13:15:51Z</time>
      </trkpt>
      <trkpt lat="-29.602118236944079" lon="29.332015682011843">
        <ele>2023.71</ele>
        <time>2015-05-01T13:15:52Z</time>
      </trkpt>
      <trkpt lat="-29.602135671302676" lon="29.331948040053248">
        <ele>2024.1900000000001</ele>
        <time>2015-05-01T13:15:53Z</time>
      </trkpt>
      <trkpt lat="-29.602172300219536" lon="29.331728434190154">
        <ele>2025.6400000000001</ele>
        <time>2015-05-01T13:15:56Z</time>
      </trkpt>
      <trkpt lat="-29.602172216400504" lon="29.331653667613864">
        <ele>2025.6400000000001</ele>
        <time>2015-05-01T13:15:57Z</time>
      </trkpt>
      <trkpt lat="-29.602161906659603" lon="29.33134906925261">
        <ele>2026.1199999999999</ele>
        <time>2015-05-01T13:16:01Z</time>
      </trkpt>
      <trkpt lat="-29.602251090109348" lon="29.330487912520766">
        <ele>2031.4000000000001</ele>
        <time>2015-05-01T13:16:13Z</time>
      </trkpt>
      <trkpt lat="-29.6021500043571" lon="29.329778216779232">
        <ele>2032.8399999999999</ele>
        <time>2015-05-01T13:16:23Z</time>
      </trkpt>
      <trkpt lat="-29.601992927491665" lon="29.328689575195312">
        <ele>2041.5</ele>
        <time>2015-05-01T13:16:37Z</time>
      </trkpt>
      <trkpt lat="-29.60200684145093" lon="29.3281324300915">
        <ele>2045.8199999999999</ele>
        <time>2015-05-01T13:16:44Z</time>
      </trkpt>
      <trkpt lat="-29.601996028795838" lon="29.328039977699518">
        <ele>2046.3</ele>
        <time>2015-05-01T13:16:45Z</time>
      </trkpt>
      <trkpt lat="-29.601982031017542" lon="29.327970910817385">
        <ele>2046.78</ele>
        <time>2015-05-01T13:16:46Z</time>
      </trkpt>
      <trkpt lat="-29.601959316059947" lon="29.327886588871479">
        <ele>2047.75</ele>
        <time>2015-05-01T13:16:47Z</time>
      </trkpt>
      <trkpt lat="-29.601936098188162" lon="29.327816599979997">
        <ele>2048.23</ele>
        <time>2015-05-01T13:16:48Z</time>
      </trkpt>
      <trkpt lat="-29.601628314703703" lon="29.326934404671192">
        <ele>2058.3200000000002</ele>
        <time>2015-05-01T13:17:02Z</time>
      </trkpt>
      <trkpt lat="-29.601438967511058" lon="29.326477674767375">
        <ele>2062.1700000000001</ele>
        <time>2015-05-01T13:17:12Z</time>
      </trkpt>
      <trkpt lat="-29.601293290033937" lon="29.326068889349699">
        <ele>2066.4899999999998</ele>
        <time>2015-05-01T13:17:18Z</time>
      </trkpt>
      <trkpt lat="-29.601286249235272" lon="29.326013484969735">
        <ele>2066.9699999999998</ele>
        <time>2015-05-01T13:17:19Z</time>
      </trkpt>
      <trkpt lat="-29.601281890645623" lon="29.325946681201458">
        <ele>2067.9299999999998</ele>
        <time>2015-05-01T13:17:20Z</time>
      </trkpt>
      <trkpt lat="-29.601283315569162" lon="29.325876524671912">
        <ele>2068.8899999999999</ele>
        <time>2015-05-01T13:17:21Z</time>
      </trkpt>
      <trkpt lat="-29.60128859616816" lon="29.325815252959728">
        <ele>2069.8600000000001</ele>
        <time>2015-05-01T13:17:22Z</time>
      </trkpt>
      <trkpt lat="-29.601294966414571" lon="29.325750879943371">
        <ele>2070.8200000000002</ele>
        <time>2015-05-01T13:17:23Z</time>
      </trkpt>
      <trkpt lat="-29.60129932500422" lon="29.325694134458899">
        <ele>2071.7800000000002</ele>
        <time>2015-05-01T13:17:24Z</time>
      </trkpt>
      <trkpt lat="-29.601297397166491" lon="29.325639652088284">
        <ele>2072.2600000000002</ele>
        <time>2015-05-01T13:17:25Z</time>
      </trkpt>
      <trkpt lat="-29.601285578683019" lon="29.325585169717669">
        <ele>2073.2199999999998</ele>
        <time>2015-05-01T13:17:26Z</time>
      </trkpt>
      <trkpt lat="-29.60126806050539" lon="29.325549462810159">
        <ele>2074.1799999999998</ele>
        <time>2015-05-01T13:17:27Z</time>
      </trkpt>
      <trkpt lat="-29.6012416575104" lon="29.325506128370762">
        <ele>2074.6599999999999</ele>
        <time>2015-05-01T13:17:28Z</time>
      </trkpt>
      <trkpt lat="-29.601140571758151" lon="29.325286438688636">
        <ele>2077.5500000000002</ele>
        <time>2015-05-01T13:17:32Z</time>
      </trkpt>
      <trkpt lat="-29.601132273674011" lon="29.325235225260258">
        <ele>2078.0300000000002</ele>
        <time>2015-05-01T13:17:33Z</time>
      </trkpt>
      <trkpt lat="-29.601049460470676" lon="29.324480351060629">
        <ele>2090.04</ele>
        <time>2015-05-01T13:17:46Z</time>
      </trkpt>
      <trkpt lat="-29.600746873766184" lon="29.323754142969847">
        <ele>2097.73</ele>
        <time>2015-05-01T13:17:57Z</time>
      </trkpt>
      <trkpt lat="-29.600307829678059" lon="29.323067078366876">
        <ele>2097.25</ele>
        <time>2015-05-01T13:18:08Z</time>
      </trkpt>
      <trkpt lat="-29.59979142062366" lon="29.322534827515483">
        <ele>2100.6199999999999</ele>
        <time>2015-05-01T13:18:18Z</time>
      </trkpt>
      <trkpt lat="-29.599682539701462" lon="29.322444386780262">
        <ele>2101.0999999999999</ele>
        <time>2015-05-01T13:18:20Z</time>
      </trkpt>
      <trkpt lat="-29.599636355414987" lon="29.322391329333186">
        <ele>2101.0999999999999</ele>
        <time>2015-05-01T13:18:21Z</time>
      </trkpt>
      <trkpt lat="-29.599594697356224" lon="29.322332488372922">
        <ele>2101.0999999999999</ele>
        <time>2015-05-01T13:18:22Z</time>
      </trkpt>
      <trkpt lat="-29.599557984620333" lon="29.322267696261406">
        <ele>2101.5799999999999</ele>
        <time>2015-05-01T13:18:23Z</time>
      </trkpt>
      <trkpt lat="-29.599523534998298" lon="29.322197875007987">
        <ele>2102.0599999999999</ele>
        <time>2015-05-01T13:18:24Z</time>
      </trkpt>
      <trkpt lat="-29.599400321021676" lon="29.321923200041056">
        <ele>2104.46</ele>
        <time>2015-05-01T13:18:28Z</time>
      </trkpt>
      <trkpt lat="-29.599380707368255" lon="29.321854133158922">
        <ele>2104.9400000000001</ele>
        <time>2015-05-01T13:18:29Z</time>
      </trkpt>
      <trkpt lat="-29.599292865023017" lon="29.321478540077806">
        <ele>2109.75</ele>
        <time>2015-05-01T13:18:35Z</time>
      </trkpt>
      <trkpt lat="-29.599279202520847" lon="29.321427075192332">
        <ele>2110.71</ele>
        <time>2015-05-01T13:18:36Z</time>
      </trkpt>
      <trkpt lat="-29.599257744848728" lon="29.321377873420715">
        <ele>2111.6700000000001</ele>
        <time>2015-05-01T13:18:37Z</time>
      </trkpt>
      <trkpt lat="-29.599231509491801" lon="29.321333449333906">
        <ele>2112.1500000000001</ele>
        <time>2015-05-01T13:18:38Z</time>
      </trkpt>
      <trkpt lat="-29.599199239164591" lon="29.321294305846095">
        <ele>2112.6300000000001</ele>
        <time>2015-05-01T13:18:39Z</time>
      </trkpt>
      <trkpt lat="-29.599163783714175" lon="29.32125742547214">
        <ele>2113.1199999999999</ele>
        <time>2015-05-01T13:18:40Z</time>
      </trkpt>
      <trkpt lat="-29.599124891683459" lon="29.321219958364964">
        <ele>2113.1199999999999</ele>
        <time>2015-05-01T13:18:41Z</time>
      </trkpt>
      <trkpt lat="-29.599094046279788" lon="29.321181401610374">
        <ele>2113.5999999999999</ele>
        <time>2015-05-01T13:18:42Z</time>
      </trkpt>
      <trkpt lat="-29.599068146198988" lon="29.3211386539042">
        <ele>2114.0799999999999</ele>
        <time>2015-05-01T13:18:43Z</time>
      </trkpt>
      <trkpt lat="-29.599043168127537" lon="29.321088949218392">
        <ele>2114.0799999999999</ele>
        <time>2015-05-01T13:18:44Z</time>
      </trkpt>
      <trkpt lat="-29.599018357694149" lon="29.321034550666809">
        <ele>2114.0799999999999</ele>
        <time>2015-05-01T13:18:45Z</time>
      </trkpt>
      <trkpt lat="-29.598931102082133" lon="29.320819890126586">
        <ele>2116</ele>
        <time>2015-05-01T13:18:49Z</time>
      </trkpt>
      <trkpt lat="-29.598916014656425" lon="29.320759624242783">
        <ele>2116.48</ele>
        <time>2015-05-01T13:18:50Z</time>
      </trkpt>
      <trkpt lat="-29.598902855068445" lon="29.320691730827093">
        <ele>2117.4400000000001</ele>
        <time>2015-05-01T13:18:51Z</time>
      </trkpt>
      <trkpt lat="-29.598852982744575" lon="29.320385288447142">
        <ele>2121.77</ele>
        <time>2015-05-01T13:18:56Z</time>
      </trkpt>
      <trkpt lat="-29.598585516214371" lon="29.319660924375057">
        <ele>2133.7800000000002</ele>
        <time>2015-05-01T13:19:09Z</time>
      </trkpt>
      <trkpt lat="-29.598429528996348" lon="29.318959945812821">
        <ele>2140.0300000000002</ele>
        <time>2015-05-01T13:19:20Z</time>
      </trkpt>
      <trkpt lat="-29.598388457670808" lon="29.31886363774538">
        <ele>2141.9499999999998</ele>
        <time>2015-05-01T13:19:22Z</time>
      </trkpt>
      <trkpt lat="-29.598360629752278" lon="29.318817369639874">
        <ele>2142.9200000000001</ele>
        <time>2015-05-01T13:19:23Z</time>
      </trkpt>
      <trkpt lat="-29.598276223987341" lon="29.31867060251534">
        <ele>2145.8000000000002</ele>
        <time>2015-05-01T13:19:26Z</time>
      </trkpt>
      <trkpt lat="-29.598191482946277" lon="29.318467173725367">
        <ele>2149.6500000000001</ele>
        <time>2015-05-01T13:19:30Z</time>
      </trkpt>
      <trkpt lat="-29.598179999738932" lon="29.318416295573115">
        <ele>2150.6100000000001</ele>
        <time>2015-05-01T13:19:31Z</time>
      </trkpt>
      <trkpt lat="-29.59816331975162" lon="29.31817414239049">
        <ele>2154.4499999999998</ele>
        <time>2015-05-01T13:19:35Z</time>
      </trkpt>
      <trkpt lat="-29.598175222054124" lon="29.318061992526054">
        <ele>2156.8600000000001</ele>
        <time>2015-05-01T13:19:37Z</time>
      </trkpt>
      <trkpt lat="-29.598186956718564" lon="29.318007342517376">
        <ele>2157.8200000000002</ele>
        <time>2015-05-01T13:19:38Z</time>
      </trkpt>
      <trkpt lat="-29.59820288233459" lon="29.317952608689666">
        <ele>2158.7800000000002</ele>
        <time>2015-05-01T13:19:39Z</time>
      </trkpt>
      <trkpt lat="-29.598221490159631" lon="29.317900892347097">
        <ele>2159.7399999999998</ele>
        <time>2015-05-01T13:19:40Z</time>
      </trkpt>
      <trkpt lat="-29.598245797678828" lon="29.317857390269637">
        <ele>2160.6999999999998</ele>
        <time>2015-05-01T13:19:41Z</time>
      </trkpt>
      <trkpt lat="-29.598273290321231" lon="29.317813217639923">
        <ele>2161.1799999999998</ele>
        <time>2015-05-01T13:19:42Z</time>
      </trkpt>
      <trkpt lat="-29.598336406052113" lon="29.317679274827242">
        <ele>2163.5799999999999</ele>
        <time>2015-05-01T13:19:45Z</time>
      </trkpt>
      <trkpt lat="-29.598345374688506" lon="29.317629402503371">
        <ele>2164.0599999999999</ele>
        <time>2015-05-01T13:19:46Z</time>
      </trkpt>
      <trkpt lat="-29.598314613103867" lon="29.316763719543815">
        <ele>2175.5999999999999</ele>
        <time>2015-05-01T13:20:00Z</time>
      </trkpt>
      <trkpt lat="-29.598166169598699" lon="29.316034577786922">
        <ele>2178</ele>
        <time>2015-05-01T13:20:10Z</time>
      </trkpt>
      <trkpt lat="-29.598142113536596" lon="29.315982107073069">
        <ele>2178</ele>
        <time>2015-05-01T13:20:11Z</time>
      </trkpt>
      <trkpt lat="-29.598109927028418" lon="29.31592745706439">
        <ele>2178</ele>
        <time>2015-05-01T13:20:12Z</time>
      </trkpt>
      <trkpt lat="-29.598006326705217" lon="29.315765853971243">
        <ele>2178.9699999999998</ele>
        <time>2015-05-01T13:20:15Z</time>
      </trkpt>
      <trkpt lat="-29.597962154075503" lon="29.31566652841866">
        <ele>2180.4099999999999</ele>
        <time>2015-05-01T13:20:17Z</time>
      </trkpt>
      <trkpt lat="-29.597943378612399" lon="29.31560643017292">
        <ele>2181.3699999999999</ele>
        <time>2015-05-01T13:20:18Z</time>
      </trkpt>
      <trkpt lat="-29.597928458824754" lon="29.315547421574593">
        <ele>2181.8499999999999</ele>
        <time>2015-05-01T13:20:19Z</time>
      </trkpt>
      <trkpt lat="-29.597897278144956" lon="29.315045848488808">
        <ele>2189.54</ele>
        <time>2015-05-01T13:20:28Z</time>
      </trkpt>
      <trkpt lat="-29.597904151305556" lon="29.314872846007347">
        <ele>2192.4200000000001</ele>
        <time>2015-05-01T13:20:31Z</time>
      </trkpt>
      <trkpt lat="-29.597943546250463" lon="29.314610995352268">
        <ele>2198.1900000000001</ele>
        <time>2015-05-01T13:20:36Z</time>
      </trkpt>
      <trkpt lat="-29.597940780222416" lon="29.314558357000351">
        <ele>2199.1500000000001</ele>
        <time>2015-05-01T13:20:37Z</time>
      </trkpt>
      <trkpt lat="-29.597929045557976" lon="29.314510831609368">
        <ele>2200.1100000000001</ele>
        <time>2015-05-01T13:20:38Z</time>
      </trkpt>
      <trkpt lat="-29.597895685583353" lon="29.314406560733914">
        <ele>2202.04</ele>
        <time>2015-05-01T13:20:40Z</time>
      </trkpt>
      <trkpt lat="-29.597784876823425" lon="29.313914123922586">
        <ele>2210.21</ele>
        <time>2015-05-01T13:20:48Z</time>
      </trkpt>
      <trkpt lat="-29.597762329503894" lon="29.313852014020085">
        <ele>2211.1700000000001</ele>
        <time>2015-05-01T13:20:49Z</time>
      </trkpt>
      <trkpt lat="-29.597613802179694" lon="29.313065791502595">
        <ele>2224.6300000000001</ele>
        <time>2015-05-01T13:21:02Z</time>
      </trkpt>
      <trkpt lat="-29.597610365599394" lon="29.313008543103933">
        <ele>2226.0700000000002</ele>
        <time>2015-05-01T13:21:03Z</time>
      </trkpt>
      <trkpt lat="-29.597598798573017" lon="29.312951629981399">
        <ele>2226.5500000000002</ele>
        <time>2015-05-01T13:21:04Z</time>
      </trkpt>
      <trkpt lat="-29.59758086130023" lon="29.312892789021134">
        <ele>2227.5100000000002</ele>
        <time>2015-05-01T13:21:05Z</time>
      </trkpt>
      <trkpt lat="-29.59756032563746" lon="29.3128358758986">
        <ele>2228.4699999999998</ele>
        <time>2015-05-01T13:21:06Z</time>
      </trkpt>
      <trkpt lat="-29.597539957612753" lon="29.312777202576399">
        <ele>2228.9499999999998</ele>
        <time>2015-05-01T13:21:07Z</time>
      </trkpt>
      <trkpt lat="-29.597526462748647" lon="29.312712578102946">
        <ele>2229.9200000000001</ele>
        <time>2015-05-01T13:21:08Z</time>
      </trkpt>
      <trkpt lat="-29.597380952909589" lon="29.311638688668609">
        <ele>2239.0500000000002</ele>
        <time>2015-05-01T13:21:23Z</time>
      </trkpt>
      <trkpt lat="-29.597315909340978" lon="29.311429476365447">
        <ele>2238.5700000000002</ele>
        <time>2015-05-01T13:21:27Z</time>
      </trkpt>
      <trkpt lat="-29.59730576723814" lon="29.311371138319373">
        <ele>2238.5700000000002</ele>
        <time>2015-05-01T13:21:28Z</time>
      </trkpt>
      <trkpt lat="-29.597302079200745" lon="29.311309866607189">
        <ele>2238.5700000000002</ele>
        <time>2015-05-01T13:21:29Z</time>
      </trkpt>
      <trkpt lat="-29.597306605428457" lon="29.311249349266291">
        <ele>2239.0500000000002</ele>
        <time>2015-05-01T13:21:30Z</time>
      </trkpt>
      <trkpt lat="-29.597320770844817" lon="29.311189753934741">
        <ele>2239.0500000000002</ele>
        <time>2015-05-01T13:21:31Z</time>
      </trkpt>
      <trkpt lat="-29.597340971231461" lon="29.311130829155445">
        <ele>2239.5300000000002</ele>
        <time>2015-05-01T13:21:32Z</time>
      </trkpt>
      <trkpt lat="-29.597365278750658" lon="29.311072994023561">
        <ele>2239.5300000000002</ele>
        <time>2015-05-01T13:21:33Z</time>
      </trkpt>
      <trkpt lat="-29.5976238604635" lon="29.310524147003889">
        <ele>2245.3000000000002</ele>
        <time>2015-05-01T13:21:44Z</time>
      </trkpt>
      <trkpt lat="-29.597657220438123" lon="29.310478884726763">
        <ele>2246.2600000000002</ele>
        <time>2015-05-01T13:21:45Z</time>
      </trkpt>
      <trkpt lat="-29.597692843526602" lon="29.310438735410571">
        <ele>2246.7399999999998</ele>
        <time>2015-05-01T13:21:46Z</time>
      </trkpt>
      <trkpt lat="-29.597734417766333" lon="29.310404872521758">
        <ele>2247.2199999999998</ele>
        <time>2015-05-01T13:21:47Z</time>
      </trkpt>
      <trkpt lat="-29.5977792609483" lon="29.310375452041626">
        <ele>2248.1799999999998</ele>
        <time>2015-05-01T13:21:48Z</time>
      </trkpt>
      <trkpt lat="-29.598332298919559" lon="29.309940095990896">
        <ele>2258.27</ele>
        <time>2015-05-01T13:22:01Z</time>
      </trkpt>
      <trkpt lat="-29.598633712157607" lon="29.309312542900443">
        <ele>2266.9299999999998</ele>
        <time>2015-05-01T13:22:14Z</time>
      </trkpt>
      <trkpt lat="-29.598566321656108" lon="29.309054128825665">
        <ele>2269.3299999999999</ele>
        <time>2015-05-01T13:22:20Z</time>
      </trkpt>
      <trkpt lat="-29.598560789600015" lon="29.309000568464398">
        <ele>2269.8099999999999</ele>
        <time>2015-05-01T13:22:21Z</time>
      </trkpt>
      <trkpt lat="-29.5985649805516" lon="29.30895815603435">
        <ele>2270.29</ele>
        <time>2015-05-01T13:22:22Z</time>
      </trkpt>
      <trkpt lat="-29.598576631397009" lon="29.308925550431013">
        <ele>2270.77</ele>
        <time>2015-05-01T13:22:23Z</time>
      </trkpt>
      <trkpt lat="-29.598597334697843" lon="29.30889068171382">
        <ele>2271.25</ele>
        <time>2015-05-01T13:22:24Z</time>
      </trkpt>
      <trkpt lat="-29.598626671358943" lon="29.308853046968579">
        <ele>2272.21</ele>
        <time>2015-05-01T13:22:25Z</time>
      </trkpt>
      <trkpt lat="-29.598663384094834" lon="29.308814574033022">
        <ele>2273.1700000000001</ele>
        <time>2015-05-01T13:22:26Z</time>
      </trkpt>
      <trkpt lat="-29.598700851202011" lon="29.30877978913486">
        <ele>2273.6599999999999</ele>
        <time>2015-05-01T13:22:27Z</time>
      </trkpt>
      <trkpt lat="-29.598859017714858" lon="29.30864249356091">
        <ele>2277.02</ele>
        <time>2015-05-01T13:22:31Z</time>
      </trkpt>
      <trkpt lat="-29.598956163972616" lon="29.308520033955574">
        <ele>2279.4200000000001</ele>
        <time>2015-05-01T13:22:34Z</time>
      </trkpt>
      <trkpt lat="-29.599135369062424" lon="29.30827796459198">
        <ele>2284.71</ele>
        <time>2015-05-01T13:22:41Z</time>
      </trkpt>
      <trkpt lat="-29.599174847826362" lon="29.308250388130546">
        <ele>2285.6700000000001</ele>
        <time>2015-05-01T13:22:42Z</time>
      </trkpt>
      <trkpt lat="-29.599694525822997" lon="29.307918213307858">
        <ele>2293.8400000000001</ele>
        <time>2015-05-01T13:22:51Z</time>
      </trkpt>
      <trkpt lat="-29.599768538028002" lon="29.307886026799679">
        <ele>2294.8000000000002</ele>
        <time>2015-05-01T13:22:52Z</time>
      </trkpt>
      <trkpt lat="-29.599840957671404" lon="29.307864150032401">
        <ele>2295.77</ele>
        <time>2015-05-01T13:22:53Z</time>
      </trkpt>
      <trkpt lat="-29.599910695105791" lon="29.307847637683153">
        <ele>2296.73</ele>
        <time>2015-05-01T13:22:54Z</time>
      </trkpt>
      <trkpt lat="-29.599976409226656" lon="29.30783380754292">
        <ele>2297.6900000000001</ele>
        <time>2015-05-01T13:22:55Z</time>
      </trkpt>
      <trkpt lat="-29.600247731432319" lon="29.307798519730568">
        <ele>2303.46</ele>
        <time>2015-05-01T13:23:00Z</time>
      </trkpt>
      <trkpt lat="-29.600343033671379" lon="29.307807656005025">
        <ele>2305.8600000000001</ele>
        <time>2015-05-01T13:23:02Z</time>
      </trkpt>
      <trkpt lat="-29.600384691730142" lon="29.307821653783321">
        <ele>2306.8200000000002</ele>
        <time>2015-05-01T13:23:03Z</time>
      </trkpt>
      <trkpt lat="-29.600427439436316" lon="29.307844955474138">
        <ele>2307.7800000000002</ele>
        <time>2015-05-01T13:23:04Z</time>
      </trkpt>
      <trkpt lat="-29.600468510761857" lon="29.307874292135239">
        <ele>2308.7399999999998</ele>
        <time>2015-05-01T13:23:05Z</time>
      </trkpt>
      <trkpt lat="-29.600505726411939" lon="29.307910166680813">
        <ele>2309.6999999999998</ele>
        <time>2015-05-01T13:23:06Z</time>
      </trkpt>
      <trkpt lat="-29.600539840757847" lon="29.307947298511863">
        <ele>2310.6700000000001</ele>
        <time>2015-05-01T13:23:07Z</time>
      </trkpt>
      <trkpt lat="-29.600646542385221" lon="29.308042600750923">
        <ele>2313.0700000000002</ele>
        <time>2015-05-01T13:23:10Z</time>
      </trkpt>
      <trkpt lat="-29.600958013907075" lon="29.308192552998662">
        <ele>2318.8400000000001</ele>
        <time>2015-05-01T13:23:17Z</time>
      </trkpt>
      <trkpt lat="-29.60100662894547" lon="29.308196995407343">
        <ele>2319.8000000000002</ele>
        <time>2015-05-01T13:23:18Z</time>
      </trkpt>
      <trkpt lat="-29.601056501269341" lon="29.308189954608679">
        <ele>2320.7600000000002</ele>
        <time>2015-05-01T13:23:19Z</time>
      </trkpt>
      <trkpt lat="-29.601435614749789" lon="29.308064980432391">
        <ele>2327.9699999999998</ele>
        <time>2015-05-01T13:23:28Z</time>
      </trkpt>
      <trkpt lat="-29.601445002481341" lon="29.308037403970957">
        <ele>2327.9699999999998</ele>
        <time>2015-05-01T13:23:29Z</time>
      </trkpt>
      <trkpt lat="-29.601454306393862" lon="29.307996667921543">
        <ele>2328.4499999999998</ele>
        <time>2015-05-01T13:23:30Z</time>
      </trkpt>
      <trkpt lat="-29.601462353020906" lon="29.307947130873799">
        <ele>2328.9299999999998</ele>
        <time>2015-05-01T13:23:31Z</time>
      </trkpt>
      <trkpt lat="-29.601461347192526" lon="29.307897761464119">
        <ele>2329.4099999999999</ele>
        <time>2015-05-01T13:23:32Z</time>
      </trkpt>
      <trkpt lat="-29.601445505395532" lon="29.30784747004509">
        <ele>2329.8899999999999</ele>
        <time>2015-05-01T13:23:33Z</time>
      </trkpt>
      <trkpt lat="-29.601414995267987" lon="29.307793909683824">
        <ele>2330.8499999999999</ele>
        <time>2015-05-01T13:23:34Z</time>
      </trkpt>
      <trkpt lat="-29.601383479312062" lon="29.307742780074477">
        <ele>2331.3299999999999</ele>
        <time>2015-05-01T13:23:35Z</time>
      </trkpt>
      <trkpt lat="-29.601352717727423" lon="29.307685699313879">
        <ele>2332.3000000000002</ele>
        <time>2015-05-01T13:23:36Z</time>
      </trkpt>
      <trkpt lat="-29.601324386894703" lon="29.307624008506536">
        <ele>2333.2600000000002</ele>
        <time>2015-05-01T13:23:37Z</time>
      </trkpt>
      <trkpt lat="-29.601261103525758" lon="29.307513367384672">
        <ele>2334.6999999999998</ele>
        <time>2015-05-01T13:23:39Z</time>
      </trkpt>
      <trkpt lat="-29.60122698917985" lon="29.307477325201035">
        <ele>2335.6599999999999</ele>
        <time>2015-05-01T13:23:40Z</time>
      </trkpt>
      <trkpt lat="-29.601187510415912" lon="29.307451341301203">
        <ele>2336.1399999999999</ele>
        <time>2015-05-01T13:23:41Z</time>
      </trkpt>
      <trkpt lat="-29.601141074672341" lon="29.307431811466813">
        <ele>2336.6199999999999</ele>
        <time>2015-05-01T13:23:42Z</time>
      </trkpt>
      <trkpt lat="-29.601095644757152" lon="29.307419238612056">
        <ele>2337.0999999999999</ele>
        <time>2015-05-01T13:23:43Z</time>
      </trkpt>
      <trkpt lat="-29.601046526804566" lon="29.307410605251789">
        <ele>2337.5799999999999</ele>
        <time>2015-05-01T13:23:44Z</time>
      </trkpt>
      <trkpt lat="-29.601002857089043" lon="29.307401971891522">
        <ele>2338.54</ele>
        <time>2015-05-01T13:23:45Z</time>
      </trkpt>
      <trkpt lat="-29.600964970886707" lon="29.307390572503209">
        <ele>2339.02</ele>
        <time>2015-05-01T13:23:46Z</time>
      </trkpt>
      <trkpt lat="-29.600934879854321" lon="29.307378251105547">
        <ele>2339.5100000000002</ele>
        <time>2015-05-01T13:23:47Z</time>
      </trkpt>
      <trkpt lat="-29.600862124934793" lon="29.307346735149622">
        <ele>2340.4699999999998</ele>
        <time>2015-05-01T13:23:49Z</time>
      </trkpt>
      <trkpt lat="-29.600823316723108" lon="29.307324606925249">
        <ele>2341.4299999999998</ele>
        <time>2015-05-01T13:23:50Z</time>
      </trkpt>
      <trkpt lat="-29.600746287032962" lon="29.307266939431429">
        <ele>2342.3899999999999</ele>
        <time>2015-05-01T13:23:52Z</time>
      </trkpt>
      <trkpt lat="-29.600713010877371" lon="29.307230561971664">
        <ele>2343.3499999999999</ele>
        <time>2015-05-01T13:23:53Z</time>
      </trkpt>
      <trkpt lat="-29.600686859339476" lon="29.30717708542943">
        <ele>2343.8299999999999</ele>
        <time>2015-05-01T13:23:54Z</time>
      </trkpt>
      <trkpt lat="-29.600673783570528" lon="29.307129895314574">
        <ele>2344.79</ele>
        <time>2015-05-01T13:23:55Z</time>
      </trkpt>
      <trkpt lat="-29.600660372525454" lon="29.307072814553976">
        <ele>2345.75</ele>
        <time>2015-05-01T13:23:56Z</time>
      </trkpt>
      <trkpt lat="-29.60064209997654" lon="29.307014057412744">
        <ele>2346.23</ele>
        <time>2015-05-01T13:23:57Z</time>
      </trkpt>
      <trkpt lat="-29.600619468837976" lon="29.306969633325934">
        <ele>2346.7199999999998</ele>
        <time>2015-05-01T13:23:58Z</time>
      </trkpt>
      <trkpt lat="-29.600586695596576" lon="29.306934932246804">
        <ele>2347.1999999999998</ele>
        <time>2015-05-01T13:23:59Z</time>
      </trkpt>
      <trkpt lat="-29.600548977032304" lon="29.306914731860161">
        <ele>2348.1599999999999</ele>
        <time>2015-05-01T13:24:00Z</time>
      </trkpt>
      <trkpt lat="-29.600506648421288" lon="29.306904003024101">
        <ele>2348.6399999999999</ele>
        <time>2015-05-01T13:24:01Z</time>
      </trkpt>
      <trkpt lat="-29.60046230815351" lon="29.306906266137958">
        <ele>2349.1199999999999</ele>
        <time>2015-05-01T13:24:02Z</time>
      </trkpt>
      <trkpt lat="-29.600416794419289" lon="29.306920347735286">
        <ele>2350.0799999999999</ele>
        <time>2015-05-01T13:24:03Z</time>
      </trkpt>
      <trkpt lat="-29.600371783599257" lon="29.306940212845802">
        <ele>2350.5599999999999</ele>
        <time>2015-05-01T13:24:04Z</time>
      </trkpt>
      <trkpt lat="-29.600321995094419" lon="29.306958401575685">
        <ele>2351.04</ele>
        <time>2015-05-01T13:24:05Z</time>
      </trkpt>
      <trkpt lat="-29.600269692018628" lon="29.306971896439791">
        <ele>2351.52</ele>
        <time>2015-05-01T13:24:06Z</time>
      </trkpt>
      <trkpt lat="-29.600215880200267" lon="29.306977344676852">
        <ele>2352</ele>
        <time>2015-05-01T13:24:07Z</time>
      </trkpt>
      <trkpt lat="-29.600160475820303" lon="29.306974913924932">
        <ele>2352.48</ele>
        <time>2015-05-01T13:24:08Z</time>
      </trkpt>
      <trkpt lat="-29.60010658018291" lon="29.306970220059156">
        <ele>2352.96</ele>
        <time>2015-05-01T13:24:09Z</time>
      </trkpt>
      <trkpt lat="-29.600003063678741" lon="29.30697089061141">
        <ele>2353.9299999999998</ele>
        <time>2015-05-01T13:24:11Z</time>
      </trkpt>
      <trkpt lat="-29.599960399791598" lon="29.306976841762662">
        <ele>2354.4099999999999</ele>
        <time>2015-05-01T13:24:12Z</time>
      </trkpt>
      <trkpt lat="-29.599918238818645" lon="29.306988241150975">
        <ele>2354.8899999999999</ele>
        <time>2015-05-01T13:24:13Z</time>
      </trkpt>
      <trkpt lat="-29.599743308499455" lon="29.307027636095881">
        <ele>2356.3299999999999</ele>
        <time>2015-05-01T13:24:17Z</time>
      </trkpt>
      <trkpt lat="-29.599696034565568" lon="29.307027300819755">
        <ele>2356.8099999999999</ele>
        <time>2015-05-01T13:24:18Z</time>
      </trkpt>
      <trkpt lat="-29.599597882479429" lon="29.307021936401725">
        <ele>2357.77</ele>
        <time>2015-05-01T13:24:20Z</time>
      </trkpt>
      <trkpt lat="-29.599349275231361" lon="29.306994611397386">
        <ele>2359.6900000000001</ele>
        <time>2015-05-01T13:24:25Z</time>
      </trkpt>
      <trkpt lat="-29.599302420392632" lon="29.306978601962328">
        <ele>2359.6900000000001</ele>
        <time>2015-05-01T13:24:26Z</time>
      </trkpt>
      <trkpt lat="-29.59927149116993" lon="29.306959407404065">
        <ele>2360.1700000000001</ele>
        <time>2015-05-01T13:24:27Z</time>
      </trkpt>
      <trkpt lat="-29.599242405965924" lon="29.306932082399726">
        <ele>2360.1700000000001</ele>
        <time>2015-05-01T13:24:28Z</time>
      </trkpt>
      <trkpt lat="-29.599213907495141" lon="29.306900817900896">
        <ele>2360.1700000000001</ele>
        <time>2015-05-01T13:24:29Z</time>
      </trkpt>
      <trkpt lat="-29.599189013242722" lon="29.306863350793719">
        <ele>2360.6500000000001</ele>
        <time>2015-05-01T13:24:30Z</time>
      </trkpt>
      <trkpt lat="-29.599167890846729" lon="29.30681498721242">
        <ele>2361.1399999999999</ele>
        <time>2015-05-01T13:24:31Z</time>
      </trkpt>
      <trkpt lat="-29.599156323820353" lon="29.306754218414426">
        <ele>2361.1399999999999</ele>
        <time>2015-05-01T13:24:32Z</time>
      </trkpt>
      <trkpt lat="-29.599155737087131" lon="29.30670065805316">
        <ele>2361.6199999999999</ele>
        <time>2015-05-01T13:24:33Z</time>
      </trkpt>
      <trkpt lat="-29.599162526428699" lon="29.306639134883881">
        <ele>2362.0999999999999</ele>
        <time>2015-05-01T13:24:34Z</time>
      </trkpt>
      <trkpt lat="-29.599174596369267" lon="29.306585742160678">
        <ele>2362.5799999999999</ele>
        <time>2015-05-01T13:24:35Z</time>
      </trkpt>
      <trkpt lat="-29.599251290783286" lon="29.30623697116971">
        <ele>2365.46</ele>
        <time>2015-05-01T13:24:41Z</time>
      </trkpt>
      <trkpt lat="-29.599255062639713" lon="29.306167820468545">
        <ele>2366.4200000000001</ele>
        <time>2015-05-01T13:24:42Z</time>
      </trkpt>
      <trkpt lat="-29.599207201972604" lon="29.30542292073369">
        <ele>2369.79</ele>
        <time>2015-05-01T13:24:51Z</time>
      </trkpt>
      <trkpt lat="-29.599207621067762" lon="29.305324433371425">
        <ele>2370.27</ele>
        <time>2015-05-01T13:24:52Z</time>
      </trkpt>
      <trkpt lat="-29.599213739857078" lon="29.304921766743064">
        <ele>2369.79</ele>
        <time>2015-05-01T13:24:57Z</time>
      </trkpt>
      <trkpt lat="-29.599203346297145" lon="29.304878264665604">
        <ele>2369.79</ele>
        <time>2015-05-01T13:24:58Z</time>
      </trkpt>
      <trkpt lat="-29.599190102890134" lon="29.304846413433552">
        <ele>2369.3099999999999</ele>
        <time>2015-05-01T13:24:59Z</time>
      </trkpt>
      <trkpt lat="-29.599175183102489" lon="29.304821100085974">
        <ele>2369.3099999999999</ele>
        <time>2015-05-01T13:25:00Z</time>
      </trkpt>
      <trkpt lat="-29.599156240001321" lon="29.304796205833554">
        <ele>2368.8299999999999</ele>
        <time>2015-05-01T13:25:01Z</time>
      </trkpt>
      <trkpt lat="-29.599096812307835" lon="29.304753290489316">
        <ele>2369.3099999999999</ele>
        <time>2015-05-01T13:25:03Z</time>
      </trkpt>
      <trkpt lat="-29.598967814818025" lon="29.304692018777132">
        <ele>2371.23</ele>
        <time>2015-05-01T13:25:06Z</time>
      </trkpt>
      <trkpt lat="-29.59892020560801" lon="29.304663185030222">
        <ele>2371.71</ele>
        <time>2015-05-01T13:25:07Z</time>
      </trkpt>
      <trkpt lat="-29.598650643602014" lon="29.304518429562449">
        <ele>2373.1500000000001</ele>
        <time>2015-05-01T13:25:12Z</time>
      </trkpt>
      <trkpt lat="-29.598592221736908" lon="29.304509544745088">
        <ele>2373.6300000000001</ele>
        <time>2015-05-01T13:25:13Z</time>
      </trkpt>
      <trkpt lat="-29.598533129319549" lon="29.3045106343925">
        <ele>2374.1100000000001</ele>
        <time>2015-05-01T13:25:14Z</time>
      </trkpt>
      <trkpt lat="-29.598475210368633" lon="29.304520608857274">
        <ele>2374.5900000000001</ele>
        <time>2015-05-01T13:25:15Z</time>
      </trkpt>
      <trkpt lat="-29.598417542874813" lon="29.304535361006856">
        <ele>2375.5500000000002</ele>
        <time>2015-05-01T13:25:16Z</time>
      </trkpt>
      <trkpt lat="-29.59804161451757" lon="29.304691180586815">
        <ele>2379.4000000000001</ele>
        <time>2015-05-01T13:25:22Z</time>
      </trkpt>
      <trkpt lat="-29.597981432452798" lon="29.304736023768783">
        <ele>2380.3600000000001</ele>
        <time>2015-05-01T13:25:23Z</time>
      </trkpt>
      <trkpt lat="-29.597936505451798" lon="29.304776256904006">
        <ele>2380.8400000000001</ele>
        <time>2015-05-01T13:25:24Z</time>
      </trkpt>
      <trkpt lat="-29.597895098850131" lon="29.304826045408845">
        <ele>2381.8000000000002</ele>
        <time>2015-05-01T13:25:25Z</time>
      </trkpt>
      <trkpt lat="-29.597859643399715" lon="29.304883209988475">
        <ele>2382.2800000000002</ele>
        <time>2015-05-01T13:25:26Z</time>
      </trkpt>
      <trkpt lat="-29.597825948148966" lon="29.304942805320024">
        <ele>2383.25</ele>
        <time>2015-05-01T13:25:27Z</time>
      </trkpt>
      <trkpt lat="-29.597423700615764" lon="29.305444378405809">
        <ele>2388.5300000000002</ele>
        <time>2015-05-01T13:25:35Z</time>
      </trkpt>
      <trkpt lat="-29.597362345084548" lon="29.305486036464572">
        <ele>2389.4899999999998</ele>
        <time>2015-05-01T13:25:36Z</time>
      </trkpt>
      <trkpt lat="-29.597297888249159" lon="29.305519899353385">
        <ele>2389.9699999999998</ele>
        <time>2015-05-01T13:25:37Z</time>
      </trkpt>
      <trkpt lat="-29.596692714840174" lon="29.30591837503016">
        <ele>2396.6999999999998</ele>
        <time>2015-05-01T13:25:48Z</time>
      </trkpt>
      <trkpt lat="-29.596525244414806" lon="29.306114260107279">
        <ele>2397.1799999999998</ele>
        <time>2015-05-01T13:25:57Z</time>
      </trkpt>
      <trkpt lat="-29.596528680995107" lon="29.306108225136995">
        <ele>2396.6999999999998</ele>
        <time>2015-05-01T13:26:17Z</time>
      </trkpt>
      <trkpt lat="-29.596530022099614" lon="29.306104369461536">
        <ele>2397.1799999999998</ele>
        <time>2015-05-01T13:26:19Z</time>
      </trkpt>
      <trkpt lat="-29.596529770642519" lon="29.306098166853189">
        <ele>2397.6700000000001</ele>
        <time>2015-05-01T13:26:31Z</time>
      </trkpt>
      <trkpt lat="-29.596517784520984" lon="29.30609037168324">
        <ele>2398.1500000000001</ele>
        <time>2015-05-01T13:26:53Z</time>
      </trkpt>
      <trkpt lat="-29.596530441194773" lon="29.306083582341671">
        <ele>2398.1500000000001</ele>
        <time>2015-05-01T13:27:06Z</time>
      </trkpt>
      <trkpt lat="-29.596564304083586" lon="29.305947627872229">
        <ele>2399.1100000000001</ele>
        <time>2015-05-01T13:27:16Z</time>
      </trkpt>
      <trkpt lat="-29.59656061604619" lon="29.305875794962049">
        <ele>2399.1100000000001</ele>
        <time>2015-05-01T13:27:25Z</time>
      </trkpt>
      <trkpt lat="-29.596588108688593" lon="29.305799100548029">
        <ele>2400.5500000000002</ele>
        <time>2015-05-01T13:27:38Z</time>
      </trkpt>
      <trkpt lat="-29.596587354317307" lon="29.305813517421484">
        <ele>2400.5500000000002</ele>
        <time>2015-05-01T13:27:46Z</time>
      </trkpt>
      <trkpt lat="-29.596541756764054" lon="29.305927008390427">
        <ele>2399.5900000000001</ele>
        <time>2015-05-01T13:27:54Z</time>
      </trkpt>
      <trkpt lat="-29.596532536670566" lon="29.306098502129316">
        <ele>2399.5900000000001</ele>
        <time>2015-05-01T13:28:04Z</time>
      </trkpt>
      <trkpt lat="-29.596546953544021" lon="29.306102022528648">
        <ele>2399.1100000000001</ele>
        <time>2015-05-01T13:28:19Z</time>
      </trkpt>
      <trkpt lat="-29.596555838361382" lon="29.306104872375727">
        <ele>2399.1100000000001</ele>
        <time>2015-05-01T13:28:50Z</time>
      </trkpt>
      <trkpt lat="-29.596549719572067" lon="29.306108308956027">
        <ele>2400.0700000000002</ele>
        <time>2015-05-01T13:29:23Z</time>
      </trkpt>
      <trkpt lat="-29.596558939665556" lon="29.306102944537997">
        <ele>2400.0700000000002</ele>
        <time>2015-05-01T13:29:52Z</time>
      </trkpt>
      <trkpt lat="-29.59654008038342" lon="29.306102441623807">
        <ele>2401.0300000000002</ele>
        <time>2015-05-01T13:30:26Z</time>
      </trkpt>
      <trkpt lat="-29.596553239971399" lon="29.306106213480234">
        <ele>2399.1100000000001</ele>
        <time>2015-05-01T13:30:52Z</time>
      </trkpt>
      <trkpt lat="-29.596537565812469" lon="29.306094478815794">
        <ele>2399.1100000000001</ele>
        <time>2015-05-01T13:31:26Z</time>
      </trkpt>
      <trkpt lat="-29.596528178080916" lon="29.306110655888915">
        <ele>2401.5100000000002</ele>
        <time>2015-05-01T13:32:07Z</time>
      </trkpt>
      <trkpt lat="-29.596542008221149" lon="29.306100681424141">
        <ele>2400.0700000000002</ele>
        <time>2015-05-01T13:32:37Z</time>
      </trkpt>
      <trkpt lat="-29.596546785905957" lon="29.306108895689249">
        <ele>2399.1100000000001</ele>
        <time>2015-05-01T13:32:53Z</time>
      </trkpt>
      <trkpt lat="-29.596546869724989" lon="29.306099005043507">
        <ele>2399.1100000000001</ele>
        <time>2015-05-01T13:33:07Z</time>
      </trkpt>
      <trkpt lat="-29.596546534448862" lon="29.306095233187079">
        <ele>2399.5900000000001</ele>
        <time>2015-05-01T13:33:30Z</time>
      </trkpt>
      <trkpt lat="-29.596537398174405" lon="29.306096574291587">
        <ele>2398.6300000000001</ele>
        <time>2015-05-01T13:33:43Z</time>
      </trkpt>
      <trkpt lat="-29.596535135060549" lon="29.306120797991753">
        <ele>2398.1500000000001</ele>
        <time>2015-05-01T13:33:56Z</time>
      </trkpt>
      <trkpt lat="-29.5965342130512" lon="29.306109314784408">
        <ele>2398.1500000000001</ele>
        <time>2015-05-01T13:34:11Z</time>
      </trkpt>
      <trkpt lat="-29.596531363204122" lon="29.306102525442839">
        <ele>2398.1500000000001</ele>
        <time>2015-05-01T13:34:26Z</time>
      </trkpt>
      <trkpt lat="-29.596511498093605" lon="29.306086599826813">
        <ele>2398.6300000000001</ele>
        <time>2015-05-01T13:34:37Z</time>
      </trkpt>
      <trkpt lat="-29.596548294648528" lon="29.306092550978065">
        <ele>2398.1500000000001</ele>
        <time>2015-05-01T13:34:51Z</time>
      </trkpt>
      <trkpt lat="-29.596543349325657" lon="29.3061304371804">
        <ele>2398.6300000000001</ele>
        <time>2015-05-01T13:35:02Z</time>
      </trkpt>
      <trkpt lat="-29.596555670723319" lon="29.306186428293586">
        <ele>2398.6300000000001</ele>
        <time>2015-05-01T13:35:17Z</time>
      </trkpt>
      <trkpt lat="-29.596575787290931" lon="29.306268487125635">
        <ele>2398.1500000000001</ele>
        <time>2015-05-01T13:35:25Z</time>
      </trkpt>
      <trkpt lat="-29.596582911908627" lon="29.306301008909941">
        <ele>2398.1500000000001</ele>
        <time>2015-05-01T13:35:28Z</time>
      </trkpt>
      <trkpt lat="-29.596614511683583" lon="29.306403854861856">
        <ele>2398.1500000000001</ele>
        <time>2015-05-01T13:35:39Z</time>
      </trkpt>
      <trkpt lat="-29.596635885536671" lon="29.306423887610435">
        <ele>2397.6700000000001</ele>
        <time>2015-05-01T13:35:48Z</time>
      </trkpt>
      <trkpt lat="-29.596634460613132" lon="29.306421373039484">
        <ele>2398.6300000000001</ele>
        <time>2015-05-01T13:35:59Z</time>
      </trkpt>
      <trkpt lat="-29.596619624644518" lon="29.306430425494909">
        <ele>2396.6999999999998</ele>
        <time>2015-05-01T13:36:12Z</time>
      </trkpt>
      <trkpt lat="-29.596619792282581" lon="29.306370578706264">
        <ele>2395.7399999999998</ele>
        <time>2015-05-01T13:36:22Z</time>
      </trkpt>
      <trkpt lat="-29.596613254398108" lon="29.306321209296584">
        <ele>2395.7399999999998</ele>
        <time>2015-05-01T13:36:28Z</time>
      </trkpt>
      <trkpt lat="-29.596589030697942" lon="29.306238396093249">
        <ele>2395.7399999999998</ele>
        <time>2015-05-01T13:36:38Z</time>
      </trkpt>
      <trkpt lat="-29.596569500863552" lon="29.30616463534534">
        <ele>2396.6999999999998</ele>
        <time>2015-05-01T13:36:48Z</time>
      </trkpt>
      <trkpt lat="-29.596551647409797" lon="29.306105710566044">
        <ele>2397.6700000000001</ele>
        <time>2015-05-01T13:36:55Z</time>
      </trkpt>
      <trkpt lat="-29.596520382910967" lon="29.306107386946678">
        <ele>2398.1500000000001</ele>
        <time>2015-05-01T13:37:05Z</time>
      </trkpt>
      <trkpt lat="-29.596536308526993" lon="29.30610847659409">
        <ele>2395.2600000000002</ele>
        <time>2015-05-01T13:37:26Z</time>
      </trkpt>
      <trkpt lat="-29.596537314355373" lon="29.306105291470885">
        <ele>2395.2600000000002</ele>
        <time>2015-05-01T13:37:50Z</time>
      </trkpt>
      <trkpt lat="-29.596531698480248" lon="29.306106213480234">
        <ele>2397.1799999999998</ele>
        <time>2015-05-01T13:38:13Z</time>
      </trkpt>
      <trkpt lat="-29.596534464508295" lon="29.306095568463206">
        <ele>2396.2199999999998</ele>
        <time>2015-05-01T13:38:31Z</time>
      </trkpt>
      <trkpt lat="-29.59639398381114" lon="29.305799100548029">
        <ele>2399.5900000000001</ele>
        <time>2015-05-01T13:38:39Z</time>
      </trkpt>
      <trkpt lat="-29.596376297995448" lon="29.30573757737875">
        <ele>2400.5500000000002</ele>
        <time>2015-05-01T13:38:40Z</time>
      </trkpt>
      <trkpt lat="-29.59636221639812" lon="29.305675718933344">
        <ele>2401.0300000000002</ele>
        <time>2015-05-01T13:38:41Z</time>
      </trkpt>
      <trkpt lat="-29.596353331580758" lon="29.305615955963731">
        <ele>2401.9899999999998</ele>
        <time>2015-05-01T13:38:42Z</time>
      </trkpt>
      <trkpt lat="-29.596345871686935" lon="29.305553929880261">
        <ele>2402.9499999999998</ele>
        <time>2015-05-01T13:38:43Z</time>
      </trkpt>
      <trkpt lat="-29.596347212791443" lon="29.305318398401141">
        <ele>2406.3200000000002</ele>
        <time>2015-05-01T13:38:47Z</time>
      </trkpt>
      <trkpt lat="-29.596381662413478" lon="29.305062331259251">
        <ele>2408.7199999999998</ele>
        <time>2015-05-01T13:38:51Z</time>
      </trkpt>
      <trkpt lat="-29.596380069851875" lon="29.305001311004162">
        <ele>2409.1999999999998</ele>
        <time>2015-05-01T13:38:52Z</time>
      </trkpt>
      <trkpt lat="-29.596363222226501" lon="29.304842473939061">
        <ele>2411.1199999999999</ele>
        <time>2015-05-01T13:38:55Z</time>
      </trkpt>
      <trkpt lat="-29.596352661028504" lon="29.304782208055258">
        <ele>2411.5999999999999</ele>
        <time>2015-05-01T13:38:56Z</time>
      </trkpt>
      <trkpt lat="-29.596220226958394" lon="29.303923733532429">
        <ele>2420.7399999999998</ele>
        <time>2015-05-01T13:39:06Z</time>
      </trkpt>
      <trkpt lat="-29.595934487879276" lon="29.302723780274391">
        <ele>2436.1199999999999</ele>
        <time>2015-05-01T13:39:21Z</time>
      </trkpt>
      <trkpt lat="-29.595879251137376" lon="29.302463941276073">
        <ele>2439.48</ele>
        <time>2015-05-01T13:39:25Z</time>
      </trkpt>
      <trkpt lat="-29.595860810950398" lon="29.302412224933505">
        <ele>2440.4400000000001</ele>
        <time>2015-05-01T13:39:26Z</time>
      </trkpt>
      <trkpt lat="-29.595842622220516" lon="29.302376350387931">
        <ele>2441.4099999999999</ele>
        <time>2015-05-01T13:39:27Z</time>
      </trkpt>
      <trkpt lat="-29.595823343843222" lon="29.302352881059051">
        <ele>2441.8899999999999</ele>
        <time>2015-05-01T13:39:28Z</time>
      </trkpt>
      <trkpt lat="-29.595803897827864" lon="29.302333267405629">
        <ele>2442.3699999999999</ele>
        <time>2015-05-01T13:39:29Z</time>
      </trkpt>
      <trkpt lat="-29.595689149573445" lon="29.302262105047703">
        <ele>2442.8499999999999</ele>
        <time>2015-05-01T13:39:33Z</time>
      </trkpt>
      <trkpt lat="-29.595637517049909" lon="29.302249616011977">
        <ele>2442.8499999999999</ele>
        <time>2015-05-01T13:39:34Z</time>
      </trkpt>
      <trkpt lat="-29.595582699403167" lon="29.302249364554882">
        <ele>2443.3299999999999</ele>
        <time>2015-05-01T13:39:35Z</time>
      </trkpt>
      <trkpt lat="-29.595528300851583" lon="29.302260428667068">
        <ele>2444.29</ele>
        <time>2015-05-01T13:39:36Z</time>
      </trkpt>
      <trkpt lat="-29.595479518175125" lon="29.302285742014647">
        <ele>2444.77</ele>
        <time>2015-05-01T13:39:37Z</time>
      </trkpt>
      <trkpt lat="-29.595438782125711" lon="29.30231767706573">
        <ele>2445.73</ele>
        <time>2015-05-01T13:39:38Z</time>
      </trkpt>
      <trkpt lat="-29.595398800447583" lon="29.302352294325829">
        <ele>2446.21</ele>
        <time>2015-05-01T13:39:39Z</time>
      </trkpt>
      <trkpt lat="-29.595359740778804" lon="29.302388923242688">
        <ele>2447.1700000000001</ele>
        <time>2015-05-01T13:39:40Z</time>
      </trkpt>
      <trkpt lat="-29.595200149342418" lon="29.302529990673065">
        <ele>2450.54</ele>
        <time>2015-05-01T13:39:44Z</time>
      </trkpt>
      <trkpt lat="-29.595156228169799" lon="29.302555387839675">
        <ele>2451.02</ele>
        <time>2015-05-01T13:39:45Z</time>
      </trkpt>
      <trkpt lat="-29.595126220956445" lon="29.30257273837924">
        <ele>2451.98</ele>
        <time>2015-05-01T13:39:46Z</time>
      </trkpt>
      <trkpt lat="-29.595107110217214" lon="29.302584053948522">
        <ele>2452.46</ele>
        <time>2015-05-01T13:39:47Z</time>
      </trkpt>
      <trkpt lat="-29.595041982829571" lon="29.302626047283411">
        <ele>2453.9000000000001</ele>
        <time>2015-05-01T13:39:58Z</time>
      </trkpt>
      <trkpt lat="-29.594953805208206" lon="29.302698383107781">
        <ele>2454.3800000000001</ele>
        <time>2015-05-01T13:40:00Z</time>
      </trkpt>
      <trkpt lat="-29.594913236796856" lon="29.302750434726477">
        <ele>2454.8600000000001</ele>
        <time>2015-05-01T13:40:01Z</time>
      </trkpt>
      <trkpt lat="-29.594879541546106" lon="29.302811622619629">
        <ele>2455.8200000000002</ele>
        <time>2015-05-01T13:40:02Z</time>
      </trkpt>
      <trkpt lat="-29.594852300360799" lon="29.302881360054016">
        <ele>2456.3099999999999</ele>
        <time>2015-05-01T13:40:03Z</time>
      </trkpt>
      <trkpt lat="-29.594832435250282" lon="29.302946152165532">
        <ele>2456.79</ele>
        <time>2015-05-01T13:40:04Z</time>
      </trkpt>
      <trkpt lat="-29.594809385016561" lon="29.303003484383225">
        <ele>2457.27</ele>
        <time>2015-05-01T13:40:05Z</time>
      </trkpt>
      <trkpt lat="-29.59478197619319" lon="29.303040197119117">
        <ele>2457.75</ele>
        <time>2015-05-01T13:40:06Z</time>
      </trkpt>
      <trkpt lat="-29.594750544056296" lon="29.303060481324792">
        <ele>2457.75</ele>
        <time>2015-05-01T13:40:07Z</time>
      </trkpt>
      <trkpt lat="-29.594713244587183" lon="29.303066516295075">
        <ele>2458.23</ele>
        <time>2015-05-01T13:40:08Z</time>
      </trkpt>
      <trkpt lat="-29.594673095270991" lon="29.303056877106428">
        <ele>2458.71</ele>
        <time>2015-05-01T13:40:09Z</time>
      </trkpt>
      <trkpt lat="-29.594635628163815" lon="29.303035167977214">
        <ele>2459.1900000000001</ele>
        <time>2015-05-01T13:40:10Z</time>
      </trkpt>
      <trkpt lat="-29.594597741961479" lon="29.303000550717115">
        <ele>2459.6700000000001</ele>
        <time>2015-05-01T13:40:11Z</time>
      </trkpt>
      <trkpt lat="-29.594560945406556" lon="29.302958641201258">
        <ele>2460.1500000000001</ele>
        <time>2015-05-01T13:40:12Z</time>
      </trkpt>
      <trkpt lat="-29.594528004527092" lon="29.302915390580893">
        <ele>2460.6300000000001</ele>
        <time>2015-05-01T13:40:13Z</time>
      </trkpt>
      <trkpt lat="-29.594112681224942" lon="29.302136544138193">
        <ele>2473.1300000000001</ele>
        <time>2015-05-01T13:40:26Z</time>
      </trkpt>
      <trkpt lat="-29.594101114198565" lon="29.302074182778597">
        <ele>2474.0900000000001</ele>
        <time>2015-05-01T13:40:27Z</time>
      </trkpt>
      <trkpt lat="-29.594094743952155" lon="29.302007630467415">
        <ele>2474.5700000000002</ele>
        <time>2015-05-01T13:40:28Z</time>
      </trkpt>
      <trkpt lat="-29.594084182754159" lon="29.300881270319223">
        <ele>2487.5500000000002</ele>
        <time>2015-05-01T13:40:43Z</time>
      </trkpt>
      <trkpt lat="-29.594061216339469" lon="29.300242234021425">
        <ele>2497.1599999999999</ele>
        <time>2015-05-01T13:40:52Z</time>
      </trkpt>
      <trkpt lat="-29.594043446704745" lon="29.300191188231111">
        <ele>2498.1199999999999</ele>
        <time>2015-05-01T13:40:53Z</time>
      </trkpt>
      <trkpt lat="-29.594014193862677" lon="29.300152212381363">
        <ele>2499.0799999999999</ele>
        <time>2015-05-01T13:40:54Z</time>
      </trkpt>
      <trkpt lat="-29.593974212184548" lon="29.300124049186707">
        <ele>2499.5700000000002</ele>
        <time>2015-05-01T13:40:55Z</time>
      </trkpt>
      <trkpt lat="-29.593926854431629" lon="29.300105357542634">
        <ele>2500.5300000000002</ele>
        <time>2015-05-01T13:40:56Z</time>
      </trkpt>
      <trkpt lat="-29.593873210251331" lon="29.300092700868845">
        <ele>2501.4899999999998</ele>
        <time>2015-05-01T13:40:57Z</time>
      </trkpt>
      <trkpt lat="-29.593814872205257" lon="29.30008415132761">
        <ele>2502.4499999999998</ele>
        <time>2015-05-01T13:40:58Z</time>
      </trkpt>
      <trkpt lat="-29.593756953254342" lon="29.3000812176615">
        <ele>2503.4099999999999</ele>
        <time>2015-05-01T13:40:59Z</time>
      </trkpt>
      <trkpt lat="-29.593648659065366" lon="29.300070321187377">
        <ele>2505.3299999999999</ele>
        <time>2015-05-01T13:41:01Z</time>
      </trkpt>
      <trkpt lat="-29.593602893874049" lon="29.300054479390383">
        <ele>2506.29</ele>
        <time>2015-05-01T13:41:02Z</time>
      </trkpt>
      <trkpt lat="-29.593563918024302" lon="29.300029585137963">
        <ele>2507.2600000000002</ele>
        <time>2015-05-01T13:41:03Z</time>
      </trkpt>
      <trkpt lat="-29.593532904982567" lon="29.299994632601738">
        <ele>2508.2199999999998</ele>
        <time>2015-05-01T13:41:04Z</time>
      </trkpt>
      <trkpt lat="-29.593507256358862" lon="29.299949118867517">
        <ele>2509.1799999999998</ele>
        <time>2015-05-01T13:41:05Z</time>
      </trkpt>
      <trkpt lat="-29.593483451753855" lon="29.29989505559206">
        <ele>2510.1399999999999</ele>
        <time>2015-05-01T13:41:06Z</time>
      </trkpt>
      <trkpt lat="-29.593458138406277" lon="29.299834202975035">
        <ele>2511.0999999999999</ele>
        <time>2015-05-01T13:41:07Z</time>
      </trkpt>
      <trkpt lat="-29.593183547258377" lon="29.299320476129651">
        <ele>2519.27</ele>
        <time>2015-05-01T13:41:16Z</time>
      </trkpt>
      <trkpt lat="-29.593149935826659" lon="29.299284433946013">
        <ele>2520.23</ele>
        <time>2015-05-01T13:41:17Z</time>
      </trkpt>
      <trkpt lat="-29.593112552538514" lon="29.299260377883911">
        <ele>2521.1900000000001</ele>
        <time>2015-05-01T13:41:18Z</time>
      </trkpt>
      <trkpt lat="-29.593073157593608" lon="29.299245793372393">
        <ele>2521.6799999999998</ele>
        <time>2015-05-01T13:41:19Z</time>
      </trkpt>
      <trkpt lat="-29.593032673001289" lon="29.29923196323216">
        <ele>2522.6399999999999</ele>
        <time>2015-05-01T13:41:20Z</time>
      </trkpt>
      <trkpt lat="-29.592991853132844" lon="29.299213020130992">
        <ele>2523.5999999999999</ele>
        <time>2015-05-01T13:41:21Z</time>
      </trkpt>
      <trkpt lat="-29.592909710481763" lon="29.299163399264216">
        <ele>2525.04</ele>
        <time>2015-05-01T13:41:23Z</time>
      </trkpt>
      <trkpt lat="-29.592875177040696" lon="29.299129033461213">
        <ele>2526</ele>
        <time>2015-05-01T13:41:24Z</time>
      </trkpt>
      <trkpt lat="-29.592847600579262" lon="29.299086704850197">
        <ele>2526.96</ele>
        <time>2015-05-01T13:41:25Z</time>
      </trkpt>
      <trkpt lat="-29.592794040217996" lon="29.298993414267898">
        <ele>2528.4000000000001</ele>
        <time>2015-05-01T13:41:27Z</time>
      </trkpt>
      <trkpt lat="-29.592773839831352" lon="29.2989466432482">
        <ele>2529.3699999999999</ele>
        <time>2015-05-01T13:41:28Z</time>
      </trkpt>
      <trkpt lat="-29.592756992205977" lon="29.298899117857218">
        <ele>2529.8499999999999</ele>
        <time>2015-05-01T13:41:29Z</time>
      </trkpt>
      <trkpt lat="-29.592742575332522" lon="29.298848574981093">
        <ele>2530.8099999999999</ele>
        <time>2015-05-01T13:41:30Z</time>
      </trkpt>
      <trkpt lat="-29.592731930315495" lon="29.298793086782098">
        <ele>2531.77</ele>
        <time>2015-05-01T13:41:31Z</time>
      </trkpt>
      <trkpt lat="-29.592722123488784" lon="29.298731312155724">
        <ele>2532.25</ele>
        <time>2015-05-01T13:41:32Z</time>
      </trkpt>
      <trkpt lat="-29.592706449329853" lon="29.298667274415493">
        <ele>2533.21</ele>
        <time>2015-05-01T13:41:33Z</time>
      </trkpt>
      <trkpt lat="-29.592685410752892" lon="29.298601392656565">
        <ele>2534.1700000000001</ele>
        <time>2015-05-01T13:41:34Z</time>
      </trkpt>
      <trkpt lat="-29.59246588870883" lon="29.298064699396491">
        <ele>2542.3400000000001</ele>
        <time>2015-05-01T13:41:42Z</time>
      </trkpt>
      <trkpt lat="-29.592423560097814" lon="29.298006445169449">
        <ele>2543.3099999999999</ele>
        <time>2015-05-01T13:41:43Z</time>
      </trkpt>
      <trkpt lat="-29.592377711087465" lon="29.297951962798834">
        <ele>2544.27</ele>
        <time>2015-05-01T13:41:44Z</time>
      </trkpt>
      <trkpt lat="-29.592096246778965" lon="29.297608388587832">
        <ele>2549.5500000000002</ele>
        <time>2015-05-01T13:41:51Z</time>
      </trkpt>
      <trkpt lat="-29.592050230130553" lon="29.297564132139087">
        <ele>2550.5100000000002</ele>
        <time>2015-05-01T13:41:52Z</time>
      </trkpt>
      <trkpt lat="-29.592002537101507" lon="29.29752423427999">
        <ele>2551</ele>
        <time>2015-05-01T13:41:53Z</time>
      </trkpt>
      <trkpt lat="-29.591646809130907" lon="29.297201531007886">
        <ele>2557.2399999999998</ele>
        <time>2015-05-01T13:42:01Z</time>
      </trkpt>
      <trkpt lat="-29.591613700613379" lon="29.297154173254967">
        <ele>2558.21</ele>
        <time>2015-05-01T13:42:02Z</time>
      </trkpt>
      <trkpt lat="-29.59158830344677" lon="29.297102205455303">
        <ele>2559.1700000000001</ele>
        <time>2015-05-01T13:42:03Z</time>
      </trkpt>
      <trkpt lat="-29.591570701450109" lon="29.297041185200214">
        <ele>2560.1300000000001</ele>
        <time>2015-05-01T13:42:04Z</time>
      </trkpt>
      <trkpt lat="-29.591558799147606" lon="29.296972705051303">
        <ele>2561.0900000000001</ele>
        <time>2015-05-01T13:42:05Z</time>
      </trkpt>
      <trkpt lat="-29.591546896845102" lon="29.296894920989871">
        <ele>2562.0500000000002</ele>
        <time>2015-05-01T13:42:06Z</time>
      </trkpt>
      <trkpt lat="-29.591443128883839" lon="29.296128982678056">
        <ele>2574.0700000000002</ele>
        <time>2015-05-01T13:42:15Z</time>
      </trkpt>
      <trkpt lat="-29.591266522184014" lon="29.295521294698119">
        <ele>2582.2399999999998</ele>
        <time>2015-05-01T13:42:25Z</time>
      </trkpt>
      <trkpt lat="-29.591083042323589" lon="29.295423394069076">
        <ele>2584.6399999999999</ele>
        <time>2015-05-01T13:42:30Z</time>
      </trkpt>
      <trkpt lat="-29.591034930199385" lon="29.295414006337523">
        <ele>2585.1199999999999</ele>
        <time>2015-05-01T13:42:31Z</time>
      </trkpt>
      <trkpt lat="-29.590984554961324" lon="29.295407636091113">
        <ele>2585.5999999999999</ele>
        <time>2015-05-01T13:42:32Z</time>
      </trkpt>
      <trkpt lat="-29.590720357373357" lon="29.295403361320496">
        <ele>2589.9299999999998</ele>
        <time>2015-05-01T13:42:37Z</time>
      </trkpt>
      <trkpt lat="-29.590664282441139" lon="29.295396320521832">
        <ele>2590.8899999999999</ele>
        <time>2015-05-01T13:42:38Z</time>
      </trkpt>
      <trkpt lat="-29.590485915541649" lon="29.295366732403636">
        <ele>2593.29</ele>
        <time>2015-05-01T13:42:41Z</time>
      </trkpt>
      <trkpt lat="-29.589716037735343" lon="29.29488418623805">
        <ele>2606.27</ele>
        <time>2015-05-01T13:42:55Z</time>
      </trkpt>
      <trkpt lat="-29.589418228715658" lon="29.294587885960937">
        <ele>2614.4400000000001</ele>
        <time>2015-05-01T13:43:02Z</time>
      </trkpt>
      <trkpt lat="-29.589248495176435" lon="29.294371046125889">
        <ele>2618.77</ele>
        <time>2015-05-01T13:43:07Z</time>
      </trkpt>
      <trkpt lat="-29.589214129373431" lon="29.294343804940581">
        <ele>2619.73</ele>
        <time>2015-05-01T13:43:08Z</time>
      </trkpt>
      <trkpt lat="-29.589179176837206" lon="29.294319832697511">
        <ele>2620.6900000000001</ele>
        <time>2015-05-01T13:43:09Z</time>
      </trkpt>
      <trkpt lat="-29.589142883196473" lon="29.294285131618381">
        <ele>2621.1700000000001</ele>
        <time>2015-05-01T13:43:10Z</time>
      </trkpt>
      <trkpt lat="-29.589107008650899" lon="29.294238360598683">
        <ele>2622.1300000000001</ele>
        <time>2015-05-01T13:43:11Z</time>
      </trkpt>
      <trkpt lat="-29.58906845189631" lon="29.294184967875481">
        <ele>2623.0900000000001</ele>
        <time>2015-05-01T13:43:12Z</time>
      </trkpt>
      <trkpt lat="-29.589037271216512" lon="29.294132413342595">
        <ele>2623.5799999999999</ele>
        <time>2015-05-01T13:43:13Z</time>
      </trkpt>
      <trkpt lat="-29.589001648128033" lon="29.294082624837756">
        <ele>2624.54</ele>
        <time>2015-05-01T13:43:14Z</time>
      </trkpt>
      <trkpt lat="-29.588957391679287" lon="29.294038200750947">
        <ele>2625.5</ele>
        <time>2015-05-01T13:43:15Z</time>
      </trkpt>
      <trkpt lat="-29.588780449703336" lon="29.293881040066481">
        <ele>2627.9000000000001</ele>
        <time>2015-05-01T13:43:19Z</time>
      </trkpt>
      <trkpt lat="-29.588686991482973" lon="29.293825551867485">
        <ele>2629.3400000000001</ele>
        <time>2015-05-01T13:43:21Z</time>
      </trkpt>
      <trkpt lat="-29.588638795539737" lon="29.293815912678838">
        <ele>2629.8200000000002</ele>
        <time>2015-05-01T13:43:22Z</time>
      </trkpt>
      <trkpt lat="-29.588593281805515" lon="29.293822953477502">
        <ele>2630.3000000000002</ele>
        <time>2015-05-01T13:43:23Z</time>
      </trkpt>
      <trkpt lat="-29.588551288470626" lon="29.293843321502209">
        <ele>2630.79</ele>
        <time>2015-05-01T13:43:24Z</time>
      </trkpt>
      <trkpt lat="-29.588518934324384" lon="29.293873244896531">
        <ele>2631.27</ele>
        <time>2015-05-01T13:43:25Z</time>
      </trkpt>
      <trkpt lat="-29.588495464995503" lon="29.293901240453124">
        <ele>2631.27</ele>
        <time>2015-05-01T13:43:26Z</time>
      </trkpt>
      <trkpt lat="-29.58847182802856" lon="29.293928062543273">
        <ele>2631.27</ele>
        <time>2015-05-01T13:43:27Z</time>
      </trkpt>
      <trkpt lat="-29.588448191061616" lon="29.293952118605375">
        <ele>2631.27</ele>
        <time>2015-05-01T13:43:28Z</time>
      </trkpt>
      <trkpt lat="-29.588389182463288" lon="29.29401540197432">
        <ele>2631.75</ele>
        <time>2015-05-01T13:43:30Z</time>
      </trkpt>
      <trkpt lat="-29.588320115581155" lon="29.294111458584666">
        <ele>2632.71</ele>
        <time>2015-05-01T13:43:32Z</time>
      </trkpt>
      <trkpt lat="-29.588161529973149" lon="29.294418822973967">
        <ele>2636.0700000000002</ele>
        <time>2015-05-01T13:43:40Z</time>
      </trkpt>
      <trkpt lat="-29.588112747296691" lon="29.294438771903515">
        <ele>2635.5900000000001</ele>
        <time>2015-05-01T13:43:46Z</time>
      </trkpt>
      <trkpt lat="-29.5881019346416" lon="29.294424522668123">
        <ele>2636.0700000000002</ele>
        <time>2015-05-01T13:43:47Z</time>
      </trkpt>
      <trkpt lat="-29.588091792538762" lon="29.294400382786989">
        <ele>2636.0700000000002</ele>
        <time>2015-05-01T13:43:48Z</time>
      </trkpt>
      <trkpt lat="-29.588090367615223" lon="29.294364843517542">
        <ele>2636.0700000000002</ele>
        <time>2015-05-01T13:43:49Z</time>
      </trkpt>
      <trkpt lat="-29.588096402585506" lon="29.29431782104075">
        <ele>2636.5500000000002</ele>
        <time>2015-05-01T13:43:50Z</time>
      </trkpt>
      <trkpt lat="-29.588102521374822" lon="29.294265601783991">
        <ele>2637.0300000000002</ele>
        <time>2015-05-01T13:43:51Z</time>
      </trkpt>
      <trkpt lat="-29.588126745074987" lon="29.294008612632751">
        <ele>2641.3600000000001</ele>
        <time>2015-05-01T13:43:56Z</time>
      </trkpt>
      <trkpt lat="-29.58807167597115" lon="29.293581387028098">
        <ele>2647.6100000000001</ele>
        <time>2015-05-01T13:44:04Z</time>
      </trkpt>
      <trkpt lat="-29.588063210248947" lon="29.293522629886866">
        <ele>2648.5700000000002</ele>
        <time>2015-05-01T13:44:05Z</time>
      </trkpt>
      <trkpt lat="-29.588060025125742" lon="29.293463286012411">
        <ele>2649.5300000000002</ele>
        <time>2015-05-01T13:44:06Z</time>
      </trkpt>
      <trkpt lat="-29.588060695677996" lon="29.293407462537289">
        <ele>2650.4899999999998</ele>
        <time>2015-05-01T13:44:07Z</time>
      </trkpt>
      <trkpt lat="-29.588067149743438" lon="29.293352393433452">
        <ele>2651.4499999999998</ele>
        <time>2015-05-01T13:44:08Z</time>
      </trkpt>
      <trkpt lat="-29.588075615465641" lon="29.293308053165674">
        <ele>2651.9299999999998</ele>
        <time>2015-05-01T13:44:09Z</time>
      </trkpt>
      <trkpt lat="-29.588203858584166" lon="29.293078891932964">
        <ele>2656.7399999999998</ele>
        <time>2015-05-01T13:44:16Z</time>
      </trkpt>
      <trkpt lat="-29.58832673728466" lon="29.293030360713601">
        <ele>2658.6599999999999</ele>
        <time>2015-05-01T13:44:19Z</time>
      </trkpt>
      <trkpt lat="-29.588373592123389" lon="29.293015943840146">
        <ele>2659.6199999999999</ele>
        <time>2015-05-01T13:44:20Z</time>
      </trkpt>
      <trkpt lat="-29.588418351486325" lon="29.292998090386391">
        <ele>2660.5900000000001</ele>
        <time>2015-05-01T13:44:21Z</time>
      </trkpt>
      <trkpt lat="-29.588459506630898" lon="29.29298291914165">
        <ele>2661.5500000000002</ele>
        <time>2015-05-01T13:44:22Z</time>
      </trkpt>
      <trkpt lat="-29.588494207710028" lon="29.29297897964716">
        <ele>2662.0300000000002</ele>
        <time>2015-05-01T13:44:23Z</time>
      </trkpt>
      <trkpt lat="-29.588525136932731" lon="29.292982583865523">
        <ele>2662.9899999999998</ele>
        <time>2015-05-01T13:44:24Z</time>
      </trkpt>
      <trkpt lat="-29.588561011478305" lon="29.292986271902919">
        <ele>2663.4699999999998</ele>
        <time>2015-05-01T13:44:25Z</time>
      </trkpt>
      <trkpt lat="-29.588596550747752" lon="29.292986523360014">
        <ele>2664.4299999999998</ele>
        <time>2015-05-01T13:44:26Z</time>
      </trkpt>
      <trkpt lat="-29.588622534647584" lon="29.292978644371033">
        <ele>2664.9099999999999</ele>
        <time>2015-05-01T13:44:27Z</time>
      </trkpt>
      <trkpt lat="-29.588640639558434" lon="29.292960958555341">
        <ele>2664.9099999999999</ele>
        <time>2015-05-01T13:44:28Z</time>
      </trkpt>
      <trkpt lat="-29.588654469698668" lon="29.292936399579048">
        <ele>2665.3899999999999</ele>
        <time>2015-05-01T13:44:29Z</time>
      </trkpt>
      <trkpt lat="-29.588656648993492" lon="29.292908320203424">
        <ele>2665.8699999999999</ele>
        <time>2015-05-01T13:44:30Z</time>
      </trkpt>
      <trkpt lat="-29.588645501062274" lon="29.292879654094577">
        <ele>2666.3499999999999</ele>
        <time>2015-05-01T13:44:31Z</time>
      </trkpt>
      <trkpt lat="-29.58862085826695" lon="29.292855933308601">
        <ele>2666.8299999999999</ele>
        <time>2015-05-01T13:44:32Z</time>
      </trkpt>
      <trkpt lat="-29.588587498292327" lon="29.292836571112275">
        <ele>2667.8000000000002</ele>
        <time>2015-05-01T13:44:33Z</time>
      </trkpt>
      <trkpt lat="-29.58855003118515" lon="29.292818382382393">
        <ele>2668.2800000000002</ele>
        <time>2015-05-01T13:44:34Z</time>
      </trkpt>
      <trkpt lat="-29.588510803878307" lon="29.292795415967703">
        <ele>2668.7600000000002</ele>
        <time>2015-05-01T13:44:35Z</time>
      </trkpt>
      <trkpt lat="-29.588325563818216" lon="29.292687121778727">
        <ele>2671.6399999999999</ele>
        <time>2015-05-01T13:44:39Z</time>
      </trkpt>
      <trkpt lat="-29.588272841647267" lon="29.292667927220464">
        <ele>2672.5999999999999</ele>
        <time>2015-05-01T13:44:40Z</time>
      </trkpt>
      <trkpt lat="-29.587886184453964" lon="29.292577486485243">
        <ele>2677.8899999999999</ele>
        <time>2015-05-01T13:44:49Z</time>
      </trkpt>
      <trkpt lat="-29.587880065664649" lon="29.292562147602439">
        <ele>2677.8899999999999</ele>
        <time>2015-05-01T13:44:50Z</time>
      </trkpt>
      <trkpt lat="-29.587875958532095" lon="29.292536918073893">
        <ele>2678.3699999999999</ele>
        <time>2015-05-01T13:44:51Z</time>
      </trkpt>
      <trkpt lat="-29.587877467274666" lon="29.292510766535997">
        <ele>2678.8499999999999</ele>
        <time>2015-05-01T13:44:52Z</time>
      </trkpt>
      <trkpt lat="-29.587884927168489" lon="29.292489225044847">
        <ele>2679.3299999999999</ele>
        <time>2015-05-01T13:44:53Z</time>
      </trkpt>
      <trkpt lat="-29.587898254394531" lon="29.292474053800106">
        <ele>2679.8099999999999</ele>
        <time>2015-05-01T13:44:54Z</time>
      </trkpt>
      <trkpt lat="-29.587922394275665" lon="29.292458966374397">
        <ele>2680.77</ele>
        <time>2015-05-01T13:44:55Z</time>
      </trkpt>
      <trkpt lat="-29.587958268821239" lon="29.29244589060545">
        <ele>2680.77</ele>
        <time>2015-05-01T13:44:56Z</time>
      </trkpt>
      <trkpt lat="-29.588005123659968" lon="29.292436838150024">
        <ele>2681.25</ele>
        <time>2015-05-01T13:44:57Z</time>
      </trkpt>
      <trkpt lat="-29.588058181107044" lon="29.292434239760041">
        <ele>2682.2199999999998</ele>
        <time>2015-05-01T13:44:58Z</time>
      </trkpt>
      <trkpt lat="-29.588112328201532" lon="29.292431809008121">
        <ele>2682.6999999999998</ele>
        <time>2015-05-01T13:44:59Z</time>
      </trkpt>
      <trkpt lat="-29.58851046860218" lon="29.292376907542348">
        <ele>2691.8299999999999</ele>
        <time>2015-05-01T13:45:08Z</time>
      </trkpt>
      <trkpt lat="-29.58852413110435" lon="29.292363580316305">
        <ele>2692.79</ele>
        <time>2015-05-01T13:45:09Z</time>
      </trkpt>
      <trkpt lat="-29.588536117225885" lon="29.29234036244452">
        <ele>2693.27</ele>
        <time>2015-05-01T13:45:10Z</time>
      </trkpt>
      <trkpt lat="-29.58853779360652" lon="29.292307840660214">
        <ele>2693.75</ele>
        <time>2015-05-01T13:45:11Z</time>
      </trkpt>
      <trkpt lat="-29.588522957637906" lon="29.292272133752704">
        <ele>2694.23</ele>
        <time>2015-05-01T13:45:12Z</time>
      </trkpt>
      <trkpt lat="-29.588493453338742" lon="29.292240366339684">
        <ele>2694.71</ele>
        <time>2015-05-01T13:45:13Z</time>
      </trkpt>
      <trkpt lat="-29.588455567136407" lon="29.292215723544359">
        <ele>2695.1900000000001</ele>
        <time>2015-05-01T13:45:14Z</time>
      </trkpt>
      <trkpt lat="-29.58841516636312" lon="29.292196780443192">
        <ele>2696.1500000000001</ele>
        <time>2015-05-01T13:45:15Z</time>
      </trkpt>
      <trkpt lat="-29.588369401171803" lon="29.292178340256214">
        <ele>2696.6399999999999</ele>
        <time>2015-05-01T13:45:16Z</time>
      </trkpt>
      <trkpt lat="-29.588066227734089" lon="29.292003577575088">
        <ele>2702.8800000000001</ele>
        <time>2015-05-01T13:45:24Z</time>
      </trkpt>
      <trkpt lat="-29.588068407028913" lon="29.291995530948043">
        <ele>2701.4400000000001</ele>
        <time>2015-05-01T13:45:35Z</time>
      </trkpt>
      <trkpt lat="-29.588066143915057" lon="29.291994273662567">
        <ele>2702.8800000000001</ele>
        <time>2015-05-01T13:45:58Z</time>
      </trkpt>
      <trkpt lat="-29.5880570076406" lon="29.292006175965071">
        <ele>2702.4000000000001</ele>
        <time>2015-05-01T13:46:34Z</time>
      </trkpt>
      <trkpt lat="-29.588063042610884" lon="29.291994022205472">
        <ele>2702.8800000000001</ele>
        <time>2015-05-01T13:47:04Z</time>
      </trkpt>
      <trkpt lat="-29.587963130325079" lon="29.291967200115323">
        <ele>2704.3299999999999</ele>
        <time>2015-05-01T13:47:12Z</time>
      </trkpt>
      <trkpt lat="-29.58785081282258" lon="29.291916824877262">
        <ele>2705.29</ele>
        <time>2015-05-01T13:47:14Z</time>
      </trkpt>
      <trkpt lat="-29.587788870558143" lon="29.291903665289283">
        <ele>2706.25</ele>
        <time>2015-05-01T13:47:15Z</time>
      </trkpt>
      <trkpt lat="-29.58772617392242" lon="29.291901737451553">
        <ele>2707.21</ele>
        <time>2015-05-01T13:47:16Z</time>
      </trkpt>
      <trkpt lat="-29.587662303820252" lon="29.291909113526344">
        <ele>2707.6900000000001</ele>
        <time>2015-05-01T13:47:17Z</time>
      </trkpt>
      <trkpt lat="-29.587595919147134" lon="29.291926799342036">
        <ele>2708.6500000000001</ele>
        <time>2015-05-01T13:47:18Z</time>
      </trkpt>
      <trkpt lat="-29.587536994367838" lon="29.291947837918997">
        <ele>2709.1300000000001</ele>
        <time>2015-05-01T13:47:19Z</time>
      </trkpt>
      <trkpt lat="-29.587475806474686" lon="29.291968289762735">
        <ele>2710.0900000000001</ele>
        <time>2015-05-01T13:47:20Z</time>
      </trkpt>
      <trkpt lat="-29.587419731542468" lon="29.291982119902968">
        <ele>2711.0599999999999</ele>
        <time>2015-05-01T13:47:21Z</time>
      </trkpt>
      <trkpt lat="-29.587195096537471" lon="29.291927637532353">
        <ele>2716.3400000000001</ele>
        <time>2015-05-01T13:47:29Z</time>
      </trkpt>
      <trkpt lat="-29.587189815938473" lon="29.29191280156374">
        <ele>2716.8200000000002</ele>
        <time>2015-05-01T13:47:30Z</time>
      </trkpt>
      <trkpt lat="-29.587190402671695" lon="29.291897127404809">
        <ele>2717.3000000000002</ele>
        <time>2015-05-01T13:47:31Z</time>
      </trkpt>
      <trkpt lat="-29.587197275832295" lon="29.29187960922718">
        <ele>2717.7800000000002</ele>
        <time>2015-05-01T13:47:32Z</time>
      </trkpt>
      <trkpt lat="-29.587214626371861" lon="29.29185907356441">
        <ele>2717.7800000000002</ele>
        <time>2015-05-01T13:47:33Z</time>
      </trkpt>
      <trkpt lat="-29.587249411270022" lon="29.291833089664578">
        <ele>2718.75</ele>
        <time>2015-05-01T13:47:34Z</time>
      </trkpt>
      <trkpt lat="-29.587297104299068" lon="29.291801238432527">
        <ele>2719.23</ele>
        <time>2015-05-01T13:47:35Z</time>
      </trkpt>
      <trkpt lat="-29.587755259126425" lon="29.291418856009841">
        <ele>2729.8000000000002</ele>
        <time>2015-05-01T13:47:44Z</time>
      </trkpt>
      <trkpt lat="-29.587811920791864" lon="29.291391195729375">
        <ele>2731.2399999999998</ele>
        <time>2015-05-01T13:47:45Z</time>
      </trkpt>
      <trkpt lat="-29.587867995724082" lon="29.291375521570444">
        <ele>2733.1700000000001</ele>
        <time>2015-05-01T13:47:46Z</time>
      </trkpt>
      <trkpt lat="-29.587919795885682" lon="29.29137384518981">
        <ele>2734.6100000000001</ele>
        <time>2015-05-01T13:47:47Z</time>
      </trkpt>
      <trkpt lat="-29.587958855554461" lon="29.291375605389476">
        <ele>2735.5700000000002</ele>
        <time>2015-05-01T13:47:48Z</time>
      </trkpt>
      <trkpt lat="-29.588061366230249" lon="29.291322883218527">
        <ele>2738.9299999999998</ele>
        <time>2015-05-01T13:47:52Z</time>
      </trkpt>
      <trkpt lat="-29.588072849437594" lon="29.291295474395156">
        <ele>2739.4099999999999</ele>
        <time>2015-05-01T13:47:53Z</time>
      </trkpt>
      <trkpt lat="-29.588077291846275" lon="29.291265048086643">
        <ele>2739.8899999999999</ele>
        <time>2015-05-01T13:47:54Z</time>
      </trkpt>
      <trkpt lat="-29.588070418685675" lon="29.291229676455259">
        <ele>2740.8600000000001</ele>
        <time>2015-05-01T13:47:55Z</time>
      </trkpt>
      <trkpt lat="-29.588053738698363" lon="29.291188772767782">
        <ele>2741.3400000000001</ele>
        <time>2015-05-01T13:47:56Z</time>
      </trkpt>
      <trkpt lat="-29.588025575503707" lon="29.291144516319036">
        <ele>2741.8200000000002</ele>
        <time>2015-05-01T13:47:57Z</time>
      </trkpt>
      <trkpt lat="-29.587990622967482" lon="29.291102271527052">
        <ele>2742.7800000000002</ele>
        <time>2015-05-01T13:47:58Z</time>
      </trkpt>
      <trkpt lat="-29.587950808927417" lon="29.291065391153097">
        <ele>2743.7399999999998</ele>
        <time>2015-05-01T13:47:59Z</time>
      </trkpt>
      <trkpt lat="-29.587906217202544" lon="29.291036808863282">
        <ele>2744.6999999999998</ele>
        <time>2015-05-01T13:48:00Z</time>
      </trkpt>
      <trkpt lat="-29.587857183068991" lon="29.291014680638909">
        <ele>2745.6599999999999</ele>
        <time>2015-05-01T13:48:01Z</time>
      </trkpt>
      <trkpt lat="-29.58780680783093" lon="29.290997497737408">
        <ele>2746.6199999999999</ele>
        <time>2015-05-01T13:48:02Z</time>
      </trkpt>
      <trkpt lat="-29.587756432592869" lon="29.290985343977809">
        <ele>2747.5900000000001</ele>
        <time>2015-05-01T13:48:03Z</time>
      </trkpt>
      <trkpt lat="-29.587705051526427" lon="29.290977884083986">
        <ele>2748.5500000000002</ele>
        <time>2015-05-01T13:48:04Z</time>
      </trkpt>
      <trkpt lat="-29.587652664631605" lon="29.290973944589496">
        <ele>2749.5100000000002</ele>
        <time>2015-05-01T13:48:05Z</time>
      </trkpt>
      <trkpt lat="-29.587598936632276" lon="29.290974950417876">
        <ele>2749.9899999999998</ele>
        <time>2015-05-01T13:48:06Z</time>
      </trkpt>
      <trkpt lat="-29.587545292451978" lon="29.290983080863953">
        <ele>2750.9499999999998</ele>
        <time>2015-05-01T13:48:07Z</time>
      </trkpt>
      <trkpt lat="-29.587280340492725" lon="29.291064301505685">
        <ele>2756.2399999999998</ele>
        <time>2015-05-01T13:48:12Z</time>
      </trkpt>
      <trkpt lat="-29.587235162034631" lon="29.291091123595834">
        <ele>2757.6799999999998</ele>
        <time>2015-05-01T13:48:13Z</time>
      </trkpt>
      <trkpt lat="-29.58719065412879" lon="29.29111828096211">
        <ele>2758.6399999999999</ele>
        <time>2015-05-01T13:48:14Z</time>
      </trkpt>
      <trkpt lat="-29.587150169536471" lon="29.291137307882309">
        <ele>2759.5999999999999</ele>
        <time>2015-05-01T13:48:15Z</time>
      </trkpt>
      <trkpt lat="-29.587115636095405" lon="29.291144600138068">
        <ele>2760.5599999999999</ele>
        <time>2015-05-01T13:48:16Z</time>
      </trkpt>
      <trkpt lat="-29.587081857025623" lon="29.291141582652926">
        <ele>2761.52</ele>
        <time>2015-05-01T13:48:17Z</time>
      </trkpt>
      <trkpt lat="-29.587046736851335" lon="29.29112708196044">
        <ele>2762</ele>
        <time>2015-05-01T13:48:18Z</time>
      </trkpt>
      <trkpt lat="-29.587010024115443" lon="29.291102439165115">
        <ele>2762.9699999999998</ele>
        <time>2015-05-01T13:48:19Z</time>
      </trkpt>
      <trkpt lat="-29.586969874799252" lon="29.29107578471303">
        <ele>2763.9299999999998</ele>
        <time>2015-05-01T13:48:20Z</time>
      </trkpt>
      <trkpt lat="-29.586929557844996" lon="29.291049549356103">
        <ele>2764.4099999999999</ele>
        <time>2015-05-01T13:48:21Z</time>
      </trkpt>
      <trkpt lat="-29.586666701361537" lon="29.290933208540082">
        <ele>2770.6599999999999</ele>
        <time>2015-05-01T13:48:30Z</time>
      </trkpt>
      <trkpt lat="-29.586650524288416" lon="29.290945697575808">
        <ele>2770.6599999999999</ele>
        <time>2015-05-01T13:48:42Z</time>
      </trkpt>
      <trkpt lat="-29.586606938391924" lon="29.291021134704351">
        <ele>2771.1399999999999</ele>
        <time>2015-05-01T13:48:48Z</time>
      </trkpt>
      <trkpt lat="-29.586580619215965" lon="29.291063295677304">
        <ele>2772.0999999999999</ele>
        <time>2015-05-01T13:48:49Z</time>
      </trkpt>
      <trkpt lat="-29.586550276726484" lon="29.291100678965449">
        <ele>2773.0599999999999</ele>
        <time>2015-05-01T13:48:50Z</time>
      </trkpt>
      <trkpt lat="-29.586520437151194" lon="29.291123729199171">
        <ele>2774.02</ele>
        <time>2015-05-01T13:48:51Z</time>
      </trkpt>
      <trkpt lat="-29.586485736072063" lon="29.291131440550089">
        <ele>2774.5</ele>
        <time>2015-05-01T13:48:52Z</time>
      </trkpt>
      <trkpt lat="-29.586452879011631" lon="29.291119873523712">
        <ele>2774.98</ele>
        <time>2015-05-01T13:48:53Z</time>
      </trkpt>
      <trkpt lat="-29.586429409682751" lon="29.291094727814198">
        <ele>2775.46</ele>
        <time>2015-05-01T13:48:54Z</time>
      </trkpt>
      <trkpt lat="-29.586410885676742" lon="29.291061786934733">
        <ele>2776.4200000000001</ele>
        <time>2015-05-01T13:48:55Z</time>
      </trkpt>
      <trkpt lat="-29.586393367499113" lon="29.291025660932064">
        <ele>2777.3899999999999</ele>
        <time>2015-05-01T13:48:56Z</time>
      </trkpt>
      <trkpt lat="-29.586379872635007" lon="29.290981069207191">
        <ele>2778.3499999999999</ele>
        <time>2015-05-01T13:48:57Z</time>
      </trkpt>
      <trkpt lat="-29.58637367002666" lon="29.290930610150099">
        <ele>2779.79</ele>
        <time>2015-05-01T13:48:58Z</time>
      </trkpt>
      <trkpt lat="-29.586366377770901" lon="29.29087889380753">
        <ele>2780.75</ele>
        <time>2015-05-01T13:48:59Z</time>
      </trkpt>
      <trkpt lat="-29.586350955069065" lon="29.290827428922057">
        <ele>2781.71</ele>
        <time>2015-05-01T13:49:00Z</time>
      </trkpt>
      <trkpt lat="-29.586333855986595" lon="29.290774539113045">
        <ele>2782.6700000000001</ele>
        <time>2015-05-01T13:49:01Z</time>
      </trkpt>
      <trkpt lat="-29.58632186986506" lon="29.290721565485001">
        <ele>2783.6300000000001</ele>
        <time>2015-05-01T13:49:02Z</time>
      </trkpt>
      <trkpt lat="-29.586319103837013" lon="29.29067412391305">
        <ele>2784.5999999999999</ele>
        <time>2015-05-01T13:49:03Z</time>
      </trkpt>
      <trkpt lat="-29.586329162120819" lon="29.290630035102367">
        <ele>2785.5599999999999</ele>
        <time>2015-05-01T13:49:04Z</time>
      </trkpt>
      <trkpt lat="-29.586351709440351" lon="29.290592735633254">
        <ele>2786.52</ele>
        <time>2015-05-01T13:49:05Z</time>
      </trkpt>
      <trkpt lat="-29.586386997252703" lon="29.290561303496361">
        <ele>2787.48</ele>
        <time>2015-05-01T13:49:06Z</time>
      </trkpt>
      <trkpt lat="-29.586471989750862" lon="29.290540181100368">
        <ele>2789.4000000000001</ele>
        <time>2015-05-01T13:49:08Z</time>
      </trkpt>
      <trkpt lat="-29.586532339453697" lon="29.290545461699367">
        <ele>2790.8400000000001</ele>
        <time>2015-05-01T13:49:09Z</time>
      </trkpt>
      <trkpt lat="-29.586574416607618" lon="29.290549736469984">
        <ele>2791.8099999999999</ele>
        <time>2015-05-01T13:49:10Z</time>
      </trkpt>
      <trkpt lat="-29.586628144606948" lon="29.290561219677329">
        <ele>2793.25</ele>
        <time>2015-05-01T13:49:11Z</time>
      </trkpt>
      <trkpt lat="-29.586677933111787" lon="29.290578402578831">
        <ele>2794.21</ele>
        <time>2015-05-01T13:49:12Z</time>
      </trkpt>
      <trkpt lat="-29.586782455444336" lon="29.290591897442937">
        <ele>2797.0900000000001</ele>
        <time>2015-05-01T13:49:15Z</time>
      </trkpt>
      <trkpt lat="-29.586814474314451" lon="29.290528278797865">
        <ele>2799.5</ele>
        <time>2015-05-01T13:49:18Z</time>
      </trkpt>
      <trkpt lat="-29.586802069097757" lon="29.290496846660972">
        <ele>2799.98</ele>
        <time>2015-05-01T13:49:19Z</time>
      </trkpt>
      <trkpt lat="-29.586782539263368" lon="29.290477400645614">
        <ele>2800.46</ele>
        <time>2015-05-01T13:49:20Z</time>
      </trkpt>
      <trkpt lat="-29.586748341098428" lon="29.290453512221575">
        <ele>2800.9400000000001</ele>
        <time>2015-05-01T13:49:21Z</time>
      </trkpt>
      <trkpt lat="-29.586705593392253" lon="29.290429539978504">
        <ele>2801.4200000000001</ele>
        <time>2015-05-01T13:49:22Z</time>
      </trkpt>
      <trkpt lat="-29.586664102971554" lon="29.290404058992863">
        <ele>2802.3800000000001</ele>
        <time>2015-05-01T13:49:23Z</time>
      </trkpt>
      <trkpt lat="-29.586622444912791" lon="29.290371788665652">
        <ele>2803.3400000000001</ele>
        <time>2015-05-01T13:49:24Z</time>
      </trkpt>
      <trkpt lat="-29.586145933717489" lon="29.289970379322767">
        <ele>2812.96</ele>
        <time>2015-05-01T13:49:34Z</time>
      </trkpt>
      <trkpt lat="-29.585975697264075" lon="29.289916483685374">
        <ele>2817.7600000000002</ele>
        <time>2015-05-01T13:49:43Z</time>
      </trkpt>
      <trkpt lat="-29.585954323410988" lon="29.289921345189214">
        <ele>2818.2399999999998</ele>
        <time>2015-05-01T13:49:48Z</time>
      </trkpt>
      <trkpt lat="-29.585944768041372" lon="29.289926877245307">
        <ele>2818.2399999999998</ele>
        <time>2015-05-01T13:49:49Z</time>
      </trkpt>
      <trkpt lat="-29.585939068347216" lon="29.289940288290381">
        <ele>2818.7199999999998</ele>
        <time>2015-05-01T13:49:50Z</time>
      </trkpt>
      <trkpt lat="-29.585939487442374" lon="29.289962919428945">
        <ele>2818.7199999999998</ele>
        <time>2015-05-01T13:49:51Z</time>
      </trkpt>
      <trkpt lat="-29.585941918194294" lon="29.289984712377191">
        <ele>2819.1999999999998</ele>
        <time>2015-05-01T13:49:52Z</time>
      </trkpt>
      <trkpt lat="-29.585941750556231" lon="29.290005331858993">
        <ele>2819.1999999999998</ele>
        <time>2015-05-01T13:49:53Z</time>
      </trkpt>
      <trkpt lat="-29.585932865738869" lon="29.290027376264334">
        <ele>2819.6799999999998</ele>
        <time>2015-05-01T13:49:54Z</time>
      </trkpt>
      <trkpt lat="-29.585923226550221" lon="29.290044726803899">
        <ele>2819.6799999999998</ele>
        <time>2015-05-01T13:49:55Z</time>
      </trkpt>
      <trkpt lat="-29.5859001763165" lon="29.290060484781861">
        <ele>2820.6500000000001</ele>
        <time>2015-05-01T13:50:01Z</time>
      </trkpt>
      <trkpt lat="-29.585882741957903" lon="29.290061574429274">
        <ele>2820.6500000000001</ele>
        <time>2015-05-01T13:50:02Z</time>
      </trkpt>
      <trkpt lat="-29.585868073627353" lon="29.290058221668005">
        <ele>2820.6500000000001</ele>
        <time>2015-05-01T13:50:03Z</time>
      </trkpt>
      <trkpt lat="-29.585851477459073" lon="29.290049253031611">
        <ele>2820.6500000000001</ele>
        <time>2015-05-01T13:50:04Z</time>
      </trkpt>
      <trkpt lat="-29.585833456367254" lon="29.290032740682364">
        <ele>2820.6500000000001</ele>
        <time>2015-05-01T13:50:05Z</time>
      </trkpt>
      <trkpt lat="-29.585818452760577" lon="29.290007092058659">
        <ele>2821.1300000000001</ele>
        <time>2015-05-01T13:50:06Z</time>
      </trkpt>
      <trkpt lat="-29.58580831065774" lon="29.28996954113245">
        <ele>2821.6100000000001</ele>
        <time>2015-05-01T13:50:07Z</time>
      </trkpt>
      <trkpt lat="-29.585811328142881" lon="29.289925787597895">
        <ele>2822.0900000000001</ele>
        <time>2015-05-01T13:50:08Z</time>
      </trkpt>
      <trkpt lat="-29.5858224760741" lon="29.289879016578197">
        <ele>2822.0900000000001</ele>
        <time>2015-05-01T13:50:09Z</time>
      </trkpt>
      <trkpt lat="-29.585837563499808" lon="29.289830401539803">
        <ele>2823.0500000000002</ele>
        <time>2015-05-01T13:50:10Z</time>
      </trkpt>
      <trkpt lat="-29.5858552493155" lon="29.289782121777534">
        <ele>2823.5300000000002</ele>
        <time>2015-05-01T13:50:11Z</time>
      </trkpt>
      <trkpt lat="-29.585924064740539" lon="29.289635270833969">
        <ele>2825.9299999999998</ele>
        <time>2015-05-01T13:50:14Z</time>
      </trkpt>
      <trkpt lat="-29.58594954572618" lon="29.289598641917109">
        <ele>2826.4099999999999</ele>
        <time>2015-05-01T13:50:15Z</time>
      </trkpt>
      <trkpt lat="-29.585970165207982" lon="29.289570562541485">
        <ele>2827.3699999999999</ele>
        <time>2015-05-01T13:50:16Z</time>
      </trkpt>
      <trkpt lat="-29.58598324097693" lon="29.289545249193907">
        <ele>2827.8499999999999</ele>
        <time>2015-05-01T13:50:17Z</time>
      </trkpt>
      <trkpt lat="-29.585988437756896" lon="29.28952001966536">
        <ele>2828.3400000000001</ele>
        <time>2015-05-01T13:50:18Z</time>
      </trkpt>
      <trkpt lat="-29.585986258462071" lon="29.289494957774878">
        <ele>2828.8200000000002</ele>
        <time>2015-05-01T13:50:19Z</time>
      </trkpt>
      <trkpt lat="-29.585979552939534" lon="29.289470985531807">
        <ele>2828.8200000000002</ele>
        <time>2015-05-01T13:50:20Z</time>
      </trkpt>
      <trkpt lat="-29.585970835760236" lon="29.289454473182559">
        <ele>2829.3000000000002</ele>
        <time>2015-05-01T13:50:21Z</time>
      </trkpt>
      <trkpt lat="-29.58593194372952" lon="29.289433937519789">
        <ele>2829.3000000000002</ele>
        <time>2015-05-01T13:50:23Z</time>
      </trkpt>
      <trkpt lat="-29.585896069183946" lon="29.289431171491742">
        <ele>2829.7800000000002</ele>
        <time>2015-05-01T13:50:24Z</time>
      </trkpt>
      <trkpt lat="-29.585876371711493" lon="29.289437960833311">
        <ele>2829.7800000000002</ele>
        <time>2015-05-01T13:50:25Z</time>
      </trkpt>
      <trkpt lat="-29.58585818298161" lon="29.289457993581891">
        <ele>2830.2600000000002</ele>
        <time>2015-05-01T13:50:26Z</time>
      </trkpt>
      <trkpt lat="-29.585849298164248" lon="29.28948531858623">
        <ele>2830.7399999999998</ele>
        <time>2015-05-01T13:50:27Z</time>
      </trkpt>
      <trkpt lat="-29.585837898775935" lon="29.289510129019618">
        <ele>2831.2199999999998</ele>
        <time>2015-05-01T13:50:28Z</time>
      </trkpt>
      <trkpt lat="-29.585818704217672" lon="29.289532927796245">
        <ele>2831.6999999999998</ele>
        <time>2015-05-01T13:50:29Z</time>
      </trkpt>
      <trkpt lat="-29.585796995088458" lon="29.289549859240651">
        <ele>2832.1799999999998</ele>
        <time>2015-05-01T13:50:30Z</time>
      </trkpt>
      <trkpt lat="-29.585776878520846" lon="29.289554972201586">
        <ele>2832.1799999999998</ele>
        <time>2015-05-01T13:50:31Z</time>
      </trkpt>
      <trkpt lat="-29.585757097229362" lon="29.289551032707095">
        <ele>2832.6599999999999</ele>
        <time>2015-05-01T13:50:32Z</time>
      </trkpt>
      <trkpt lat="-29.585739495232701" lon="29.289536196738482">
        <ele>2833.1399999999999</ele>
        <time>2015-05-01T13:50:33Z</time>
      </trkpt>
      <trkpt lat="-29.585726168006659" lon="29.289508620277047">
        <ele>2833.1399999999999</ele>
        <time>2015-05-01T13:50:34Z</time>
      </trkpt>
      <trkpt lat="-29.585717367008328" lon="29.289465872570872">
        <ele>2833.6199999999999</ele>
        <time>2015-05-01T13:50:35Z</time>
      </trkpt>
      <trkpt lat="-29.58571745082736" lon="29.289408456534147">
        <ele>2834.0999999999999</ele>
        <time>2015-05-01T13:50:36Z</time>
      </trkpt>
      <trkpt lat="-29.585727509111166" lon="29.289344418793917">
        <ele>2835.0599999999999</ele>
        <time>2015-05-01T13:50:37Z</time>
      </trkpt>
      <trkpt lat="-29.585747709497809" lon="29.289282644167542">
        <ele>2836.0300000000002</ele>
        <time>2015-05-01T13:50:38Z</time>
      </trkpt>
      <trkpt lat="-29.585779141634703" lon="29.289229419082403">
        <ele>2836.5100000000002</ele>
        <time>2015-05-01T13:50:39Z</time>
      </trkpt>
      <trkpt lat="-29.585820799693465" lon="29.28919019177556">
        <ele>2837.4699999999998</ele>
        <time>2015-05-01T13:50:40Z</time>
      </trkpt>
      <trkpt lat="-29.585867905989289" lon="29.289169069379568">
        <ele>2838.4299999999998</ele>
        <time>2015-05-01T13:50:41Z</time>
      </trkpt>
      <trkpt lat="-29.585918867960572" lon="29.289166303351521">
        <ele>2839.3899999999999</ele>
        <time>2015-05-01T13:50:42Z</time>
      </trkpt>
      <trkpt lat="-29.58596957847476" lon="29.28918088786304">
        <ele>2839.8699999999999</ele>
        <time>2015-05-01T13:50:43Z</time>
      </trkpt>
      <trkpt lat="-29.58601601421833" lon="29.289208212867379">
        <ele>2840.8299999999999</ele>
        <time>2015-05-01T13:50:44Z</time>
      </trkpt>
      <trkpt lat="-29.586057253181934" lon="29.28923855535686">
        <ele>2841.79</ele>
        <time>2015-05-01T13:50:45Z</time>
      </trkpt>
      <trkpt lat="-29.586125984787941" lon="29.289271328598261">
        <ele>2842.2800000000002</ele>
        <time>2015-05-01T13:50:47Z</time>
      </trkpt>
      <trkpt lat="-29.586159680038691" lon="29.289264120161533">
        <ele>2842.7600000000002</ele>
        <time>2015-05-01T13:50:48Z</time>
      </trkpt>
      <trkpt lat="-29.586185915395617" lon="29.289239728823304">
        <ele>2843.2399999999998</ele>
        <time>2015-05-01T13:50:49Z</time>
      </trkpt>
      <trkpt lat="-29.586198655888438" lon="29.289207793772221">
        <ele>2843.7199999999998</ele>
        <time>2015-05-01T13:50:50Z</time>
      </trkpt>
      <trkpt lat="-29.586195638403296" lon="29.289178121834993">
        <ele>2843.7199999999998</ele>
        <time>2015-05-01T13:50:51Z</time>
      </trkpt>
      <trkpt lat="-29.586143754422665" lon="29.289102768525481">
        <ele>2845.1599999999999</ele>
        <time>2015-05-01T13:50:53Z</time>
      </trkpt>
      <trkpt lat="-29.586109556257725" lon="29.289066307246685">
        <ele>2845.6399999999999</ele>
        <time>2015-05-01T13:50:54Z</time>
      </trkpt>
      <trkpt lat="-29.586072424426675" lon="29.289027415215969">
        <ele>2846.5999999999999</ele>
        <time>2015-05-01T13:50:55Z</time>
      </trkpt>
      <trkpt lat="-29.585661292076111" lon="29.288456691429019">
        <ele>2859.5799999999999</ele>
        <time>2015-05-01T13:51:07Z</time>
      </trkpt>
      <trkpt lat="-29.585579903796315" lon="29.288291065022349">
        <ele>2862.9400000000001</ele>
        <time>2015-05-01T13:51:10Z</time>
      </trkpt>
      <trkpt lat="-29.585559032857418" lon="29.288229877129197">
        <ele>2863.9000000000001</ele>
        <time>2015-05-01T13:51:11Z</time>
      </trkpt>
      <trkpt lat="-29.585454342886806" lon="29.287921003997326">
        <ele>2869.6700000000001</ele>
        <time>2015-05-01T13:51:16Z</time>
      </trkpt>
      <trkpt lat="-29.585439339280128" lon="29.287853948771954">
        <ele>2870.1500000000001</ele>
        <time>2015-05-01T13:51:17Z</time>
      </trkpt>
      <trkpt lat="-29.585432466119528" lon="29.287776835262775">
        <ele>2871.1100000000001</ele>
        <time>2015-05-01T13:51:18Z</time>
      </trkpt>
      <trkpt lat="-29.585394328460097" lon="29.287362266331911">
        <ele>2874</ele>
        <time>2015-05-01T13:51:23Z</time>
      </trkpt>
      <trkpt lat="-29.5853665843606" lon="29.28728791885078">
        <ele>2874.48</ele>
        <time>2015-05-01T13:51:24Z</time>
      </trkpt>
      <trkpt lat="-29.58532702177763" lon="29.287217259407043">
        <ele>2874.96</ele>
        <time>2015-05-01T13:51:25Z</time>
      </trkpt>
      <trkpt lat="-29.584730146452785" lon="29.286362389102578">
        <ele>2877.3600000000001</ele>
        <time>2015-05-01T13:51:37Z</time>
      </trkpt>
      <trkpt lat="-29.584699552506208" lon="29.286288963630795">
        <ele>2877.3600000000001</ele>
        <time>2015-05-01T13:51:38Z</time>
      </trkpt>
      <trkpt lat="-29.584523783996701" lon="29.285692423582077">
        <ele>2877.8400000000001</ele>
        <time>2015-05-01T13:51:48Z</time>
      </trkpt>
      <trkpt lat="-29.584462596103549" lon="29.28542579524219">
        <ele>2878.3200000000002</ele>
        <time>2015-05-01T13:51:59Z</time>
      </trkpt>
      <trkpt lat="-29.584462596103549" lon="29.285424035042524">
        <ele>2877.3600000000001</ele>
        <time>2015-05-01T13:52:21Z</time>
      </trkpt>
    </trkseg>
  </trk>

</gpx>