<?xml version="1.0" encoding="utf-8"?><gpx creator="Garmin Desktop App" version="1.1" xsi:schemaLocation="http://www.topografix.com/GPX/1/1 http://www.topografix.com/GPX/1/1/gpx.xsd http://www.garmin.com/xmlschemas/WaypointExtension/v1 http://www8.garmin.com/xmlschemas/WaypointExtensionv1.xsd http://www.garmin.com/xmlschemas/TrackPointExtension/v1 http://www.garmin.com/xmlschemas/TrackPointExtensionv1.xsd http://www.garmin.com/xmlschemas/GpxExtensions/v3 http://www8.garmin.com/xmlschemas/GpxExtensionsv3.xsd http://www.garmin.com/xmlschemas/ActivityExtension/v1 http://www8.garmin.com/xmlschemas/ActivityExtensionv1.xsd http://www.garmin.com/xmlschemas/AdventuresExtensions/v1 http://www8.garmin.com/xmlschemas/AdventuresExtensionv1.xsd http://www.garmin.com/xmlschemas/PressureExtension/v1 http://www.garmin.com/xmlschemas/PressureExtensionv1.xsd http://www.garmin.com/xmlschemas/TripExtensions/v1 http://www.garmin.com/xmlschemas/TripExtensionsv1.xsd http://www.garmin.com/xmlschemas/TripMetaDataExtensions/v1 http://www.garmin.com/xmlschemas/TripMetaDataExtensionsv1.xsd http://www.garmin.com/xmlschemas/ViaPointTransportationModeExtensions/v1 http://www.garmin.com/xmlschemas/ViaPointTransportationModeExtensionsv1.xsd http://www.garmin.com/xmlschemas/CreationTimeExtension/v1 http://www.garmin.com/xmlschemas/CreationTimeExtensionsv1.xsd http://www.garmin.com/xmlschemas/AccelerationExtension/v1 http://www.garmin.com/xmlschemas/AccelerationExtensionv1.xsd http://www.garmin.com/xmlschemas/PowerExtension/v1 http://www.garmin.com/xmlschemas/PowerExtensionv1.xsd http://www.garmin.com/xmlschemas/VideoExtension/v1 http://www.garmin.com/xmlschemas/VideoExtensionv1.xsd" xmlns="http://www.topografix.com/GPX/1/1" xmlns:xsi="http://www.w3.org/2001/XMLSchema-instance" xmlns:wptx1="http://www.garmin.com/xmlschemas/WaypointExtension/v1" xmlns:gpxtrx="http://www.garmin.com/xmlschemas/GpxExtensions/v3" xmlns:gpxtpx="http://www.garmin.com/xmlschemas/TrackPointExtension/v1" xmlns:gpxx="http://www.garmin.com/xmlschemas/GpxExtensions/v3" xmlns:trp="http://www.garmin.com/xmlschemas/TripExtensions/v1" xmlns:adv="http://www.garmin.com/xmlschemas/AdventuresExtensions/v1" xmlns:prs="http://www.garmin.com/xmlschemas/PressureExtension/v1" xmlns:tmd="http://www.garmin.com/xmlschemas/TripMetaDataExtensions/v1" xmlns:vptm="http://www.garmin.com/xmlschemas/ViaPointTransportationModeExtensions/v1" xmlns:ctx="http://www.garmin.com/xmlschemas/CreationTimeExtension/v1" xmlns:gpxacc="http://www.garmin.com/xmlschemas/AccelerationExtension/v1" xmlns:gpxpx="http://www.garmin.com/xmlschemas/PowerExtension/v1" xmlns:vidx1="http://www.garmin.com/xmlschemas/VideoExtension/v1">

  <metadata>
    <link href="http://www.garmin.com">
      <text>Garmin International</text>
    </link>
    <time>2022-07-02T19:19:01Z</time>
    <bounds maxlat="-25.807320037856698" maxlon="31.117720976471901" minlat="-25.9473239723593" minlon="31.060787988826632" />
  </metadata>

  <trk>
    <name>[196] Bulembu Pass1</name>
    <extensions>
      <gpxx:TrackExtension>
        <gpxx:DisplayColor>Blue</gpxx:DisplayColor>
      </gpxx:TrackExtension>
    </extensions>
    <trkseg>
      <trkpt lat="-25.807320037856698" lon="31.098346039652824">
        <ele>1166.7</ele>
        <time>2021-09-25T09:18:20Z</time>
      </trkpt>
      <trkpt lat="-25.807624971494079" lon="31.098133977502584">
        <ele>1165.74</ele>
        <time>2021-09-25T09:18:22Z</time>
      </trkpt>
      <trkpt lat="-25.80822603777051" lon="31.097795013338327">
        <ele>1169.0999999999999</ele>
        <time>2021-09-25T09:18:26Z</time>
      </trkpt>
      <trkpt lat="-25.808671033009887" lon="31.097553027793765">
        <ele>1171.02</ele>
        <time>2021-09-25T09:18:29Z</time>
      </trkpt>
      <trkpt lat="-25.80955901183188" lon="31.097104009240866">
        <ele>1168.1400000000001</ele>
        <time>2021-09-25T09:18:36Z</time>
      </trkpt>
      <trkpt lat="-25.809761015698314" lon="31.097008036449552">
        <ele>1165.74</ele>
        <time>2021-09-25T09:18:40Z</time>
      </trkpt>
      <trkpt lat="-25.809776019304991" lon="31.096997978165746">
        <ele>1165.74</ele>
        <time>2021-09-25T09:18:49Z</time>
      </trkpt>
      <trkpt lat="-25.809907028451562" lon="31.096936035901308">
        <ele>1166.7</ele>
        <time>2021-09-25T09:19:12Z</time>
      </trkpt>
      <trkpt lat="-25.810437016189098" lon="31.09668399207294">
        <ele>1166.7</ele>
        <time>2021-09-25T09:19:18Z</time>
      </trkpt>
      <trkpt lat="-25.811414010822773" lon="31.096194991841912">
        <ele>1163.3299999999999</ele>
        <time>2021-09-25T09:19:26Z</time>
      </trkpt>
      <trkpt lat="-25.811852971091866" lon="31.095987958833575">
        <ele>1159.49</ele>
        <time>2021-09-25T09:19:29Z</time>
      </trkpt>
      <trkpt lat="-25.812284974381328" lon="31.095770029351115">
        <ele>1154.6800000000001</ele>
        <time>2021-09-25T09:19:32Z</time>
      </trkpt>
      <trkpt lat="-25.812427969649434" lon="31.095668021589518">
        <ele>1152.76</ele>
        <time>2021-09-25T09:19:33Z</time>
      </trkpt>
      <trkpt lat="-25.812559984624386" lon="31.095554027706385">
        <ele>1152.76</ele>
        <time>2021-09-25T09:19:34Z</time>
      </trkpt>
      <trkpt lat="-25.812689987942576" lon="31.095423018559813">
        <ele>1151.3199999999999</ele>
        <time>2021-09-25T09:19:35Z</time>
      </trkpt>
      <trkpt lat="-25.812822002917528" lon="31.095263008028269">
        <ele>1148.9100000000001</ele>
        <time>2021-09-25T09:19:36Z</time>
      </trkpt>
      <trkpt lat="-25.812951000407338" lon="31.095084976404905">
        <ele>1147.47</ele>
        <time>2021-09-25T09:19:37Z</time>
      </trkpt>
      <trkpt lat="-25.813081003725529" lon="31.09490099363029">
        <ele>1146.99</ele>
        <time>2021-09-25T09:19:38Z</time>
      </trkpt>
      <trkpt lat="-25.813370011746883" lon="31.094544008374214">
        <ele>1142.1800000000001</ele>
        <time>2021-09-25T09:19:40Z</time>
      </trkpt>
      <trkpt lat="-25.813671005889773" lon="31.094219963997602">
        <ele>1138.8199999999999</ele>
        <time>2021-09-25T09:19:42Z</time>
      </trkpt>
      <trkpt lat="-25.813967976719141" lon="31.093914024531841">
        <ele>1134.97</ele>
        <time>2021-09-25T09:19:44Z</time>
      </trkpt>
      <trkpt lat="-25.814404003322124" lon="31.093481015414">
        <ele>1133.05</ele>
        <time>2021-09-25T09:19:47Z</time>
      </trkpt>
      <trkpt lat="-25.815244959667325" lon="31.09240896999836">
        <ele>1137.3800000000001</ele>
        <time>2021-09-25T09:19:54Z</time>
      </trkpt>
      <trkpt lat="-25.815518964082003" lon="31.09189298003912">
        <ele>1142.6600000000001</ele>
        <time>2021-09-25T09:19:57Z</time>
      </trkpt>
      <trkpt lat="-25.815698001533747" lon="31.091541023924947">
        <ele>1144.1099999999999</ele>
        <time>2021-09-25T09:19:59Z</time>
      </trkpt>
      <trkpt lat="-25.815882990136743" lon="31.091181021183729">
        <ele>1147.47</ele>
        <time>2021-09-25T09:20:01Z</time>
      </trkpt>
      <trkpt lat="-25.816277023404837" lon="31.090470990166068">
        <ele>1150.8399999999999</ele>
        <time>2021-09-25T09:20:05Z</time>
      </trkpt>
      <trkpt lat="-25.816527977585793" lon="31.090163961052895">
        <ele>1151.8</ele>
        <time>2021-09-25T09:20:07Z</time>
      </trkpt>
      <trkpt lat="-25.81682201474905" lon="31.089905966073275">
        <ele>1151.8</ele>
        <time>2021-09-25T09:20:09Z</time>
      </trkpt>
      <trkpt lat="-25.816984958946705" lon="31.089797001332045">
        <ele>1152.28</ele>
        <time>2021-09-25T09:20:10Z</time>
      </trkpt>
      <trkpt lat="-25.817997995764017" lon="31.089170034974813">
        <ele>1158.05</ele>
        <time>2021-09-25T09:20:16Z</time>
      </trkpt>
      <trkpt lat="-25.818489007651806" lon="31.088864011690021">
        <ele>1150.3499999999999</ele>
        <time>2021-09-25T09:20:19Z</time>
      </trkpt>
      <trkpt lat="-25.818650024011731" lon="31.088766027241945">
        <ele>1154.6800000000001</ele>
        <time>2021-09-25T09:20:20Z</time>
      </trkpt>
      <trkpt lat="-25.818808022886515" lon="31.088667958974838">
        <ele>1161.8900000000001</ele>
        <time>2021-09-25T09:20:21Z</time>
      </trkpt>
      <trkpt lat="-25.818965015932918" lon="31.088571986183524">
        <ele>1159.01</ele>
        <time>2021-09-25T09:20:22Z</time>
      </trkpt>
      <trkpt lat="-25.819587036967278" lon="31.088187005370855">
        <ele>1160.45</ele>
        <time>2021-09-25T09:20:26Z</time>
      </trkpt>
      <trkpt lat="-25.820252979174256" lon="31.087865978479385">
        <ele>1163.8099999999999</ele>
        <time>2021-09-25T09:20:30Z</time>
      </trkpt>
      <trkpt lat="-25.821905974298716" lon="31.08705603517592">
        <ele>1161.8900000000001</ele>
        <time>2021-09-25T09:20:40Z</time>
      </trkpt>
      <trkpt lat="-25.822470998391509" lon="31.086572986096144">
        <ele>1166.22</ele>
        <time>2021-09-25T09:20:44Z</time>
      </trkpt>
      <trkpt lat="-25.822874000295997" lon="31.086174007505178">
        <ele>1169.5799999999999</ele>
        <time>2021-09-25T09:20:47Z</time>
      </trkpt>
      <trkpt lat="-25.823141969740391" lon="31.08589799143374">
        <ele>1171.98</ele>
        <time>2021-09-25T09:20:49Z</time>
      </trkpt>
      <trkpt lat="-25.823936993256211" lon="31.084881015121937">
        <ele>1172.47</ele>
        <time>2021-09-25T09:20:56Z</time>
      </trkpt>
      <trkpt lat="-25.824236981570721" lon="31.084396038204432">
        <ele>1171.5</ele>
        <time>2021-09-25T09:20:59Z</time>
      </trkpt>
      <trkpt lat="-25.824313005432487" lon="31.084223035722971">
        <ele>1172.47</ele>
        <time>2021-09-25T09:21:00Z</time>
      </trkpt>
      <trkpt lat="-25.824375031515956" lon="31.084042992442846">
        <ele>1172.95</ele>
        <time>2021-09-25T09:21:01Z</time>
      </trkpt>
      <trkpt lat="-25.824428005144" lon="31.08385699801147">
        <ele>1174.8699999999999</ele>
        <time>2021-09-25T09:21:02Z</time>
      </trkpt>
      <trkpt lat="-25.824475027620792" lon="31.083663962781429">
        <ele>1175.3499999999999</ele>
        <time>2021-09-25T09:21:03Z</time>
      </trkpt>
      <trkpt lat="-25.824574017897248" lon="31.08327898196876">
        <ele>1178.23</ele>
        <time>2021-09-25T09:21:05Z</time>
      </trkpt>
      <trkpt lat="-25.824640989303589" lon="31.083091981709003">
        <ele>1179.6700000000001</ele>
        <time>2021-09-25T09:21:06Z</time>
      </trkpt>
      <trkpt lat="-25.824721958488226" lon="31.082909004762769">
        <ele>1180.1600000000001</ele>
        <time>2021-09-25T09:21:07Z</time>
      </trkpt>
      <trkpt lat="-25.824818015098572" lon="31.082732984796166">
        <ele>1182.0799999999999</ele>
        <time>2021-09-25T09:21:08Z</time>
      </trkpt>
      <trkpt lat="-25.824926979839802" lon="31.082568028941751">
        <ele>1183.52</ele>
        <time>2021-09-25T09:21:09Z</time>
      </trkpt>
      <trkpt lat="-25.825049020349979" lon="31.082414975389838">
        <ele>1185.4400000000001</ele>
        <time>2021-09-25T09:21:10Z</time>
      </trkpt>
      <trkpt lat="-25.825178017839789" lon="31.082270974293351">
        <ele>1185.9200000000001</ele>
        <time>2021-09-25T09:21:11Z</time>
      </trkpt>
      <trkpt lat="-25.825312966480851" lon="31.082135019823909">
        <ele>1186.8800000000001</ele>
        <time>2021-09-25T09:21:12Z</time>
      </trkpt>
      <trkpt lat="-25.825599962845445" lon="31.081882975995541">
        <ele>1191.21</ele>
        <time>2021-09-25T09:21:14Z</time>
      </trkpt>
      <trkpt lat="-25.825902968645096" lon="31.081658005714417">
        <ele>1194.0899999999999</ele>
        <time>2021-09-25T09:21:16Z</time>
      </trkpt>
      <trkpt lat="-25.826380988582969" lon="31.081374026834965">
        <ele>1198.9000000000001</ele>
        <time>2021-09-25T09:21:19Z</time>
      </trkpt>
      <trkpt lat="-25.826703021302819" lon="31.081234971061349">
        <ele>1201.3</ele>
        <time>2021-09-25T09:21:21Z</time>
      </trkpt>
      <trkpt lat="-25.826863031834364" lon="31.081194989383221">
        <ele>1202.75</ele>
        <time>2021-09-25T09:21:22Z</time>
      </trkpt>
      <trkpt lat="-25.827021030709147" lon="31.081183003261685">
        <ele>1204.1900000000001</ele>
        <time>2021-09-25T09:21:23Z</time>
      </trkpt>
      <trkpt lat="-25.82717802375555" lon="31.081197001039982">
        <ele>1204.1900000000001</ele>
        <time>2021-09-25T09:21:24Z</time>
      </trkpt>
      <trkpt lat="-25.827333005145192" lon="31.081234971061349">
        <ele>1206.1099999999999</ele>
        <time>2021-09-25T09:21:25Z</time>
      </trkpt>
      <trkpt lat="-25.827483041211963" lon="31.081291968002915">
        <ele>1207.0699999999999</ele>
        <time>2021-09-25T09:21:26Z</time>
      </trkpt>
      <trkpt lat="-25.827631987631321" lon="31.081362040713429">
        <ele>1209.48</ele>
        <time>2021-09-25T09:21:27Z</time>
      </trkpt>
      <trkpt lat="-25.828105984255672" lon="31.081577036529779">
        <ele>1213.3199999999999</ele>
        <time>2021-09-25T09:21:30Z</time>
      </trkpt>
      <trkpt lat="-25.828278986737132" lon="31.08162397518754">
        <ele>1215.24</ele>
        <time>2021-09-25T09:21:31Z</time>
      </trkpt>
      <trkpt lat="-25.828456012532115" lon="31.081655994057655">
        <ele>1216.21</ele>
        <time>2021-09-25T09:21:32Z</time>
      </trkpt>
      <trkpt lat="-25.828987006098032" lon="31.081720031797886">
        <ele>1220.53</ele>
        <time>2021-09-25T09:21:35Z</time>
      </trkpt>
      <trkpt lat="-25.82915497943759" lon="31.081758001819253">
        <ele>1221.97</ele>
        <time>2021-09-25T09:21:36Z</time>
      </trkpt>
      <trkpt lat="-25.829319013282657" lon="31.081813992932439">
        <ele>1224.3800000000001</ele>
        <time>2021-09-25T09:21:37Z</time>
      </trkpt>
      <trkpt lat="-25.829804996028543" lon="31.082018008455634">
        <ele>1227.74</ele>
        <time>2021-09-25T09:21:40Z</time>
      </trkpt>
      <trkpt lat="-25.830126022920012" lon="31.08215999789536">
        <ele>1229.1800000000001</ele>
        <time>2021-09-25T09:21:42Z</time>
      </trkpt>
      <trkpt lat="-25.830600019544363" lon="31.082365019246936">
        <ele>1231.5899999999999</ele>
        <time>2021-09-25T09:21:45Z</time>
      </trkpt>
      <trkpt lat="-25.831221034750342" lon="31.082636006176472">
        <ele>1235.4300000000001</ele>
        <time>2021-09-25T09:21:49Z</time>
      </trkpt>
      <trkpt lat="-25.831525968387723" lon="31.082769026979804">
        <ele>1236.3900000000001</ele>
        <time>2021-09-25T09:21:51Z</time>
      </trkpt>
      <trkpt lat="-25.831972975283861" lon="31.082961978390813">
        <ele>1239.28</ele>
        <time>2021-09-25T09:21:54Z</time>
      </trkpt>
      <trkpt lat="-25.832404978573322" lon="31.083149984478951">
        <ele>1242.6400000000001</ele>
        <time>2021-09-25T09:21:57Z</time>
      </trkpt>
      <trkpt lat="-25.832880986854434" lon="31.083344025537372">
        <ele>1243.5999999999999</ele>
        <time>2021-09-25T09:22:01Z</time>
      </trkpt>
      <trkpt lat="-25.833005961030722" lon="31.083355005830526">
        <ele>1244.0799999999999</ele>
        <time>2021-09-25T09:22:02Z</time>
      </trkpt>
      <trkpt lat="-25.83313001319766" lon="31.083328016102314">
        <ele>1245.53</ele>
        <time>2021-09-25T09:22:03Z</time>
      </trkpt>
      <trkpt lat="-25.833241995424032" lon="31.083269007503986">
        <ele>1246.01</ele>
        <time>2021-09-25T09:22:04Z</time>
      </trkpt>
      <trkpt lat="-25.833333022892475" lon="31.083180997520685">
        <ele>1246.01</ele>
        <time>2021-09-25T09:22:05Z</time>
      </trkpt>
      <trkpt lat="-25.833401000127196" lon="31.083069015294313">
        <ele>1246.97</ele>
        <time>2021-09-25T09:22:06Z</time>
      </trkpt>
      <trkpt lat="-25.833445005118847" lon="31.082940017804503">
        <ele>1248.4100000000001</ele>
        <time>2021-09-25T09:22:07Z</time>
      </trkpt>
      <trkpt lat="-25.833463026210666" lon="31.082797022536397">
        <ele>1249.3699999999999</ele>
        <time>2021-09-25T09:22:08Z</time>
      </trkpt>
      <trkpt lat="-25.83345397375524" lon="31.082648998126388">
        <ele>1251.29</ele>
        <time>2021-09-25T09:22:09Z</time>
      </trkpt>
      <trkpt lat="-25.833427989855409" lon="31.082493010908365">
        <ele>1250.3299999999999</ele>
        <time>2021-09-25T09:22:10Z</time>
      </trkpt>
      <trkpt lat="-25.833399994298816" lon="31.082324031740427">
        <ele>1250.8099999999999</ele>
        <time>2021-09-25T09:22:11Z</time>
      </trkpt>
      <trkpt lat="-25.83338800817728" lon="31.082146000117064">
        <ele>1252.25</ele>
        <time>2021-09-25T09:22:12Z</time>
      </trkpt>
      <trkpt lat="-25.833399994298816" lon="31.081964028999209">
        <ele>1252.25</ele>
        <time>2021-09-25T09:22:13Z</time>
      </trkpt>
      <trkpt lat="-25.833438970148563" lon="31.081781974062324">
        <ele>1251.77</ele>
        <time>2021-09-25T09:22:14Z</time>
      </trkpt>
      <trkpt lat="-25.833506025373936" lon="31.081609977409244">
        <ele>1252.25</ele>
        <time>2021-09-25T09:22:15Z</time>
      </trkpt>
      <trkpt lat="-25.833598980680108" lon="31.08145197853446">
        <ele>1252.74</ele>
        <time>2021-09-25T09:22:16Z</time>
      </trkpt>
      <trkpt lat="-25.83371096290648" lon="31.081307977437973">
        <ele>1252.74</ele>
        <time>2021-09-25T09:22:17Z</time>
      </trkpt>
      <trkpt lat="-25.833839038386941" lon="31.081175040453672">
        <ele>1254.1800000000001</ele>
        <time>2021-09-25T09:22:18Z</time>
      </trkpt>
      <trkpt lat="-25.833978010341525" lon="31.081048976629972">
        <ele>1254.6600000000001</ele>
        <time>2021-09-25T09:22:19Z</time>
      </trkpt>
      <trkpt lat="-25.834259977564216" lon="31.080811014398932">
        <ele>1258.02</ele>
        <time>2021-09-25T09:22:21Z</time>
      </trkpt>
      <trkpt lat="-25.834400039166212" lon="31.080691991373897">
        <ele>1258.02</ele>
        <time>2021-09-25T09:22:22Z</time>
      </trkpt>
      <trkpt lat="-25.834815027192235" lon="31.080338023602962">
        <ele>1260.9100000000001</ele>
        <time>2021-09-25T09:22:25Z</time>
      </trkpt>
      <trkpt lat="-25.835373010486364" lon="31.079854974523187">
        <ele>1264.27</ele>
        <time>2021-09-25T09:22:29Z</time>
      </trkpt>
      <trkpt lat="-25.835640979930758" lon="31.07962497510016">
        <ele>1265.23</ele>
        <time>2021-09-25T09:22:31Z</time>
      </trkpt>
      <trkpt lat="-25.836034007370472" lon="31.079310989007354">
        <ele>1269.5599999999999</ele>
        <time>2021-09-25T09:22:34Z</time>
      </trkpt>
      <trkpt lat="-25.836178008466959" lon="31.079224990680814">
        <ele>1269.5599999999999</ele>
        <time>2021-09-25T09:22:35Z</time>
      </trkpt>
      <trkpt lat="-25.836329972371459" lon="31.07915299013257">
        <ele>1271</ele>
        <time>2021-09-25T09:22:36Z</time>
      </trkpt>
      <trkpt lat="-25.836483025923371" lon="31.079091969877481">
        <ele>1272.4400000000001</ele>
        <time>2021-09-25T09:22:37Z</time>
      </trkpt>
      <trkpt lat="-25.836941013112664" lon="31.078939000144601">
        <ele>1275.3299999999999</ele>
        <time>2021-09-25T09:22:40Z</time>
      </trkpt>
      <trkpt lat="-25.837381985038519" lon="31.07878896407783">
        <ele>1278.21</ele>
        <time>2021-09-25T09:22:43Z</time>
      </trkpt>
      <trkpt lat="-25.837803008034825" lon="31.078677987679839">
        <ele>1280.1300000000001</ele>
        <time>2021-09-25T09:22:46Z</time>
      </trkpt>
      <trkpt lat="-25.838275998830795" lon="31.078642029315233">
        <ele>1284.46</ele>
        <time>2021-09-25T09:22:50Z</time>
      </trkpt>
      <trkpt lat="-25.838378006592393" lon="31.07861696742475">
        <ele>1285.9000000000001</ele>
        <time>2021-09-25T09:22:51Z</time>
      </trkpt>
      <trkpt lat="-25.838470039889216" lon="31.078568017110229">
        <ele>1286.8599999999999</ele>
        <time>2021-09-25T09:22:52Z</time>
      </trkpt>
      <trkpt lat="-25.838548997417092" lon="31.078491993248463">
        <ele>1286.8599999999999</ele>
        <time>2021-09-25T09:22:53Z</time>
      </trkpt>
      <trkpt lat="-25.838612029328942" lon="31.078395014628768">
        <ele>1289.27</ele>
        <time>2021-09-25T09:22:54Z</time>
      </trkpt>
      <trkpt lat="-25.838652011007071" lon="31.078282026574016">
        <ele>1291.6700000000001</ele>
        <time>2021-09-25T09:22:55Z</time>
      </trkpt>
      <trkpt lat="-25.83867103792727" lon="31.078160991892219">
        <ele>1292.1500000000001</ele>
        <time>2021-09-25T09:22:56Z</time>
      </trkpt>
      <trkpt lat="-25.838675983250141" lon="31.078027971088886">
        <ele>1292.6300000000001</ele>
        <time>2021-09-25T09:22:57Z</time>
      </trkpt>
      <trkpt lat="-25.838685035705566" lon="31.077881036326289">
        <ele>1295.03</ele>
        <time>2021-09-25T09:22:58Z</time>
      </trkpt>
      <trkpt lat="-25.838708002120256" lon="31.077720019966364">
        <ele>1296.96</ele>
        <time>2021-09-25T09:22:59Z</time>
      </trkpt>
      <trkpt lat="-25.838753012940288" lon="31.077545005828142">
        <ele>1298.8800000000001</ele>
        <time>2021-09-25T09:23:00Z</time>
      </trkpt>
      <trkpt lat="-25.838815039023757" lon="31.077372003346682">
        <ele>1301.76</ele>
        <time>2021-09-25T09:23:01Z</time>
      </trkpt>
      <trkpt lat="-25.838884022086859" lon="31.077199000865221">
        <ele>1302.24</ele>
        <time>2021-09-25T09:23:02Z</time>
      </trkpt>
      <trkpt lat="-25.839098012074828" lon="31.076679993420839">
        <ele>1307.53</ele>
        <time>2021-09-25T09:23:05Z</time>
      </trkpt>
      <trkpt lat="-25.839243018999696" lon="31.076341029256582">
        <ele>1311.3800000000001</ele>
        <time>2021-09-25T09:23:07Z</time>
      </trkpt>
      <trkpt lat="-25.839398000389338" lon="31.076026037335396">
        <ele>1314.74</ele>
        <time>2021-09-25T09:23:09Z</time>
      </trkpt>
      <trkpt lat="-25.839592041447759" lon="31.075742980465293">
        <ele>1318.0999999999999</ele>
        <time>2021-09-25T09:23:11Z</time>
      </trkpt>
      <trkpt lat="-25.839707041159272" lon="31.075619012117386">
        <ele>1320.51</ele>
        <time>2021-09-25T09:23:12Z</time>
      </trkpt>
      <trkpt lat="-25.839836038649082" lon="31.075504012405872">
        <ele>1321.95</ele>
        <time>2021-09-25T09:23:13Z</time>
      </trkpt>
      <trkpt lat="-25.839974004775286" lon="31.075399992987514">
        <ele>1323.8699999999999</ele>
        <time>2021-09-25T09:23:14Z</time>
      </trkpt>
      <trkpt lat="-25.840117000043392" lon="31.075306031852961">
        <ele>1325.3099999999999</ele>
        <time>2021-09-25T09:23:15Z</time>
      </trkpt>
      <trkpt lat="-25.840544980019331" lon="31.075021969154477">
        <ele>1330.5999999999999</ele>
        <time>2021-09-25T09:23:18Z</time>
      </trkpt>
      <trkpt lat="-25.84082099609077" lon="31.074816025793552">
        <ele>1333.97</ele>
        <time>2021-09-25T09:23:20Z</time>
      </trkpt>
      <trkpt lat="-25.841098017990589" lon="31.074605975300074">
        <ele>1336.8499999999999</ele>
        <time>2021-09-25T09:23:22Z</time>
      </trkpt>
      <trkpt lat="-25.841386020183563" lon="31.074430039152503">
        <ele>1340.22</ele>
        <time>2021-09-25T09:23:24Z</time>
      </trkpt>
      <trkpt lat="-25.841685002669692" lon="31.074297018349171">
        <ele>1344.54</ele>
        <time>2021-09-25T09:23:26Z</time>
      </trkpt>
      <trkpt lat="-25.841988008469343" lon="31.074199033901095">
        <ele>1347.9100000000001</ele>
        <time>2021-09-25T09:23:28Z</time>
      </trkpt>
      <trkpt lat="-25.842451024800539" lon="31.074129967018962">
        <ele>1351.75</ele>
        <time>2021-09-25T09:23:31Z</time>
      </trkpt>
      <trkpt lat="-25.842607012018561" lon="31.074133990332484">
        <ele>1353.6700000000001</ele>
        <time>2021-09-25T09:23:32Z</time>
      </trkpt>
      <trkpt lat="-25.842759981751442" lon="31.074151005595922">
        <ele>1354.6300000000001</ele>
        <time>2021-09-25T09:23:33Z</time>
      </trkpt>
      <trkpt lat="-25.842910017818213" lon="31.074184030294418">
        <ele>1357.04</ele>
        <time>2021-09-25T09:23:34Z</time>
      </trkpt>
      <trkpt lat="-25.843053013086319" lon="31.074225017800927">
        <ele>1358.48</ele>
        <time>2021-09-25T09:23:35Z</time>
      </trkpt>
      <trkpt lat="-25.843303967267275" lon="31.07429500669241">
        <ele>1359.9200000000001</ele>
        <time>2021-09-25T09:23:37Z</time>
      </trkpt>
      <trkpt lat="-25.843414021655917" lon="31.074298024177551">
        <ele>1360.4000000000001</ele>
        <time>2021-09-25T09:23:38Z</time>
      </trkpt>
      <trkpt lat="-25.843514017760754" lon="31.074266005307436">
        <ele>1361.8399999999999</ele>
        <time>2021-09-25T09:23:39Z</time>
      </trkpt>
      <trkpt lat="-25.843605967238545" lon="31.074200961738825">
        <ele>1362.8099999999999</ele>
        <time>2021-09-25T09:23:40Z</time>
      </trkpt>
      <trkpt lat="-25.843693977221847" lon="31.074113035574555">
        <ele>1364.25</ele>
        <time>2021-09-25T09:23:41Z</time>
      </trkpt>
      <trkpt lat="-25.843789028003812" lon="31.074021002277732">
        <ele>1364.73</ele>
        <time>2021-09-25T09:23:42Z</time>
      </trkpt>
      <trkpt lat="-25.843896986916661" lon="31.073936009779572">
        <ele>1366.1700000000001</ele>
        <time>2021-09-25T09:23:43Z</time>
      </trkpt>
      <trkpt lat="-25.844022966921329" lon="31.073861997574568">
        <ele>1368.0899999999999</ele>
        <time>2021-09-25T09:23:44Z</time>
      </trkpt>
      <trkpt lat="-25.844162022694945" lon="31.073800977319479">
        <ele>1369.54</ele>
        <time>2021-09-25T09:23:45Z</time>
      </trkpt>
      <trkpt lat="-25.844308035448194" lon="31.073743980377913">
        <ele>1370.98</ele>
        <time>2021-09-25T09:23:46Z</time>
      </trkpt>
      <trkpt lat="-25.844443989917636" lon="31.073678014799953">
        <ele>1372.4200000000001</ele>
        <time>2021-09-25T09:23:47Z</time>
      </trkpt>
      <trkpt lat="-25.844556977972388" lon="31.073591010645032">
        <ele>1373.3800000000001</ele>
        <time>2021-09-25T09:23:48Z</time>
      </trkpt>
      <trkpt lat="-25.844652028754354" lon="31.073489002883434">
        <ele>1375.3</ele>
        <time>2021-09-25T09:23:49Z</time>
      </trkpt>
      <trkpt lat="-25.844829976558685" lon="31.073299990966916">
        <ele>1377.71</ele>
        <time>2021-09-25T09:23:51Z</time>
      </trkpt>
      <trkpt lat="-25.844928966835141" lon="31.073236959055066">
        <ele>1379.1500000000001</ele>
        <time>2021-09-25T09:23:52Z</time>
      </trkpt>
      <trkpt lat="-25.845031980425119" lon="31.073204018175602">
        <ele>1380.5899999999999</ele>
        <time>2021-09-25T09:23:53Z</time>
      </trkpt>
      <trkpt lat="-25.84513901732862" lon="31.073207035660744">
        <ele>1382.03</ele>
        <time>2021-09-25T09:23:54Z</time>
      </trkpt>
      <trkpt lat="-25.845248987898231" lon="31.073238970711827">
        <ele>1382.99</ele>
        <time>2021-09-25T09:23:55Z</time>
      </trkpt>
      <trkpt lat="-25.845359964296222" lon="31.073284987360239">
        <ele>1384.4400000000001</ele>
        <time>2021-09-25T09:23:56Z</time>
      </trkpt>
      <trkpt lat="-25.845480998978019" lon="31.073324969038367">
        <ele>1386.8399999999999</ele>
        <time>2021-09-25T09:23:57Z</time>
      </trkpt>
      <trkpt lat="-25.845611002296209" lon="31.073346007615328">
        <ele>1389.24</ele>
        <time>2021-09-25T09:23:58Z</time>
      </trkpt>
      <trkpt lat="-25.845750980079174" lon="31.073342990130186">
        <ele>1389.72</ele>
        <time>2021-09-25T09:23:59Z</time>
      </trkpt>
      <trkpt lat="-25.845897998660803" lon="31.073319017887115">
        <ele>1391.6500000000001</ele>
        <time>2021-09-25T09:24:00Z</time>
      </trkpt>
      <trkpt lat="-25.846048034727573" lon="31.073284987360239">
        <ele>1394.05</ele>
        <time>2021-09-25T09:24:01Z</time>
      </trkpt>
      <trkpt lat="-25.846347017213702" lon="31.073213992640376">
        <ele>1398.8599999999999</ele>
        <time>2021-09-25T09:24:03Z</time>
      </trkpt>
      <trkpt lat="-25.846940036863089" lon="31.073139980435371">
        <ele>1401.74</ele>
        <time>2021-09-25T09:24:07Z</time>
      </trkpt>
      <trkpt lat="-25.847756015136838" lon="31.073077032342553">
        <ele>1397.8900000000001</ele>
        <time>2021-09-25T09:24:12Z</time>
      </trkpt>
      <trkpt lat="-25.848268987610936" lon="31.073043001815677">
        <ele>1393.5699999999999</ele>
        <time>2021-09-25T09:24:15Z</time>
      </trkpt>
      <trkpt lat="-25.848761005327106" lon="31.0730089712888">
        <ele>1390.2</ele>
        <time>2021-09-25T09:24:18Z</time>
      </trkpt>
      <trkpt lat="-25.849254028871655" lon="31.072969995439053">
        <ele>1385.8800000000001</ele>
        <time>2021-09-25T09:24:21Z</time>
      </trkpt>
      <trkpt lat="-25.849932041019201" lon="31.072916015982628">
        <ele>1382.03</ele>
        <time>2021-09-25T09:24:25Z</time>
      </trkpt>
      <trkpt lat="-25.850100014358759" lon="31.072902018204331">
        <ele>1382.03</ele>
        <time>2021-09-25T09:24:26Z</time>
      </trkpt>
      <trkpt lat="-25.850432021543384" lon="31.072874022647738">
        <ele>1380.5899999999999</ele>
        <time>2021-09-25T09:24:28Z</time>
      </trkpt>
      <trkpt lat="-25.851214975118637" lon="31.072963960468769">
        <ele>1379.6300000000001</ele>
        <time>2021-09-25T09:24:33Z</time>
      </trkpt>
      <trkpt lat="-25.851364005357027" lon="31.073012994602323">
        <ele>1380.1099999999999</ele>
        <time>2021-09-25T09:24:34Z</time>
      </trkpt>
      <trkpt lat="-25.852375030517578" lon="31.073532002046704">
        <ele>1378.6700000000001</ele>
        <time>2021-09-25T09:24:41Z</time>
      </trkpt>
      <trkpt lat="-25.852528000250459" lon="31.07358698733151">
        <ele>1379.1500000000001</ele>
        <time>2021-09-25T09:24:42Z</time>
      </trkpt>
      <trkpt lat="-25.852685999125242" lon="31.073623029515147">
        <ele>1380.5899999999999</ele>
        <time>2021-09-25T09:24:43Z</time>
      </trkpt>
      <trkpt lat="-25.852848021313548" lon="31.073640966787934">
        <ele>1381.0699999999999</ele>
        <time>2021-09-25T09:24:44Z</time>
      </trkpt>
      <trkpt lat="-25.853011971339583" lon="31.073637027293444">
        <ele>1382.99</ele>
        <time>2021-09-25T09:24:45Z</time>
      </trkpt>
      <trkpt lat="-25.853173993527889" lon="31.073612971231341">
        <ele>1382.99</ele>
        <time>2021-09-25T09:24:46Z</time>
      </trkpt>
      <trkpt lat="-25.853332998231053" lon="31.073569972068071">
        <ele>1384.4400000000001</ele>
        <time>2021-09-25T09:24:47Z</time>
      </trkpt>
      <trkpt lat="-25.853485967963934" lon="31.073510041460395">
        <ele>1384.9200000000001</ele>
        <time>2021-09-25T09:24:48Z</time>
      </trkpt>
      <trkpt lat="-25.853631980717182" lon="31.073431000113487">
        <ele>1386.8399999999999</ele>
        <time>2021-09-25T09:24:49Z</time>
      </trkpt>
      <trkpt lat="-25.853771958500147" lon="31.073338966816664">
        <ele>1387.8</ele>
        <time>2021-09-25T09:24:50Z</time>
      </trkpt>
      <trkpt lat="-25.85390699096024" lon="31.073240982368588">
        <ele>1389.24</ele>
        <time>2021-09-25T09:24:51Z</time>
      </trkpt>
      <trkpt lat="-25.854453993961215" lon="31.07283596880734">
        <ele>1393.0899999999999</ele>
        <time>2021-09-25T09:24:55Z</time>
      </trkpt>
      <trkpt lat="-25.855982014909387" lon="31.071737017482519">
        <ele>1394.05</ele>
        <time>2021-09-25T09:25:06Z</time>
      </trkpt>
      <trkpt lat="-25.856666984036565" lon="31.071250028908253">
        <ele>1396.9300000000001</ele>
        <time>2021-09-25T09:25:11Z</time>
      </trkpt>
      <trkpt lat="-25.857041990384459" lon="31.070991028100252">
        <ele>1400.78</ele>
        <time>2021-09-25T09:25:14Z</time>
      </trkpt>
      <trkpt lat="-25.857570972293615" lon="31.070614010095596">
        <ele>1404.1400000000001</ele>
        <time>2021-09-25T09:25:18Z</time>
      </trkpt>
      <trkpt lat="-25.858562970533967" lon="31.069916971027851">
        <ele>1400.78</ele>
        <time>2021-09-25T09:25:25Z</time>
      </trkpt>
      <trkpt lat="-25.858819037675858" lon="31.069702981039882">
        <ele>1397.4100000000001</ele>
        <time>2021-09-25T09:25:27Z</time>
      </trkpt>
      <trkpt lat="-25.85904099047184" lon="31.069453032687306">
        <ele>1395.01</ele>
        <time>2021-09-25T09:25:29Z</time>
      </trkpt>
      <trkpt lat="-25.859140986576676" lon="31.069304002448916">
        <ele>1395.01</ele>
        <time>2021-09-25T09:25:30Z</time>
      </trkpt>
      <trkpt lat="-25.859228996559978" lon="31.06913804076612">
        <ele>1393.0899999999999</ele>
        <time>2021-09-25T09:25:31Z</time>
      </trkpt>
      <trkpt lat="-25.859305020421743" lon="31.068962020799518">
        <ele>1392.1300000000001</ele>
        <time>2021-09-25T09:25:32Z</time>
      </trkpt>
      <trkpt lat="-25.859379032626748" lon="31.068787006661296">
        <ele>1391.6500000000001</ele>
        <time>2021-09-25T09:25:33Z</time>
      </trkpt>
      <trkpt lat="-25.859466958791018" lon="31.068621966987848">
        <ele>1391.6500000000001</ele>
        <time>2021-09-25T09:25:34Z</time>
      </trkpt>
      <trkpt lat="-25.859571984037757" lon="31.068474026396871">
        <ele>1392.1300000000001</ele>
        <time>2021-09-25T09:25:35Z</time>
      </trkpt>
      <trkpt lat="-25.859682038426399" lon="31.068332036957145">
        <ele>1393.5699999999999</ele>
        <time>2021-09-25T09:25:36Z</time>
      </trkpt>
      <trkpt lat="-25.85998797789216" lon="31.067886035889387">
        <ele>1398.8599999999999</ele>
        <time>2021-09-25T09:25:39Z</time>
      </trkpt>
      <trkpt lat="-25.860173972323537" lon="31.067573977634311">
        <ele>1402.22</ele>
        <time>2021-09-25T09:25:41Z</time>
      </trkpt>
      <trkpt lat="-25.860326020047069" lon="31.06726803816855">
        <ele>1405.0999999999999</ele>
        <time>2021-09-25T09:25:43Z</time>
      </trkpt>
      <trkpt lat="-25.860378993675113" lon="31.067107021808624">
        <ele>1407.03</ele>
        <time>2021-09-25T09:25:44Z</time>
      </trkpt>
      <trkpt lat="-25.860413024201989" lon="31.066941982135177">
        <ele>1408.47</ele>
        <time>2021-09-25T09:25:45Z</time>
      </trkpt>
      <trkpt lat="-25.860434984788299" lon="31.066774008795619">
        <ele>1409.4300000000001</ele>
        <time>2021-09-25T09:25:46Z</time>
      </trkpt>
      <trkpt lat="-25.860450994223356" lon="31.066606035456061">
        <ele>1411.3499999999999</ele>
        <time>2021-09-25T09:25:47Z</time>
      </trkpt>
      <trkpt lat="-25.860483013093472" lon="31.066273022443056">
        <ele>1415.2</ele>
        <time>2021-09-25T09:25:49Z</time>
      </trkpt>
      <trkpt lat="-25.860519977286458" lon="31.065940009430051">
        <ele>1418.0799999999999</ele>
        <time>2021-09-25T09:25:51Z</time>
      </trkpt>
      <trkpt lat="-25.860564988106489" lon="31.065599033609033">
        <ele>1421.9300000000001</ele>
        <time>2021-09-25T09:25:53Z</time>
      </trkpt>
      <trkpt lat="-25.860634976997972" lon="31.065258979797363">
        <ele>1425.77</ele>
        <time>2021-09-25T09:25:55Z</time>
      </trkpt>
      <trkpt lat="-25.860726004466414" lon="31.064933007583022">
        <ele>1428.6600000000001</ele>
        <time>2021-09-25T09:25:57Z</time>
      </trkpt>
      <trkpt lat="-25.860762968659401" lon="31.064770985394716">
        <ele>1430.5799999999999</ele>
        <time>2021-09-25T09:25:58Z</time>
      </trkpt>
      <trkpt lat="-25.8607819955796" lon="31.064608041197062">
        <ele>1432.02</ele>
        <time>2021-09-25T09:25:59Z</time>
      </trkpt>
      <trkpt lat="-25.860784007236362" lon="31.064446019008756">
        <ele>1433.46</ele>
        <time>2021-09-25T09:26:00Z</time>
      </trkpt>
      <trkpt lat="-25.860764980316162" lon="31.064123986288905">
        <ele>1436.8299999999999</ele>
        <time>2021-09-25T09:26:02Z</time>
      </trkpt>
      <trkpt lat="-25.860721981152892" lon="31.063806982710958">
        <ele>1439.71</ele>
        <time>2021-09-25T09:26:04Z</time>
      </trkpt>
      <trkpt lat="-25.86067596450448" lon="31.063658036291599">
        <ele>1442.1099999999999</ele>
        <time>2021-09-25T09:26:05Z</time>
      </trkpt>
      <trkpt lat="-25.860612010583282" lon="31.063517974689603">
        <ele>1444.04</ele>
        <time>2021-09-25T09:26:06Z</time>
      </trkpt>
      <trkpt lat="-25.860529029741883" lon="31.063390988856554">
        <ele>1445.48</ele>
        <time>2021-09-25T09:26:07Z</time>
      </trkpt>
      <trkpt lat="-25.860430039465427" lon="31.063279006630182">
        <ele>1446.9200000000001</ele>
        <time>2021-09-25T09:26:08Z</time>
      </trkpt>
      <trkpt lat="-25.860317973420024" lon="31.063182028010488">
        <ele>1447.8800000000001</ele>
        <time>2021-09-25T09:26:09Z</time>
      </trkpt>
      <trkpt lat="-25.860194005072117" lon="31.063099969178438">
        <ele>1449.8099999999999</ele>
        <time>2021-09-25T09:26:10Z</time>
      </trkpt>
      <trkpt lat="-25.860064001753926" lon="31.063024029135704">
        <ele>1452.21</ele>
        <time>2021-09-25T09:26:11Z</time>
      </trkpt>
      <trkpt lat="-25.859682038426399" lon="31.062786988914013">
        <ele>1455.5699999999999</ele>
        <time>2021-09-25T09:26:14Z</time>
      </trkpt>
      <trkpt lat="-25.859487997367978" lon="31.062623960897326">
        <ele>1455.5699999999999</ele>
        <time>2021-09-25T09:26:16Z</time>
      </trkpt>
      <trkpt lat="-25.859413985162973" lon="31.062534023076296">
        <ele>1456.05</ele>
        <time>2021-09-25T09:26:17Z</time>
      </trkpt>
      <trkpt lat="-25.859357994049788" lon="31.062430003657937">
        <ele>1456.53</ele>
        <time>2021-09-25T09:26:18Z</time>
      </trkpt>
      <trkpt lat="-25.85931901820004" lon="31.062307963147759">
        <ele>1456.05</ele>
        <time>2021-09-25T09:26:19Z</time>
      </trkpt>
      <trkpt lat="-25.85929999127984" lon="31.062172008678317">
        <ele>1456.05</ele>
        <time>2021-09-25T09:26:20Z</time>
      </trkpt>
      <trkpt lat="-25.859307032078505" lon="31.062029013410211">
        <ele>1455.5699999999999</ele>
        <time>2021-09-25T09:26:21Z</time>
      </trkpt>
      <trkpt lat="-25.85934198461473" lon="31.061885012313724">
        <ele>1455.0899999999999</ele>
        <time>2021-09-25T09:26:22Z</time>
      </trkpt>
      <trkpt lat="-25.85940602235496" lon="31.061750985682011">
        <ele>1454.1300000000001</ele>
        <time>2021-09-25T09:26:23Z</time>
      </trkpt>
      <trkpt lat="-25.859495960175991" lon="31.061637997627258">
        <ele>1454.6099999999999</ele>
        <time>2021-09-25T09:26:24Z</time>
      </trkpt>
      <trkpt lat="-25.859607020393014" lon="31.06155501678586">
        <ele>1455.0899999999999</ele>
        <time>2021-09-25T09:26:25Z</time>
      </trkpt>
      <trkpt lat="-25.859739035367966" lon="31.061497014015913">
        <ele>1454.6099999999999</ele>
        <time>2021-09-25T09:26:26Z</time>
      </trkpt>
      <trkpt lat="-25.859883958473802" lon="31.061473041772842">
        <ele>1453.6500000000001</ele>
        <time>2021-09-25T09:26:27Z</time>
      </trkpt>
      <trkpt lat="-25.86003097705543" lon="31.061496008187532">
        <ele>1455.0899999999999</ele>
        <time>2021-09-25T09:26:28Z</time>
      </trkpt>
      <trkpt lat="-25.860182018950582" lon="31.061535989865661">
        <ele>1456.53</ele>
        <time>2021-09-25T09:26:29Z</time>
      </trkpt>
      <trkpt lat="-25.8605039678514" lon="31.061588963493705">
        <ele>1457.5</ele>
        <time>2021-09-25T09:26:31Z</time>
      </trkpt>
      <trkpt lat="-25.860669007524848" lon="31.061589969322085">
        <ele>1457.5</ele>
        <time>2021-09-25T09:26:32Z</time>
      </trkpt>
      <trkpt lat="-25.861499989405274" lon="31.061520986258984">
        <ele>1453.6500000000001</ele>
        <time>2021-09-25T09:26:37Z</time>
      </trkpt>
      <trkpt lat="-25.862018996849656" lon="31.061487039551139">
        <ele>1450.29</ele>
        <time>2021-09-25T09:26:40Z</time>
      </trkpt>
      <trkpt lat="-25.862530041486025" lon="31.061458960175514">
        <ele>1446.9200000000001</ele>
        <time>2021-09-25T09:26:43Z</time>
      </trkpt>
      <trkpt lat="-25.86269298568368" lon="31.06144797988236">
        <ele>1446.4400000000001</ele>
        <time>2021-09-25T09:26:44Z</time>
      </trkpt>
      <trkpt lat="-25.863173017278314" lon="31.061345972120762">
        <ele>1443.0799999999999</ele>
        <time>2021-09-25T09:26:47Z</time>
      </trkpt>
      <trkpt lat="-25.863334033638239" lon="31.061292998492718">
        <ele>1443.0799999999999</ele>
        <time>2021-09-25T09:26:48Z</time>
      </trkpt>
      <trkpt lat="-25.863666962832212" lon="31.061182022094727">
        <ele>1439.71</ele>
        <time>2021-09-25T09:26:50Z</time>
      </trkpt>
      <trkpt lat="-25.864011039957404" lon="31.061069034039974">
        <ele>1436.3499999999999</ele>
        <time>2021-09-25T09:26:52Z</time>
      </trkpt>
      <trkpt lat="-25.864183036610484" lon="31.061014970764518">
        <ele>1436.3499999999999</ele>
        <time>2021-09-25T09:26:53Z</time>
      </trkpt>
      <trkpt lat="-25.864516971632838" lon="31.060906006023288">
        <ele>1432.5</ele>
        <time>2021-09-25T09:26:55Z</time>
      </trkpt>
      <trkpt lat="-25.86484101600945" lon="31.060811961069703">
        <ele>1429.6199999999999</ele>
        <time>2021-09-25T09:26:57Z</time>
      </trkpt>
      <trkpt lat="-25.865006977692246" lon="31.060787988826632">
        <ele>1427.7</ele>
        <time>2021-09-25T09:26:58Z</time>
      </trkpt>
      <trkpt lat="-25.865174029022455" lon="31.060792012140155">
        <ele>1426.73</ele>
        <time>2021-09-25T09:26:59Z</time>
      </trkpt>
      <trkpt lat="-25.865337979048491" lon="31.060825036838651">
        <ele>1426.25</ele>
        <time>2021-09-25T09:27:00Z</time>
      </trkpt>
      <trkpt lat="-25.865491032600403" lon="31.060884967446327">
        <ele>1425.77</ele>
        <time>2021-09-25T09:27:01Z</time>
      </trkpt>
      <trkpt lat="-25.865634027868509" lon="31.060967026278377">
        <ele>1426.25</ele>
        <time>2021-09-25T09:27:02Z</time>
      </trkpt>
      <trkpt lat="-25.865771993994713" lon="31.061058975756168">
        <ele>1425.77</ele>
        <time>2021-09-25T09:27:03Z</time>
      </trkpt>
      <trkpt lat="-25.866141971200705" lon="31.061343960464001">
        <ele>1424.3299999999999</ele>
        <time>2021-09-25T09:27:06Z</time>
      </trkpt>
      <trkpt lat="-25.86624096147716" lon="31.061462983489037">
        <ele>1424.3299999999999</ele>
        <time>2021-09-25T09:27:07Z</time>
      </trkpt>
      <trkpt lat="-25.866326037794352" lon="31.061597010120749">
        <ele>1423.8499999999999</ele>
        <time>2021-09-25T09:27:08Z</time>
      </trkpt>
      <trkpt lat="-25.866390997543931" lon="31.061748974025249">
        <ele>1423.8499999999999</ele>
        <time>2021-09-25T09:27:09Z</time>
      </trkpt>
      <trkpt lat="-25.866439025849104" lon="31.061912002041936">
        <ele>1424.3299999999999</ele>
        <time>2021-09-25T09:27:10Z</time>
      </trkpt>
      <trkpt lat="-25.866470960900187" lon="31.062087016180158">
        <ele>1425.29</ele>
        <time>2021-09-25T09:27:11Z</time>
      </trkpt>
      <trkpt lat="-25.866494011133909" lon="31.062274016439915">
        <ele>1425.77</ele>
        <time>2021-09-25T09:27:12Z</time>
      </trkpt>
      <trkpt lat="-25.866540027782321" lon="31.062670983374119">
        <ele>1430.0999999999999</ele>
        <time>2021-09-25T09:27:14Z</time>
      </trkpt>
      <trkpt lat="-25.866559976711869" lon="31.06286502443254">
        <ele>1429.1400000000001</ele>
        <time>2021-09-25T09:27:15Z</time>
      </trkpt>
      <trkpt lat="-25.866529969498515" lon="31.063774041831493">
        <ele>1432.5</ele>
        <time>2021-09-25T09:27:20Z</time>
      </trkpt>
      <trkpt lat="-25.866522006690502" lon="31.064118035137653">
        <ele>1433.46</ele>
        <time>2021-09-25T09:27:22Z</time>
      </trkpt>
      <trkpt lat="-25.866542039439082" lon="31.064287014305592">
        <ele>1434.9100000000001</ele>
        <time>2021-09-25T09:27:23Z</time>
      </trkpt>
      <trkpt lat="-25.866574980318546" lon="31.064452975988388">
        <ele>1435.3900000000001</ele>
        <time>2021-09-25T09:27:24Z</time>
      </trkpt>
      <trkpt lat="-25.866740019991994" lon="31.065091006457806">
        <ele>1438.75</ele>
        <time>2021-09-25T09:27:28Z</time>
      </trkpt>
      <trkpt lat="-25.866791987791657" lon="31.065369034186006">
        <ele>1440.6700000000001</ele>
        <time>2021-09-25T09:27:30Z</time>
      </trkpt>
      <trkpt lat="-25.866801962256432" lon="31.065510017797351">
        <ele>1442.1099999999999</ele>
        <time>2021-09-25T09:27:31Z</time>
      </trkpt>
      <trkpt lat="-25.866800034418702" lon="31.065654018893838">
        <ele>1442.5999999999999</ele>
        <time>2021-09-25T09:27:32Z</time>
      </trkpt>
      <trkpt lat="-25.866786958649755" lon="31.065802965313196">
        <ele>1443.0799999999999</ele>
        <time>2021-09-25T09:27:33Z</time>
      </trkpt>
      <trkpt lat="-25.866761980578303" lon="31.065954007208347">
        <ele>1445</ele>
        <time>2021-09-25T09:27:34Z</time>
      </trkpt>
      <trkpt lat="-25.866729961708188" lon="31.066107982769608">
        <ele>1446.4400000000001</ele>
        <time>2021-09-25T09:27:35Z</time>
      </trkpt>
      <trkpt lat="-25.866653015837073" lon="31.066546021029353">
        <ele>1449.3199999999999</ele>
        <time>2021-09-25T09:27:38Z</time>
      </trkpt>
      <trkpt lat="-25.866654021665454" lon="31.06669002212584">
        <ele>1450.29</ele>
        <time>2021-09-25T09:27:39Z</time>
      </trkpt>
      <trkpt lat="-25.866680005565286" lon="31.066826982423663">
        <ele>1450.29</ele>
        <time>2021-09-25T09:27:40Z</time>
      </trkpt>
      <trkpt lat="-25.86673297919333" lon="31.066951034590602">
        <ele>1451.25</ele>
        <time>2021-09-25T09:27:41Z</time>
      </trkpt>
      <trkpt lat="-25.866809003055096" lon="31.067061005160213">
        <ele>1452.21</ele>
        <time>2021-09-25T09:27:42Z</time>
      </trkpt>
      <trkpt lat="-25.86690598167479" lon="31.067149015143514">
        <ele>1453.1700000000001</ele>
        <time>2021-09-25T09:27:43Z</time>
      </trkpt>
      <trkpt lat="-25.867017041891813" lon="31.067219004034996">
        <ele>1453.6500000000001</ele>
        <time>2021-09-25T09:27:44Z</time>
      </trkpt>
      <trkpt lat="-25.867142016068101" lon="31.067268960177898">
        <ele>1454.6099999999999</ele>
        <time>2021-09-25T09:27:45Z</time>
      </trkpt>
      <trkpt lat="-25.867279982194304" lon="31.067311959341168">
        <ele>1455.0899999999999</ele>
        <time>2021-09-25T09:27:46Z</time>
      </trkpt>
      <trkpt lat="-25.867575025185943" lon="31.067412961274385">
        <ele>1456.53</ele>
        <time>2021-09-25T09:27:48Z</time>
      </trkpt>
      <trkpt lat="-25.867706034332514" lon="31.067490996792912">
        <ele>1456.05</ele>
        <time>2021-09-25T09:27:49Z</time>
      </trkpt>
      <trkpt lat="-25.867817010730505" lon="31.067586969584227">
        <ele>1456.53</ele>
        <time>2021-09-25T09:27:50Z</time>
      </trkpt>
      <trkpt lat="-25.867908960208297" lon="31.067702975124121">
        <ele>1457.5</ele>
        <time>2021-09-25T09:27:51Z</time>
      </trkpt>
      <trkpt lat="-25.867980038747191" lon="31.067834990099072">
        <ele>1457.98</ele>
        <time>2021-09-25T09:27:52Z</time>
      </trkpt>
      <trkpt lat="-25.868029994890094" lon="31.067981002852321">
        <ele>1459.4200000000001</ele>
        <time>2021-09-25T09:27:53Z</time>
      </trkpt>
      <trkpt lat="-25.868055978789926" lon="31.068139001727104">
        <ele>1460.3800000000001</ele>
        <time>2021-09-25T09:27:54Z</time>
      </trkpt>
      <trkpt lat="-25.868054972961545" lon="31.068304041400552">
        <ele>1461.3399999999999</ele>
        <time>2021-09-25T09:27:55Z</time>
      </trkpt>
      <trkpt lat="-25.868026977404952" lon="31.068467991426587">
        <ele>1463.26</ele>
        <time>2021-09-25T09:27:56Z</time>
      </trkpt>
      <trkpt lat="-25.867975009605289" lon="31.068631019443274">
        <ele>1464.71</ele>
        <time>2021-09-25T09:27:57Z</time>
      </trkpt>
      <trkpt lat="-25.867900997400284" lon="31.068788012489676">
        <ele>1465.1900000000001</ele>
        <time>2021-09-25T09:27:58Z</time>
      </trkpt>
      <trkpt lat="-25.86780896410346" lon="31.068942993879318">
        <ele>1466.1500000000001</ele>
        <time>2021-09-25T09:27:59Z</time>
      </trkpt>
      <trkpt lat="-25.867713997140527" lon="31.06909504160285">
        <ele>1467.5899999999999</ele>
        <time>2021-09-25T09:28:00Z</time>
      </trkpt>
      <trkpt lat="-25.86754996329546" lon="31.069385977461934">
        <ele>1469.99</ele>
        <time>2021-09-25T09:28:02Z</time>
      </trkpt>
      <trkpt lat="-25.867491960525513" lon="31.069529978558421">
        <ele>1470.47</ele>
        <time>2021-09-25T09:28:03Z</time>
      </trkpt>
      <trkpt lat="-25.867451978847384" lon="31.069678002968431">
        <ele>1471.4400000000001</ele>
        <time>2021-09-25T09:28:04Z</time>
      </trkpt>
      <trkpt lat="-25.867432029917836" lon="31.06982703320682">
        <ele>1472.4000000000001</ele>
        <time>2021-09-25T09:28:05Z</time>
      </trkpt>
      <trkpt lat="-25.867433035746217" lon="31.06997799128294">
        <ele>1473.3599999999999</ele>
        <time>2021-09-25T09:28:06Z</time>
      </trkpt>
      <trkpt lat="-25.867449967190623" lon="31.07012802734971">
        <ele>1473.8399999999999</ele>
        <time>2021-09-25T09:28:07Z</time>
      </trkpt>
      <trkpt lat="-25.867477040737867" lon="31.070275967940688">
        <ele>1474.3199999999999</ele>
        <time>2021-09-25T09:28:08Z</time>
      </trkpt>
      <trkpt lat="-25.867509981617332" lon="31.070426004007459">
        <ele>1476.72</ele>
        <time>2021-09-25T09:28:09Z</time>
      </trkpt>
      <trkpt lat="-25.86761400103569" lon="31.070890026167035">
        <ele>1480.0899999999999</ele>
        <time>2021-09-25T09:28:12Z</time>
      </trkpt>
      <trkpt lat="-25.867680972442031" lon="31.071531996130943">
        <ele>1482.97</ele>
        <time>2021-09-25T09:28:16Z</time>
      </trkpt>
      <trkpt lat="-25.867738975211978" lon="31.071993000805378">
        <ele>1485.8499999999999</ele>
        <time>2021-09-25T09:28:19Z</time>
      </trkpt>
      <trkpt lat="-25.867781974375248" lon="31.072142031043768">
        <ele>1486.8199999999999</ele>
        <time>2021-09-25T09:28:20Z</time>
      </trkpt>
      <trkpt lat="-25.867885993793607" lon="31.07244897633791">
        <ele>1487.3</ele>
        <time>2021-09-25T09:28:22Z</time>
      </trkpt>
      <trkpt lat="-25.868287989869714" lon="31.073616994544864">
        <ele>1490.6600000000001</ele>
        <time>2021-09-25T09:28:29Z</time>
      </trkpt>
      <trkpt lat="-25.868535004556179" lon="31.074333982542157">
        <ele>1492.5799999999999</ele>
        <time>2021-09-25T09:28:33Z</time>
      </trkpt>
      <trkpt lat="-25.868710018694401" lon="31.074844021350145">
        <ele>1495.47</ele>
        <time>2021-09-25T09:28:36Z</time>
      </trkpt>
      <trkpt lat="-25.868921997025609" lon="31.075464030727744">
        <ele>1499.3099999999999</ele>
        <time>2021-09-25T09:28:40Z</time>
      </trkpt>
      <trkpt lat="-25.868972036987543" lon="31.075612977147102">
        <ele>1499.79</ele>
        <time>2021-09-25T09:28:41Z</time>
      </trkpt>
      <trkpt lat="-25.869122995063663" lon="31.076050009578466">
        <ele>1501.24</ele>
        <time>2021-09-25T09:28:44Z</time>
      </trkpt>
      <trkpt lat="-25.869237994775176" lon="31.076326025649905">
        <ele>1502.6800000000001</ele>
        <time>2021-09-25T09:28:46Z</time>
      </trkpt>
      <trkpt lat="-25.869315024465322" lon="31.076450999826193">
        <ele>1503.6400000000001</ele>
        <time>2021-09-25T09:28:47Z</time>
      </trkpt>
      <trkpt lat="-25.869408985599875" lon="31.076561976224184">
        <ele>1503.6400000000001</ele>
        <time>2021-09-25T09:28:48Z</time>
      </trkpt>
      <trkpt lat="-25.869518034160137" lon="31.076656021177769">
        <ele>1503.6400000000001</ele>
        <time>2021-09-25T09:28:49Z</time>
      </trkpt>
      <trkpt lat="-25.869642002508044" lon="31.076734978705645">
        <ele>1503.6400000000001</ele>
        <time>2021-09-25T09:28:50Z</time>
      </trkpt>
      <trkpt lat="-25.869779968634248" lon="31.076801028102636">
        <ele>1505.0799999999999</ele>
        <time>2021-09-25T09:28:51Z</time>
      </trkpt>
      <trkpt lat="-25.869926987215877" lon="31.076861964538693">
        <ele>1505.0799999999999</ele>
        <time>2021-09-25T09:28:52Z</time>
      </trkpt>
      <trkpt lat="-25.870794011279941" lon="31.077212998643517">
        <ele>1508.45</ele>
        <time>2021-09-25T09:28:57Z</time>
      </trkpt>
      <trkpt lat="-25.871189972385764" lon="31.07736999168992">
        <ele>1509.4100000000001</ele>
        <time>2021-09-25T09:28:59Z</time>
      </trkpt>
      <trkpt lat="-25.871839988976717" lon="31.077729994431138">
        <ele>1508.45</ele>
        <time>2021-09-25T09:29:03Z</time>
      </trkpt>
      <trkpt lat="-25.872468966990709" lon="31.07835796661675">
        <ele>1509.4100000000001</ele>
        <time>2021-09-25T09:29:08Z</time>
      </trkpt>
      <trkpt lat="-25.87298596277833" lon="31.079288022592664">
        <ele>1509.8900000000001</ele>
        <time>2021-09-25T09:29:14Z</time>
      </trkpt>
      <trkpt lat="-25.87302996776998" lon="31.079437974840403">
        <ele>1508.9300000000001</ele>
        <time>2021-09-25T09:29:15Z</time>
      </trkpt>
      <trkpt lat="-25.873056035488844" lon="31.079585999250412">
        <ele>1508.45</ele>
        <time>2021-09-25T09:29:16Z</time>
      </trkpt>
      <trkpt lat="-25.873063998296857" lon="31.07973201200366">
        <ele>1508.9300000000001</ele>
        <time>2021-09-25T09:29:17Z</time>
      </trkpt>
      <trkpt lat="-25.87305000051856" lon="31.079876013100147">
        <ele>1509.4100000000001</ele>
        <time>2021-09-25T09:29:18Z</time>
      </trkpt>
      <trkpt lat="-25.873013036325574" lon="31.080014985054731">
        <ele>1509.4100000000001</ele>
        <time>2021-09-25T09:29:19Z</time>
      </trkpt>
      <trkpt lat="-25.872954027727246" lon="31.080149011686444">
        <ele>1509.4100000000001</ele>
        <time>2021-09-25T09:29:20Z</time>
      </trkpt>
      <trkpt lat="-25.872881021350622" lon="31.080282032489777">
        <ele>1509.4100000000001</ele>
        <time>2021-09-25T09:29:21Z</time>
      </trkpt>
      <trkpt lat="-25.872795023024082" lon="31.080413963645697">
        <ele>1509.8900000000001</ele>
        <time>2021-09-25T09:29:22Z</time>
      </trkpt>
      <trkpt lat="-25.87253300473094" lon="31.080789975821972">
        <ele>1506.04</ele>
        <time>2021-09-25T09:29:25Z</time>
      </trkpt>
      <trkpt lat="-25.872461004182696" lon="31.080908998847008">
        <ele>1504.5999999999999</ele>
        <time>2021-09-25T09:29:26Z</time>
      </trkpt>
      <trkpt lat="-25.872412975877523" lon="31.081031961366534">
        <ele>1502.6800000000001</ele>
        <time>2021-09-25T09:29:27Z</time>
      </trkpt>
      <trkpt lat="-25.872393026947975" lon="31.081158025190234">
        <ele>1502.2</ele>
        <time>2021-09-25T09:29:28Z</time>
      </trkpt>
      <trkpt lat="-25.872406018897891" lon="31.081286016851664">
        <ele>1501.72</ele>
        <time>2021-09-25T09:29:29Z</time>
      </trkpt>
      <trkpt lat="-25.872452035546303" lon="31.081405961886048">
        <ele>1501.24</ele>
        <time>2021-09-25T09:29:30Z</time>
      </trkpt>
      <trkpt lat="-25.872524036094546" lon="31.081506041809916">
        <ele>1500.27</ele>
        <time>2021-09-25T09:29:31Z</time>
      </trkpt>
      <trkpt lat="-25.87261900305748" lon="31.08158097602427">
        <ele>1500.76</ele>
        <time>2021-09-25T09:29:32Z</time>
      </trkpt>
      <trkpt lat="-25.872732996940613" lon="31.081632021814585">
        <ele>1501.24</ele>
        <time>2021-09-25T09:29:33Z</time>
      </trkpt>
      <trkpt lat="-25.872858976945281" lon="31.0816640406847">
        <ele>1501.72</ele>
        <time>2021-09-25T09:29:34Z</time>
      </trkpt>
      <trkpt lat="-25.872994009405375" lon="31.08168700709939">
        <ele>1502.2</ele>
        <time>2021-09-25T09:29:35Z</time>
      </trkpt>
      <trkpt lat="-25.873387036845088" lon="31.081785997375846">
        <ele>1501.24</ele>
        <time>2021-09-25T09:29:38Z</time>
      </trkpt>
      <trkpt lat="-25.873492984101176" lon="31.081845005974174">
        <ele>1501.24</ele>
        <time>2021-09-25T09:29:39Z</time>
      </trkpt>
      <trkpt lat="-25.873569007962942" lon="31.081921029835939">
        <ele>1500.27</ele>
        <time>2021-09-25T09:29:40Z</time>
      </trkpt>
      <trkpt lat="-25.873620975762606" lon="31.082011973485351">
        <ele>1499.79</ele>
        <time>2021-09-25T09:29:41Z</time>
      </trkpt>
      <trkpt lat="-25.873648971319199" lon="31.082120016217232">
        <ele>1499.3099999999999</ele>
        <time>2021-09-25T09:29:42Z</time>
      </trkpt>
      <trkpt lat="-25.87365098297596" lon="31.082239039242268">
        <ele>1498.8299999999999</ele>
        <time>2021-09-25T09:29:43Z</time>
      </trkpt>
      <trkpt lat="-25.873624999076128" lon="31.082360995933414">
        <ele>1498.3499999999999</ele>
        <time>2021-09-25T09:29:44Z</time>
      </trkpt>
      <trkpt lat="-25.873566996306181" lon="31.08248395845294">
        <ele>1496.9100000000001</ele>
        <time>2021-09-25T09:29:45Z</time>
      </trkpt>
      <trkpt lat="-25.873480997979641" lon="31.082598958164454">
        <ele>1496.9100000000001</ele>
        <time>2021-09-25T09:29:46Z</time>
      </trkpt>
      <trkpt lat="-25.873372033238411" lon="31.082710018381476">
        <ele>1496.9100000000001</ele>
        <time>2021-09-25T09:29:47Z</time>
      </trkpt>
      <trkpt lat="-25.873252004384995" lon="31.082826023921371">
        <ele>1496.9100000000001</ele>
        <time>2021-09-25T09:29:48Z</time>
      </trkpt>
      <trkpt lat="-25.873010018840432" lon="31.083096005022526">
        <ele>1495.47</ele>
        <time>2021-09-25T09:29:50Z</time>
      </trkpt>
      <trkpt lat="-25.872915973886847" lon="31.083239000290632">
        <ele>1495.47</ele>
        <time>2021-09-25T09:29:51Z</time>
      </trkpt>
      <trkpt lat="-25.872746994718909" lon="31.083504036068916">
        <ele>1493.0599999999999</ele>
        <time>2021-09-25T09:29:53Z</time>
      </trkpt>
      <trkpt lat="-25.872645992785692" lon="31.083605038002133">
        <ele>1492.0999999999999</ele>
        <time>2021-09-25T09:29:54Z</time>
      </trkpt>
      <trkpt lat="-25.872530993074179" lon="31.083681983873248">
        <ele>1492.5799999999999</ele>
        <time>2021-09-25T09:29:55Z</time>
      </trkpt>
      <trkpt lat="-25.872408030554652" lon="31.083740992471576">
        <ele>1492.0999999999999</ele>
        <time>2021-09-25T09:29:56Z</time>
      </trkpt>
      <trkpt lat="-25.872288001701236" lon="31.083805030211806">
        <ele>1492.0999999999999</ele>
        <time>2021-09-25T09:29:57Z</time>
      </trkpt>
      <trkpt lat="-25.872176019474864" lon="31.083889016881585">
        <ele>1490.6600000000001</ele>
        <time>2021-09-25T09:29:58Z</time>
      </trkpt>
      <trkpt lat="-25.872076023370028" lon="31.083993036299944">
        <ele>1491.1400000000001</ele>
        <time>2021-09-25T09:29:59Z</time>
      </trkpt>
      <trkpt lat="-25.871989019215107" lon="31.084113987162709">
        <ele>1491.1400000000001</ele>
        <time>2021-09-25T09:30:00Z</time>
      </trkpt>
      <trkpt lat="-25.871921963989735" lon="31.084252037107944">
        <ele>1491.1400000000001</ele>
        <time>2021-09-25T09:30:01Z</time>
      </trkpt>
      <trkpt lat="-25.871877958998084" lon="31.084405006840825">
        <ele>1491.6199999999999</ele>
        <time>2021-09-25T09:30:02Z</time>
      </trkpt>
      <trkpt lat="-25.871857004240155" lon="31.084567029029131">
        <ele>1491.6199999999999</ele>
        <time>2021-09-25T09:30:03Z</time>
      </trkpt>
      <trkpt lat="-25.871859015896916" lon="31.084733996540308">
        <ele>1491.1400000000001</ele>
        <time>2021-09-25T09:30:04Z</time>
      </trkpt>
      <trkpt lat="-25.871881982311606" lon="31.084900964051485">
        <ele>1491.1400000000001</ele>
        <time>2021-09-25T09:30:05Z</time>
      </trkpt>
      <trkpt lat="-25.871922969818115" lon="31.08506097458303">
        <ele>1490.6600000000001</ele>
        <time>2021-09-25T09:30:06Z</time>
      </trkpt>
      <trkpt lat="-25.871976027265191" lon="31.085214028134942">
        <ele>1490.6600000000001</ele>
        <time>2021-09-25T09:30:07Z</time>
      </trkpt>
      <trkpt lat="-25.8720170147717" lon="31.085358029231429">
        <ele>1490.1800000000001</ele>
        <time>2021-09-25T09:30:08Z</time>
      </trkpt>
      <trkpt lat="-25.872031012549996" lon="31.085493983700871">
        <ele>1488.26</ele>
        <time>2021-09-25T09:30:09Z</time>
      </trkpt>
      <trkpt lat="-25.8720170147717" lon="31.085633039474487">
        <ele>1487.78</ele>
        <time>2021-09-25T09:30:10Z</time>
      </trkpt>
      <trkpt lat="-25.871981978416443" lon="31.085783997550607">
        <ele>1486.8199999999999</ele>
        <time>2021-09-25T09:30:11Z</time>
      </trkpt>
      <trkpt lat="-25.871947025880218" lon="31.08594199642539">
        <ele>1486.8199999999999</ele>
        <time>2021-09-25T09:30:12Z</time>
      </trkpt>
      <trkpt lat="-25.871925987303257" lon="31.086105024442077">
        <ele>1485.8499999999999</ele>
        <time>2021-09-25T09:30:13Z</time>
      </trkpt>
      <trkpt lat="-25.871930010616779" lon="31.086267968639731">
        <ele>1484.8900000000001</ele>
        <time>2021-09-25T09:30:14Z</time>
      </trkpt>
      <trkpt lat="-25.871964963153005" lon="31.086424039676785">
        <ele>1483.45</ele>
        <time>2021-09-25T09:30:15Z</time>
      </trkpt>
      <trkpt lat="-25.87201802060008" lon="31.086571980267763">
        <ele>1482.97</ele>
        <time>2021-09-25T09:30:16Z</time>
      </trkpt>
      <trkpt lat="-25.872067976742983" lon="31.08671497553587">
        <ele>1482.97</ele>
        <time>2021-09-25T09:30:17Z</time>
      </trkpt>
      <trkpt lat="-25.872096978127956" lon="31.086855959147215">
        <ele>1482.01</ele>
        <time>2021-09-25T09:30:18Z</time>
      </trkpt>
      <trkpt lat="-25.872099995613098" lon="31.086998032405972">
        <ele>1482.01</ele>
        <time>2021-09-25T09:30:19Z</time>
      </trkpt>
      <trkpt lat="-25.872078035026789" lon="31.08714203350246">
        <ele>1480.5699999999999</ele>
        <time>2021-09-25T09:30:20Z</time>
      </trkpt>
      <trkpt lat="-25.872032018378377" lon="31.087287040427327">
        <ele>1480.0899999999999</ele>
        <time>2021-09-25T09:30:21Z</time>
      </trkpt>
      <trkpt lat="-25.87197502143681" lon="31.087433975189924">
        <ele>1481.05</ele>
        <time>2021-09-25T09:30:22Z</time>
      </trkpt>
      <trkpt lat="-25.871882988139987" lon="31.087734969332814">
        <ele>1480.0899999999999</ele>
        <time>2021-09-25T09:30:24Z</time>
      </trkpt>
      <trkpt lat="-25.871860021725297" lon="31.087891040369868">
        <ele>1480.5699999999999</ele>
        <time>2021-09-25T09:30:25Z</time>
      </trkpt>
      <trkpt lat="-25.871854992583394" lon="31.088049039244652">
        <ele>1480.0899999999999</ele>
        <time>2021-09-25T09:30:26Z</time>
      </trkpt>
      <trkpt lat="-25.871868990361691" lon="31.088207960128784">
        <ele>1479.6099999999999</ele>
        <time>2021-09-25T09:30:27Z</time>
      </trkpt>
      <trkpt lat="-25.871903020888567" lon="31.088365959003568">
        <ele>1480.0899999999999</ele>
        <time>2021-09-25T09:30:28Z</time>
      </trkpt>
      <trkpt lat="-25.871959012001753" lon="31.088514989241958">
        <ele>1478.6500000000001</ele>
        <time>2021-09-25T09:30:29Z</time>
      </trkpt>
      <trkpt lat="-25.872033024206758" lon="31.088650021702051">
        <ele>1478.1600000000001</ele>
        <time>2021-09-25T09:30:30Z</time>
      </trkpt>
      <trkpt lat="-25.872124973684549" lon="31.088768960908055">
        <ele>1477.2</ele>
        <time>2021-09-25T09:30:31Z</time>
      </trkpt>
      <trkpt lat="-25.872231004759669" lon="31.088873986154795">
        <ele>1476.24</ele>
        <time>2021-09-25T09:30:32Z</time>
      </trkpt>
      <trkpt lat="-25.872352961450815" lon="31.088959984481335">
        <ele>1475.28</ele>
        <time>2021-09-25T09:30:33Z</time>
      </trkpt>
      <trkpt lat="-25.872487993910909" lon="31.089025028049946">
        <ele>1473.3599999999999</ele>
        <time>2021-09-25T09:30:34Z</time>
      </trkpt>
      <trkpt lat="-25.872631995007396" lon="31.089068027213216">
        <ele>1472.8800000000001</ele>
        <time>2021-09-25T09:30:35Z</time>
      </trkpt>
      <trkpt lat="-25.872780019417405" lon="31.089090993627906">
        <ele>1471.4400000000001</ele>
        <time>2021-09-25T09:30:36Z</time>
      </trkpt>
      <trkpt lat="-25.872929971665144" lon="31.089083030819893">
        <ele>1470.47</ele>
        <time>2021-09-25T09:30:37Z</time>
      </trkpt>
      <trkpt lat="-25.873079001903534" lon="31.089044976979494">
        <ele>1469.03</ele>
        <time>2021-09-25T09:30:38Z</time>
      </trkpt>
      <trkpt lat="-25.873227026313543" lon="31.088981023058295">
        <ele>1468.55</ele>
        <time>2021-09-25T09:30:39Z</time>
      </trkpt>
      <trkpt lat="-25.87337396107614" lon="31.088895024731755">
        <ele>1467.5899999999999</ele>
        <time>2021-09-25T09:30:40Z</time>
      </trkpt>
      <trkpt lat="-25.873517962172627" lon="31.088795028626919">
        <ele>1467.1099999999999</ele>
        <time>2021-09-25T09:30:41Z</time>
      </trkpt>
      <trkpt lat="-25.874220030382276" lon="31.088234027847648">
        <ele>1470.47</ele>
        <time>2021-09-25T09:30:46Z</time>
      </trkpt>
      <trkpt lat="-25.875033996999264" lon="31.087554004043341">
        <ele>1468.0699999999999</ele>
        <time>2021-09-25T09:30:52Z</time>
      </trkpt>
      <trkpt lat="-25.875173974782228" lon="31.087480997666717">
        <ele>1466.6300000000001</ele>
        <time>2021-09-25T09:30:53Z</time>
      </trkpt>
      <trkpt lat="-25.875315964221954" lon="31.087431963533163">
        <ele>1465.1900000000001</ele>
        <time>2021-09-25T09:30:54Z</time>
      </trkpt>
      <trkpt lat="-25.875461976975203" lon="31.087411008775234">
        <ele>1464.23</ele>
        <time>2021-09-25T09:30:55Z</time>
      </trkpt>
      <trkpt lat="-25.875607989728451" lon="31.087411008775234">
        <ele>1462.3</ele>
        <time>2021-09-25T09:30:56Z</time>
      </trkpt>
      <trkpt lat="-25.87575500831008" lon="31.087427018210292">
        <ele>1461.8199999999999</ele>
        <time>2021-09-25T09:30:57Z</time>
      </trkpt>
      <trkpt lat="-25.875905966386199" lon="31.087458031252027">
        <ele>1460.3800000000001</ele>
        <time>2021-09-25T09:30:58Z</time>
      </trkpt>
      <trkpt lat="-25.876061031594872" lon="31.087501030415297">
        <ele>1459.4200000000001</ele>
        <time>2021-09-25T09:30:59Z</time>
      </trkpt>
      <trkpt lat="-25.876219030469656" lon="31.087555009871721">
        <ele>1458.46</ele>
        <time>2021-09-25T09:31:00Z</time>
      </trkpt>
      <trkpt lat="-25.876714987680316" lon="31.087734969332814">
        <ele>1455.0899999999999</ele>
        <time>2021-09-25T09:31:03Z</time>
      </trkpt>
      <trkpt lat="-25.877063004299998" lon="31.087847035378218">
        <ele>1451.73</ele>
        <time>2021-09-25T09:31:05Z</time>
      </trkpt>
      <trkpt lat="-25.877590980380774" lon="31.08796002343297">
        <ele>1448.3599999999999</ele>
        <time>2021-09-25T09:31:08Z</time>
      </trkpt>
      <trkpt lat="-25.877952994778752" lon="31.088004028424621">
        <ele>1447.4000000000001</ele>
        <time>2021-09-25T09:31:10Z</time>
      </trkpt>
      <trkpt lat="-25.878320960327983" lon="31.088037975132465">
        <ele>1442.1099999999999</ele>
        <time>2021-09-25T09:31:12Z</time>
      </trkpt>
      <trkpt lat="-25.878900988027453" lon="31.088095977902412">
        <ele>1437.79</ele>
        <time>2021-09-25T09:31:15Z</time>
      </trkpt>
      <trkpt lat="-25.879312958568335" lon="31.088124979287386">
        <ele>1434.4200000000001</ele>
        <time>2021-09-25T09:31:17Z</time>
      </trkpt>
      <trkpt lat="-25.879869014024734" lon="31.088166972622275">
        <ele>1430.5799999999999</ele>
        <time>2021-09-25T09:31:20Z</time>
      </trkpt>
      <trkpt lat="-25.880026007071137" lon="31.088195974007249">
        <ele>1430.0999999999999</ele>
        <time>2021-09-25T09:31:21Z</time>
      </trkpt>
      <trkpt lat="-25.880171013996005" lon="31.088248025625944">
        <ele>1428.1800000000001</ele>
        <time>2021-09-25T09:31:22Z</time>
      </trkpt>
      <trkpt lat="-25.880300011485815" lon="31.088327988982201">
        <ele>1427.7</ele>
        <time>2021-09-25T09:31:23Z</time>
      </trkpt>
      <trkpt lat="-25.880404030904174" lon="31.088440977036953">
        <ele>1426.73</ele>
        <time>2021-09-25T09:31:24Z</time>
      </trkpt>
      <trkpt lat="-25.880492040887475" lon="31.088577015325427">
        <ele>1424.8099999999999</ele>
        <time>2021-09-25T09:31:25Z</time>
      </trkpt>
      <trkpt lat="-25.880578039214015" lon="31.088724033907056">
        <ele>1424.3299999999999</ele>
        <time>2021-09-25T09:31:26Z</time>
      </trkpt>
      <trkpt lat="-25.880672000348568" lon="31.088871974498034">
        <ele>1424.3299999999999</ele>
        <time>2021-09-25T09:31:27Z</time>
      </trkpt>
      <trkpt lat="-25.880779037252069" lon="31.089008012786508">
        <ele>1423.3699999999999</ele>
        <time>2021-09-25T09:31:28Z</time>
      </trkpt>
      <trkpt lat="-25.880898982286453" lon="31.089126029983163">
        <ele>1422.8900000000001</ele>
        <time>2021-09-25T09:31:29Z</time>
      </trkpt>
      <trkpt lat="-25.881026973947883" lon="31.089228959754109">
        <ele>1422.8900000000001</ele>
        <time>2021-09-25T09:31:30Z</time>
      </trkpt>
      <trkpt lat="-25.88116804137826" lon="31.089316969737411">
        <ele>1422.4100000000001</ele>
        <time>2021-09-25T09:31:31Z</time>
      </trkpt>
      <trkpt lat="-25.88132000528276" lon="31.089388970285654">
        <ele>1421.9300000000001</ele>
        <time>2021-09-25T09:31:32Z</time>
      </trkpt>
      <trkpt lat="-25.881481021642685" lon="31.08944202773273">
        <ele>1421.9300000000001</ele>
        <time>2021-09-25T09:31:33Z</time>
      </trkpt>
      <trkpt lat="-25.881647989153862" lon="31.089478991925716">
        <ele>1421.45</ele>
        <time>2021-09-25T09:31:34Z</time>
      </trkpt>
      <trkpt lat="-25.881817974150181" lon="31.089506987482309">
        <ele>1420.97</ele>
        <time>2021-09-25T09:31:35Z</time>
      </trkpt>
      <trkpt lat="-25.88198896497488" lon="31.08953095972538">
        <ele>1420.49</ele>
        <time>2021-09-25T09:31:36Z</time>
      </trkpt>
      <trkpt lat="-25.883604995906353" lon="31.089746039360762">
        <ele>1419.04</ele>
        <time>2021-09-25T09:31:46Z</time>
      </trkpt>
      <trkpt lat="-25.884093996137381" lon="31.089815022423863">
        <ele>1415.6800000000001</ele>
        <time>2021-09-25T09:31:49Z</time>
      </trkpt>
      <trkpt lat="-25.884591965004802" lon="31.089882999658585">
        <ele>1414.24</ele>
        <time>2021-09-25T09:31:52Z</time>
      </trkpt>
      <trkpt lat="-25.885074008256197" lon="31.089953994378448">
        <ele>1411.3499999999999</ele>
        <time>2021-09-25T09:31:55Z</time>
      </trkpt>
      <trkpt lat="-25.885363016277552" lon="31.090028006583452">
        <ele>1409.4300000000001</ele>
        <time>2021-09-25T09:31:57Z</time>
      </trkpt>
      <trkpt lat="-25.885496037080884" lon="31.090089026838541">
        <ele>1408.95</ele>
        <time>2021-09-25T09:31:58Z</time>
      </trkpt>
      <trkpt lat="-25.885624028742313" lon="31.090163961052895">
        <ele>1408.95</ele>
        <time>2021-09-25T09:31:59Z</time>
      </trkpt>
      <trkpt lat="-25.885745985433459" lon="31.090255994349718">
        <ele>1409.4300000000001</ele>
        <time>2021-09-25T09:32:00Z</time>
      </trkpt>
      <trkpt lat="-25.885858973488212" lon="31.090366970747709">
        <ele>1409.4300000000001</ele>
        <time>2021-09-25T09:32:01Z</time>
      </trkpt>
      <trkpt lat="-25.88596198707819" lon="31.090493034571409">
        <ele>1408.95</ele>
        <time>2021-09-25T09:32:02Z</time>
      </trkpt>
      <trkpt lat="-25.886054020375013" lon="31.090633012354374">
        <ele>1409.4300000000001</ele>
        <time>2021-09-25T09:32:03Z</time>
      </trkpt>
      <trkpt lat="-25.886138007044792" lon="31.090782964602113">
        <ele>1410.3900000000001</ele>
        <time>2021-09-25T09:32:04Z</time>
      </trkpt>
      <trkpt lat="-25.886211013421416" lon="31.090945992618799">
        <ele>1409.9100000000001</ele>
        <time>2021-09-25T09:32:05Z</time>
      </trkpt>
      <trkpt lat="-25.886271027848125" lon="31.091124024242163">
        <ele>1411.3499999999999</ele>
        <time>2021-09-25T09:32:06Z</time>
      </trkpt>
      <trkpt lat="-25.886329030618072" lon="31.091313036158681">
        <ele>1411.8299999999999</ele>
        <time>2021-09-25T09:32:07Z</time>
      </trkpt>
      <trkpt lat="-25.886388039216399" lon="31.09150598756969">
        <ele>1411.8299999999999</ele>
        <time>2021-09-25T09:32:08Z</time>
      </trkpt>
      <trkpt lat="-25.886579984799027" lon="31.092164972797036">
        <ele>1409.9100000000001</ele>
        <time>2021-09-25T09:32:12Z</time>
      </trkpt>
      <trkpt lat="-25.886598005890846" lon="31.09230101108551">
        <ele>1408.95</ele>
        <time>2021-09-25T09:32:13Z</time>
      </trkpt>
      <trkpt lat="-25.886595994234085" lon="31.092433026060462">
        <ele>1409.4300000000001</ele>
        <time>2021-09-25T09:32:14Z</time>
      </trkpt>
      <trkpt lat="-25.886572021991014" lon="31.092567974701524">
        <ele>1409.9100000000001</ele>
        <time>2021-09-25T09:32:15Z</time>
      </trkpt>
      <trkpt lat="-25.886540003120899" lon="31.09270703047514">
        <ele>1410.3900000000001</ele>
        <time>2021-09-25T09:32:16Z</time>
      </trkpt>
      <trkpt lat="-25.886287037283182" lon="31.093684025108814">
        <ele>1414.24</ele>
        <time>2021-09-25T09:32:22Z</time>
      </trkpt>
      <trkpt lat="-25.886152004823089" lon="31.094238990917802">
        <ele>1418.0799999999999</ele>
        <time>2021-09-25T09:32:25Z</time>
      </trkpt>
      <trkpt lat="-25.886076986789703" lon="31.094846008345485">
        <ele>1421.9300000000001</ele>
        <time>2021-09-25T09:32:28Z</time>
      </trkpt>
      <trkpt lat="-25.886060977354646" lon="31.095042983070016">
        <ele>1421.9300000000001</ele>
        <time>2021-09-25T09:32:29Z</time>
      </trkpt>
      <trkpt lat="-25.885899038985372" lon="31.095842029899359">
        <ele>1420.49</ele>
        <time>2021-09-25T09:32:34Z</time>
      </trkpt>
      <trkpt lat="-25.885874982923269" lon="31.095986030995846">
        <ele>1420</ele>
        <time>2021-09-25T09:32:35Z</time>
      </trkpt>
      <trkpt lat="-25.885873977094889" lon="31.096132965758443">
        <ele>1419.04</ele>
        <time>2021-09-25T09:32:36Z</time>
      </trkpt>
      <trkpt lat="-25.885891998186707" lon="31.096285013481975">
        <ele>1418.5599999999999</ele>
        <time>2021-09-25T09:32:37Z</time>
      </trkpt>
      <trkpt lat="-25.885927034541965" lon="31.096438989043236">
        <ele>1417.1199999999999</ele>
        <time>2021-09-25T09:32:38Z</time>
      </trkpt>
      <trkpt lat="-25.885971039533615" lon="31.096589025110006">
        <ele>1416.1600000000001</ele>
        <time>2021-09-25T09:32:39Z</time>
      </trkpt>
      <trkpt lat="-25.886024013161659" lon="31.096721962094307">
        <ele>1414.72</ele>
        <time>2021-09-25T09:32:40Z</time>
      </trkpt>
      <trkpt lat="-25.88609199039638" lon="31.096825981512666">
        <ele>1413.28</ele>
        <time>2021-09-25T09:32:41Z</time>
      </trkpt>
      <trkpt lat="-25.886180000379682" lon="31.096902005374432">
        <ele>1411.8299999999999</ele>
        <time>2021-09-25T09:32:42Z</time>
      </trkpt>
      <trkpt lat="-25.88628401979804" lon="31.096952967345715">
        <ele>1410.8699999999999</ele>
        <time>2021-09-25T09:32:43Z</time>
      </trkpt>
      <trkpt lat="-25.886404970660806" lon="31.096974005922675">
        <ele>1410.3900000000001</ele>
        <time>2021-09-25T09:32:44Z</time>
      </trkpt>
      <trkpt lat="-25.886538997292519" lon="31.09696201980114">
        <ele>1409.4300000000001</ele>
        <time>2021-09-25T09:32:45Z</time>
      </trkpt>
      <trkpt lat="-25.886681992560625" lon="31.096930000931025">
        <ele>1408.47</ele>
        <time>2021-09-25T09:32:46Z</time>
      </trkpt>
      <trkpt lat="-25.886832028627396" lon="31.096887001767755">
        <ele>1407.51</ele>
        <time>2021-09-25T09:32:47Z</time>
      </trkpt>
      <trkpt lat="-25.887339971959591" lon="31.09679396264255">
        <ele>1403.1800000000001</ele>
        <time>2021-09-25T09:32:50Z</time>
      </trkpt>
      <trkpt lat="-25.887690000236034" lon="31.096776025369763">
        <ele>1399.8199999999999</ele>
        <time>2021-09-25T09:32:52Z</time>
      </trkpt>
      <trkpt lat="-25.888033993542194" lon="31.096759010106325">
        <ele>1395.49</ele>
        <time>2021-09-25T09:32:54Z</time>
      </trkpt>
      <trkpt lat="-25.888369018211961" lon="31.09670402482152">
        <ele>1391.6500000000001</ele>
        <time>2021-09-25T09:32:56Z</time>
      </trkpt>
      <trkpt lat="-25.888851983472705" lon="31.0965789668262">
        <ele>1387.3199999999999</ele>
        <time>2021-09-25T09:32:59Z</time>
      </trkpt>
      <trkpt lat="-25.889164041727781" lon="31.09649003483355">
        <ele>1382.99</ele>
        <time>2021-09-25T09:33:01Z</time>
      </trkpt>
      <trkpt lat="-25.889467969536781" lon="31.096394984051585">
        <ele>1379.6300000000001</ele>
        <time>2021-09-25T09:33:03Z</time>
      </trkpt>
      <trkpt lat="-25.889766030013561" lon="31.096295993775129">
        <ele>1375.78</ele>
        <time>2021-09-25T09:33:05Z</time>
      </trkpt>
      <trkpt lat="-25.890193004161119" lon="31.096126008778811">
        <ele>1371.9400000000001</ele>
        <time>2021-09-25T09:33:08Z</time>
      </trkpt>
      <trkpt lat="-25.890622995793819" lon="31.095934985205531">
        <ele>1368.5699999999999</ele>
        <time>2021-09-25T09:33:11Z</time>
      </trkpt>
      <trkpt lat="-25.891118030995131" lon="31.095716971904039">
        <ele>1364.25</ele>
        <time>2021-09-25T09:33:14Z</time>
      </trkpt>
      <trkpt lat="-25.891652964055538" lon="31.095505999401212">
        <ele>1359.4400000000001</ele>
        <time>2021-09-25T09:33:17Z</time>
      </trkpt>
      <trkpt lat="-25.892224023118615" lon="31.095374990254641">
        <ele>1355.5999999999999</ele>
        <time>2021-09-25T09:33:20Z</time>
      </trkpt>
      <trkpt lat="-25.892626019194722" lon="31.095353029668331">
        <ele>1351.27</ele>
        <time>2021-09-25T09:33:22Z</time>
      </trkpt>
      <trkpt lat="-25.893034972250462" lon="31.095385970547795">
        <ele>1347.9100000000001</ele>
        <time>2021-09-25T09:33:24Z</time>
      </trkpt>
      <trkpt lat="-25.893432023003697" lon="31.095431987196207">
        <ele>1343.5799999999999</ele>
        <time>2021-09-25T09:33:26Z</time>
      </trkpt>
      <trkpt lat="-25.893987994641066" lon="31.095501976087689">
        <ele>1339.73</ele>
        <time>2021-09-25T09:33:29Z</time>
      </trkpt>
      <trkpt lat="-25.894330982118845" lon="31.095541035756469">
        <ele>1335.8900000000001</ele>
        <time>2021-09-25T09:33:31Z</time>
      </trkpt>
      <trkpt lat="-25.89483498595655" lon="31.095574982464314">
        <ele>1333.01</ele>
        <time>2021-09-25T09:33:34Z</time>
      </trkpt>
      <trkpt lat="-25.8958650380373" lon="31.095403991639614">
        <ele>1329.1600000000001</ele>
        <time>2021-09-25T09:33:40Z</time>
      </trkpt>
      <trkpt lat="-25.89603996835649" lon="31.095356969162822">
        <ele>1329.6400000000001</ele>
        <time>2021-09-25T09:33:41Z</time>
      </trkpt>
      <trkpt lat="-25.89638396166265" lon="31.095295026898384">
        <ele>1328.2</ele>
        <time>2021-09-25T09:33:43Z</time>
      </trkpt>
      <trkpt lat="-25.89655302464962" lon="31.095291003584862">
        <ele>1328.2</ele>
        <time>2021-09-25T09:33:44Z</time>
      </trkpt>
      <trkpt lat="-25.896723009645939" lon="31.095303995534778">
        <ele>1328.2</ele>
        <time>2021-09-25T09:33:45Z</time>
      </trkpt>
      <trkpt lat="-25.896890982985497" lon="31.095328973606229">
        <ele>1327.24</ele>
        <time>2021-09-25T09:33:46Z</time>
      </trkpt>
      <trkpt lat="-25.897053005173802" lon="31.095361998304725">
        <ele>1327.72</ele>
        <time>2021-09-25T09:33:47Z</time>
      </trkpt>
      <trkpt lat="-25.8980149962008" lon="31.095368033275008">
        <ele>1326.28</ele>
        <time>2021-09-25T09:33:53Z</time>
      </trkpt>
      <trkpt lat="-25.898623019456863" lon="31.095248004421592">
        <ele>1327.72</ele>
        <time>2021-09-25T09:33:57Z</time>
      </trkpt>
      <trkpt lat="-25.898930970579386" lon="31.095180027186871">
        <ele>1330.1199999999999</ele>
        <time>2021-09-25T09:33:59Z</time>
      </trkpt>
      <trkpt lat="-25.899245962500572" lon="31.095120012760162">
        <ele>1333.49</ele>
        <time>2021-09-25T09:34:01Z</time>
      </trkpt>
      <trkpt lat="-25.899571012705564" lon="31.095100985839963">
        <ele>1335.4100000000001</ele>
        <time>2021-09-25T09:34:03Z</time>
      </trkpt>
      <trkpt lat="-25.899731023237109" lon="31.095124036073685">
        <ele>1335.8900000000001</ele>
        <time>2021-09-25T09:34:04Z</time>
      </trkpt>
      <trkpt lat="-25.89988499879837" lon="31.095169968903065">
        <ele>1338.29</ele>
        <time>2021-09-25T09:34:05Z</time>
      </trkpt>
      <trkpt lat="-25.900030005723238" lon="31.095238029956818">
        <ele>1337.8099999999999</ele>
        <time>2021-09-25T09:34:06Z</time>
      </trkpt>
      <trkpt lat="-25.900168977677822" lon="31.095322016626596">
        <ele>1339.73</ele>
        <time>2021-09-25T09:34:07Z</time>
      </trkpt>
      <trkpt lat="-25.900301998481154" lon="31.095421006903052">
        <ele>1339.25</ele>
        <time>2021-09-25T09:34:08Z</time>
      </trkpt>
      <trkpt lat="-25.900697037577629" lon="31.095684031024575">
        <ele>1340.22</ele>
        <time>2021-09-25T09:34:11Z</time>
      </trkpt>
      <trkpt lat="-25.900831986218691" lon="31.095737004652619">
        <ele>1341.1800000000001</ele>
        <time>2021-09-25T09:34:12Z</time>
      </trkpt>
      <trkpt lat="-25.900971964001656" lon="31.095768017694354">
        <ele>1341.6600000000001</ele>
        <time>2021-09-25T09:34:13Z</time>
      </trkpt>
      <trkpt lat="-25.901115965098143" lon="31.095775980502367">
        <ele>1342.6199999999999</ele>
        <time>2021-09-25T09:34:14Z</time>
      </trkpt>
      <trkpt lat="-25.90125996619463" lon="31.095757959410548">
        <ele>1342.6199999999999</ele>
        <time>2021-09-25T09:34:15Z</time>
      </trkpt>
      <trkpt lat="-25.901404973119497" lon="31.095714038237929">
        <ele>1344.0599999999999</ele>
        <time>2021-09-25T09:34:16Z</time>
      </trkpt>
      <trkpt lat="-25.901545034721494" lon="31.095642959699035">
        <ele>1344.0599999999999</ele>
        <time>2021-09-25T09:34:17Z</time>
      </trkpt>
      <trkpt lat="-25.901677971705794" lon="31.095553021878004">
        <ele>1345.98</ele>
        <time>2021-09-25T09:34:18Z</time>
      </trkpt>
      <trkpt lat="-25.901810992509127" lon="31.095454031601548">
        <ele>1346.46</ele>
        <time>2021-09-25T09:34:19Z</time>
      </trkpt>
      <trkpt lat="-25.902391020208597" lon="31.095026973634958">
        <ele>1350.79</ele>
        <time>2021-09-25T09:34:23Z</time>
      </trkpt>
      <trkpt lat="-25.902704000473022" lon="31.094790017232299">
        <ele>1355.5999999999999</ele>
        <time>2021-09-25T09:34:25Z</time>
      </trkpt>
      <trkpt lat="-25.902857976034284" lon="31.094673005864024">
        <ele>1355.5999999999999</ele>
        <time>2021-09-25T09:34:26Z</time>
      </trkpt>
      <trkpt lat="-25.903553003445268" lon="31.094153998419642">
        <ele>1358.96</ele>
        <time>2021-09-25T09:34:31Z</time>
      </trkpt>
      <trkpt lat="-25.904244007542729" lon="31.093643959611654">
        <ele>1362.3299999999999</ele>
        <time>2021-09-25T09:34:36Z</time>
      </trkpt>
      <trkpt lat="-25.904633011668921" lon="31.093298038467765">
        <ele>1364.25</ele>
        <time>2021-09-25T09:34:39Z</time>
      </trkpt>
      <trkpt lat="-25.905238017439842" lon="31.09236597083509">
        <ele>1366.6500000000001</ele>
        <time>2021-09-25T09:34:45Z</time>
      </trkpt>
      <trkpt lat="-25.905315969139338" lon="31.092183999717236">
        <ele>1366.6500000000001</ele>
        <time>2021-09-25T09:34:46Z</time>
      </trkpt>
      <trkpt lat="-25.905660968273878" lon="31.091342037543654">
        <ele>1365.6900000000001</ele>
        <time>2021-09-25T09:34:51Z</time>
      </trkpt>
      <trkpt lat="-25.905735986307263" lon="31.091223014518619">
        <ele>1366.1700000000001</ele>
        <time>2021-09-25T09:34:52Z</time>
      </trkpt>
      <trkpt lat="-25.905827013775706" lon="31.091127963736653">
        <ele>1367.1300000000001</ele>
        <time>2021-09-25T09:34:53Z</time>
      </trkpt>
      <trkpt lat="-25.905932961031795" lon="31.091059986501932">
        <ele>1367.6099999999999</ele>
        <time>2021-09-25T09:34:54Z</time>
      </trkpt>
      <trkpt lat="-25.906053995713592" lon="31.091020004823804">
        <ele>1368.5699999999999</ele>
        <time>2021-09-25T09:34:55Z</time>
      </trkpt>
      <trkpt lat="-25.906185004860163" lon="31.091009024530649">
        <ele>1370.5</ele>
        <time>2021-09-25T09:34:56Z</time>
      </trkpt>
      <trkpt lat="-25.906322970986366" lon="31.091024028137326">
        <ele>1370.02</ele>
        <time>2021-09-25T09:34:57Z</time>
      </trkpt>
      <trkpt lat="-25.906468983739614" lon="31.091052023693919">
        <ele>1371.46</ele>
        <time>2021-09-25T09:34:58Z</time>
      </trkpt>
      <trkpt lat="-25.906617008149624" lon="31.091071972623467">
        <ele>1370.98</ele>
        <time>2021-09-25T09:34:59Z</time>
      </trkpt>
      <trkpt lat="-25.906763020902872" lon="31.091069960966706">
        <ele>1370.98</ele>
        <time>2021-09-25T09:35:00Z</time>
      </trkpt>
      <trkpt lat="-25.906906016170979" lon="31.091041965410113">
        <ele>1370.98</ele>
        <time>2021-09-25T09:35:01Z</time>
      </trkpt>
      <trkpt lat="-25.907043982297182" lon="31.09099100343883">
        <ele>1370.98</ele>
        <time>2021-09-25T09:35:02Z</time>
      </trkpt>
      <trkpt lat="-25.907179014757276" lon="31.090920008718967">
        <ele>1371.9400000000001</ele>
        <time>2021-09-25T09:35:03Z</time>
      </trkpt>
      <trkpt lat="-25.907316980883479" lon="31.090837027877569">
        <ele>1371.9400000000001</ele>
        <time>2021-09-25T09:35:04Z</time>
      </trkpt>
      <trkpt lat="-25.907716965302825" lon="31.090621026232839">
        <ele>1370.02</ele>
        <time>2021-09-25T09:35:07Z</time>
      </trkpt>
      <trkpt lat="-25.907851997762918" lon="31.090596970170736">
        <ele>1368.5699999999999</ele>
        <time>2021-09-25T09:35:08Z</time>
      </trkpt>
      <trkpt lat="-25.907989041879773" lon="31.0906040109694">
        <ele>1369.05</ele>
        <time>2021-09-25T09:35:09Z</time>
      </trkpt>
      <trkpt lat="-25.908120973035693" lon="31.090651033446193">
        <ele>1368.5699999999999</ele>
        <time>2021-09-25T09:35:10Z</time>
      </trkpt>
      <trkpt lat="-25.908233039081097" lon="31.090742982923985">
        <ele>1368.5699999999999</ele>
        <time>2021-09-25T09:35:11Z</time>
      </trkpt>
      <trkpt lat="-25.908314008265734" lon="31.090868962928653">
        <ele>1368.0899999999999</ele>
        <time>2021-09-25T09:35:12Z</time>
      </trkpt>
      <trkpt lat="-25.90835097245872" lon="31.091025033965707">
        <ele>1368.5699999999999</ele>
        <time>2021-09-25T09:35:13Z</time>
      </trkpt>
      <trkpt lat="-25.908365976065397" lon="31.091178003698587">
        <ele>1368.5699999999999</ele>
        <time>2021-09-25T09:35:14Z</time>
      </trkpt>
      <trkpt lat="-25.90834996663034" lon="31.091327033936977">
        <ele>1369.05</ele>
        <time>2021-09-25T09:35:15Z</time>
      </trkpt>
      <trkpt lat="-25.908302022144198" lon="31.091467011719942">
        <ele>1369.54</ele>
        <time>2021-09-25T09:35:16Z</time>
      </trkpt>
      <trkpt lat="-25.908224992454052" lon="31.091589974239469">
        <ele>1370.98</ele>
        <time>2021-09-25T09:35:17Z</time>
      </trkpt>
      <trkpt lat="-25.908120973035693" lon="31.091694999486208">
        <ele>1370.98</ele>
        <time>2021-09-25T09:35:18Z</time>
      </trkpt>
      <trkpt lat="-25.908003961667418" lon="31.091787032783031">
        <ele>1371.46</ele>
        <time>2021-09-25T09:35:19Z</time>
      </trkpt>
      <trkpt lat="-25.907885022461414" lon="31.091875964775681">
        <ele>1371.46</ele>
        <time>2021-09-25T09:35:20Z</time>
      </trkpt>
      <trkpt lat="-25.907336007803679" lon="31.092330012470484">
        <ele>1372.9000000000001</ele>
        <time>2021-09-25T09:35:25Z</time>
      </trkpt>
      <trkpt lat="-25.907241040840745" lon="31.092443000525236">
        <ele>1372.9000000000001</ele>
        <time>2021-09-25T09:35:26Z</time>
      </trkpt>
      <trkpt lat="-25.907156970351934" lon="31.092565041035414">
        <ele>1373.3800000000001</ele>
        <time>2021-09-25T09:35:27Z</time>
      </trkpt>
      <trkpt lat="-25.907094022259116" lon="31.092696972191334">
        <ele>1373.3800000000001</ele>
        <time>2021-09-25T09:35:28Z</time>
      </trkpt>
      <trkpt lat="-25.907055968418717" lon="31.09283602796495">
        <ele>1373.3800000000001</ele>
        <time>2021-09-25T09:35:29Z</time>
      </trkpt>
      <trkpt lat="-25.907044988125563" lon="31.092982040718198">
        <ele>1373.3800000000001</ele>
        <time>2021-09-25T09:35:30Z</time>
      </trkpt>
      <trkpt lat="-25.90706099756062" lon="31.093127969652414">
        <ele>1372.9000000000001</ele>
        <time>2021-09-25T09:35:31Z</time>
      </trkpt>
      <trkpt lat="-25.90710399672389" lon="31.093271970748901">
        <ele>1372.4200000000001</ele>
        <time>2021-09-25T09:35:32Z</time>
      </trkpt>
      <trkpt lat="-25.907165016978979" lon="31.093411026522517">
        <ele>1373.8599999999999</ele>
        <time>2021-09-25T09:35:33Z</time>
      </trkpt>
      <trkpt lat="-25.907234000042081" lon="31.093549998477101">
        <ele>1373.8599999999999</ele>
        <time>2021-09-25T09:35:34Z</time>
      </trkpt>
      <trkpt lat="-25.90729602612555" lon="31.093690982088447">
        <ele>1374.3399999999999</ele>
        <time>2021-09-25T09:35:35Z</time>
      </trkpt>
      <trkpt lat="-25.907343970611691" lon="31.093832971528172">
        <ele>1373.8599999999999</ele>
        <time>2021-09-25T09:35:36Z</time>
      </trkpt>
      <trkpt lat="-25.907372971996665" lon="31.093974038958549">
        <ele>1373.8599999999999</ele>
        <time>2021-09-25T09:35:37Z</time>
      </trkpt>
      <trkpt lat="-25.907375989481807" lon="31.094110999256372">
        <ele>1373.8599999999999</ele>
        <time>2021-09-25T09:35:38Z</time>
      </trkpt>
      <trkpt lat="-25.907353023067117" lon="31.094246031716466">
        <ele>1374.3399999999999</ele>
        <time>2021-09-25T09:35:39Z</time>
      </trkpt>
      <trkpt lat="-25.907313041388988" lon="31.094379974529147">
        <ele>1374.8199999999999</ele>
        <time>2021-09-25T09:35:40Z</time>
      </trkpt>
      <trkpt lat="-25.907254032790661" lon="31.094512995332479">
        <ele>1375.3</ele>
        <time>2021-09-25T09:35:41Z</time>
      </trkpt>
      <trkpt lat="-25.907186977565289" lon="31.094648027792573">
        <ele>1374.3399999999999</ele>
        <time>2021-09-25T09:35:42Z</time>
      </trkpt>
      <trkpt lat="-25.907069966197014" lon="31.094924965873361">
        <ele>1374.8199999999999</ele>
        <time>2021-09-25T09:35:44Z</time>
      </trkpt>
      <trkpt lat="-25.907027972862124" lon="31.095067961141467">
        <ele>1373.3800000000001</ele>
        <time>2021-09-25T09:35:45Z</time>
      </trkpt>
      <trkpt lat="-25.90699695982039" lon="31.095213973894715">
        <ele>1373.3800000000001</ele>
        <time>2021-09-25T09:35:46Z</time>
      </trkpt>
      <trkpt lat="-25.906980028375983" lon="31.095365015789866">
        <ele>1374.8199999999999</ele>
        <time>2021-09-25T09:35:47Z</time>
      </trkpt>
      <trkpt lat="-25.906976005062461" lon="31.095522008836269">
        <ele>1375.78</ele>
        <time>2021-09-25T09:35:48Z</time>
      </trkpt>
      <trkpt lat="-25.906979022547603" lon="31.095683025196195">
        <ele>1373.8599999999999</ele>
        <time>2021-09-25T09:35:49Z</time>
      </trkpt>
      <trkpt lat="-25.90697499923408" lon="31.096466984599829">
        <ele>1373.3800000000001</ele>
        <time>2021-09-25T09:35:54Z</time>
      </trkpt>
      <trkpt lat="-25.906942980363965" lon="31.096611991524696">
        <ele>1373.3800000000001</ele>
        <time>2021-09-25T09:35:55Z</time>
      </trkpt>
      <trkpt lat="-25.906893024221063" lon="31.096754986792803">
        <ele>1372.9000000000001</ele>
        <time>2021-09-25T09:35:56Z</time>
      </trkpt>
      <trkpt lat="-25.906616002321243" lon="31.097524026408792">
        <ele>1370.5</ele>
        <time>2021-09-25T09:36:02Z</time>
      </trkpt>
      <trkpt lat="-25.906599992886186" lon="31.097635002806783">
        <ele>1370.5</ele>
        <time>2021-09-25T09:36:03Z</time>
      </trkpt>
      <trkpt lat="-25.906594963744283" lon="31.097746985033154">
        <ele>1370.02</ele>
        <time>2021-09-25T09:36:04Z</time>
      </trkpt>
      <trkpt lat="-25.906596975401044" lon="31.097860978916287">
        <ele>1370.02</ele>
        <time>2021-09-25T09:36:05Z</time>
      </trkpt>
      <trkpt lat="-25.906646009534597" lon="31.098719034343958">
        <ele>1371.46</ele>
        <time>2021-09-25T09:36:11Z</time>
      </trkpt>
      <trkpt lat="-25.906634023413062" lon="31.098869992420077">
        <ele>1371.46</ele>
        <time>2021-09-25T09:36:12Z</time>
      </trkpt>
      <trkpt lat="-25.90660996735096" lon="31.099017011001706">
        <ele>1371.46</ele>
        <time>2021-09-25T09:36:13Z</time>
      </trkpt>
      <trkpt lat="-25.906551964581013" lon="31.099298978224397">
        <ele>1370.02</ele>
        <time>2021-09-25T09:36:15Z</time>
      </trkpt>
      <trkpt lat="-25.906536038964987" lon="31.099428981542587">
        <ele>1368.5699999999999</ele>
        <time>2021-09-25T09:36:16Z</time>
      </trkpt>
      <trkpt lat="-25.906534027308226" lon="31.099551022052765">
        <ele>1368.0899999999999</ele>
        <time>2021-09-25T09:36:17Z</time>
      </trkpt>
      <trkpt lat="-25.906547019258142" lon="31.099667027592659">
        <ele>1367.1300000000001</ele>
        <time>2021-09-25T09:36:18Z</time>
      </trkpt>
      <trkpt lat="-25.906574008986354" lon="31.09977800399065">
        <ele>1366.1700000000001</ele>
        <time>2021-09-25T09:36:19Z</time>
      </trkpt>
      <trkpt lat="-25.906614996492863" lon="31.099891997873783">
        <ele>1366.1700000000001</ele>
        <time>2021-09-25T09:36:20Z</time>
      </trkpt>
      <trkpt lat="-25.906664030626416" lon="31.10001496039331">
        <ele>1366.1700000000001</ele>
        <time>2021-09-25T09:36:21Z</time>
      </trkpt>
      <trkpt lat="-25.906810965389013" lon="31.100530028343201">
        <ele>1365.21</ele>
        <time>2021-09-25T09:36:25Z</time>
      </trkpt>
      <trkpt lat="-25.906811971217394" lon="31.100651985034347">
        <ele>1364.73</ele>
        <time>2021-09-25T09:36:26Z</time>
      </trkpt>
      <trkpt lat="-25.906793028116226" lon="31.100773019716144">
        <ele>1364.25</ele>
        <time>2021-09-25T09:36:27Z</time>
      </trkpt>
      <trkpt lat="-25.906749023124576" lon="31.100891958922148">
        <ele>1363.77</ele>
        <time>2021-09-25T09:36:28Z</time>
      </trkpt>
      <trkpt lat="-25.906681967899203" lon="31.100998995825648">
        <ele>1363.77</ele>
        <time>2021-09-25T09:36:29Z</time>
      </trkpt>
      <trkpt lat="-25.906594041734934" lon="31.101090023294091">
        <ele>1363.77</ele>
        <time>2021-09-25T09:36:30Z</time>
      </trkpt>
      <trkpt lat="-25.906490022316575" lon="31.101159006357193">
        <ele>1363.77</ele>
        <time>2021-09-25T09:36:31Z</time>
      </trkpt>
      <trkpt lat="-25.906377034261823" lon="31.101211979985237">
        <ele>1363.77</ele>
        <time>2021-09-25T09:36:32Z</time>
      </trkpt>
      <trkpt lat="-25.906264968216419" lon="31.101262019947171">
        <ele>1362.8099999999999</ele>
        <time>2021-09-25T09:36:33Z</time>
      </trkpt>
      <trkpt lat="-25.906162038445473" lon="31.101322034373879">
        <ele>1361.8399999999999</ele>
        <time>2021-09-25T09:36:34Z</time>
      </trkpt>
      <trkpt lat="-25.906079979613423" lon="31.101397974416614">
        <ele>1361.3599999999999</ele>
        <time>2021-09-25T09:36:35Z</time>
      </trkpt>
      <trkpt lat="-25.906022982671857" lon="31.101490007713437">
        <ele>1359.4400000000001</ele>
        <time>2021-09-25T09:36:36Z</time>
      </trkpt>
      <trkpt lat="-25.905990041792393" lon="31.101595032960176">
        <ele>1359.9200000000001</ele>
        <time>2021-09-25T09:36:37Z</time>
      </trkpt>
      <trkpt lat="-25.905979983508587" lon="31.101711038500071">
        <ele>1359.4400000000001</ele>
        <time>2021-09-25T09:36:38Z</time>
      </trkpt>
      <trkpt lat="-25.905996998772025" lon="31.101829977706075">
        <ele>1359.4400000000001</ele>
        <time>2021-09-25T09:36:39Z</time>
      </trkpt>
      <trkpt lat="-25.906044021248817" lon="31.101942965760827">
        <ele>1359.4400000000001</ele>
        <time>2021-09-25T09:36:40Z</time>
      </trkpt>
      <trkpt lat="-25.906121972948313" lon="31.102042039856315">
        <ele>1357.04</ele>
        <time>2021-09-25T09:36:41Z</time>
      </trkpt>
      <trkpt lat="-25.90622297488153" lon="31.102127032354474">
        <ele>1358.48</ele>
        <time>2021-09-25T09:36:42Z</time>
      </trkpt>
      <trkpt lat="-25.906340992078185" lon="31.102208001539111">
        <ele>1358.48</ele>
        <time>2021-09-25T09:36:43Z</time>
      </trkpt>
      <trkpt lat="-25.906579960137606" lon="31.102393995970488">
        <ele>1358.96</ele>
        <time>2021-09-25T09:36:45Z</time>
      </trkpt>
      <trkpt lat="-25.906676016747952" lon="31.102501032873988">
        <ele>1358</ele>
        <time>2021-09-25T09:36:46Z</time>
      </trkpt>
      <trkpt lat="-25.906747011467814" lon="31.102603962644935">
        <ele>1357.52</ele>
        <time>2021-09-25T09:36:47Z</time>
      </trkpt>
      <trkpt lat="-25.906795961782336" lon="31.102703036740422">
        <ele>1357.04</ele>
        <time>2021-09-25T09:36:48Z</time>
      </trkpt>
      <trkpt lat="-25.906824041157961" lon="31.102803032845259">
        <ele>1357.04</ele>
        <time>2021-09-25T09:36:49Z</time>
      </trkpt>
      <trkpt lat="-25.906833009794354" lon="31.102908980101347">
        <ele>1357.04</ele>
        <time>2021-09-25T09:36:50Z</time>
      </trkpt>
      <trkpt lat="-25.906830998137593" lon="31.103024985641241">
        <ele>1357.04</ele>
        <time>2021-09-25T09:36:51Z</time>
      </trkpt>
      <trkpt lat="-25.906821023672819" lon="31.103154988959432">
        <ele>1357.04</ele>
        <time>2021-09-25T09:36:52Z</time>
      </trkpt>
      <trkpt lat="-25.906775007024407" lon="31.104130977764726">
        <ele>1358.96</ele>
        <time>2021-09-25T09:36:58Z</time>
      </trkpt>
      <trkpt lat="-25.906800990924239" lon="31.104306997731328">
        <ele>1358.48</ele>
        <time>2021-09-25T09:36:59Z</time>
      </trkpt>
      <trkpt lat="-25.906849019229412" lon="31.104640010744333">
        <ele>1358</ele>
        <time>2021-09-25T09:37:01Z</time>
      </trkpt>
      <trkpt lat="-25.906843990087509" lon="31.104792980477214">
        <ele>1357.52</ele>
        <time>2021-09-25T09:37:02Z</time>
      </trkpt>
      <trkpt lat="-25.906809959560633" lon="31.104931030422449">
        <ele>1356.0799999999999</ele>
        <time>2021-09-25T09:37:03Z</time>
      </trkpt>
      <trkpt lat="-25.906750028952956" lon="31.105047035962343">
        <ele>1355.1199999999999</ele>
        <time>2021-09-25T09:37:04Z</time>
      </trkpt>
      <trkpt lat="-25.906670987606049" lon="31.105138985440135">
        <ele>1354.6300000000001</ele>
        <time>2021-09-25T09:37:05Z</time>
      </trkpt>
      <trkpt lat="-25.906575014814734" lon="31.105209980159998">
        <ele>1354.6300000000001</ele>
        <time>2021-09-25T09:37:06Z</time>
      </trkpt>
      <trkpt lat="-25.906464960426092" lon="31.10525700263679">
        <ele>1354.6300000000001</ele>
        <time>2021-09-25T09:37:07Z</time>
      </trkpt>
      <trkpt lat="-25.906345015391707" lon="31.105284998193383">
        <ele>1353.6700000000001</ele>
        <time>2021-09-25T09:37:08Z</time>
      </trkpt>
      <trkpt lat="-25.906216017901897" lon="31.105305030941963">
        <ele>1352.71</ele>
        <time>2021-09-25T09:37:09Z</time>
      </trkpt>
      <trkpt lat="-25.905855009332299" lon="31.105379965156317">
        <ele>1350.79</ele>
        <time>2021-09-25T09:37:12Z</time>
      </trkpt>
      <trkpt lat="-25.905759958550334" lon="31.105439979583025">
        <ele>1350.3099999999999</ele>
        <time>2021-09-25T09:37:13Z</time>
      </trkpt>
      <trkpt lat="-25.90568502433598" lon="31.105523966252804">
        <ele>1349.8299999999999</ele>
        <time>2021-09-25T09:37:14Z</time>
      </trkpt>
      <trkpt lat="-25.905639007687569" lon="31.105632008984685">
        <ele>1349.8299999999999</ele>
        <time>2021-09-25T09:37:15Z</time>
      </trkpt>
      <trkpt lat="-25.905624004080892" lon="31.105752037838101">
        <ele>1349.8299999999999</ele>
        <time>2021-09-25T09:37:16Z</time>
      </trkpt>
      <trkpt lat="-25.905638001859188" lon="31.105872988700867">
        <ele>1351.27</ele>
        <time>2021-09-25T09:37:17Z</time>
      </trkpt>
      <trkpt lat="-25.905676977708936" lon="31.105991005897522">
        <ele>1350.3099999999999</ele>
        <time>2021-09-25T09:37:18Z</time>
      </trkpt>
      <trkpt lat="-25.905737997964025" lon="31.106101982295513">
        <ele>1350.79</ele>
        <time>2021-09-25T09:37:19Z</time>
      </trkpt>
      <trkpt lat="-25.905817039310932" lon="31.106209019199014">
        <ele>1351.27</ele>
        <time>2021-09-25T09:37:20Z</time>
      </trkpt>
      <trkpt lat="-25.905905971303582" lon="31.106316978111863">
        <ele>1350.79</ele>
        <time>2021-09-25T09:37:21Z</time>
      </trkpt>
      <trkpt lat="-25.906096994876862" lon="31.106544965878129">
        <ele>1349.3499999999999</ele>
        <time>2021-09-25T09:37:23Z</time>
      </trkpt>
      <trkpt lat="-25.906474012881517" lon="31.10703899525106">
        <ele>1345.5</ele>
        <time>2021-09-25T09:37:27Z</time>
      </trkpt>
      <trkpt lat="-25.906532015651464" lon="31.107180984690785">
        <ele>1345.02</ele>
        <time>2021-09-25T09:37:28Z</time>
      </trkpt>
      <trkpt lat="-25.90656797401607" lon="31.107334960252047">
        <ele>1344.0599999999999</ele>
        <time>2021-09-25T09:37:29Z</time>
      </trkpt>
      <trkpt lat="-25.906579038128257" lon="31.107497988268733">
        <ele>1343.0999999999999</ele>
        <time>2021-09-25T09:37:30Z</time>
      </trkpt>
      <trkpt lat="-25.90656504034996" lon="31.107666967436671">
        <ele>1341.6600000000001</ele>
        <time>2021-09-25T09:37:31Z</time>
      </trkpt>
      <trkpt lat="-25.906544001773" lon="31.107837958261371">
        <ele>1340.7</ele>
        <time>2021-09-25T09:37:32Z</time>
      </trkpt>
      <trkpt lat="-25.906525980681181" lon="31.108179017901421">
        <ele>1337.8099999999999</ele>
        <time>2021-09-25T09:37:34Z</time>
      </trkpt>
      <trkpt lat="-25.906538972631097" lon="31.108341962099075">
        <ele>1336.3699999999999</ele>
        <time>2021-09-25T09:37:35Z</time>
      </trkpt>
      <trkpt lat="-25.90656504034996" lon="31.108503984287381">
        <ele>1335.8900000000001</ele>
        <time>2021-09-25T09:37:36Z</time>
      </trkpt>
      <trkpt lat="-25.906603010371327" lon="31.108666006475687">
        <ele>1334.9300000000001</ele>
        <time>2021-09-25T09:37:37Z</time>
      </trkpt>
      <trkpt lat="-25.906648021191359" lon="31.108831968158484">
        <ele>1333.01</ele>
        <time>2021-09-25T09:37:38Z</time>
      </trkpt>
      <trkpt lat="-25.906838960945606" lon="31.109449965879321">
        <ele>1328.2</ele>
        <time>2021-09-25T09:37:42Z</time>
      </trkpt>
      <trkpt lat="-25.90690802782774" lon="31.109567983075976">
        <ele>1327.72</ele>
        <time>2021-09-25T09:37:43Z</time>
      </trkpt>
      <trkpt lat="-25.906996037811041" lon="31.1096600163728">
        <ele>1326.76</ele>
        <time>2021-09-25T09:37:44Z</time>
      </trkpt>
      <trkpt lat="-25.907098967581987" lon="31.109723970293999">
        <ele>1325.3099999999999</ele>
        <time>2021-09-25T09:37:45Z</time>
      </trkpt>
      <trkpt lat="-25.90721296146512" lon="31.109762024134398">
        <ele>1325.3099999999999</ele>
        <time>2021-09-25T09:37:46Z</time>
      </trkpt>
      <trkpt lat="-25.907332990318537" lon="31.109770992770791">
        <ele>1324.8299999999999</ele>
        <time>2021-09-25T09:37:47Z</time>
      </trkpt>
      <trkpt lat="-25.907452013343573" lon="31.109745008870959">
        <ele>1324.3499999999999</ele>
        <time>2021-09-25T09:37:48Z</time>
      </trkpt>
      <trkpt lat="-25.907567013055086" lon="31.109689017757773">
        <ele>1322.4300000000001</ele>
        <time>2021-09-25T09:37:49Z</time>
      </trkpt>
      <trkpt lat="-25.9076820127666" lon="31.109608970582485">
        <ele>1322.4300000000001</ele>
        <time>2021-09-25T09:37:50Z</time>
      </trkpt>
      <trkpt lat="-25.907796006649733" lon="31.10951098613441">
        <ele>1324.3499999999999</ele>
        <time>2021-09-25T09:37:51Z</time>
      </trkpt>
      <trkpt lat="-25.907907988876104" lon="31.109401015564799">
        <ele>1321.95</ele>
        <time>2021-09-25T09:37:52Z</time>
      </trkpt>
      <trkpt lat="-25.908202026039362" lon="31.109111001715064">
        <ele>1320.99</ele>
        <time>2021-09-25T09:37:55Z</time>
      </trkpt>
      <trkpt lat="-25.908292969688773" lon="31.109054004773498">
        <ele>1319.55</ele>
        <time>2021-09-25T09:37:56Z</time>
      </trkpt>
      <trkpt lat="-25.908385002985597" lon="31.109026009216905">
        <ele>1319.55</ele>
        <time>2021-09-25T09:37:57Z</time>
      </trkpt>
      <trkpt lat="-25.90847703628242" lon="31.109026009216905">
        <ele>1318.0999999999999</ele>
        <time>2021-09-25T09:37:58Z</time>
      </trkpt>
      <trkpt lat="-25.908568985760212" lon="31.109048975631595">
        <ele>1318.5899999999999</ele>
        <time>2021-09-25T09:37:59Z</time>
      </trkpt>
      <trkpt lat="-25.908656995743513" lon="31.109093986451626">
        <ele>1318.5899999999999</ele>
        <time>2021-09-25T09:38:00Z</time>
      </trkpt>
      <trkpt lat="-25.908736037090421" lon="31.109164981171489">
        <ele>1318.0999999999999</ele>
        <time>2021-09-25T09:38:01Z</time>
      </trkpt>
      <trkpt lat="-25.908795967698097" lon="31.109265983104706">
        <ele>1318.5899999999999</ele>
        <time>2021-09-25T09:38:02Z</time>
      </trkpt>
      <trkpt lat="-25.908839972689748" lon="31.109389029443264">
        <ele>1317.6199999999999</ele>
        <time>2021-09-25T09:38:03Z</time>
      </trkpt>
      <trkpt lat="-25.908888000994921" lon="31.109523978084326">
        <ele>1315.22</ele>
        <time>2021-09-25T09:38:04Z</time>
      </trkpt>
      <trkpt lat="-25.908952038735151" lon="31.109654987230897">
        <ele>1315.7</ele>
        <time>2021-09-25T09:38:05Z</time>
      </trkpt>
      <trkpt lat="-25.909038037061691" lon="31.109776021912694">
        <ele>1316.1800000000001</ele>
        <time>2021-09-25T09:38:06Z</time>
      </trkpt>
      <trkpt lat="-25.909145995974541" lon="31.109889009967446">
        <ele>1313.78</ele>
        <time>2021-09-25T09:38:07Z</time>
      </trkpt>
      <trkpt lat="-25.909268036484718" lon="31.109995041042566">
        <ele>1315.7</ele>
        <time>2021-09-25T09:38:08Z</time>
      </trkpt>
      <trkpt lat="-25.90963801369071" lon="31.11028203740716">
        <ele>1312.8199999999999</ele>
        <time>2021-09-25T09:38:11Z</time>
      </trkpt>
      <trkpt lat="-25.909763993695378" lon="31.110343979671597">
        <ele>1312.8199999999999</ele>
        <time>2021-09-25T09:38:12Z</time>
      </trkpt>
      <trkpt lat="-25.909890979528427" lon="31.110387984663248">
        <ele>1312.3399999999999</ele>
        <time>2021-09-25T09:38:13Z</time>
      </trkpt>
      <trkpt lat="-25.910018971189857" lon="31.110412962734699">
        <ele>1309.9300000000001</ele>
        <time>2021-09-25T09:38:14Z</time>
      </trkpt>
      <trkpt lat="-25.910151991993189" lon="31.110418997704983">
        <ele>1308.97</ele>
        <time>2021-09-25T09:38:15Z</time>
      </trkpt>
      <trkpt lat="-25.910291969776154" lon="31.110401982441545">
        <ele>1305.1300000000001</ele>
        <time>2021-09-25T09:38:16Z</time>
      </trkpt>
      <trkpt lat="-25.910435970872641" lon="31.110357977449894">
        <ele>1307.05</ele>
        <time>2021-09-25T09:38:17Z</time>
      </trkpt>
      <trkpt lat="-25.910579971969128" lon="31.110282959416509">
        <ele>1305.6099999999999</ele>
        <time>2021-09-25T09:38:18Z</time>
      </trkpt>
      <trkpt lat="-25.91071299277246" lon="31.110182963311672">
        <ele>1304.1700000000001</ele>
        <time>2021-09-25T09:38:19Z</time>
      </trkpt>
      <trkpt lat="-25.910830004140735" lon="31.110062012448907">
        <ele>1303.6900000000001</ele>
        <time>2021-09-25T09:38:20Z</time>
      </trkpt>
      <trkpt lat="-25.910924971103668" lon="31.109926979988813">
        <ele>1302.24</ele>
        <time>2021-09-25T09:38:21Z</time>
      </trkpt>
      <trkpt lat="-25.910997977480292" lon="31.109783984720707">
        <ele>1301.76</ele>
        <time>2021-09-25T09:38:22Z</time>
      </trkpt>
      <trkpt lat="-25.911050029098988" lon="31.109633026644588">
        <ele>1303.6900000000001</ele>
        <time>2021-09-25T09:38:23Z</time>
      </trkpt>
      <trkpt lat="-25.911079030483961" lon="31.109477961435914">
        <ele>1305.6099999999999</ele>
        <time>2021-09-25T09:38:24Z</time>
      </trkpt>
      <trkpt lat="-25.911086993291974" lon="31.109320968389511">
        <ele>1305.1300000000001</ele>
        <time>2021-09-25T09:38:25Z</time>
      </trkpt>
      <trkpt lat="-25.911072995513678" lon="31.109165986999869">
        <ele>1302.72</ele>
        <time>2021-09-25T09:38:26Z</time>
      </trkpt>
      <trkpt lat="-25.911037959158421" lon="31.109014023095369">
        <ele>1308.01</ele>
        <time>2021-09-25T09:38:27Z</time>
      </trkpt>
      <trkpt lat="-25.910984985530376" lon="31.108862981200218">
        <ele>1311.3800000000001</ele>
        <time>2021-09-25T09:38:28Z</time>
      </trkpt>
      <trkpt lat="-25.910913990810513" lon="31.108715962618589">
        <ele>1311.3800000000001</ele>
        <time>2021-09-25T09:38:29Z</time>
      </trkpt>
      <trkpt lat="-25.910832015797496" lon="31.108569027855992">
        <ele>1311.8599999999999</ele>
        <time>2021-09-25T09:38:30Z</time>
      </trkpt>
      <trkpt lat="-25.910661024972796" lon="31.108256969600916">
        <ele>1316.1800000000001</ele>
        <time>2021-09-25T09:38:32Z</time>
      </trkpt>
      <trkpt lat="-25.910576032474637" lon="31.108097964897752">
        <ele>1316.1800000000001</ele>
        <time>2021-09-25T09:38:33Z</time>
      </trkpt>
      <trkpt lat="-25.91043496504426" lon="31.107777021825314">
        <ele>1318.5899999999999</ele>
        <time>2021-09-25T09:38:35Z</time>
      </trkpt>
      <trkpt lat="-25.910393977537751" lon="31.107607958838344">
        <ele>1322.4300000000001</ele>
        <time>2021-09-25T09:38:36Z</time>
      </trkpt>
      <trkpt lat="-25.910373022779822" lon="31.107436968013644">
        <ele>1322.9100000000001</ele>
        <time>2021-09-25T09:38:37Z</time>
      </trkpt>
      <trkpt lat="-25.910367993637919" lon="31.107268994674087">
        <ele>1325.3099999999999</ele>
        <time>2021-09-25T09:38:38Z</time>
      </trkpt>
      <trkpt lat="-25.910377968102694" lon="31.107100015506148">
        <ele>1325.8</ele>
        <time>2021-09-25T09:38:39Z</time>
      </trkpt>
      <trkpt lat="-25.910404035821557" lon="31.10693296417594">
        <ele>1328.2</ele>
        <time>2021-09-25T09:38:40Z</time>
      </trkpt>
      <trkpt lat="-25.910448040813208" lon="31.106771025806665">
        <ele>1329.6400000000001</ele>
        <time>2021-09-25T09:38:41Z</time>
      </trkpt>
      <trkpt lat="-25.910510988906026" lon="31.106614032760262">
        <ele>1331.0799999999999</ele>
        <time>2021-09-25T09:38:42Z</time>
      </trkpt>
      <trkpt lat="-25.910588018596172" lon="31.106462990865111">
        <ele>1332.04</ele>
        <time>2021-09-25T09:38:43Z</time>
      </trkpt>
      <trkpt lat="-25.910682985559106" lon="31.106323013082147">
        <ele>1333.97</ele>
        <time>2021-09-25T09:38:44Z</time>
      </trkpt>
      <trkpt lat="-25.910794967785478" lon="31.106195021420717">
        <ele>1335.8900000000001</ele>
        <time>2021-09-25T09:38:45Z</time>
      </trkpt>
      <trkpt lat="-25.910920025780797" lon="31.106081027537584">
        <ele>1337.3299999999999</ele>
        <time>2021-09-25T09:38:46Z</time>
      </trkpt>
      <trkpt lat="-25.911054974421859" lon="31.105979019775987">
        <ele>1339.73</ele>
        <time>2021-09-25T09:38:47Z</time>
      </trkpt>
      <trkpt lat="-25.911193024367094" lon="31.105884974822402">
        <ele>1340.7</ele>
        <time>2021-09-25T09:38:48Z</time>
      </trkpt>
      <trkpt lat="-25.911467028781772" lon="31.105698980391026">
        <ele>1343.5799999999999</ele>
        <time>2021-09-25T09:38:50Z</time>
      </trkpt>
      <trkpt lat="-25.912004979327321" lon="31.105313999578357">
        <ele>1347.4300000000001</ele>
        <time>2021-09-25T09:38:54Z</time>
      </trkpt>
      <trkpt lat="-25.912404963746667" lon="31.105039995163679">
        <ele>1351.27</ele>
        <time>2021-09-25T09:38:57Z</time>
      </trkpt>
      <trkpt lat="-25.912533039227128" lon="31.104951985180378">
        <ele>1354.6300000000001</ele>
        <time>2021-09-25T09:38:58Z</time>
      </trkpt>
      <trkpt lat="-25.913004018366337" lon="31.104628024622798">
        <ele>1356.5599999999999</ele>
        <time>2021-09-25T09:39:02Z</time>
      </trkpt>
      <trkpt lat="-25.913123041391373" lon="31.104573961347342">
        <ele>1358.48</ele>
        <time>2021-09-25T09:39:03Z</time>
      </trkpt>
      <trkpt lat="-25.913243992254138" lon="31.104545965790749">
        <ele>1359.4400000000001</ele>
        <time>2021-09-25T09:39:04Z</time>
      </trkpt>
      <trkpt lat="-25.913363015279174" lon="31.104550994932652">
        <ele>1360.8800000000001</ele>
        <time>2021-09-25T09:39:05Z</time>
      </trkpt>
      <trkpt lat="-25.913469968363643" lon="31.104589970782399">
        <ele>1361.3599999999999</ele>
        <time>2021-09-25T09:39:06Z</time>
      </trkpt>
      <trkpt lat="-25.913557978346944" lon="31.104656020179391">
        <ele>1363.29</ele>
        <time>2021-09-25T09:39:07Z</time>
      </trkpt>
      <trkpt lat="-25.913626961410046" lon="31.104746041819453">
        <ele>1363.77</ele>
        <time>2021-09-25T09:39:08Z</time>
      </trkpt>
      <trkpt lat="-25.913674989715219" lon="31.104854000732303">
        <ele>1364.73</ele>
        <time>2021-09-25T09:39:09Z</time>
      </trkpt>
      <trkpt lat="-25.913696028292179" lon="31.104974029585719">
        <ele>1366.1700000000001</ele>
        <time>2021-09-25T09:39:10Z</time>
      </trkpt>
      <trkpt lat="-25.913687981665134" lon="31.105100009590387">
        <ele>1366.6500000000001</ele>
        <time>2021-09-25T09:39:11Z</time>
      </trkpt>
      <trkpt lat="-25.913664009422064" lon="31.105229007080197">
        <ele>1368.0899999999999</ele>
        <time>2021-09-25T09:39:12Z</time>
      </trkpt>
      <trkpt lat="-25.913632996380329" lon="31.10536202788353">
        <ele>1369.05</ele>
        <time>2021-09-25T09:39:13Z</time>
      </trkpt>
      <trkpt lat="-25.91361497528851" lon="31.105496976524591">
        <ele>1370.5</ele>
        <time>2021-09-25T09:39:14Z</time>
      </trkpt>
      <trkpt lat="-25.913617992773652" lon="31.105631003156304">
        <ele>1370.98</ele>
        <time>2021-09-25T09:39:15Z</time>
      </trkpt>
      <trkpt lat="-25.913649005815387" lon="31.105753965675831">
        <ele>1371.9400000000001</ele>
        <time>2021-09-25T09:39:16Z</time>
      </trkpt>
      <trkpt lat="-25.913704996928573" lon="31.105856979265809">
        <ele>1372.9000000000001</ele>
        <time>2021-09-25T09:39:17Z</time>
      </trkpt>
      <trkpt lat="-25.913784960284829" lon="31.105933003127575">
        <ele>1373.8599999999999</ele>
        <time>2021-09-25T09:39:18Z</time>
      </trkpt>
      <trkpt lat="-25.913884034380317" lon="31.105982037261128">
        <ele>1375.3</ele>
        <time>2021-09-25T09:39:19Z</time>
      </trkpt>
      <trkpt lat="-25.913997022435069" lon="31.106006009504199">
        <ele>1376.26</ele>
        <time>2021-09-25T09:39:20Z</time>
      </trkpt>
      <trkpt lat="-25.914123002439737" lon="31.106010032817721">
        <ele>1377.23</ele>
        <time>2021-09-25T09:39:21Z</time>
      </trkpt>
      <trkpt lat="-25.914258034899831" lon="31.106001986190677">
        <ele>1378.1900000000001</ele>
        <time>2021-09-25T09:39:22Z</time>
      </trkpt>
      <trkpt lat="-25.915238969027996" lon="31.105935014784336">
        <ele>1376.26</ele>
        <time>2021-09-25T09:39:28Z</time>
      </trkpt>
      <trkpt lat="-25.91606299392879" lon="31.105936020612717">
        <ele>1379.6300000000001</ele>
        <time>2021-09-25T09:39:33Z</time>
      </trkpt>
      <trkpt lat="-25.916356025263667" lon="31.105896038934588">
        <ele>1382.99</ele>
        <time>2021-09-25T09:39:35Z</time>
      </trkpt>
      <trkpt lat="-25.916494997218251" lon="31.105856979265809">
        <ele>1384.4400000000001</ele>
        <time>2021-09-25T09:39:36Z</time>
      </trkpt>
      <trkpt lat="-25.916905961930752" lon="31.105698980391026">
        <ele>1387.8</ele>
        <time>2021-09-25T09:39:39Z</time>
      </trkpt>
      <trkpt lat="-25.917149959132075" lon="31.105586998164654">
        <ele>1388.28</ele>
        <time>2021-09-25T09:39:41Z</time>
      </trkpt>
      <trkpt lat="-25.917245009914041" lon="31.105516003444791">
        <ele>1388.76</ele>
        <time>2021-09-25T09:39:42Z</time>
      </trkpt>
      <trkpt lat="-25.917313992977142" lon="31.105423970147967">
        <ele>1388.76</ele>
        <time>2021-09-25T09:39:43Z</time>
      </trkpt>
      <trkpt lat="-25.917351040989161" lon="31.105315005406737">
        <ele>1389.24</ele>
        <time>2021-09-25T09:39:44Z</time>
      </trkpt>
      <trkpt lat="-25.917365038767457" lon="31.105194976553321">
        <ele>1389.24</ele>
        <time>2021-09-25T09:39:45Z</time>
      </trkpt>
      <trkpt lat="-25.917365038767457" lon="31.105071008205414">
        <ele>1390.2</ele>
        <time>2021-09-25T09:39:46Z</time>
      </trkpt>
      <trkpt lat="-25.917365960776806" lon="31.104938993230462">
        <ele>1390.2</ele>
        <time>2021-09-25T09:39:47Z</time>
      </trkpt>
      <trkpt lat="-25.917385993525386" lon="31.104800021275878">
        <ele>1389.72</ele>
        <time>2021-09-25T09:39:48Z</time>
      </trkpt>
      <trkpt lat="-25.917429998517036" lon="31.104659959673882">
        <ele>1390.2</ele>
        <time>2021-09-25T09:39:49Z</time>
      </trkpt>
      <trkpt lat="-25.917498981580138" lon="31.104522999376059">
        <ele>1389.72</ele>
        <time>2021-09-25T09:39:50Z</time>
      </trkpt>
      <trkpt lat="-25.917591014876962" lon="31.10439601354301">
        <ele>1390.2</ele>
        <time>2021-09-25T09:39:51Z</time>
      </trkpt>
      <trkpt lat="-25.917702997103333" lon="31.104282019659877">
        <ele>1390.6800000000001</ele>
        <time>2021-09-25T09:39:52Z</time>
      </trkpt>
      <trkpt lat="-25.917825037613511" lon="31.10418202355504">
        <ele>1392.1300000000001</ele>
        <time>2021-09-25T09:39:53Z</time>
      </trkpt>
      <trkpt lat="-25.917955962941051" lon="31.104094013571739">
        <ele>1393.0899999999999</ele>
        <time>2021-09-25T09:39:54Z</time>
      </trkpt>
      <trkpt lat="-25.918096024543047" lon="31.10401296056807">
        <ele>1394.53</ele>
        <time>2021-09-25T09:39:55Z</time>
      </trkpt>
      <trkpt lat="-25.918243965134025" lon="31.103937020525336">
        <ele>1395.49</ele>
        <time>2021-09-25T09:39:56Z</time>
      </trkpt>
      <trkpt lat="-25.918550994247198" lon="31.103787990286946">
        <ele>1398.8599999999999</ele>
        <time>2021-09-25T09:39:58Z</time>
      </trkpt>
      <trkpt lat="-25.918699018657207" lon="31.103700986132026">
        <ele>1399.3399999999999</ele>
        <time>2021-09-25T09:39:59Z</time>
      </trkpt>
      <trkpt lat="-25.918836984783411" lon="31.103595038875937">
        <ele>1400.3</ele>
        <time>2021-09-25T09:40:00Z</time>
      </trkpt>
      <trkpt lat="-25.91896103695035" lon="31.103471992537379">
        <ele>1401.74</ele>
        <time>2021-09-25T09:40:01Z</time>
      </trkpt>
      <trkpt lat="-25.919197993353009" lon="31.103202011436224">
        <ele>1404.1400000000001</ele>
        <time>2021-09-25T09:40:03Z</time>
      </trkpt>
      <trkpt lat="-25.919446013867855" lon="31.102905962616205">
        <ele>1407.51</ele>
        <time>2021-09-25T09:40:05Z</time>
      </trkpt>
      <trkpt lat="-25.919855972751975" lon="31.102419979870319">
        <ele>1410.8699999999999</ele>
        <time>2021-09-25T09:40:08Z</time>
      </trkpt>
      <trkpt lat="-25.920351007953286" lon="31.101869959384203">
        <ele>1410.3900000000001</ele>
        <time>2021-09-25T09:40:12Z</time>
      </trkpt>
      <trkpt lat="-25.920470030978322" lon="31.101778009906411">
        <ele>1409.9100000000001</ele>
        <time>2021-09-25T09:40:13Z</time>
      </trkpt>
      <trkpt lat="-25.92059601098299" lon="31.101703997701406">
        <ele>1408.95</ele>
        <time>2021-09-25T09:40:14Z</time>
      </trkpt>
      <trkpt lat="-25.920729031786323" lon="31.101645994931459">
        <ele>1408.47</ele>
        <time>2021-09-25T09:40:15Z</time>
      </trkpt>
      <trkpt lat="-25.92087403871119" lon="31.101605007424951">
        <ele>1407.99</ele>
        <time>2021-09-25T09:40:16Z</time>
      </trkpt>
      <trkpt lat="-25.921029020100832" lon="31.101579023525119">
        <ele>1407.99</ele>
        <time>2021-09-25T09:40:17Z</time>
      </trkpt>
      <trkpt lat="-25.921191964298487" lon="31.101567959412932">
        <ele>1406.0699999999999</ele>
        <time>2021-09-25T09:40:18Z</time>
      </trkpt>
      <trkpt lat="-25.921366978436708" lon="31.101564019918442">
        <ele>1403.6600000000001</ele>
        <time>2021-09-25T09:40:19Z</time>
      </trkpt>
      <trkpt lat="-25.921939965337515" lon="31.101569971069694">
        <ele>1399.3399999999999</ele>
        <time>2021-09-25T09:40:22Z</time>
      </trkpt>
      <trkpt lat="-25.922547988593578" lon="31.101576006039977">
        <ele>1395.49</ele>
        <time>2021-09-25T09:40:25Z</time>
      </trkpt>
      <trkpt lat="-25.922933975234628" lon="31.101572988554835">
        <ele>1391.1700000000001</ele>
        <time>2021-09-25T09:40:27Z</time>
      </trkpt>
      <trkpt lat="-25.923491958528757" lon="31.101505011320114">
        <ele>1387.3199999999999</ele>
        <time>2021-09-25T09:40:30Z</time>
      </trkpt>
      <trkpt lat="-25.923863025382161" lon="31.101386994123459">
        <ele>1383.96</ele>
        <time>2021-09-25T09:40:32Z</time>
      </trkpt>
      <trkpt lat="-25.92422503978014" lon="31.101214997470379">
        <ele>1378.1900000000001</ele>
        <time>2021-09-25T09:40:34Z</time>
      </trkpt>
      <trkpt lat="-25.924756033346057" lon="31.100936969742179">
        <ele>1373.3800000000001</ele>
        <time>2021-09-25T09:40:37Z</time>
      </trkpt>
      <trkpt lat="-25.925090974196792" lon="31.100788023322821">
        <ele>1368.0899999999999</ele>
        <time>2021-09-25T09:40:39Z</time>
      </trkpt>
      <trkpt lat="-25.925252996385098" lon="31.100736977532506">
        <ele>1367.6099999999999</ele>
        <time>2021-09-25T09:40:40Z</time>
      </trkpt>
      <trkpt lat="-25.925415018573403" lon="31.100705964490771">
        <ele>1366.1700000000001</ele>
        <time>2021-09-25T09:40:41Z</time>
      </trkpt>
      <trkpt lat="-25.925576034933329" lon="31.100695990025997">
        <ele>1364.73</ele>
        <time>2021-09-25T09:40:42Z</time>
      </trkpt>
      <trkpt lat="-25.92573001049459" lon="31.100713005289435">
        <ele>1363.77</ele>
        <time>2021-09-25T09:40:43Z</time>
      </trkpt>
      <trkpt lat="-25.925876023247838" lon="31.100760027766228">
        <ele>1361.8399999999999</ele>
        <time>2021-09-25T09:40:44Z</time>
      </trkpt>
      <trkpt lat="-25.926017006859183" lon="31.100838985294104">
        <ele>1359.9200000000001</ele>
        <time>2021-09-25T09:40:45Z</time>
      </trkpt>
      <trkpt lat="-25.926155978813767" lon="31.100949039682746">
        <ele>1358.96</ele>
        <time>2021-09-25T09:40:46Z</time>
      </trkpt>
      <trkpt lat="-25.92629000544548" lon="31.10108801163733">
        <ele>1357.52</ele>
        <time>2021-09-25T09:40:47Z</time>
      </trkpt>
      <trkpt lat="-25.926425037905574" lon="31.101245004683733">
        <ele>1356.5599999999999</ele>
        <time>2021-09-25T09:40:48Z</time>
      </trkpt>
      <trkpt lat="-25.92656803317368" lon="31.101407026872039">
        <ele>1356.5599999999999</ele>
        <time>2021-09-25T09:40:49Z</time>
      </trkpt>
      <trkpt lat="-25.927011016756296" lon="31.101868031546474">
        <ele>1355.1199999999999</ele>
        <time>2021-09-25T09:40:52Z</time>
      </trkpt>
      <trkpt lat="-25.9274079836905" lon="31.102276984602213">
        <ele>1351.75</ele>
        <time>2021-09-25T09:40:55Z</time>
      </trkpt>
      <trkpt lat="-25.927660027518868" lon="31.102539002895355">
        <ele>1348.8699999999999</ele>
        <time>2021-09-25T09:40:57Z</time>
      </trkpt>
      <trkpt lat="-25.927898995578289" lon="31.102790040895343">
        <ele>1345.02</ele>
        <time>2021-09-25T09:40:59Z</time>
      </trkpt>
      <trkpt lat="-25.927999997511506" lon="31.102921972051263">
        <ele>1342.6199999999999</ele>
        <time>2021-09-25T09:41:00Z</time>
      </trkpt>
      <trkpt lat="-25.928077027201653" lon="31.103062033653259">
        <ele>1342.1400000000001</ele>
        <time>2021-09-25T09:41:01Z</time>
      </trkpt>
      <trkpt lat="-25.928123965859413" lon="31.103199999779463">
        <ele>1339.25</ele>
        <time>2021-09-25T09:41:02Z</time>
      </trkpt>
      <trkpt lat="-25.928140981122851" lon="31.103335032239556">
        <ele>1338.77</ele>
        <time>2021-09-25T09:41:03Z</time>
      </trkpt>
      <trkpt lat="-25.928132012486458" lon="31.103466963395476">
        <ele>1335.4100000000001</ele>
        <time>2021-09-25T09:41:04Z</time>
      </trkpt>
      <trkpt lat="-25.92809597030282" lon="31.103593027219176">
        <ele>1334.9300000000001</ele>
        <time>2021-09-25T09:41:05Z</time>
      </trkpt>
      <trkpt lat="-25.928035033866763" lon="31.103714983910322">
        <ele>1334.9300000000001</ele>
        <time>2021-09-25T09:41:06Z</time>
      </trkpt>
      <trkpt lat="-25.927964961156249" lon="31.103831995278597">
        <ele>1333.49</ele>
        <time>2021-09-25T09:41:07Z</time>
      </trkpt>
      <trkpt lat="-25.927850967273116" lon="31.104058977216482">
        <ele>1333.01</ele>
        <time>2021-09-25T09:41:09Z</time>
      </trkpt>
      <trkpt lat="-25.927817020565271" lon="31.104169031605124">
        <ele>1333.49</ele>
        <time>2021-09-25T09:41:10Z</time>
      </trkpt>
      <trkpt lat="-25.927801011130214" lon="31.104279002174735">
        <ele>1332.52</ele>
        <time>2021-09-25T09:41:11Z</time>
      </trkpt>
      <trkpt lat="-25.927810985594988" lon="31.104382015764713">
        <ele>1332.04</ele>
        <time>2021-09-25T09:41:12Z</time>
      </trkpt>
      <trkpt lat="-25.927848033607006" lon="31.104473965242505">
        <ele>1331.5599999999999</ele>
        <time>2021-09-25T09:41:13Z</time>
      </trkpt>
      <trkpt lat="-25.927910981699824" lon="31.104550994932652">
        <ele>1332.04</ele>
        <time>2021-09-25T09:41:14Z</time>
      </trkpt>
      <trkpt lat="-25.927984993904829" lon="31.104616038501263">
        <ele>1331.5599999999999</ele>
        <time>2021-09-25T09:41:15Z</time>
      </trkpt>
      <trkpt lat="-25.928055988624692" lon="31.104669012129307">
        <ele>1332.52</ele>
        <time>2021-09-25T09:41:16Z</time>
      </trkpt>
      <trkpt lat="-25.928125977516174" lon="31.104700025171041">
        <ele>1336.8499999999999</ele>
        <time>2021-09-25T09:41:17Z</time>
      </trkpt>
      <trkpt lat="-25.928207030519843" lon="31.1046970076859">
        <ele>1334.9300000000001</ele>
        <time>2021-09-25T09:41:18Z</time>
      </trkpt>
      <trkpt lat="-25.928313983604312" lon="31.104667000472546">
        <ele>1335.4100000000001</ele>
        <time>2021-09-25T09:41:19Z</time>
      </trkpt>
      <trkpt lat="-25.92843702994287" lon="31.104636993259192">
        <ele>1336.8499999999999</ele>
        <time>2021-09-25T09:41:20Z</time>
      </trkpt>
      <trkpt lat="-25.928715979680419" lon="31.104592988267541">
        <ele>1340.22</ele>
        <time>2021-09-25T09:41:22Z</time>
      </trkpt>
      <trkpt lat="-25.929156029596925" lon="31.104579996317625">
        <ele>1343.5799999999999</ele>
        <time>2021-09-25T09:41:25Z</time>
      </trkpt>
      <trkpt lat="-25.929717030376196" lon="31.10463397577405">
        <ele>1347.4300000000001</ele>
        <time>2021-09-25T09:41:29Z</time>
      </trkpt>
      <trkpt lat="-25.929847033694386" lon="31.10465400852263">
        <ele>1347.9100000000001</ele>
        <time>2021-09-25T09:41:30Z</time>
      </trkpt>
      <trkpt lat="-25.929961027577519" lon="31.104691978543997">
        <ele>1348.8699999999999</ele>
        <time>2021-09-25T09:41:31Z</time>
      </trkpt>
      <trkpt lat="-25.930057000368834" lon="31.104742018505931">
        <ele>1348.8699999999999</ele>
        <time>2021-09-25T09:41:32Z</time>
      </trkpt>
      <trkpt lat="-25.93013696372509" lon="31.104801027104259">
        <ele>1348.3900000000001</ele>
        <time>2021-09-25T09:41:33Z</time>
      </trkpt>
      <trkpt lat="-25.930198989808559" lon="31.104873027652502">
        <ele>1348.8699999999999</ele>
        <time>2021-09-25T09:41:34Z</time>
      </trkpt>
      <trkpt lat="-25.930274007841945" lon="31.104929018765688">
        <ele>1350.3099999999999</ele>
        <time>2021-09-25T09:41:35Z</time>
      </trkpt>
      <trkpt lat="-25.930305020883679" lon="31.105030020698905">
        <ele>1351.27</ele>
        <time>2021-09-25T09:41:36Z</time>
      </trkpt>
      <trkpt lat="-25.930324969813228" lon="31.105146026238799">
        <ele>1352.23</ele>
        <time>2021-09-25T09:41:37Z</time>
      </trkpt>
      <trkpt lat="-25.930337039753795" lon="31.10527996905148">
        <ele>1351.27</ele>
        <time>2021-09-25T09:41:38Z</time>
      </trkpt>
      <trkpt lat="-25.930346008390188" lon="31.105426987633109">
        <ele>1351.75</ele>
        <time>2021-09-25T09:41:39Z</time>
      </trkpt>
      <trkpt lat="-25.930327987298369" lon="31.106043979525566">
        <ele>1350.79</ele>
        <time>2021-09-25T09:41:43Z</time>
      </trkpt>
      <trkpt lat="-25.930340979248285" lon="31.106173982843757">
        <ele>1349.8299999999999</ele>
        <time>2021-09-25T09:41:44Z</time>
      </trkpt>
      <trkpt lat="-25.930366041138768" lon="31.106292000040412">
        <ele>1348.8699999999999</ele>
        <time>2021-09-25T09:41:45Z</time>
      </trkpt>
      <trkpt lat="-25.930408034473658" lon="31.106399036943913">
        <ele>1349.3499999999999</ele>
        <time>2021-09-25T09:41:46Z</time>
      </trkpt>
      <trkpt lat="-25.930476011708379" lon="31.106491992250085">
        <ele>1349.8299999999999</ele>
        <time>2021-09-25T09:41:47Z</time>
      </trkpt>
      <trkpt lat="-25.93056402169168" lon="31.106570027768612">
        <ele>1349.8299999999999</ele>
        <time>2021-09-25T09:41:48Z</time>
      </trkpt>
      <trkpt lat="-25.930665023624897" lon="31.106640016660094">
        <ele>1351.27</ele>
        <time>2021-09-25T09:41:49Z</time>
      </trkpt>
      <trkpt lat="-25.930763008072972" lon="31.106716962531209">
        <ele>1352.23</ele>
        <time>2021-09-25T09:41:50Z</time>
      </trkpt>
      <trkpt lat="-25.930840037763119" lon="31.10680497251451">
        <ele>1352.71</ele>
        <time>2021-09-25T09:41:51Z</time>
      </trkpt>
      <trkpt lat="-25.930895023047924" lon="31.106904968619347">
        <ele>1353.6700000000001</ele>
        <time>2021-09-25T09:41:52Z</time>
      </trkpt>
      <trkpt lat="-25.930929975584149" lon="31.10701602883637">
        <ele>1353.6700000000001</ele>
        <time>2021-09-25T09:41:53Z</time>
      </trkpt>
      <trkpt lat="-25.930941039696336" lon="31.107135973870754">
        <ele>1353.1900000000001</ele>
        <time>2021-09-25T09:41:54Z</time>
      </trkpt>
      <trkpt lat="-25.930926958099008" lon="31.107259020209312">
        <ele>1354.6300000000001</ele>
        <time>2021-09-25T09:41:55Z</time>
      </trkpt>
      <trkpt lat="-25.930885970592499" lon="31.107390029355884">
        <ele>1356.0799999999999</ele>
        <time>2021-09-25T09:41:56Z</time>
      </trkpt>
      <trkpt lat="-25.930832996964455" lon="31.107536964118481">
        <ele>1357.52</ele>
        <time>2021-09-25T09:41:57Z</time>
      </trkpt>
      <trkpt lat="-25.930724032223225" lon="31.107865031808615">
        <ele>1359.4400000000001</ele>
        <time>2021-09-25T09:41:59Z</time>
      </trkpt>
      <trkpt lat="-25.930590005591512" lon="31.108294017612934">
        <ele>1356.0799999999999</ele>
        <time>2021-09-25T09:42:02Z</time>
      </trkpt>
      <trkpt lat="-25.930580031126738" lon="31.10841304063797">
        <ele>1356.0799999999999</ele>
        <time>2021-09-25T09:42:03Z</time>
      </trkpt>
      <trkpt lat="-25.930596040561795" lon="31.108524017035961">
        <ele>1356.0799999999999</ele>
        <time>2021-09-25T09:42:04Z</time>
      </trkpt>
      <trkpt lat="-25.930636022239923" lon="31.10863097012043">
        <ele>1353.6700000000001</ele>
        <time>2021-09-25T09:42:05Z</time>
      </trkpt>
      <trkpt lat="-25.930701987817883" lon="31.108728032559156">
        <ele>1354.1500000000001</ele>
        <time>2021-09-25T09:42:06Z</time>
      </trkpt>
      <trkpt lat="-25.930792009457946" lon="31.108803972601891">
        <ele>1352.23</ele>
        <time>2021-09-25T09:42:07Z</time>
      </trkpt>
      <trkpt lat="-25.930900974199176" lon="31.108849989250302">
        <ele>1351.27</ele>
        <time>2021-09-25T09:42:08Z</time>
      </trkpt>
      <trkpt lat="-25.931017985567451" lon="31.108868010342121">
        <ele>1351.75</ele>
        <time>2021-09-25T09:42:09Z</time>
      </trkpt>
      <trkpt lat="-25.931136002764106" lon="31.108853006735444">
        <ele>1351.75</ele>
        <time>2021-09-25T09:42:10Z</time>
      </trkpt>
      <trkpt lat="-25.931240022182465" lon="31.108803972601891">
        <ele>1351.75</ele>
        <time>2021-09-25T09:42:11Z</time>
      </trkpt>
      <trkpt lat="-25.931337000802159" lon="31.108729960396886">
        <ele>1351.75</ele>
        <time>2021-09-25T09:42:12Z</time>
      </trkpt>
      <trkpt lat="-25.93142501078546" lon="31.108641028404236">
        <ele>1353.6700000000001</ele>
        <time>2021-09-25T09:42:13Z</time>
      </trkpt>
      <trkpt lat="-25.93151000328362" lon="31.108553018420935">
        <ele>1355.5999999999999</ele>
        <time>2021-09-25T09:42:14Z</time>
      </trkpt>
      <trkpt lat="-25.931804040446877" lon="31.108293011784554">
        <ele>1359.4400000000001</ele>
        <time>2021-09-25T09:42:17Z</time>
      </trkpt>
      <trkpt lat="-25.931933959946036" lon="31.108212964609265">
        <ele>1362.8099999999999</ele>
        <time>2021-09-25T09:42:18Z</time>
      </trkpt>
      <trkpt lat="-25.932075027376413" lon="31.108150016516447">
        <ele>1363.77</ele>
        <time>2021-09-25T09:42:19Z</time>
      </trkpt>
      <trkpt lat="-25.932225985452533" lon="31.108103999868035">
        <ele>1363.29</ele>
        <time>2021-09-25T09:42:20Z</time>
      </trkpt>
      <trkpt lat="-25.932385995984077" lon="31.108072986826301">
        <ele>1364.73</ele>
        <time>2021-09-25T09:42:21Z</time>
      </trkpt>
      <trkpt lat="-25.932552963495255" lon="31.108053037896752">
        <ele>1366.6500000000001</ele>
        <time>2021-09-25T09:42:22Z</time>
      </trkpt>
      <trkpt lat="-25.932889999821782" lon="31.108040967956185">
        <ele>1370.5</ele>
        <time>2021-09-25T09:42:24Z</time>
      </trkpt>
      <trkpt lat="-25.933385035023093" lon="31.108034010976553">
        <ele>1375.3</ele>
        <time>2021-09-25T09:42:27Z</time>
      </trkpt>
      <trkpt lat="-25.933697009459138" lon="31.108041973784566">
        <ele>1378.6700000000001</ele>
        <time>2021-09-25T09:42:29Z</time>
      </trkpt>
      <trkpt lat="-25.933847967535257" lon="31.108062006533146">
        <ele>1379.1500000000001</ele>
        <time>2021-09-25T09:42:30Z</time>
      </trkpt>
      <trkpt lat="-25.933994986116886" lon="31.108093019574881">
        <ele>1380.5899999999999</ele>
        <time>2021-09-25T09:42:31Z</time>
      </trkpt>
      <trkpt lat="-25.934134041890502" lon="31.108139958232641">
        <ele>1382.99</ele>
        <time>2021-09-25T09:42:32Z</time>
      </trkpt>
      <trkpt lat="-25.934263039380312" lon="31.108203995972872">
        <ele>1384.4400000000001</ele>
        <time>2021-09-25T09:42:33Z</time>
      </trkpt>
      <trkpt lat="-25.934383990243077" lon="31.108280019834638">
        <ele>1385.8800000000001</ele>
        <time>2021-09-25T09:42:34Z</time>
      </trkpt>
      <trkpt lat="-25.934495972469449" lon="31.108370963484049">
        <ele>1386.8399999999999</ele>
        <time>2021-09-25T09:42:35Z</time>
      </trkpt>
      <trkpt lat="-25.93460401520133" lon="31.108466014266014">
        <ele>1388.28</ele>
        <time>2021-09-25T09:42:36Z</time>
      </trkpt>
      <trkpt lat="-25.934918001294136" lon="31.108730966225266">
        <ele>1391.6500000000001</ele>
        <time>2021-09-25T09:42:39Z</time>
      </trkpt>
      <trkpt lat="-25.935029983520508" lon="31.108798021450639">
        <ele>1393.0899999999999</ele>
        <time>2021-09-25T09:42:40Z</time>
      </trkpt>
      <trkpt lat="-25.935148000717163" lon="31.108848983421922">
        <ele>1395.97</ele>
        <time>2021-09-25T09:42:41Z</time>
      </trkpt>
      <trkpt lat="-25.93527096323669" lon="31.108883013948798">
        <ele>1396.45</ele>
        <time>2021-09-25T09:42:42Z</time>
      </trkpt>
      <trkpt lat="-25.935401972383261" lon="31.108895000070333">
        <ele>1397.8900000000001</ele>
        <time>2021-09-25T09:42:43Z</time>
      </trkpt>
      <trkpt lat="-25.935539016500115" lon="31.108890976756811">
        <ele>1399.3399999999999</ele>
        <time>2021-09-25T09:42:44Z</time>
      </trkpt>
      <trkpt lat="-25.9356779884547" lon="31.108876978978515">
        <ele>1402.22</ele>
        <time>2021-09-25T09:42:45Z</time>
      </trkpt>
      <trkpt lat="-25.936116026714444" lon="31.108815036714077">
        <ele>1407.99</ele>
        <time>2021-09-25T09:42:48Z</time>
      </trkpt>
      <trkpt lat="-25.936261033639312" lon="31.108781006187201">
        <ele>1409.4300000000001</ele>
        <time>2021-09-25T09:42:49Z</time>
      </trkpt>
      <trkpt lat="-25.936404028907418" lon="31.108729960396886">
        <ele>1413.28</ele>
        <time>2021-09-25T09:42:50Z</time>
      </trkpt>
      <trkpt lat="-25.936546018347144" lon="31.108666006475687">
        <ele>1413.28</ele>
        <time>2021-09-25T09:42:51Z</time>
      </trkpt>
      <trkpt lat="-25.936690019443631" lon="31.108595011755824">
        <ele>1416.1600000000001</ele>
        <time>2021-09-25T09:42:52Z</time>
      </trkpt>
      <trkpt lat="-25.937125040218234" lon="31.108383033424616">
        <ele>1420.49</ele>
        <time>2021-09-25T09:42:55Z</time>
      </trkpt>
      <trkpt lat="-25.937412036582828" lon="31.10826401039958">
        <ele>1423.8499999999999</ele>
        <time>2021-09-25T09:42:57Z</time>
      </trkpt>
      <trkpt lat="-25.937556959688663" lon="31.108227968215942">
        <ele>1423.3699999999999</ele>
        <time>2021-09-25T09:42:58Z</time>
      </trkpt>
      <trkpt lat="-25.937699032947421" lon="31.108217993751168">
        <ele>1425.29</ele>
        <time>2021-09-25T09:42:59Z</time>
      </trkpt>
      <trkpt lat="-25.937835993245244" lon="31.108234003186226">
        <ele>1427.21</ele>
        <time>2021-09-25T09:43:00Z</time>
      </trkpt>
      <trkpt lat="-25.937964990735054" lon="31.108277002349496">
        <ele>1428.6600000000001</ele>
        <time>2021-09-25T09:43:01Z</time>
      </trkpt>
      <trkpt lat="-25.938082002103329" lon="31.10835000872612">
        <ele>1429.1400000000001</ele>
        <time>2021-09-25T09:43:02Z</time>
      </trkpt>
      <trkpt lat="-25.9381939843297" lon="31.108442964032292">
        <ele>1430.0999999999999</ele>
        <time>2021-09-25T09:43:03Z</time>
      </trkpt>
      <trkpt lat="-25.938304038718343" lon="31.108547989279032">
        <ele>1432.5</ele>
        <time>2021-09-25T09:43:04Z</time>
      </trkpt>
      <trkpt lat="-25.938721038401127" lon="31.108935987576842">
        <ele>1435.8699999999999</ele>
        <time>2021-09-25T09:43:08Z</time>
      </trkpt>
      <trkpt lat="-25.938935028389096" lon="31.109087029471993">
        <ele>1436.8299999999999</ele>
        <time>2021-09-25T09:43:10Z</time>
      </trkpt>
      <trkpt lat="-25.93905103392899" lon="31.109128016978502">
        <ele>1439.23</ele>
        <time>2021-09-25T09:43:11Z</time>
      </trkpt>
      <trkpt lat="-25.939170978963375" lon="31.109142014756799">
        <ele>1436.8299999999999</ele>
        <time>2021-09-25T09:43:12Z</time>
      </trkpt>
      <trkpt lat="-25.93928899616003" lon="31.109130028635263">
        <ele>1438.75</ele>
        <time>2021-09-25T09:43:13Z</time>
      </trkpt>
      <trkpt lat="-25.939400978386402" lon="31.109088035300374">
        <ele>1439.23</ele>
        <time>2021-09-25T09:43:14Z</time>
      </trkpt>
      <trkpt lat="-25.93950399197638" lon="31.109018968418241">
        <ele>1440.1900000000001</ele>
        <time>2021-09-25T09:43:15Z</time>
      </trkpt>
      <trkpt lat="-25.939593007788062" lon="31.108927018940449">
        <ele>1440.6700000000001</ele>
        <time>2021-09-25T09:43:16Z</time>
      </trkpt>
      <trkpt lat="-25.939665008336306" lon="31.108816964551806">
        <ele>1439.23</ele>
        <time>2021-09-25T09:43:17Z</time>
      </trkpt>
      <trkpt lat="-25.93971898779273" lon="31.108686961233616">
        <ele>1439.23</ele>
        <time>2021-09-25T09:43:18Z</time>
      </trkpt>
      <trkpt lat="-25.939753018319607" lon="31.108542960137129">
        <ele>1440.1900000000001</ele>
        <time>2021-09-25T09:43:19Z</time>
      </trkpt>
      <trkpt lat="-25.939766010269523" lon="31.108384039252996">
        <ele>1439.71</ele>
        <time>2021-09-25T09:43:20Z</time>
      </trkpt>
      <trkpt lat="-25.939763998612761" lon="31.108212964609265">
        <ele>1437.79</ele>
        <time>2021-09-25T09:43:21Z</time>
      </trkpt>
      <trkpt lat="-25.939752012491226" lon="31.108025964349508">
        <ele>1436.3499999999999</ele>
        <time>2021-09-25T09:43:22Z</time>
      </trkpt>
      <trkpt lat="-25.93973801471293" lon="31.107825972139835">
        <ele>1436.3499999999999</ele>
        <time>2021-09-25T09:43:23Z</time>
      </trkpt>
      <trkpt lat="-25.939671965315938" lon="31.10718903131783">
        <ele>1431.54</ele>
        <time>2021-09-25T09:43:26Z</time>
      </trkpt>
      <trkpt lat="-25.939636006951332" lon="31.106788963079453">
        <ele>1426.73</ele>
        <time>2021-09-25T09:43:28Z</time>
      </trkpt>
      <trkpt lat="-25.939622009173036" lon="31.106615960597992">
        <ele>1427.21</ele>
        <time>2021-09-25T09:43:29Z</time>
      </trkpt>
      <trkpt lat="-25.939625026658177" lon="31.106315972283483">
        <ele>1422.8900000000001</ele>
        <time>2021-09-25T09:43:31Z</time>
      </trkpt>
      <trkpt lat="-25.939665008336306" lon="31.106181023642421">
        <ele>1420.97</ele>
        <time>2021-09-25T09:43:32Z</time>
      </trkpt>
      <trkpt lat="-25.939730973914266" lon="31.106054037809372">
        <ele>1420</ele>
        <time>2021-09-25T09:43:33Z</time>
      </trkpt>
      <trkpt lat="-25.939818983897567" lon="31.105930991470814">
        <ele>1418.5599999999999</ele>
        <time>2021-09-25T09:43:34Z</time>
      </trkpt>
      <trkpt lat="-25.939919985830784" lon="31.105810040608048">
        <ele>1418.0799999999999</ele>
        <time>2021-09-25T09:43:35Z</time>
      </trkpt>
      <trkpt lat="-25.940034985542297" lon="31.105684982612729">
        <ele>1417.5999999999999</ele>
        <time>2021-09-25T09:43:36Z</time>
      </trkpt>
      <trkpt lat="-25.940311001613736" lon="31.10540603287518">
        <ele>1412.79</ele>
        <time>2021-09-25T09:43:38Z</time>
      </trkpt>
      <trkpt lat="-25.940730012953281" lon="31.105005964636803">
        <ele>1407.99</ele>
        <time>2021-09-25T09:43:41Z</time>
      </trkpt>
      <trkpt lat="-25.940858004614711" lon="31.10489197075367">
        <ele>1407.99</ele>
        <time>2021-09-25T09:43:42Z</time>
      </trkpt>
      <trkpt lat="-25.940971998497844" lon="31.104786023497581">
        <ele>1405.0999999999999</ele>
        <time>2021-09-25T09:43:43Z</time>
      </trkpt>
      <trkpt lat="-25.941170984879136" lon="31.104622995480895">
        <ele>1402.22</ele>
        <time>2021-09-25T09:43:45Z</time>
      </trkpt>
      <trkpt lat="-25.941265029832721" lon="31.104579996317625">
        <ele>1402.22</ele>
        <time>2021-09-25T09:43:46Z</time>
      </trkpt>
      <trkpt lat="-25.941367037594318" lon="31.104573039337993">
        <ele>1401.26</ele>
        <time>2021-09-25T09:43:47Z</time>
      </trkpt>
      <trkpt lat="-25.941472984850407" lon="31.104602962732315">
        <ele>1400.3</ele>
        <time>2021-09-25T09:43:48Z</time>
      </trkpt>
      <trkpt lat="-25.941583039239049" lon="31.104658031836152">
        <ele>1399.3399999999999</ele>
        <time>2021-09-25T09:43:49Z</time>
      </trkpt>
      <trkpt lat="-25.941698038950562" lon="31.104721985757351">
        <ele>1398.3699999999999</ele>
        <time>2021-09-25T09:43:50Z</time>
      </trkpt>
      <trkpt lat="-25.942239006981254" lon="31.105025997385383">
        <ele>1397.8900000000001</ele>
        <time>2021-09-25T09:43:54Z</time>
      </trkpt>
      <trkpt lat="-25.942702023312449" lon="31.105223977938294">
        <ele>1396.45</ele>
        <time>2021-09-25T09:43:57Z</time>
      </trkpt>
      <trkpt lat="-25.943162022158504" lon="31.105377031490207">
        <ele>1394.53</ele>
        <time>2021-09-25T09:44:00Z</time>
      </trkpt>
      <trkpt lat="-25.943292025476694" lon="31.10542899928987">
        <ele>1394.53</ele>
        <time>2021-09-25T09:44:01Z</time>
      </trkpt>
      <trkpt lat="-25.943397972732782" lon="31.105497982352972">
        <ele>1394.05</ele>
        <time>2021-09-25T09:44:02Z</time>
      </trkpt>
      <trkpt lat="-25.943473996594548" lon="31.105585992336273">
        <ele>1394.05</ele>
        <time>2021-09-25T09:44:03Z</time>
      </trkpt>
      <trkpt lat="-25.943521019071341" lon="31.105683976784348">
        <ele>1394.53</ele>
        <time>2021-09-25T09:44:04Z</time>
      </trkpt>
      <trkpt lat="-25.943539040163159" lon="31.105782967060804">
        <ele>1395.49</ele>
        <time>2021-09-25T09:44:05Z</time>
      </trkpt>
      <trkpt lat="-25.943537028506398" lon="31.105880029499531">
        <ele>1395.49</ele>
        <time>2021-09-25T09:44:06Z</time>
      </trkpt>
      <trkpt lat="-25.943529987707734" lon="31.105982037261128">
        <ele>1394.53</ele>
        <time>2021-09-25T09:44:07Z</time>
      </trkpt>
      <trkpt lat="-25.943498974665999" lon="31.106214970350266">
        <ele>1391.6500000000001</ele>
        <time>2021-09-25T09:44:09Z</time>
      </trkpt>
      <trkpt lat="-25.943446001037955" lon="31.106334999203682">
        <ele>1390.2</ele>
        <time>2021-09-25T09:44:10Z</time>
      </trkpt>
      <trkpt lat="-25.943323960527778" lon="31.106544965878129">
        <ele>1387.8</ele>
        <time>2021-09-25T09:44:12Z</time>
      </trkpt>
      <trkpt lat="-25.943303005769849" lon="31.106639010831714">
        <ele>1386.3599999999999</ele>
        <time>2021-09-25T09:44:13Z</time>
      </trkpt>
      <trkpt lat="-25.943312980234623" lon="31.106728026643395">
        <ele>1385.8800000000001</ele>
        <time>2021-09-25T09:44:14Z</time>
      </trkpt>
      <trkpt lat="-25.943355979397893" lon="31.106807989999652">
        <ele>1385.8800000000001</ele>
        <time>2021-09-25T09:44:15Z</time>
      </trkpt>
      <trkpt lat="-25.943425968289375" lon="31.106880996376276">
        <ele>1383.96</ele>
        <time>2021-09-25T09:44:16Z</time>
      </trkpt>
      <trkpt lat="-25.943510960787535" lon="31.106951991096139">
        <ele>1385.8800000000001</ele>
        <time>2021-09-25T09:44:17Z</time>
      </trkpt>
      <trkpt lat="-25.943608023226261" lon="31.107023991644382">
        <ele>1384.4400000000001</ele>
        <time>2021-09-25T09:44:18Z</time>
      </trkpt>
      <trkpt lat="-25.943710030987859" lon="31.107089035212994">
        <ele>1381.55</ele>
        <time>2021-09-25T09:44:19Z</time>
      </trkpt>
      <trkpt lat="-25.943824024870992" lon="31.107134968042374">
        <ele>1381.55</ele>
        <time>2021-09-25T09:44:20Z</time>
      </trkpt>
      <trkpt lat="-25.943951010704041" lon="31.107160029932857">
        <ele>1381.0699999999999</ele>
        <time>2021-09-25T09:44:21Z</time>
      </trkpt>
      <trkpt lat="-25.944536989554763" lon="31.107268994674087">
        <ele>1377.23</ele>
        <time>2021-09-25T09:44:25Z</time>
      </trkpt>
      <trkpt lat="-25.944819962605834" lon="31.107354993000627">
        <ele>1374.3399999999999</ele>
        <time>2021-09-25T09:44:27Z</time>
      </trkpt>
      <trkpt lat="-25.945078041404486" lon="31.107464041560888">
        <ele>1370.5</ele>
        <time>2021-09-25T09:44:29Z</time>
      </trkpt>
      <trkpt lat="-25.94541298225522" lon="31.107661016285419">
        <ele>1366.1700000000001</ele>
        <time>2021-09-25T09:44:32Z</time>
      </trkpt>
      <trkpt lat="-25.945493029430509" lon="31.107757994905114">
        <ele>1365.21</ele>
        <time>2021-09-25T09:44:33Z</time>
      </trkpt>
      <trkpt lat="-25.945554971694946" lon="31.107881963253021">
        <ele>1363.29</ele>
        <time>2021-09-25T09:44:34Z</time>
      </trkpt>
      <trkpt lat="-25.94560501165688" lon="31.108027976006269">
        <ele>1361.3599999999999</ele>
        <time>2021-09-25T09:44:35Z</time>
      </trkpt>
      <trkpt lat="-25.945658991113305" lon="31.108167031779885">
        <ele>1358.48</ele>
        <time>2021-09-25T09:44:36Z</time>
      </trkpt>
      <trkpt lat="-25.945719005540013" lon="31.108298040926456">
        <ele>1358.96</ele>
        <time>2021-09-25T09:44:37Z</time>
      </trkpt>
      <trkpt lat="-25.94577600248158" lon="31.108418991789222">
        <ele>1356.5599999999999</ele>
        <time>2021-09-25T09:44:38Z</time>
      </trkpt>
      <trkpt lat="-25.945816989988089" lon="31.108536003157496">
        <ele>1355.5999999999999</ele>
        <time>2021-09-25T09:44:39Z</time>
      </trkpt>
      <trkpt lat="-25.945831993594766" lon="31.108656032010913">
        <ele>1352.23</ele>
        <time>2021-09-25T09:44:40Z</time>
      </trkpt>
      <trkpt lat="-25.945824030786753" lon="31.108776982873678">
        <ele>1350.79</ele>
        <time>2021-09-25T09:44:41Z</time>
      </trkpt>
      <trkpt lat="-25.945800980553031" lon="31.108900029212236">
        <ele>1349.3499999999999</ele>
        <time>2021-09-25T09:44:42Z</time>
      </trkpt>
      <trkpt lat="-25.945768039673567" lon="31.109029026702046">
        <ele>1348.3900000000001</ele>
        <time>2021-09-25T09:44:43Z</time>
      </trkpt>
      <trkpt lat="-25.945700984448195" lon="31.109304958954453">
        <ele>1345.02</ele>
        <time>2021-09-25T09:44:45Z</time>
      </trkpt>
      <trkpt lat="-25.945682041347027" lon="31.109433034434915">
        <ele>1344.0599999999999</ele>
        <time>2021-09-25T09:44:46Z</time>
      </trkpt>
      <trkpt lat="-25.945673994719982" lon="31.109549961984158">
        <ele>1343.5799999999999</ele>
        <time>2021-09-25T09:44:47Z</time>
      </trkpt>
      <trkpt lat="-25.945682041347027" lon="31.109658004716039">
        <ele>1343.0999999999999</ele>
        <time>2021-09-25T09:44:48Z</time>
      </trkpt>
      <trkpt lat="-25.945709031075239" lon="31.109758000820875">
        <ele>1343.0999999999999</ele>
        <time>2021-09-25T09:44:49Z</time>
      </trkpt>
      <trkpt lat="-25.945754963904619" lon="31.109848022460938">
        <ele>1342.1400000000001</ele>
        <time>2021-09-25T09:44:50Z</time>
      </trkpt>
      <trkpt lat="-25.94582000747323" lon="31.109922034665942">
        <ele>1344.0599999999999</ele>
        <time>2021-09-25T09:44:51Z</time>
      </trkpt>
      <trkpt lat="-25.945898965001106" lon="31.109978025779128">
        <ele>1345.02</ele>
        <time>2021-09-25T09:44:52Z</time>
      </trkpt>
      <trkpt lat="-25.945996027439833" lon="31.110015995800495">
        <ele>1345.98</ele>
        <time>2021-09-25T09:44:53Z</time>
      </trkpt>
      <trkpt lat="-25.946109015494585" lon="31.110046003013849">
        <ele>1346.9400000000001</ele>
        <time>2021-09-25T09:44:54Z</time>
      </trkpt>
      <trkpt lat="-25.946224015206099" lon="31.1100709810853">
        <ele>1346.46</ele>
        <time>2021-09-25T09:44:55Z</time>
      </trkpt>
      <trkpt lat="-25.946429036557674" lon="31.11013300716877">
        <ele>1345.02</ele>
        <time>2021-09-25T09:44:57Z</time>
      </trkpt>
      <trkpt lat="-25.946510005742311" lon="31.110188998281956">
        <ele>1343.5799999999999</ele>
        <time>2021-09-25T09:44:58Z</time>
      </trkpt>
      <trkpt lat="-25.946561973541975" lon="31.110268961638212">
        <ele>1343.5799999999999</ele>
        <time>2021-09-25T09:44:59Z</time>
      </trkpt>
      <trkpt lat="-25.946590974926949" lon="31.1103490088135">
        <ele>1342.6199999999999</ele>
        <time>2021-09-25T09:45:00Z</time>
      </trkpt>
      <trkpt lat="-25.946576977148652" lon="31.110439030453563">
        <ele>1342.6199999999999</ele>
        <time>2021-09-25T09:45:01Z</time>
      </trkpt>
      <trkpt lat="-25.94653096050024" lon="31.110524022951722">
        <ele>1342.1400000000001</ele>
        <time>2021-09-25T09:45:02Z</time>
      </trkpt>
      <trkpt lat="-25.946462983265519" lon="31.11060700379312">
        <ele>1341.6600000000001</ele>
        <time>2021-09-25T09:45:03Z</time>
      </trkpt>
      <trkpt lat="-25.946392994374037" lon="31.110701970756054">
        <ele>1341.1800000000001</ele>
        <time>2021-09-25T09:45:04Z</time>
      </trkpt>
      <trkpt lat="-25.946341026574373" lon="31.110808001831174">
        <ele>1340.22</ele>
        <time>2021-09-25T09:45:05Z</time>
      </trkpt>
      <trkpt lat="-25.946320993825793" lon="31.110917972400784">
        <ele>1338.29</ele>
        <time>2021-09-25T09:45:06Z</time>
      </trkpt>
      <trkpt lat="-25.946326022967696" lon="31.111026015132666">
        <ele>1337.3299999999999</ele>
        <time>2021-09-25T09:45:07Z</time>
      </trkpt>
      <trkpt lat="-25.946362987160683" lon="31.111128022894263">
        <ele>1336.3699999999999</ele>
        <time>2021-09-25T09:45:08Z</time>
      </trkpt>
      <trkpt lat="-25.946432976052165" lon="31.111209997907281">
        <ele>1335.8900000000001</ele>
        <time>2021-09-25T09:45:09Z</time>
      </trkpt>
      <trkpt lat="-25.94652802683413" lon="31.11127101816237">
        <ele>1335.8900000000001</ele>
        <time>2021-09-25T09:45:10Z</time>
      </trkpt>
      <trkpt lat="-25.946640009060502" lon="31.111320974305272">
        <ele>1336.3699999999999</ele>
        <time>2021-09-25T09:45:11Z</time>
      </trkpt>
      <trkpt lat="-25.946757020428777" lon="31.111375959590077">
        <ele>1336.8499999999999</ele>
        <time>2021-09-25T09:45:12Z</time>
      </trkpt>
      <trkpt lat="-25.946869002655149" lon="31.111446032300591">
        <ele>1336.3699999999999</ele>
        <time>2021-09-25T09:45:13Z</time>
      </trkpt>
      <trkpt lat="-25.947249960154295" lon="31.111777033656836">
        <ele>1332.52</ele>
        <time>2021-09-25T09:45:17Z</time>
      </trkpt>
      <trkpt lat="-25.947303017601371" lon="31.111883986741304">
        <ele>1332.04</ele>
        <time>2021-09-25T09:45:18Z</time>
      </trkpt>
      <trkpt lat="-25.9473239723593" lon="31.111998986452818">
        <ele>1331.0799999999999</ele>
        <time>2021-09-25T09:45:19Z</time>
      </trkpt>
      <trkpt lat="-25.947319027036428" lon="31.112112980335951">
        <ele>1329.1600000000001</ele>
        <time>2021-09-25T09:45:20Z</time>
      </trkpt>
      <trkpt lat="-25.947290025651455" lon="31.112219011411071">
        <ele>1327.72</ele>
        <time>2021-09-25T09:45:21Z</time>
      </trkpt>
      <trkpt lat="-25.947235962375998" lon="31.112315990030766">
        <ele>1325.8</ele>
        <time>2021-09-25T09:45:22Z</time>
      </trkpt>
      <trkpt lat="-25.947154993191361" lon="31.112400982528925">
        <ele>1324.3499999999999</ele>
        <time>2021-09-25T09:45:23Z</time>
      </trkpt>
      <trkpt lat="-25.947050973773003" lon="31.112464014440775">
        <ele>1323.3900000000001</ele>
        <time>2021-09-25T09:45:24Z</time>
      </trkpt>
      <trkpt lat="-25.946923987939954" lon="31.112503996118903">
        <ele>1322.4300000000001</ele>
        <time>2021-09-25T09:45:25Z</time>
      </trkpt>
      <trkpt lat="-25.946775041520596" lon="31.112528974190354">
        <ele>1321.95</ele>
        <time>2021-09-25T09:45:26Z</time>
      </trkpt>
      <trkpt lat="-25.946612013503909" lon="31.112556969746947">
        <ele>1320.51</ele>
        <time>2021-09-25T09:45:27Z</time>
      </trkpt>
      <trkpt lat="-25.94644102267921" lon="31.112612038850784">
        <ele>1320.51</ele>
        <time>2021-09-25T09:45:28Z</time>
      </trkpt>
      <trkpt lat="-25.946259973570704" lon="31.112700970843434">
        <ele>1320.51</ele>
        <time>2021-09-25T09:45:29Z</time>
      </trkpt>
      <trkpt lat="-25.946072973310947" lon="31.112809013575315">
        <ele>1320.03</ele>
        <time>2021-09-25T09:45:30Z</time>
      </trkpt>
      <trkpt lat="-25.945572992786765" lon="31.113132974132895">
        <ele>1315.22</ele>
        <time>2021-09-25T09:45:33Z</time>
      </trkpt>
      <trkpt lat="-25.945431003347039" lon="31.113244034349918">
        <ele>1313.3</ele>
        <time>2021-09-25T09:45:34Z</time>
      </trkpt>
      <trkpt lat="-25.945305023342371" lon="31.113360961899161">
        <ele>1312.3399999999999</ele>
        <time>2021-09-25T09:45:35Z</time>
      </trkpt>
      <trkpt lat="-25.945203015580773" lon="31.113475039601326">
        <ele>1310.9000000000001</ele>
        <time>2021-09-25T09:45:36Z</time>
      </trkpt>
      <trkpt lat="-25.945125985890627" lon="31.113585010170937">
        <ele>1310.9000000000001</ele>
        <time>2021-09-25T09:45:37Z</time>
      </trkpt>
      <trkpt lat="-25.945060020312667" lon="31.113691963255405">
        <ele>1310.9000000000001</ele>
        <time>2021-09-25T09:45:38Z</time>
      </trkpt>
      <trkpt lat="-25.944761959835887" lon="31.114276014268398">
        <ele>1313.78</ele>
        <time>2021-09-25T09:45:43Z</time>
      </trkpt>
      <trkpt lat="-25.944520980119705" lon="31.115031978115439">
        <ele>1313.78</ele>
        <time>2021-09-25T09:45:49Z</time>
      </trkpt>
      <trkpt lat="-25.944464989006519" lon="31.115127028897405">
        <ele>1313.78</ele>
        <time>2021-09-25T09:45:50Z</time>
      </trkpt>
      <trkpt lat="-25.944389970973134" lon="31.115219984203577">
        <ele>1313.78</ele>
        <time>2021-09-25T09:45:51Z</time>
      </trkpt>
      <trkpt lat="-25.944292992353439" lon="31.115314029157162">
        <ele>1314.26</ele>
        <time>2021-09-25T09:45:52Z</time>
      </trkpt>
      <trkpt lat="-25.94418603926897" lon="31.115410001948476">
        <ele>1313.3</ele>
        <time>2021-09-25T09:45:53Z</time>
      </trkpt>
      <trkpt lat="-25.943976994603872" lon="31.115595996379852">
        <ele>1312.3399999999999</ele>
        <time>2021-09-25T09:45:55Z</time>
      </trkpt>
      <trkpt lat="-25.943798962980509" lon="31.115792971104383">
        <ele>1312.8199999999999</ele>
        <time>2021-09-25T09:45:57Z</time>
      </trkpt>
      <trkpt lat="-25.943655967712402" lon="31.116014001891017">
        <ele>1314.74</ele>
        <time>2021-09-25T09:45:59Z</time>
      </trkpt>
      <trkpt lat="-25.943603999912739" lon="31.116138976067305">
        <ele>1316.6600000000001</ele>
        <time>2021-09-25T09:46:00Z</time>
      </trkpt>
      <trkpt lat="-25.943487994372845" lon="31.11653602682054">
        <ele>1320.99</ele>
        <time>2021-09-25T09:46:03Z</time>
      </trkpt>
      <trkpt lat="-25.943360002711415" lon="31.11707397736609">
        <ele>1322.9100000000001</ele>
        <time>2021-09-25T09:46:08Z</time>
      </trkpt>
      <trkpt lat="-25.943295964971185" lon="31.117355022579432">
        <ele>1324.3499999999999</ele>
        <time>2021-09-25T09:46:11Z</time>
      </trkpt>
      <trkpt lat="-25.943250032141805" lon="31.117680994793773">
        <ele>1322.4300000000001</ele>
        <time>2021-09-25T09:46:17Z</time>
      </trkpt>
      <trkpt lat="-25.943251959979534" lon="31.117698010057211">
        <ele>1321.95</ele>
        <time>2021-09-25T09:46:18Z</time>
      </trkpt>
      <trkpt lat="-25.943251037970185" lon="31.117720976471901">
        <ele>1322.4300000000001</ele>
        <time>2021-09-25T09:46:19Z</time>
      </trkpt>
    </trkseg>
  </trk>

</gpx>