<?xml version="1.0" encoding="utf-8"?><gpx creator="Garmin Desktop App" version="1.1" xsi:schemaLocation="http://www.topografix.com/GPX/1/1 http://www.topografix.com/GPX/1/1/gpx.xsd http://www.garmin.com/xmlschemas/WaypointExtension/v1 http://www8.garmin.com/xmlschemas/WaypointExtensionv1.xsd http://www.garmin.com/xmlschemas/TrackPointExtension/v1 http://www.garmin.com/xmlschemas/TrackPointExtensionv1.xsd http://www.garmin.com/xmlschemas/GpxExtensions/v3 http://www8.garmin.com/xmlschemas/GpxExtensionsv3.xsd http://www.garmin.com/xmlschemas/ActivityExtension/v1 http://www8.garmin.com/xmlschemas/ActivityExtensionv1.xsd http://www.garmin.com/xmlschemas/AdventuresExtensions/v1 http://www8.garmin.com/xmlschemas/AdventuresExtensionv1.xsd http://www.garmin.com/xmlschemas/PressureExtension/v1 http://www.garmin.com/xmlschemas/PressureExtensionv1.xsd http://www.garmin.com/xmlschemas/TripExtensions/v1 http://www.garmin.com/xmlschemas/TripExtensionsv1.xsd http://www.garmin.com/xmlschemas/TripMetaDataExtensions/v1 http://www.garmin.com/xmlschemas/TripMetaDataExtensionsv1.xsd http://www.garmin.com/xmlschemas/ViaPointTransportationModeExtensions/v1 http://www.garmin.com/xmlschemas/ViaPointTransportationModeExtensionsv1.xsd http://www.garmin.com/xmlschemas/CreationTimeExtension/v1 http://www.garmin.com/xmlschemas/CreationTimeExtensionsv1.xsd http://www.garmin.com/xmlschemas/AccelerationExtension/v1 http://www.garmin.com/xmlschemas/AccelerationExtensionv1.xsd http://www.garmin.com/xmlschemas/PowerExtension/v1 http://www.garmin.com/xmlschemas/PowerExtensionv1.xsd http://www.garmin.com/xmlschemas/VideoExtension/v1 http://www.garmin.com/xmlschemas/VideoExtensionv1.xsd" xmlns="http://www.topografix.com/GPX/1/1" xmlns:xsi="http://www.w3.org/2001/XMLSchema-instance" xmlns:wptx1="http://www.garmin.com/xmlschemas/WaypointExtension/v1" xmlns:gpxtrx="http://www.garmin.com/xmlschemas/GpxExtensions/v3" xmlns:gpxtpx="http://www.garmin.com/xmlschemas/TrackPointExtension/v1" xmlns:gpxx="http://www.garmin.com/xmlschemas/GpxExtensions/v3" xmlns:trp="http://www.garmin.com/xmlschemas/TripExtensions/v1" xmlns:adv="http://www.garmin.com/xmlschemas/AdventuresExtensions/v1" xmlns:prs="http://www.garmin.com/xmlschemas/PressureExtension/v1" xmlns:tmd="http://www.garmin.com/xmlschemas/TripMetaDataExtensions/v1" xmlns:vptm="http://www.garmin.com/xmlschemas/ViaPointTransportationModeExtensions/v1" xmlns:ctx="http://www.garmin.com/xmlschemas/CreationTimeExtension/v1" xmlns:gpxacc="http://www.garmin.com/xmlschemas/AccelerationExtension/v1" xmlns:gpxpx="http://www.garmin.com/xmlschemas/PowerExtension/v1" xmlns:vidx1="http://www.garmin.com/xmlschemas/VideoExtension/v1">

  <metadata>
    <link href="http://www.garmin.com">
      <text>Garmin International</text>
    </link>
    <time>2022-07-02T19:26:18Z</time>
    <bounds maxlat="-33.282448388636112" maxlon="22.113608429208398" minlat="-33.382261684164405" minlon="22.034981232136488" />
  </metadata>

  <trk>
    <name>[252] Swartberg Pass - Fine</name>
    <extensions>
      <gpxx:TrackExtension>
        <gpxx:DisplayColor>Red</gpxx:DisplayColor>
      </gpxx:TrackExtension>
    </extensions>
    <trkseg>
      <trkpt lat="-33.382261684164405" lon="22.113337945193052">
        <ele>888.88</ele>
        <time>2022-01-27T06:19:42Z</time>
      </trkpt>
      <trkpt lat="-33.380833743140101" lon="22.113608429208398">
        <ele>885.50999999999999</ele>
        <time>2022-01-27T06:19:51Z</time>
      </trkpt>
      <trkpt lat="-33.379438240081072" lon="22.113419501110911">
        <ele>888.39999999999998</ele>
        <time>2022-01-27T06:20:01Z</time>
      </trkpt>
      <trkpt lat="-33.377631437033415" lon="22.113148095086217">
        <ele>898.97000000000003</ele>
        <time>2022-01-27T06:20:17Z</time>
      </trkpt>
      <trkpt lat="-33.377071777358651" lon="22.113066287711263">
        <ele>903.77999999999997</ele>
        <time>2022-01-27T06:20:24Z</time>
      </trkpt>
      <trkpt lat="-33.376379432156682" lon="22.112940894439816">
        <ele>908.58000000000004</ele>
        <time>2022-01-27T06:20:37Z</time>
      </trkpt>
      <trkpt lat="-33.375742072239518" lon="22.11283796466887">
        <ele>912.90999999999997</ele>
        <time>2022-01-27T06:20:50Z</time>
      </trkpt>
      <trkpt lat="-33.375039752572775" lon="22.112733693793416">
        <ele>916.26999999999998</ele>
        <time>2022-01-27T06:21:03Z</time>
      </trkpt>
      <trkpt lat="-33.374040797352791" lon="22.112588351592422">
        <ele>919.15999999999997</ele>
        <time>2022-01-27T06:21:20Z</time>
      </trkpt>
      <trkpt lat="-33.372955089434981" lon="22.112294901162386">
        <ele>919.63999999999999</ele>
        <time>2022-01-27T06:21:31Z</time>
      </trkpt>
      <trkpt lat="-33.37202126160264" lon="22.111610434949398">
        <ele>920.12</ele>
        <time>2022-01-27T06:21:39Z</time>
      </trkpt>
      <trkpt lat="-33.371302764862776" lon="22.110690101981163">
        <ele>923</ele>
        <time>2022-01-27T06:21:48Z</time>
      </trkpt>
      <trkpt lat="-33.370359297841787" lon="22.10952652618289">
        <ele>926.85000000000002</ele>
        <time>2022-01-27T06:22:01Z</time>
      </trkpt>
      <trkpt lat="-33.370310347527266" lon="22.109479168429971">
        <ele>927.80999999999995</ele>
        <time>2022-01-27T06:22:07Z</time>
      </trkpt>
      <trkpt lat="-33.370133908465505" lon="22.10932519286871">
        <ele>927.33000000000004</ele>
        <time>2022-01-27T06:22:15Z</time>
      </trkpt>
      <trkpt lat="-33.369533680379391" lon="22.108753714710474">
        <ele>926.37</ele>
        <time>2022-01-27T06:22:21Z</time>
      </trkpt>
      <trkpt lat="-33.368683839216828" lon="22.107908986508846">
        <ele>923.48000000000002</ele>
        <time>2022-01-27T06:22:29Z</time>
      </trkpt>
      <trkpt lat="-33.368581747636199" lon="22.107843272387981">
        <ele>923</ele>
        <time>2022-01-27T06:22:30Z</time>
      </trkpt>
      <trkpt lat="-33.368472531437874" lon="22.107784599065781">
        <ele>923</ele>
        <time>2022-01-27T06:22:31Z</time>
      </trkpt>
      <trkpt lat="-33.36794363334775" lon="22.107538003474474">
        <ele>922.03999999999996</ele>
        <time>2022-01-27T06:22:36Z</time>
      </trkpt>
      <trkpt lat="-33.367859730497003" lon="22.107478156685829">
        <ele>921.55999999999995</ele>
        <time>2022-01-27T06:22:37Z</time>
      </trkpt>
      <trkpt lat="-33.367157829925418" lon="22.10677457973361">
        <ele>919.63999999999999</ele>
        <time>2022-01-27T06:22:47Z</time>
      </trkpt>
      <trkpt lat="-33.367128912359476" lon="22.106717918068171">
        <ele>919.63999999999999</ele>
        <time>2022-01-27T06:22:48Z</time>
      </trkpt>
      <trkpt lat="-33.367115166038275" lon="22.106654634699225">
        <ele>919.63999999999999</ele>
        <time>2022-01-27T06:22:49Z</time>
      </trkpt>
      <trkpt lat="-33.36711885407567" lon="22.106587663292885">
        <ele>919.63999999999999</ele>
        <time>2022-01-27T06:22:50Z</time>
      </trkpt>
      <trkpt lat="-33.367143161594868" lon="22.106523206457496">
        <ele>919.15999999999997</ele>
        <time>2022-01-27T06:22:51Z</time>
      </trkpt>
      <trkpt lat="-33.367184903472662" lon="22.106466628611088">
        <ele>919.15999999999997</ele>
        <time>2022-01-27T06:22:52Z</time>
      </trkpt>
      <trkpt lat="-33.367239302024245" lon="22.106424300000072">
        <ele>918.67999999999995</ele>
        <time>2022-01-27T06:22:53Z</time>
      </trkpt>
      <trkpt lat="-33.367304177954793" lon="22.106401082128286">
        <ele>918.67999999999995</ele>
        <time>2022-01-27T06:22:54Z</time>
      </trkpt>
      <trkpt lat="-33.36737684905529" lon="22.106398902833462">
        <ele>919.15999999999997</ele>
        <time>2022-01-27T06:22:55Z</time>
      </trkpt>
      <trkpt lat="-33.367456141859293" lon="22.106411224231124">
        <ele>919.15999999999997</ele>
        <time>2022-01-27T06:22:56Z</time>
      </trkpt>
      <trkpt lat="-33.367538535967469" lon="22.10642471909523">
        <ele>919.63999999999999</ele>
        <time>2022-01-27T06:22:57Z</time>
      </trkpt>
      <trkpt lat="-33.367623863741755" lon="22.106428407132626">
        <ele>919.63999999999999</ele>
        <time>2022-01-27T06:22:58Z</time>
      </trkpt>
      <trkpt lat="-33.367711957544088" lon="22.106417929753661">
        <ele>920.12</ele>
        <time>2022-01-27T06:22:59Z</time>
      </trkpt>
      <trkpt lat="-33.367798877879977" lon="22.106395047158003">
        <ele>920.12</ele>
        <time>2022-01-27T06:23:00Z</time>
      </trkpt>
      <trkpt lat="-33.36789040826261" lon="22.106358837336302">
        <ele>920.60000000000002</ele>
        <time>2022-01-27T06:23:01Z</time>
      </trkpt>
      <trkpt lat="-33.367975065484643" lon="22.10631818510592">
        <ele>921.55999999999995</ele>
        <time>2022-01-27T06:23:02Z</time>
      </trkpt>
      <trkpt lat="-33.368730023503304" lon="22.105723824352026">
        <ele>926.85000000000002</ele>
        <time>2022-01-27T06:23:11Z</time>
      </trkpt>
      <trkpt lat="-33.369158757850528" lon="22.105185454711318">
        <ele>930.69000000000005</ele>
        <time>2022-01-27T06:23:17Z</time>
      </trkpt>
      <trkpt lat="-33.369203601032495" lon="22.105085542425513">
        <ele>931.16999999999996</ele>
        <time>2022-01-27T06:23:18Z</time>
      </trkpt>
      <trkpt lat="-33.369240565225482" lon="22.104982109740376">
        <ele>931.64999999999998</ele>
        <time>2022-01-27T06:23:19Z</time>
      </trkpt>
      <trkpt lat="-33.369269063696265" lon="22.104876078665257">
        <ele>932.62</ele>
        <time>2022-01-27T06:23:20Z</time>
      </trkpt>
      <trkpt lat="-33.369288593530655" lon="22.104768622666597">
        <ele>933.10000000000002</ele>
        <time>2022-01-27T06:23:21Z</time>
      </trkpt>
      <trkpt lat="-33.369301334023476" lon="22.104658652096987">
        <ele>933.58000000000004</ele>
        <time>2022-01-27T06:23:22Z</time>
      </trkpt>
      <trkpt lat="-33.369309129193425" lon="22.104545999318361">
        <ele>934.05999999999995</ele>
        <time>2022-01-27T06:23:23Z</time>
      </trkpt>
      <trkpt lat="-33.369311140850186" lon="22.104429826140404">
        <ele>935.01999999999998</ele>
        <time>2022-01-27T06:23:24Z</time>
      </trkpt>
      <trkpt lat="-33.369306866079569" lon="22.104314574971795">
        <ele>935.5</ele>
        <time>2022-01-27T06:23:25Z</time>
      </trkpt>
      <trkpt lat="-33.36929471231997" lon="22.104200329631567">
        <ele>935.98000000000002</ele>
        <time>2022-01-27T06:23:26Z</time>
      </trkpt>
      <trkpt lat="-33.369275433942676" lon="22.104085581377149">
        <ele>936.94000000000005</ele>
        <time>2022-01-27T06:23:27Z</time>
      </trkpt>
      <trkpt lat="-33.369249450042844" lon="22.103970497846603">
        <ele>937.41999999999996</ele>
        <time>2022-01-27T06:23:28Z</time>
      </trkpt>
      <trkpt lat="-33.369216760620475" lon="22.103854073211551">
        <ele>937.89999999999998</ele>
        <time>2022-01-27T06:23:29Z</time>
      </trkpt>
      <trkpt lat="-33.369177617132664" lon="22.103738402947783">
        <ele>938.38</ele>
        <time>2022-01-27T06:23:30Z</time>
      </trkpt>
      <trkpt lat="-33.368576383218169" lon="22.102689072489738">
        <ele>944.14999999999998</ele>
        <time>2022-01-27T06:23:41Z</time>
      </trkpt>
      <trkpt lat="-33.367534931749105" lon="22.101598167791963">
        <ele>950.39999999999998</ele>
        <time>2022-01-27T06:23:58Z</time>
      </trkpt>
      <trkpt lat="-33.366296254098415" lon="22.100519584491849">
        <ele>958.57000000000005</ele>
        <time>2022-01-27T06:24:15Z</time>
      </trkpt>
      <trkpt lat="-33.365465858951211" lon="22.099484419450164">
        <ele>965.29999999999995</ele>
        <time>2022-01-27T06:24:28Z</time>
      </trkpt>
      <trkpt lat="-33.365385308861732" lon="22.099387943744659">
        <ele>965.77999999999997</ele>
        <time>2022-01-27T06:24:30Z</time>
      </trkpt>
      <trkpt lat="-33.365356391295791" lon="22.099333545193076">
        <ele>966.25999999999999</ele>
        <time>2022-01-27T06:24:31Z</time>
      </trkpt>
      <trkpt lat="-33.365340298041701" lon="22.099272022023797">
        <ele>966.25999999999999</ele>
        <time>2022-01-27T06:24:32Z</time>
      </trkpt>
      <trkpt lat="-33.365339124575257" lon="22.099204044789076">
        <ele>966.25999999999999</ele>
        <time>2022-01-27T06:24:33Z</time>
      </trkpt>
      <trkpt lat="-33.365355469286442" lon="22.099136486649513">
        <ele>966.74000000000001</ele>
        <time>2022-01-27T06:24:34Z</time>
      </trkpt>
      <trkpt lat="-33.36538958363235" lon="22.099073035642505">
        <ele>966.74000000000001</ele>
        <time>2022-01-27T06:24:35Z</time>
      </trkpt>
      <trkpt lat="-33.365434091538191" lon="22.09901955910027">
        <ele>966.74000000000001</ele>
        <time>2022-01-27T06:24:36Z</time>
      </trkpt>
      <trkpt lat="-33.365488993003964" lon="22.098976727575064">
        <ele>966.74000000000001</ele>
        <time>2022-01-27T06:24:37Z</time>
      </trkpt>
      <trkpt lat="-33.365553617477417" lon="22.098945127800107">
        <ele>966.74000000000001</ele>
        <time>2022-01-27T06:24:38Z</time>
      </trkpt>
      <trkpt lat="-33.365625450387597" lon="22.098923334851861">
        <ele>967.22000000000003</ele>
        <time>2022-01-27T06:24:39Z</time>
      </trkpt>
      <trkpt lat="-33.365702480077744" lon="22.098907995969057">
        <ele>967.22000000000003</ele>
        <time>2022-01-27T06:24:40Z</time>
      </trkpt>
      <trkpt lat="-33.365788729861379" lon="22.098896177485585">
        <ele>967.70000000000005</ele>
        <time>2022-01-27T06:24:41Z</time>
      </trkpt>
      <trkpt lat="-33.366691209375858" lon="22.09876642562449">
        <ele>972.50999999999999</ele>
        <time>2022-01-27T06:24:51Z</time>
      </trkpt>
      <trkpt lat="-33.366765975952148" lon="22.098725438117981">
        <ele>973.47000000000003</ele>
        <time>2022-01-27T06:24:52Z</time>
      </trkpt>
      <trkpt lat="-33.36683738976717" lon="22.098676571622491">
        <ele>973.95000000000005</ele>
        <time>2022-01-27T06:24:53Z</time>
      </trkpt>
      <trkpt lat="-33.366906456649303" lon="22.098621837794781">
        <ele>974.90999999999997</ele>
        <time>2022-01-27T06:24:54Z</time>
      </trkpt>
      <trkpt lat="-33.366966638714075" lon="22.098560063168406">
        <ele>975.88</ele>
        <time>2022-01-27T06:24:55Z</time>
      </trkpt>
      <trkpt lat="-33.36701475083828" lon="22.098489487543702">
        <ele>976.36000000000001</ele>
        <time>2022-01-27T06:24:56Z</time>
      </trkpt>
      <trkpt lat="-33.367049871012568" lon="22.098415726795793">
        <ele>977.32000000000005</ele>
        <time>2022-01-27T06:24:57Z</time>
      </trkpt>
      <trkpt lat="-33.367075184360147" lon="22.098334422335029">
        <ele>977.79999999999995</ele>
        <time>2022-01-27T06:24:58Z</time>
      </trkpt>
      <trkpt lat="-33.367092870175838" lon="22.098245490342379">
        <ele>978.75999999999999</ele>
        <time>2022-01-27T06:24:59Z</time>
      </trkpt>
      <trkpt lat="-33.367104437202215" lon="22.098156725987792">
        <ele>979.24000000000001</ele>
        <time>2022-01-27T06:25:00Z</time>
      </trkpt>
      <trkpt lat="-33.367242068052292" lon="22.096735406666994">
        <ele>988.85000000000002</ele>
        <time>2022-01-27T06:25:13Z</time>
      </trkpt>
      <trkpt lat="-33.367238715291023" lon="22.095795795321465">
        <ele>996.05999999999995</ele>
        <time>2022-01-27T06:25:22Z</time>
      </trkpt>
      <trkpt lat="-33.367213318124413" lon="22.095698984339833">
        <ele>996.53999999999996</ele>
        <time>2022-01-27T06:25:23Z</time>
      </trkpt>
      <trkpt lat="-33.36695708334446" lon="22.095082998275757">
        <ele>1002.79</ele>
        <time>2022-01-27T06:25:32Z</time>
      </trkpt>
      <trkpt lat="-33.366926908493042" lon="22.09504553116858">
        <ele>1003.27</ele>
        <time>2022-01-27T06:25:33Z</time>
      </trkpt>
      <trkpt lat="-33.366892877966166" lon="22.095020804554224">
        <ele>1004.23</ele>
        <time>2022-01-27T06:25:34Z</time>
      </trkpt>
      <trkpt lat="-33.366854153573513" lon="22.095007309690118">
        <ele>1004.72</ele>
        <time>2022-01-27T06:25:35Z</time>
      </trkpt>
      <trkpt lat="-33.366815010085702" lon="22.095008734613657">
        <ele>1005.2</ele>
        <time>2022-01-27T06:25:36Z</time>
      </trkpt>
      <trkpt lat="-33.366775363683701" lon="22.095028767362237">
        <ele>1005.6799999999999</ele>
        <time>2022-01-27T06:25:37Z</time>
      </trkpt>
      <trkpt lat="-33.366740327328444" lon="22.095066821202636">
        <ele>1006.16</ele>
        <time>2022-01-27T06:25:38Z</time>
      </trkpt>
      <trkpt lat="-33.36671375669539" lon="22.095115855336189">
        <ele>1007.12</ele>
        <time>2022-01-27T06:25:39Z</time>
      </trkpt>
      <trkpt lat="-33.366698082536459" lon="22.095173271372914">
        <ele>1007.6</ele>
        <time>2022-01-27T06:25:40Z</time>
      </trkpt>
      <trkpt lat="-33.366690371185541" lon="22.095237476751208">
        <ele>1008.08</ele>
        <time>2022-01-27T06:25:41Z</time>
      </trkpt>
      <trkpt lat="-33.366687521338463" lon="22.095307130366564">
        <ele>1008.5599999999999</ele>
        <time>2022-01-27T06:25:42Z</time>
      </trkpt>
      <trkpt lat="-33.366590207442641" lon="22.096012299880385">
        <ele>1012.89</ele>
        <time>2022-01-27T06:25:51Z</time>
      </trkpt>
      <trkpt lat="-33.366561541333795" lon="22.096083797514439">
        <ele>1013.37</ele>
        <time>2022-01-27T06:25:52Z</time>
      </trkpt>
      <trkpt lat="-33.366527846083045" lon="22.096153534948826">
        <ele>1014.33</ele>
        <time>2022-01-27T06:25:53Z</time>
      </trkpt>
      <trkpt lat="-33.366489708423615" lon="22.09622167982161">
        <ele>1014.8099999999999</ele>
        <time>2022-01-27T06:25:54Z</time>
      </trkpt>
      <trkpt lat="-33.366447882726789" lon="22.096286891028285">
        <ele>1015.29</ele>
        <time>2022-01-27T06:25:55Z</time>
      </trkpt>
      <trkpt lat="-33.366402788087726" lon="22.096348498016596">
        <ele>1016.25</ele>
        <time>2022-01-27T06:25:56Z</time>
      </trkpt>
      <trkpt lat="-33.36635316722095" lon="22.096401806920767">
        <ele>1016.73</ele>
        <time>2022-01-27T06:25:57Z</time>
      </trkpt>
      <trkpt lat="-33.366299523040652" lon="22.096447823569179">
        <ele>1017.6900000000001</ele>
        <time>2022-01-27T06:25:58Z</time>
      </trkpt>
      <trkpt lat="-33.366242023184896" lon="22.096488643437624">
        <ele>1018.65</ele>
        <time>2022-01-27T06:25:59Z</time>
      </trkpt>
      <trkpt lat="-33.36618066765368" lon="22.096523679792881">
        <ele>1019.13</ele>
        <time>2022-01-27T06:26:00Z</time>
      </trkpt>
      <trkpt lat="-33.366116126999259" lon="22.096547903493047">
        <ele>1020.1</ele>
        <time>2022-01-27T06:26:01Z</time>
      </trkpt>
      <trkpt lat="-33.366051502525806" lon="22.096559470519423">
        <ele>1020.58</ele>
        <time>2022-01-27T06:26:02Z</time>
      </trkpt>
      <trkpt lat="-33.365993164479733" lon="22.096558548510075">
        <ele>1021.54</ele>
        <time>2022-01-27T06:26:03Z</time>
      </trkpt>
      <trkpt lat="-33.365945219993591" lon="22.096546897664666">
        <ele>1022.02</ele>
        <time>2022-01-27T06:26:04Z</time>
      </trkpt>
      <trkpt lat="-33.365908674895763" lon="22.096522254869342">
        <ele>1022.98</ele>
        <time>2022-01-27T06:26:05Z</time>
      </trkpt>
      <trkpt lat="-33.365882774814963" lon="22.09648403339088">
        <ele>1023.46</ele>
        <time>2022-01-27T06:26:06Z</time>
      </trkpt>
      <trkpt lat="-33.365867100656033" lon="22.096433490514755">
        <ele>1024.4200000000001</ele>
        <time>2022-01-27T06:26:07Z</time>
      </trkpt>
      <trkpt lat="-33.365860898047686" lon="22.09637800231576">
        <ele>1024.9000000000001</ele>
        <time>2022-01-27T06:26:08Z</time>
      </trkpt>
      <trkpt lat="-33.365865172818303" lon="22.096320251002908">
        <ele>1025.3800000000001</ele>
        <time>2022-01-27T06:26:09Z</time>
      </trkpt>
      <trkpt lat="-33.365877661854029" lon="22.096261912956834">
        <ele>1025.8599999999999</ele>
        <time>2022-01-27T06:26:10Z</time>
      </trkpt>
      <trkpt lat="-33.365893922746181" lon="22.096202569082379">
        <ele>1026.8299999999999</ele>
        <time>2022-01-27T06:26:11Z</time>
      </trkpt>
      <trkpt lat="-33.365999199450016" lon="22.095308974385262">
        <ele>1034.52</ele>
        <time>2022-01-27T06:26:23Z</time>
      </trkpt>
      <trkpt lat="-33.365922840312123" lon="22.094002403318882">
        <ele>1045.0899999999999</ele>
        <time>2022-01-27T06:26:37Z</time>
      </trkpt>
      <trkpt lat="-33.365918146446347" lon="22.093867119401693">
        <ele>1047.01</ele>
        <time>2022-01-27T06:26:39Z</time>
      </trkpt>
      <trkpt lat="-33.365905322134495" lon="22.093807440251112">
        <ele>1047.49</ele>
        <time>2022-01-27T06:26:40Z</time>
      </trkpt>
      <trkpt lat="-33.365882690995932" lon="22.093750359490514">
        <ele>1047.97</ele>
        <time>2022-01-27T06:26:41Z</time>
      </trkpt>
      <trkpt lat="-33.365847235545516" lon="22.093700906261802">
        <ele>1048.45</ele>
        <time>2022-01-27T06:26:42Z</time>
      </trkpt>
      <trkpt lat="-33.365801051259041" lon="22.093655141070485">
        <ele>1048.9400000000001</ele>
        <time>2022-01-27T06:26:43Z</time>
      </trkpt>
      <trkpt lat="-33.365747071802616" lon="22.093612141907215">
        <ele>1049.4200000000001</ele>
        <time>2022-01-27T06:26:44Z</time>
      </trkpt>
      <trkpt lat="-33.365688901394606" lon="22.093574088066816">
        <ele>1049.9000000000001</ele>
        <time>2022-01-27T06:26:45Z</time>
      </trkpt>
      <trkpt lat="-33.365626037120819" lon="22.093541985377669">
        <ele>1050.3800000000001</ele>
        <time>2022-01-27T06:26:46Z</time>
      </trkpt>
      <trkpt lat="-33.365559317171574" lon="22.093508541584015">
        <ele>1051.3399999999999</ele>
        <time>2022-01-27T06:26:47Z</time>
      </trkpt>
      <trkpt lat="-33.365497207269073" lon="22.093468140810728">
        <ele>1051.8199999999999</ele>
        <time>2022-01-27T06:26:48Z</time>
      </trkpt>
      <trkpt lat="-33.365441216155887" lon="22.093418939039111">
        <ele>1052.78</ele>
        <time>2022-01-27T06:26:49Z</time>
      </trkpt>
      <trkpt lat="-33.365391008555889" lon="22.093360600993037">
        <ele>1053.74</ele>
        <time>2022-01-27T06:26:50Z</time>
      </trkpt>
      <trkpt lat="-33.365345746278763" lon="22.093295305967331">
        <ele>1054.22</ele>
        <time>2022-01-27T06:26:51Z</time>
      </trkpt>
      <trkpt lat="-33.365302579477429" lon="22.093228083103895">
        <ele>1055.1800000000001</ele>
        <time>2022-01-27T06:26:52Z</time>
      </trkpt>
      <trkpt lat="-33.36525714956224" lon="22.093165135011077">
        <ele>1055.6700000000001</ele>
        <time>2022-01-27T06:26:53Z</time>
      </trkpt>
      <trkpt lat="-33.365207277238369" lon="22.093110736459494">
        <ele>1056.6300000000001</ele>
        <time>2022-01-27T06:26:54Z</time>
      </trkpt>
      <trkpt lat="-33.36515405215323" lon="22.093066899105906">
        <ele>1057.1099999999999</ele>
        <time>2022-01-27T06:26:55Z</time>
      </trkpt>
      <trkpt lat="-33.365095295011997" lon="22.093036556616426">
        <ele>1058.0699999999999</ele>
        <time>2022-01-27T06:26:56Z</time>
      </trkpt>
      <trkpt lat="-33.365033604204655" lon="22.09302113391459">
        <ele>1058.55</ele>
        <time>2022-01-27T06:26:57Z</time>
      </trkpt>
      <trkpt lat="-33.364968225359917" lon="22.093016523867846">
        <ele>1059.51</ele>
        <time>2022-01-27T06:26:58Z</time>
      </trkpt>
      <trkpt lat="-33.364900583401322" lon="22.093012668192387">
        <ele>1059.99</ele>
        <time>2022-01-27T06:26:59Z</time>
      </trkpt>
      <trkpt lat="-33.364831181243062" lon="22.093000262975693">
        <ele>1060.95</ele>
        <time>2022-01-27T06:27:00Z</time>
      </trkpt>
      <trkpt lat="-33.364761946722865" lon="22.092978972941637">
        <ele>1061.4300000000001</ele>
        <time>2022-01-27T06:27:01Z</time>
      </trkpt>
      <trkpt lat="-33.364695142954588" lon="22.092948714271188">
        <ele>1062.3900000000001</ele>
        <time>2022-01-27T06:27:02Z</time>
      </trkpt>
      <trkpt lat="-33.364630350843072" lon="22.092910492792726">
        <ele>1062.8699999999999</ele>
        <time>2022-01-27T06:27:03Z</time>
      </trkpt>
      <trkpt lat="-33.364568240940571" lon="22.092865649610758">
        <ele>1063.8399999999999</ele>
        <time>2022-01-27T06:27:04Z</time>
      </trkpt>
      <trkpt lat="-33.364512417465448" lon="22.09281250834465">
        <ele>1064.3199999999999</ele>
        <time>2022-01-27T06:27:05Z</time>
      </trkpt>
      <trkpt lat="-33.364467322826385" lon="22.092748722061515">
        <ele>1064.8</ele>
        <time>2022-01-27T06:27:06Z</time>
      </trkpt>
      <trkpt lat="-33.364433376118541" lon="22.092676721513271">
        <ele>1065.28</ele>
        <time>2022-01-27T06:27:07Z</time>
      </trkpt>
      <trkpt lat="-33.364406386390328" lon="22.092598015442491">
        <ele>1066.24</ele>
        <time>2022-01-27T06:27:08Z</time>
      </trkpt>
      <trkpt lat="-33.364383922889829" lon="22.092513525858521">
        <ele>1066.72</ele>
        <time>2022-01-27T06:27:09Z</time>
      </trkpt>
      <trkpt lat="-33.36436397396028" lon="22.092423588037491">
        <ele>1067.2</ele>
        <time>2022-01-27T06:27:10Z</time>
      </trkpt>
      <trkpt lat="-33.364327345043421" lon="22.091265041381121">
        <ele>1075.3699999999999</ele>
        <time>2022-01-27T06:27:22Z</time>
      </trkpt>
      <trkpt lat="-33.364325584843755" lon="22.091184742748737">
        <ele>1075.8499999999999</ele>
        <time>2022-01-27T06:27:23Z</time>
      </trkpt>
      <trkpt lat="-33.364311084151268" lon="22.09110913798213">
        <ele>1076.3299999999999</ele>
        <time>2022-01-27T06:27:24Z</time>
      </trkpt>
      <trkpt lat="-33.364283759146929" lon="22.091033449396491">
        <ele>1076.3299999999999</ele>
        <time>2022-01-27T06:27:25Z</time>
      </trkpt>
      <trkpt lat="-33.364246711134911" lon="22.09096354432404">
        <ele>1076.8099999999999</ele>
        <time>2022-01-27T06:27:26Z</time>
      </trkpt>
      <trkpt lat="-33.364199185743928" lon="22.090898081660271">
        <ele>1076.8099999999999</ele>
        <time>2022-01-27T06:27:27Z</time>
      </trkpt>
      <trkpt lat="-33.364142272621393" lon="22.090837564319372">
        <ele>1077.29</ele>
        <time>2022-01-27T06:27:28Z</time>
      </trkpt>
      <trkpt lat="-33.364077983424067" lon="22.090780735015869">
        <ele>1077.78</ele>
        <time>2022-01-27T06:27:29Z</time>
      </trkpt>
      <trkpt lat="-33.364014616236091" lon="22.090728851035237">
        <ele>1078.26</ele>
        <time>2022-01-27T06:27:30Z</time>
      </trkpt>
      <trkpt lat="-33.363623013719916" lon="22.090493068099022">
        <ele>1081.6199999999999</ele>
        <time>2022-01-27T06:27:36Z</time>
      </trkpt>
      <trkpt lat="-33.363554952666163" lon="22.090474795550108">
        <ele>1082.5799999999999</ele>
        <time>2022-01-27T06:27:37Z</time>
      </trkpt>
      <trkpt lat="-33.362674182280898" lon="22.090443531051278">
        <ele>1088.8299999999999</ele>
        <time>2022-01-27T06:27:48Z</time>
      </trkpt>
      <trkpt lat="-33.361988877877593" lon="22.090354850515723">
        <ele>1093.6400000000001</ele>
        <time>2022-01-27T06:27:55Z</time>
      </trkpt>
      <trkpt lat="-33.361918553709984" lon="22.090318389236927">
        <ele>1094.1199999999999</ele>
        <time>2022-01-27T06:27:56Z</time>
      </trkpt>
      <trkpt lat="-33.361860299482942" lon="22.090270528569818">
        <ele>1094.1199999999999</ele>
        <time>2022-01-27T06:27:57Z</time>
      </trkpt>
      <trkpt lat="-33.361818473786116" lon="22.090212358161807">
        <ele>1094.5999999999999</ele>
        <time>2022-01-27T06:27:58Z</time>
      </trkpt>
      <trkpt lat="-33.361787796020508" lon="22.090141447260976">
        <ele>1095.0799999999999</ele>
        <time>2022-01-27T06:27:59Z</time>
      </trkpt>
      <trkpt lat="-33.361765667796135" lon="22.090064669027925">
        <ele>1095.0799999999999</ele>
        <time>2022-01-27T06:28:00Z</time>
      </trkpt>
      <trkpt lat="-33.361752927303314" lon="22.089981688186526">
        <ele>1095.5599999999999</ele>
        <time>2022-01-27T06:28:01Z</time>
      </trkpt>
      <trkpt lat="-33.361749574542046" lon="22.089894600212574">
        <ele>1095.5599999999999</ele>
        <time>2022-01-27T06:28:02Z</time>
      </trkpt>
      <trkpt lat="-33.361756196245551" lon="22.089803908020258">
        <ele>1096.04</ele>
        <time>2022-01-27T06:28:03Z</time>
      </trkpt>
      <trkpt lat="-33.361770613119006" lon="22.089714054018259">
        <ele>1096.52</ele>
        <time>2022-01-27T06:28:04Z</time>
      </trkpt>
      <trkpt lat="-33.361787628382444" lon="22.089623278006911">
        <ele>1096.52</ele>
        <time>2022-01-27T06:28:05Z</time>
      </trkpt>
      <trkpt lat="-33.361873375251889" lon="22.089147102087736">
        <ele>1097.96</ele>
        <time>2022-01-27T06:28:10Z</time>
      </trkpt>
      <trkpt lat="-33.361873207613826" lon="22.089048363268375">
        <ele>1098.4400000000001</ele>
        <time>2022-01-27T06:28:11Z</time>
      </trkpt>
      <trkpt lat="-33.36186608299613" lon="22.088948786258698">
        <ele>1098.9200000000001</ele>
        <time>2022-01-27T06:28:12Z</time>
      </trkpt>
      <trkpt lat="-33.361852252855897" lon="22.088845102116466">
        <ele>1099.4000000000001</ele>
        <time>2022-01-27T06:28:13Z</time>
      </trkpt>
      <trkpt lat="-33.36183532141149" lon="22.088743932545185">
        <ele>1099.8900000000001</ele>
        <time>2022-01-27T06:28:14Z</time>
      </trkpt>
      <trkpt lat="-33.361841440200806" lon="22.087611872702837">
        <ele>1106.1300000000001</ele>
        <time>2022-01-27T06:28:24Z</time>
      </trkpt>
      <trkpt lat="-33.361866250634193" lon="22.087504416704178">
        <ele>1107.0999999999999</ele>
        <time>2022-01-27T06:28:25Z</time>
      </trkpt>
      <trkpt lat="-33.361929450184107" lon="22.087209457531571">
        <ele>1109.5</ele>
        <time>2022-01-27T06:28:28Z</time>
      </trkpt>
      <trkpt lat="-33.361937077715993" lon="22.087111808359623">
        <ele>1110.46</ele>
        <time>2022-01-27T06:28:29Z</time>
      </trkpt>
      <trkpt lat="-33.361939927563071" lon="22.087012231349945">
        <ele>1110.9400000000001</ele>
        <time>2022-01-27T06:28:30Z</time>
      </trkpt>
      <trkpt lat="-33.361917212605476" lon="22.086710901930928">
        <ele>1113.3399999999999</ele>
        <time>2022-01-27T06:28:33Z</time>
      </trkpt>
      <trkpt lat="-33.361898437142372" lon="22.086629681289196">
        <ele>1113.8199999999999</ele>
        <time>2022-01-27T06:28:34Z</time>
      </trkpt>
      <trkpt lat="-33.36187438108027" lon="22.086562709882855">
        <ele>1114.3099999999999</ele>
        <time>2022-01-27T06:28:35Z</time>
      </trkpt>
      <trkpt lat="-33.361842697486281" lon="22.086509820073843">
        <ele>1115.27</ele>
        <time>2022-01-27T06:28:36Z</time>
      </trkpt>
      <trkpt lat="-33.361802883446217" lon="22.086473107337952">
        <ele>1115.75</ele>
        <time>2022-01-27T06:28:37Z</time>
      </trkpt>
      <trkpt lat="-33.36175418458879" lon="22.086447291076183">
        <ele>1116.23</ele>
        <time>2022-01-27T06:28:38Z</time>
      </trkpt>
      <trkpt lat="-33.36169702000916" lon="22.086430611088872">
        <ele>1116.71</ele>
        <time>2022-01-27T06:28:39Z</time>
      </trkpt>
      <trkpt lat="-33.361632563173771" lon="22.086420217528939">
        <ele>1116.71</ele>
        <time>2022-01-27T06:28:40Z</time>
      </trkpt>
      <trkpt lat="-33.36156215518713" lon="22.086406974121928">
        <ele>1117.1900000000001</ele>
        <time>2022-01-27T06:28:41Z</time>
      </trkpt>
      <trkpt lat="-33.361495435237885" lon="22.08638459444046">
        <ele>1117.1900000000001</ele>
        <time>2022-01-27T06:28:42Z</time>
      </trkpt>
      <trkpt lat="-33.361434666439891" lon="22.086358023807406">
        <ele>1117.6700000000001</ele>
        <time>2022-01-27T06:28:43Z</time>
      </trkpt>
      <trkpt lat="-33.36138186044991" lon="22.086326843127608">
        <ele>1117.6700000000001</ele>
        <time>2022-01-27T06:28:44Z</time>
      </trkpt>
      <trkpt lat="-33.361341459676623" lon="22.086287112906575">
        <ele>1118.1500000000001</ele>
        <time>2022-01-27T06:28:45Z</time>
      </trkpt>
      <trkpt lat="-33.361313045024872" lon="22.086231792345643">
        <ele>1118.1500000000001</ele>
        <time>2022-01-27T06:28:46Z</time>
      </trkpt>
      <trkpt lat="-33.36129829287529" lon="22.086167586967349">
        <ele>1118.6300000000001</ele>
        <time>2022-01-27T06:28:47Z</time>
      </trkpt>
      <trkpt lat="-33.361295023933053" lon="22.086093155667186">
        <ele>1118.6300000000001</ele>
        <time>2022-01-27T06:28:48Z</time>
      </trkpt>
      <trkpt lat="-33.361302735283971" lon="22.086007995530963">
        <ele>1119.1099999999999</ele>
        <time>2022-01-27T06:28:49Z</time>
      </trkpt>
      <trkpt lat="-33.361319079995155" lon="22.085915459319949">
        <ele>1119.5899999999999</ele>
        <time>2022-01-27T06:28:50Z</time>
      </trkpt>
      <trkpt lat="-33.361528208479285" lon="22.084707794710994">
        <ele>1127.76</ele>
        <time>2022-01-27T06:29:01Z</time>
      </trkpt>
      <trkpt lat="-33.361669192090631" lon="22.084270343184471">
        <ele>1130.6500000000001</ele>
        <time>2022-01-27T06:29:05Z</time>
      </trkpt>
      <trkpt lat="-33.361719818785787" lon="22.084167161956429">
        <ele>1131.1300000000001</ele>
        <time>2022-01-27T06:29:06Z</time>
      </trkpt>
      <trkpt lat="-33.361780336126685" lon="22.084065489470959">
        <ele>1131.6099999999999</ele>
        <time>2022-01-27T06:29:07Z</time>
      </trkpt>
      <trkpt lat="-33.361844625324011" lon="22.083975467830896">
        <ele>1132.0899999999999</ele>
        <time>2022-01-27T06:29:08Z</time>
      </trkpt>
      <trkpt lat="-33.361917212605476" lon="22.083886116743088">
        <ele>1133.05</ele>
        <time>2022-01-27T06:29:09Z</time>
      </trkpt>
      <trkpt lat="-33.362557087093592" lon="22.08277752622962">
        <ele>1136.9000000000001</ele>
        <time>2022-01-27T06:29:20Z</time>
      </trkpt>
      <trkpt lat="-33.362816506996751" lon="22.081654518842697">
        <ele>1138.8199999999999</ele>
        <time>2022-01-27T06:29:29Z</time>
      </trkpt>
      <trkpt lat="-33.363000154495239" lon="22.080498822033405">
        <ele>1139.3</ele>
        <time>2022-01-27T06:29:39Z</time>
      </trkpt>
      <trkpt lat="-33.362992694601417" lon="22.080415757372975">
        <ele>1139.3</ele>
        <time>2022-01-27T06:29:40Z</time>
      </trkpt>
      <trkpt lat="-33.362976685166359" lon="22.080333363264799">
        <ele>1139.3</ele>
        <time>2022-01-27T06:29:41Z</time>
      </trkpt>
      <trkpt lat="-33.362951204180717" lon="22.080248622223735">
        <ele>1139.3</ele>
        <time>2022-01-27T06:29:42Z</time>
      </trkpt>
      <trkpt lat="-33.362916670739651" lon="22.08016287535429">
        <ele>1139.3</ele>
        <time>2022-01-27T06:29:43Z</time>
      </trkpt>
      <trkpt lat="-33.362873503938317" lon="22.080080565065145">
        <ele>1139.3</ele>
        <time>2022-01-27T06:29:44Z</time>
      </trkpt>
      <trkpt lat="-33.362823883071542" lon="22.080009570345283">
        <ele>1139.78</ele>
        <time>2022-01-27T06:29:45Z</time>
      </trkpt>
      <trkpt lat="-33.362768143415451" lon="22.079951735213399">
        <ele>1139.78</ele>
        <time>2022-01-27T06:29:46Z</time>
      </trkpt>
      <trkpt lat="-33.362705782055855" lon="22.079908400774002">
        <ele>1139.78</ele>
        <time>2022-01-27T06:29:47Z</time>
      </trkpt>
      <trkpt lat="-33.362638307735324" lon="22.079878393560648">
        <ele>1139.78</ele>
        <time>2022-01-27T06:29:48Z</time>
      </trkpt>
      <trkpt lat="-33.36256630718708" lon="22.079861462116241">
        <ele>1140.26</ele>
        <time>2022-01-27T06:29:49Z</time>
      </trkpt>
      <trkpt lat="-33.362491121515632" lon="22.079848051071167">
        <ele>1140.26</ele>
        <time>2022-01-27T06:29:50Z</time>
      </trkpt>
      <trkpt lat="-33.362257182598114" lon="22.07978175021708">
        <ele>1141.22</ele>
        <time>2022-01-27T06:29:53Z</time>
      </trkpt>
      <trkpt lat="-33.362185684964061" lon="22.07974218763411">
        <ele>1141.22</ele>
        <time>2022-01-27T06:29:54Z</time>
      </trkpt>
      <trkpt lat="-33.362123072147369" lon="22.079693404957652">
        <ele>1141.7</ele>
        <time>2022-01-27T06:29:55Z</time>
      </trkpt>
      <trkpt lat="-33.362071607261896" lon="22.079634983092546">
        <ele>1142.1800000000001</ele>
        <time>2022-01-27T06:29:56Z</time>
      </trkpt>
      <trkpt lat="-33.362035229802132" lon="22.079568263143301">
        <ele>1142.6600000000001</ele>
        <time>2022-01-27T06:29:57Z</time>
      </trkpt>
      <trkpt lat="-33.362018633633852" lon="22.079497016966343">
        <ele>1142.6600000000001</ele>
        <time>2022-01-27T06:29:58Z</time>
      </trkpt>
      <trkpt lat="-33.362022154033184" lon="22.079427028074861">
        <ele>1143.1400000000001</ele>
        <time>2022-01-27T06:29:59Z</time>
      </trkpt>
      <trkpt lat="-33.362045455724001" lon="22.079361146315932">
        <ele>1143.1400000000001</ele>
        <time>2022-01-27T06:30:00Z</time>
      </trkpt>
      <trkpt lat="-33.362087029963732" lon="22.079304233193398">
        <ele>1143.1400000000001</ele>
        <time>2022-01-27T06:30:01Z</time>
      </trkpt>
      <trkpt lat="-33.362144529819489" lon="22.079256791621447">
        <ele>1143.1400000000001</ele>
        <time>2022-01-27T06:30:02Z</time>
      </trkpt>
      <trkpt lat="-33.362214015796781" lon="22.079221419990063">
        <ele>1143.1400000000001</ele>
        <time>2022-01-27T06:30:03Z</time>
      </trkpt>
      <trkpt lat="-33.362287860363722" lon="22.079196609556675">
        <ele>1143.1400000000001</ele>
        <time>2022-01-27T06:30:04Z</time>
      </trkpt>
      <trkpt lat="-33.362356424331665" lon="22.079174313694239">
        <ele>1143.1400000000001</ele>
        <time>2022-01-27T06:30:05Z</time>
      </trkpt>
      <trkpt lat="-33.362417025491595" lon="22.079143719747663">
        <ele>1143.1400000000001</ele>
        <time>2022-01-27T06:30:06Z</time>
      </trkpt>
      <trkpt lat="-33.362467316910625" lon="22.079101894050837">
        <ele>1143.1400000000001</ele>
        <time>2022-01-27T06:30:07Z</time>
      </trkpt>
      <trkpt lat="-33.362502437084913" lon="22.07904783077538">
        <ele>1143.6300000000001</ele>
        <time>2022-01-27T06:30:08Z</time>
      </trkpt>
      <trkpt lat="-33.362522050738335" lon="22.078984882682562">
        <ele>1143.6300000000001</ele>
        <time>2022-01-27T06:30:09Z</time>
      </trkpt>
      <trkpt lat="-33.362527079880238" lon="22.078913887962699">
        <ele>1143.6300000000001</ele>
        <time>2022-01-27T06:30:10Z</time>
      </trkpt>
      <trkpt lat="-33.362519117072225" lon="22.078838115558028">
        <ele>1144.1099999999999</ele>
        <time>2022-01-27T06:30:11Z</time>
      </trkpt>
      <trkpt lat="-33.362501347437501" lon="22.078758655115962">
        <ele>1144.1099999999999</ele>
        <time>2022-01-27T06:30:12Z</time>
      </trkpt>
      <trkpt lat="-33.362478883937001" lon="22.078677853569388">
        <ele>1144.5899999999999</ele>
        <time>2022-01-27T06:30:13Z</time>
      </trkpt>
      <trkpt lat="-33.362275203689933" lon="22.077482342720032">
        <ele>1152.76</ele>
        <time>2022-01-27T06:30:26Z</time>
      </trkpt>
      <trkpt lat="-33.36246756836772" lon="22.075614016503096">
        <ele>1159.97</ele>
        <time>2022-01-27T06:30:42Z</time>
      </trkpt>
      <trkpt lat="-33.362457090988755" lon="22.074108794331551">
        <ele>1164.77</ele>
        <time>2022-01-27T06:30:55Z</time>
      </trkpt>
      <trkpt lat="-33.362450553104281" lon="22.074004942551255">
        <ele>1164.77</ele>
        <time>2022-01-27T06:30:56Z</time>
      </trkpt>
      <trkpt lat="-33.362456923350692" lon="22.073907796293497">
        <ele>1165.26</ele>
        <time>2022-01-27T06:30:57Z</time>
      </trkpt>
      <trkpt lat="-33.362478967756033" lon="22.073808219283819">
        <ele>1165.74</ele>
        <time>2022-01-27T06:30:58Z</time>
      </trkpt>
      <trkpt lat="-33.362574437633157" lon="22.073372025042772">
        <ele>1166.7</ele>
        <time>2022-01-27T06:31:02Z</time>
      </trkpt>
      <trkpt lat="-33.362582735717297" lon="22.0732497330755">
        <ele>1167.1800000000001</ele>
        <time>2022-01-27T06:31:03Z</time>
      </trkpt>
      <trkpt lat="-33.362584663555026" lon="22.073122579604387">
        <ele>1167.6600000000001</ele>
        <time>2022-01-27T06:31:04Z</time>
      </trkpt>
      <trkpt lat="-33.362483577802777" lon="22.071688016876578">
        <ele>1175.3499999999999</ele>
        <time>2022-01-27T06:31:15Z</time>
      </trkpt>
      <trkpt lat="-33.362490450963378" lon="22.07156689837575">
        <ele>1176.3099999999999</ele>
        <time>2022-01-27T06:31:16Z</time>
      </trkpt>
      <trkpt lat="-33.362769903615117" lon="22.070170473307371">
        <ele>1186.4000000000001</ele>
        <time>2022-01-27T06:31:29Z</time>
      </trkpt>
      <trkpt lat="-33.362820530310273" lon="22.068882845342159">
        <ele>1195.54</ele>
        <time>2022-01-27T06:31:42Z</time>
      </trkpt>
      <trkpt lat="-33.362566055729985" lon="22.067462783306837">
        <ele>1205.1500000000001</ele>
        <time>2022-01-27T06:31:54Z</time>
      </trkpt>
      <trkpt lat="-33.362342175096273" lon="22.066450668498874">
        <ele>1211.4000000000001</ele>
        <time>2022-01-27T06:32:02Z</time>
      </trkpt>
      <trkpt lat="-33.362346533685923" lon="22.066358719021082">
        <ele>1212.3599999999999</ele>
        <time>2022-01-27T06:32:03Z</time>
      </trkpt>
      <trkpt lat="-33.362361285835505" lon="22.06627213396132">
        <ele>1212.8399999999999</ele>
        <time>2022-01-27T06:32:04Z</time>
      </trkpt>
      <trkpt lat="-33.36238550953567" lon="22.066191416233778">
        <ele>1213.3199999999999</ele>
        <time>2022-01-27T06:32:05Z</time>
      </trkpt>
      <trkpt lat="-33.362409397959709" lon="22.066112961620092">
        <ele>1213.8</ele>
        <time>2022-01-27T06:32:06Z</time>
      </trkpt>
      <trkpt lat="-33.362426580861211" lon="22.066033836454153">
        <ele>1214.28</ele>
        <time>2022-01-27T06:32:07Z</time>
      </trkpt>
      <trkpt lat="-33.36243437603116" lon="22.06595160998404">
        <ele>1214.76</ele>
        <time>2022-01-27T06:32:08Z</time>
      </trkpt>
      <trkpt lat="-33.362429179251194" lon="22.065867874771357">
        <ele>1215.24</ele>
        <time>2022-01-27T06:32:09Z</time>
      </trkpt>
      <trkpt lat="-33.362412499263883" lon="22.065782295539975">
        <ele>1215.24</ele>
        <time>2022-01-27T06:32:10Z</time>
      </trkpt>
      <trkpt lat="-33.362386934459209" lon="22.065695961937308">
        <ele>1215.72</ele>
        <time>2022-01-27T06:32:11Z</time>
      </trkpt>
      <trkpt lat="-33.362356759607792" lon="22.065604934468865">
        <ele>1216.6900000000001</ele>
        <time>2022-01-27T06:32:12Z</time>
      </trkpt>
      <trkpt lat="-33.362281657755375" lon="22.065373677760363">
        <ele>1218.1300000000001</ele>
        <time>2022-01-27T06:32:15Z</time>
      </trkpt>
      <trkpt lat="-33.362270761281252" lon="22.06531391479075">
        <ele>1218.6099999999999</ele>
        <time>2022-01-27T06:32:16Z</time>
      </trkpt>
      <trkpt lat="-33.362270509824157" lon="22.065263036638498">
        <ele>1219.0899999999999</ele>
        <time>2022-01-27T06:32:17Z</time>
      </trkpt>
      <trkpt lat="-33.362284759059548" lon="22.065213834866881">
        <ele>1219.5699999999999</ele>
        <time>2022-01-27T06:32:18Z</time>
      </trkpt>
      <trkpt lat="-33.362312754616141" lon="22.065167985856533">
        <ele>1219.5699999999999</ele>
        <time>2022-01-27T06:32:19Z</time>
      </trkpt>
      <trkpt lat="-33.362349886447191" lon="22.065129177644849">
        <ele>1220.05</ele>
        <time>2022-01-27T06:32:20Z</time>
      </trkpt>
      <trkpt lat="-33.36239724420011" lon="22.065102187916636">
        <ele>1220.05</ele>
        <time>2022-01-27T06:32:21Z</time>
      </trkpt>
      <trkpt lat="-33.362450217828155" lon="22.065088106319308">
        <ele>1220.53</ele>
        <time>2022-01-27T06:32:22Z</time>
      </trkpt>
      <trkpt lat="-33.362512076273561" lon="22.06508525647223">
        <ele>1221.01</ele>
        <time>2022-01-27T06:32:23Z</time>
      </trkpt>
      <trkpt lat="-33.362579215317965" lon="22.065090788528323">
        <ele>1221.49</ele>
        <time>2022-01-27T06:32:24Z</time>
      </trkpt>
      <trkpt lat="-33.36264836601913" lon="22.065109396353364">
        <ele>1221.97</ele>
        <time>2022-01-27T06:32:25Z</time>
      </trkpt>
      <trkpt lat="-33.362723803147674" lon="22.06514049321413">
        <ele>1222.45</ele>
        <time>2022-01-27T06:32:26Z</time>
      </trkpt>
      <trkpt lat="-33.36279789917171" lon="22.065176032483578">
        <ele>1222.9300000000001</ele>
        <time>2022-01-27T06:32:27Z</time>
      </trkpt>
      <trkpt lat="-33.363363174721599" lon="22.065531089901924">
        <ele>1226.78</ele>
        <time>2022-01-27T06:32:34Z</time>
      </trkpt>
      <trkpt lat="-33.363423943519592" lon="22.065560594201088">
        <ele>1226.78</ele>
        <time>2022-01-27T06:32:35Z</time>
      </trkpt>
      <trkpt lat="-33.363480186089873" lon="22.065577860921621">
        <ele>1227.26</ele>
        <time>2022-01-27T06:32:36Z</time>
      </trkpt>
      <trkpt lat="-33.363535003736615" lon="22.065582973882556">
        <ele>1227.74</ele>
        <time>2022-01-27T06:32:37Z</time>
      </trkpt>
      <trkpt lat="-33.363582780584693" lon="22.06557341851294">
        <ele>1227.74</ele>
        <time>2022-01-27T06:32:38Z</time>
      </trkpt>
      <trkpt lat="-33.363627037033439" lon="22.065548021346331">
        <ele>1227.74</ele>
        <time>2022-01-27T06:32:39Z</time>
      </trkpt>
      <trkpt lat="-33.36366374976933" lon="22.065512146800756">
        <ele>1227.74</ele>
        <time>2022-01-27T06:32:40Z</time>
      </trkpt>
      <trkpt lat="-33.363696187734604" lon="22.065458921715617">
        <ele>1227.74</ele>
        <time>2022-01-27T06:32:41Z</time>
      </trkpt>
      <trkpt lat="-33.363718315958977" lon="22.065394883975387">
        <ele>1228.22</ele>
        <time>2022-01-27T06:32:42Z</time>
      </trkpt>
      <trkpt lat="-33.363729044795036" lon="22.065322967246175">
        <ele>1228.22</ele>
        <time>2022-01-27T06:32:43Z</time>
      </trkpt>
      <trkpt lat="-33.363729296252131" lon="22.065245769917965">
        <ele>1228.7</ele>
        <time>2022-01-27T06:32:44Z</time>
      </trkpt>
      <trkpt lat="-33.363725272938609" lon="22.065169410780072">
        <ele>1229.6600000000001</ele>
        <time>2022-01-27T06:32:45Z</time>
      </trkpt>
      <trkpt lat="-33.363716723397374" lon="22.065093219280243">
        <ele>1230.1400000000001</ele>
        <time>2022-01-27T06:32:46Z</time>
      </trkpt>
      <trkpt lat="-33.363706916570663" lon="22.065018201246858">
        <ele>1230.6199999999999</ele>
        <time>2022-01-27T06:32:47Z</time>
      </trkpt>
      <trkpt lat="-33.363405000418425" lon="22.063945736736059">
        <ele>1243.1199999999999</ele>
        <time>2022-01-27T06:33:00Z</time>
      </trkpt>
      <trkpt lat="-33.363147508352995" lon="22.063257414847612">
        <ele>1251.29</ele>
        <time>2022-01-27T06:33:08Z</time>
      </trkpt>
      <trkpt lat="-33.363108029589057" lon="22.063185414299369">
        <ele>1252.25</ele>
        <time>2022-01-27T06:33:09Z</time>
      </trkpt>
      <trkpt lat="-33.36306419223547" lon="22.063115760684013">
        <ele>1253.22</ele>
        <time>2022-01-27T06:33:10Z</time>
      </trkpt>
      <trkpt lat="-33.362526074051857" lon="22.062219567596912">
        <ele>1265.71</ele>
        <time>2022-01-27T06:33:22Z</time>
      </trkpt>
      <trkpt lat="-33.362508052960038" lon="22.062128707766533">
        <ele>1266.6700000000001</ele>
        <time>2022-01-27T06:33:23Z</time>
      </trkpt>
      <trkpt lat="-33.362496653571725" lon="22.062033489346504">
        <ele>1267.6400000000001</ele>
        <time>2022-01-27T06:33:24Z</time>
      </trkpt>
      <trkpt lat="-33.362491792067885" lon="22.061934918165207">
        <ele>1268.5999999999999</ele>
        <time>2022-01-27T06:33:25Z</time>
      </trkpt>
      <trkpt lat="-33.362488858401775" lon="22.061835005879402">
        <ele>1269.5599999999999</ele>
        <time>2022-01-27T06:33:26Z</time>
      </trkpt>
      <trkpt lat="-33.362464969977736" lon="22.060822388157248">
        <ele>1281.0899999999999</ele>
        <time>2022-01-27T06:33:36Z</time>
      </trkpt>
      <trkpt lat="-33.362448373809457" lon="22.060740664601326">
        <ele>1282.0599999999999</ele>
        <time>2022-01-27T06:33:37Z</time>
      </trkpt>
      <trkpt lat="-33.362422809004784" lon="22.060663048177958">
        <ele>1283.02</ele>
        <time>2022-01-27T06:33:38Z</time>
      </trkpt>
      <trkpt lat="-33.362388946115971" lon="22.060590125620365">
        <ele>1283.98</ele>
        <time>2022-01-27T06:33:39Z</time>
      </trkpt>
      <trkpt lat="-33.362348042428493" lon="22.060521729290485">
        <ele>1284.9400000000001</ele>
        <time>2022-01-27T06:33:40Z</time>
      </trkpt>
      <trkpt lat="-33.362303031608462" lon="22.060455931350589">
        <ele>1285.9000000000001</ele>
        <time>2022-01-27T06:33:41Z</time>
      </trkpt>
      <trkpt lat="-33.361717974767089" lon="22.059389585629106">
        <ele>1299.3599999999999</ele>
        <time>2022-01-27T06:33:55Z</time>
      </trkpt>
      <trkpt lat="-33.361241547390819" lon="22.058143531903625">
        <ele>1314.26</ele>
        <time>2022-01-27T06:34:09Z</time>
      </trkpt>
      <trkpt lat="-33.361115818843246" lon="22.057919651269913">
        <ele>1316.6600000000001</ele>
        <time>2022-01-27T06:34:12Z</time>
      </trkpt>
      <trkpt lat="-33.361065108329058" lon="22.057856032624841">
        <ele>1317.6199999999999</ele>
        <time>2022-01-27T06:34:13Z</time>
      </trkpt>
      <trkpt lat="-33.361007859930396" lon="22.057800544425845">
        <ele>1318.5899999999999</ele>
        <time>2022-01-27T06:34:14Z</time>
      </trkpt>
      <trkpt lat="-33.360942313447595" lon="22.057754527777433">
        <ele>1319.55</ele>
        <time>2022-01-27T06:34:15Z</time>
      </trkpt>
      <trkpt lat="-33.360873414203525" lon="22.057720916345716">
        <ele>1320.51</ele>
        <time>2022-01-27T06:34:16Z</time>
      </trkpt>
      <trkpt lat="-33.360803173854947" lon="22.057696357369423">
        <ele>1320.99</ele>
        <time>2022-01-27T06:34:17Z</time>
      </trkpt>
      <trkpt lat="-33.36073343642056" lon="22.057678755372763">
        <ele>1321.95</ele>
        <time>2022-01-27T06:34:18Z</time>
      </trkpt>
      <trkpt lat="-33.360660932958126" lon="22.057670038193464">
        <ele>1322.9100000000001</ele>
        <time>2022-01-27T06:34:19Z</time>
      </trkpt>
      <trkpt lat="-33.360586250200868" lon="22.057669535279274">
        <ele>1323.3900000000001</ele>
        <time>2022-01-27T06:34:20Z</time>
      </trkpt>
      <trkpt lat="-33.360508298501372" lon="22.057670708745718">
        <ele>1324.3499999999999</ele>
        <time>2022-01-27T06:34:21Z</time>
      </trkpt>
      <trkpt lat="-33.359697852283716" lon="22.057913448661566">
        <ele>1335.4100000000001</ele>
        <time>2022-01-27T06:34:32Z</time>
      </trkpt>
      <trkpt lat="-33.359632389619946" lon="22.057962566614151">
        <ele>1336.3699999999999</ele>
        <time>2022-01-27T06:34:33Z</time>
      </trkpt>
      <trkpt lat="-33.359209103509784" lon="22.058216035366058">
        <ele>1342.6199999999999</ele>
        <time>2022-01-27T06:34:39Z</time>
      </trkpt>
      <trkpt lat="-33.358507202938199" lon="22.058278732001781">
        <ele>1350.79</ele>
        <time>2022-01-27T06:34:48Z</time>
      </trkpt>
      <trkpt lat="-33.358432268723845" lon="22.058295831084251">
        <ele>1351.27</ele>
        <time>2022-01-27T06:34:49Z</time>
      </trkpt>
      <trkpt lat="-33.358358927071095" lon="22.058323156088591">
        <ele>1352.23</ele>
        <time>2022-01-27T06:34:50Z</time>
      </trkpt>
      <trkpt lat="-33.358289273455739" lon="22.058365065604448">
        <ele>1352.71</ele>
        <time>2022-01-27T06:34:51Z</time>
      </trkpt>
      <trkpt lat="-33.358225906267762" lon="22.058421894907951">
        <ele>1353.6700000000001</ele>
        <time>2022-01-27T06:34:52Z</time>
      </trkpt>
      <trkpt lat="-33.358163377270103" lon="22.05848484300077">
        <ele>1354.1500000000001</ele>
        <time>2022-01-27T06:34:53Z</time>
      </trkpt>
      <trkpt lat="-33.358101770281792" lon="22.058537313714623">
        <ele>1354.6300000000001</ele>
        <time>2022-01-27T06:34:54Z</time>
      </trkpt>
      <trkpt lat="-33.358037145808339" lon="22.058576121926308">
        <ele>1355.1199999999999</ele>
        <time>2022-01-27T06:34:55Z</time>
      </trkpt>
      <trkpt lat="-33.357967576012015" lon="22.058600848540664">
        <ele>1355.5999999999999</ele>
        <time>2022-01-27T06:34:56Z</time>
      </trkpt>
      <trkpt lat="-33.357895743101835" lon="22.058607302606106">
        <ele>1356.0799999999999</ele>
        <time>2022-01-27T06:34:57Z</time>
      </trkpt>
      <trkpt lat="-33.357821395620704" lon="22.058599507436156">
        <ele>1356.5599999999999</ele>
        <time>2022-01-27T06:34:58Z</time>
      </trkpt>
      <trkpt lat="-33.35774302482605" lon="22.058581989258528">
        <ele>1357.04</ele>
        <time>2022-01-27T06:34:59Z</time>
      </trkpt>
      <trkpt lat="-33.357668928802013" lon="22.05856254324317">
        <ele>1357.52</ele>
        <time>2022-01-27T06:35:00Z</time>
      </trkpt>
      <trkpt lat="-33.357489304617047" lon="22.05850345082581">
        <ele>1358.96</ele>
        <time>2022-01-27T06:35:03Z</time>
      </trkpt>
      <trkpt lat="-33.357445215806365" lon="22.058472856879234">
        <ele>1359.4400000000001</ele>
        <time>2022-01-27T06:35:04Z</time>
      </trkpt>
      <trkpt lat="-33.35740489885211" lon="22.058430109173059">
        <ele>1360.4000000000001</ele>
        <time>2022-01-27T06:35:05Z</time>
      </trkpt>
      <trkpt lat="-33.357377909123898" lon="22.058380488306284">
        <ele>1360.8800000000001</ele>
        <time>2022-01-27T06:35:06Z</time>
      </trkpt>
      <trkpt lat="-33.357360977679491" lon="22.058323407545686">
        <ele>1361.3599999999999</ele>
        <time>2022-01-27T06:35:07Z</time>
      </trkpt>
      <trkpt lat="-33.357358379289508" lon="22.058261632919312">
        <ele>1361.8399999999999</ele>
        <time>2022-01-27T06:35:08Z</time>
      </trkpt>
      <trkpt lat="-33.357370030134916" lon="22.058197762817144">
        <ele>1362.3299999999999</ele>
        <time>2022-01-27T06:35:09Z</time>
      </trkpt>
      <trkpt lat="-33.357395678758621" lon="22.058138838037848">
        <ele>1362.8099999999999</ele>
        <time>2022-01-27T06:35:10Z</time>
      </trkpt>
      <trkpt lat="-33.357431804761291" lon="22.058082008734345">
        <ele>1363.29</ele>
        <time>2022-01-27T06:35:11Z</time>
      </trkpt>
      <trkpt lat="-33.357468266040087" lon="22.058027777820826">
        <ele>1364.25</ele>
        <time>2022-01-27T06:35:12Z</time>
      </trkpt>
      <trkpt lat="-33.357498021796346" lon="22.057976061478257">
        <ele>1365.21</ele>
        <time>2022-01-27T06:35:13Z</time>
      </trkpt>
      <trkpt lat="-33.357514282688498" lon="22.057925770059228">
        <ele>1366.1700000000001</ele>
        <time>2022-01-27T06:35:14Z</time>
      </trkpt>
      <trkpt lat="-33.357517970725894" lon="22.057872461155057">
        <ele>1367.1300000000001</ele>
        <time>2022-01-27T06:35:15Z</time>
      </trkpt>
      <trkpt lat="-33.357511768117547" lon="22.05782032571733">
        <ele>1367.6099999999999</ele>
        <time>2022-01-27T06:35:16Z</time>
      </trkpt>
      <trkpt lat="-33.357496932148933" lon="22.057766346260905">
        <ele>1368.5699999999999</ele>
        <time>2022-01-27T06:35:17Z</time>
      </trkpt>
      <trkpt lat="-33.357475390657783" lon="22.057711025699973">
        <ele>1369.54</ele>
        <time>2022-01-27T06:35:18Z</time>
      </trkpt>
      <trkpt lat="-33.357352344319224" lon="22.057361584156752">
        <ele>1374.3399999999999</ele>
        <time>2022-01-27T06:35:23Z</time>
      </trkpt>
      <trkpt lat="-33.357341112568974" lon="22.057280531153083">
        <ele>1375.3</ele>
        <time>2022-01-27T06:35:24Z</time>
      </trkpt>
      <trkpt lat="-33.357340358197689" lon="22.057202495634556">
        <ele>1376.26</ele>
        <time>2022-01-27T06:35:25Z</time>
      </trkpt>
      <trkpt lat="-33.357347985729575" lon="22.057126136496663">
        <ele>1377.23</ele>
        <time>2022-01-27T06:35:26Z</time>
      </trkpt>
      <trkpt lat="-33.357368856668472" lon="22.057053800672293">
        <ele>1378.1900000000001</ele>
        <time>2022-01-27T06:35:27Z</time>
      </trkpt>
      <trkpt lat="-33.357404982671142" lon="22.056985152885318">
        <ele>1378.6700000000001</ele>
        <time>2022-01-27T06:35:28Z</time>
      </trkpt>
      <trkpt lat="-33.357449239119887" lon="22.056924132630229">
        <ele>1379.6300000000001</ele>
        <time>2022-01-27T06:35:29Z</time>
      </trkpt>
      <trkpt lat="-33.357501123100519" lon="22.05686361528933">
        <ele>1380.5899999999999</ele>
        <time>2022-01-27T06:35:30Z</time>
      </trkpt>
      <trkpt lat="-33.357755094766617" lon="22.056540828198195">
        <ele>1385.8800000000001</ele>
        <time>2022-01-27T06:35:35Z</time>
      </trkpt>
      <trkpt lat="-33.357791807502508" lon="22.056463463231921">
        <ele>1386.8399999999999</ele>
        <time>2022-01-27T06:35:36Z</time>
      </trkpt>
      <trkpt lat="-33.357818629592657" lon="22.05638182349503">
        <ele>1387.8</ele>
        <time>2022-01-27T06:35:37Z</time>
      </trkpt>
      <trkpt lat="-33.358251135796309" lon="22.055258564651012">
        <ele>1402.7</ele>
        <time>2022-01-27T06:35:50Z</time>
      </trkpt>
      <trkpt lat="-33.358421204611659" lon="22.054721284657717">
        <ele>1409.9100000000001</ele>
        <time>2022-01-27T06:35:58Z</time>
      </trkpt>
      <trkpt lat="-33.358511310070753" lon="22.054366813972592">
        <ele>1413.76</ele>
        <time>2022-01-27T06:36:04Z</time>
      </trkpt>
      <trkpt lat="-33.3585175126791" lon="22.054302357137203">
        <ele>1414.24</ele>
        <time>2022-01-27T06:36:05Z</time>
      </trkpt>
      <trkpt lat="-33.358515417203307" lon="22.054238403216004">
        <ele>1414.72</ele>
        <time>2022-01-27T06:36:06Z</time>
      </trkpt>
      <trkpt lat="-33.358505694195628" lon="22.054174281656742">
        <ele>1415.2</ele>
        <time>2022-01-27T06:36:07Z</time>
      </trkpt>
      <trkpt lat="-33.358487673103809" lon="22.054108483716846">
        <ele>1415.6800000000001</ele>
        <time>2022-01-27T06:36:08Z</time>
      </trkpt>
      <trkpt lat="-33.358462359756231" lon="22.054041931405663">
        <ele>1416.6400000000001</ele>
        <time>2022-01-27T06:36:09Z</time>
      </trkpt>
      <trkpt lat="-33.35843101143837" lon="22.053974876180291">
        <ele>1417.1199999999999</ele>
        <time>2022-01-27T06:36:10Z</time>
      </trkpt>
      <trkpt lat="-33.358394131064415" lon="22.053905138745904">
        <ele>1417.5999999999999</ele>
        <time>2022-01-27T06:36:11Z</time>
      </trkpt>
      <trkpt lat="-33.358042677864432" lon="22.053253864869475">
        <ele>1424.8099999999999</ele>
        <time>2022-01-27T06:36:20Z</time>
      </trkpt>
      <trkpt lat="-33.358008982613683" lon="22.053216146305203">
        <ele>1425.77</ele>
        <time>2022-01-27T06:36:21Z</time>
      </trkpt>
      <trkpt lat="-33.357970509678125" lon="22.053192844614387">
        <ele>1426.73</ele>
        <time>2022-01-27T06:36:22Z</time>
      </trkpt>
      <trkpt lat="-33.357347398996353" lon="22.052987152710557">
        <ele>1434.9100000000001</ele>
        <time>2022-01-27T06:36:33Z</time>
      </trkpt>
      <trkpt lat="-33.356735855340958" lon="22.052774671465158">
        <ele>1444.52</ele>
        <time>2022-01-27T06:36:44Z</time>
      </trkpt>
      <trkpt lat="-33.356690593063831" lon="22.052775844931602">
        <ele>1445.48</ele>
        <time>2022-01-27T06:36:45Z</time>
      </trkpt>
      <trkpt lat="-33.35664315149188" lon="22.052781293168664">
        <ele>1445.96</ele>
        <time>2022-01-27T06:36:46Z</time>
      </trkpt>
      <trkpt lat="-33.356592692434788" lon="22.052791435271502">
        <ele>1446.9200000000001</ele>
        <time>2022-01-27T06:36:47Z</time>
      </trkpt>
      <trkpt lat="-33.3565419819206" lon="22.052805852144957">
        <ele>1447.4000000000001</ele>
        <time>2022-01-27T06:36:48Z</time>
      </trkpt>
      <trkpt lat="-33.356492696329951" lon="22.052824711427093">
        <ele>1448.3599999999999</ele>
        <time>2022-01-27T06:36:49Z</time>
      </trkpt>
      <trkpt lat="-33.356445170938969" lon="22.052846755832434">
        <ele>1449.3199999999999</ele>
        <time>2022-01-27T06:36:50Z</time>
      </trkpt>
      <trkpt lat="-33.355700774118304" lon="22.053092010319233">
        <ele>1459.9000000000001</ele>
        <time>2022-01-27T06:37:03Z</time>
      </trkpt>
      <trkpt lat="-33.355351416394114" lon="22.053137021139264">
        <ele>1464.71</ele>
        <time>2022-01-27T06:37:08Z</time>
      </trkpt>
      <trkpt lat="-33.355291988700628" lon="22.053127298131585">
        <ele>1465.6700000000001</ele>
        <time>2022-01-27T06:37:09Z</time>
      </trkpt>
      <trkpt lat="-33.355237254872918" lon="22.053104834631085">
        <ele>1466.1500000000001</ele>
        <time>2022-01-27T06:37:10Z</time>
      </trkpt>
      <trkpt lat="-33.355187382549047" lon="22.053068792447448">
        <ele>1467.1099999999999</ele>
        <time>2022-01-27T06:37:11Z</time>
      </trkpt>
      <trkpt lat="-33.355141030624509" lon="22.053019590675831">
        <ele>1468.0699999999999</ele>
        <time>2022-01-27T06:37:12Z</time>
      </trkpt>
      <trkpt lat="-33.35510297678411" lon="22.052960162982345">
        <ele>1469.03</ele>
        <time>2022-01-27T06:37:13Z</time>
      </trkpt>
      <trkpt lat="-33.355073304846883" lon="22.052892353385687">
        <ele>1469.51</ele>
        <time>2022-01-27T06:37:14Z</time>
      </trkpt>
      <trkpt lat="-33.355050086975098" lon="22.052822196856141">
        <ele>1470.47</ele>
        <time>2022-01-27T06:37:15Z</time>
      </trkpt>
      <trkpt lat="-33.355031730607152" lon="22.052749022841454">
        <ele>1471.4400000000001</ele>
        <time>2022-01-27T06:37:16Z</time>
      </trkpt>
      <trkpt lat="-33.355017984285951" lon="22.052669143304229">
        <ele>1472.4000000000001</ele>
        <time>2022-01-27T06:37:17Z</time>
      </trkpt>
      <trkpt lat="-33.355007758364081" lon="22.05258172005415">
        <ele>1472.8800000000001</ele>
        <time>2022-01-27T06:37:18Z</time>
      </trkpt>
      <trkpt lat="-33.354983786121011" lon="22.051469273865223">
        <ele>1484.4100000000001</ele>
        <time>2022-01-27T06:37:30Z</time>
      </trkpt>
      <trkpt lat="-33.354973644018173" lon="22.051407918334007">
        <ele>1485.3699999999999</ele>
        <time>2022-01-27T06:37:31Z</time>
      </trkpt>
      <trkpt lat="-33.354955706745386" lon="22.051358297467232">
        <ele>1486.3399999999999</ele>
        <time>2022-01-27T06:37:32Z</time>
      </trkpt>
      <trkpt lat="-33.354930225759745" lon="22.051319824531674">
        <ele>1486.8199999999999</ele>
        <time>2022-01-27T06:37:33Z</time>
      </trkpt>
      <trkpt lat="-33.354897871613503" lon="22.05129518173635">
        <ele>1487.78</ele>
        <time>2022-01-27T06:37:34Z</time>
      </trkpt>
      <trkpt lat="-33.354859231039882" lon="22.05128294415772">
        <ele>1488.26</ele>
        <time>2022-01-27T06:37:35Z</time>
      </trkpt>
      <trkpt lat="-33.354815812781453" lon="22.0512839499861">
        <ele>1489.22</ele>
        <time>2022-01-27T06:37:36Z</time>
      </trkpt>
      <trkpt lat="-33.354769796133041" lon="22.051295265555382">
        <ele>1489.7</ele>
        <time>2022-01-27T06:37:37Z</time>
      </trkpt>
      <trkpt lat="-33.354720761999488" lon="22.051316555589437">
        <ele>1490.6600000000001</ele>
        <time>2022-01-27T06:37:38Z</time>
      </trkpt>
      <trkpt lat="-33.354669380933046" lon="22.05134890973568">
        <ele>1491.1400000000001</ele>
        <time>2022-01-27T06:37:39Z</time>
      </trkpt>
      <trkpt lat="-33.354615904390812" lon="22.051391657441854">
        <ele>1491.6199999999999</ele>
        <time>2022-01-27T06:37:40Z</time>
      </trkpt>
      <trkpt lat="-33.354561170563102" lon="22.051437254995108">
        <ele>1492.5799999999999</ele>
        <time>2022-01-27T06:37:41Z</time>
      </trkpt>
      <trkpt lat="-33.354327147826552" lon="22.051582764834166">
        <ele>1496.4300000000001</ele>
        <time>2022-01-27T06:37:45Z</time>
      </trkpt>
      <trkpt lat="-33.354270486161113" lon="22.051597684621811">
        <ele>1497.3900000000001</ele>
        <time>2022-01-27T06:37:46Z</time>
      </trkpt>
      <trkpt lat="-33.35421365685761" lon="22.051601456478238">
        <ele>1497.8699999999999</ele>
        <time>2022-01-27T06:37:47Z</time>
      </trkpt>
      <trkpt lat="-33.35415749810636" lon="22.051592823117971">
        <ele>1498.8299999999999</ele>
        <time>2022-01-27T06:37:48Z</time>
      </trkpt>
      <trkpt lat="-33.354104524478316" lon="22.051569186151028">
        <ele>1499.79</ele>
        <time>2022-01-27T06:37:49Z</time>
      </trkpt>
      <trkpt lat="-33.354056915268302" lon="22.051531216129661">
        <ele>1500.76</ele>
        <time>2022-01-27T06:37:50Z</time>
      </trkpt>
      <trkpt lat="-33.354017771780491" lon="22.05147941596806">
        <ele>1501.24</ele>
        <time>2022-01-27T06:37:51Z</time>
      </trkpt>
      <trkpt lat="-33.353987513110042" lon="22.051422251388431">
        <ele>1502.2</ele>
        <time>2022-01-27T06:37:52Z</time>
      </trkpt>
      <trkpt lat="-33.353961445391178" lon="22.051360392943025">
        <ele>1503.1600000000001</ele>
        <time>2022-01-27T06:37:53Z</time>
      </trkpt>
      <trkpt lat="-33.353936551138759" lon="22.05129467882216">
        <ele>1504.1199999999999</ele>
        <time>2022-01-27T06:37:54Z</time>
      </trkpt>
      <trkpt lat="-33.353913836181164" lon="22.051222259178758">
        <ele>1504.5999999999999</ele>
        <time>2022-01-27T06:37:55Z</time>
      </trkpt>
      <trkpt lat="-33.353811493143439" lon="22.050738036632538">
        <ele>1509.8900000000001</ele>
        <time>2022-01-27T06:38:01Z</time>
      </trkpt>
      <trkpt lat="-33.35378710180521" lon="22.050683805719018">
        <ele>1510.3699999999999</ele>
        <time>2022-01-27T06:38:02Z</time>
      </trkpt>
      <trkpt lat="-33.353759106248617" lon="22.050646673887968">
        <ele>1511.3299999999999</ele>
        <time>2022-01-27T06:38:03Z</time>
      </trkpt>
      <trkpt lat="-33.353722225874662" lon="22.050618845969439">
        <ele>1512.29</ele>
        <time>2022-01-27T06:38:04Z</time>
      </trkpt>
      <trkpt lat="-33.3536805678159" lon="22.050590934231877">
        <ele>1512.77</ele>
        <time>2022-01-27T06:38:05Z</time>
      </trkpt>
      <trkpt lat="-33.353108251467347" lon="22.050129845738411">
        <ele>1520.9400000000001</ele>
        <time>2022-01-27T06:38:15Z</time>
      </trkpt>
      <trkpt lat="-33.352928459644318" lon="22.049958100542426">
        <ele>1524.3099999999999</ele>
        <time>2022-01-27T06:38:18Z</time>
      </trkpt>
      <trkpt lat="-33.352877665311098" lon="22.049888782203197">
        <ele>1525.75</ele>
        <time>2022-01-27T06:38:19Z</time>
      </trkpt>
      <trkpt lat="-33.352833744138479" lon="22.04981510527432">
        <ele>1526.71</ele>
        <time>2022-01-27T06:38:20Z</time>
      </trkpt>
      <trkpt lat="-33.352794935926795" lon="22.049737740308046">
        <ele>1527.6700000000001</ele>
        <time>2022-01-27T06:38:21Z</time>
      </trkpt>
      <trkpt lat="-33.352760402485728" lon="22.049658363685012">
        <ele>1528.6300000000001</ele>
        <time>2022-01-27T06:38:22Z</time>
      </trkpt>
      <trkpt lat="-33.352727964520454" lon="22.049573706462979">
        <ele>1529.5899999999999</ele>
        <time>2022-01-27T06:38:23Z</time>
      </trkpt>
      <trkpt lat="-33.35259628482163" lon="22.049028128385544">
        <ele>1535.8399999999999</ele>
        <time>2022-01-27T06:38:29Z</time>
      </trkpt>
      <trkpt lat="-33.352595698088408" lon="22.048939950764179">
        <ele>1536.8</ele>
        <time>2022-01-27T06:38:30Z</time>
      </trkpt>
      <trkpt lat="-33.352799545973539" lon="22.047674786299467">
        <ele>1551.22</ele>
        <time>2022-01-27T06:38:44Z</time>
      </trkpt>
      <trkpt lat="-33.352885376662016" lon="22.047324338927865">
        <ele>1555.0699999999999</ele>
        <time>2022-01-27T06:38:48Z</time>
      </trkpt>
      <trkpt lat="-33.352887555956841" lon="22.047233311459422">
        <ele>1556.03</ele>
        <time>2022-01-27T06:38:49Z</time>
      </trkpt>
      <trkpt lat="-33.352880515158176" lon="22.047145050019026">
        <ele>1556.99</ele>
        <time>2022-01-27T06:38:50Z</time>
      </trkpt>
      <trkpt lat="-33.352864421904087" lon="22.047058045864105">
        <ele>1557.47</ele>
        <time>2022-01-27T06:38:51Z</time>
      </trkpt>
      <trkpt lat="-33.352842126041651" lon="22.046972885727882">
        <ele>1558.4300000000001</ele>
        <time>2022-01-27T06:38:52Z</time>
      </trkpt>
      <trkpt lat="-33.352814968675375" lon="22.046884708106518">
        <ele>1559.8800000000001</ele>
        <time>2022-01-27T06:38:53Z</time>
      </trkpt>
      <trkpt lat="-33.35253962315619" lon="22.04625254496932">
        <ele>1567.5699999999999</ele>
        <time>2022-01-27T06:39:00Z</time>
      </trkpt>
      <trkpt lat="-33.35249469615519" lon="22.046197392046452">
        <ele>1568.53</ele>
        <time>2022-01-27T06:39:01Z</time>
      </trkpt>
      <trkpt lat="-33.35245069116354" lon="22.046159757301211">
        <ele>1569.49</ele>
        <time>2022-01-27T06:39:02Z</time>
      </trkpt>
      <trkpt lat="-33.352405680343509" lon="22.046134946867824">
        <ele>1569.97</ele>
        <time>2022-01-27T06:39:03Z</time>
      </trkpt>
      <trkpt lat="-33.352358741685748" lon="22.046120697632432">
        <ele>1570.45</ele>
        <time>2022-01-27T06:39:04Z</time>
      </trkpt>
      <trkpt lat="-33.352326722815633" lon="22.046114159747958">
        <ele>1570.45</ele>
        <time>2022-01-27T06:39:05Z</time>
      </trkpt>
      <trkpt lat="-33.352215075865388" lon="22.046145424246788">
        <ele>1569.49</ele>
        <time>2022-01-27T06:58:38Z</time>
      </trkpt>
      <trkpt lat="-33.352214405313134" lon="22.046159254387021">
        <ele>1569.97</ele>
        <time>2022-01-27T06:59:09Z</time>
      </trkpt>
      <trkpt lat="-33.352210465818644" lon="22.046166379004717">
        <ele>1570.45</ele>
        <time>2022-01-27T06:59:39Z</time>
      </trkpt>
      <trkpt lat="-33.352199485525489" lon="22.046195464208722">
        <ele>1570.45</ele>
        <time>2022-01-27T06:59:40Z</time>
      </trkpt>
      <trkpt lat="-33.352189343422651" lon="22.046235697343946">
        <ele>1570.9300000000001</ele>
        <time>2022-01-27T06:59:41Z</time>
      </trkpt>
      <trkpt lat="-33.352069398388267" lon="22.046712459996343">
        <ele>1567.5699999999999</ele>
        <time>2022-01-27T06:59:50Z</time>
      </trkpt>
      <trkpt lat="-33.352048946544528" lon="22.046756381168962">
        <ele>1567.0899999999999</ele>
        <time>2022-01-27T06:59:51Z</time>
      </trkpt>
      <trkpt lat="-33.351982310414314" lon="22.046878505498171">
        <ele>1566.6099999999999</ele>
        <time>2022-01-27T06:59:54Z</time>
      </trkpt>
      <trkpt lat="-33.351861946284771" lon="22.047065421938896">
        <ele>1564.2</ele>
        <time>2022-01-27T06:59:58Z</time>
      </trkpt>
      <trkpt lat="-33.351803440600634" lon="22.047227276489139">
        <ele>1562.28</ele>
        <time>2022-01-27T07:00:01Z</time>
      </trkpt>
      <trkpt lat="-33.351716604083776" lon="22.047551739960909">
        <ele>1559.4000000000001</ele>
        <time>2022-01-27T07:00:07Z</time>
      </trkpt>
      <trkpt lat="-33.351611662656069" lon="22.047728095203638">
        <ele>1556.99</ele>
        <time>2022-01-27T07:00:11Z</time>
      </trkpt>
      <trkpt lat="-33.351072873920202" lon="22.048196224495769">
        <ele>1550.26</ele>
        <time>2022-01-27T07:00:23Z</time>
      </trkpt>
      <trkpt lat="-33.351033898070455" lon="22.048211060464382">
        <ele>1549.78</ele>
        <time>2022-01-27T07:00:24Z</time>
      </trkpt>
      <trkpt lat="-33.350995257496834" lon="22.048213658854365">
        <ele>1549.3</ele>
        <time>2022-01-27T07:00:25Z</time>
      </trkpt>
      <trkpt lat="-33.350958796218038" lon="22.048200666904449">
        <ele>1548.8199999999999</ele>
        <time>2022-01-27T07:00:26Z</time>
      </trkpt>
      <trkpt lat="-33.350926525890827" lon="22.048171581700444">
        <ele>1548.3399999999999</ele>
        <time>2022-01-27T07:00:27Z</time>
      </trkpt>
      <trkpt lat="-33.350902134552598" lon="22.048131013289094">
        <ele>1547.8599999999999</ele>
        <time>2022-01-27T07:00:28Z</time>
      </trkpt>
      <trkpt lat="-33.350889561697841" lon="22.048086170107126">
        <ele>1547.3800000000001</ele>
        <time>2022-01-27T07:00:29Z</time>
      </trkpt>
      <trkpt lat="-33.35088855586946" lon="22.048034034669399">
        <ele>1546.9000000000001</ele>
        <time>2022-01-27T07:00:30Z</time>
      </trkpt>
      <trkpt lat="-33.3508968539536" lon="22.047978630289435">
        <ele>1546.4200000000001</ele>
        <time>2022-01-27T07:00:31Z</time>
      </trkpt>
      <trkpt lat="-33.350915377959609" lon="22.047924399375916">
        <ele>1545.46</ele>
        <time>2022-01-27T07:00:32Z</time>
      </trkpt>
      <trkpt lat="-33.35094572044909" lon="22.047870000824332">
        <ele>1544.98</ele>
        <time>2022-01-27T07:00:33Z</time>
      </trkpt>
      <trkpt lat="-33.350988384336233" lon="22.047813842073083">
        <ele>1544.5</ele>
        <time>2022-01-27T07:00:34Z</time>
      </trkpt>
      <trkpt lat="-33.351034233346581" lon="22.04775114543736">
        <ele>1544.01</ele>
        <time>2022-01-27T07:00:35Z</time>
      </trkpt>
      <trkpt lat="-33.35108008235693" lon="22.04767931252718">
        <ele>1543.05</ele>
        <time>2022-01-27T07:00:36Z</time>
      </trkpt>
      <trkpt lat="-33.351121740415692" lon="22.04760312102735">
        <ele>1542.5699999999999</ele>
        <time>2022-01-27T07:00:37Z</time>
      </trkpt>
      <trkpt lat="-33.351154010742903" lon="22.047523325309157">
        <ele>1541.6099999999999</ele>
        <time>2022-01-27T07:00:38Z</time>
      </trkpt>
      <trkpt lat="-33.351176893338561" lon="22.047442104667425">
        <ele>1540.6500000000001</ele>
        <time>2022-01-27T07:00:39Z</time>
      </trkpt>
      <trkpt lat="-33.351192818954587" lon="22.04735929146409">
        <ele>1539.6900000000001</ele>
        <time>2022-01-27T07:00:40Z</time>
      </trkpt>
      <trkpt lat="-33.351203883066773" lon="22.047275975346565">
        <ele>1539.21</ele>
        <time>2022-01-27T07:00:41Z</time>
      </trkpt>
      <trkpt lat="-33.35120958276093" lon="22.047192240133882">
        <ele>1538.73</ele>
        <time>2022-01-27T07:00:42Z</time>
      </trkpt>
      <trkpt lat="-33.351208576932549" lon="22.047103391960263">
        <ele>1538.25</ele>
        <time>2022-01-27T07:00:43Z</time>
      </trkpt>
      <trkpt lat="-33.351200865581632" lon="22.047009514644742">
        <ele>1537.29</ele>
        <time>2022-01-27T07:00:44Z</time>
      </trkpt>
      <trkpt lat="-33.351188125088811" lon="22.046914212405682">
        <ele>1536.3199999999999</ele>
        <time>2022-01-27T07:00:45Z</time>
      </trkpt>
      <trkpt lat="-33.351099360734224" lon="22.046314654871821">
        <ele>1531.52</ele>
        <time>2022-01-27T07:00:52Z</time>
      </trkpt>
      <trkpt lat="-33.351078657433391" lon="22.046263106167316">
        <ele>1531.04</ele>
        <time>2022-01-27T07:00:53Z</time>
      </trkpt>
      <trkpt lat="-33.351049572229385" lon="22.046225806698203">
        <ele>1530.5599999999999</ele>
        <time>2022-01-27T07:00:54Z</time>
      </trkpt>
      <trkpt lat="-33.351013865321875" lon="22.046202337369323">
        <ele>1530.5599999999999</ele>
        <time>2022-01-27T07:00:55Z</time>
      </trkpt>
      <trkpt lat="-33.350975476205349" lon="22.046192530542612">
        <ele>1530.0799999999999</ele>
        <time>2022-01-27T07:00:56Z</time>
      </trkpt>
      <trkpt lat="-33.350937757641077" lon="22.046200828626752">
        <ele>1529.5899999999999</ele>
        <time>2022-01-27T07:00:57Z</time>
      </trkpt>
      <trkpt lat="-33.350903894752264" lon="22.046224884688854">
        <ele>1529.5899999999999</ele>
        <time>2022-01-27T07:00:58Z</time>
      </trkpt>
      <trkpt lat="-33.350876653566957" lon="22.046261094510555">
        <ele>1529.5899999999999</ele>
        <time>2022-01-27T07:00:59Z</time>
      </trkpt>
      <trkpt lat="-33.35085678845644" lon="22.046308284625411">
        <ele>1529.1099999999999</ele>
        <time>2022-01-27T07:01:00Z</time>
      </trkpt>
      <trkpt lat="-33.350848155096173" lon="22.046363605186343">
        <ele>1528.6300000000001</ele>
        <time>2022-01-27T07:01:01Z</time>
      </trkpt>
      <trkpt lat="-33.350846897810698" lon="22.046424709260464">
        <ele>1528.6300000000001</ele>
        <time>2022-01-27T07:01:02Z</time>
      </trkpt>
      <trkpt lat="-33.350851088762283" lon="22.046497967094183">
        <ele>1527.6700000000001</ele>
        <time>2022-01-27T07:01:03Z</time>
      </trkpt>
      <trkpt lat="-33.350851507857442" lon="22.046660408377647">
        <ele>1526.23</ele>
        <time>2022-01-27T07:01:05Z</time>
      </trkpt>
      <trkpt lat="-33.350831475108862" lon="22.046806840226054">
        <ele>1524.79</ele>
        <time>2022-01-27T07:01:07Z</time>
      </trkpt>
      <trkpt lat="-33.350811107084155" lon="22.046874230727553">
        <ele>1523.8299999999999</ele>
        <time>2022-01-27T07:01:08Z</time>
      </trkpt>
      <trkpt lat="-33.350781770423055" lon="22.046937849372625">
        <ele>1523.3499999999999</ele>
        <time>2022-01-27T07:01:09Z</time>
      </trkpt>
      <trkpt lat="-33.350740112364292" lon="22.047001384198666">
        <ele>1522.3900000000001</ele>
        <time>2022-01-27T07:01:10Z</time>
      </trkpt>
      <trkpt lat="-33.350692503154278" lon="22.047070870175958">
        <ele>1521.9000000000001</ele>
        <time>2022-01-27T07:01:11Z</time>
      </trkpt>
      <trkpt lat="-33.350182631984353" lon="22.047736896201968">
        <ele>1515.1800000000001</ele>
        <time>2022-01-27T07:01:21Z</time>
      </trkpt>
      <trkpt lat="-33.349752137437463" lon="22.048112824559212">
        <ele>1511.3299999999999</ele>
        <time>2022-01-27T07:01:29Z</time>
      </trkpt>
      <trkpt lat="-33.349711066111922" lon="22.048163954168558">
        <ele>1510.8499999999999</ele>
        <time>2022-01-27T07:01:30Z</time>
      </trkpt>
      <trkpt lat="-33.349607884883881" lon="22.048306949436665">
        <ele>1509.4100000000001</ele>
        <time>2022-01-27T07:01:33Z</time>
      </trkpt>
      <trkpt lat="-33.34957511164248" lon="22.048329748213291">
        <ele>1508.9300000000001</ele>
        <time>2022-01-27T07:01:34Z</time>
      </trkpt>
      <trkpt lat="-33.34953848272562" lon="22.048335615545511">
        <ele>1508.9300000000001</ele>
        <time>2022-01-27T07:01:35Z</time>
      </trkpt>
      <trkpt lat="-33.349500931799412" lon="22.048322875052691">
        <ele>1508.9300000000001</ele>
        <time>2022-01-27T07:01:36Z</time>
      </trkpt>
      <trkpt lat="-33.349463464692235" lon="22.048297394067049">
        <ele>1508.45</ele>
        <time>2022-01-27T07:01:37Z</time>
      </trkpt>
      <trkpt lat="-33.349431026726961" lon="22.048259088769555">
        <ele>1507.97</ele>
        <time>2022-01-27T07:01:38Z</time>
      </trkpt>
      <trkpt lat="-33.349409149959683" lon="22.048211982473731">
        <ele>1507.48</ele>
        <time>2022-01-27T07:01:39Z</time>
      </trkpt>
      <trkpt lat="-33.349399426952004" lon="22.04815817065537">
        <ele>1507</ele>
        <time>2022-01-27T07:01:40Z</time>
      </trkpt>
      <trkpt lat="-33.349398504942656" lon="22.048096815124154">
        <ele>1506.52</ele>
        <time>2022-01-27T07:01:41Z</time>
      </trkpt>
      <trkpt lat="-33.349402360618114" lon="22.048031268641353">
        <ele>1506.04</ele>
        <time>2022-01-27T07:01:42Z</time>
      </trkpt>
      <trkpt lat="-33.349409233778715" lon="22.047964297235012">
        <ele>1506.04</ele>
        <time>2022-01-27T07:01:43Z</time>
      </trkpt>
      <trkpt lat="-33.34942021407187" lon="22.047894895076752">
        <ele>1505.5599999999999</ele>
        <time>2022-01-27T07:01:44Z</time>
      </trkpt>
      <trkpt lat="-33.349439157173038" lon="22.047821637243032">
        <ele>1505.0799999999999</ele>
        <time>2022-01-27T07:01:45Z</time>
      </trkpt>
      <trkpt lat="-33.349628672003746" lon="22.046970287337899">
        <ele>1497.8699999999999</ele>
        <time>2022-01-27T07:01:55Z</time>
      </trkpt>
      <trkpt lat="-33.349479725584388" lon="22.046090522781014">
        <ele>1491.1400000000001</ele>
        <time>2022-01-27T07:02:04Z</time>
      </trkpt>
      <trkpt lat="-33.349316110834479" lon="22.045139847323298">
        <ele>1484.4100000000001</ele>
        <time>2022-01-27T07:02:15Z</time>
      </trkpt>
      <trkpt lat="-33.349125338718295" lon="22.044088002294302">
        <ele>1477.6800000000001</ele>
        <time>2022-01-27T07:02:25Z</time>
      </trkpt>
      <trkpt lat="-33.349000113084912" lon="22.043125759810209">
        <ele>1471.4400000000001</ele>
        <time>2022-01-27T07:02:34Z</time>
      </trkpt>
      <trkpt lat="-33.349012518301606" lon="22.043048311024904">
        <ele>1470.47</ele>
        <time>2022-01-27T07:02:35Z</time>
      </trkpt>
      <trkpt lat="-33.349035903811455" lon="22.042959462851286">
        <ele>1469.99</ele>
        <time>2022-01-27T07:02:36Z</time>
      </trkpt>
      <trkpt lat="-33.349069012328982" lon="22.042862568050623">
        <ele>1469.03</ele>
        <time>2022-01-27T07:02:37Z</time>
      </trkpt>
      <trkpt lat="-33.34911335259676" lon="22.042755866423249">
        <ele>1468.0699999999999</ele>
        <time>2022-01-27T07:02:38Z</time>
      </trkpt>
      <trkpt lat="-33.349166661500931" lon="22.042638771235943">
        <ele>1466.6300000000001</ele>
        <time>2022-01-27T07:02:39Z</time>
      </trkpt>
      <trkpt lat="-33.349392972886562" lon="22.042156476527452">
        <ele>1461.8199999999999</ele>
        <time>2022-01-27T07:02:45Z</time>
      </trkpt>
      <trkpt lat="-33.3494065515697" lon="22.04210115596652">
        <ele>1460.8599999999999</ele>
        <time>2022-01-27T07:02:46Z</time>
      </trkpt>
      <trkpt lat="-33.349414598196745" lon="22.042046925053">
        <ele>1460.3800000000001</ele>
        <time>2022-01-27T07:02:47Z</time>
      </trkpt>
      <trkpt lat="-33.349416693672538" lon="22.041992358863354">
        <ele>1459.9000000000001</ele>
        <time>2022-01-27T07:02:48Z</time>
      </trkpt>
      <trkpt lat="-33.349412335082889" lon="22.041941313073039">
        <ele>1459.4200000000001</ele>
        <time>2022-01-27T07:02:49Z</time>
      </trkpt>
      <trkpt lat="-33.349401019513607" lon="22.041891189292073">
        <ele>1458.9400000000001</ele>
        <time>2022-01-27T07:02:50Z</time>
      </trkpt>
      <trkpt lat="-33.349381489679217" lon="22.041845424100757">
        <ele>1458.46</ele>
        <time>2022-01-27T07:02:51Z</time>
      </trkpt>
      <trkpt lat="-33.349355002865195" lon="22.04180745407939">
        <ele>1458.46</ele>
        <time>2022-01-27T07:02:52Z</time>
      </trkpt>
      <trkpt lat="-33.349320972338319" lon="22.041777698323131">
        <ele>1457.98</ele>
        <time>2022-01-27T07:02:53Z</time>
      </trkpt>
      <trkpt lat="-33.349280152469873" lon="22.041757246479392">
        <ele>1457.5</ele>
        <time>2022-01-27T07:02:54Z</time>
      </trkpt>
      <trkpt lat="-33.349229609593749" lon="22.041743332520127">
        <ele>1457.02</ele>
        <time>2022-01-27T07:02:55Z</time>
      </trkpt>
      <trkpt lat="-33.349177138879895" lon="22.041736291721463">
        <ele>1456.53</ele>
        <time>2022-01-27T07:02:56Z</time>
      </trkpt>
      <trkpt lat="-33.34912215359509" lon="22.041735872626305">
        <ele>1456.53</ele>
        <time>2022-01-27T07:02:57Z</time>
      </trkpt>
      <trkpt lat="-33.349063983187079" lon="22.04173855483532">
        <ele>1456.05</ele>
        <time>2022-01-27T07:02:58Z</time>
      </trkpt>
      <trkpt lat="-33.34850013256073" lon="22.041739141568542">
        <ele>1451.73</ele>
        <time>2022-01-27T07:03:07Z</time>
      </trkpt>
      <trkpt lat="-33.347666468471289" lon="22.04164182767272">
        <ele>1445.96</ele>
        <time>2022-01-27T07:03:21Z</time>
      </trkpt>
      <trkpt lat="-33.346977140754461" lon="22.041556918993592">
        <ele>1441.1500000000001</ele>
        <time>2022-01-27T07:03:36Z</time>
      </trkpt>
      <trkpt lat="-33.346918383613229" lon="22.041546357795596">
        <ele>1440.6700000000001</ele>
        <time>2022-01-27T07:03:37Z</time>
      </trkpt>
      <trkpt lat="-33.346858369186521" lon="22.041528839617968">
        <ele>1440.1900000000001</ele>
        <time>2022-01-27T07:03:38Z</time>
      </trkpt>
      <trkpt lat="-33.346807239577174" lon="22.0415064599365">
        <ele>1439.71</ele>
        <time>2022-01-27T07:03:39Z</time>
      </trkpt>
      <trkpt lat="-33.346759798005223" lon="22.041477207094431">
        <ele>1439.23</ele>
        <time>2022-01-27T07:03:40Z</time>
      </trkpt>
      <trkpt lat="-33.34671663120389" lon="22.041436973959208">
        <ele>1438.75</ele>
        <time>2022-01-27T07:03:41Z</time>
      </trkpt>
      <trkpt lat="-33.346681762486696" lon="22.041388442739844">
        <ele>1438.27</ele>
        <time>2022-01-27T07:03:42Z</time>
      </trkpt>
      <trkpt lat="-33.34665703587234" lon="22.041337229311466">
        <ele>1437.79</ele>
        <time>2022-01-27T07:03:43Z</time>
      </trkpt>
      <trkpt lat="-33.346640104427934" lon="22.041282411664724">
        <ele>1437.3099999999999</ele>
        <time>2022-01-27T07:03:44Z</time>
      </trkpt>
      <trkpt lat="-33.346631806343794" lon="22.041228348389268">
        <ele>1436.8299999999999</ele>
        <time>2022-01-27T07:03:45Z</time>
      </trkpt>
      <trkpt lat="-33.346624933183193" lon="22.041172357276082">
        <ele>1436.8299999999999</ele>
        <time>2022-01-27T07:03:46Z</time>
      </trkpt>
      <trkpt lat="-33.346510352566838" lon="22.040485963225365">
        <ele>1432.98</ele>
        <time>2022-01-27T07:03:53Z</time>
      </trkpt>
      <trkpt lat="-33.346489146351814" lon="22.040395690128207">
        <ele>1432.5</ele>
        <time>2022-01-27T07:03:54Z</time>
      </trkpt>
      <trkpt lat="-33.346461318433285" lon="22.040317906066775">
        <ele>1431.54</ele>
        <time>2022-01-27T07:03:55Z</time>
      </trkpt>
      <trkpt lat="-33.346428126096725" lon="22.040254706516862">
        <ele>1431.0599999999999</ele>
        <time>2022-01-27T07:03:56Z</time>
      </trkpt>
      <trkpt lat="-33.34638680331409" lon="22.040203996002674">
        <ele>1430.5799999999999</ele>
        <time>2022-01-27T07:03:57Z</time>
      </trkpt>
      <trkpt lat="-33.346334332600236" lon="22.040163595229387">
        <ele>1430.0999999999999</ele>
        <time>2022-01-27T07:03:58Z</time>
      </trkpt>
      <trkpt lat="-33.346272557973862" lon="22.040128810331225">
        <ele>1429.6199999999999</ele>
        <time>2022-01-27T07:03:59Z</time>
      </trkpt>
      <trkpt lat="-33.346201479434967" lon="22.040101988241076">
        <ele>1429.1400000000001</ele>
        <time>2022-01-27T07:04:00Z</time>
      </trkpt>
      <trkpt lat="-33.346118163317442" lon="22.040082458406687">
        <ele>1428.6600000000001</ele>
        <time>2022-01-27T07:04:01Z</time>
      </trkpt>
      <trkpt lat="-33.346031242981553" lon="22.040071561932564">
        <ele>1428.1800000000001</ele>
        <time>2022-01-27T07:04:02Z</time>
      </trkpt>
      <trkpt lat="-33.345936611294746" lon="22.040066197514534">
        <ele>1427.7</ele>
        <time>2022-01-27T07:04:03Z</time>
      </trkpt>
      <trkpt lat="-33.345426069572568" lon="22.040086816996336">
        <ele>1424.3299999999999</ele>
        <time>2022-01-27T07:04:09Z</time>
      </trkpt>
      <trkpt lat="-33.345367731526494" lon="22.040118668228388">
        <ele>1423.8499999999999</ele>
        <time>2022-01-27T07:04:10Z</time>
      </trkpt>
      <trkpt lat="-33.345313752070069" lon="22.040161332115531">
        <ele>1423.3699999999999</ele>
        <time>2022-01-27T07:04:11Z</time>
      </trkpt>
      <trkpt lat="-33.345070509240031" lon="22.040405664592981">
        <ele>1420.97</ele>
        <time>2022-01-27T07:04:15Z</time>
      </trkpt>
      <trkpt lat="-33.345020301640034" lon="22.040479173883796">
        <ele>1420.49</ele>
        <time>2022-01-27T07:04:16Z</time>
      </trkpt>
      <trkpt lat="-33.344977470114827" lon="22.040557125583291">
        <ele>1420</ele>
        <time>2022-01-27T07:04:17Z</time>
      </trkpt>
      <trkpt lat="-33.344941344112158" lon="22.040638513863087">
        <ele>1419.52</ele>
        <time>2022-01-27T07:04:18Z</time>
      </trkpt>
      <trkpt lat="-33.344911588355899" lon="22.040721662342548">
        <ele>1419.04</ele>
        <time>2022-01-27T07:04:19Z</time>
      </trkpt>
      <trkpt lat="-33.344886694103479" lon="22.040807828307152">
        <ele>1418.0799999999999</ele>
        <time>2022-01-27T07:04:20Z</time>
      </trkpt>
      <trkpt lat="-33.344666752964258" lon="22.042138958349824">
        <ele>1409.4300000000001</ele>
        <time>2022-01-27T07:04:35Z</time>
      </trkpt>
      <trkpt lat="-33.344511520117521" lon="22.04258881509304">
        <ele>1408.47</ele>
        <time>2022-01-27T07:04:41Z</time>
      </trkpt>
      <trkpt lat="-33.344478579238057" lon="22.042638184502721">
        <ele>1408.47</ele>
        <time>2022-01-27T07:04:42Z</time>
      </trkpt>
      <trkpt lat="-33.344442620873451" lon="22.042682692408562">
        <ele>1408.47</ele>
        <time>2022-01-27T07:04:43Z</time>
      </trkpt>
      <trkpt lat="-33.344403393566608" lon="22.042720327153802">
        <ele>1408.47</ele>
        <time>2022-01-27T07:04:44Z</time>
      </trkpt>
      <trkpt lat="-33.344358634203672" lon="22.042750166729093">
        <ele>1408.95</ele>
        <time>2022-01-27T07:04:45Z</time>
      </trkpt>
      <trkpt lat="-33.344305912032723" lon="22.042773384600878">
        <ele>1408.95</ele>
        <time>2022-01-27T07:04:46Z</time>
      </trkpt>
      <trkpt lat="-33.344251848757267" lon="22.042789645493031">
        <ele>1408.95</ele>
        <time>2022-01-27T07:04:47Z</time>
      </trkpt>
      <trkpt lat="-33.344195941463113" lon="22.042801463976502">
        <ele>1408.95</ele>
        <time>2022-01-27T07:04:48Z</time>
      </trkpt>
      <trkpt lat="-33.344137519598007" lon="22.042806996032596">
        <ele>1408.95</ele>
        <time>2022-01-27T07:04:49Z</time>
      </trkpt>
      <trkpt lat="-33.344077924266458" lon="22.042805990204215">
        <ele>1408.47</ele>
        <time>2022-01-27T07:04:50Z</time>
      </trkpt>
      <trkpt lat="-33.344011455774307" lon="22.042795261368155">
        <ele>1408.47</ele>
        <time>2022-01-27T07:04:51Z</time>
      </trkpt>
      <trkpt lat="-33.34394465200603" lon="22.042776569724083">
        <ele>1408.47</ele>
        <time>2022-01-27T07:04:52Z</time>
      </trkpt>
      <trkpt lat="-33.343875836580992" lon="22.042749496176839">
        <ele>1407.99</ele>
        <time>2022-01-27T07:04:53Z</time>
      </trkpt>
      <trkpt lat="-33.343806434422731" lon="22.042713705450296">
        <ele>1407.51</ele>
        <time>2022-01-27T07:04:54Z</time>
      </trkpt>
      <trkpt lat="-33.343739127740264" lon="22.042669616639614">
        <ele>1407.03</ele>
        <time>2022-01-27T07:04:55Z</time>
      </trkpt>
      <trkpt lat="-33.343669809401035" lon="22.042617313563824">
        <ele>1406.55</ele>
        <time>2022-01-27T07:04:56Z</time>
      </trkpt>
      <trkpt lat="-33.342902194708586" lon="22.041828241199255">
        <ele>1397.8900000000001</ele>
        <time>2022-01-27T07:05:07Z</time>
      </trkpt>
      <trkpt lat="-33.341978592798114" lon="22.040745047852397">
        <ele>1390.2</ele>
        <time>2022-01-27T07:05:20Z</time>
      </trkpt>
      <trkpt lat="-33.341532507911325" lon="22.040172899141908">
        <ele>1386.8399999999999</ele>
        <time>2022-01-27T07:05:27Z</time>
      </trkpt>
      <trkpt lat="-33.341027665883303" lon="22.039240077137947">
        <ele>1380.5899999999999</ele>
        <time>2022-01-27T07:05:37Z</time>
      </trkpt>
      <trkpt lat="-33.340971255674958" lon="22.03916204161942">
        <ele>1380.1099999999999</ele>
        <time>2022-01-27T07:05:38Z</time>
      </trkpt>
      <trkpt lat="-33.34090537391603" lon="22.039086185395718">
        <ele>1379.1500000000001</ele>
        <time>2022-01-27T07:05:39Z</time>
      </trkpt>
      <trkpt lat="-33.340832367539406" lon="22.039012759923935">
        <ele>1378.6700000000001</ele>
        <time>2022-01-27T07:05:40Z</time>
      </trkpt>
      <trkpt lat="-33.340754583477974" lon="22.038945285603404">
        <ele>1378.1900000000001</ele>
        <time>2022-01-27T07:05:41Z</time>
      </trkpt>
      <trkpt lat="-33.340672105550766" lon="22.038888623937964">
        <ele>1377.71</ele>
        <time>2022-01-27T07:05:42Z</time>
      </trkpt>
      <trkpt lat="-33.340603960677981" lon="22.038851659744978">
        <ele>1377.23</ele>
        <time>2022-01-27T07:05:43Z</time>
      </trkpt>
      <trkpt lat="-33.340520728379488" lon="22.03881855122745">
        <ele>1376.75</ele>
        <time>2022-01-27T07:05:44Z</time>
      </trkpt>
      <trkpt lat="-33.340437412261963" lon="22.038800194859505">
        <ele>1376.26</ele>
        <time>2022-01-27T07:05:45Z</time>
      </trkpt>
      <trkpt lat="-33.340350827202201" lon="22.038791729137301">
        <ele>1376.26</ele>
        <time>2022-01-27T07:05:46Z</time>
      </trkpt>
      <trkpt lat="-33.340265164151788" lon="22.038782089948654">
        <ele>1376.26</ele>
        <time>2022-01-27T07:05:47Z</time>
      </trkpt>
      <trkpt lat="-33.34017732180655" lon="22.038765912875533">
        <ele>1375.78</ele>
        <time>2022-01-27T07:05:48Z</time>
      </trkpt>
      <trkpt lat="-33.340098364278674" lon="22.038744790479541">
        <ele>1375.3</ele>
        <time>2022-01-27T07:05:49Z</time>
      </trkpt>
      <trkpt lat="-33.340014880523086" lon="22.038715537637472">
        <ele>1374.8199999999999</ele>
        <time>2022-01-27T07:05:50Z</time>
      </trkpt>
      <trkpt lat="-33.339952183887362" lon="22.038690224289894">
        <ele>1374.3399999999999</ele>
        <time>2022-01-27T07:05:51Z</time>
      </trkpt>
      <trkpt lat="-33.339586984366179" lon="22.038539601489902">
        <ele>1371.46</ele>
        <time>2022-01-27T07:06:00Z</time>
      </trkpt>
      <trkpt lat="-33.339563766494393" lon="22.038528705015779">
        <ele>1370.5</ele>
        <time>2022-01-27T07:06:13Z</time>
      </trkpt>
      <trkpt lat="-33.339456394314766" lon="22.038503475487232">
        <ele>1370.02</ele>
        <time>2022-01-27T07:06:26Z</time>
      </trkpt>
      <trkpt lat="-33.339460166171193" lon="22.038488304242492">
        <ele>1371.46</ele>
        <time>2022-01-27T07:06:52Z</time>
      </trkpt>
      <trkpt lat="-33.339455053210258" lon="22.038488974794745">
        <ele>1371.46</ele>
        <time>2022-01-27T07:07:23Z</time>
      </trkpt>
      <trkpt lat="-33.339452873915434" lon="22.038487382233143">
        <ele>1371.9400000000001</ele>
        <time>2022-01-27T07:07:57Z</time>
      </trkpt>
      <trkpt lat="-33.339451616629958" lon="22.038486041128635">
        <ele>1371.46</ele>
        <time>2022-01-27T07:08:24Z</time>
      </trkpt>
      <trkpt lat="-33.339451616629958" lon="22.038486208766699">
        <ele>1369.54</ele>
        <time>2022-01-27T07:08:50Z</time>
      </trkpt>
      <trkpt lat="-33.339450443163514" lon="22.038480341434479">
        <ele>1369.05</ele>
        <time>2022-01-27T07:09:16Z</time>
      </trkpt>
      <trkpt lat="-33.339456059038639" lon="22.038486627861857">
        <ele>1369.54</ele>
        <time>2022-01-27T07:09:37Z</time>
      </trkpt>
      <trkpt lat="-33.339271824806929" lon="22.038385374471545">
        <ele>1368.5699999999999</ele>
        <time>2022-01-27T07:09:46Z</time>
      </trkpt>
      <trkpt lat="-33.338700598105788" lon="22.038143472746015">
        <ele>1366.1700000000001</ele>
        <time>2022-01-27T07:09:57Z</time>
      </trkpt>
      <trkpt lat="-33.338659442961216" lon="22.038123859092593">
        <ele>1366.1700000000001</ele>
        <time>2022-01-27T07:10:06Z</time>
      </trkpt>
      <trkpt lat="-33.338658940047026" lon="22.038116063922644">
        <ele>1366.6500000000001</ele>
        <time>2022-01-27T07:10:35Z</time>
      </trkpt>
      <trkpt lat="-33.338654413819313" lon="22.038113214075565">
        <ele>1367.6099999999999</ele>
        <time>2022-01-27T07:11:05Z</time>
      </trkpt>
      <trkpt lat="-33.33848325535655" lon="22.038028053939342">
        <ele>1367.1300000000001</ele>
        <time>2022-01-27T07:11:17Z</time>
      </trkpt>
      <trkpt lat="-33.337643975391984" lon="22.037605186924338">
        <ele>1363.77</ele>
        <time>2022-01-27T07:11:29Z</time>
      </trkpt>
      <trkpt lat="-33.33759049884975" lon="22.03754810616374">
        <ele>1363.29</ele>
        <time>2022-01-27T07:11:30Z</time>
      </trkpt>
      <trkpt lat="-33.337128153070807" lon="22.03691141679883">
        <ele>1359.4400000000001</ele>
        <time>2022-01-27T07:11:38Z</time>
      </trkpt>
      <trkpt lat="-33.337068138644099" lon="22.036852156743407">
        <ele>1358.96</ele>
        <time>2022-01-27T07:11:39Z</time>
      </trkpt>
      <trkpt lat="-33.337003095075488" lon="22.03680488280952">
        <ele>1358.48</ele>
        <time>2022-01-27T07:11:40Z</time>
      </trkpt>
      <trkpt lat="-33.336938889697194" lon="22.036767164245248">
        <ele>1358.48</ele>
        <time>2022-01-27T07:11:41Z</time>
      </trkpt>
      <trkpt lat="-33.336864039301872" lon="22.036732546985149">
        <ele>1358</ele>
        <time>2022-01-27T07:11:42Z</time>
      </trkpt>
      <trkpt lat="-33.336785500869155" lon="22.036706311628222">
        <ele>1357.52</ele>
        <time>2022-01-27T07:11:43Z</time>
      </trkpt>
      <trkpt lat="-33.336705034598708" lon="22.036685775965452">
        <ele>1357.52</ele>
        <time>2022-01-27T07:11:44Z</time>
      </trkpt>
      <trkpt lat="-33.336538150906563" lon="22.036657026037574">
        <ele>1357.52</ele>
        <time>2022-01-27T07:11:46Z</time>
      </trkpt>
      <trkpt lat="-33.335893247276545" lon="22.036622576415539">
        <ele>1358.48</ele>
        <time>2022-01-27T07:11:55Z</time>
      </trkpt>
      <trkpt lat="-33.334826398640871" lon="22.036476647481322">
        <ele>1363.29</ele>
        <time>2022-01-27T07:12:06Z</time>
      </trkpt>
      <trkpt lat="-33.334004636853933" lon="22.036062413826585">
        <ele>1359.4400000000001</ele>
        <time>2022-01-27T07:12:16Z</time>
      </trkpt>
      <trkpt lat="-33.333052787929773" lon="22.035465789958835">
        <ele>1355.5999999999999</ele>
        <time>2022-01-27T07:12:28Z</time>
      </trkpt>
      <trkpt lat="-33.332296488806605" lon="22.035134872421622">
        <ele>1355.5999999999999</ele>
        <time>2022-01-27T07:12:37Z</time>
      </trkpt>
      <trkpt lat="-33.331628032028675" lon="22.034986596554518">
        <ele>1358.48</ele>
        <time>2022-01-27T07:12:45Z</time>
      </trkpt>
      <trkpt lat="-33.331561060622334" lon="22.034981232136488">
        <ele>1358.96</ele>
        <time>2022-01-27T07:12:46Z</time>
      </trkpt>
      <trkpt lat="-33.33149878308177" lon="22.034988524392247">
        <ele>1359.9200000000001</ele>
        <time>2022-01-27T07:12:47Z</time>
      </trkpt>
      <trkpt lat="-33.331436086446047" lon="22.035012412816286">
        <ele>1360.4000000000001</ele>
        <time>2022-01-27T07:12:48Z</time>
      </trkpt>
      <trkpt lat="-33.331373557448387" lon="22.035051723942161">
        <ele>1360.8800000000001</ele>
        <time>2022-01-27T07:12:49Z</time>
      </trkpt>
      <trkpt lat="-33.331309435889125" lon="22.035103440284729">
        <ele>1361.3599999999999</ele>
        <time>2022-01-27T07:12:50Z</time>
      </trkpt>
      <trkpt lat="-33.331250511109829" lon="22.035161359235644">
        <ele>1361.8399999999999</ele>
        <time>2022-01-27T07:12:51Z</time>
      </trkpt>
      <trkpt lat="-33.331198794767261" lon="22.03522321768105">
        <ele>1362.3299999999999</ele>
        <time>2022-01-27T07:12:52Z</time>
      </trkpt>
      <trkpt lat="-33.331156130880117" lon="22.035289518535137">
        <ele>1362.8099999999999</ele>
        <time>2022-01-27T07:12:53Z</time>
      </trkpt>
      <trkpt lat="-33.331121932715178" lon="22.035359088331461">
        <ele>1363.29</ele>
        <time>2022-01-27T07:12:54Z</time>
      </trkpt>
      <trkpt lat="-33.331088908016682" lon="22.035433016717434">
        <ele>1363.77</ele>
        <time>2022-01-27T07:12:55Z</time>
      </trkpt>
      <trkpt lat="-33.3310516923666" lon="22.035507867112756">
        <ele>1364.25</ele>
        <time>2022-01-27T07:12:56Z</time>
      </trkpt>
      <trkpt lat="-33.33100525662303" lon="22.035580035299063">
        <ele>1364.73</ele>
        <time>2022-01-27T07:12:57Z</time>
      </trkpt>
      <trkpt lat="-33.330842480063438" lon="22.035794192925096">
        <ele>1366.6500000000001</ele>
        <time>2022-01-27T07:13:00Z</time>
      </trkpt>
      <trkpt lat="-33.330779951065779" lon="22.035854542627931">
        <ele>1367.1300000000001</ele>
        <time>2022-01-27T07:13:01Z</time>
      </trkpt>
      <trkpt lat="-33.330715410411358" lon="22.035909192636609">
        <ele>1367.6099999999999</ele>
        <time>2022-01-27T07:13:02Z</time>
      </trkpt>
      <trkpt lat="-33.330647349357605" lon="22.035957640036941">
        <ele>1368.0899999999999</ele>
        <time>2022-01-27T07:13:03Z</time>
      </trkpt>
      <trkpt lat="-33.330575684085488" lon="22.036002986133099">
        <ele>1368.5699999999999</ele>
        <time>2022-01-27T07:13:04Z</time>
      </trkpt>
      <trkpt lat="-33.33028893917799" lon="22.036157799884677">
        <ele>1371.46</ele>
        <time>2022-01-27T07:13:08Z</time>
      </trkpt>
      <trkpt lat="-33.330234875902534" lon="22.036210354417562">
        <ele>1371.9400000000001</ele>
        <time>2022-01-27T07:13:09Z</time>
      </trkpt>
      <trkpt lat="-33.330193469300866" lon="22.036276068538427">
        <ele>1373.3800000000001</ele>
        <time>2022-01-27T07:13:10Z</time>
      </trkpt>
      <trkpt lat="-33.330163797363639" lon="22.036352260038257">
        <ele>1373.8599999999999</ele>
        <time>2022-01-27T07:13:11Z</time>
      </trkpt>
      <trkpt lat="-33.330139489844441" lon="22.036433899775147">
        <ele>1374.8199999999999</ele>
        <time>2022-01-27T07:13:12Z</time>
      </trkpt>
      <trkpt lat="-33.330112835392356" lon="22.036515288054943">
        <ele>1375.3</ele>
        <time>2022-01-27T07:13:13Z</time>
      </trkpt>
      <trkpt lat="-33.330076541751623" lon="22.036592988297343">
        <ele>1376.26</ele>
        <time>2022-01-27T07:13:14Z</time>
      </trkpt>
      <trkpt lat="-33.330031614750624" lon="22.036661803722382">
        <ele>1377.23</ele>
        <time>2022-01-27T07:13:15Z</time>
      </trkpt>
      <trkpt lat="-33.329837657511234" lon="22.036928767338395">
        <ele>1379.6300000000001</ele>
        <time>2022-01-27T07:13:19Z</time>
      </trkpt>
      <trkpt lat="-33.329812595620751" lon="22.037000935524702">
        <ele>1380.5899999999999</ele>
        <time>2022-01-27T07:13:20Z</time>
      </trkpt>
      <trkpt lat="-33.329807482659817" lon="22.037076372653246">
        <ele>1381.0699999999999</ele>
        <time>2022-01-27T07:13:21Z</time>
      </trkpt>
      <trkpt lat="-33.329822234809399" lon="22.037152145057917">
        <ele>1381.55</ele>
        <time>2022-01-27T07:13:22Z</time>
      </trkpt>
      <trkpt lat="-33.329849727451801" lon="22.037228839471936">
        <ele>1382.03</ele>
        <time>2022-01-27T07:13:23Z</time>
      </trkpt>
      <trkpt lat="-33.329884177073836" lon="22.037302264943719">
        <ele>1382.03</ele>
        <time>2022-01-27T07:13:24Z</time>
      </trkpt>
      <trkpt lat="-33.329914603382349" lon="22.037375858053565">
        <ele>1382.51</ele>
        <time>2022-01-27T07:13:25Z</time>
      </trkpt>
      <trkpt lat="-33.3299361448735" lon="22.037452720105648">
        <ele>1382.99</ele>
        <time>2022-01-27T07:13:26Z</time>
      </trkpt>
      <trkpt lat="-33.329948885366321" lon="22.037530839443207">
        <ele>1383.47</ele>
        <time>2022-01-27T07:13:27Z</time>
      </trkpt>
      <trkpt lat="-33.329951567575336" lon="22.037608791142702">
        <ele>1383.96</ele>
        <time>2022-01-27T07:13:28Z</time>
      </trkpt>
      <trkpt lat="-33.329942096024752" lon="22.037689173594117">
        <ele>1384.4400000000001</ele>
        <time>2022-01-27T07:13:29Z</time>
      </trkpt>
      <trkpt lat="-33.329923572018743" lon="22.037770394235849">
        <ele>1384.9200000000001</ele>
        <time>2022-01-27T07:13:30Z</time>
      </trkpt>
      <trkpt lat="-33.32989607937634" lon="22.037858236581087">
        <ele>1385.4000000000001</ele>
        <time>2022-01-27T07:13:31Z</time>
      </trkpt>
      <trkpt lat="-33.329864060506225" lon="22.037944234907627">
        <ele>1385.8800000000001</ele>
        <time>2022-01-27T07:13:32Z</time>
      </trkpt>
      <trkpt lat="-33.329824497923255" lon="22.038033418357372">
        <ele>1386.3599999999999</ele>
        <time>2022-01-27T07:13:33Z</time>
      </trkpt>
      <trkpt lat="-33.329779068008065" lon="22.038120338693261">
        <ele>1386.8399999999999</ele>
        <time>2022-01-27T07:13:34Z</time>
      </trkpt>
      <trkpt lat="-33.329728022217751" lon="22.038205331191421">
        <ele>1387.8</ele>
        <time>2022-01-27T07:13:35Z</time>
      </trkpt>
      <trkpt lat="-33.329672701656818" lon="22.038287473842502">
        <ele>1388.28</ele>
        <time>2022-01-27T07:13:36Z</time>
      </trkpt>
      <trkpt lat="-33.329615537077188" lon="22.03836752101779">
        <ele>1389.24</ele>
        <time>2022-01-27T07:13:37Z</time>
      </trkpt>
      <trkpt lat="-33.329198202118278" lon="22.03892407938838">
        <ele>1394.05</ele>
        <time>2022-01-27T07:13:45Z</time>
      </trkpt>
      <trkpt lat="-33.329162411391735" lon="22.039006976410747">
        <ele>1394.53</ele>
        <time>2022-01-27T07:13:46Z</time>
      </trkpt>
      <trkpt lat="-33.32913433201611" lon="22.039091717451811">
        <ele>1395.49</ele>
        <time>2022-01-27T07:13:47Z</time>
      </trkpt>
      <trkpt lat="-33.329114634543657" lon="22.039177631959319">
        <ele>1395.97</ele>
        <time>2022-01-27T07:13:48Z</time>
      </trkpt>
      <trkpt lat="-33.32910449244082" lon="22.03926463611424">
        <ele>1396.45</ele>
        <time>2022-01-27T07:13:49Z</time>
      </trkpt>
      <trkpt lat="-33.329106923192739" lon="22.039352143183351">
        <ele>1396.9300000000001</ele>
        <time>2022-01-27T07:13:50Z</time>
      </trkpt>
      <trkpt lat="-33.329121926799417" lon="22.039438141509891">
        <ele>1397.4100000000001</ele>
        <time>2022-01-27T07:13:51Z</time>
      </trkpt>
      <trkpt lat="-33.329143300652504" lon="22.039524726569653">
        <ele>1397.4100000000001</ele>
        <time>2022-01-27T07:13:52Z</time>
      </trkpt>
      <trkpt lat="-33.329282943159342" lon="22.040694588795304">
        <ele>1403.1800000000001</ele>
        <time>2022-01-27T07:14:04Z</time>
      </trkpt>
      <trkpt lat="-33.329140366986394" lon="22.041970817372203">
        <ele>1411.3499999999999</ele>
        <time>2022-01-27T07:14:17Z</time>
      </trkpt>
      <trkpt lat="-33.328982200473547" lon="22.042806325480342">
        <ele>1415.6800000000001</ele>
        <time>2022-01-27T07:14:27Z</time>
      </trkpt>
      <trkpt lat="-33.328955210745335" lon="22.042847815901041">
        <ele>1416.1600000000001</ele>
        <time>2022-01-27T07:14:28Z</time>
      </trkpt>
      <trkpt lat="-33.328920090571046" lon="22.042875308543444">
        <ele>1416.6400000000001</ele>
        <time>2022-01-27T07:14:29Z</time>
      </trkpt>
      <trkpt lat="-33.328881449997425" lon="22.042883103713393">
        <ele>1416.6400000000001</ele>
        <time>2022-01-27T07:14:30Z</time>
      </trkpt>
      <trkpt lat="-33.328839791938663" lon="22.042876733466983">
        <ele>1416.6400000000001</ele>
        <time>2022-01-27T07:14:31Z</time>
      </trkpt>
      <trkpt lat="-33.328796541318297" lon="22.0428551081568">
        <ele>1416.6400000000001</ele>
        <time>2022-01-27T07:14:32Z</time>
      </trkpt>
      <trkpt lat="-33.328752871602774" lon="22.042818060144782">
        <ele>1416.6400000000001</ele>
        <time>2022-01-27T07:14:33Z</time>
      </trkpt>
      <trkpt lat="-33.328709453344345" lon="22.042764751240611">
        <ele>1416.1600000000001</ele>
        <time>2022-01-27T07:14:34Z</time>
      </trkpt>
      <trkpt lat="-33.328668801113963" lon="22.042704652994871">
        <ele>1416.1600000000001</ele>
        <time>2022-01-27T07:14:35Z</time>
      </trkpt>
      <trkpt lat="-33.328629657626152" lon="22.042638603597879">
        <ele>1415.6800000000001</ele>
        <time>2022-01-27T07:14:36Z</time>
      </trkpt>
      <trkpt lat="-33.328591603785753" lon="22.042564172297716">
        <ele>1415.2</ele>
        <time>2022-01-27T07:14:37Z</time>
      </trkpt>
      <trkpt lat="-33.328559752553701" lon="22.042483286932111">
        <ele>1414.72</ele>
        <time>2022-01-27T07:14:38Z</time>
      </trkpt>
      <trkpt lat="-33.32853427156806" lon="22.042399719357491">
        <ele>1414.24</ele>
        <time>2022-01-27T07:14:39Z</time>
      </trkpt>
      <trkpt lat="-33.328343834728003" lon="22.041832180693746">
        <ele>1409.4300000000001</ele>
        <time>2022-01-27T07:14:46Z</time>
      </trkpt>
      <trkpt lat="-33.328298907727003" lon="22.041763784363866">
        <ele>1408.47</ele>
        <time>2022-01-27T07:14:47Z</time>
      </trkpt>
      <trkpt lat="-33.328245682641864" lon="22.041700500994921">
        <ele>1407.99</ele>
        <time>2022-01-27T07:14:48Z</time>
      </trkpt>
      <trkpt lat="-33.328184578567743" lon="22.041644090786576">
        <ele>1407.51</ele>
        <time>2022-01-27T07:14:49Z</time>
      </trkpt>
      <trkpt lat="-33.328120037913322" lon="22.041597571223974">
        <ele>1406.55</ele>
        <time>2022-01-27T07:14:50Z</time>
      </trkpt>
      <trkpt lat="-33.328051138669252" lon="22.041554404422641">
        <ele>1406.0699999999999</ele>
        <time>2022-01-27T07:14:51Z</time>
      </trkpt>
      <trkpt lat="-33.327979557216167" lon="22.041512411087751">
        <ele>1405.0999999999999</ele>
        <time>2022-01-27T07:14:52Z</time>
      </trkpt>
      <trkpt lat="-33.327249744907022" lon="22.041192138567567">
        <ele>1396.9300000000001</ele>
        <time>2022-01-27T07:15:03Z</time>
      </trkpt>
      <trkpt lat="-33.327203392982483" lon="22.041165148839355">
        <ele>1395.97</ele>
        <time>2022-01-27T07:15:04Z</time>
      </trkpt>
      <trkpt lat="-33.327164500951767" lon="22.041130699217319">
        <ele>1395.49</ele>
        <time>2022-01-27T07:15:05Z</time>
      </trkpt>
      <trkpt lat="-33.327136002480984" lon="22.041090549901128">
        <ele>1394.53</ele>
        <time>2022-01-27T07:15:06Z</time>
      </trkpt>
      <trkpt lat="-33.327114544808865" lon="22.041043359786272">
        <ele>1393.5699999999999</ele>
        <time>2022-01-27T07:15:07Z</time>
      </trkpt>
      <trkpt lat="-33.327103229239583" lon="22.040989464148879">
        <ele>1393.0899999999999</ele>
        <time>2022-01-27T07:15:08Z</time>
      </trkpt>
      <trkpt lat="-33.32709820009768" lon="22.040930036455393">
        <ele>1392.6099999999999</ele>
        <time>2022-01-27T07:15:09Z</time>
      </trkpt>
      <trkpt lat="-33.327095434069633" lon="22.040863148868084">
        <ele>1391.6500000000001</ele>
        <time>2022-01-27T07:15:10Z</time>
      </trkpt>
      <trkpt lat="-33.327093590050936" lon="22.040790896862745">
        <ele>1391.1700000000001</ele>
        <time>2022-01-27T07:15:11Z</time>
      </trkpt>
      <trkpt lat="-33.326974147930741" lon="22.039871569722891">
        <ele>1385.8800000000001</ele>
        <time>2022-01-27T07:15:22Z</time>
      </trkpt>
      <trkpt lat="-33.326899465173483" lon="22.039726059883833">
        <ele>1385.4000000000001</ele>
        <time>2022-01-27T07:15:24Z</time>
      </trkpt>
      <trkpt lat="-33.326855711638927" lon="22.039659926667809">
        <ele>1384.9200000000001</ele>
        <time>2022-01-27T07:15:25Z</time>
      </trkpt>
      <trkpt lat="-33.326578019186854" lon="22.039321297779679">
        <ele>1382.51</ele>
        <time>2022-01-27T07:15:31Z</time>
      </trkpt>
      <trkpt lat="-33.326516831293702" lon="22.039275532588363">
        <ele>1381.55</ele>
        <time>2022-01-27T07:15:32Z</time>
      </trkpt>
      <trkpt lat="-33.325775451958179" lon="22.038696426898241">
        <ele>1373.8599999999999</ele>
        <time>2022-01-27T07:15:43Z</time>
      </trkpt>
      <trkpt lat="-33.325720634311438" lon="22.038667425513268">
        <ele>1372.9000000000001</ele>
        <time>2022-01-27T07:15:44Z</time>
      </trkpt>
      <trkpt lat="-33.325666906312108" lon="22.038649404421449">
        <ele>1372.4200000000001</ele>
        <time>2022-01-27T07:15:45Z</time>
      </trkpt>
      <trkpt lat="-33.325611753389239" lon="22.038640268146992">
        <ele>1371.9400000000001</ele>
        <time>2022-01-27T07:15:46Z</time>
      </trkpt>
      <trkpt lat="-33.325554504990578" lon="22.038642866536975">
        <ele>1370.98</ele>
        <time>2022-01-27T07:15:47Z</time>
      </trkpt>
      <trkpt lat="-33.325495412573218" lon="22.038663402199745">
        <ele>1370.02</ele>
        <time>2022-01-27T07:15:48Z</time>
      </trkpt>
      <trkpt lat="-33.32543732598424" lon="22.0387002825737">
        <ele>1369.54</ele>
        <time>2022-01-27T07:15:49Z</time>
      </trkpt>
      <trkpt lat="-33.325383933261037" lon="22.038749065250158">
        <ele>1368.5699999999999</ele>
        <time>2022-01-27T07:15:50Z</time>
      </trkpt>
      <trkpt lat="-33.325331965461373" lon="22.03880581073463">
        <ele>1368.0899999999999</ele>
        <time>2022-01-27T07:15:51Z</time>
      </trkpt>
      <trkpt lat="-33.32523163408041" lon="22.038901532068849">
        <ele>1366.6500000000001</ele>
        <time>2022-01-27T07:15:53Z</time>
      </trkpt>
      <trkpt lat="-33.325187042355537" lon="22.038926929235458">
        <ele>1365.6900000000001</ele>
        <time>2022-01-27T07:15:54Z</time>
      </trkpt>
      <trkpt lat="-33.325144546106458" lon="22.038933550938964">
        <ele>1365.21</ele>
        <time>2022-01-27T07:15:55Z</time>
      </trkpt>
      <trkpt lat="-33.325102720409632" lon="22.038921900093555">
        <ele>1364.73</ele>
        <time>2022-01-27T07:15:56Z</time>
      </trkpt>
      <trkpt lat="-33.325062906369567" lon="22.038893150165677">
        <ele>1364.73</ele>
        <time>2022-01-27T07:15:57Z</time>
      </trkpt>
      <trkpt lat="-33.325029378756881" lon="22.038854593411088">
        <ele>1364.25</ele>
        <time>2022-01-27T07:15:58Z</time>
      </trkpt>
      <trkpt lat="-33.3250024728477" lon="22.038805559277534">
        <ele>1363.77</ele>
        <time>2022-01-27T07:15:59Z</time>
      </trkpt>
      <trkpt lat="-33.324983026832342" lon="22.03874671831727">
        <ele>1363.29</ele>
        <time>2022-01-27T07:16:00Z</time>
      </trkpt>
      <trkpt lat="-33.324968190863729" lon="22.038679998368025">
        <ele>1362.8099999999999</ele>
        <time>2022-01-27T07:16:01Z</time>
      </trkpt>
      <trkpt lat="-33.324954193085432" lon="22.038608081638813">
        <ele>1362.3299999999999</ele>
        <time>2022-01-27T07:16:02Z</time>
      </trkpt>
      <trkpt lat="-33.32478160969913" lon="22.037961250171065">
        <ele>1357.52</ele>
        <time>2022-01-27T07:16:10Z</time>
      </trkpt>
      <trkpt lat="-33.324743136763573" lon="22.037894865497947">
        <ele>1357.04</ele>
        <time>2022-01-27T07:16:11Z</time>
      </trkpt>
      <trkpt lat="-33.324701394885778" lon="22.037837281823158">
        <ele>1356.5599999999999</ele>
        <time>2022-01-27T07:16:12Z</time>
      </trkpt>
      <trkpt lat="-33.324654456228018" lon="22.037787409499288">
        <ele>1356.0799999999999</ele>
        <time>2022-01-27T07:16:13Z</time>
      </trkpt>
      <trkpt lat="-33.324602907523513" lon="22.037748852744699">
        <ele>1355.5999999999999</ele>
        <time>2022-01-27T07:16:14Z</time>
      </trkpt>
      <trkpt lat="-33.324540043249726" lon="22.037721611559391">
        <ele>1355.1199999999999</ele>
        <time>2022-01-27T07:16:15Z</time>
      </trkpt>
      <trkpt lat="-33.324472149834037" lon="22.037707949057221">
        <ele>1354.6300000000001</ele>
        <time>2022-01-27T07:16:16Z</time>
      </trkpt>
      <trkpt lat="-33.324393108487129" lon="22.037703758105636">
        <ele>1354.1500000000001</ele>
        <time>2022-01-27T07:16:17Z</time>
      </trkpt>
      <trkpt lat="-33.324306104332209" lon="22.037709457799792">
        <ele>1353.1900000000001</ele>
        <time>2022-01-27T07:16:18Z</time>
      </trkpt>
      <trkpt lat="-33.324216166511178" lon="22.037720270454884">
        <ele>1352.23</ele>
        <time>2022-01-27T07:16:19Z</time>
      </trkpt>
      <trkpt lat="-33.323542680591345" lon="22.037932081148028">
        <ele>1346.46</ele>
        <time>2022-01-27T07:16:28Z</time>
      </trkpt>
      <trkpt lat="-33.322508689016104" lon="22.038205331191421">
        <ele>1337.3299999999999</ele>
        <time>2022-01-27T07:16:41Z</time>
      </trkpt>
      <trkpt lat="-33.322444315999746" lon="22.038198877125978">
        <ele>1336.8499999999999</ele>
        <time>2022-01-27T07:16:42Z</time>
      </trkpt>
      <trkpt lat="-33.322384050115943" lon="22.038182616233826">
        <ele>1336.3699999999999</ele>
        <time>2022-01-27T07:16:43Z</time>
      </trkpt>
      <trkpt lat="-33.322328897193074" lon="22.038155039772391">
        <ele>1335.4100000000001</ele>
        <time>2022-01-27T07:16:44Z</time>
      </trkpt>
      <trkpt lat="-33.32228179089725" lon="22.038116734474897">
        <ele>1334.9300000000001</ele>
        <time>2022-01-27T07:16:45Z</time>
      </trkpt>
      <trkpt lat="-33.32223828881979" lon="22.038068454712629">
        <ele>1334.45</ele>
        <time>2022-01-27T07:16:46Z</time>
      </trkpt>
      <trkpt lat="-33.322197217494249" lon="22.038011457771063">
        <ele>1333.97</ele>
        <time>2022-01-27T07:16:47Z</time>
      </trkpt>
      <trkpt lat="-33.322155307978392" lon="22.037946078926325">
        <ele>1333.49</ele>
        <time>2022-01-27T07:16:48Z</time>
      </trkpt>
      <trkpt lat="-33.321978868916631" lon="22.037582639604807">
        <ele>1330.5999999999999</ele>
        <time>2022-01-27T07:16:53Z</time>
      </trkpt>
      <trkpt lat="-33.321957662701607" lon="22.037500329315662">
        <ele>1330.1199999999999</ele>
        <time>2022-01-27T07:16:54Z</time>
      </trkpt>
      <trkpt lat="-33.321816930547357" lon="22.036939077079296">
        <ele>1326.28</ele>
        <time>2022-01-27T07:17:01Z</time>
      </trkpt>
      <trkpt lat="-33.321786504238844" lon="22.036877889186144">
        <ele>1325.8</ele>
        <time>2022-01-27T07:17:02Z</time>
      </trkpt>
      <trkpt lat="-33.321749456226826" lon="22.036821898072958">
        <ele>1325.3099999999999</ele>
        <time>2022-01-27T07:17:03Z</time>
      </trkpt>
      <trkpt lat="-33.321706540882587" lon="22.036768337711692">
        <ele>1324.8299999999999</ele>
        <time>2022-01-27T07:17:04Z</time>
      </trkpt>
      <trkpt lat="-33.321656584739685" lon="22.036713687703013">
        <ele>1324.3499999999999</ele>
        <time>2022-01-27T07:17:05Z</time>
      </trkpt>
      <trkpt lat="-33.321357937529683" lon="22.036445718258619">
        <ele>1322.4300000000001</ele>
        <time>2022-01-27T07:17:10Z</time>
      </trkpt>
      <trkpt lat="-33.321298090741038" lon="22.036416465416551">
        <ele>1321.95</ele>
        <time>2022-01-27T07:17:11Z</time>
      </trkpt>
      <trkpt lat="-33.321236483752728" lon="22.03640473075211">
        <ele>1321.47</ele>
        <time>2022-01-27T07:17:12Z</time>
      </trkpt>
      <trkpt lat="-33.321176636964083" lon="22.036410262808204">
        <ele>1320.99</ele>
        <time>2022-01-27T07:17:13Z</time>
      </trkpt>
      <trkpt lat="-33.321114527061582" lon="22.036430630832911">
        <ele>1320.99</ele>
        <time>2022-01-27T07:17:14Z</time>
      </trkpt>
      <trkpt lat="-33.32105191424489" lon="22.036464577540755">
        <ele>1320.51</ele>
        <time>2022-01-27T07:17:15Z</time>
      </trkpt>
      <trkpt lat="-33.320989469066262" lon="22.036508833989501">
        <ele>1320.03</ele>
        <time>2022-01-27T07:17:16Z</time>
      </trkpt>
      <trkpt lat="-33.320930041372776" lon="22.036560215055943">
        <ele>1319.55</ele>
        <time>2022-01-27T07:17:17Z</time>
      </trkpt>
      <trkpt lat="-33.320878157392144" lon="22.036619307473302">
        <ele>1319.0699999999999</ele>
        <time>2022-01-27T07:17:18Z</time>
      </trkpt>
      <trkpt lat="-33.320834655314684" lon="22.036684602499008">
        <ele>1318.5899999999999</ele>
        <time>2022-01-27T07:17:19Z</time>
      </trkpt>
      <trkpt lat="-33.320799367502332" lon="22.036758195608854">
        <ele>1318.0999999999999</ele>
        <time>2022-01-27T07:17:20Z</time>
      </trkpt>
      <trkpt lat="-33.320769108831882" lon="22.036837907508016">
        <ele>1317.6199999999999</ele>
        <time>2022-01-27T07:17:21Z</time>
      </trkpt>
      <trkpt lat="-33.320740107446909" lon="22.036923738196492">
        <ele>1317.1400000000001</ele>
        <time>2022-01-27T07:17:22Z</time>
      </trkpt>
      <trkpt lat="-33.320223782211542" lon="22.03805579803884">
        <ele>1308.01</ele>
        <time>2022-01-27T07:17:36Z</time>
      </trkpt>
      <trkpt lat="-33.320179777219892" lon="22.038110783323646">
        <ele>1307.53</ele>
        <time>2022-01-27T07:17:37Z</time>
      </trkpt>
      <trkpt lat="-33.320130659267306" lon="22.03816132619977">
        <ele>1307.05</ele>
        <time>2022-01-27T07:17:38Z</time>
      </trkpt>
      <trkpt lat="-33.320077685639262" lon="22.03820725902915">
        <ele>1306.5699999999999</ele>
        <time>2022-01-27T07:17:39Z</time>
      </trkpt>
      <trkpt lat="-33.320018425583839" lon="22.038247492164373">
        <ele>1306.0899999999999</ele>
        <time>2022-01-27T07:17:40Z</time>
      </trkpt>
      <trkpt lat="-33.31995346583426" lon="22.038284037262201">
        <ele>1305.6099999999999</ele>
        <time>2022-01-27T07:17:41Z</time>
      </trkpt>
      <trkpt lat="-33.319514086470008" lon="22.03858008608222">
        <ele>1301.76</ele>
        <time>2022-01-27T07:17:48Z</time>
      </trkpt>
      <trkpt lat="-33.319456670433283" lon="22.038599113002419">
        <ele>1301.28</ele>
        <time>2022-01-27T07:17:49Z</time>
      </trkpt>
      <trkpt lat="-33.319402942433953" lon="22.038606405258179">
        <ele>1300.8</ele>
        <time>2022-01-27T07:17:50Z</time>
      </trkpt>
      <trkpt lat="-33.31935097463429" lon="22.038603303954005">
        <ele>1300.3199999999999</ele>
        <time>2022-01-27T07:17:51Z</time>
      </trkpt>
      <trkpt lat="-33.319299761205912" lon="22.038592491298914">
        <ele>1299.8399999999999</ele>
        <time>2022-01-27T07:17:52Z</time>
      </trkpt>
      <trkpt lat="-33.319248128682375" lon="22.038582768291235">
        <ele>1299.3599999999999</ele>
        <time>2022-01-27T07:17:53Z</time>
      </trkpt>
      <trkpt lat="-33.319195071235299" lon="22.038581762462854">
        <ele>1299.3599999999999</ele>
        <time>2022-01-27T07:17:54Z</time>
      </trkpt>
      <trkpt lat="-33.319142768159509" lon="22.038591736927629">
        <ele>1298.8800000000001</ele>
        <time>2022-01-27T07:17:55Z</time>
      </trkpt>
      <trkpt lat="-33.319089710712433" lon="22.038615373894572">
        <ele>1298.4000000000001</ele>
        <time>2022-01-27T07:17:56Z</time>
      </trkpt>
      <trkpt lat="-33.319034557789564" lon="22.038648230955005">
        <ele>1297.9200000000001</ele>
        <time>2022-01-27T07:17:57Z</time>
      </trkpt>
      <trkpt lat="-33.318977644667029" lon="22.038690894842148">
        <ele>1297.4400000000001</ele>
        <time>2022-01-27T07:17:58Z</time>
      </trkpt>
      <trkpt lat="-33.318917714059353" lon="22.038742108270526">
        <ele>1296.96</ele>
        <time>2022-01-27T07:17:59Z</time>
      </trkpt>
      <trkpt lat="-33.318747645244002" lon="22.038916368037462">
        <ele>1294.55</ele>
        <time>2022-01-27T07:18:02Z</time>
      </trkpt>
      <trkpt lat="-33.318706741556525" lon="22.038980070501566">
        <ele>1293.5899999999999</ele>
        <time>2022-01-27T07:18:03Z</time>
      </trkpt>
      <trkpt lat="-33.31867765635252" lon="22.039048383012414">
        <ele>1293.1099999999999</ele>
        <time>2022-01-27T07:18:04Z</time>
      </trkpt>
      <trkpt lat="-33.318658042699099" lon="22.039124323055148">
        <ele>1292.1500000000001</ele>
        <time>2022-01-27T07:18:05Z</time>
      </trkpt>
      <trkpt lat="-33.318648738786578" lon="22.039206381887197">
        <ele>1291.6700000000001</ele>
        <time>2022-01-27T07:18:06Z</time>
      </trkpt>
      <trkpt lat="-33.3186458889395" lon="22.039295230060816">
        <ele>1290.71</ele>
        <time>2022-01-27T07:18:07Z</time>
      </trkpt>
      <trkpt lat="-33.318648152053356" lon="22.039391538128257">
        <ele>1290.23</ele>
        <time>2022-01-27T07:18:08Z</time>
      </trkpt>
      <trkpt lat="-33.318653516471386" lon="22.039491701871157">
        <ele>1289.27</ele>
        <time>2022-01-27T07:18:09Z</time>
      </trkpt>
      <trkpt lat="-33.318772539496422" lon="22.040527034550905">
        <ele>1281.5699999999999</ele>
        <time>2022-01-27T07:18:21Z</time>
      </trkpt>
      <trkpt lat="-33.318993989378214" lon="22.041124831885099">
        <ele>1274.8499999999999</ele>
        <time>2022-01-27T07:18:29Z</time>
      </trkpt>
      <trkpt lat="-33.319009663537145" lon="22.041175961494446">
        <ele>1273.8800000000001</ele>
        <time>2022-01-27T07:18:30Z</time>
      </trkpt>
      <trkpt lat="-33.319020727649331" lon="22.041225079447031">
        <ele>1273.4000000000001</ele>
        <time>2022-01-27T07:18:31Z</time>
      </trkpt>
      <trkpt lat="-33.319025002419949" lon="22.041273359209299">
        <ele>1272.9200000000001</ele>
        <time>2022-01-27T07:18:32Z</time>
      </trkpt>
      <trkpt lat="-33.319016452878714" lon="22.041320884600282">
        <ele>1272.4400000000001</ele>
        <time>2022-01-27T07:18:33Z</time>
      </trkpt>
      <trkpt lat="-33.318996420130134" lon="22.041370421648026">
        <ele>1271.48</ele>
        <time>2022-01-27T07:18:34Z</time>
      </trkpt>
      <trkpt lat="-33.318964401260018" lon="22.041424233466387">
        <ele>1271</ele>
        <time>2022-01-27T07:18:35Z</time>
      </trkpt>
      <trkpt lat="-33.318926012143493" lon="22.041483242064714">
        <ele>1270.04</ele>
        <time>2022-01-27T07:18:36Z</time>
      </trkpt>
      <trkpt lat="-33.318736078217626" lon="22.041857577860355">
        <ele>1266.6700000000001</ele>
        <time>2022-01-27T07:18:41Z</time>
      </trkpt>
      <trkpt lat="-33.318694168701768" lon="22.041925303637981">
        <ele>1266.1900000000001</ele>
        <time>2022-01-27T07:18:42Z</time>
      </trkpt>
      <trkpt lat="-33.318646308034658" lon="22.041982300579548">
        <ele>1265.71</ele>
        <time>2022-01-27T07:18:43Z</time>
      </trkpt>
      <trkpt lat="-33.318593082949519" lon="22.042029071599245">
        <ele>1265.23</ele>
        <time>2022-01-27T07:18:44Z</time>
      </trkpt>
      <trkpt lat="-33.318534661084414" lon="22.042066035792232">
        <ele>1264.75</ele>
        <time>2022-01-27T07:18:45Z</time>
      </trkpt>
      <trkpt lat="-33.318472886458039" lon="22.04209771938622">
        <ele>1264.27</ele>
        <time>2022-01-27T07:18:46Z</time>
      </trkpt>
      <trkpt lat="-33.318062927573919" lon="22.042289581149817">
        <ele>1259.9400000000001</ele>
        <time>2022-01-27T07:18:52Z</time>
      </trkpt>
      <trkpt lat="-33.31799603998661" lon="22.042339285835624">
        <ele>1259.46</ele>
        <time>2022-01-27T07:18:53Z</time>
      </trkpt>
      <trkpt lat="-33.317938540130854" lon="22.042398545891047">
        <ele>1258.98</ele>
        <time>2022-01-27T07:18:54Z</time>
      </trkpt>
      <trkpt lat="-33.317892272025347" lon="22.042462751269341">
        <ele>1258.5</ele>
        <time>2022-01-27T07:18:55Z</time>
      </trkpt>
      <trkpt lat="-33.317850781604648" lon="22.042531063780189">
        <ele>1258.02</ele>
        <time>2022-01-27T07:18:56Z</time>
      </trkpt>
      <trkpt lat="-33.317408300936222" lon="22.043341426178813">
        <ele>1250.3299999999999</ele>
        <time>2022-01-27T07:19:06Z</time>
      </trkpt>
      <trkpt lat="-33.317365888506174" lon="22.043397333472967">
        <ele>1249.3699999999999</ele>
        <time>2022-01-27T07:19:07Z</time>
      </trkpt>
      <trkpt lat="-33.317316435277462" lon="22.043444942682981">
        <ele>1248.4100000000001</ele>
        <time>2022-01-27T07:19:08Z</time>
      </trkpt>
      <trkpt lat="-33.317262958735228" lon="22.043486936017871">
        <ele>1247.45</ele>
        <time>2022-01-27T07:19:09Z</time>
      </trkpt>
      <trkpt lat="-33.317202692851424" lon="22.043523564934731">
        <ele>1246.97</ele>
        <time>2022-01-27T07:19:10Z</time>
      </trkpt>
      <trkpt lat="-33.31714334897697" lon="22.043552985414863">
        <ele>1246.01</ele>
        <time>2022-01-27T07:19:11Z</time>
      </trkpt>
      <trkpt lat="-33.31708668731153" lon="22.043571090325713">
        <ele>1245.04</ele>
        <time>2022-01-27T07:19:12Z</time>
      </trkpt>
      <trkpt lat="-33.317036563530564" lon="22.04357922077179">
        <ele>1244.5599999999999</ele>
        <time>2022-01-27T07:19:13Z</time>
      </trkpt>
      <trkpt lat="-33.316994905471802" lon="22.04358072951436">
        <ele>1243.5999999999999</ele>
        <time>2022-01-27T07:19:14Z</time>
      </trkpt>
      <trkpt lat="-33.316955594345927" lon="22.043580058962107">
        <ele>1243.1199999999999</ele>
        <time>2022-01-27T07:19:15Z</time>
      </trkpt>
      <trkpt lat="-33.316366598010063" lon="22.04352498985827">
        <ele>1236.3900000000001</ele>
        <time>2022-01-27T07:19:29Z</time>
      </trkpt>
      <trkpt lat="-33.316185800358653" lon="22.043834030628204">
        <ele>1234.47</ele>
        <time>2022-01-27T07:19:39Z</time>
      </trkpt>
      <trkpt lat="-33.316158559173346" lon="22.044154051691294">
        <ele>1231.5899999999999</ele>
        <time>2022-01-27T07:19:43Z</time>
      </trkpt>
      <trkpt lat="-33.316141040995717" lon="22.04422714188695">
        <ele>1230.6199999999999</ele>
        <time>2022-01-27T07:19:44Z</time>
      </trkpt>
      <trkpt lat="-33.3161143027246" lon="22.044293191283941">
        <ele>1230.1400000000001</ele>
        <time>2022-01-27T07:19:45Z</time>
      </trkpt>
      <trkpt lat="-33.316078511998057" lon="22.04435178078711">
        <ele>1229.6600000000001</ele>
        <time>2022-01-27T07:19:46Z</time>
      </trkpt>
      <trkpt lat="-33.316033836454153" lon="22.044401485472918">
        <ele>1229.1800000000001</ele>
        <time>2022-01-27T07:19:47Z</time>
      </trkpt>
      <trkpt lat="-33.31598186865449" lon="22.044441467151046">
        <ele>1228.7</ele>
        <time>2022-01-27T07:19:48Z</time>
      </trkpt>
      <trkpt lat="-33.315926967188716" lon="22.044479940086603">
        <ele>1228.22</ele>
        <time>2022-01-27T07:19:49Z</time>
      </trkpt>
      <trkpt lat="-33.315695710480213" lon="22.044690493494272">
        <ele>1225.8199999999999</ele>
        <time>2022-01-27T07:19:53Z</time>
      </trkpt>
      <trkpt lat="-33.315640641376376" lon="22.044761152938008">
        <ele>1225.3399999999999</ele>
        <time>2022-01-27T07:19:54Z</time>
      </trkpt>
      <trkpt lat="-33.315095901489258" lon="22.045597499236465">
        <ele>1218.6099999999999</ele>
        <time>2022-01-27T07:20:06Z</time>
      </trkpt>
      <trkpt lat="-33.315052147954702" lon="22.04564468935132">
        <ele>1218.1300000000001</ele>
        <time>2022-01-27T07:20:07Z</time>
      </trkpt>
      <trkpt lat="-33.315005209296942" lon="22.04568131826818">
        <ele>1217.6500000000001</ele>
        <time>2022-01-27T07:20:08Z</time>
      </trkpt>
      <trkpt lat="-33.314959611743689" lon="22.045706631615758">
        <ele>1217.1700000000001</ele>
        <time>2022-01-27T07:20:09Z</time>
      </trkpt>
      <trkpt lat="-33.314914684742689" lon="22.045720042660832">
        <ele>1216.6900000000001</ele>
        <time>2022-01-27T07:20:10Z</time>
      </trkpt>
      <trkpt lat="-33.31486682407558" lon="22.045721132308245">
        <ele>1216.21</ele>
        <time>2022-01-27T07:20:11Z</time>
      </trkpt>
      <trkpt lat="-33.314819382503629" lon="22.04570721834898">
        <ele>1215.24</ele>
        <time>2022-01-27T07:20:12Z</time>
      </trkpt>
      <trkpt lat="-33.314779652282596" lon="22.045680563896894">
        <ele>1214.76</ele>
        <time>2022-01-27T07:20:13Z</time>
      </trkpt>
      <trkpt lat="-33.314746124669909" lon="22.045641085132957">
        <ele>1214.28</ele>
        <time>2022-01-27T07:20:14Z</time>
      </trkpt>
      <trkpt lat="-33.314718548208475" lon="22.045594230294228">
        <ele>1213.8</ele>
        <time>2022-01-27T07:20:15Z</time>
      </trkpt>
      <trkpt lat="-33.314696168527007" lon="22.045541843399405">
        <ele>1212.8399999999999</ele>
        <time>2022-01-27T07:20:16Z</time>
      </trkpt>
      <trkpt lat="-33.314679069444537" lon="22.045482331886888">
        <ele>1212.3599999999999</ele>
        <time>2022-01-27T07:20:17Z</time>
      </trkpt>
      <trkpt lat="-33.314664401113987" lon="22.045420808717608">
        <ele>1211.8800000000001</ele>
        <time>2022-01-27T07:20:18Z</time>
      </trkpt>
      <trkpt lat="-33.314482178539038" lon="22.044553952291608">
        <ele>1203.23</ele>
        <time>2022-01-27T07:20:30Z</time>
      </trkpt>
      <trkpt lat="-33.314312612637877" lon="22.044202918186784">
        <ele>1198.4200000000001</ele>
        <time>2022-01-27T07:20:36Z</time>
      </trkpt>
      <trkpt lat="-33.314280426129699" lon="22.044169306755066">
        <ele>1197.9400000000001</ele>
        <time>2022-01-27T07:20:37Z</time>
      </trkpt>
      <trkpt lat="-33.314245138317347" lon="22.044149274006486">
        <ele>1196.98</ele>
        <time>2022-01-27T07:20:38Z</time>
      </trkpt>
      <trkpt lat="-33.314207922667265" lon="22.044144747778773">
        <ele>1196.5</ele>
        <time>2022-01-27T07:20:39Z</time>
      </trkpt>
      <trkpt lat="-33.314174143597484" lon="22.044160757213831">
        <ele>1195.54</ele>
        <time>2022-01-27T07:20:40Z</time>
      </trkpt>
      <trkpt lat="-33.314148159697652" lon="22.044191434979439">
        <ele>1195.0599999999999</ele>
        <time>2022-01-27T07:20:41Z</time>
      </trkpt>
      <trkpt lat="-33.314130138605833" lon="22.044234350323677">
        <ele>1194.5799999999999</ele>
        <time>2022-01-27T07:20:42Z</time>
      </trkpt>
      <trkpt lat="-33.314124941825867" lon="22.044285060837865">
        <ele>1194.0899999999999</ele>
        <time>2022-01-27T07:20:43Z</time>
      </trkpt>
      <trkpt lat="-33.314128629863262" lon="22.044342812150717">
        <ele>1193.6099999999999</ele>
        <time>2022-01-27T07:20:44Z</time>
      </trkpt>
      <trkpt lat="-33.314139861613512" lon="22.044406095519662">
        <ele>1193.1300000000001</ele>
        <time>2022-01-27T07:20:45Z</time>
      </trkpt>
      <trkpt lat="-33.314154697582126" lon="22.044473737478256">
        <ele>1192.1700000000001</ele>
        <time>2022-01-27T07:20:46Z</time>
      </trkpt>
      <trkpt lat="-33.314171880483627" lon="22.045379737392068">
        <ele>1184</ele>
        <time>2022-01-27T07:20:57Z</time>
      </trkpt>
      <trkpt lat="-33.31391841173172" lon="22.046011062338948">
        <ele>1175.8299999999999</ele>
        <time>2022-01-27T07:21:06Z</time>
      </trkpt>
      <trkpt lat="-33.313902318477631" lon="22.046070238575339">
        <ele>1175.3499999999999</ele>
        <time>2022-01-27T07:21:07Z</time>
      </trkpt>
      <trkpt lat="-33.313896115869284" lon="22.046129917725921">
        <ele>1174.8699999999999</ele>
        <time>2022-01-27T07:21:08Z</time>
      </trkpt>
      <trkpt lat="-33.313903324306011" lon="22.046188004314899">
        <ele>1174.3900000000001</ele>
        <time>2022-01-27T07:21:09Z</time>
      </trkpt>
      <trkpt lat="-33.313922099769115" lon="22.046242570504546">
        <ele>1173.9100000000001</ele>
        <time>2022-01-27T07:21:10Z</time>
      </trkpt>
      <trkpt lat="-33.313946574926376" lon="22.046296466141939">
        <ele>1172.95</ele>
        <time>2022-01-27T07:21:11Z</time>
      </trkpt>
      <trkpt lat="-33.313970295712352" lon="22.046344159170985">
        <ele>1172.47</ele>
        <time>2022-01-27T07:21:12Z</time>
      </trkpt>
      <trkpt lat="-33.313966942951083" lon="22.046601483598351">
        <ele>1169.0999999999999</ele>
        <time>2022-01-27T07:21:20Z</time>
      </trkpt>
      <trkpt lat="-33.313930397853255" lon="22.04661606810987">
        <ele>1168.6199999999999</ele>
        <time>2022-01-27T07:21:21Z</time>
      </trkpt>
      <trkpt lat="-33.313888739794493" lon="22.046616654843092">
        <ele>1168.1400000000001</ele>
        <time>2022-01-27T07:21:22Z</time>
      </trkpt>
      <trkpt lat="-33.313846243545413" lon="22.046606177464128">
        <ele>1168.1400000000001</ele>
        <time>2022-01-27T07:21:23Z</time>
      </trkpt>
      <trkpt lat="-33.313803244382143" lon="22.046586815267801">
        <ele>1167.6600000000001</ele>
        <time>2022-01-27T07:21:24Z</time>
      </trkpt>
      <trkpt lat="-33.313760831952095" lon="22.046560663729906">
        <ele>1167.1800000000001</ele>
        <time>2022-01-27T07:21:25Z</time>
      </trkpt>
      <trkpt lat="-33.31372001208365" lon="22.046534093096852">
        <ele>1166.7</ele>
        <time>2022-01-27T07:21:26Z</time>
      </trkpt>
      <trkpt lat="-33.31354365684092" lon="22.04641473479569">
        <ele>1164.77</ele>
        <time>2022-01-27T07:21:31Z</time>
      </trkpt>
      <trkpt lat="-33.313516415655613" lon="22.046374082565308">
        <ele>1164.29</ele>
        <time>2022-01-27T07:21:32Z</time>
      </trkpt>
      <trkpt lat="-33.313494957983494" lon="22.046326557174325">
        <ele>1163.8099999999999</ele>
        <time>2022-01-27T07:21:33Z</time>
      </trkpt>
      <trkpt lat="-33.313482468947768" lon="22.0462725777179">
        <ele>1163.3299999999999</ele>
        <time>2022-01-27T07:21:34Z</time>
      </trkpt>
      <trkpt lat="-33.313479870557785" lon="22.04621541313827">
        <ele>1162.8499999999999</ele>
        <time>2022-01-27T07:21:35Z</time>
      </trkpt>
      <trkpt lat="-33.313484229147434" lon="22.046156069263816">
        <ele>1161.8900000000001</ele>
        <time>2022-01-27T07:21:36Z</time>
      </trkpt>
      <trkpt lat="-33.313496550545096" lon="22.046095887199044">
        <ele>1161.4100000000001</ele>
        <time>2022-01-27T07:21:37Z</time>
      </trkpt>
      <trkpt lat="-33.313515577465296" lon="22.046035537496209">
        <ele>1160.45</ele>
        <time>2022-01-27T07:21:38Z</time>
      </trkpt>
      <trkpt lat="-33.313537705689669" lon="22.045977283269167">
        <ele>1159.49</ele>
        <time>2022-01-27T07:21:39Z</time>
      </trkpt>
      <trkpt lat="-33.313561007380486" lon="22.0459202863276">
        <ele>1158.53</ele>
        <time>2022-01-27T07:21:40Z</time>
      </trkpt>
      <trkpt lat="-33.31360031850636" lon="22.04580687917769">
        <ele>1157.0799999999999</ele>
        <time>2022-01-27T07:21:42Z</time>
      </trkpt>
      <trkpt lat="-33.313608197495341" lon="22.04574778676033">
        <ele>1156.5999999999999</ele>
        <time>2022-01-27T07:21:43Z</time>
      </trkpt>
      <trkpt lat="-33.313606521114707" lon="22.045689197257161">
        <ele>1155.6400000000001</ele>
        <time>2022-01-27T07:21:44Z</time>
      </trkpt>
      <trkpt lat="-33.313595540821552" lon="22.045632787048817">
        <ele>1155.1600000000001</ele>
        <time>2022-01-27T07:21:45Z</time>
      </trkpt>
      <trkpt lat="-33.313579531386495" lon="22.045576544478536">
        <ele>1154.2</ele>
        <time>2022-01-27T07:21:46Z</time>
      </trkpt>
      <trkpt lat="-33.313560839742422" lon="22.045522313565016">
        <ele>1153.72</ele>
        <time>2022-01-27T07:21:47Z</time>
      </trkpt>
      <trkpt lat="-33.313508704304695" lon="22.045349646359682">
        <ele>1151.8</ele>
        <time>2022-01-27T07:21:50Z</time>
      </trkpt>
      <trkpt lat="-33.31349772401154" lon="22.045288207009435">
        <ele>1151.3199999999999</ele>
        <time>2022-01-27T07:21:51Z</time>
      </trkpt>
      <trkpt lat="-33.313460843637586" lon="22.044256310909986">
        <ele>1140.26</ele>
        <time>2022-01-27T07:22:07Z</time>
      </trkpt>
      <trkpt lat="-33.31327099353075" lon="22.043481906875968">
        <ele>1132.0899999999999</ele>
        <time>2022-01-27T07:22:19Z</time>
      </trkpt>
      <trkpt lat="-33.313267473131418" lon="22.043421557173133">
        <ele>1131.1300000000001</ele>
        <time>2022-01-27T07:22:20Z</time>
      </trkpt>
      <trkpt lat="-33.313268814235926" lon="22.043360872194171">
        <ele>1130.6500000000001</ele>
        <time>2022-01-27T07:22:21Z</time>
      </trkpt>
      <trkpt lat="-33.313275938853621" lon="22.043300438672304">
        <ele>1129.6900000000001</ele>
        <time>2022-01-27T07:22:22Z</time>
      </trkpt>
      <trkpt lat="-33.313286919146776" lon="22.043232629075646">
        <ele>1129.21</ele>
        <time>2022-01-27T07:22:23Z</time>
      </trkpt>
      <trkpt lat="-33.313317848369479" lon="22.042374657467008">
        <ele>1120.55</ele>
        <time>2022-01-27T07:22:34Z</time>
      </trkpt>
      <trkpt lat="-33.313341736793518" lon="22.042174832895398">
        <ele>1118.6300000000001</ele>
        <time>2022-01-27T07:22:37Z</time>
      </trkpt>
      <trkpt lat="-33.313340730965137" lon="22.042124960571527">
        <ele>1117.6700000000001</ele>
        <time>2022-01-27T07:22:38Z</time>
      </trkpt>
      <trkpt lat="-33.313333271071315" lon="22.042079111561179">
        <ele>1117.1900000000001</ele>
        <time>2022-01-27T07:22:39Z</time>
      </trkpt>
      <trkpt lat="-33.313316758722067" lon="22.042041392996907">
        <ele>1116.71</ele>
        <time>2022-01-27T07:22:40Z</time>
      </trkpt>
      <trkpt lat="-33.313293624669313" lon="22.042009625583887">
        <ele>1116.23</ele>
        <time>2022-01-27T07:22:41Z</time>
      </trkpt>
      <trkpt lat="-33.313265880569816" lon="22.041985569521785">
        <ele>1115.75</ele>
        <time>2022-01-27T07:22:42Z</time>
      </trkpt>
      <trkpt lat="-33.313234113156796" lon="22.041975595057011">
        <ele>1115.27</ele>
        <time>2022-01-27T07:22:43Z</time>
      </trkpt>
      <trkpt lat="-33.313197568058968" lon="22.041985737159848">
        <ele>1114.3099999999999</ele>
        <time>2022-01-27T07:22:44Z</time>
      </trkpt>
      <trkpt lat="-33.313167057931423" lon="22.042012140154839">
        <ele>1113.8199999999999</ele>
        <time>2022-01-27T07:22:45Z</time>
      </trkpt>
      <trkpt lat="-33.313142415136099" lon="22.042048936709762">
        <ele>1113.8199999999999</ele>
        <time>2022-01-27T07:22:46Z</time>
      </trkpt>
      <trkpt lat="-33.313127662986517" lon="22.042091935873032">
        <ele>1113.3399999999999</ele>
        <time>2022-01-27T07:22:47Z</time>
      </trkpt>
      <trkpt lat="-33.313124226406217" lon="22.042139293625951">
        <ele>1113.3399999999999</ele>
        <time>2022-01-27T07:22:48Z</time>
      </trkpt>
      <trkpt lat="-33.313128584995866" lon="22.042188830673695">
        <ele>1112.8599999999999</ele>
        <time>2022-01-27T07:22:49Z</time>
      </trkpt>
      <trkpt lat="-33.313138224184513" lon="22.042243396863341">
        <ele>1112.8599999999999</ele>
        <time>2022-01-27T07:22:50Z</time>
      </trkpt>
      <trkpt lat="-33.313150126487017" lon="22.04230441711843">
        <ele>1112.3800000000001</ele>
        <time>2022-01-27T07:22:51Z</time>
      </trkpt>
      <trkpt lat="-33.313165381550789" lon="22.042428888380527">
        <ele>1111.4200000000001</ele>
        <time>2022-01-27T07:22:53Z</time>
      </trkpt>
      <trkpt lat="-33.313161442056298" lon="22.042489657178521">
        <ele>1110.9400000000001</ele>
        <time>2022-01-27T07:22:54Z</time>
      </trkpt>
      <trkpt lat="-33.313142079859972" lon="22.042602309957147">
        <ele>1109.98</ele>
        <time>2022-01-27T07:22:56Z</time>
      </trkpt>
      <trkpt lat="-33.313125986605883" lon="22.042656373232603">
        <ele>1109.5</ele>
        <time>2022-01-27T07:22:57Z</time>
      </trkpt>
      <trkpt lat="-33.312897831201553" lon="22.043377803638577">
        <ele>1103.25</ele>
        <time>2022-01-27T07:23:10Z</time>
      </trkpt>
      <trkpt lat="-33.312850641086698" lon="22.043608473613858">
        <ele>1101.3299999999999</ele>
        <time>2022-01-27T07:23:13Z</time>
      </trkpt>
      <trkpt lat="-33.312814431264997" lon="22.04395498149097">
        <ele>1097.48</ele>
        <time>2022-01-27T07:23:18Z</time>
      </trkpt>
      <trkpt lat="-33.312792303040624" lon="22.043989012017846">
        <ele>1097</ele>
        <time>2022-01-27T07:23:19Z</time>
      </trkpt>
      <trkpt lat="-33.312764810398221" lon="22.044014073908329">
        <ele>1096.04</ele>
        <time>2022-01-27T07:23:20Z</time>
      </trkpt>
      <trkpt lat="-33.312729941681027" lon="22.044026395305991">
        <ele>1096.04</ele>
        <time>2022-01-27T07:23:21Z</time>
      </trkpt>
      <trkpt lat="-33.312691887840629" lon="22.044017761945724">
        <ele>1095.0799999999999</ele>
        <time>2022-01-27T07:23:22Z</time>
      </trkpt>
      <trkpt lat="-33.312657102942467" lon="22.043990269303322">
        <ele>1094.5999999999999</ele>
        <time>2022-01-27T07:23:23Z</time>
      </trkpt>
      <trkpt lat="-33.312629777938128" lon="22.043951628729701">
        <ele>1094.1199999999999</ele>
        <time>2022-01-27T07:23:24Z</time>
      </trkpt>
      <trkpt lat="-33.312613517045975" lon="22.043909803032875">
        <ele>1093.6400000000001</ele>
        <time>2022-01-27T07:23:25Z</time>
      </trkpt>
      <trkpt lat="-33.312609158456326" lon="22.043858589604497">
        <ele>1093.1600000000001</ele>
        <time>2022-01-27T07:23:26Z</time>
      </trkpt>
      <trkpt lat="-33.312617624178529" lon="22.043791618198156">
        <ele>1093.1600000000001</ele>
        <time>2022-01-27T07:23:27Z</time>
      </trkpt>
      <trkpt lat="-33.312638076022267" lon="22.043710062280297">
        <ele>1092.2</ele>
        <time>2022-01-27T07:23:28Z</time>
      </trkpt>
      <trkpt lat="-33.312666155397892" lon="22.043617526069283">
        <ele>1091.23</ele>
        <time>2022-01-27T07:23:29Z</time>
      </trkpt>
      <trkpt lat="-33.312750896438956" lon="22.043185606598854">
        <ele>1086.9100000000001</ele>
        <time>2022-01-27T07:23:34Z</time>
      </trkpt>
      <trkpt lat="-33.312750812619925" lon="22.043109918013215">
        <ele>1086.4300000000001</ele>
        <time>2022-01-27T07:23:35Z</time>
      </trkpt>
      <trkpt lat="-33.3127451967448" lon="22.04303540289402">
        <ele>1085.47</ele>
        <time>2022-01-27T07:23:36Z</time>
      </trkpt>
      <trkpt lat="-33.312679650261998" lon="22.042668191716075">
        <ele>1081.1400000000001</ele>
        <time>2022-01-27T07:23:41Z</time>
      </trkpt>
      <trkpt lat="-33.312648637220263" lon="22.042616894468665">
        <ele>1080.1800000000001</ele>
        <time>2022-01-27T07:23:42Z</time>
      </trkpt>
      <trkpt lat="-33.312607314437628" lon="22.042575236409903">
        <ele>1079.22</ele>
        <time>2022-01-27T07:23:43Z</time>
      </trkpt>
      <trkpt lat="-33.312559705227613" lon="22.042546654120088">
        <ele>1078.26</ele>
        <time>2022-01-27T07:23:44Z</time>
      </trkpt>
      <trkpt lat="-33.312508407980204" lon="22.042525028809905">
        <ele>1077.78</ele>
        <time>2022-01-27T07:23:45Z</time>
      </trkpt>
      <trkpt lat="-33.312454763799906" lon="22.042509354650974">
        <ele>1076.8099999999999</ele>
        <time>2022-01-27T07:23:46Z</time>
      </trkpt>
      <trkpt lat="-33.312395587563515" lon="22.042500888928771">
        <ele>1075.8499999999999</ele>
        <time>2022-01-27T07:23:47Z</time>
      </trkpt>
      <trkpt lat="-33.312337417155504" lon="22.042496697977185">
        <ele>1074.8900000000001</ele>
        <time>2022-01-27T07:23:48Z</time>
      </trkpt>
      <trkpt lat="-33.312272792682052" lon="22.042499044910073">
        <ele>1073.9300000000001</ele>
        <time>2022-01-27T07:23:49Z</time>
      </trkpt>
      <trkpt lat="-33.312199618667364" lon="22.042498709633946">
        <ele>1072.97</ele>
        <time>2022-01-27T07:23:50Z</time>
      </trkpt>
      <trkpt lat="-33.312120409682393" lon="22.042494518682361">
        <ele>1072.01</ele>
        <time>2022-01-27T07:23:51Z</time>
      </trkpt>
      <trkpt lat="-33.311251373961568" lon="22.042249850928783">
        <ele>1059.99</ele>
        <time>2022-01-27T07:24:03Z</time>
      </trkpt>
      <trkpt lat="-33.311128243803978" lon="22.04217734746635">
        <ele>1058.55</ele>
        <time>2022-01-27T07:24:05Z</time>
      </trkpt>
      <trkpt lat="-33.311074934899807" lon="22.042134096845984">
        <ele>1057.5899999999999</ele>
        <time>2022-01-27T07:24:06Z</time>
      </trkpt>
      <trkpt lat="-33.311026655137539" lon="22.042085900902748">
        <ele>1057.1099999999999</ele>
        <time>2022-01-27T07:24:07Z</time>
      </trkpt>
      <trkpt lat="-33.310849042609334" lon="22.041912311688066">
        <ele>1053.26</ele>
        <time>2022-01-27T07:24:11Z</time>
      </trkpt>
      <trkpt lat="-33.310805959627032" lon="22.041897643357515">
        <ele>1052.78</ele>
        <time>2022-01-27T07:24:12Z</time>
      </trkpt>
      <trkpt lat="-33.310761786997318" lon="22.041897727176547">
        <ele>1051.8199999999999</ele>
        <time>2022-01-27T07:24:13Z</time>
      </trkpt>
      <trkpt lat="-33.310716021806002" lon="22.041910216212273">
        <ele>1050.8599999999999</ele>
        <time>2022-01-27T07:24:14Z</time>
      </trkpt>
      <trkpt lat="-33.310671681538224" lon="22.041932595893741">
        <ele>1049.9000000000001</ele>
        <time>2022-01-27T07:24:15Z</time>
      </trkpt>
      <trkpt lat="-33.310632035136223" lon="22.041965704411268">
        <ele>1049.4200000000001</ele>
        <time>2022-01-27T07:24:16Z</time>
      </trkpt>
      <trkpt lat="-33.310599010437727" lon="22.042011804878712">
        <ele>1048.45</ele>
        <time>2022-01-27T07:24:17Z</time>
      </trkpt>
      <trkpt lat="-33.310571769252419" lon="22.042069304734468">
        <ele>1047.97</ele>
        <time>2022-01-27T07:24:18Z</time>
      </trkpt>
      <trkpt lat="-33.310556262731552" lon="22.042133342474699">
        <ele>1047.49</ele>
        <time>2022-01-27T07:24:19Z</time>
      </trkpt>
      <trkpt lat="-33.31054737791419" lon="22.04220131970942">
        <ele>1046.53</ele>
        <time>2022-01-27T07:24:20Z</time>
      </trkpt>
      <trkpt lat="-33.310544947162271" lon="22.042269632220268">
        <ele>1046.05</ele>
        <time>2022-01-27T07:24:21Z</time>
      </trkpt>
      <trkpt lat="-33.310546875" lon="22.042339537292719">
        <ele>1045.0899999999999</ele>
        <time>2022-01-27T07:24:22Z</time>
      </trkpt>
      <trkpt lat="-33.310503121465445" lon="22.042905148118734">
        <ele>1037.4000000000001</ele>
        <time>2022-01-27T07:24:30Z</time>
      </trkpt>
      <trkpt lat="-33.310514269396663" lon="22.042961893603206">
        <ele>1036.4400000000001</ele>
        <time>2022-01-27T07:24:31Z</time>
      </trkpt>
      <trkpt lat="-33.310535307973623" lon="22.04301486723125">
        <ele>1035.96</ele>
        <time>2022-01-27T07:24:32Z</time>
      </trkpt>
      <trkpt lat="-33.310562632977962" lon="22.043062392622232">
        <ele>1035</ele>
        <time>2022-01-27T07:24:33Z</time>
      </trkpt>
      <trkpt lat="-33.3105986751616" lon="22.043106481432915">
        <ele>1034.52</ele>
        <time>2022-01-27T07:24:34Z</time>
      </trkpt>
      <trkpt lat="-33.310635723173618" lon="22.043151827529073">
        <ele>1033.55</ele>
        <time>2022-01-27T07:24:35Z</time>
      </trkpt>
      <trkpt lat="-33.310747286304832" lon="22.043309910222888">
        <ele>1031.6300000000001</ele>
        <time>2022-01-27T07:24:38Z</time>
      </trkpt>
      <trkpt lat="-33.31101207062602" lon="22.043850710615516">
        <ele>1024.4200000000001</ele>
        <time>2022-01-27T07:24:46Z</time>
      </trkpt>
      <trkpt lat="-33.311026990413666" lon="22.043923884630203">
        <ele>1023.9400000000001</ele>
        <time>2022-01-27T07:24:47Z</time>
      </trkpt>
      <trkpt lat="-33.311135703697801" lon="22.044673562049866">
        <ele>1015.77</ele>
        <time>2022-01-27T07:24:56Z</time>
      </trkpt>
      <trkpt lat="-33.311135955154896" lon="22.045143200084567">
        <ele>1008.08</ele>
        <time>2022-01-27T07:25:06Z</time>
      </trkpt>
      <trkpt lat="-33.311108043417335" lon="22.045216709375381">
        <ele>1005.6799999999999</ele>
        <time>2022-01-27T07:25:17Z</time>
      </trkpt>
      <trkpt lat="-33.311096979305148" lon="22.045232215896249">
        <ele>1004.72</ele>
        <time>2022-01-27T07:25:36Z</time>
      </trkpt>
      <trkpt lat="-33.311097314581275" lon="22.045243363827467">
        <ele>1004.23</ele>
        <time>2022-01-27T07:25:54Z</time>
      </trkpt>
      <trkpt lat="-33.311081808060408" lon="22.045247303321958">
        <ele>1006.64</ele>
        <time>2022-01-27T07:26:25Z</time>
      </trkpt>
      <trkpt lat="-33.31109412945807" lon="22.045242860913277">
        <ele>1010</ele>
        <time>2022-01-27T07:26:52Z</time>
      </trkpt>
      <trkpt lat="-33.311071749776602" lon="22.045241855084896">
        <ele>1010.48</ele>
        <time>2022-01-27T07:27:16Z</time>
      </trkpt>
      <trkpt lat="-33.311065128073096" lon="22.045239256694913">
        <ele>1011.4400000000001</ele>
        <time>2022-01-27T07:27:38Z</time>
      </trkpt>
      <trkpt lat="-33.311064206063747" lon="22.045253505930305">
        <ele>1011.9299999999999</ele>
        <time>2022-01-27T07:28:05Z</time>
      </trkpt>
      <trkpt lat="-33.31107510253787" lon="22.045256104320288">
        <ele>1010</ele>
        <time>2022-01-27T07:28:31Z</time>
      </trkpt>
      <trkpt lat="-33.311086837202311" lon="22.045264234766364">
        <ele>1008.5599999999999</ele>
        <time>2022-01-27T07:28:59Z</time>
      </trkpt>
      <trkpt lat="-33.311074515804648" lon="22.045274125412107">
        <ele>1008.08</ele>
        <time>2022-01-27T07:29:01Z</time>
      </trkpt>
      <trkpt lat="-33.311064457520843" lon="22.045288877561688">
        <ele>1008.08</ele>
        <time>2022-01-27T07:29:02Z</time>
      </trkpt>
      <trkpt lat="-33.310863962396979" lon="22.045520469546318">
        <ele>1003.75</ele>
        <time>2022-01-27T07:29:12Z</time>
      </trkpt>
      <trkpt lat="-33.310899417847395" lon="22.045555924996734">
        <ele>1002.3099999999999</ele>
        <time>2022-01-27T07:29:23Z</time>
      </trkpt>
      <trkpt lat="-33.310914589092135" lon="22.045538323000073">
        <ele>1002.79</ele>
        <time>2022-01-27T07:29:25Z</time>
      </trkpt>
      <trkpt lat="-33.310926826670766" lon="22.045517871156335">
        <ele>1002.79</ele>
        <time>2022-01-27T07:29:26Z</time>
      </trkpt>
      <trkpt lat="-33.310982817783952" lon="22.04542868770659">
        <ele>1003.75</ele>
        <time>2022-01-27T07:29:29Z</time>
      </trkpt>
      <trkpt lat="-33.311011819168925" lon="22.045391723513603">
        <ele>1003.75</ele>
        <time>2022-01-27T07:29:30Z</time>
      </trkpt>
      <trkpt lat="-33.311074851080775" lon="22.045310754328966">
        <ele>1006.16</ele>
        <time>2022-01-27T07:29:38Z</time>
      </trkpt>
      <trkpt lat="-33.311072587966919" lon="22.045309077948332">
        <ele>1001.83</ele>
        <time>2022-01-27T07:30:00Z</time>
      </trkpt>
      <trkpt lat="-33.311083316802979" lon="22.045305809006095">
        <ele>1001.83</ele>
        <time>2022-01-27T07:30:29Z</time>
      </trkpt>
      <trkpt lat="-33.311083065345883" lon="22.045298349112272">
        <ele>999.90999999999997</ele>
        <time>2022-01-27T07:31:00Z</time>
      </trkpt>
      <trkpt lat="-33.311070576310158" lon="22.045314610004425">
        <ele>1001.35</ele>
        <time>2022-01-27T07:31:33Z</time>
      </trkpt>
      <trkpt lat="-33.311015926301479" lon="22.045328607782722">
        <ele>998.47000000000003</ele>
        <time>2022-01-27T07:31:52Z</time>
      </trkpt>
      <trkpt lat="-33.311014333739877" lon="22.045344365760684">
        <ele>998.47000000000003</ele>
        <time>2022-01-27T07:31:55Z</time>
      </trkpt>
      <trkpt lat="-33.311001677066088" lon="22.045364901423454">
        <ele>998.47000000000003</ele>
        <time>2022-01-27T07:31:56Z</time>
      </trkpt>
      <trkpt lat="-33.310801014304161" lon="22.045634463429451">
        <ele>995.10000000000002</ele>
        <time>2022-01-27T07:32:06Z</time>
      </trkpt>
      <trkpt lat="-33.31082196906209" lon="22.045626668259501">
        <ele>997.50999999999999</ele>
        <time>2022-01-27T07:32:29Z</time>
      </trkpt>
      <trkpt lat="-33.310806378722191" lon="22.045703530311584">
        <ele>999.42999999999995</ele>
        <time>2022-01-27T07:33:10Z</time>
      </trkpt>
      <trkpt lat="-33.310535810887814" lon="22.04626277089119">
        <ele>994.13999999999999</ele>
        <time>2022-01-27T07:33:22Z</time>
      </trkpt>
      <trkpt lat="-33.310497337952256" lon="22.046309458091855">
        <ele>993.17999999999995</ele>
        <time>2022-01-27T07:33:23Z</time>
      </trkpt>
      <trkpt lat="-33.310456098988652" lon="22.046352038159966">
        <ele>992.22000000000003</ele>
        <time>2022-01-27T07:33:24Z</time>
      </trkpt>
      <trkpt lat="-33.310409914702177" lon="22.046391852200031">
        <ele>991.25999999999999</ele>
        <time>2022-01-27T07:33:25Z</time>
      </trkpt>
      <trkpt lat="-33.309633331373334" lon="22.046923264861107">
        <ele>978.75999999999999</ele>
        <time>2022-01-27T07:33:40Z</time>
      </trkpt>
      <trkpt lat="-33.309444151818752" lon="22.047097692266107">
        <ele>975.38999999999999</ele>
        <time>2022-01-27T07:33:44Z</time>
      </trkpt>
      <trkpt lat="-33.309408947825432" lon="22.04715209081769">
        <ele>974.42999999999995</ele>
        <time>2022-01-27T07:33:45Z</time>
      </trkpt>
      <trkpt lat="-33.309383299201727" lon="22.047213697806001">
        <ele>973.95000000000005</ele>
        <time>2022-01-27T07:33:46Z</time>
      </trkpt>
      <trkpt lat="-33.309370307251811" lon="22.047277232632041">
        <ele>972.99000000000001</ele>
        <time>2022-01-27T07:33:47Z</time>
      </trkpt>
      <trkpt lat="-33.309364104643464" lon="22.047340516000986">
        <ele>972.50999999999999</ele>
        <time>2022-01-27T07:33:48Z</time>
      </trkpt>
      <trkpt lat="-33.309362009167671" lon="22.047405643388629">
        <ele>971.54999999999995</ele>
        <time>2022-01-27T07:33:49Z</time>
      </trkpt>
      <trkpt lat="-33.309350274503231" lon="22.047609072178602">
        <ele>969.14999999999998</ele>
        <time>2022-01-27T07:33:52Z</time>
      </trkpt>
      <trkpt lat="-33.309340802952647" lon="22.047667410224676">
        <ele>968.17999999999995</ele>
        <time>2022-01-27T07:33:53Z</time>
      </trkpt>
      <trkpt lat="-33.309323117136955" lon="22.047720216214657">
        <ele>967.22000000000003</ele>
        <time>2022-01-27T07:33:54Z</time>
      </trkpt>
      <trkpt lat="-33.309298977255821" lon="22.04776824451983">
        <ele>966.25999999999999</ele>
        <time>2022-01-27T07:33:55Z</time>
      </trkpt>
      <trkpt lat="-33.309270311146975" lon="22.047810237854719">
        <ele>965.77999999999997</ele>
        <time>2022-01-27T07:33:56Z</time>
      </trkpt>
      <trkpt lat="-33.309235777705908" lon="22.047850638628006">
        <ele>964.82000000000005</ele>
        <time>2022-01-27T07:33:57Z</time>
      </trkpt>
      <trkpt lat="-33.308595819398761" lon="22.048501493409276">
        <ele>955.69000000000005</ele>
        <time>2022-01-27T07:34:11Z</time>
      </trkpt>
      <trkpt lat="-33.308488614857197" lon="22.048590257763863">
        <ele>954.25</ele>
        <time>2022-01-27T07:34:13Z</time>
      </trkpt>
      <trkpt lat="-33.308338243514299" lon="22.048777174204588">
        <ele>952.79999999999995</ele>
        <time>2022-01-27T07:34:16Z</time>
      </trkpt>
      <trkpt lat="-33.307745475322008" lon="22.04982390627265">
        <ele>941.75</ele>
        <time>2022-01-27T07:34:29Z</time>
      </trkpt>
      <trkpt lat="-33.307411037385464" lon="22.050341907888651">
        <ele>936.46000000000004</ele>
        <time>2022-01-27T07:34:38Z</time>
      </trkpt>
      <trkpt lat="-33.307395866140723" lon="22.050403095781803">
        <ele>935.98000000000002</ele>
        <time>2022-01-27T07:34:39Z</time>
      </trkpt>
      <trkpt lat="-33.307344233617187" lon="22.051248662173748">
        <ele>929.25</ele>
        <time>2022-01-27T07:34:49Z</time>
      </trkpt>
      <trkpt lat="-33.307387651875615" lon="22.052204702049494">
        <ele>918.67999999999995</ele>
        <time>2022-01-27T07:35:02Z</time>
      </trkpt>
      <trkpt lat="-33.307368876412511" lon="22.052264213562012">
        <ele>917.72000000000003</ele>
        <time>2022-01-27T07:35:03Z</time>
      </trkpt>
      <trkpt lat="-33.307345239445567" lon="22.052317019551992">
        <ele>916.75</ele>
        <time>2022-01-27T07:35:04Z</time>
      </trkpt>
      <trkpt lat="-33.307314310222864" lon="22.052362030372024">
        <ele>915.78999999999996</ele>
        <time>2022-01-27T07:35:05Z</time>
      </trkpt>
      <trkpt lat="-33.307277597486973" lon="22.052400335669518">
        <ele>914.83000000000004</ele>
        <time>2022-01-27T07:35:06Z</time>
      </trkpt>
      <trkpt lat="-33.307236358523369" lon="22.052432186901569">
        <ele>914.35000000000002</ele>
        <time>2022-01-27T07:35:07Z</time>
      </trkpt>
      <trkpt lat="-33.307188916951418" lon="22.05245666205883">
        <ele>913.38999999999999</ele>
        <time>2022-01-27T07:35:08Z</time>
      </trkpt>
      <trkpt lat="-33.307135021314025" lon="22.052472839131951">
        <ele>912.90999999999997</ele>
        <time>2022-01-27T07:35:09Z</time>
      </trkpt>
      <trkpt lat="-33.307072659954429" lon="22.05247962847352">
        <ele>912.42999999999995</ele>
        <time>2022-01-27T07:35:10Z</time>
      </trkpt>
      <trkpt lat="-33.306998144835234" lon="22.05247862264514">
        <ele>911.47000000000003</ele>
        <time>2022-01-27T07:35:11Z</time>
      </trkpt>
      <trkpt lat="-33.306916002184153" lon="22.052474431693554">
        <ele>910.50999999999999</ele>
        <time>2022-01-27T07:35:12Z</time>
      </trkpt>
      <trkpt lat="-33.30659044906497" lon="22.052496895194054">
        <ele>906.65999999999997</ele>
        <time>2022-01-27T07:35:16Z</time>
      </trkpt>
      <trkpt lat="-33.306519202888012" lon="22.052520951256156">
        <ele>905.70000000000005</ele>
        <time>2022-01-27T07:35:17Z</time>
      </trkpt>
      <trkpt lat="-33.306454410776496" lon="22.052556406706572">
        <ele>904.74000000000001</ele>
        <time>2022-01-27T07:35:18Z</time>
      </trkpt>
      <trkpt lat="-33.306394312530756" lon="22.052599992603064">
        <ele>904.25999999999999</ele>
        <time>2022-01-27T07:35:19Z</time>
      </trkpt>
      <trkpt lat="-33.306337399408221" lon="22.052645841613412">
        <ele>903.77999999999997</ele>
        <time>2022-01-27T07:35:20Z</time>
      </trkpt>
      <trkpt lat="-33.306232877075672" lon="22.052750531584024">
        <ele>902.82000000000005</ele>
        <time>2022-01-27T07:35:22Z</time>
      </trkpt>
      <trkpt lat="-33.306184848770499" lon="22.052812222391367">
        <ele>902.33000000000004</ele>
        <time>2022-01-27T07:35:23Z</time>
      </trkpt>
      <trkpt lat="-33.306009331718087" lon="22.053095111623406">
        <ele>899.45000000000005</ele>
        <time>2022-01-27T07:35:27Z</time>
      </trkpt>
      <trkpt lat="-33.305976390838623" lon="22.05317784100771">
        <ele>898.49000000000001</ele>
        <time>2022-01-27T07:35:28Z</time>
      </trkpt>
      <trkpt lat="-33.305949317291379" lon="22.053265767171979">
        <ele>898.00999999999999</ele>
        <time>2022-01-27T07:35:29Z</time>
      </trkpt>
      <trkpt lat="-33.305926267057657" lon="22.053357800468802">
        <ele>897.04999999999995</ele>
        <time>2022-01-27T07:35:30Z</time>
      </trkpt>
      <trkpt lat="-33.305904474109411" lon="22.05345050431788">
        <ele>896.09000000000003</ele>
        <time>2022-01-27T07:35:31Z</time>
      </trkpt>
      <trkpt lat="-33.30566793680191" lon="22.054275535047054">
        <ele>886.95000000000005</ele>
        <time>2022-01-27T07:35:41Z</time>
      </trkpt>
      <trkpt lat="-33.30563516356051" lon="22.054328843951225">
        <ele>886.47000000000003</ele>
        <time>2022-01-27T07:35:42Z</time>
      </trkpt>
      <trkpt lat="-33.305599540472031" lon="22.05437745898962">
        <ele>885.50999999999999</ele>
        <time>2022-01-27T07:35:43Z</time>
      </trkpt>
      <trkpt lat="-33.305560229346156" lon="22.054418865591288">
        <ele>884.54999999999995</ele>
        <time>2022-01-27T07:35:44Z</time>
      </trkpt>
      <trkpt lat="-33.305519241839647" lon="22.054455913603306">
        <ele>884.07000000000005</ele>
        <time>2022-01-27T07:35:45Z</time>
      </trkpt>
      <trkpt lat="-33.305475823581219" lon="22.054485334083438">
        <ele>883.11000000000001</ele>
        <time>2022-01-27T07:35:46Z</time>
      </trkpt>
      <trkpt lat="-33.305428214371204" lon="22.054508803412318">
        <ele>882.63</ele>
        <time>2022-01-27T07:35:47Z</time>
      </trkpt>
      <trkpt lat="-33.305375156924129" lon="22.054524980485439">
        <ele>882.14999999999998</ele>
        <time>2022-01-27T07:35:48Z</time>
      </trkpt>
      <trkpt lat="-33.305316148325801" lon="22.054536128416657">
        <ele>881.66999999999996</ele>
        <time>2022-01-27T07:35:49Z</time>
      </trkpt>
      <trkpt lat="-33.30525110475719" lon="22.054541660472751">
        <ele>880.71000000000004</ele>
        <time>2022-01-27T07:35:50Z</time>
      </trkpt>
      <trkpt lat="-33.305180193856359" lon="22.054538978263736">
        <ele>880.22000000000003</ele>
        <time>2022-01-27T07:35:51Z</time>
      </trkpt>
      <trkpt lat="-33.305107858031988" lon="22.054529674351215">
        <ele>879.25999999999999</ele>
        <time>2022-01-27T07:35:52Z</time>
      </trkpt>
      <trkpt lat="-33.305037701502442" lon="22.054511066526175">
        <ele>878.77999999999997</ele>
        <time>2022-01-27T07:35:53Z</time>
      </trkpt>
      <trkpt lat="-33.304966874420643" lon="22.054482400417328">
        <ele>877.82000000000005</ele>
        <time>2022-01-27T07:35:54Z</time>
      </trkpt>
      <trkpt lat="-33.304213173687458" lon="22.054132791236043">
        <ele>869.16999999999996</ele>
        <time>2022-01-27T07:36:03Z</time>
      </trkpt>
      <trkpt lat="-33.30414486117661" lon="22.054111082106829">
        <ele>868.69000000000005</ele>
        <time>2022-01-27T07:36:04Z</time>
      </trkpt>
      <trkpt lat="-33.304081745445728" lon="22.054096162319183">
        <ele>867.73000000000002</ele>
        <time>2022-01-27T07:36:05Z</time>
      </trkpt>
      <trkpt lat="-33.303610850125551" lon="22.054055174812675">
        <ele>861.48000000000002</ele>
        <time>2022-01-27T07:36:12Z</time>
      </trkpt>
      <trkpt lat="-33.303546812385321" lon="22.054064897820354">
        <ele>860.51999999999998</ele>
        <time>2022-01-27T07:36:13Z</time>
      </trkpt>
      <trkpt lat="-33.303484199568629" lon="22.054079566150904">
        <ele>860.03999999999996</ele>
        <time>2022-01-27T07:36:14Z</time>
      </trkpt>
      <trkpt lat="-33.303423849865794" lon="22.054100856184959">
        <ele>859.08000000000004</ele>
        <time>2022-01-27T07:36:15Z</time>
      </trkpt>
      <trkpt lat="-33.303365260362625" lon="22.054124744608998">
        <ele>858.59000000000003</ele>
        <time>2022-01-27T07:36:16Z</time>
      </trkpt>
      <trkpt lat="-33.302871566265821" lon="22.054390953853726">
        <ele>852.83000000000004</ele>
        <time>2022-01-27T07:36:26Z</time>
      </trkpt>
      <trkpt lat="-33.302829153835773" lon="22.054400173947215">
        <ele>852.83000000000004</ele>
        <time>2022-01-27T07:36:27Z</time>
      </trkpt>
      <trkpt lat="-33.302781041711569" lon="22.054394725710154">
        <ele>852.35000000000002</ele>
        <time>2022-01-27T07:36:28Z</time>
      </trkpt>
      <trkpt lat="-33.302730582654476" lon="22.05437351949513">
        <ele>851.87</ele>
        <time>2022-01-27T07:36:29Z</time>
      </trkpt>
      <trkpt lat="-33.302679033949971" lon="22.054345272481441">
        <ele>851.38</ele>
        <time>2022-01-27T07:36:30Z</time>
      </trkpt>
      <trkpt lat="-33.302625808864832" lon="22.054306045174599">
        <ele>851.38</ele>
        <time>2022-01-27T07:36:31Z</time>
      </trkpt>
      <trkpt lat="-33.302575601264834" lon="22.054254831746221">
        <ele>850.89999999999998</ele>
        <time>2022-01-27T07:36:32Z</time>
      </trkpt>
      <trkpt lat="-33.302530087530613" lon="22.054195571690798">
        <ele>850.41999999999996</ele>
        <time>2022-01-27T07:36:33Z</time>
      </trkpt>
      <trkpt lat="-33.302489183843136" lon="22.054134970530868">
        <ele>849.94000000000005</ele>
        <time>2022-01-27T07:36:34Z</time>
      </trkpt>
      <trkpt lat="-33.302452219650149" lon="22.054071687161922">
        <ele>849.46000000000004</ele>
        <time>2022-01-27T07:36:35Z</time>
      </trkpt>
      <trkpt lat="-33.302418105304241" lon="22.054016534239054">
        <ele>848.98000000000002</ele>
        <time>2022-01-27T07:36:36Z</time>
      </trkpt>
      <trkpt lat="-33.302100263535976" lon="22.05360934138298">
        <ele>847.05999999999995</ele>
        <time>2022-01-27T07:36:43Z</time>
      </trkpt>
      <trkpt lat="-33.302059443667531" lon="22.053543459624052">
        <ele>846.58000000000004</ele>
        <time>2022-01-27T07:36:44Z</time>
      </trkpt>
      <trkpt lat="-33.30202373676002" lon="22.053472632542253">
        <ele>846.10000000000002</ele>
        <time>2022-01-27T07:36:45Z</time>
      </trkpt>
      <trkpt lat="-33.301579831168056" lon="22.052692696452141">
        <ele>840.33000000000004</ele>
        <time>2022-01-27T07:36:57Z</time>
      </trkpt>
      <trkpt lat="-33.301058309152722" lon="22.051762556657195">
        <ele>833.12</ele>
        <time>2022-01-27T07:37:09Z</time>
      </trkpt>
      <trkpt lat="-33.300614571198821" lon="22.050993433222175">
        <ele>826.87</ele>
        <time>2022-01-27T07:37:20Z</time>
      </trkpt>
      <trkpt lat="-33.300417512655258" lon="22.050617504864931">
        <ele>823.99000000000001</ele>
        <time>2022-01-27T07:37:25Z</time>
      </trkpt>
      <trkpt lat="-33.300367556512356" lon="22.050556652247906">
        <ele>823.50999999999999</ele>
        <time>2022-01-27T07:37:26Z</time>
      </trkpt>
      <trkpt lat="-33.300312319770455" lon="22.050502756610513">
        <ele>822.54999999999995</ele>
        <time>2022-01-27T07:37:27Z</time>
      </trkpt>
      <trkpt lat="-33.30025783739984" lon="22.050455985590816">
        <ele>822.05999999999995</ele>
        <time>2022-01-27T07:37:28Z</time>
      </trkpt>
      <trkpt lat="-33.300202181562781" lon="22.050411310046911">
        <ele>821.58000000000004</ele>
        <time>2022-01-27T07:37:29Z</time>
      </trkpt>
      <trkpt lat="-33.299975283443928" lon="22.050236379727721">
        <ele>820.13999999999999</ele>
        <time>2022-01-27T07:37:33Z</time>
      </trkpt>
      <trkpt lat="-33.299918621778488" lon="22.050209809094667">
        <ele>820.13999999999999</ele>
        <time>2022-01-27T07:37:34Z</time>
      </trkpt>
      <trkpt lat="-33.29985860735178" lon="22.050191201269627">
        <ele>820.13999999999999</ele>
        <time>2022-01-27T07:37:35Z</time>
      </trkpt>
      <trkpt lat="-33.299791216850281" lon="22.050178628414869">
        <ele>819.65999999999997</ele>
        <time>2022-01-27T07:37:36Z</time>
      </trkpt>
      <trkpt lat="-33.299723491072655" lon="22.050177035853267">
        <ele>819.17999999999995</ele>
        <time>2022-01-27T07:37:37Z</time>
      </trkpt>
      <trkpt lat="-33.299657944589853" lon="22.050188016146421">
        <ele>818.70000000000005</ele>
        <time>2022-01-27T07:37:38Z</time>
      </trkpt>
      <trkpt lat="-33.299594828858972" lon="22.050209557637572">
        <ele>818.22000000000003</ele>
        <time>2022-01-27T07:37:39Z</time>
      </trkpt>
      <trkpt lat="-33.299534730613232" lon="22.050241241231561">
        <ele>817.74000000000001</ele>
        <time>2022-01-27T07:37:40Z</time>
      </trkpt>
      <trkpt lat="-33.29948385246098" lon="22.050280636176467">
        <ele>817.74000000000001</ele>
        <time>2022-01-27T07:37:41Z</time>
      </trkpt>
      <trkpt lat="-33.299438087269664" lon="22.050322210416198">
        <ele>817.74000000000001</ele>
        <time>2022-01-27T07:37:42Z</time>
      </trkpt>
      <trkpt lat="-33.299390226602554" lon="22.050365712493658">
        <ele>817.25999999999999</ele>
        <time>2022-01-27T07:37:43Z</time>
      </trkpt>
      <trkpt lat="-33.299341443926096" lon="22.050404436886311">
        <ele>817.25999999999999</ele>
        <time>2022-01-27T07:37:44Z</time>
      </trkpt>
      <trkpt lat="-33.298644404858351" lon="22.050933334976435">
        <ele>812.92999999999995</ele>
        <time>2022-01-27T07:37:56Z</time>
      </trkpt>
      <trkpt lat="-33.298061611130834" lon="22.051095440983772">
        <ele>811.97000000000003</ele>
        <time>2022-01-27T07:38:06Z</time>
      </trkpt>
      <trkpt lat="-33.297718958929181" lon="22.051095189526677">
        <ele>809.57000000000005</ele>
        <time>2022-01-27T07:38:16Z</time>
      </trkpt>
      <trkpt lat="-33.297669254243374" lon="22.051098626106977">
        <ele>809.57000000000005</ele>
        <time>2022-01-27T07:38:17Z</time>
      </trkpt>
      <trkpt lat="-33.297612760215998" lon="22.051106505095959">
        <ele>809.09000000000003</ele>
        <time>2022-01-27T07:38:18Z</time>
      </trkpt>
      <trkpt lat="-33.296974310651422" lon="22.051502550020814">
        <ele>809.09000000000003</ele>
        <time>2022-01-27T07:38:28Z</time>
      </trkpt>
      <trkpt lat="-33.296330496668816" lon="22.052264884114265">
        <ele>808.13</ele>
        <time>2022-01-27T07:38:39Z</time>
      </trkpt>
      <trkpt lat="-33.295871838927269" lon="22.052870308980346">
        <ele>806.67999999999995</ele>
        <time>2022-01-27T07:38:47Z</time>
      </trkpt>
      <trkpt lat="-33.295808974653482" lon="22.052923534065485">
        <ele>806.20000000000005</ele>
        <time>2022-01-27T07:38:48Z</time>
      </trkpt>
      <trkpt lat="-33.295746278017759" lon="22.052966700866818">
        <ele>806.20000000000005</ele>
        <time>2022-01-27T07:38:49Z</time>
      </trkpt>
      <trkpt lat="-33.295683832839131" lon="22.052996708080173">
        <ele>805.72000000000003</ele>
        <time>2022-01-27T07:38:50Z</time>
      </trkpt>
      <trkpt lat="-33.295623147860169" lon="22.053013052791357">
        <ele>805.72000000000003</ele>
        <time>2022-01-27T07:38:51Z</time>
      </trkpt>
      <trkpt lat="-33.295563636347651" lon="22.053018752485514">
        <ele>805.24000000000001</ele>
        <time>2022-01-27T07:38:52Z</time>
      </trkpt>
      <trkpt lat="-33.295507896691561" lon="22.053012046962976">
        <ele>804.75999999999999</ele>
        <time>2022-01-27T07:38:53Z</time>
      </trkpt>
      <trkpt lat="-33.295452576130629" lon="22.052992852404714">
        <ele>804.75999999999999</ele>
        <time>2022-01-27T07:38:54Z</time>
      </trkpt>
      <trkpt lat="-33.295398848131299" lon="22.052964437752962">
        <ele>804.27999999999997</ele>
        <time>2022-01-27T07:38:55Z</time>
      </trkpt>
      <trkpt lat="-33.295347299426794" lon="22.05292671918869">
        <ele>803.79999999999995</ele>
        <time>2022-01-27T07:38:56Z</time>
      </trkpt>
      <trkpt lat="-33.295297008007765" lon="22.052877098321915">
        <ele>803.32000000000005</ele>
        <time>2022-01-27T07:38:57Z</time>
      </trkpt>
      <trkpt lat="-33.295250236988068" lon="22.052814234048128">
        <ele>802.84000000000003</ele>
        <time>2022-01-27T07:38:58Z</time>
      </trkpt>
      <trkpt lat="-33.295210506767035" lon="22.052739467471838">
        <ele>802.36000000000001</ele>
        <time>2022-01-27T07:38:59Z</time>
      </trkpt>
      <trkpt lat="-33.295178404077888" lon="22.052657241001725">
        <ele>801.88</ele>
        <time>2022-01-27T07:39:00Z</time>
      </trkpt>
      <trkpt lat="-33.295148313045502" lon="22.052572751417756">
        <ele>801.88</ele>
        <time>2022-01-27T07:39:01Z</time>
      </trkpt>
      <trkpt lat="-33.294958295300603" lon="22.051882753148675">
        <ele>799.47000000000003</ele>
        <time>2022-01-27T07:39:09Z</time>
      </trkpt>
      <trkpt lat="-33.294954271987081" lon="22.051821481436491">
        <ele>798.99000000000001</ele>
        <time>2022-01-27T07:39:10Z</time>
      </trkpt>
      <trkpt lat="-33.294957960024476" lon="22.051506573334336">
        <ele>797.07000000000005</ele>
        <time>2022-01-27T07:39:16Z</time>
      </trkpt>
      <trkpt lat="-33.294952511787415" lon="22.051462065428495">
        <ele>796.59000000000003</ele>
        <time>2022-01-27T07:39:17Z</time>
      </trkpt>
      <trkpt lat="-33.294946979731321" lon="22.051421999931335">
        <ele>796.59000000000003</ele>
        <time>2022-01-27T07:39:18Z</time>
      </trkpt>
      <trkpt lat="-33.294910853728652" lon="22.0512287132442">
        <ele>797.07000000000005</ele>
        <time>2022-01-27T07:39:22Z</time>
      </trkpt>
      <trkpt lat="-33.294892329722643" lon="22.051183031871915">
        <ele>796.59000000000003</ele>
        <time>2022-01-27T07:39:23Z</time>
      </trkpt>
      <trkpt lat="-33.294871207326651" lon="22.051139110699296">
        <ele>797.07000000000005</ele>
        <time>2022-01-27T07:39:24Z</time>
      </trkpt>
      <trkpt lat="-33.294850001111627" lon="22.051093596965075">
        <ele>797.54999999999995</ele>
        <time>2022-01-27T07:39:25Z</time>
      </trkpt>
      <trkpt lat="-33.294832231476903" lon="22.051045568659902">
        <ele>797.54999999999995</ele>
        <time>2022-01-27T07:39:26Z</time>
      </trkpt>
      <trkpt lat="-33.294814461842179" lon="22.050992343574762">
        <ele>797.54999999999995</ele>
        <time>2022-01-27T07:39:27Z</time>
      </trkpt>
      <trkpt lat="-33.294584546238184" lon="22.050723787397146">
        <ele>799.47000000000003</ele>
        <time>2022-01-27T07:39:36Z</time>
      </trkpt>
      <trkpt lat="-33.29440844245255" lon="22.05092528834939">
        <ele>798.02999999999997</ele>
        <time>2022-01-27T07:39:45Z</time>
      </trkpt>
      <trkpt lat="-33.294320264831185" lon="22.051183115690947">
        <ele>794.19000000000005</ele>
        <time>2022-01-27T07:39:53Z</time>
      </trkpt>
      <trkpt lat="-33.29430190846324" lon="22.051201639696956">
        <ele>793.71000000000004</ele>
        <time>2022-01-27T07:39:54Z</time>
      </trkpt>
      <trkpt lat="-33.294279528781772" lon="22.051216894760728">
        <ele>793.71000000000004</ele>
        <time>2022-01-27T07:39:55Z</time>
      </trkpt>
      <trkpt lat="-33.294257652014494" lon="22.051228964701295">
        <ele>793.22000000000003</ele>
        <time>2022-01-27T07:39:56Z</time>
      </trkpt>
      <trkpt lat="-33.294235272333026" lon="22.051241202279925">
        <ele>793.22000000000003</ele>
        <time>2022-01-27T07:39:57Z</time>
      </trkpt>
      <trkpt lat="-33.29401021823287" lon="22.051319740712643">
        <ele>792.74000000000001</ele>
        <time>2022-01-27T07:40:04Z</time>
      </trkpt>
      <trkpt lat="-33.293964872136712" lon="22.051313873380423">
        <ele>793.22000000000003</ele>
        <time>2022-01-27T07:40:05Z</time>
      </trkpt>
      <trkpt lat="-33.293915083631873" lon="22.051301216706634">
        <ele>793.22000000000003</ele>
        <time>2022-01-27T07:40:06Z</time>
      </trkpt>
      <trkpt lat="-33.29380645416677" lon="22.051258804276586">
        <ele>793.22000000000003</ele>
        <time>2022-01-27T07:40:08Z</time>
      </trkpt>
      <trkpt lat="-33.293006820604205" lon="22.050786735489964">
        <ele>791.77999999999997</ele>
        <time>2022-01-27T07:40:20Z</time>
      </trkpt>
      <trkpt lat="-33.292893832549453" lon="22.050690595060587">
        <ele>790.82000000000005</ele>
        <time>2022-01-27T07:40:22Z</time>
      </trkpt>
      <trkpt lat="-33.29273340292275" lon="22.050559585914016">
        <ele>790.34000000000003</ele>
        <time>2022-01-27T07:40:25Z</time>
      </trkpt>
      <trkpt lat="-33.292673891410232" lon="22.050536451861262">
        <ele>789.86000000000001</ele>
        <time>2022-01-27T07:40:26Z</time>
      </trkpt>
      <trkpt lat="-33.292608596384525" lon="22.0505241304636">
        <ele>789.86000000000001</ele>
        <time>2022-01-27T07:40:27Z</time>
      </trkpt>
      <trkpt lat="-33.292539613321424" lon="22.050520777702332">
        <ele>789.38</ele>
        <time>2022-01-27T07:40:28Z</time>
      </trkpt>
      <trkpt lat="-33.292470630258322" lon="22.050530333071947">
        <ele>789.38</ele>
        <time>2022-01-27T07:40:29Z</time>
      </trkpt>
      <trkpt lat="-33.292408268898726" lon="22.050552628934383">
        <ele>788.89999999999998</ele>
        <time>2022-01-27T07:40:30Z</time>
      </trkpt>
      <trkpt lat="-33.292351942509413" lon="22.050586491823196">
        <ele>788.89999999999998</ele>
        <time>2022-01-27T07:40:31Z</time>
      </trkpt>
      <trkpt lat="-33.292299555614591" lon="22.050627395510674">
        <ele>788.41999999999996</ele>
        <time>2022-01-27T07:40:32Z</time>
      </trkpt>
      <trkpt lat="-33.292250772938132" lon="22.050671903416514">
        <ele>788.41999999999996</ele>
        <time>2022-01-27T07:40:33Z</time>
      </trkpt>
      <trkpt lat="-33.292202744632959" lon="22.050720602273941">
        <ele>787.94000000000005</ele>
        <time>2022-01-27T07:40:34Z</time>
      </trkpt>
      <trkpt lat="-33.292027479037642" lon="22.050955547019839">
        <ele>785.04999999999995</ele>
        <time>2022-01-27T07:40:38Z</time>
      </trkpt>
      <trkpt lat="-33.291829330846667" lon="22.051391322165728">
        <ele>783.13</ele>
        <time>2022-01-27T07:40:43Z</time>
      </trkpt>
      <trkpt lat="-33.291809717193246" lon="22.051468268036842">
        <ele>783.13</ele>
        <time>2022-01-27T07:40:44Z</time>
      </trkpt>
      <trkpt lat="-33.291797982528806" lon="22.051544459536672">
        <ele>783.13</ele>
        <time>2022-01-27T07:40:45Z</time>
      </trkpt>
      <trkpt lat="-33.291792450472713" lon="22.05162157304585">
        <ele>783.13</ele>
        <time>2022-01-27T07:40:46Z</time>
      </trkpt>
      <trkpt lat="-33.291789600625634" lon="22.051699860021472">
        <ele>783.13</ele>
        <time>2022-01-27T07:40:47Z</time>
      </trkpt>
      <trkpt lat="-33.291774010285735" lon="22.052264967933297">
        <ele>783.13</ele>
        <time>2022-01-27T07:40:54Z</time>
      </trkpt>
      <trkpt lat="-33.291761185973883" lon="22.052327496930957">
        <ele>783.13</ele>
        <time>2022-01-27T07:40:55Z</time>
      </trkpt>
      <trkpt lat="-33.291740231215954" lon="22.052385583519936">
        <ele>783.13</ele>
        <time>2022-01-27T07:40:56Z</time>
      </trkpt>
      <trkpt lat="-33.291713241487741" lon="22.052436713129282">
        <ele>783.13</ele>
        <time>2022-01-27T07:40:57Z</time>
      </trkpt>
      <trkpt lat="-33.291683988645673" lon="22.05247962847352">
        <ele>783.13</ele>
        <time>2022-01-27T07:40:58Z</time>
      </trkpt>
      <trkpt lat="-33.291653646156192" lon="22.052512653172016">
        <ele>783.13</ele>
        <time>2022-01-27T07:40:59Z</time>
      </trkpt>
      <trkpt lat="-33.291622381657362" lon="22.05253578722477">
        <ele>783.13</ele>
        <time>2022-01-27T07:41:00Z</time>
      </trkpt>
      <trkpt lat="-33.291587932035327" lon="22.052547689527273">
        <ele>783.13</ele>
        <time>2022-01-27T07:41:01Z</time>
      </trkpt>
      <trkpt lat="-33.29154803417623" lon="22.052548276260495">
        <ele>783.13</ele>
        <time>2022-01-27T07:41:02Z</time>
      </trkpt>
      <trkpt lat="-33.291503023356199" lon="22.052539391443133">
        <ele>782.64999999999998</ele>
        <time>2022-01-27T07:41:03Z</time>
      </trkpt>
      <trkpt lat="-33.29145516268909" lon="22.052520364522934">
        <ele>782.64999999999998</ele>
        <time>2022-01-27T07:41:04Z</time>
      </trkpt>
      <trkpt lat="-33.291405793279409" lon="22.052487507462502">
        <ele>782.64999999999998</ele>
        <time>2022-01-27T07:41:05Z</time>
      </trkpt>
      <trkpt lat="-33.291352652013302" lon="22.052445765584707">
        <ele>782.16999999999996</ele>
        <time>2022-01-27T07:41:06Z</time>
      </trkpt>
      <trkpt lat="-33.290782766416669" lon="22.052131611853838">
        <ele>780.73000000000002</ele>
        <time>2022-01-27T07:41:15Z</time>
      </trkpt>
      <trkpt lat="-33.290709592401981" lon="22.052123649045825">
        <ele>780.73000000000002</ele>
        <time>2022-01-27T07:41:16Z</time>
      </trkpt>
      <trkpt lat="-33.290635831654072" lon="22.052123732864857">
        <ele>780.73000000000002</ele>
        <time>2022-01-27T07:41:17Z</time>
      </trkpt>
      <trkpt lat="-33.29056341201067" lon="22.05212976783514">
        <ele>780.25</ele>
        <time>2022-01-27T07:41:18Z</time>
      </trkpt>
      <trkpt lat="-33.290489232167602" lon="22.052142005413771">
        <ele>780.25</ele>
        <time>2022-01-27T07:41:19Z</time>
      </trkpt>
      <trkpt lat="-33.289558840915561" lon="22.052319534122944">
        <ele>779.76999999999998</ele>
        <time>2022-01-27T07:41:32Z</time>
      </trkpt>
      <trkpt lat="-33.288599867373705" lon="22.052587671205401">
        <ele>780.73000000000002</ele>
        <time>2022-01-27T07:41:44Z</time>
      </trkpt>
      <trkpt lat="-33.288514958694577" lon="22.052584066987038">
        <ele>780.73000000000002</ele>
        <time>2022-01-27T07:41:45Z</time>
      </trkpt>
      <trkpt lat="-33.28825319185853" lon="22.052545845508575">
        <ele>778.32000000000005</ele>
        <time>2022-01-27T07:41:48Z</time>
      </trkpt>
      <trkpt lat="-33.288152944296598" lon="22.052503265440464">
        <ele>777.84000000000003</ele>
        <time>2022-01-27T07:41:49Z</time>
      </trkpt>
      <trkpt lat="-33.287399243563414" lon="22.05207553692162">
        <ele>774.96000000000004</ele>
        <time>2022-01-27T07:41:55Z</time>
      </trkpt>
      <trkpt lat="-33.287070421501994" lon="22.051916867494583">
        <ele>773.51999999999998</ele>
        <time>2022-01-27T07:41:58Z</time>
      </trkpt>
      <trkpt lat="-33.286954080685973" lon="22.051889291033149">
        <ele>773.03999999999996</ele>
        <time>2022-01-27T07:41:59Z</time>
      </trkpt>
      <trkpt lat="-33.286840254440904" lon="22.051876382902265">
        <ele>772.55999999999995</ele>
        <time>2022-01-27T07:42:00Z</time>
      </trkpt>
      <trkpt lat="-33.286722740158439" lon="22.051880238577724">
        <ele>771.60000000000002</ele>
        <time>2022-01-27T07:42:01Z</time>
      </trkpt>
      <trkpt lat="-33.286605561152101" lon="22.051896834746003">
        <ele>771.11000000000001</ele>
        <time>2022-01-27T07:42:02Z</time>
      </trkpt>
      <trkpt lat="-33.286489052698016" lon="22.051926171407104">
        <ele>770.63</ele>
        <time>2022-01-27T07:42:03Z</time>
      </trkpt>
      <trkpt lat="-33.286372292786837" lon="22.051966236904263">
        <ele>770.14999999999998</ele>
        <time>2022-01-27T07:42:04Z</time>
      </trkpt>
      <trkpt lat="-33.286256203427911" lon="22.052012337371707">
        <ele>769.66999999999996</ele>
        <time>2022-01-27T07:42:05Z</time>
      </trkpt>
      <trkpt lat="-33.285091370344162" lon="22.052332861348987">
        <ele>764.38999999999999</ele>
        <time>2022-01-27T07:42:14Z</time>
      </trkpt>
      <trkpt lat="-33.282448388636112" lon="22.052704431116581">
        <ele>755.73000000000002</ele>
        <time>2022-01-27T07:42:32Z</time>
      </trkpt>
    </trkseg>
  </trk>

</gpx>