<?xml version="1.0" encoding="utf-8"?><gpx creator="Garmin Desktop App" version="1.1" xsi:schemaLocation="http://www.topografix.com/GPX/1/1 http://www.topografix.com/GPX/1/1/gpx.xsd http://www.garmin.com/xmlschemas/WaypointExtension/v1 http://www8.garmin.com/xmlschemas/WaypointExtensionv1.xsd http://www.garmin.com/xmlschemas/TrackPointExtension/v1 http://www.garmin.com/xmlschemas/TrackPointExtensionv1.xsd http://www.garmin.com/xmlschemas/GpxExtensions/v3 http://www8.garmin.com/xmlschemas/GpxExtensionsv3.xsd http://www.garmin.com/xmlschemas/ActivityExtension/v1 http://www8.garmin.com/xmlschemas/ActivityExtensionv1.xsd http://www.garmin.com/xmlschemas/AdventuresExtensions/v1 http://www8.garmin.com/xmlschemas/AdventuresExtensionv1.xsd http://www.garmin.com/xmlschemas/PressureExtension/v1 http://www.garmin.com/xmlschemas/PressureExtensionv1.xsd http://www.garmin.com/xmlschemas/TripExtensions/v1 http://www.garmin.com/xmlschemas/TripExtensionsv1.xsd http://www.garmin.com/xmlschemas/TripMetaDataExtensions/v1 http://www.garmin.com/xmlschemas/TripMetaDataExtensionsv1.xsd http://www.garmin.com/xmlschemas/ViaPointTransportationModeExtensions/v1 http://www.garmin.com/xmlschemas/ViaPointTransportationModeExtensionsv1.xsd http://www.garmin.com/xmlschemas/CreationTimeExtension/v1 http://www.garmin.com/xmlschemas/CreationTimeExtensionsv1.xsd http://www.garmin.com/xmlschemas/AccelerationExtension/v1 http://www.garmin.com/xmlschemas/AccelerationExtensionv1.xsd http://www.garmin.com/xmlschemas/PowerExtension/v1 http://www.garmin.com/xmlschemas/PowerExtensionv1.xsd http://www.garmin.com/xmlschemas/VideoExtension/v1 http://www.garmin.com/xmlschemas/VideoExtensionv1.xsd" xmlns="http://www.topografix.com/GPX/1/1" xmlns:xsi="http://www.w3.org/2001/XMLSchema-instance" xmlns:wptx1="http://www.garmin.com/xmlschemas/WaypointExtension/v1" xmlns:gpxtrx="http://www.garmin.com/xmlschemas/GpxExtensions/v3" xmlns:gpxtpx="http://www.garmin.com/xmlschemas/TrackPointExtension/v1" xmlns:gpxx="http://www.garmin.com/xmlschemas/GpxExtensions/v3" xmlns:trp="http://www.garmin.com/xmlschemas/TripExtensions/v1" xmlns:adv="http://www.garmin.com/xmlschemas/AdventuresExtensions/v1" xmlns:prs="http://www.garmin.com/xmlschemas/PressureExtension/v1" xmlns:tmd="http://www.garmin.com/xmlschemas/TripMetaDataExtensions/v1" xmlns:vptm="http://www.garmin.com/xmlschemas/ViaPointTransportationModeExtensions/v1" xmlns:ctx="http://www.garmin.com/xmlschemas/CreationTimeExtension/v1" xmlns:gpxacc="http://www.garmin.com/xmlschemas/AccelerationExtension/v1" xmlns:gpxpx="http://www.garmin.com/xmlschemas/PowerExtension/v1" xmlns:vidx1="http://www.garmin.com/xmlschemas/VideoExtension/v1">

  <metadata>
    <link href="http://www.garmin.com">
      <text>Garmin International</text>
    </link>
    <time>2023-01-21T18:28:24Z</time>
    <bounds maxlat="-29.427549010142684" maxlon="28.048127554357052" minlat="-29.480287190526724" minlon="27.939556930214167" />
  </metadata>

  <trk>
    <name>[329-B] Lekhalong Ia-Thaba-Putsoa / Blue Mountain Pass(EW)</name>
    <extensions>
      <gpxx:TrackExtension>
        <gpxx:DisplayColor>White</gpxx:DisplayColor>
      </gpxx:TrackExtension>
    </extensions>
    <trkseg>
      <trkpt lat="-29.480287190526724" lon="28.048127554357052">
        <ele>2196.27</ele>
        <time>2022-12-21T07:48:26Z</time>
      </trkpt>
      <trkpt lat="-29.48025718331337" lon="28.048024456948042">
        <ele>2195.3099999999999</ele>
        <time>2022-12-21T07:48:27Z</time>
      </trkpt>
      <trkpt lat="-29.480197168886662" lon="28.047932758927345">
        <ele>2193.8699999999999</ele>
        <time>2022-12-21T07:48:28Z</time>
      </trkpt>
      <trkpt lat="-29.480110248550773" lon="28.047859501093626">
        <ele>2192.9000000000001</ele>
        <time>2022-12-21T07:48:29Z</time>
      </trkpt>
      <trkpt lat="-29.479998517781496" lon="28.047807868570089">
        <ele>2191.9400000000001</ele>
        <time>2022-12-21T07:48:30Z</time>
      </trkpt>
      <trkpt lat="-29.479868430644274" lon="28.047774005681276">
        <ele>2191.46</ele>
        <time>2022-12-21T07:48:31Z</time>
      </trkpt>
      <trkpt lat="-29.479721328243613" lon="28.047745758667588">
        <ele>2190.5</ele>
        <time>2022-12-21T07:48:32Z</time>
      </trkpt>
      <trkpt lat="-29.479389740154147" lon="28.04770921356976">
        <ele>2189.0599999999999</ele>
        <time>2022-12-21T07:48:34Z</time>
      </trkpt>
      <trkpt lat="-29.479210283607244" lon="28.047727318480611">
        <ele>2188.0999999999999</ele>
        <time>2022-12-21T07:48:35Z</time>
      </trkpt>
      <trkpt lat="-29.479034766554832" lon="28.047767551615834">
        <ele>2187.1399999999999</ele>
        <time>2022-12-21T07:48:36Z</time>
      </trkpt>
      <trkpt lat="-29.478685241192579" lon="28.047840390354395">
        <ele>2184.73</ele>
        <time>2022-12-21T07:48:38Z</time>
      </trkpt>
      <trkpt lat="-29.478492541238666" lon="28.047838713973761">
        <ele>2183.29</ele>
        <time>2022-12-21T07:48:39Z</time>
      </trkpt>
      <trkpt lat="-29.478285005316138" lon="28.047813819721341">
        <ele>2182.3299999999999</ele>
        <time>2022-12-21T07:48:40Z</time>
      </trkpt>
      <trkpt lat="-29.476902158930898" lon="28.047579545527697">
        <ele>2182.8099999999999</ele>
        <time>2022-12-21T07:48:47Z</time>
      </trkpt>
      <trkpt lat="-29.476619772613049" lon="28.047490697354078">
        <ele>2184.73</ele>
        <time>2022-12-21T07:48:49Z</time>
      </trkpt>
      <trkpt lat="-29.476486500352621" lon="28.047411656007171">
        <ele>2185.6900000000001</ele>
        <time>2022-12-21T07:48:50Z</time>
      </trkpt>
      <trkpt lat="-29.476363286375999" lon="28.047304702922702">
        <ele>2187.1399999999999</ele>
        <time>2022-12-21T07:48:51Z</time>
      </trkpt>
      <trkpt lat="-29.476254405453801" lon="28.047172520309687">
        <ele>2188.5799999999999</ele>
        <time>2022-12-21T07:48:52Z</time>
      </trkpt>
      <trkpt lat="-29.476161701604724" lon="28.047019969671965">
        <ele>2190.02</ele>
        <time>2022-12-21T07:48:53Z</time>
      </trkpt>
      <trkpt lat="-29.476077798753977" lon="28.046856187283993">
        <ele>2191.46</ele>
        <time>2022-12-21T07:48:54Z</time>
      </trkpt>
      <trkpt lat="-29.475282607600093" lon="28.045453056693077">
        <ele>2206.8400000000001</ele>
        <time>2022-12-21T07:49:03Z</time>
      </trkpt>
      <trkpt lat="-29.475192585960031" lon="28.045338811352849">
        <ele>2207.3200000000002</ele>
        <time>2022-12-21T07:49:04Z</time>
      </trkpt>
      <trkpt lat="-29.475074149668217" lon="28.045233618468046">
        <ele>2207.8099999999999</ele>
        <time>2022-12-21T07:49:05Z</time>
      </trkpt>
      <trkpt lat="-29.474977757781744" lon="28.045180477201939">
        <ele>2208.29</ele>
        <time>2022-12-21T07:49:06Z</time>
      </trkpt>
      <trkpt lat="-29.474849095568061" lon="28.045143177732825">
        <ele>2208.29</ele>
        <time>2022-12-21T07:49:07Z</time>
      </trkpt>
      <trkpt lat="-29.474704507738352" lon="28.045134041458368">
        <ele>2207.8099999999999</ele>
        <time>2022-12-21T07:49:08Z</time>
      </trkpt>
      <trkpt lat="-29.474556231871247" lon="28.045144267380238">
        <ele>2207.3200000000002</ele>
        <time>2022-12-21T07:49:09Z</time>
      </trkpt>
      <trkpt lat="-29.474290860816836" lon="28.045140663161874">
        <ele>2206.3600000000001</ele>
        <time>2022-12-21T07:49:11Z</time>
      </trkpt>
      <trkpt lat="-29.474196564406157" lon="28.045106297358871">
        <ele>2205.8800000000001</ele>
        <time>2022-12-21T07:49:12Z</time>
      </trkpt>
      <trkpt lat="-29.474136549979448" lon="28.045044187456369">
        <ele>2205.4000000000001</ele>
        <time>2022-12-21T07:49:13Z</time>
      </trkpt>
      <trkpt lat="-29.474112410098314" lon="28.044963385909796">
        <ele>2204.9200000000001</ele>
        <time>2022-12-21T07:49:14Z</time>
      </trkpt>
      <trkpt lat="-29.47411417029798" lon="28.044859198853374">
        <ele>2204.4400000000001</ele>
        <time>2022-12-21T07:49:15Z</time>
      </trkpt>
      <trkpt lat="-29.474140238016844" lon="28.04473539814353">
        <ele>2203.96</ele>
        <time>2022-12-21T07:49:16Z</time>
      </trkpt>
      <trkpt lat="-29.474183656275272" lon="28.044591313228011">
        <ele>2203.96</ele>
        <time>2022-12-21T07:49:17Z</time>
      </trkpt>
      <trkpt lat="-29.474251633509994" lon="28.044275147840381">
        <ele>2203.48</ele>
        <time>2022-12-21T07:49:19Z</time>
      </trkpt>
      <trkpt lat="-29.474262949079275" lon="28.044101307168603">
        <ele>2203.48</ele>
        <time>2022-12-21T07:49:20Z</time>
      </trkpt>
      <trkpt lat="-29.47425389662385" lon="28.043922269716859">
        <ele>2203.48</ele>
        <time>2022-12-21T07:49:21Z</time>
      </trkpt>
      <trkpt lat="-29.474222380667925" lon="28.043740717694163">
        <ele>2203</ele>
        <time>2022-12-21T07:49:22Z</time>
      </trkpt>
      <trkpt lat="-29.474170161411166" lon="28.043564278632402">
        <ele>2203</ele>
        <time>2022-12-21T07:49:23Z</time>
      </trkpt>
      <trkpt lat="-29.474094640463591" lon="28.043398903682828">
        <ele>2203.48</ele>
        <time>2022-12-21T07:49:24Z</time>
      </trkpt>
      <trkpt lat="-29.473994225263596" lon="28.043252136558294">
        <ele>2203.48</ele>
        <time>2022-12-21T07:49:25Z</time>
      </trkpt>
      <trkpt lat="-29.473871598020196" lon="28.043127749115229">
        <ele>2203.48</ele>
        <time>2022-12-21T07:49:26Z</time>
      </trkpt>
      <trkpt lat="-29.473730027675629" lon="28.043021215125918">
        <ele>2203</ele>
        <time>2022-12-21T07:49:27Z</time>
      </trkpt>
      <trkpt lat="-29.473586529493332" lon="28.042927086353302">
        <ele>2203</ele>
        <time>2022-12-21T07:49:28Z</time>
      </trkpt>
      <trkpt lat="-29.473456526175141" lon="28.042831113561988">
        <ele>2203</ele>
        <time>2022-12-21T07:49:29Z</time>
      </trkpt>
      <trkpt lat="-29.473347393795848" lon="28.042724328115582">
        <ele>2203</ele>
        <time>2022-12-21T07:49:30Z</time>
      </trkpt>
      <trkpt lat="-29.473268603906035" lon="28.042606227099895">
        <ele>2202.52</ele>
        <time>2022-12-21T07:49:31Z</time>
      </trkpt>
      <trkpt lat="-29.473212780430913" lon="28.042485527694225">
        <ele>2202.52</ele>
        <time>2022-12-21T07:49:32Z</time>
      </trkpt>
      <trkpt lat="-29.473157627508044" lon="28.042375054210424">
        <ele>2202.52</ele>
        <time>2022-12-21T07:49:33Z</time>
      </trkpt>
      <trkpt lat="-29.473082777112722" lon="28.042285954579711">
        <ele>2202.52</ele>
        <time>2022-12-21T07:49:34Z</time>
      </trkpt>
      <trkpt lat="-29.472985044121742" lon="28.042222000658512">
        <ele>2202.52</ele>
        <time>2022-12-21T07:49:35Z</time>
      </trkpt>
      <trkpt lat="-29.472869960591197" lon="28.042183192446828">
        <ele>2202.52</ele>
        <time>2022-12-21T07:49:36Z</time>
      </trkpt>
      <trkpt lat="-29.472745656967163" lon="28.042161650955677">
        <ele>2202.52</ele>
        <time>2022-12-21T07:49:37Z</time>
      </trkpt>
      <trkpt lat="-29.47262772358954" lon="28.042133403941989">
        <ele>2203</ele>
        <time>2022-12-21T07:49:38Z</time>
      </trkpt>
      <trkpt lat="-29.472528900951147" lon="28.042088644579053">
        <ele>2203</ele>
        <time>2022-12-21T07:49:39Z</time>
      </trkpt>
      <trkpt lat="-29.472459834069014" lon="28.042027959600091">
        <ele>2203</ele>
        <time>2022-12-21T07:49:40Z</time>
      </trkpt>
      <trkpt lat="-29.472421612590551" lon="28.04194925352931">
        <ele>2203.48</ele>
        <time>2022-12-21T07:49:41Z</time>
      </trkpt>
      <trkpt lat="-29.472409458830953" lon="28.041847078129649">
        <ele>2203.48</ele>
        <time>2022-12-21T07:49:42Z</time>
      </trkpt>
      <trkpt lat="-29.472417840734124" lon="28.041723528876901">
        <ele>2203.48</ele>
        <time>2022-12-21T07:49:43Z</time>
      </trkpt>
      <trkpt lat="-29.472443405538797" lon="28.041584556922317">
        <ele>2203.48</ele>
        <time>2022-12-21T07:49:44Z</time>
      </trkpt>
      <trkpt lat="-29.472475675866008" lon="28.041426725685596">
        <ele>2203</ele>
        <time>2022-12-21T07:49:45Z</time>
      </trkpt>
      <trkpt lat="-29.472679356113076" lon="28.040418466553092">
        <ele>2203.96</ele>
        <time>2022-12-21T07:49:51Z</time>
      </trkpt>
      <trkpt lat="-29.472667789086699" lon="28.040264574810863">
        <ele>2203.96</ele>
        <time>2022-12-21T07:49:52Z</time>
      </trkpt>
      <trkpt lat="-29.472621688619256" lon="28.04011152125895">
        <ele>2203.96</ele>
        <time>2022-12-21T07:49:53Z</time>
      </trkpt>
      <trkpt lat="-29.472517753019929" lon="28.039814382791519">
        <ele>2203.96</ele>
        <time>2022-12-21T07:49:55Z</time>
      </trkpt>
      <trkpt lat="-29.472503336146474" lon="28.039663005620241">
        <ele>2204.4400000000001</ele>
        <time>2022-12-21T07:49:56Z</time>
      </trkpt>
      <trkpt lat="-29.472516747191548" lon="28.039502156898379">
        <ele>2204.9200000000001</ele>
        <time>2022-12-21T07:49:57Z</time>
      </trkpt>
      <trkpt lat="-29.472645157948136" lon="28.038670001551509">
        <ele>2205.4000000000001</ele>
        <time>2022-12-21T07:50:02Z</time>
      </trkpt>
      <trkpt lat="-29.472636273130774" lon="28.038508985191584">
        <ele>2205.4000000000001</ele>
        <time>2022-12-21T07:50:03Z</time>
      </trkpt>
      <trkpt lat="-29.472465952858329" lon="28.037596279755235">
        <ele>2202.04</ele>
        <time>2022-12-21T07:50:09Z</time>
      </trkpt>
      <trkpt lat="-29.472398478537798" lon="28.037477759644389">
        <ele>2201.0799999999999</ele>
        <time>2022-12-21T07:50:10Z</time>
      </trkpt>
      <trkpt lat="-29.472312144935131" lon="28.037380445748568">
        <ele>2199.6300000000001</ele>
        <time>2022-12-21T07:50:11Z</time>
      </trkpt>
      <trkpt lat="-29.472213657572865" lon="28.037305260077119">
        <ele>2198.6700000000001</ele>
        <time>2022-12-21T07:50:12Z</time>
      </trkpt>
      <trkpt lat="-29.472093125805259" lon="28.037246754392982">
        <ele>2197.71</ele>
        <time>2022-12-21T07:50:13Z</time>
      </trkpt>
      <trkpt lat="-29.471985585987568" lon="28.037216663360596">
        <ele>2196.27</ele>
        <time>2022-12-21T07:50:14Z</time>
      </trkpt>
      <trkpt lat="-29.471865640953183" lon="28.037198055535555">
        <ele>2195.3099999999999</ele>
        <time>2022-12-21T07:50:15Z</time>
      </trkpt>
      <trkpt lat="-29.471747037023306" lon="28.037175592035055">
        <ele>2193.8699999999999</ele>
        <time>2022-12-21T07:50:16Z</time>
      </trkpt>
      <trkpt lat="-29.471638994291425" lon="28.037133766338229">
        <ele>2192.4200000000001</ele>
        <time>2022-12-21T07:50:17Z</time>
      </trkpt>
      <trkpt lat="-29.471544865518808" lon="28.03706587292254">
        <ele>2190.98</ele>
        <time>2022-12-21T07:50:18Z</time>
      </trkpt>
      <trkpt lat="-29.471464902162552" lon="28.036965038627386">
        <ele>2189.54</ele>
        <time>2022-12-21T07:50:19Z</time>
      </trkpt>
      <trkpt lat="-29.47141595184803" lon="28.036839226260781">
        <ele>2187.6199999999999</ele>
        <time>2022-12-21T07:50:20Z</time>
      </trkpt>
      <trkpt lat="-29.471405390650034" lon="28.036730764433742">
        <ele>2186.6599999999999</ele>
        <time>2022-12-21T07:50:21Z</time>
      </trkpt>
      <trkpt lat="-29.471413604915142" lon="28.036581985652447">
        <ele>2185.21</ele>
        <time>2022-12-21T07:50:22Z</time>
      </trkpt>
      <trkpt lat="-29.471437660977244" lon="28.036425076425076">
        <ele>2184.25</ele>
        <time>2022-12-21T07:50:23Z</time>
      </trkpt>
      <trkpt lat="-29.47164461016655" lon="28.035554280504584">
        <ele>2182.3299999999999</ele>
        <time>2022-12-21T07:50:28Z</time>
      </trkpt>
      <trkpt lat="-29.471718454733491" lon="28.035385636612773">
        <ele>2183.29</ele>
        <time>2022-12-21T07:50:29Z</time>
      </trkpt>
      <trkpt lat="-29.471799004822969" lon="28.035238198935986">
        <ele>2184.25</ele>
        <time>2022-12-21T07:50:30Z</time>
      </trkpt>
      <trkpt lat="-29.471877124160528" lon="28.035094700753689">
        <ele>2185.6900000000001</ele>
        <time>2022-12-21T07:50:31Z</time>
      </trkpt>
      <trkpt lat="-29.471942754462361" lon="28.034941395744681">
        <ele>2186.6599999999999</ele>
        <time>2022-12-21T07:50:32Z</time>
      </trkpt>
      <trkpt lat="-29.471989944577217" lon="28.034780044108629">
        <ele>2187.6199999999999</ele>
        <time>2022-12-21T07:50:33Z</time>
      </trkpt>
      <trkpt lat="-29.472014838829637" lon="28.034609388560057">
        <ele>2188.5799999999999</ele>
        <time>2022-12-21T07:50:34Z</time>
      </trkpt>
      <trkpt lat="-29.472016012296081" lon="28.034440409392118">
        <ele>2189.54</ele>
        <time>2022-12-21T07:50:35Z</time>
      </trkpt>
      <trkpt lat="-29.471993381157517" lon="28.034265143796802">
        <ele>2190.5</ele>
        <time>2022-12-21T07:50:36Z</time>
      </trkpt>
      <trkpt lat="-29.471945269033313" lon="28.034085687249899">
        <ele>2191.46</ele>
        <time>2022-12-21T07:50:37Z</time>
      </trkpt>
      <trkpt lat="-29.471879051998258" lon="28.033915953710675">
        <ele>2191.9400000000001</ele>
        <time>2022-12-21T07:50:38Z</time>
      </trkpt>
      <trkpt lat="-29.471800345927477" lon="28.033745381981134">
        <ele>2192.9000000000001</ele>
        <time>2022-12-21T07:50:39Z</time>
      </trkpt>
      <trkpt lat="-29.471439924091101" lon="28.03307181224227">
        <ele>2198.1900000000001</ele>
        <time>2022-12-21T07:50:43Z</time>
      </trkpt>
      <trkpt lat="-29.471321571618319" lon="28.032930912449956">
        <ele>2200.1100000000001</ele>
        <time>2022-12-21T07:50:44Z</time>
      </trkpt>
      <trkpt lat="-29.471184611320496" lon="28.032806105911732">
        <ele>2201.5599999999999</ele>
        <time>2022-12-21T07:50:45Z</time>
      </trkpt>
      <trkpt lat="-29.471037173643708" lon="28.032703762874007">
        <ele>2203.48</ele>
        <time>2022-12-21T07:50:46Z</time>
      </trkpt>
      <trkpt lat="-29.470874480903149" lon="28.032618183642626">
        <ele>2205.4000000000001</ele>
        <time>2022-12-21T07:50:47Z</time>
      </trkpt>
      <trkpt lat="-29.470704831182957" lon="28.032556409016252">
        <ele>2207.3200000000002</ele>
        <time>2022-12-21T07:50:48Z</time>
      </trkpt>
      <trkpt lat="-29.47053350508213" lon="28.032508548349142">
        <ele>2209.73</ele>
        <time>2022-12-21T07:50:49Z</time>
      </trkpt>
      <trkpt lat="-29.470374835655093" lon="28.032451048493385">
        <ele>2211.1700000000001</ele>
        <time>2022-12-21T07:50:50Z</time>
      </trkpt>
      <trkpt lat="-29.47022513486445" lon="28.032365469262004">
        <ele>2212.6100000000001</ele>
        <time>2022-12-21T07:50:51Z</time>
      </trkpt>
      <trkpt lat="-29.470089180395007" lon="28.032253654673696">
        <ele>2214.5300000000002</ele>
        <time>2022-12-21T07:50:52Z</time>
      </trkpt>
      <trkpt lat="-29.469965547323227" lon="28.032125411555171">
        <ele>2215.98</ele>
        <time>2022-12-21T07:50:53Z</time>
      </trkpt>
      <trkpt lat="-29.469862366095185" lon="28.031987361609936">
        <ele>2217.4200000000001</ele>
        <time>2022-12-21T07:50:54Z</time>
      </trkpt>
      <trkpt lat="-29.469783073291183" lon="28.031833386048675">
        <ele>2218.8600000000001</ele>
        <time>2022-12-21T07:50:55Z</time>
      </trkpt>
      <trkpt lat="-29.46972674690187" lon="28.031667089089751">
        <ele>2219.8200000000002</ele>
        <time>2022-12-21T07:50:56Z</time>
      </trkpt>
      <trkpt lat="-29.469683161005378" lon="28.031480507925153">
        <ele>2221.2600000000002</ele>
        <time>2022-12-21T07:50:57Z</time>
      </trkpt>
      <trkpt lat="-29.469452407211065" lon="28.030301174148917">
        <ele>2227.0300000000002</ele>
        <time>2022-12-21T07:51:03Z</time>
      </trkpt>
      <trkpt lat="-29.469452071934938" lon="28.03010486997664">
        <ele>2227.9899999999998</ele>
        <time>2022-12-21T07:51:04Z</time>
      </trkpt>
      <trkpt lat="-29.469478810206056" lon="28.029899597167969">
        <ele>2228.9499999999998</ele>
        <time>2022-12-21T07:51:05Z</time>
      </trkpt>
      <trkpt lat="-29.469528347253799" lon="28.029680829495192">
        <ele>2229.4299999999998</ele>
        <time>2022-12-21T07:51:06Z</time>
      </trkpt>
      <trkpt lat="-29.469586852937937" lon="28.029457787051797">
        <ele>2230.4000000000001</ele>
        <time>2022-12-21T07:51:07Z</time>
      </trkpt>
      <trkpt lat="-29.4696647208184" lon="28.029230553656816">
        <ele>2230.8800000000001</ele>
        <time>2022-12-21T07:51:08Z</time>
      </trkpt>
      <trkpt lat="-29.469756167382002" lon="28.029019497334957">
        <ele>2231.3600000000001</ele>
        <time>2022-12-21T07:51:09Z</time>
      </trkpt>
      <trkpt lat="-29.46993294171989" lon="28.028612472116947">
        <ele>2232.3200000000002</ele>
        <time>2022-12-21T07:51:11Z</time>
      </trkpt>
      <trkpt lat="-29.469997230917215" lon="28.028396302834153">
        <ele>2233.2800000000002</ele>
        <time>2022-12-21T07:51:12Z</time>
      </trkpt>
      <trkpt lat="-29.470041152089834" lon="28.028176026418805">
        <ele>2233.7600000000002</ele>
        <time>2022-12-21T07:51:13Z</time>
      </trkpt>
      <trkpt lat="-29.470066130161285" lon="28.027952648699284">
        <ele>2234.2399999999998</ele>
        <time>2022-12-21T07:51:14Z</time>
      </trkpt>
      <trkpt lat="-29.470066381618381" lon="28.027734467759728">
        <ele>2235.1999999999998</ele>
        <time>2022-12-21T07:51:15Z</time>
      </trkpt>
      <trkpt lat="-29.470038302242756" lon="28.027516035363078">
        <ele>2235.6799999999998</ele>
        <time>2022-12-21T07:51:16Z</time>
      </trkpt>
      <trkpt lat="-29.469985328614712" lon="28.027295675128698">
        <ele>2236.6399999999999</ele>
        <time>2022-12-21T07:51:17Z</time>
      </trkpt>
      <trkpt lat="-29.469914417713881" lon="28.027081517502666">
        <ele>2237.1300000000001</ele>
        <time>2022-12-21T07:51:18Z</time>
      </trkpt>
      <trkpt lat="-29.469837723299861" lon="28.026867024600506">
        <ele>2238.0900000000001</ele>
        <time>2022-12-21T07:51:19Z</time>
      </trkpt>
      <trkpt lat="-29.469305891543627" lon="28.025361215695739">
        <ele>2247.2199999999998</ele>
        <time>2022-12-21T07:51:27Z</time>
      </trkpt>
      <trkpt lat="-29.46926498785615" lon="28.025215202942491">
        <ele>2248.6599999999999</ele>
        <time>2022-12-21T07:51:28Z</time>
      </trkpt>
      <trkpt lat="-29.469241015613079" lon="28.025059215724468">
        <ele>2249.6199999999999</ele>
        <time>2022-12-21T07:51:29Z</time>
      </trkpt>
      <trkpt lat="-29.469245290383697" lon="28.024895014241338">
        <ele>2251.0599999999999</ele>
        <time>2022-12-21T07:51:30Z</time>
      </trkpt>
      <trkpt lat="-29.469281667843461" lon="28.024727208539844">
        <ele>2252.5100000000002</ele>
        <time>2022-12-21T07:51:31Z</time>
      </trkpt>
      <trkpt lat="-29.46934905834496" lon="28.024566862732172">
        <ele>2253.4699999999998</ele>
        <time>2022-12-21T07:51:32Z</time>
      </trkpt>
      <trkpt lat="-29.469446958974004" lon="28.024413306266069">
        <ele>2254.4299999999998</ele>
        <time>2022-12-21T07:51:33Z</time>
      </trkpt>
      <trkpt lat="-29.469558354467154" lon="28.024262515828013">
        <ele>2255.8699999999999</ele>
        <time>2022-12-21T07:51:34Z</time>
      </trkpt>
      <trkpt lat="-29.469662960618734" lon="28.024110300466418">
        <ele>2256.8299999999999</ele>
        <time>2022-12-21T07:51:35Z</time>
      </trkpt>
      <trkpt lat="-29.469743594527245" lon="28.023959090933204">
        <ele>2257.79</ele>
        <time>2022-12-21T07:51:36Z</time>
      </trkpt>
      <trkpt lat="-29.469800926744938" lon="28.023797990754247">
        <ele>2258.75</ele>
        <time>2022-12-21T07:51:37Z</time>
      </trkpt>
      <trkpt lat="-29.469828922301531" lon="28.023631861433387">
        <ele>2259.2399999999998</ele>
        <time>2022-12-21T07:51:38Z</time>
      </trkpt>
      <trkpt lat="-29.469826323911548" lon="28.023460702970624">
        <ele>2260.1999999999998</ele>
        <time>2022-12-21T07:51:39Z</time>
      </trkpt>
      <trkpt lat="-29.469798915088177" lon="28.023297423496842">
        <ele>2261.1599999999999</ele>
        <time>2022-12-21T07:51:40Z</time>
      </trkpt>
      <trkpt lat="-29.4697580114007" lon="28.02313313819468">
        <ele>2262.1199999999999</ele>
        <time>2022-12-21T07:51:41Z</time>
      </trkpt>
      <trkpt lat="-29.46968961507082" lon="28.022800544276834">
        <ele>2265</ele>
        <time>2022-12-21T07:51:43Z</time>
      </trkpt>
      <trkpt lat="-29.469682741910219" lon="28.022628212347627">
        <ele>2266.4499999999998</ele>
        <time>2022-12-21T07:51:44Z</time>
      </trkpt>
      <trkpt lat="-29.469706462696195" lon="28.022463675588369">
        <ele>2267.4099999999999</ele>
        <time>2022-12-21T07:51:45Z</time>
      </trkpt>
      <trkpt lat="-29.469762705266476" lon="28.022300479933619">
        <ele>2268.8499999999999</ele>
        <time>2022-12-21T07:51:46Z</time>
      </trkpt>
      <trkpt lat="-29.469848619773984" lon="28.022147845476866">
        <ele>2270.29</ele>
        <time>2022-12-21T07:51:47Z</time>
      </trkpt>
      <trkpt lat="-29.469958674162626" lon="28.022013148292899">
        <ele>2271.73</ele>
        <time>2022-12-21T07:51:48Z</time>
      </trkpt>
      <trkpt lat="-29.470084235072136" lon="28.021889012306929">
        <ele>2273.1700000000001</ele>
        <time>2022-12-21T07:51:49Z</time>
      </trkpt>
      <trkpt lat="-29.470331082120538" lon="28.021618779748678">
        <ele>2277.02</ele>
        <time>2022-12-21T07:51:51Z</time>
      </trkpt>
      <trkpt lat="-29.470426887273788" lon="28.02146153524518">
        <ele>2278.46</ele>
        <time>2022-12-21T07:51:52Z</time>
      </trkpt>
      <trkpt lat="-29.470509281381965" lon="28.021285934373736">
        <ele>2279.9000000000001</ele>
        <time>2022-12-21T07:51:53Z</time>
      </trkpt>
      <trkpt lat="-29.470765180885792" lon="28.020781427621841">
        <ele>2284.71</ele>
        <time>2022-12-21T07:51:56Z</time>
      </trkpt>
      <trkpt lat="-29.470872301608324" lon="28.020643712952733">
        <ele>2285.6700000000001</ele>
        <time>2022-12-21T07:51:57Z</time>
      </trkpt>
      <trkpt lat="-29.470992162823677" lon="28.020523013547063">
        <ele>2287.1100000000001</ele>
        <time>2022-12-21T07:51:58Z</time>
      </trkpt>
      <trkpt lat="-29.471122585237026" lon="28.020421927794814">
        <ele>2288.5599999999999</ele>
        <time>2022-12-21T07:51:59Z</time>
      </trkpt>
      <trkpt lat="-29.471264826133847" lon="28.020344395190477">
        <ele>2290</ele>
        <time>2022-12-21T07:52:00Z</time>
      </trkpt>
      <trkpt lat="-29.471414526924491" lon="28.020287649706006">
        <ele>2290.96</ele>
        <time>2022-12-21T07:52:01Z</time>
      </trkpt>
      <trkpt lat="-29.471570514142513" lon="28.020247248932719">
        <ele>2292.4000000000001</ele>
        <time>2022-12-21T07:52:02Z</time>
      </trkpt>
      <trkpt lat="-29.471734631806612" lon="28.020221935585141">
        <ele>2293.8400000000001</ele>
        <time>2022-12-21T07:52:03Z</time>
      </trkpt>
      <trkpt lat="-29.471903275698423" lon="28.020203914493322">
        <ele>2295.2800000000002</ele>
        <time>2022-12-21T07:52:04Z</time>
      </trkpt>
      <trkpt lat="-29.473472367972136" lon="28.019783310592175">
        <ele>2309.2199999999998</ele>
        <time>2022-12-21T07:52:13Z</time>
      </trkpt>
      <trkpt lat="-29.475358882918954" lon="28.01906481385231">
        <ele>2329.4099999999999</ele>
        <time>2022-12-21T07:52:22Z</time>
      </trkpt>
      <trkpt lat="-29.476797636598349" lon="28.018620908260345">
        <ele>2348.6399999999999</ele>
        <time>2022-12-21T07:52:29Z</time>
      </trkpt>
      <trkpt lat="-29.477433571591973" lon="28.018494760617614">
        <ele>2359.6900000000001</ele>
        <time>2022-12-21T07:52:34Z</time>
      </trkpt>
      <trkpt lat="-29.477509930729866" lon="28.018449833616614">
        <ele>2361.1399999999999</ele>
        <time>2022-12-21T07:52:35Z</time>
      </trkpt>
      <trkpt lat="-29.477565167471766" lon="28.018385879695415">
        <ele>2362.5799999999999</ele>
        <time>2022-12-21T07:52:36Z</time>
      </trkpt>
      <trkpt lat="-29.477598108351231" lon="28.018306503072381">
        <ele>2364.02</ele>
        <time>2022-12-21T07:52:37Z</time>
      </trkpt>
      <trkpt lat="-29.477607160806656" lon="28.018215727061033">
        <ele>2365.46</ele>
        <time>2022-12-21T07:52:38Z</time>
      </trkpt>
      <trkpt lat="-29.477584445849061" lon="28.018117323517799">
        <ele>2366.9000000000001</ele>
        <time>2022-12-21T07:52:39Z</time>
      </trkpt>
      <trkpt lat="-29.477528454735875" lon="28.018021518364549">
        <ele>2368.3499999999999</ele>
        <time>2022-12-21T07:52:40Z</time>
      </trkpt>
      <trkpt lat="-29.477441115304828" lon="28.017936777323484">
        <ele>2369.3099999999999</ele>
        <time>2022-12-21T07:52:41Z</time>
      </trkpt>
      <trkpt lat="-29.477331144735217" lon="28.017858574166894">
        <ele>2370.75</ele>
        <time>2022-12-21T07:52:42Z</time>
      </trkpt>
      <trkpt lat="-29.477218324318528" lon="28.017772408202291">
        <ele>2371.71</ele>
        <time>2022-12-21T07:52:43Z</time>
      </trkpt>
      <trkpt lat="-29.477124698460102" lon="28.017677944153547">
        <ele>2373.1500000000001</ele>
        <time>2022-12-21T07:52:44Z</time>
      </trkpt>
      <trkpt lat="-29.477068707346916" lon="28.017579037696123">
        <ele>2374.1100000000001</ele>
        <time>2022-12-21T07:52:45Z</time>
      </trkpt>
      <trkpt lat="-29.477051021531224" lon="28.017474347725511">
        <ele>2375.0700000000002</ele>
        <time>2022-12-21T07:52:46Z</time>
      </trkpt>
      <trkpt lat="-29.477065857499838" lon="28.017362449318171">
        <ele>2376.52</ele>
        <time>2022-12-21T07:52:47Z</time>
      </trkpt>
      <trkpt lat="-29.477110784500837" lon="28.017241163179278">
        <ele>2377.48</ele>
        <time>2022-12-21T07:52:48Z</time>
      </trkpt>
      <trkpt lat="-29.477177588269114" lon="28.017113255336881">
        <ele>2378.4400000000001</ele>
        <time>2022-12-21T07:52:49Z</time>
      </trkpt>
      <trkpt lat="-29.477255372330546" lon="28.016978893429041">
        <ele>2379.8800000000001</ele>
        <time>2022-12-21T07:52:50Z</time>
      </trkpt>
      <trkpt lat="-29.477796591818333" lon="28.016048334538937">
        <ele>2388.5300000000002</ele>
        <time>2022-12-21T07:52:56Z</time>
      </trkpt>
      <trkpt lat="-29.477849397808313" lon="28.015919756144285">
        <ele>2389.9699999999998</ele>
        <time>2022-12-21T07:52:57Z</time>
      </trkpt>
      <trkpt lat="-29.477869346737862" lon="28.015799727290869">
        <ele>2391.4200000000001</ele>
        <time>2022-12-21T07:52:58Z</time>
      </trkpt>
      <trkpt lat="-29.477855768054724" lon="28.015692438930273">
        <ele>2392.8600000000001</ele>
        <time>2022-12-21T07:52:59Z</time>
      </trkpt>
      <trkpt lat="-29.477807488292456" lon="28.015597639605403">
        <ele>2394.3000000000002</ele>
        <time>2022-12-21T07:53:00Z</time>
      </trkpt>
      <trkpt lat="-29.477729117497802" lon="28.015520609915257">
        <ele>2395.7399999999998</ele>
        <time>2022-12-21T07:53:01Z</time>
      </trkpt>
      <trkpt lat="-29.477626606822014" lon="28.015471072867513">
        <ele>2396.6999999999998</ele>
        <time>2022-12-21T07:53:02Z</time>
      </trkpt>
      <trkpt lat="-29.477506410330534" lon="28.015449028462172">
        <ele>2398.1500000000001</ele>
        <time>2022-12-21T07:53:03Z</time>
      </trkpt>
      <trkpt lat="-29.477376658469439" lon="28.015441987663507">
        <ele>2399.1100000000001</ele>
        <time>2022-12-21T07:53:04Z</time>
      </trkpt>
      <trkpt lat="-29.477246152237058" lon="28.015426229685545">
        <ele>2400.5500000000002</ele>
        <time>2022-12-21T07:53:05Z</time>
      </trkpt>
      <trkpt lat="-29.477126793935895" lon="28.015387253835797">
        <ele>2401.5100000000002</ele>
        <time>2022-12-21T07:53:06Z</time>
      </trkpt>
      <trkpt lat="-29.477027468383312" lon="28.015318270772696">
        <ele>2402.9499999999998</ele>
        <time>2022-12-21T07:53:07Z</time>
      </trkpt>
      <trkpt lat="-29.476952450349927" lon="28.015223471447825">
        <ele>2404.3899999999999</ele>
        <time>2022-12-21T07:53:08Z</time>
      </trkpt>
      <trkpt lat="-29.476898806169629" lon="28.015107298269868">
        <ele>2405.8400000000001</ele>
        <time>2022-12-21T07:53:09Z</time>
      </trkpt>
      <trkpt lat="-29.47686024941504" lon="28.014977043494582">
        <ele>2407.2800000000002</ele>
        <time>2022-12-21T07:53:10Z</time>
      </trkpt>
      <trkpt lat="-29.47682655416429" lon="28.014845782890916">
        <ele>2408.7199999999998</ele>
        <time>2022-12-21T07:53:11Z</time>
      </trkpt>
      <trkpt lat="-29.476780202239752" lon="28.014731872826815">
        <ele>2410.1599999999999</ele>
        <time>2022-12-21T07:53:12Z</time>
      </trkpt>
      <trkpt lat="-29.476713566109538" lon="28.014642270281911">
        <ele>2411.5999999999999</ele>
        <time>2022-12-21T07:53:13Z</time>
      </trkpt>
      <trkpt lat="-29.476635865867138" lon="28.01459189504385">
        <ele>2413.0500000000002</ele>
        <time>2022-12-21T07:53:14Z</time>
      </trkpt>
      <trkpt lat="-29.476540731266141" lon="28.014576220884919">
        <ele>2414.0100000000002</ele>
        <time>2022-12-21T07:53:15Z</time>
      </trkpt>
      <trkpt lat="-29.4764444231987" lon="28.014602707698941">
        <ele>2414.9699999999998</ele>
        <time>2022-12-21T07:53:16Z</time>
      </trkpt>
      <trkpt lat="-29.476359765976667" lon="28.014676468446851">
        <ele>2415.4499999999998</ele>
        <time>2022-12-21T07:53:17Z</time>
      </trkpt>
      <trkpt lat="-29.476292040199041" lon="28.014785097911954">
        <ele>2415.9299999999998</ele>
        <time>2022-12-21T07:53:18Z</time>
      </trkpt>
      <trkpt lat="-29.476236049085855" lon="28.014919459819794">
        <ele>2416.8899999999999</ele>
        <time>2022-12-21T07:53:19Z</time>
      </trkpt>
      <trkpt lat="-29.476183075457811" lon="28.01507025025785">
        <ele>2417.8499999999999</ele>
        <time>2022-12-21T07:53:20Z</time>
      </trkpt>
      <trkpt lat="-29.475995237007737" lon="28.01555841229856">
        <ele>2420.2600000000002</ele>
        <time>2022-12-21T07:53:23Z</time>
      </trkpt>
      <trkpt lat="-29.475911417976022" lon="28.01569084636867">
        <ele>2421.2199999999998</ele>
        <time>2022-12-21T07:53:24Z</time>
      </trkpt>
      <trkpt lat="-29.475811002776027" lon="28.015789166092873">
        <ele>2421.6999999999998</ele>
        <time>2022-12-21T07:53:25Z</time>
      </trkpt>
      <trkpt lat="-29.475690638646483" lon="28.015857981517911">
        <ele>2422.6599999999999</ele>
        <time>2022-12-21T07:53:26Z</time>
      </trkpt>
      <trkpt lat="-29.475553426891565" lon="28.015911960974336">
        <ele>2423.1399999999999</ele>
        <time>2022-12-21T07:53:27Z</time>
      </trkpt>
      <trkpt lat="-29.475405402481556" lon="28.015961330384016">
        <ele>2423.6199999999999</ele>
        <time>2022-12-21T07:53:28Z</time>
      </trkpt>
      <trkpt lat="-29.475253354758024" lon="28.015999719500542">
        <ele>2424.5799999999999</ele>
        <time>2022-12-21T07:53:29Z</time>
      </trkpt>
      <trkpt lat="-29.475106671452522" lon="28.016013717278838">
        <ele>2425.54</ele>
        <time>2022-12-21T07:53:30Z</time>
      </trkpt>
      <trkpt lat="-29.474973315373063" lon="28.016000892966986">
        <ele>2426.5</ele>
        <time>2022-12-21T07:53:31Z</time>
      </trkpt>
      <trkpt lat="-29.474848760291934" lon="28.01596250385046">
        <ele>2427.4699999999998</ele>
        <time>2022-12-21T07:53:32Z</time>
      </trkpt>
      <trkpt lat="-29.474728647619486" lon="28.015890587121248">
        <ele>2428.9099999999999</ele>
        <time>2022-12-21T07:53:33Z</time>
      </trkpt>
      <trkpt lat="-29.474610630422831" lon="28.015788830816746">
        <ele>2430.8299999999999</ele>
        <time>2022-12-21T07:53:34Z</time>
      </trkpt>
      <trkpt lat="-29.474491942673922" lon="28.015672322362661">
        <ele>2432.27</ele>
        <time>2022-12-21T07:53:35Z</time>
      </trkpt>
      <trkpt lat="-29.473510673269629" lon="28.014460550621152">
        <ele>2448.6199999999999</ele>
        <time>2022-12-21T07:53:43Z</time>
      </trkpt>
      <trkpt lat="-29.473418975248933" lon="28.014271873980761">
        <ele>2451.02</ele>
        <time>2022-12-21T07:53:44Z</time>
      </trkpt>
      <trkpt lat="-29.473357116803527" lon="28.014088980853558">
        <ele>2453.4200000000001</ele>
        <time>2022-12-21T07:53:45Z</time>
      </trkpt>
      <trkpt lat="-29.473245302215219" lon="28.013776671141386">
        <ele>2458.23</ele>
        <time>2022-12-21T07:53:47Z</time>
      </trkpt>
      <trkpt lat="-29.473152430728078" lon="28.013648930937052">
        <ele>2460.6300000000001</ele>
        <time>2022-12-21T07:53:48Z</time>
      </trkpt>
      <trkpt lat="-29.473035503178835" lon="28.013540804386139">
        <ele>2462.5500000000002</ele>
        <time>2022-12-21T07:53:49Z</time>
      </trkpt>
      <trkpt lat="-29.47290332056582" lon="28.013445502147079">
        <ele>2464.48</ele>
        <time>2022-12-21T07:53:50Z</time>
      </trkpt>
      <trkpt lat="-29.47276116348803" lon="28.013356486335397">
        <ele>2466.8800000000001</ele>
        <time>2022-12-21T07:53:51Z</time>
      </trkpt>
      <trkpt lat="-29.472331004217267" lon="28.013068232685328">
        <ele>2473.1300000000001</ele>
        <time>2022-12-21T07:53:54Z</time>
      </trkpt>
      <trkpt lat="-29.472227990627289" lon="28.012943007051945">
        <ele>2475.5300000000002</ele>
        <time>2022-12-21T07:53:55Z</time>
      </trkpt>
      <trkpt lat="-29.472070327028632" lon="28.0127087328583">
        <ele>2479.3800000000001</ele>
        <time>2022-12-21T07:53:57Z</time>
      </trkpt>
      <trkpt lat="-29.471978880465031" lon="28.012635391205549">
        <ele>2481.3000000000002</ele>
        <time>2022-12-21T07:53:58Z</time>
      </trkpt>
      <trkpt lat="-29.471872514113784" lon="28.012601025402546">
        <ele>2483.2199999999998</ele>
        <time>2022-12-21T07:53:59Z</time>
      </trkpt>
      <trkpt lat="-29.471757765859365" lon="28.0126016959548">
        <ele>2485.1500000000001</ele>
        <time>2022-12-21T07:54:00Z</time>
      </trkpt>
      <trkpt lat="-29.471636228263378" lon="28.012620806694031">
        <ele>2486.5900000000001</ele>
        <time>2022-12-21T07:54:01Z</time>
      </trkpt>
      <trkpt lat="-29.471511086449027" lon="28.012633547186852">
        <ele>2488.5100000000002</ele>
        <time>2022-12-21T07:54:02Z</time>
      </trkpt>
      <trkpt lat="-29.471383178606629" lon="28.012615945190191">
        <ele>2489.4699999999998</ele>
        <time>2022-12-21T07:54:03Z</time>
      </trkpt>
      <trkpt lat="-29.471257701516151" lon="28.012563725933433">
        <ele>2490.9099999999999</ele>
        <time>2022-12-21T07:54:04Z</time>
      </trkpt>
      <trkpt lat="-29.471140941604972" lon="28.012487450614572">
        <ele>2492.3600000000001</ele>
        <time>2022-12-21T07:54:05Z</time>
      </trkpt>
      <trkpt lat="-29.471025690436363" lon="28.012388627976179">
        <ele>2493.8000000000002</ele>
        <time>2022-12-21T07:54:06Z</time>
      </trkpt>
      <trkpt lat="-29.47091069072485" lon="28.012278322130442">
        <ele>2495.2399999999998</ele>
        <time>2022-12-21T07:54:07Z</time>
      </trkpt>
      <trkpt lat="-29.470786051824689" lon="28.012170447036624">
        <ele>2496.6799999999998</ele>
        <time>2022-12-21T07:54:08Z</time>
      </trkpt>
      <trkpt lat="-29.470656970515847" lon="28.012089477851987">
        <ele>2498.1199999999999</ele>
        <time>2022-12-21T07:54:09Z</time>
      </trkpt>
      <trkpt lat="-29.470518250018358" lon="28.012041198089719">
        <ele>2500.0500000000002</ele>
        <time>2022-12-21T07:54:10Z</time>
      </trkpt>
      <trkpt lat="-29.47036880068481" lon="28.012025691568851">
        <ele>2501.9699999999998</ele>
        <time>2022-12-21T07:54:11Z</time>
      </trkpt>
      <trkpt lat="-29.470208957791328" lon="28.012021584436297">
        <ele>2503.4099999999999</ele>
        <time>2022-12-21T07:54:12Z</time>
      </trkpt>
      <trkpt lat="-29.470050120726228" lon="28.011997444555163">
        <ele>2505.3299999999999</ele>
        <time>2022-12-21T07:54:13Z</time>
      </trkpt>
      <trkpt lat="-29.469886422157288" lon="28.011946566402912">
        <ele>2506.77</ele>
        <time>2022-12-21T07:54:14Z</time>
      </trkpt>
      <trkpt lat="-29.469250570982695" lon="28.011671639978886">
        <ele>2513.98</ele>
        <time>2022-12-21T07:54:18Z</time>
      </trkpt>
      <trkpt lat="-29.469127859920263" lon="28.011566950008273">
        <ele>2515.4299999999998</ele>
        <time>2022-12-21T07:54:19Z</time>
      </trkpt>
      <trkpt lat="-29.469021325930953" lon="28.011436862871051">
        <ele>2517.3499999999999</ele>
        <time>2022-12-21T07:54:20Z</time>
      </trkpt>
      <trkpt lat="-29.468406764790416" lon="28.010616609826684">
        <ele>2528.4000000000001</ele>
        <time>2022-12-21T07:54:26Z</time>
      </trkpt>
      <trkpt lat="-29.468349684029818" lon="28.010461209341884">
        <ele>2529.3699999999999</ele>
        <time>2022-12-21T07:54:27Z</time>
      </trkpt>
      <trkpt lat="-29.468317246064544" lon="28.010292649269104">
        <ele>2530.8099999999999</ele>
        <time>2022-12-21T07:54:28Z</time>
      </trkpt>
      <trkpt lat="-29.46830727159977" lon="28.010124173015356">
        <ele>2531.77</ele>
        <time>2022-12-21T07:54:29Z</time>
      </trkpt>
      <trkpt lat="-29.468325627967715" lon="28.009968353435397">
        <ele>2532.73</ele>
        <time>2022-12-21T07:54:30Z</time>
      </trkpt>
      <trkpt lat="-29.468377931043506" lon="28.009821753948927">
        <ele>2533.6900000000001</ele>
        <time>2022-12-21T07:54:31Z</time>
      </trkpt>
      <trkpt lat="-29.468458397313952" lon="28.009683955460787">
        <ele>2534.6500000000001</ele>
        <time>2022-12-21T07:54:32Z</time>
      </trkpt>
      <trkpt lat="-29.468558477237821" lon="28.009539451450109">
        <ele>2535.1300000000001</ele>
        <time>2022-12-21T07:54:33Z</time>
      </trkpt>
      <trkpt lat="-29.468765007331967" lon="28.009216831997037">
        <ele>2535.6100000000001</ele>
        <time>2022-12-21T07:54:35Z</time>
      </trkpt>
      <trkpt lat="-29.468848155811429" lon="28.009037040174007">
        <ele>2535.6100000000001</ele>
        <time>2022-12-21T07:54:36Z</time>
      </trkpt>
      <trkpt lat="-29.468917809426785" lon="28.008846938610077">
        <ele>2535.6100000000001</ele>
        <time>2022-12-21T07:54:37Z</time>
      </trkpt>
      <trkpt lat="-29.469097685068846" lon="28.008305048570037">
        <ele>2535.6100000000001</ele>
        <time>2022-12-21T07:54:40Z</time>
      </trkpt>
      <trkpt lat="-29.469172870740294" lon="28.008171608671546">
        <ele>2536.0999999999999</ele>
        <time>2022-12-21T07:54:41Z</time>
      </trkpt>
      <trkpt lat="-29.469268340617418" lon="28.008072031661868">
        <ele>2536.0999999999999</ele>
        <time>2022-12-21T07:54:42Z</time>
      </trkpt>
      <trkpt lat="-29.469384429976344" lon="28.008009251207113">
        <ele>2536.5799999999999</ele>
        <time>2022-12-21T07:54:43Z</time>
      </trkpt>
      <trkpt lat="-29.469510409981012" lon="28.007989218458533">
        <ele>2537.0599999999999</ele>
        <time>2022-12-21T07:54:44Z</time>
      </trkpt>
      <trkpt lat="-29.469639407470822" lon="28.008014615625143">
        <ele>2537.54</ele>
        <time>2022-12-21T07:54:45Z</time>
      </trkpt>
      <trkpt lat="-29.469763375818729" lon="28.008082341402769">
        <ele>2538.5</ele>
        <time>2022-12-21T07:54:46Z</time>
      </trkpt>
      <trkpt lat="-29.469880638644099" lon="28.008182169869542">
        <ele>2539.9400000000001</ele>
        <time>2022-12-21T07:54:47Z</time>
      </trkpt>
      <trkpt lat="-29.469998152926564" lon="28.008281160145998">
        <ele>2540.9000000000001</ele>
        <time>2022-12-21T07:54:48Z</time>
      </trkpt>
      <trkpt lat="-29.470132011920214" lon="28.008355759084225">
        <ele>2541.8600000000001</ele>
        <time>2022-12-21T07:54:49Z</time>
      </trkpt>
      <trkpt lat="-29.470281461253762" lon="28.008401859551668">
        <ele>2543.3099999999999</ele>
        <time>2022-12-21T07:54:50Z</time>
      </trkpt>
      <trkpt lat="-29.470439041033387" lon="28.008430022746325">
        <ele>2544.75</ele>
        <time>2022-12-21T07:54:51Z</time>
      </trkpt>
      <trkpt lat="-29.470591926947236" lon="28.008449720218778">
        <ele>2546.1900000000001</ele>
        <time>2022-12-21T07:54:52Z</time>
      </trkpt>
      <trkpt lat="-29.47086576372385" lon="28.008457347750664">
        <ele>2548.5900000000001</ele>
        <time>2022-12-21T07:54:54Z</time>
      </trkpt>
      <trkpt lat="-29.47097766213119" lon="28.008428178727627">
        <ele>2549.5500000000002</ele>
        <time>2022-12-21T07:54:55Z</time>
      </trkpt>
      <trkpt lat="-29.471073299646378" lon="28.008369673043489">
        <ele>2550.5100000000002</ele>
        <time>2022-12-21T07:54:56Z</time>
      </trkpt>
      <trkpt lat="-29.471149574965239" lon="28.008279651403427">
        <ele>2551.48</ele>
        <time>2022-12-21T07:54:57Z</time>
      </trkpt>
      <trkpt lat="-29.471208835020661" lon="28.008162220939994">
        <ele>2552.4400000000001</ele>
        <time>2022-12-21T07:54:58Z</time>
      </trkpt>
      <trkpt lat="-29.471253007650375" lon="28.008025847375393">
        <ele>2553.4000000000001</ele>
        <time>2022-12-21T07:54:59Z</time>
      </trkpt>
      <trkpt lat="-29.471293576061726" lon="28.007875308394432">
        <ele>2554.8400000000001</ele>
        <time>2022-12-21T07:55:00Z</time>
      </trkpt>
      <trkpt lat="-29.471452077850699" lon="28.007192518562078">
        <ele>2559.6500000000001</ele>
        <time>2022-12-21T07:55:04Z</time>
      </trkpt>
      <trkpt lat="-29.471448641270399" lon="28.007015660405159">
        <ele>2561.0900000000001</ele>
        <time>2022-12-21T07:55:05Z</time>
      </trkpt>
      <trkpt lat="-29.471427518874407" lon="28.006841484457254">
        <ele>2562.0500000000002</ele>
        <time>2022-12-21T07:55:06Z</time>
      </trkpt>
      <trkpt lat="-29.471410335972905" lon="28.006667979061604">
        <ele>2563.0100000000002</ele>
        <time>2022-12-21T07:55:07Z</time>
      </trkpt>
      <trkpt lat="-29.47141888551414" lon="28.006491372361779">
        <ele>2563.9699999999998</ele>
        <time>2022-12-21T07:55:08Z</time>
      </trkpt>
      <trkpt lat="-29.47145945392549" lon="28.006308563053608">
        <ele>2564.4499999999998</ele>
        <time>2022-12-21T07:55:09Z</time>
      </trkpt>
      <trkpt lat="-29.471526006236672" lon="28.006122820079327">
        <ele>2564.4499999999998</ele>
        <time>2022-12-21T07:55:10Z</time>
      </trkpt>
      <trkpt lat="-29.471607897430658" lon="28.005949398502707">
        <ele>2564.4499999999998</ele>
        <time>2022-12-21T07:55:11Z</time>
      </trkpt>
      <trkpt lat="-29.471705546602607" lon="28.005799110978842">
        <ele>2564.9299999999998</ele>
        <time>2022-12-21T07:55:12Z</time>
      </trkpt>
      <trkpt lat="-29.471819289028645" lon="28.005682434886694">
        <ele>2564.9299999999998</ele>
        <time>2022-12-21T07:55:13Z</time>
      </trkpt>
      <trkpt lat="-29.471948621794581" lon="28.005599537864327">
        <ele>2564.9299999999998</ele>
        <time>2022-12-21T07:55:14Z</time>
      </trkpt>
      <trkpt lat="-29.472092790529132" lon="28.005545306950808">
        <ele>2565.4200000000001</ele>
        <time>2022-12-21T07:55:15Z</time>
      </trkpt>
      <trkpt lat="-29.472246346995234" lon="28.005504235625267">
        <ele>2565.4200000000001</ele>
        <time>2022-12-21T07:55:16Z</time>
      </trkpt>
      <trkpt lat="-29.472538540139794" lon="28.005390660837293">
        <ele>2565.4200000000001</ele>
        <time>2022-12-21T07:55:18Z</time>
      </trkpt>
      <trkpt lat="-29.472669046372175" lon="28.00529770553112">
        <ele>2565.4200000000001</ele>
        <time>2022-12-21T07:55:19Z</time>
      </trkpt>
      <trkpt lat="-29.472783878445625" lon="28.00517407245934">
        <ele>2564.9299999999998</ele>
        <time>2022-12-21T07:55:20Z</time>
      </trkpt>
      <trkpt lat="-29.472884042188525" lon="28.005023701116443">
        <ele>2564.9299999999998</ele>
        <time>2022-12-21T07:55:21Z</time>
      </trkpt>
      <trkpt lat="-29.47298345156014" lon="28.004853967577219">
        <ele>2564.4499999999998</ele>
        <time>2022-12-21T07:55:22Z</time>
      </trkpt>
      <trkpt lat="-29.473776463419199" lon="28.003681842237711">
        <ele>2563.9699999999998</ele>
        <time>2022-12-21T07:55:28Z</time>
      </trkpt>
      <trkpt lat="-29.474105453118682" lon="28.003106759861112">
        <ele>2563.4899999999998</ele>
        <time>2022-12-21T07:55:31Z</time>
      </trkpt>
      <trkpt lat="-29.474352551624179" lon="28.002802915871143">
        <ele>2562.5300000000002</ele>
        <time>2022-12-21T07:55:33Z</time>
      </trkpt>
      <trkpt lat="-29.474459001794457" lon="28.002631170675159">
        <ele>2562.0500000000002</ele>
        <time>2022-12-21T07:55:34Z</time>
      </trkpt>
      <trkpt lat="-29.474544329568744" lon="28.002436626702547">
        <ele>2561.5700000000002</ele>
        <time>2022-12-21T07:55:35Z</time>
      </trkpt>
      <trkpt lat="-29.474612809717655" lon="28.002224899828434">
        <ele>2560.6100000000001</ele>
        <time>2022-12-21T07:55:36Z</time>
      </trkpt>
      <trkpt lat="-29.474673746153712" lon="28.002002947032452">
        <ele>2559.6500000000001</ele>
        <time>2022-12-21T07:55:37Z</time>
      </trkpt>
      <trkpt lat="-29.474908271804452" lon="28.000958561897278">
        <ele>2556.7600000000002</ele>
        <time>2022-12-21T07:55:42Z</time>
      </trkpt>
      <trkpt lat="-29.474913971498609" lon="28.00076468847692">
        <ele>2556.2800000000002</ele>
        <time>2022-12-21T07:55:43Z</time>
      </trkpt>
      <trkpt lat="-29.474912630394101" lon="28.000212740153074">
        <ele>2553.8800000000001</ele>
        <time>2022-12-21T07:55:46Z</time>
      </trkpt>
      <trkpt lat="-29.474941631779075" lon="28.000037474557757">
        <ele>2553.4000000000001</ele>
        <time>2022-12-21T07:55:47Z</time>
      </trkpt>
      <trkpt lat="-29.474998712539673" lon="27.999870926141739">
        <ele>2552.4400000000001</ele>
        <time>2022-12-21T07:55:48Z</time>
      </trkpt>
      <trkpt lat="-29.475087309256196" lon="27.999719213694334">
        <ele>2551.48</ele>
        <time>2022-12-21T07:55:49Z</time>
      </trkpt>
      <trkpt lat="-29.475208930671215" lon="27.999584600329399">
        <ele>2551</ele>
        <time>2022-12-21T07:55:50Z</time>
      </trkpt>
      <trkpt lat="-29.475357374176383" lon="27.999467421323061">
        <ele>2550.5100000000002</ele>
        <time>2022-12-21T07:55:51Z</time>
      </trkpt>
      <trkpt lat="-29.475515959784389" lon="27.999349823221564">
        <ele>2550.0300000000002</ele>
        <time>2022-12-21T07:55:52Z</time>
      </trkpt>
      <trkpt lat="-29.475661804899573" lon="27.9992098454386">
        <ele>2550.0300000000002</ele>
        <time>2022-12-21T07:55:53Z</time>
      </trkpt>
      <trkpt lat="-29.475786024704576" lon="27.999052181839943">
        <ele>2550.5100000000002</ele>
        <time>2022-12-21T07:55:54Z</time>
      </trkpt>
      <trkpt lat="-29.475891888141632" lon="27.998893763870001">
        <ele>2551.48</ele>
        <time>2022-12-21T07:55:55Z</time>
      </trkpt>
      <trkpt lat="-29.476060029119253" lon="27.99859763123095">
        <ele>2552.9200000000001</ele>
        <time>2022-12-21T07:55:57Z</time>
      </trkpt>
      <trkpt lat="-29.476110069081187" lon="27.998452791944146">
        <ele>2554.3600000000001</ele>
        <time>2022-12-21T07:55:58Z</time>
      </trkpt>
      <trkpt lat="-29.47612976655364" lon="27.998305186629295">
        <ele>2555.3200000000002</ele>
        <time>2022-12-21T07:55:59Z</time>
      </trkpt>
      <trkpt lat="-29.476116858422756" lon="27.998155066743493">
        <ele>2556.7600000000002</ele>
        <time>2022-12-21T07:56:00Z</time>
      </trkpt>
      <trkpt lat="-29.476076876744628" lon="27.998007796704769">
        <ele>2558.21</ele>
        <time>2022-12-21T07:56:01Z</time>
      </trkpt>
      <trkpt lat="-29.476010240614414" lon="27.997868238016963">
        <ele>2559.6500000000001</ele>
        <time>2022-12-21T07:56:02Z</time>
      </trkpt>
      <trkpt lat="-29.4759177044034" lon="27.997740916907787">
        <ele>2561.5700000000002</ele>
        <time>2022-12-21T07:56:03Z</time>
      </trkpt>
      <trkpt lat="-29.475804548710585" lon="27.997627090662718">
        <ele>2563.0100000000002</ele>
        <time>2022-12-21T07:56:04Z</time>
      </trkpt>
      <trkpt lat="-29.475677395239472" lon="27.997521394863725">
        <ele>2564.9299999999998</ele>
        <time>2022-12-21T07:56:05Z</time>
      </trkpt>
      <trkpt lat="-29.474926963448524" lon="27.996979001909494">
        <ele>2574.0700000000002</ele>
        <time>2022-12-21T07:56:10Z</time>
      </trkpt>
      <trkpt lat="-29.474744154140353" lon="27.996895601972938">
        <ele>2575.9899999999998</ele>
        <time>2022-12-21T07:56:11Z</time>
      </trkpt>
      <trkpt lat="-29.474575510248542" lon="27.99684002995491">
        <ele>2577.4299999999998</ele>
        <time>2022-12-21T07:56:12Z</time>
      </trkpt>
      <trkpt lat="-29.473645873367786" lon="27.996543059125543">
        <ele>2587.04</ele>
        <time>2022-12-21T07:56:17Z</time>
      </trkpt>
      <trkpt lat="-29.47349164634943" lon="27.996447002515197">
        <ele>2588.4899999999998</ele>
        <time>2022-12-21T07:56:18Z</time>
      </trkpt>
      <trkpt lat="-29.473344208672643" lon="27.996329320594668">
        <ele>2589.9299999999998</ele>
        <time>2022-12-21T07:56:19Z</time>
      </trkpt>
      <trkpt lat="-29.472363945096731" lon="27.995515018701553">
        <ele>2594.25</ele>
        <time>2022-12-21T07:56:25Z</time>
      </trkpt>
      <trkpt lat="-29.472173172980547" lon="27.995418375357985">
        <ele>2594.7399999999998</ele>
        <time>2022-12-21T07:56:26Z</time>
      </trkpt>
      <trkpt lat="-29.471976701170206" lon="27.995344782248139">
        <ele>2595.6999999999998</ele>
        <time>2022-12-21T07:56:27Z</time>
      </trkpt>
      <trkpt lat="-29.470554878935218" lon="27.994900876656175">
        <ele>2600.02</ele>
        <time>2022-12-21T07:56:35Z</time>
      </trkpt>
      <trkpt lat="-29.470399897545576" lon="27.994810771197081">
        <ele>2600.02</ele>
        <time>2022-12-21T07:56:36Z</time>
      </trkpt>
      <trkpt lat="-29.470258746296167" lon="27.994701052084565">
        <ele>2600.02</ele>
        <time>2022-12-21T07:56:37Z</time>
      </trkpt>
      <trkpt lat="-29.470132011920214" lon="27.994572222232819">
        <ele>2600.02</ele>
        <time>2022-12-21T07:56:38Z</time>
      </trkpt>
      <trkpt lat="-29.470019862055779" lon="27.994424365460873">
        <ele>2600.02</ele>
        <time>2022-12-21T07:56:39Z</time>
      </trkpt>
      <trkpt lat="-29.469923889264464" lon="27.994256811216474">
        <ele>2600.02</ele>
        <time>2022-12-21T07:56:40Z</time>
      </trkpt>
      <trkpt lat="-29.469844596460462" lon="27.994072660803795">
        <ele>2599.54</ele>
        <time>2022-12-21T07:56:41Z</time>
      </trkpt>
      <trkpt lat="-29.46978097781539" lon="27.993875769898295">
        <ele>2599.0599999999999</ele>
        <time>2022-12-21T07:56:42Z</time>
      </trkpt>
      <trkpt lat="-29.469732949510217" lon="27.993673263117671">
        <ele>2598.5799999999999</ele>
        <time>2022-12-21T07:56:43Z</time>
      </trkpt>
      <trkpt lat="-29.469706127420068" lon="27.993470337241888">
        <ele>2598.0999999999999</ele>
        <time>2022-12-21T07:56:44Z</time>
      </trkpt>
      <trkpt lat="-29.469698248431087" lon="27.993269255384803">
        <ele>2597.1399999999999</ele>
        <time>2022-12-21T07:56:45Z</time>
      </trkpt>
      <trkpt lat="-29.469706043601036" lon="27.993070939555764">
        <ele>2596.6599999999999</ele>
        <time>2022-12-21T07:56:46Z</time>
      </trkpt>
      <trkpt lat="-29.469728758558631" lon="27.992876479402184">
        <ele>2596.1799999999998</ele>
        <time>2022-12-21T07:56:47Z</time>
      </trkpt>
      <trkpt lat="-29.469765219837427" lon="27.992691909894347">
        <ele>2595.6999999999998</ele>
        <time>2022-12-21T07:56:48Z</time>
      </trkpt>
      <trkpt lat="-29.469810733571649" lon="27.992520667612553">
        <ele>2595.2199999999998</ele>
        <time>2022-12-21T07:56:49Z</time>
      </trkpt>
      <trkpt lat="-29.46985867805779" lon="27.992363339290023">
        <ele>2595.2199999999998</ele>
        <time>2022-12-21T07:56:50Z</time>
      </trkpt>
      <trkpt lat="-29.469920201227069" lon="27.992086568847299">
        <ele>2595.6999999999998</ele>
        <time>2022-12-21T07:56:52Z</time>
      </trkpt>
      <trkpt lat="-29.469917519018054" lon="27.991964109241962">
        <ele>2595.6999999999998</ele>
        <time>2022-12-21T07:56:53Z</time>
      </trkpt>
      <trkpt lat="-29.469884242862463" lon="27.99185355193913">
        <ele>2595.6999999999998</ele>
        <time>2022-12-21T07:56:54Z</time>
      </trkpt>
      <trkpt lat="-29.469821127131581" lon="27.991766463965178">
        <ele>2595.6999999999998</ele>
        <time>2022-12-21T07:56:55Z</time>
      </trkpt>
      <trkpt lat="-29.469731021672487" lon="27.991706281900406">
        <ele>2595.6999999999998</ele>
        <time>2022-12-21T07:56:56Z</time>
      </trkpt>
      <trkpt lat="-29.46961778216064" lon="27.99167275428772">
        <ele>2595.6999999999998</ele>
        <time>2022-12-21T07:56:57Z</time>
      </trkpt>
      <trkpt lat="-29.469486689195037" lon="27.991662360727787">
        <ele>2595.6999999999998</ele>
        <time>2022-12-21T07:56:58Z</time>
      </trkpt>
      <trkpt lat="-29.469351405277848" lon="27.991665210574865">
        <ele>2595.2199999999998</ele>
        <time>2022-12-21T07:56:59Z</time>
      </trkpt>
      <trkpt lat="-29.469222240149975" lon="27.99166202545166">
        <ele>2595.2199999999998</ele>
        <time>2022-12-21T07:57:00Z</time>
      </trkpt>
      <trkpt lat="-29.469101959839463" lon="27.991644339635968">
        <ele>2595.2199999999998</ele>
        <time>2022-12-21T07:57:01Z</time>
      </trkpt>
      <trkpt lat="-29.46899282746017" lon="27.991608716547489">
        <ele>2594.7399999999998</ele>
        <time>2022-12-21T07:57:02Z</time>
      </trkpt>
      <trkpt lat="-29.468899788334966" lon="27.991554066538811">
        <ele>2594.7399999999998</ele>
        <time>2022-12-21T07:57:03Z</time>
      </trkpt>
      <trkpt lat="-29.468816388398409" lon="27.991476617753506">
        <ele>2594.25</ele>
        <time>2022-12-21T07:57:04Z</time>
      </trkpt>
      <trkpt lat="-29.468739693984389" lon="27.991379806771874">
        <ele>2594.25</ele>
        <time>2022-12-21T07:57:05Z</time>
      </trkpt>
      <trkpt lat="-29.468663251027465" lon="27.991269584745169">
        <ele>2594.25</ele>
        <time>2022-12-21T07:57:06Z</time>
      </trkpt>
      <trkpt lat="-29.468571050092578" lon="27.991161290556192">
        <ele>2593.77</ele>
        <time>2022-12-21T07:57:07Z</time>
      </trkpt>
      <trkpt lat="-29.468457559123635" lon="27.991072023287416">
        <ele>2593.77</ele>
        <time>2022-12-21T07:57:08Z</time>
      </trkpt>
      <trkpt lat="-29.468327220529318" lon="27.991009829565883">
        <ele>2593.29</ele>
        <time>2022-12-21T07:57:09Z</time>
      </trkpt>
      <trkpt lat="-29.468062939122319" lon="27.990901870653033">
        <ele>2592.3299999999999</ele>
        <time>2022-12-21T07:57:11Z</time>
      </trkpt>
      <trkpt lat="-29.467931427061558" lon="27.990801455453038">
        <ele>2591.3699999999999</ele>
        <time>2022-12-21T07:57:12Z</time>
      </trkpt>
      <trkpt lat="-29.467797568067908" lon="27.99067011103034">
        <ele>2590.4099999999999</ele>
        <time>2022-12-21T07:57:13Z</time>
      </trkpt>
      <trkpt lat="-29.467670330777764" lon="27.990520829334855">
        <ele>2589.4499999999998</ele>
        <time>2022-12-21T07:57:14Z</time>
      </trkpt>
      <trkpt lat="-29.46755139157176" lon="27.990343803539872">
        <ele>2588.9699999999998</ele>
        <time>2022-12-21T07:57:15Z</time>
      </trkpt>
      <trkpt lat="-29.467456173151731" lon="27.990151438862085">
        <ele>2588.4899999999998</ele>
        <time>2022-12-21T07:57:16Z</time>
      </trkpt>
      <trkpt lat="-29.467384843155742" lon="27.989957565441728">
        <ele>2588.4899999999998</ele>
        <time>2022-12-21T07:57:17Z</time>
      </trkpt>
      <trkpt lat="-29.467332372441888" lon="27.989788334816694">
        <ele>2588.9699999999998</ele>
        <time>2022-12-21T07:57:18Z</time>
      </trkpt>
      <trkpt lat="-29.467210918664932" lon="27.989408634603024">
        <ele>2590.8899999999999</ele>
        <time>2022-12-21T07:57:21Z</time>
      </trkpt>
      <trkpt lat="-29.467166578397155" lon="27.989325234666467">
        <ele>2591.3699999999999</ele>
        <time>2022-12-21T07:57:22Z</time>
      </trkpt>
      <trkpt lat="-29.467107569798827" lon="27.98926723189652">
        <ele>2591.8499999999999</ele>
        <time>2022-12-21T07:57:23Z</time>
      </trkpt>
      <trkpt lat="-29.467030540108681" lon="27.989239068701863">
        <ele>2592.8099999999999</ele>
        <time>2022-12-21T07:57:24Z</time>
      </trkpt>
      <trkpt lat="-29.466946050524712" lon="27.989246025681496">
        <ele>2593.29</ele>
        <time>2022-12-21T07:57:25Z</time>
      </trkpt>
      <trkpt lat="-29.466863488778472" lon="27.989289108663797">
        <ele>2593.77</ele>
        <time>2022-12-21T07:57:26Z</time>
      </trkpt>
      <trkpt lat="-29.466795260086656" lon="27.989368820562959">
        <ele>2593.77</ele>
        <time>2022-12-21T07:57:27Z</time>
      </trkpt>
      <trkpt lat="-29.466749159619212" lon="27.989481557160616">
        <ele>2594.25</ele>
        <time>2022-12-21T07:57:28Z</time>
      </trkpt>
      <trkpt lat="-29.466730719432235" lon="27.989616757258773">
        <ele>2594.7399999999998</ele>
        <time>2022-12-21T07:57:29Z</time>
      </trkpt>
      <trkpt lat="-29.466735497117043" lon="27.989769224077463">
        <ele>2595.2199999999998</ele>
        <time>2022-12-21T07:57:30Z</time>
      </trkpt>
      <trkpt lat="-29.466749997809529" lon="27.989942226558924">
        <ele>2595.6999999999998</ele>
        <time>2022-12-21T07:57:31Z</time>
      </trkpt>
      <trkpt lat="-29.466750752180815" lon="27.990117995068431">
        <ele>2596.6599999999999</ele>
        <time>2022-12-21T07:57:32Z</time>
      </trkpt>
      <trkpt lat="-29.466722756624222" lon="27.990291835740209">
        <ele>2597.1399999999999</ele>
        <time>2022-12-21T07:57:33Z</time>
      </trkpt>
      <trkpt lat="-29.466661065816879" lon="27.990455199033022">
        <ele>2598.0999999999999</ele>
        <time>2022-12-21T07:57:34Z</time>
      </trkpt>
      <trkpt lat="-29.466578923165798" lon="27.990613197907805">
        <ele>2598.0999999999999</ele>
        <time>2022-12-21T07:57:35Z</time>
      </trkpt>
      <trkpt lat="-29.466501642018557" lon="27.990769604220986">
        <ele>2598.5799999999999</ele>
        <time>2022-12-21T07:57:36Z</time>
      </trkpt>
      <trkpt lat="-29.46645244024694" lon="27.990933805704117">
        <ele>2598.5799999999999</ele>
        <time>2022-12-21T07:57:37Z</time>
      </trkpt>
      <trkpt lat="-29.466440286487341" lon="27.991108065471053">
        <ele>2598.5799999999999</ele>
        <time>2022-12-21T07:57:38Z</time>
      </trkpt>
      <trkpt lat="-29.466464594006538" lon="27.991293556988239">
        <ele>2598.0999999999999</ele>
        <time>2022-12-21T07:57:39Z</time>
      </trkpt>
      <trkpt lat="-29.466501642018557" lon="27.991473935544491">
        <ele>2598.0999999999999</ele>
        <time>2022-12-21T07:57:40Z</time>
      </trkpt>
      <trkpt lat="-29.466527123004198" lon="27.991655068472028">
        <ele>2598.0999999999999</ele>
        <time>2022-12-21T07:57:41Z</time>
      </trkpt>
      <trkpt lat="-29.466529805213213" lon="27.991829579696059">
        <ele>2598.0999999999999</ele>
        <time>2022-12-21T07:57:42Z</time>
      </trkpt>
      <trkpt lat="-29.466503737494349" lon="27.992003671824932">
        <ele>2597.6199999999999</ele>
        <time>2022-12-21T07:57:43Z</time>
      </trkpt>
      <trkpt lat="-29.46644808165729" lon="27.992165191099048">
        <ele>2597.6199999999999</ele>
        <time>2022-12-21T07:57:44Z</time>
      </trkpt>
      <trkpt lat="-29.466369459405541" lon="27.992328135296702">
        <ele>2597.6199999999999</ele>
        <time>2022-12-21T07:57:45Z</time>
      </trkpt>
      <trkpt lat="-29.466289915144444" lon="27.992503233253956">
        <ele>2597.6199999999999</ele>
        <time>2022-12-21T07:57:46Z</time>
      </trkpt>
      <trkpt lat="-29.466225793585181" lon="27.992694675922394">
        <ele>2597.6199999999999</ele>
        <time>2022-12-21T07:57:47Z</time>
      </trkpt>
      <trkpt lat="-29.466174831613898" lon="27.992901708930731">
        <ele>2597.6199999999999</ele>
        <time>2022-12-21T07:57:48Z</time>
      </trkpt>
      <trkpt lat="-29.466133173555136" lon="27.993111507967114">
        <ele>2597.6199999999999</ele>
        <time>2022-12-21T07:57:49Z</time>
      </trkpt>
      <trkpt lat="-29.46597064845264" lon="27.993768146261573">
        <ele>2599.54</ele>
        <time>2022-12-21T07:57:52Z</time>
      </trkpt>
      <trkpt lat="-29.465884398669004" lon="27.9939791187644">
        <ele>2600.02</ele>
        <time>2022-12-21T07:57:53Z</time>
      </trkpt>
      <trkpt lat="-29.465779876336455" lon="27.994181457906961">
        <ele>2600.98</ele>
        <time>2022-12-21T07:57:54Z</time>
      </trkpt>
      <trkpt lat="-29.465656075626612" lon="27.994374576956034">
        <ele>2601.46</ele>
        <time>2022-12-21T07:57:55Z</time>
      </trkpt>
      <trkpt lat="-29.46551039814949" lon="27.994561996310949">
        <ele>2602.4299999999998</ele>
        <time>2022-12-21T07:57:56Z</time>
      </trkpt>
      <trkpt lat="-29.465355584397912" lon="27.99473499879241">
        <ele>2602.9099999999999</ele>
        <time>2022-12-21T07:57:57Z</time>
      </trkpt>
      <trkpt lat="-29.464561315253377" lon="27.995523987337947">
        <ele>2606.75</ele>
        <time>2022-12-21T07:58:02Z</time>
      </trkpt>
      <trkpt lat="-29.464373979717493" lon="27.995654242113233">
        <ele>2607.23</ele>
        <time>2022-12-21T07:58:03Z</time>
      </trkpt>
      <trkpt lat="-29.464172814041376" lon="27.995770834386349">
        <ele>2608.1900000000001</ele>
        <time>2022-12-21T07:58:04Z</time>
      </trkpt>
      <trkpt lat="-29.463441912084818" lon="27.996146595105529">
        <ele>2612.52</ele>
        <time>2022-12-21T07:58:08Z</time>
      </trkpt>
      <trkpt lat="-29.463288439437747" lon="27.996184565126896">
        <ele>2613</ele>
        <time>2022-12-21T07:58:09Z</time>
      </trkpt>
      <trkpt lat="-29.463120214641094" lon="27.99619697034359">
        <ele>2613.96</ele>
        <time>2022-12-21T07:58:10Z</time>
      </trkpt>
      <trkpt lat="-29.462947295978665" lon="27.996192192658782">
        <ele>2613.96</ele>
        <time>2022-12-21T07:58:11Z</time>
      </trkpt>
      <trkpt lat="-29.462762139737606" lon="27.996176686137915">
        <ele>2614.4400000000001</ele>
        <time>2022-12-21T07:58:12Z</time>
      </trkpt>
      <trkpt lat="-29.461503680795431" lon="27.995778545737267">
        <ele>2615.8800000000001</ele>
        <time>2022-12-21T07:58:18Z</time>
      </trkpt>
      <trkpt lat="-29.459566120058298" lon="27.995273033156991">
        <ele>2616.3699999999999</ele>
        <time>2022-12-21T07:58:26Z</time>
      </trkpt>
      <trkpt lat="-29.458527769893408" lon="27.994995592162013">
        <ele>2616.3699999999999</ele>
        <time>2022-12-21T07:58:31Z</time>
      </trkpt>
      <trkpt lat="-29.458370609208941" lon="27.994902636855841">
        <ele>2615.8800000000001</ele>
        <time>2022-12-21T07:58:32Z</time>
      </trkpt>
      <trkpt lat="-29.458226105198264" lon="27.994785876944661">
        <ele>2615.4000000000001</ele>
        <time>2022-12-21T07:58:33Z</time>
      </trkpt>
      <trkpt lat="-29.458102891221642" lon="27.994656795635819">
        <ele>2614.4400000000001</ele>
        <time>2022-12-21T07:58:34Z</time>
      </trkpt>
      <trkpt lat="-29.457997279241681" lon="27.994514387100935">
        <ele>2613.96</ele>
        <time>2022-12-21T07:58:35Z</time>
      </trkpt>
      <trkpt lat="-29.457908095791936" lon="27.994351610541344">
        <ele>2613</ele>
        <time>2022-12-21T07:58:36Z</time>
      </trkpt>
      <trkpt lat="-29.457835592329502" lon="27.994174920022488">
        <ele>2612.04</ele>
        <time>2022-12-21T07:58:37Z</time>
      </trkpt>
      <trkpt lat="-29.457779265940189" lon="27.993979202583432">
        <ele>2610.5999999999999</ele>
        <time>2022-12-21T07:58:38Z</time>
      </trkpt>
      <trkpt lat="-29.457747330889106" lon="27.993778707459569">
        <ele>2609.6399999999999</ele>
        <time>2022-12-21T07:58:39Z</time>
      </trkpt>
      <trkpt lat="-29.457741463556886" lon="27.99356329254806">
        <ele>2608.1900000000001</ele>
        <time>2022-12-21T07:58:40Z</time>
      </trkpt>
      <trkpt lat="-29.457762753590941" lon="27.993343435227871">
        <ele>2606.75</ele>
        <time>2022-12-21T07:58:41Z</time>
      </trkpt>
      <trkpt lat="-29.457813380286098" lon="27.993124583736062">
        <ele>2605.79</ele>
        <time>2022-12-21T07:58:42Z</time>
      </trkpt>
      <trkpt lat="-29.457890996709466" lon="27.99292023293674">
        <ele>2604.3499999999999</ele>
        <time>2022-12-21T07:58:43Z</time>
      </trkpt>
      <trkpt lat="-29.45799476467073" lon="27.992722168564796">
        <ele>2603.3899999999999</ele>
        <time>2022-12-21T07:58:44Z</time>
      </trkpt>
      <trkpt lat="-29.458115883171558" lon="27.992525193840265">
        <ele>2602.4299999999998</ele>
        <time>2022-12-21T07:58:45Z</time>
      </trkpt>
      <trkpt lat="-29.458354767411947" lon="27.992102662101388">
        <ele>2600.98</ele>
        <time>2022-12-21T07:58:47Z</time>
      </trkpt>
      <trkpt lat="-29.458448477089405" lon="27.99187165684998">
        <ele>2600.02</ele>
        <time>2022-12-21T07:58:48Z</time>
      </trkpt>
      <trkpt lat="-29.458834128454328" lon="27.990550920367241">
        <ele>2595.2199999999998</ele>
        <time>2022-12-21T07:58:54Z</time>
      </trkpt>
      <trkpt lat="-29.458857346326113" lon="27.990349251776934">
        <ele>2594.7399999999998</ele>
        <time>2022-12-21T07:58:55Z</time>
      </trkpt>
      <trkpt lat="-29.45885525085032" lon="27.99014825373888">
        <ele>2594.25</ele>
        <time>2022-12-21T07:58:56Z</time>
      </trkpt>
      <trkpt lat="-29.458822142332792" lon="27.989952955394983">
        <ele>2593.77</ele>
        <time>2022-12-21T07:58:57Z</time>
      </trkpt>
      <trkpt lat="-29.458754248917103" lon="27.989772157743573">
        <ele>2593.29</ele>
        <time>2022-12-21T07:58:58Z</time>
      </trkpt>
      <trkpt lat="-29.458661042153835" lon="27.989606615155935">
        <ele>2593.29</ele>
        <time>2022-12-21T07:58:59Z</time>
      </trkpt>
      <trkpt lat="-29.458545288071036" lon="27.989457920193672">
        <ele>2592.8099999999999</ele>
        <time>2022-12-21T07:59:00Z</time>
      </trkpt>
      <trkpt lat="-29.458408243954182" lon="27.989333616569638">
        <ele>2592.8099999999999</ele>
        <time>2022-12-21T07:59:01Z</time>
      </trkpt>
      <trkpt lat="-29.458254687488079" lon="27.989229680970311">
        <ele>2592.8099999999999</ele>
        <time>2022-12-21T07:59:02Z</time>
      </trkpt>
      <trkpt lat="-29.458082942292094" lon="27.989137899130583">
        <ele>2592.3299999999999</ele>
        <time>2022-12-21T07:59:03Z</time>
      </trkpt>
      <trkpt lat="-29.457897366955876" lon="27.98904930241406">
        <ele>2591.8499999999999</ele>
        <time>2022-12-21T07:59:04Z</time>
      </trkpt>
      <trkpt lat="-29.456634046509862" lon="27.988400459289551">
        <ele>2586.0799999999999</ele>
        <time>2022-12-21T07:59:11Z</time>
      </trkpt>
      <trkpt lat="-29.45648736320436" lon="27.988272802904248">
        <ele>2585.5999999999999</ele>
        <time>2022-12-21T07:59:12Z</time>
      </trkpt>
      <trkpt lat="-29.456355264410377" lon="27.988118659704924">
        <ele>2584.6399999999999</ele>
        <time>2022-12-21T07:59:13Z</time>
      </trkpt>
      <trkpt lat="-29.456240013241768" lon="27.987943142652512">
        <ele>2583.6799999999998</ele>
        <time>2022-12-21T07:59:14Z</time>
      </trkpt>
      <trkpt lat="-29.456141358241439" lon="27.987759243696928">
        <ele>2583.1999999999998</ele>
        <time>2022-12-21T07:59:15Z</time>
      </trkpt>
      <trkpt lat="-29.456059550866485" lon="27.987577775493264">
        <ele>2582.7199999999998</ele>
        <time>2022-12-21T07:59:16Z</time>
      </trkpt>
      <trkpt lat="-29.455999536439776" lon="27.987399576231837">
        <ele>2582.2399999999998</ele>
        <time>2022-12-21T07:59:17Z</time>
      </trkpt>
      <trkpt lat="-29.455967769026756" lon="27.987220790237188">
        <ele>2581.7600000000002</ele>
        <time>2022-12-21T07:59:18Z</time>
      </trkpt>
      <trkpt lat="-29.455971624702215" lon="27.987037813290954">
        <ele>2581.7600000000002</ele>
        <time>2022-12-21T07:59:19Z</time>
      </trkpt>
      <trkpt lat="-29.456001883372664" lon="27.986851064488292">
        <ele>2581.2800000000002</ele>
        <time>2022-12-21T07:59:20Z</time>
      </trkpt>
      <trkpt lat="-29.45604563690722" lon="27.986663393676281">
        <ele>2581.2800000000002</ele>
        <time>2022-12-21T07:59:21Z</time>
      </trkpt>
      <trkpt lat="-29.45610280148685" lon="27.986310347914696">
        <ele>2581.2800000000002</ele>
        <time>2022-12-21T07:59:23Z</time>
      </trkpt>
      <trkpt lat="-29.456092156469822" lon="27.98614639788866">
        <ele>2581.2800000000002</ele>
        <time>2022-12-21T07:59:24Z</time>
      </trkpt>
      <trkpt lat="-29.456049492582679" lon="27.985992506146431">
        <ele>2581.2800000000002</ele>
        <time>2022-12-21T07:59:25Z</time>
      </trkpt>
      <trkpt lat="-29.45597623474896" lon="27.985847750678658">
        <ele>2580.8000000000002</ele>
        <time>2022-12-21T07:59:26Z</time>
      </trkpt>
      <trkpt lat="-29.455878334119916" lon="27.985709281638265">
        <ele>2580.8000000000002</ele>
        <time>2022-12-21T07:59:27Z</time>
      </trkpt>
      <trkpt lat="-29.455766519531608" lon="27.985569639131427">
        <ele>2580.3200000000002</ele>
        <time>2022-12-21T07:59:28Z</time>
      </trkpt>
      <trkpt lat="-29.455654034391046" lon="27.985417423769832">
        <ele>2580.3200000000002</ele>
        <time>2022-12-21T07:59:29Z</time>
      </trkpt>
      <trkpt lat="-29.455553451552987" lon="27.985241152346134">
        <ele>2579.8400000000001</ele>
        <time>2022-12-21T07:59:30Z</time>
      </trkpt>
      <trkpt lat="-29.455471644178033" lon="27.985036466270685">
        <ele>2579.8400000000001</ele>
        <time>2022-12-21T07:59:31Z</time>
      </trkpt>
      <trkpt lat="-29.455405678600073" lon="27.984812334179878">
        <ele>2579.3499999999999</ele>
        <time>2022-12-21T07:59:32Z</time>
      </trkpt>
      <trkpt lat="-29.455348430201411" lon="27.984576467424631">
        <ele>2579.3499999999999</ele>
        <time>2022-12-21T07:59:33Z</time>
      </trkpt>
      <trkpt lat="-29.455106863752007" lon="27.983451364561915">
        <ele>2580.3200000000002</ele>
        <time>2022-12-21T07:59:38Z</time>
      </trkpt>
      <trkpt lat="-29.455101666972041" lon="27.98325807787478">
        <ele>2580.3200000000002</ele>
        <time>2022-12-21T07:59:39Z</time>
      </trkpt>
      <trkpt lat="-29.455124801024795" lon="27.983072167262435">
        <ele>2580.8000000000002</ele>
        <time>2022-12-21T07:59:40Z</time>
      </trkpt>
      <trkpt lat="-29.455174840986729" lon="27.982891704887152">
        <ele>2580.8000000000002</ele>
        <time>2022-12-21T07:59:41Z</time>
      </trkpt>
      <trkpt lat="-29.45525161921978" lon="27.982722390443087">
        <ele>2581.2800000000002</ele>
        <time>2022-12-21T07:59:42Z</time>
      </trkpt>
      <trkpt lat="-29.455342143774033" lon="27.982563301920891">
        <ele>2580.8000000000002</ele>
        <time>2022-12-21T07:59:43Z</time>
      </trkpt>
      <trkpt lat="-29.45550181902945" lon="27.982247974723577">
        <ele>2580.3200000000002</ele>
        <time>2022-12-21T07:59:45Z</time>
      </trkpt>
      <trkpt lat="-29.455550517886877" lon="27.982088383287191">
        <ele>2579.8400000000001</ele>
        <time>2022-12-21T07:59:46Z</time>
      </trkpt>
      <trkpt lat="-29.455566443502903" lon="27.981931725516915">
        <ele>2579.3499999999999</ele>
        <time>2022-12-21T07:59:47Z</time>
      </trkpt>
      <trkpt lat="-29.455545572564006" lon="27.981785209849477">
        <ele>2578.3899999999999</ele>
        <time>2022-12-21T07:59:48Z</time>
      </trkpt>
      <trkpt lat="-29.455491006374359" lon="27.981652524322271">
        <ele>2577.9099999999999</ele>
        <time>2022-12-21T07:59:49Z</time>
      </trkpt>
      <trkpt lat="-29.455405175685883" lon="27.981542721390724">
        <ele>2577.4299999999998</ele>
        <time>2022-12-21T07:59:50Z</time>
      </trkpt>
      <trkpt lat="-29.455292355269194" lon="27.981461836025119">
        <ele>2576.9499999999998</ele>
        <time>2022-12-21T07:59:51Z</time>
      </trkpt>
      <trkpt lat="-29.455156400799751" lon="27.981411293148994">
        <ele>2577.4299999999998</ele>
        <time>2022-12-21T07:59:52Z</time>
      </trkpt>
      <trkpt lat="-29.455003682523966" lon="27.981382878497243">
        <ele>2577.9099999999999</ele>
        <time>2022-12-21T07:59:53Z</time>
      </trkpt>
      <trkpt lat="-29.454839983955026" lon="27.981364773586392">
        <ele>2579.3499999999999</ele>
        <time>2022-12-21T07:59:54Z</time>
      </trkpt>
      <trkpt lat="-29.453426878899336" lon="27.981167044490576">
        <ele>2580.8000000000002</ele>
        <time>2022-12-21T08:00:01Z</time>
      </trkpt>
      <trkpt lat="-29.451788803562522" lon="27.980700423941016">
        <ele>2573.1100000000001</ele>
        <time>2022-12-21T08:00:09Z</time>
      </trkpt>
      <trkpt lat="-29.451270885765553" lon="27.98045827075839">
        <ele>2571.1799999999998</ele>
        <time>2022-12-21T08:00:12Z</time>
      </trkpt>
      <trkpt lat="-29.451163932681084" lon="27.980359112843871">
        <ele>2571.1799999999998</ele>
        <time>2022-12-21T08:00:13Z</time>
      </trkpt>
      <trkpt lat="-29.451102074235678" lon="27.980251153931022">
        <ele>2570.6999999999998</ele>
        <time>2022-12-21T08:00:14Z</time>
      </trkpt>
      <trkpt lat="-29.451074246317148" lon="27.980126263573766">
        <ele>2570.6999999999998</ele>
        <time>2022-12-21T08:00:15Z</time>
      </trkpt>
      <trkpt lat="-29.451070223003626" lon="27.97998527996242">
        <ele>2570.6999999999998</ele>
        <time>2022-12-21T08:00:16Z</time>
      </trkpt>
      <trkpt lat="-29.451082712039351" lon="27.979831639677286">
        <ele>2570.6999999999998</ele>
        <time>2022-12-21T08:00:17Z</time>
      </trkpt>
      <trkpt lat="-29.451097128912807" lon="27.97966567799449">
        <ele>2570.6999999999998</ele>
        <time>2022-12-21T08:00:18Z</time>
      </trkpt>
      <trkpt lat="-29.451136691495776" lon="27.978193564340472">
        <ele>2571.1799999999998</ele>
        <time>2022-12-21T08:00:25Z</time>
      </trkpt>
      <trkpt lat="-29.45124875754118" lon="27.976789427921176">
        <ele>2572.1399999999999</ele>
        <time>2022-12-21T08:00:32Z</time>
      </trkpt>
      <trkpt lat="-29.451235262677073" lon="27.97664986923337">
        <ele>2572.6300000000001</ele>
        <time>2022-12-21T08:00:33Z</time>
      </trkpt>
      <trkpt lat="-29.451196789741516" lon="27.976526319980621">
        <ele>2573.1100000000001</ele>
        <time>2022-12-21T08:00:34Z</time>
      </trkpt>
      <trkpt lat="-29.451131578534842" lon="27.976421462371945">
        <ele>2573.5900000000001</ele>
        <time>2022-12-21T08:00:35Z</time>
      </trkpt>
      <trkpt lat="-29.451041305437684" lon="27.976334793493152">
        <ele>2574.0700000000002</ele>
        <time>2022-12-21T08:00:36Z</time>
      </trkpt>
      <trkpt lat="-29.450926976278424" lon="27.976273270323873">
        <ele>2575.0300000000002</ele>
        <time>2022-12-21T08:00:37Z</time>
      </trkpt>
      <trkpt lat="-29.450796050950885" lon="27.976239323616028">
        <ele>2575.9899999999998</ele>
        <time>2022-12-21T08:00:38Z</time>
      </trkpt>
      <trkpt lat="-29.450654396787286" lon="27.97622918151319">
        <ele>2576.9499999999998</ele>
        <time>2022-12-21T08:00:39Z</time>
      </trkpt>
      <trkpt lat="-29.450509054586291" lon="27.976230774074793">
        <ele>2578.3899999999999</ele>
        <time>2022-12-21T08:00:40Z</time>
      </trkpt>
      <trkpt lat="-29.450123989954591" lon="27.97626237384975">
        <ele>2582.7199999999998</ele>
        <time>2022-12-21T08:00:43Z</time>
      </trkpt>
      <trkpt lat="-29.450015109032393" lon="27.976313838735223">
        <ele>2583.6799999999998</ele>
        <time>2022-12-21T08:00:44Z</time>
      </trkpt>
      <trkpt lat="-29.449924919754267" lon="27.976398412138224">
        <ele>2584.1599999999999</ele>
        <time>2022-12-21T08:00:45Z</time>
      </trkpt>
      <trkpt lat="-29.449859205633402" lon="27.976513998582959">
        <ele>2585.1199999999999</ele>
        <time>2022-12-21T08:00:46Z</time>
      </trkpt>
      <trkpt lat="-29.449822157621384" lon="27.976656910032034">
        <ele>2585.5999999999999</ele>
        <time>2022-12-21T08:00:47Z</time>
      </trkpt>
      <trkpt lat="-29.449817379936576" lon="27.976819686591625">
        <ele>2586.0799999999999</ele>
        <time>2022-12-21T08:00:48Z</time>
      </trkpt>
      <trkpt lat="-29.44983079098165" lon="27.977000400424004">
        <ele>2586.5599999999999</ele>
        <time>2022-12-21T08:00:49Z</time>
      </trkpt>
      <trkpt lat="-29.449832299724221" lon="27.977188155055046">
        <ele>2587.04</ele>
        <time>2022-12-21T08:00:50Z</time>
      </trkpt>
      <trkpt lat="-29.449804723262787" lon="27.977383704856038">
        <ele>2587.5300000000002</ele>
        <time>2022-12-21T08:00:51Z</time>
      </trkpt>
      <trkpt lat="-29.449745044112206" lon="27.977574728429317">
        <ele>2588.4899999999998</ele>
        <time>2022-12-21T08:00:52Z</time>
      </trkpt>
      <trkpt lat="-29.449659381061792" lon="27.977763572707772">
        <ele>2589.4499999999998</ele>
        <time>2022-12-21T08:00:53Z</time>
      </trkpt>
      <trkpt lat="-29.449557205662131" lon="27.977938838303089">
        <ele>2589.9299999999998</ele>
        <time>2022-12-21T08:00:54Z</time>
      </trkpt>
      <trkpt lat="-29.449433740228415" lon="27.978095412254333">
        <ele>2590.8899999999999</ele>
        <time>2022-12-21T08:00:55Z</time>
      </trkpt>
      <trkpt lat="-29.449289236217737" lon="27.97822373919189">
        <ele>2591.8499999999999</ele>
        <time>2022-12-21T08:00:56Z</time>
      </trkpt>
      <trkpt lat="-29.449122436344624" lon="27.978327171877027">
        <ele>2592.8099999999999</ele>
        <time>2022-12-21T08:00:57Z</time>
      </trkpt>
      <trkpt lat="-29.44894976913929" lon="27.978402357548475">
        <ele>2593.77</ele>
        <time>2022-12-21T08:00:58Z</time>
      </trkpt>
      <trkpt lat="-29.448770228773355" lon="27.9784529004246">
        <ele>2594.7399999999998</ele>
        <time>2022-12-21T08:00:59Z</time>
      </trkpt>
      <trkpt lat="-29.448584150522947" lon="27.978475280106068">
        <ele>2595.6999999999998</ele>
        <time>2022-12-21T08:01:00Z</time>
      </trkpt>
      <trkpt lat="-29.448398156091571" lon="27.978469915688038">
        <ele>2596.1799999999998</ele>
        <time>2022-12-21T08:01:01Z</time>
      </trkpt>
      <trkpt lat="-29.448214424774051" lon="27.978431945666671">
        <ele>2597.1399999999999</ele>
        <time>2022-12-21T08:01:02Z</time>
      </trkpt>
      <trkpt lat="-29.448031615465879" lon="27.978359358385205">
        <ele>2597.6199999999999</ele>
        <time>2022-12-21T08:01:03Z</time>
      </trkpt>
      <trkpt lat="-29.44785769097507" lon="27.978258021175861">
        <ele>2598.0999999999999</ele>
        <time>2022-12-21T08:01:04Z</time>
      </trkpt>
      <trkpt lat="-29.447676977142692" lon="27.97813287936151">
        <ele>2598.5799999999999</ele>
        <time>2022-12-21T08:01:05Z</time>
      </trkpt>
      <trkpt lat="-29.447493748739362" lon="27.977996002882719">
        <ele>2599.54</ele>
        <time>2022-12-21T08:01:06Z</time>
      </trkpt>
      <trkpt lat="-29.445873107761145" lon="27.976594129577279">
        <ele>2606.27</ele>
        <time>2022-12-21T08:01:15Z</time>
      </trkpt>
      <trkpt lat="-29.445082359015942" lon="27.975858701393008">
        <ele>2608.1900000000001</ele>
        <time>2022-12-21T08:01:20Z</time>
      </trkpt>
      <trkpt lat="-29.444924863055348" lon="27.975769937038422">
        <ele>2608.6700000000001</ele>
        <time>2022-12-21T08:01:21Z</time>
      </trkpt>
      <trkpt lat="-29.444753620773554" lon="27.975715287029743">
        <ele>2609.1599999999999</ele>
        <time>2022-12-21T08:01:22Z</time>
      </trkpt>
      <trkpt lat="-29.444586066529155" lon="27.975703971460462">
        <ele>2609.6399999999999</ele>
        <time>2022-12-21T08:01:23Z</time>
      </trkpt>
      <trkpt lat="-29.444422870874405" lon="27.975726267322898">
        <ele>2610.1199999999999</ele>
        <time>2022-12-21T08:01:24Z</time>
      </trkpt>
      <trkpt lat="-29.444270571693778" lon="27.975774882361293">
        <ele>2610.5999999999999</ele>
        <time>2022-12-21T08:01:25Z</time>
      </trkpt>
      <trkpt lat="-29.444123469293118" lon="27.975834561511874">
        <ele>2611.5599999999999</ele>
        <time>2022-12-21T08:01:26Z</time>
      </trkpt>
      <trkpt lat="-29.443995226174593" lon="27.97587588429451">
        <ele>2612.04</ele>
        <time>2022-12-21T08:01:27Z</time>
      </trkpt>
      <trkpt lat="-29.443878130987287" lon="27.975883679464459">
        <ele>2612.52</ele>
        <time>2022-12-21T08:01:28Z</time>
      </trkpt>
      <trkpt lat="-29.443766819313169" lon="27.975851325318217">
        <ele>2613</ele>
        <time>2022-12-21T08:01:29Z</time>
      </trkpt>
      <trkpt lat="-29.443672522902489" lon="27.975780330598354">
        <ele>2613.48</ele>
        <time>2022-12-21T08:01:30Z</time>
      </trkpt>
      <trkpt lat="-29.443591218441725" lon="27.975667174905539">
        <ele>2613.48</ele>
        <time>2022-12-21T08:01:31Z</time>
      </trkpt>
      <trkpt lat="-29.443513266742229" lon="27.97551185823977">
        <ele>2613.48</ele>
        <time>2022-12-21T08:01:32Z</time>
      </trkpt>
      <trkpt lat="-29.443443529307842" lon="27.975340196862817">
        <ele>2613</ele>
        <time>2022-12-21T08:01:33Z</time>
      </trkpt>
      <trkpt lat="-29.443382928147912" lon="27.975136768072844">
        <ele>2612.52</ele>
        <time>2022-12-21T08:01:34Z</time>
      </trkpt>
      <trkpt lat="-29.443340096622705" lon="27.974922358989716">
        <ele>2611.5599999999999</ele>
        <time>2022-12-21T08:01:35Z</time>
      </trkpt>
      <trkpt lat="-29.443309083580971" lon="27.974705100059509">
        <ele>2611.0799999999999</ele>
        <time>2022-12-21T08:01:36Z</time>
      </trkpt>
      <trkpt lat="-29.443298187106848" lon="27.974320873618126">
        <ele>2610.5999999999999</ele>
        <time>2022-12-21T08:01:38Z</time>
      </trkpt>
      <trkpt lat="-29.443339174613357" lon="27.974145356565714">
        <ele>2610.5999999999999</ele>
        <time>2022-12-21T08:01:39Z</time>
      </trkpt>
      <trkpt lat="-29.443407319486141" lon="27.97398928552866">
        <ele>2610.1199999999999</ele>
        <time>2022-12-21T08:01:40Z</time>
      </trkpt>
      <trkpt lat="-29.44355140440166" lon="27.973682340234518">
        <ele>2610.1199999999999</ele>
        <time>2022-12-21T08:01:42Z</time>
      </trkpt>
      <trkpt lat="-29.44359146989882" lon="27.973538171499968">
        <ele>2609.6399999999999</ele>
        <time>2022-12-21T08:01:43Z</time>
      </trkpt>
      <trkpt lat="-29.443600606173277" lon="27.973398780450225">
        <ele>2609.6399999999999</ele>
        <time>2022-12-21T08:01:44Z</time>
      </trkpt>
      <trkpt lat="-29.443573364987969" lon="27.973265675827861">
        <ele>2609.1599999999999</ele>
        <time>2022-12-21T08:01:45Z</time>
      </trkpt>
      <trkpt lat="-29.4435147754848" lon="27.973160147666931">
        <ele>2608.6700000000001</ele>
        <time>2022-12-21T08:01:46Z</time>
      </trkpt>
      <trkpt lat="-29.443426849320531" lon="27.973074400797486">
        <ele>2608.1900000000001</ele>
        <time>2022-12-21T08:01:47Z</time>
      </trkpt>
      <trkpt lat="-29.443311346694827" lon="27.97300323843956">
        <ele>2607.71</ele>
        <time>2022-12-21T08:01:48Z</time>
      </trkpt>
      <trkpt lat="-29.443166758865118" lon="27.972934171557426">
        <ele>2607.23</ele>
        <time>2022-12-21T08:01:49Z</time>
      </trkpt>
      <trkpt lat="-29.442259585484862" lon="27.972555812448263">
        <ele>2604.3499999999999</ele>
        <time>2022-12-21T08:01:54Z</time>
      </trkpt>
      <trkpt lat="-29.442046182230115" lon="27.972525302320719">
        <ele>2604.3499999999999</ele>
        <time>2022-12-21T08:01:55Z</time>
      </trkpt>
      <trkpt lat="-29.441814171150327" lon="27.972531085833907">
        <ele>2603.8699999999999</ele>
        <time>2022-12-21T08:01:56Z</time>
      </trkpt>
      <trkpt lat="-29.441589955240488" lon="27.972567630931735">
        <ele>2603.8699999999999</ele>
        <time>2022-12-21T08:01:57Z</time>
      </trkpt>
      <trkpt lat="-29.441361296921968" lon="27.972607780247927">
        <ele>2603.8699999999999</ele>
        <time>2022-12-21T08:01:58Z</time>
      </trkpt>
      <trkpt lat="-29.440874308347702" lon="27.972628399729729">
        <ele>2604.3499999999999</ele>
        <time>2022-12-21T08:02:00Z</time>
      </trkpt>
      <trkpt lat="-29.440634585916996" lon="27.972589340060949">
        <ele>2604.8299999999999</ele>
        <time>2022-12-21T08:02:01Z</time>
      </trkpt>
      <trkpt lat="-29.439115449786186" lon="27.97242128290236">
        <ele>2615.8800000000001</ele>
        <time>2022-12-21T08:02:07Z</time>
      </trkpt>
      <trkpt lat="-29.43887178786099" lon="27.972466461360455">
        <ele>2618.29</ele>
        <time>2022-12-21T08:02:08Z</time>
      </trkpt>
      <trkpt lat="-29.438656959682703" lon="27.972529912367463">
        <ele>2620.6900000000001</ele>
        <time>2022-12-21T08:02:09Z</time>
      </trkpt>
      <trkpt lat="-29.437428424134851" lon="27.9729666095227">
        <ele>2636.0700000000002</ele>
        <time>2022-12-21T08:02:15Z</time>
      </trkpt>
      <trkpt lat="-29.437265144661069" lon="27.972968621179461">
        <ele>2637.0300000000002</ele>
        <time>2022-12-21T08:02:16Z</time>
      </trkpt>
      <trkpt lat="-29.437106726691127" lon="27.972934171557426">
        <ele>2637.9899999999998</ele>
        <time>2022-12-21T08:02:17Z</time>
      </trkpt>
      <trkpt lat="-29.436935149133205" lon="27.972862841561437">
        <ele>2637.5100000000002</ele>
        <time>2022-12-21T08:02:18Z</time>
      </trkpt>
      <trkpt lat="-29.436762230470777" lon="27.972772987559438">
        <ele>2636.5500000000002</ele>
        <time>2022-12-21T08:02:19Z</time>
      </trkpt>
      <trkpt lat="-29.435763945803046" lon="27.972189020365477">
        <ele>2630.3000000000002</ele>
        <time>2022-12-21T08:02:24Z</time>
      </trkpt>
      <trkpt lat="-29.435591697692871" lon="27.972048204392195">
        <ele>2629.8200000000002</ele>
        <time>2022-12-21T08:02:25Z</time>
      </trkpt>
      <trkpt lat="-29.435099344700575" lon="27.971643023192883">
        <ele>2628.8600000000001</ele>
        <time>2022-12-21T08:02:28Z</time>
      </trkpt>
      <trkpt lat="-29.434913853183389" lon="27.971544535830617">
        <ele>2628.3800000000001</ele>
        <time>2022-12-21T08:02:29Z</time>
      </trkpt>
      <trkpt lat="-29.433833844959736" lon="27.971001639962196">
        <ele>2625.5</ele>
        <time>2022-12-21T08:02:35Z</time>
      </trkpt>
      <trkpt lat="-29.433679534122348" lon="27.970868200063705">
        <ele>2624.54</ele>
        <time>2022-12-21T08:02:36Z</time>
      </trkpt>
      <trkpt lat="-29.433533437550068" lon="27.970710955560207">
        <ele>2624.0599999999999</ele>
        <time>2022-12-21T08:02:37Z</time>
      </trkpt>
      <trkpt lat="-29.433385748416185" lon="27.970522865653038">
        <ele>2623.5799999999999</ele>
        <time>2022-12-21T08:02:38Z</time>
      </trkpt>
      <trkpt lat="-29.433247866109014" lon="27.970329327508807">
        <ele>2623.0900000000001</ele>
        <time>2022-12-21T08:02:39Z</time>
      </trkpt>
      <trkpt lat="-29.431493449956179" lon="27.967832777649164">
        <ele>2628.3800000000001</ele>
        <time>2022-12-21T08:02:51Z</time>
      </trkpt>
      <trkpt lat="-29.431047029793262" lon="27.967227688059211">
        <ele>2633.1900000000001</ele>
        <time>2022-12-21T08:02:56Z</time>
      </trkpt>
      <trkpt lat="-29.430853072553873" lon="27.966963658109307">
        <ele>2636.0700000000002</ele>
        <time>2022-12-21T08:03:03Z</time>
      </trkpt>
      <trkpt lat="-29.430841505527496" lon="27.966939518228173">
        <ele>2635.5900000000001</ele>
        <time>2022-12-21T08:03:14Z</time>
      </trkpt>
      <trkpt lat="-29.430839074775577" lon="27.966932393610477">
        <ele>2636.0700000000002</ele>
        <time>2022-12-21T08:03:31Z</time>
      </trkpt>
      <trkpt lat="-29.430845528841019" lon="27.966922502964735">
        <ele>2635.1100000000001</ele>
        <time>2022-12-21T08:03:58Z</time>
      </trkpt>
      <trkpt lat="-29.430842762812972" lon="27.966918479651213">
        <ele>2635.5900000000001</ele>
        <time>2022-12-21T08:04:21Z</time>
      </trkpt>
      <trkpt lat="-29.430831279605627" lon="27.966917725279927">
        <ele>2634.6300000000001</ele>
        <time>2022-12-21T08:04:50Z</time>
      </trkpt>
      <trkpt lat="-29.430834800004959" lon="27.966913618147373">
        <ele>2634.1500000000001</ele>
        <time>2022-12-21T08:05:17Z</time>
      </trkpt>
      <trkpt lat="-29.430836392566562" lon="27.966926107183099">
        <ele>2635.5900000000001</ele>
        <time>2022-12-21T08:05:41Z</time>
      </trkpt>
      <trkpt lat="-29.430827591568232" lon="27.966930633410811">
        <ele>2635.1100000000001</ele>
        <time>2022-12-21T08:05:48Z</time>
      </trkpt>
      <trkpt lat="-29.43079330958426" lon="27.966923341155052">
        <ele>2635.5900000000001</ele>
        <time>2022-12-21T08:05:50Z</time>
      </trkpt>
      <trkpt lat="-29.430753579363227" lon="27.966891322284937">
        <ele>2635.5900000000001</ele>
        <time>2022-12-21T08:05:51Z</time>
      </trkpt>
      <trkpt lat="-29.430709574371576" lon="27.966843880712986">
        <ele>2635.5900000000001</ele>
        <time>2022-12-21T08:05:52Z</time>
      </trkpt>
      <trkpt lat="-29.430650398135185" lon="27.966772299259901">
        <ele>2635.1100000000001</ele>
        <time>2022-12-21T08:05:53Z</time>
      </trkpt>
      <trkpt lat="-29.43024362437427" lon="27.966295955702662">
        <ele>2634.6300000000001</ele>
        <time>2022-12-21T08:05:58Z</time>
      </trkpt>
      <trkpt lat="-29.430131474509835" lon="27.96620300039649">
        <ele>2634.1500000000001</ele>
        <time>2022-12-21T08:05:59Z</time>
      </trkpt>
      <trkpt lat="-29.430007506161928" lon="27.966119097545743">
        <ele>2633.6700000000001</ele>
        <time>2022-12-21T08:06:00Z</time>
      </trkpt>
      <trkpt lat="-29.429867779836059" lon="27.966042570769787">
        <ele>2633.1900000000001</ele>
        <time>2022-12-21T08:06:01Z</time>
      </trkpt>
      <trkpt lat="-29.429730232805014" lon="27.965976856648922">
        <ele>2631.75</ele>
        <time>2022-12-21T08:06:02Z</time>
      </trkpt>
      <trkpt lat="-29.429327230900526" lon="27.965749707072973">
        <ele>2626.9400000000001</ele>
        <time>2022-12-21T08:06:05Z</time>
      </trkpt>
      <trkpt lat="-29.429212147369981" lon="27.96564158052206">
        <ele>2625.02</ele>
        <time>2022-12-21T08:06:06Z</time>
      </trkpt>
      <trkpt lat="-29.42911583930254" lon="27.965517528355122">
        <ele>2623.0900000000001</ele>
        <time>2022-12-21T08:06:07Z</time>
      </trkpt>
      <trkpt lat="-29.42902397364378" lon="27.965367408469319">
        <ele>2621.1700000000001</ele>
        <time>2022-12-21T08:06:08Z</time>
      </trkpt>
      <trkpt lat="-29.428942501544952" lon="27.965223491191864">
        <ele>2618.77</ele>
        <time>2022-12-21T08:06:09Z</time>
      </trkpt>
      <trkpt lat="-29.42863798700273" lon="27.964656623080373">
        <ele>2611.0799999999999</ele>
        <time>2022-12-21T08:06:13Z</time>
      </trkpt>
      <trkpt lat="-29.428540170192719" lon="27.964526284486055">
        <ele>2609.1599999999999</ele>
        <time>2022-12-21T08:06:14Z</time>
      </trkpt>
      <trkpt lat="-29.428441347554326" lon="27.964416230097413">
        <ele>2607.71</ele>
        <time>2022-12-21T08:06:15Z</time>
      </trkpt>
      <trkpt lat="-29.428333723917603" lon="27.964320005849004">
        <ele>2605.79</ele>
        <time>2022-12-21T08:06:16Z</time>
      </trkpt>
      <trkpt lat="-29.428215706720948" lon="27.964247083291411">
        <ele>2604.3499999999999</ele>
        <time>2022-12-21T08:06:17Z</time>
      </trkpt>
      <trkpt lat="-29.428094755858183" lon="27.964201485738158">
        <ele>2602.9099999999999</ele>
        <time>2022-12-21T08:06:18Z</time>
      </trkpt>
      <trkpt lat="-29.427964752539992" lon="27.964177848771214">
        <ele>2601.46</ele>
        <time>2022-12-21T08:06:19Z</time>
      </trkpt>
      <trkpt lat="-29.427829636260867" lon="27.96416686847806">
        <ele>2599.54</ele>
        <time>2022-12-21T08:06:20Z</time>
      </trkpt>
      <trkpt lat="-29.427721677348018" lon="27.964150942862034">
        <ele>2598.0999999999999</ele>
        <time>2022-12-21T08:06:21Z</time>
      </trkpt>
      <trkpt lat="-29.427638277411461" lon="27.964119762182236">
        <ele>2596.6599999999999</ele>
        <time>2022-12-21T08:06:22Z</time>
      </trkpt>
      <trkpt lat="-29.427579771727324" lon="27.964067542925477">
        <ele>2595.2199999999998</ele>
        <time>2022-12-21T08:06:23Z</time>
      </trkpt>
      <trkpt lat="-29.427549010142684" lon="27.9640041757375">
        <ele>2593.77</ele>
        <time>2022-12-21T08:06:24Z</time>
      </trkpt>
      <trkpt lat="-29.427552446722984" lon="27.963930834084749">
        <ele>2592.3299999999999</ele>
        <time>2022-12-21T08:06:25Z</time>
      </trkpt>
      <trkpt lat="-29.42759670317173" lon="27.963860342279077">
        <ele>2590.8899999999999</ele>
        <time>2022-12-21T08:06:26Z</time>
      </trkpt>
      <trkpt lat="-29.427681276574731" lon="27.96379990875721">
        <ele>2588.9699999999998</ele>
        <time>2022-12-21T08:06:27Z</time>
      </trkpt>
      <trkpt lat="-29.427792336791754" lon="27.963761100545526">
        <ele>2587.5300000000002</ele>
        <time>2022-12-21T08:06:28Z</time>
      </trkpt>
      <trkpt lat="-29.427929548546672" lon="27.963736625388265">
        <ele>2586.0799999999999</ele>
        <time>2022-12-21T08:06:29Z</time>
      </trkpt>
      <trkpt lat="-29.428085032850504" lon="27.963712150231004">
        <ele>2584.1599999999999</ele>
        <time>2022-12-21T08:06:30Z</time>
      </trkpt>
      <trkpt lat="-29.429514734074473" lon="27.963499082252383">
        <ele>2567.3400000000001</ele>
        <time>2022-12-21T08:06:38Z</time>
      </trkpt>
      <trkpt lat="-29.429691843688488" lon="27.963449461385608">
        <ele>2564.9299999999998</ele>
        <time>2022-12-21T08:06:39Z</time>
      </trkpt>
      <trkpt lat="-29.431179715320468" lon="27.96313832513988">
        <ele>2544.75</ele>
        <time>2022-12-21T08:06:48Z</time>
      </trkpt>
      <trkpt lat="-29.431288596242666" lon="27.963091637939215">
        <ele>2543.3099999999999</ele>
        <time>2022-12-21T08:06:49Z</time>
      </trkpt>
      <trkpt lat="-29.43138406611979" lon="27.963020894676447">
        <ele>2541.3800000000001</ele>
        <time>2022-12-21T08:06:50Z</time>
      </trkpt>
      <trkpt lat="-29.431455312296748" lon="27.962938081473112">
        <ele>2539.9400000000001</ele>
        <time>2022-12-21T08:06:51Z</time>
      </trkpt>
      <trkpt lat="-29.431508202105761" lon="27.962834145873785">
        <ele>2538.5</ele>
        <time>2022-12-21T08:06:52Z</time>
      </trkpt>
      <trkpt lat="-29.431540723890066" lon="27.962716380134225">
        <ele>2537.0599999999999</ele>
        <time>2022-12-21T08:06:53Z</time>
      </trkpt>
      <trkpt lat="-29.431558409705758" lon="27.962568355724216">
        <ele>2535.1300000000001</ele>
        <time>2022-12-21T08:06:54Z</time>
      </trkpt>
      <trkpt lat="-29.43156729452312" lon="27.962397616356611">
        <ele>2533.6900000000001</ele>
        <time>2022-12-21T08:06:55Z</time>
      </trkpt>
      <trkpt lat="-29.431577688083053" lon="27.960922066122293">
        <ele>2518.3099999999999</ele>
        <time>2022-12-21T08:07:02Z</time>
      </trkpt>
      <trkpt lat="-29.431582801043987" lon="27.960703046992421">
        <ele>2516.3899999999999</ele>
        <time>2022-12-21T08:07:03Z</time>
      </trkpt>
      <trkpt lat="-29.431605599820614" lon="27.96047237701714">
        <ele>2513.5</ele>
        <time>2022-12-21T08:07:04Z</time>
      </trkpt>
      <trkpt lat="-29.431661339476705" lon="27.959717167541385">
        <ele>2504.8499999999999</ele>
        <time>2022-12-21T08:07:08Z</time>
      </trkpt>
      <trkpt lat="-29.431628230959177" lon="27.959559168666601">
        <ele>2502.4499999999998</ele>
        <time>2022-12-21T08:07:09Z</time>
      </trkpt>
      <trkpt lat="-29.431569557636976" lon="27.959411814808846">
        <ele>2500.5300000000002</ele>
        <time>2022-12-21T08:07:10Z</time>
      </trkpt>
      <trkpt lat="-29.431424550712109" lon="27.959115849807858">
        <ele>2496.1999999999998</ele>
        <time>2022-12-21T08:07:12Z</time>
      </trkpt>
      <trkpt lat="-29.431374426931143" lon="27.95896640047431">
        <ele>2494.2800000000002</ele>
        <time>2022-12-21T08:07:13Z</time>
      </trkpt>
      <trkpt lat="-29.431333774700761" lon="27.958795158192515">
        <ele>2491.8699999999999</ele>
        <time>2022-12-21T08:07:14Z</time>
      </trkpt>
      <trkpt lat="-29.431194048374891" lon="27.957396134734154">
        <ele>2474.5700000000002</ele>
        <time>2022-12-21T08:07:22Z</time>
      </trkpt>
      <trkpt lat="-29.431222295388579" lon="27.957262443378568">
        <ele>2472.1700000000001</ele>
        <time>2022-12-21T08:07:23Z</time>
      </trkpt>
      <trkpt lat="-29.431277951225638" lon="27.957138726487756">
        <ele>2469.7600000000002</ele>
        <time>2022-12-21T08:07:24Z</time>
      </trkpt>
      <trkpt lat="-29.431362189352512" lon="27.957035880535841">
        <ele>2466.8800000000001</ele>
        <time>2022-12-21T08:07:25Z</time>
      </trkpt>
      <trkpt lat="-29.431470651179552" lon="27.956960275769234">
        <ele>2464.48</ele>
        <time>2022-12-21T08:07:26Z</time>
      </trkpt>
      <trkpt lat="-29.431597217917442" lon="27.956913253292441">
        <ele>2462.0700000000002</ele>
        <time>2022-12-21T08:07:27Z</time>
      </trkpt>
      <trkpt lat="-29.431699141860008" lon="27.956885593011975">
        <ele>2460.1500000000001</ele>
        <time>2022-12-21T08:07:28Z</time>
      </trkpt>
      <trkpt lat="-29.431798299774528" lon="27.956846617162228">
        <ele>2458.23</ele>
        <time>2022-12-21T08:07:29Z</time>
      </trkpt>
      <trkpt lat="-29.431875748559833" lon="27.956793894991279">
        <ele>2456.3099999999999</ele>
        <time>2022-12-21T08:07:30Z</time>
      </trkpt>
      <trkpt lat="-29.431931655853987" lon="27.956729186698794">
        <ele>2454.3800000000001</ele>
        <time>2022-12-21T08:07:31Z</time>
      </trkpt>
      <trkpt lat="-29.43196945823729" lon="27.956652157008648">
        <ele>2452.9400000000001</ele>
        <time>2022-12-21T08:07:32Z</time>
      </trkpt>
      <trkpt lat="-29.43198848515749" lon="27.956562303006649">
        <ele>2451.5</ele>
        <time>2022-12-21T08:07:33Z</time>
      </trkpt>
      <trkpt lat="-29.431984964758158" lon="27.956445543095469">
        <ele>2450.0599999999999</ele>
        <time>2022-12-21T08:07:34Z</time>
      </trkpt>
      <trkpt lat="-29.431964596733451" lon="27.956335740163922">
        <ele>2449.0999999999999</ele>
        <time>2022-12-21T08:07:35Z</time>
      </trkpt>
      <trkpt lat="-29.431937774643302" lon="27.956203976646066">
        <ele>2447.6500000000001</ele>
        <time>2022-12-21T08:07:36Z</time>
      </trkpt>
      <trkpt lat="-29.431924112141132" lon="27.956054694950581">
        <ele>2446.21</ele>
        <time>2022-12-21T08:07:37Z</time>
      </trkpt>
      <trkpt lat="-29.431930147111416" lon="27.955896863713861">
        <ele>2444.77</ele>
        <time>2022-12-21T08:07:38Z</time>
      </trkpt>
      <trkpt lat="-29.431954454630613" lon="27.955734422430396">
        <ele>2443.3299999999999</ele>
        <time>2022-12-21T08:07:39Z</time>
      </trkpt>
      <trkpt lat="-29.431995861232281" lon="27.95556996949017">
        <ele>2441.4099999999999</ele>
        <time>2022-12-21T08:07:40Z</time>
      </trkpt>
      <trkpt lat="-29.432061910629272" lon="27.955404175445437">
        <ele>2439.48</ele>
        <time>2022-12-21T08:07:41Z</time>
      </trkpt>
      <trkpt lat="-29.432158218696713" lon="27.955239303410053">
        <ele>2437.5599999999999</ele>
        <time>2022-12-21T08:07:42Z</time>
      </trkpt>
      <trkpt lat="-29.432272128760815" lon="27.955077616497874">
        <ele>2435.6399999999999</ele>
        <time>2022-12-21T08:07:43Z</time>
      </trkpt>
      <trkpt lat="-29.432814856991172" lon="27.954326262697577">
        <ele>2426.9899999999998</ele>
        <time>2022-12-21T08:07:48Z</time>
      </trkpt>
      <trkpt lat="-29.432924743741751" lon="27.954221069812775">
        <ele>2425.54</ele>
        <time>2022-12-21T08:07:49Z</time>
      </trkpt>
      <trkpt lat="-29.433046281337738" lon="27.954138591885567">
        <ele>2424.5799999999999</ele>
        <time>2022-12-21T08:07:50Z</time>
      </trkpt>
      <trkpt lat="-29.433177458122373" lon="27.954076984897256">
        <ele>2423.6199999999999</ele>
        <time>2022-12-21T08:07:51Z</time>
      </trkpt>
      <trkpt lat="-29.433316178619862" lon="27.954037841409445">
        <ele>2422.6599999999999</ele>
        <time>2022-12-21T08:07:52Z</time>
      </trkpt>
      <trkpt lat="-29.433458168059587" lon="27.954028537496924">
        <ele>2421.6999999999998</ele>
        <time>2022-12-21T08:07:53Z</time>
      </trkpt>
      <trkpt lat="-29.433596804738045" lon="27.954039853066206">
        <ele>2421.2199999999998</ele>
        <time>2022-12-21T08:07:54Z</time>
      </trkpt>
      <trkpt lat="-29.433728735893965" lon="27.954045133665204">
        <ele>2420.2600000000002</ele>
        <time>2022-12-21T08:07:55Z</time>
      </trkpt>
      <trkpt lat="-29.433848261833191" lon="27.954019987955689">
        <ele>2419.3000000000002</ele>
        <time>2022-12-21T08:07:56Z</time>
      </trkpt>
      <trkpt lat="-29.433957729488611" lon="27.953961817547679">
        <ele>2418.3299999999999</ele>
        <time>2022-12-21T08:07:57Z</time>
      </trkpt>
      <trkpt lat="-29.434059234336019" lon="27.95388562604785">
        <ele>2417.3699999999999</ele>
        <time>2022-12-21T08:07:58Z</time>
      </trkpt>
      <trkpt lat="-29.434167025610805" lon="27.953820498660207">
        <ele>2415.9299999999998</ele>
        <time>2022-12-21T08:07:59Z</time>
      </trkpt>
      <trkpt lat="-29.43428847938776" lon="27.953786300495267">
        <ele>2414.9699999999998</ele>
        <time>2022-12-21T08:08:00Z</time>
      </trkpt>
      <trkpt lat="-29.434419823810458" lon="27.953784121200442">
        <ele>2414.0100000000002</ele>
        <time>2022-12-21T08:08:01Z</time>
      </trkpt>
      <trkpt lat="-29.434814862906933" lon="27.95381479896605">
        <ele>2410.6399999999999</ele>
        <time>2022-12-21T08:08:04Z</time>
      </trkpt>
      <trkpt lat="-29.434926090762019" lon="27.953796274960041">
        <ele>2409.6799999999998</ele>
        <time>2022-12-21T08:08:05Z</time>
      </trkpt>
      <trkpt lat="-29.435023153200746" lon="27.95374539680779">
        <ele>2408.7199999999998</ele>
        <time>2022-12-21T08:08:06Z</time>
      </trkpt>
      <trkpt lat="-29.43508836440742" lon="27.953671719878912">
        <ele>2408.2399999999998</ele>
        <time>2022-12-21T08:08:07Z</time>
      </trkpt>
      <trkpt lat="-29.435126418247819" lon="27.953574992716312">
        <ele>2407.7600000000002</ele>
        <time>2022-12-21T08:08:08Z</time>
      </trkpt>
      <trkpt lat="-29.43513136357069" lon="27.953466195613146">
        <ele>2406.8000000000002</ele>
        <time>2022-12-21T08:08:09Z</time>
      </trkpt>
      <trkpt lat="-29.43509959615767" lon="27.953350776806474">
        <ele>2406.3200000000002</ele>
        <time>2022-12-21T08:08:10Z</time>
      </trkpt>
      <trkpt lat="-29.43503656424582" lon="27.953229993581772">
        <ele>2405.8400000000001</ele>
        <time>2022-12-21T08:08:11Z</time>
      </trkpt>
      <trkpt lat="-29.434945704415441" lon="27.953112982213497">
        <ele>2404.8800000000001</ele>
        <time>2022-12-21T08:08:12Z</time>
      </trkpt>
      <trkpt lat="-29.43483087234199" lon="27.953002508729696">
        <ele>2404.3899999999999</ele>
        <time>2022-12-21T08:08:13Z</time>
      </trkpt>
      <trkpt lat="-29.434694834053516" lon="27.952895304188132">
        <ele>2403.4299999999998</ele>
        <time>2022-12-21T08:08:14Z</time>
      </trkpt>
      <trkpt lat="-29.434539349749684" lon="27.952794218435884">
        <ele>2402.4699999999998</ele>
        <time>2022-12-21T08:08:15Z</time>
      </trkpt>
      <trkpt lat="-29.434372214600444" lon="27.952713752165437">
        <ele>2401.0300000000002</ele>
        <time>2022-12-21T08:08:16Z</time>
      </trkpt>
      <trkpt lat="-29.43419711664319" lon="27.952652899548411">
        <ele>2399.5900000000001</ele>
        <time>2022-12-21T08:08:17Z</time>
      </trkpt>
      <trkpt lat="-29.434018163010478" lon="27.952605541795492">
        <ele>2398.1500000000001</ele>
        <time>2022-12-21T08:08:18Z</time>
      </trkpt>
      <trkpt lat="-29.43351399153471" lon="27.952436562627554">
        <ele>2393.3400000000001</ele>
        <time>2022-12-21T08:08:21Z</time>
      </trkpt>
      <trkpt lat="-29.433362949639559" lon="27.952346708625555">
        <ele>2391.9000000000001</ele>
        <time>2022-12-21T08:08:22Z</time>
      </trkpt>
      <trkpt lat="-29.433218026533723" lon="27.952236151322722">
        <ele>2389.9699999999998</ele>
        <time>2022-12-21T08:08:23Z</time>
      </trkpt>
      <trkpt lat="-29.433085508644581" lon="27.952109836041927">
        <ele>2388.0500000000002</ele>
        <time>2022-12-21T08:08:24Z</time>
      </trkpt>
      <trkpt lat="-29.432965228334069" lon="27.951966924592853">
        <ele>2386.1300000000001</ele>
        <time>2022-12-21T08:08:25Z</time>
      </trkpt>
      <trkpt lat="-29.432855676859617" lon="27.951797191053629">
        <ele>2384.21</ele>
        <time>2022-12-21T08:08:26Z</time>
      </trkpt>
      <trkpt lat="-29.432763140648603" lon="27.95160474255681">
        <ele>2382.2800000000002</ele>
        <time>2022-12-21T08:08:27Z</time>
      </trkpt>
      <trkpt lat="-29.432692481204867" lon="27.95138924382627">
        <ele>2380.3600000000001</ele>
        <time>2022-12-21T08:08:28Z</time>
      </trkpt>
      <trkpt lat="-29.432644620537758" lon="27.951149689033628">
        <ele>2377.96</ele>
        <time>2022-12-21T08:08:29Z</time>
      </trkpt>
      <trkpt lat="-29.432611763477325" lon="27.950888928025961">
        <ele>2375.5500000000002</ele>
        <time>2022-12-21T08:08:30Z</time>
      </trkpt>
      <trkpt lat="-29.432248156517744" lon="27.949192011728883">
        <ele>2362.5799999999999</ele>
        <time>2022-12-21T08:08:36Z</time>
      </trkpt>
      <trkpt lat="-29.431389849632978" lon="27.946634106338024">
        <ele>2346.23</ele>
        <time>2022-12-21T08:08:44Z</time>
      </trkpt>
      <trkpt lat="-29.431196479126811" lon="27.946125073358417">
        <ele>2342.8699999999999</ele>
        <time>2022-12-21T08:08:46Z</time>
      </trkpt>
      <trkpt lat="-29.431072510778904" lon="27.945908317342401">
        <ele>2341.9099999999999</ele>
        <time>2022-12-21T08:08:47Z</time>
      </trkpt>
      <trkpt lat="-29.430937729775906" lon="27.945726849138737">
        <ele>2340.4699999999998</ele>
        <time>2022-12-21T08:08:48Z</time>
      </trkpt>
      <trkpt lat="-29.43051871843636" lon="27.945166518911719">
        <ele>2336.1399999999999</ele>
        <time>2022-12-21T08:08:51Z</time>
      </trkpt>
      <trkpt lat="-29.430404808372259" lon="27.944955378770828">
        <ele>2334.6999999999998</ele>
        <time>2022-12-21T08:08:52Z</time>
      </trkpt>
      <trkpt lat="-29.430312858894467" lon="27.944736694917083">
        <ele>2333.2600000000002</ele>
        <time>2022-12-21T08:08:53Z</time>
      </trkpt>
      <trkpt lat="-29.430240020155907" lon="27.944506024941802">
        <ele>2331.3299999999999</ele>
        <time>2022-12-21T08:08:54Z</time>
      </trkpt>
      <trkpt lat="-29.430188555270433" lon="27.944283988326788">
        <ele>2329.8899999999999</ele>
        <time>2022-12-21T08:08:55Z</time>
      </trkpt>
      <trkpt lat="-29.430153099820018" lon="27.944057257845998">
        <ele>2328.4499999999998</ele>
        <time>2022-12-21T08:08:56Z</time>
      </trkpt>
      <trkpt lat="-29.430128037929535" lon="27.943835472688079">
        <ele>2326.5300000000002</ele>
        <time>2022-12-21T08:08:57Z</time>
      </trkpt>
      <trkpt lat="-29.430066095665097" lon="27.943422831594944">
        <ele>2324.6100000000001</ele>
        <time>2022-12-21T08:08:59Z</time>
      </trkpt>
      <trkpt lat="-29.430008176714182" lon="27.943235831335187">
        <ele>2323.1599999999999</ele>
        <time>2022-12-21T08:09:00Z</time>
      </trkpt>
      <trkpt lat="-29.429927291348577" lon="27.943064337596297">
        <ele>2322.1999999999998</ele>
        <time>2022-12-21T08:09:01Z</time>
      </trkpt>
      <trkpt lat="-29.429829809814692" lon="27.942924192175269">
        <ele>2320.7600000000002</ele>
        <time>2022-12-21T08:09:02Z</time>
      </trkpt>
      <trkpt lat="-29.429709110409021" lon="27.94280743226409">
        <ele>2319.3200000000002</ele>
        <time>2022-12-21T08:09:03Z</time>
      </trkpt>
      <trkpt lat="-29.429571144282818" lon="27.942717829719186">
        <ele>2317.8800000000001</ele>
        <time>2022-12-21T08:09:04Z</time>
      </trkpt>
      <trkpt lat="-29.429423622786999" lon="27.942647002637386">
        <ele>2315.9499999999998</ele>
        <time>2022-12-21T08:09:05Z</time>
      </trkpt>
      <trkpt lat="-29.429273586720228" lon="27.942575672641397">
        <ele>2314.0300000000002</ele>
        <time>2022-12-21T08:09:06Z</time>
      </trkpt>
      <trkpt lat="-29.429129585623741" lon="27.942488836124539">
        <ele>2312.1100000000001</ele>
        <time>2022-12-21T08:09:07Z</time>
      </trkpt>
      <trkpt lat="-29.429002432152629" lon="27.942380793392658">
        <ele>2310.1900000000001</ele>
        <time>2022-12-21T08:09:08Z</time>
      </trkpt>
      <trkpt lat="-29.428897490724921" lon="27.94224601238966">
        <ele>2308.2600000000002</ele>
        <time>2022-12-21T08:09:09Z</time>
      </trkpt>
      <trkpt lat="-29.428817359730601" lon="27.9420798830688">
        <ele>2306.8200000000002</ele>
        <time>2022-12-21T08:09:10Z</time>
      </trkpt>
      <trkpt lat="-29.428758518770337" lon="27.941885255277157">
        <ele>2304.9000000000001</ele>
        <time>2022-12-21T08:09:11Z</time>
      </trkpt>
      <trkpt lat="-29.428710071370006" lon="27.941681826487184">
        <ele>2302.98</ele>
        <time>2022-12-21T08:09:12Z</time>
      </trkpt>
      <trkpt lat="-29.428655840456486" lon="27.941484348848462">
        <ele>2302.0100000000002</ele>
        <time>2022-12-21T08:09:13Z</time>
      </trkpt>
      <trkpt lat="-29.428578307852149" lon="27.941304473206401">
        <ele>2300.5700000000002</ele>
        <time>2022-12-21T08:09:14Z</time>
      </trkpt>
      <trkpt lat="-29.428473617881536" lon="27.941149156540632">
        <ele>2299.1300000000001</ele>
        <time>2022-12-21T08:09:15Z</time>
      </trkpt>
      <trkpt lat="-29.428347889333963" lon="27.941016554832458">
        <ele>2297.6900000000001</ele>
        <time>2022-12-21T08:09:16Z</time>
      </trkpt>
      <trkpt lat="-29.428213611245155" lon="27.940897112712264">
        <ele>2296.25</ele>
        <time>2022-12-21T08:09:17Z</time>
      </trkpt>
      <trkpt lat="-29.427963746711612" lon="27.940653115510941">
        <ele>2293.8400000000001</ele>
        <time>2022-12-21T08:09:19Z</time>
      </trkpt>
      <trkpt lat="-29.427871461957693" lon="27.940507186576724">
        <ele>2292.4000000000001</ele>
        <time>2022-12-21T08:09:20Z</time>
      </trkpt>
      <trkpt lat="-29.427810609340668" lon="27.940334770828485">
        <ele>2290.96</ele>
        <time>2022-12-21T08:09:21Z</time>
      </trkpt>
      <trkpt lat="-29.427773896604776" lon="27.940138718113303">
        <ele>2290</ele>
        <time>2022-12-21T08:09:22Z</time>
      </trkpt>
      <trkpt lat="-29.427749589085579" lon="27.939925398677588">
        <ele>2289.04</ele>
        <time>2022-12-21T08:09:23Z</time>
      </trkpt>
      <trkpt lat="-29.427705584093928" lon="27.939556930214167">
        <ele>2282.79</ele>
        <time>2022-12-21T08:09:30Z</time>
      </trkpt>
    </trkseg>
  </trk>

</gpx>