<?xml version="1.0" encoding="utf-8"?><gpx creator="Garmin Desktop App" version="1.1" xsi:schemaLocation="http://www.topografix.com/GPX/1/1 http://www.topografix.com/GPX/1/1/gpx.xsd http://www.garmin.com/xmlschemas/WaypointExtension/v1 http://www8.garmin.com/xmlschemas/WaypointExtensionv1.xsd http://www.garmin.com/xmlschemas/TrackPointExtension/v1 http://www.garmin.com/xmlschemas/TrackPointExtensionv1.xsd http://www.garmin.com/xmlschemas/GpxExtensions/v3 http://www8.garmin.com/xmlschemas/GpxExtensionsv3.xsd http://www.garmin.com/xmlschemas/ActivityExtension/v1 http://www8.garmin.com/xmlschemas/ActivityExtensionv1.xsd http://www.garmin.com/xmlschemas/AdventuresExtensions/v1 http://www8.garmin.com/xmlschemas/AdventuresExtensionv1.xsd http://www.garmin.com/xmlschemas/PressureExtension/v1 http://www.garmin.com/xmlschemas/PressureExtensionv1.xsd http://www.garmin.com/xmlschemas/TripExtensions/v1 http://www.garmin.com/xmlschemas/TripExtensionsv1.xsd http://www.garmin.com/xmlschemas/TripMetaDataExtensions/v1 http://www.garmin.com/xmlschemas/TripMetaDataExtensionsv1.xsd http://www.garmin.com/xmlschemas/ViaPointTransportationModeExtensions/v1 http://www.garmin.com/xmlschemas/ViaPointTransportationModeExtensionsv1.xsd http://www.garmin.com/xmlschemas/CreationTimeExtension/v1 http://www.garmin.com/xmlschemas/CreationTimeExtensionsv1.xsd http://www.garmin.com/xmlschemas/AccelerationExtension/v1 http://www.garmin.com/xmlschemas/AccelerationExtensionv1.xsd http://www.garmin.com/xmlschemas/PowerExtension/v1 http://www.garmin.com/xmlschemas/PowerExtensionv1.xsd http://www.garmin.com/xmlschemas/VideoExtension/v1 http://www.garmin.com/xmlschemas/VideoExtensionv1.xsd" xmlns="http://www.topografix.com/GPX/1/1" xmlns:xsi="http://www.w3.org/2001/XMLSchema-instance" xmlns:wptx1="http://www.garmin.com/xmlschemas/WaypointExtension/v1" xmlns:gpxtrx="http://www.garmin.com/xmlschemas/GpxExtensions/v3" xmlns:gpxtpx="http://www.garmin.com/xmlschemas/TrackPointExtension/v1" xmlns:gpxx="http://www.garmin.com/xmlschemas/GpxExtensions/v3" xmlns:trp="http://www.garmin.com/xmlschemas/TripExtensions/v1" xmlns:adv="http://www.garmin.com/xmlschemas/AdventuresExtensions/v1" xmlns:prs="http://www.garmin.com/xmlschemas/PressureExtension/v1" xmlns:tmd="http://www.garmin.com/xmlschemas/TripMetaDataExtensions/v1" xmlns:vptm="http://www.garmin.com/xmlschemas/ViaPointTransportationModeExtensions/v1" xmlns:ctx="http://www.garmin.com/xmlschemas/CreationTimeExtension/v1" xmlns:gpxacc="http://www.garmin.com/xmlschemas/AccelerationExtension/v1" xmlns:gpxpx="http://www.garmin.com/xmlschemas/PowerExtension/v1" xmlns:vidx1="http://www.garmin.com/xmlschemas/VideoExtension/v1">

  <metadata>
    <link href="http://www.garmin.com">
      <text>Garmin International</text>
    </link>
    <time>2023-01-21T18:29:12Z</time>
    <bounds maxlat="-29.524422604590654" maxlon="28.265527551993728" minlat="-29.555181842297316" minlon="28.14808183349669" />
  </metadata>

  <trk>
    <name>[332] Cheche's Pass(EW)</name>
    <extensions>
      <gpxx:TrackExtension>
        <gpxx:DisplayColor>Green</gpxx:DisplayColor>
      </gpxx:TrackExtension>
    </extensions>
    <trkseg>
      <trkpt lat="-29.534407211467624" lon="28.265527551993728">
        <ele>2215.0100000000002</ele>
        <time>2022-12-21T06:51:31Z</time>
      </trkpt>
      <trkpt lat="-29.534852290526032" lon="28.265263605862856">
        <ele>2215.98</ele>
        <time>2022-12-21T06:51:37Z</time>
      </trkpt>
      <trkpt lat="-29.534939043223858" lon="28.265187162905931">
        <ele>2216.46</ele>
        <time>2022-12-21T06:51:38Z</time>
      </trkpt>
      <trkpt lat="-29.535025879740715" lon="28.265097057446837">
        <ele>2216.46</ele>
        <time>2022-12-21T06:51:39Z</time>
      </trkpt>
      <trkpt lat="-29.535109363496304" lon="28.264992954209447">
        <ele>2216.9400000000001</ele>
        <time>2022-12-21T06:51:40Z</time>
      </trkpt>
      <trkpt lat="-29.535188488662243" lon="28.264880301430821">
        <ele>2217.4200000000001</ele>
        <time>2022-12-21T06:51:41Z</time>
      </trkpt>
      <trkpt lat="-29.535260321572423" lon="28.264754237607121">
        <ele>2217.9000000000001</ele>
        <time>2022-12-21T06:51:42Z</time>
      </trkpt>
      <trkpt lat="-29.53531782142818" lon="28.26462565921247">
        <ele>2217.9000000000001</ele>
        <time>2022-12-21T06:51:43Z</time>
      </trkpt>
      <trkpt lat="-29.535367274656892" lon="28.264487693086267">
        <ele>2218.3800000000001</ele>
        <time>2022-12-21T06:51:44Z</time>
      </trkpt>
      <trkpt lat="-29.535578079521656" lon="28.263548584654927">
        <ele>2220.7800000000002</ele>
        <time>2022-12-21T06:51:50Z</time>
      </trkpt>
      <trkpt lat="-29.535575481131673" lon="28.263376420363784">
        <ele>2221.2600000000002</ele>
        <time>2022-12-21T06:51:51Z</time>
      </trkpt>
      <trkpt lat="-29.535555867478251" lon="28.263203501701355">
        <ele>2221.7399999999998</ele>
        <time>2022-12-21T06:51:52Z</time>
      </trkpt>
      <trkpt lat="-29.535520076751709" lon="28.263026140630245">
        <ele>2222.2199999999998</ele>
        <time>2022-12-21T06:51:53Z</time>
      </trkpt>
      <trkpt lat="-29.535474646836519" lon="28.262856155633926">
        <ele>2222.71</ele>
        <time>2022-12-21T06:51:54Z</time>
      </trkpt>
      <trkpt lat="-29.535418068990111" lon="28.262679884210229">
        <ele>2223.1900000000001</ele>
        <time>2022-12-21T06:51:55Z</time>
      </trkpt>
      <trkpt lat="-29.534706277772784" lon="28.261169465258718">
        <ele>2229.9200000000001</ele>
        <time>2022-12-21T06:52:03Z</time>
      </trkpt>
      <trkpt lat="-29.533779239282012" lon="28.259666841477156">
        <ele>2236.1599999999999</ele>
        <time>2022-12-21T06:52:10Z</time>
      </trkpt>
      <trkpt lat="-29.532952699810266" lon="28.258119039237499">
        <ele>2244.3299999999999</ele>
        <time>2022-12-21T06:52:18Z</time>
      </trkpt>
      <trkpt lat="-29.531881408765912" lon="28.256965689361095">
        <ele>2249.1399999999999</ele>
        <time>2022-12-21T06:52:25Z</time>
      </trkpt>
      <trkpt lat="-29.530112240463495" lon="28.25538570061326">
        <ele>2258.75</ele>
        <time>2022-12-21T06:52:35Z</time>
      </trkpt>
      <trkpt lat="-29.528665272518992" lon="28.253523577004671">
        <ele>2274.1399999999999</ele>
        <time>2022-12-21T06:52:45Z</time>
      </trkpt>
      <trkpt lat="-29.528463017195463" lon="28.253144463524222">
        <ele>2277.5</ele>
        <time>2022-12-21T06:52:47Z</time>
      </trkpt>
      <trkpt lat="-29.528387999162078" lon="28.252951763570309">
        <ele>2278.9400000000001</ele>
        <time>2022-12-21T06:52:48Z</time>
      </trkpt>
      <trkpt lat="-29.528331002220511" lon="28.25275688432157">
        <ele>2280.8699999999999</ele>
        <time>2022-12-21T06:52:49Z</time>
      </trkpt>
      <trkpt lat="-29.528294624760747" lon="28.252566196024418">
        <ele>2282.3099999999999</ele>
        <time>2022-12-21T06:52:50Z</time>
      </trkpt>
      <trkpt lat="-29.528275681659579" lon="28.252376681193709">
        <ele>2283.75</ele>
        <time>2022-12-21T06:52:51Z</time>
      </trkpt>
      <trkpt lat="-29.528271993622184" lon="28.252176605165005">
        <ele>2285.6700000000001</ele>
        <time>2022-12-21T06:52:52Z</time>
      </trkpt>
      <trkpt lat="-29.528274005278945" lon="28.251970075070858">
        <ele>2287.1100000000001</ele>
        <time>2022-12-21T06:52:53Z</time>
      </trkpt>
      <trkpt lat="-29.528268808498979" lon="28.250236362218857">
        <ele>2299.1300000000001</ele>
        <time>2022-12-21T06:53:01Z</time>
      </trkpt>
      <trkpt lat="-29.528224468231201" lon="28.249923968687654">
        <ele>2302.0100000000002</ele>
        <time>2022-12-21T06:53:03Z</time>
      </trkpt>
      <trkpt lat="-29.528175350278616" lon="28.249794384464622">
        <ele>2303.46</ele>
        <time>2022-12-21T06:53:04Z</time>
      </trkpt>
      <trkpt lat="-29.528107037767768" lon="28.249676702544093">
        <ele>2304.9000000000001</ele>
        <time>2022-12-21T06:53:05Z</time>
      </trkpt>
      <trkpt lat="-29.527395414188504" lon="28.248507929965854">
        <ele>2314.5100000000002</ele>
        <time>2022-12-21T06:53:13Z</time>
      </trkpt>
      <trkpt lat="-29.527189303189516" lon="28.248165026307106">
        <ele>2316.9099999999999</ele>
        <time>2022-12-21T06:53:15Z</time>
      </trkpt>
      <trkpt lat="-29.52712208032608" lon="28.247977858409286">
        <ele>2318.3600000000001</ele>
        <time>2022-12-21T06:53:16Z</time>
      </trkpt>
      <trkpt lat="-29.527083523571491" lon="28.247781554237008">
        <ele>2320.2800000000002</ele>
        <time>2022-12-21T06:53:17Z</time>
      </trkpt>
      <trkpt lat="-29.527026694267988" lon="28.24740394949913">
        <ele>2323.6399999999999</ele>
        <time>2022-12-21T06:53:19Z</time>
      </trkpt>
      <trkpt lat="-29.526968020945787" lon="28.247246453538537">
        <ele>2325.0900000000001</ele>
        <time>2022-12-21T06:53:20Z</time>
      </trkpt>
      <trkpt lat="-29.526883531361818" lon="28.247108235955238">
        <ele>2327.0100000000002</ele>
        <time>2022-12-21T06:53:21Z</time>
      </trkpt>
      <trkpt lat="-29.526706757023931" lon="28.246838254854083">
        <ele>2329.8899999999999</ele>
        <time>2022-12-21T06:53:23Z</time>
      </trkpt>
      <trkpt lat="-29.526644647121429" lon="28.246703976765275">
        <ele>2331.3299999999999</ele>
        <time>2022-12-21T06:53:24Z</time>
      </trkpt>
      <trkpt lat="-29.526537023484707" lon="28.24646819382906">
        <ele>2334.6999999999998</ele>
        <time>2022-12-21T06:53:26Z</time>
      </trkpt>
      <trkpt lat="-29.526478098705411" lon="28.246376244351268">
        <ele>2335.6599999999999</ele>
        <time>2022-12-21T06:53:27Z</time>
      </trkpt>
      <trkpt lat="-29.526412636041641" lon="28.246303573250771">
        <ele>2337.0999999999999</ele>
        <time>2022-12-21T06:53:28Z</time>
      </trkpt>
      <trkpt lat="-29.526337785646319" lon="28.246246073395014">
        <ele>2338.0599999999999</ele>
        <time>2022-12-21T06:53:29Z</time>
      </trkpt>
      <trkpt lat="-29.52625329606235" lon="28.246197709813714">
        <ele>2339.02</ele>
        <time>2022-12-21T06:53:30Z</time>
      </trkpt>
      <trkpt lat="-29.526161178946495" lon="28.246148675680161">
        <ele>2340.4699999999998</ele>
        <time>2022-12-21T06:53:31Z</time>
      </trkpt>
      <trkpt lat="-29.52606956474483" lon="28.246083464473486">
        <ele>2341.4299999999998</ele>
        <time>2022-12-21T06:53:32Z</time>
      </trkpt>
      <trkpt lat="-29.525984823703766" lon="28.245995789766312">
        <ele>2342.8699999999999</ele>
        <time>2022-12-21T06:53:33Z</time>
      </trkpt>
      <trkpt lat="-29.525909638032317" lon="28.24589017778635">
        <ele>2343.8299999999999</ele>
        <time>2022-12-21T06:53:34Z</time>
      </trkpt>
      <trkpt lat="-29.525847611948848" lon="28.245767718181014">
        <ele>2345.27</ele>
        <time>2022-12-21T06:53:35Z</time>
      </trkpt>
      <trkpt lat="-29.525796063244343" lon="28.245633356273174">
        <ele>2346.7199999999998</ele>
        <time>2022-12-21T06:53:36Z</time>
      </trkpt>
      <trkpt lat="-29.525749711319804" lon="28.245489271357656">
        <ele>2348.6399999999999</ele>
        <time>2022-12-21T06:53:37Z</time>
      </trkpt>
      <trkpt lat="-29.525500936433673" lon="28.244905387982726">
        <ele>2354.4099999999999</ele>
        <time>2022-12-21T06:53:41Z</time>
      </trkpt>
      <trkpt lat="-29.525409070774913" lon="28.244786951690912">
        <ele>2355.8499999999999</ele>
        <time>2022-12-21T06:53:42Z</time>
      </trkpt>
      <trkpt lat="-29.525304883718491" lon="28.244687039405107">
        <ele>2357.29</ele>
        <time>2022-12-21T06:53:43Z</time>
      </trkpt>
      <trkpt lat="-29.525190051645041" lon="28.244609255343676">
        <ele>2358.73</ele>
        <time>2022-12-21T06:53:44Z</time>
      </trkpt>
      <trkpt lat="-29.525069938972592" lon="28.244552845135331">
        <ele>2359.6900000000001</ele>
        <time>2022-12-21T06:53:45Z</time>
      </trkpt>
      <trkpt lat="-29.524948904290795" lon="28.244509091600776">
        <ele>2360.6500000000001</ele>
        <time>2022-12-21T06:53:46Z</time>
      </trkpt>
      <trkpt lat="-29.524723682552576" lon="28.244427032768726">
        <ele>2363.0599999999999</ele>
        <time>2022-12-21T06:53:48Z</time>
      </trkpt>
      <trkpt lat="-29.52462175861001" lon="28.244368946179748">
        <ele>2364.5</ele>
        <time>2022-12-21T06:53:49Z</time>
      </trkpt>
      <trkpt lat="-29.524547997862101" lon="28.244305578991771">
        <ele>2365.46</ele>
        <time>2022-12-21T06:53:50Z</time>
      </trkpt>
      <trkpt lat="-29.52449225820601" lon="28.244236595928669">
        <ele>2366.4200000000001</ele>
        <time>2022-12-21T06:53:51Z</time>
      </trkpt>
      <trkpt lat="-29.524448001757264" lon="28.244152525439858">
        <ele>2367.3800000000001</ele>
        <time>2022-12-21T06:53:52Z</time>
      </trkpt>
      <trkpt lat="-29.52442285604775" lon="28.244058229029179">
        <ele>2368.3499999999999</ele>
        <time>2022-12-21T06:53:53Z</time>
      </trkpt>
      <trkpt lat="-29.524422604590654" lon="28.243955550715327">
        <ele>2369.3099999999999</ele>
        <time>2022-12-21T06:53:54Z</time>
      </trkpt>
      <trkpt lat="-29.524446576833725" lon="28.243846334517002">
        <ele>2370.27</ele>
        <time>2022-12-21T06:53:55Z</time>
      </trkpt>
      <trkpt lat="-29.524491671472788" lon="28.243728401139379">
        <ele>2371.23</ele>
        <time>2022-12-21T06:53:56Z</time>
      </trkpt>
      <trkpt lat="-29.524548081681132" lon="28.243600158020854">
        <ele>2372.1900000000001</ele>
        <time>2022-12-21T06:53:57Z</time>
      </trkpt>
      <trkpt lat="-29.525236571207643" lon="28.242023605853319">
        <ele>2383.25</ele>
        <time>2022-12-21T06:54:07Z</time>
      </trkpt>
      <trkpt lat="-29.525699503719807" lon="28.241194719448686">
        <ele>2388.0500000000002</ele>
        <time>2022-12-21T06:54:12Z</time>
      </trkpt>
      <trkpt lat="-29.525792626664042" lon="28.241073433309793">
        <ele>2389.0100000000002</ele>
        <time>2022-12-21T06:54:13Z</time>
      </trkpt>
      <trkpt lat="-29.525904189795256" lon="28.240975448861718">
        <ele>2389.9699999999998</ele>
        <time>2022-12-21T06:54:14Z</time>
      </trkpt>
      <trkpt lat="-29.526036204770207" lon="28.240897245705128">
        <ele>2390.46</ele>
        <time>2022-12-21T06:54:15Z</time>
      </trkpt>
      <trkpt lat="-29.526184229180217" lon="28.240838656201959">
        <ele>2391.9000000000001</ele>
        <time>2022-12-21T06:54:16Z</time>
      </trkpt>
      <trkpt lat="-29.526341389864683" lon="28.240787023678422">
        <ele>2392.8600000000001</ele>
        <time>2022-12-21T06:54:17Z</time>
      </trkpt>
      <trkpt lat="-29.526490839198232" lon="28.240722315385938">
        <ele>2393.8200000000002</ele>
        <time>2022-12-21T06:54:18Z</time>
      </trkpt>
      <trkpt lat="-29.526631319895387" lon="28.240630030632019">
        <ele>2394.3000000000002</ele>
        <time>2022-12-21T06:54:19Z</time>
      </trkpt>
      <trkpt lat="-29.526760401204228" lon="28.240507654845715">
        <ele>2395.2600000000002</ele>
        <time>2022-12-21T06:54:20Z</time>
      </trkpt>
      <trkpt lat="-29.526875233277678" lon="28.240363318473101">
        <ele>2396.2199999999998</ele>
        <time>2022-12-21T06:54:21Z</time>
      </trkpt>
      <trkpt lat="-29.526973972097039" lon="28.240209594368935">
        <ele>2397.1799999999998</ele>
        <time>2022-12-21T06:54:22Z</time>
      </trkpt>
      <trkpt lat="-29.52706390991807" lon="28.240070873871446">
        <ele>2398.6300000000001</ele>
        <time>2022-12-21T06:54:23Z</time>
      </trkpt>
      <trkpt lat="-29.527163654565811" lon="28.239961909130216">
        <ele>2399.5900000000001</ele>
        <time>2022-12-21T06:54:24Z</time>
      </trkpt>
      <trkpt lat="-29.527279660105705" lon="28.239885633811355">
        <ele>2400.5500000000002</ele>
        <time>2022-12-21T06:54:25Z</time>
      </trkpt>
      <trkpt lat="-29.527413351461291" lon="28.239839784801006">
        <ele>2401.5100000000002</ele>
        <time>2022-12-21T06:54:26Z</time>
      </trkpt>
      <trkpt lat="-29.52756087295711" lon="28.239819500595331">
        <ele>2402.4699999999998</ele>
        <time>2022-12-21T06:54:27Z</time>
      </trkpt>
      <trkpt lat="-29.527720045298338" lon="28.239818243309855">
        <ele>2403.4299999999998</ele>
        <time>2022-12-21T06:54:28Z</time>
      </trkpt>
      <trkpt lat="-29.527885001152754" lon="28.239830480888486">
        <ele>2404.3899999999999</ele>
        <time>2022-12-21T06:54:29Z</time>
      </trkpt>
      <trkpt lat="-29.528045766055584" lon="28.239846909418702">
        <ele>2405.3600000000001</ele>
        <time>2022-12-21T06:54:30Z</time>
      </trkpt>
      <trkpt lat="-29.528195299208164" lon="28.239852609112859">
        <ele>2406.3200000000002</ele>
        <time>2022-12-21T06:54:31Z</time>
      </trkpt>
      <trkpt lat="-29.528335360810161" lon="28.239837689325213">
        <ele>2407.2800000000002</ele>
        <time>2022-12-21T06:54:32Z</time>
      </trkpt>
      <trkpt lat="-29.528467459604144" lon="28.239796534180641">
        <ele>2407.7600000000002</ele>
        <time>2022-12-21T06:54:33Z</time>
      </trkpt>
      <trkpt lat="-29.528592266142368" lon="28.239719588309526">
        <ele>2408.7199999999998</ele>
        <time>2022-12-21T06:54:34Z</time>
      </trkpt>
      <trkpt lat="-29.528702571988106" lon="28.239611964672804">
        <ele>2409.6799999999998</ele>
        <time>2022-12-21T06:54:35Z</time>
      </trkpt>
      <trkpt lat="-29.528794018551707" lon="28.239476261660457">
        <ele>2410.6399999999999</ele>
        <time>2022-12-21T06:54:36Z</time>
      </trkpt>
      <trkpt lat="-29.528869707137346" lon="28.239317340776324">
        <ele>2411.5999999999999</ele>
        <time>2022-12-21T06:54:37Z</time>
      </trkpt>
      <trkpt lat="-29.528939193114638" lon="28.23915540240705">
        <ele>2412.0900000000001</ele>
        <time>2022-12-21T06:54:38Z</time>
      </trkpt>
      <trkpt lat="-29.529018653556705" lon="28.239011066034436">
        <ele>2413.0500000000002</ele>
        <time>2022-12-21T06:54:39Z</time>
      </trkpt>
      <trkpt lat="-29.529106914997101" lon="28.238897826522589">
        <ele>2414.0100000000002</ele>
        <time>2022-12-21T06:54:40Z</time>
      </trkpt>
      <trkpt lat="-29.529202803969383" lon="28.238807637244463">
        <ele>2414.4899999999998</ele>
        <time>2022-12-21T06:54:41Z</time>
      </trkpt>
      <trkpt lat="-29.529308751225471" lon="28.238732367753983">
        <ele>2415.4499999999998</ele>
        <time>2022-12-21T06:54:42Z</time>
      </trkpt>
      <trkpt lat="-29.52942349947989" lon="28.238667324185371">
        <ele>2416.4099999999999</ele>
        <time>2022-12-21T06:54:43Z</time>
      </trkpt>
      <trkpt lat="-29.529546378180385" lon="28.238606723025441">
        <ele>2417.3699999999999</ele>
        <time>2022-12-21T06:54:44Z</time>
      </trkpt>
      <trkpt lat="-29.530608700588346" lon="28.238029880449176">
        <ele>2423.6199999999999</ele>
        <time>2022-12-21T06:54:51Z</time>
      </trkpt>
      <trkpt lat="-29.532077545300126" lon="28.236873848363757">
        <ele>2430.3499999999999</ele>
        <time>2022-12-21T06:54:59Z</time>
      </trkpt>
      <trkpt lat="-29.534566467627883" lon="28.234841236844659">
        <ele>2453.4200000000001</ele>
        <time>2022-12-21T06:55:12Z</time>
      </trkpt>
      <trkpt lat="-29.53470116481185" lon="28.234699917957187">
        <ele>2455.3400000000001</ele>
        <time>2022-12-21T06:55:13Z</time>
      </trkpt>
      <trkpt lat="-29.534821445122361" lon="28.234539236873388">
        <ele>2457.27</ele>
        <time>2022-12-21T06:55:14Z</time>
      </trkpt>
      <trkpt lat="-29.534924458712339" lon="28.234360618516803">
        <ele>2458.71</ele>
        <time>2022-12-21T06:55:15Z</time>
      </trkpt>
      <trkpt lat="-29.535229559987783" lon="28.233800288289785">
        <ele>2463.52</ele>
        <time>2022-12-21T06:55:18Z</time>
      </trkpt>
      <trkpt lat="-29.535359144210815" lon="28.23362996801734">
        <ele>2464.96</ele>
        <time>2022-12-21T06:55:19Z</time>
      </trkpt>
      <trkpt lat="-29.535504402592778" lon="28.233476579189301">
        <ele>2466.4000000000001</ele>
        <time>2022-12-21T06:55:20Z</time>
      </trkpt>
      <trkpt lat="-29.535663323476911" lon="28.233339115977287">
        <ele>2468.3200000000002</ele>
        <time>2022-12-21T06:55:21Z</time>
      </trkpt>
      <trkpt lat="-29.535831967368722" lon="28.233215063810349">
        <ele>2470.2399999999998</ele>
        <time>2022-12-21T06:55:22Z</time>
      </trkpt>
      <trkpt lat="-29.53600287437439" lon="28.23309930972755">
        <ele>2472.1700000000001</ele>
        <time>2022-12-21T06:55:23Z</time>
      </trkpt>
      <trkpt lat="-29.536302359774709" lon="28.23287115432322">
        <ele>2476.0100000000002</ele>
        <time>2022-12-21T06:55:25Z</time>
      </trkpt>
      <trkpt lat="-29.536427333950996" lon="28.232738049700856">
        <ele>2477.4499999999998</ele>
        <time>2022-12-21T06:55:26Z</time>
      </trkpt>
      <trkpt lat="-29.536541160196066" lon="28.232583990320563">
        <ele>2478.9000000000001</ele>
        <time>2022-12-21T06:55:27Z</time>
      </trkpt>
      <trkpt lat="-29.5370505284518" lon="28.231659131124616">
        <ele>2486.1100000000001</ele>
        <time>2022-12-21T06:55:32Z</time>
      </trkpt>
      <trkpt lat="-29.537115152925253" lon="28.231440279632807">
        <ele>2488.0300000000002</ele>
        <time>2022-12-21T06:55:33Z</time>
      </trkpt>
      <trkpt lat="-29.537161840125918" lon="28.231209106743336">
        <ele>2489.4699999999998</ele>
        <time>2022-12-21T06:55:34Z</time>
      </trkpt>
      <trkpt lat="-29.537194278091192" lon="28.230968881398439">
        <ele>2490.9099999999999</ele>
        <time>2022-12-21T06:55:35Z</time>
      </trkpt>
      <trkpt lat="-29.537217915058136" lon="28.230721615254879">
        <ele>2492.8400000000001</ele>
        <time>2022-12-21T06:55:36Z</time>
      </trkpt>
      <trkpt lat="-29.53725965693593" lon="28.229145733639598">
        <ele>2504.8499999999999</ele>
        <time>2022-12-21T06:55:43Z</time>
      </trkpt>
      <trkpt lat="-29.537295531481504" lon="28.228978011757135">
        <ele>2506.29</ele>
        <time>2022-12-21T06:55:44Z</time>
      </trkpt>
      <trkpt lat="-29.537348253652453" lon="28.22882822714746">
        <ele>2508.2199999999998</ele>
        <time>2022-12-21T06:55:45Z</time>
      </trkpt>
      <trkpt lat="-29.537411537021399" lon="28.228700319305062">
        <ele>2510.1399999999999</ele>
        <time>2022-12-21T06:55:46Z</time>
      </trkpt>
      <trkpt lat="-29.537482364103198" lon="28.228596802800894">
        <ele>2511.5799999999999</ele>
        <time>2022-12-21T06:55:47Z</time>
      </trkpt>
      <trkpt lat="-29.537561405450106" lon="28.228519521653652">
        <ele>2513.02</ele>
        <time>2022-12-21T06:55:48Z</time>
      </trkpt>
      <trkpt lat="-29.537658803164959" lon="28.228468559682369">
        <ele>2514.4699999999998</ele>
        <time>2022-12-21T06:55:49Z</time>
      </trkpt>
      <trkpt lat="-29.537753099575639" lon="28.228458585217595">
        <ele>2515.4299999999998</ele>
        <time>2022-12-21T06:55:50Z</time>
      </trkpt>
      <trkpt lat="-29.537855358794332" lon="28.228486161679029">
        <ele>2516.3899999999999</ele>
        <time>2022-12-21T06:55:51Z</time>
      </trkpt>
      <trkpt lat="-29.537951247766614" lon="28.228554306551814">
        <ele>2516.8699999999999</ele>
        <time>2022-12-21T06:55:52Z</time>
      </trkpt>
      <trkpt lat="-29.538033306598663" lon="28.228659499436617">
        <ele>2517.8299999999999</ele>
        <time>2022-12-21T06:55:53Z</time>
      </trkpt>
      <trkpt lat="-29.538106312975287" lon="28.228787072002888">
        <ele>2518.3099999999999</ele>
        <time>2022-12-21T06:55:54Z</time>
      </trkpt>
      <trkpt lat="-29.538189545273781" lon="28.228918248787522">
        <ele>2519.27</ele>
        <time>2022-12-21T06:55:55Z</time>
      </trkpt>
      <trkpt lat="-29.538292810320854" lon="28.229037607088685">
        <ele>2519.75</ele>
        <time>2022-12-21T06:55:56Z</time>
      </trkpt>
      <trkpt lat="-29.538417616859078" lon="28.229143638163805">
        <ele>2520.71</ele>
        <time>2022-12-21T06:55:57Z</time>
      </trkpt>
      <trkpt lat="-29.539119936525822" lon="28.22960464283824">
        <ele>2525.52</ele>
        <time>2022-12-21T06:56:02Z</time>
      </trkpt>
      <trkpt lat="-29.539281874895096" lon="28.229665076360106">
        <ele>2526.48</ele>
        <time>2022-12-21T06:56:03Z</time>
      </trkpt>
      <trkpt lat="-29.539452446624637" lon="28.229700699448586">
        <ele>2527.9200000000001</ele>
        <time>2022-12-21T06:56:04Z</time>
      </trkpt>
      <trkpt lat="-29.539618156850338" lon="28.229711093008518">
        <ele>2528.8899999999999</ele>
        <time>2022-12-21T06:56:05Z</time>
      </trkpt>
      <trkpt lat="-29.539776491001248" lon="28.229691814631224">
        <ele>2529.8499999999999</ele>
        <time>2022-12-21T06:56:06Z</time>
      </trkpt>
      <trkpt lat="-29.539934741333127" lon="28.229641942307353">
        <ele>2531.29</ele>
        <time>2022-12-21T06:56:07Z</time>
      </trkpt>
      <trkpt lat="-29.540095254778862" lon="28.229569857940078">
        <ele>2532.73</ele>
        <time>2022-12-21T06:56:08Z</time>
      </trkpt>
      <trkpt lat="-29.540258031338453" lon="28.229490900412202">
        <ele>2533.6900000000001</ele>
        <time>2022-12-21T06:56:09Z</time>
      </trkpt>
      <trkpt lat="-29.540741080418229" lon="28.229192839935422">
        <ele>2537.54</ele>
        <time>2022-12-21T06:56:12Z</time>
      </trkpt>
      <trkpt lat="-29.540888015180826" lon="28.229056466370821">
        <ele>2538.98</ele>
        <time>2022-12-21T06:56:13Z</time>
      </trkpt>
      <trkpt lat="-29.541421858593822" lon="28.22839873842895">
        <ele>2543.79</ele>
        <time>2022-12-21T06:56:18Z</time>
      </trkpt>
      <trkpt lat="-29.541492518037558" lon="28.228246439248323">
        <ele>2544.75</ele>
        <time>2022-12-21T06:56:19Z</time>
      </trkpt>
      <trkpt lat="-29.541548592969775" lon="28.228081064298749">
        <ele>2545.23</ele>
        <time>2022-12-21T06:56:20Z</time>
      </trkpt>
      <trkpt lat="-29.541591675952077" lon="28.227907307446003">
        <ele>2546.1900000000001</ele>
        <time>2022-12-21T06:56:21Z</time>
      </trkpt>
      <trkpt lat="-29.541622688993812" lon="28.227731958031654">
        <ele>2546.6700000000001</ele>
        <time>2022-12-21T06:56:22Z</time>
      </trkpt>
      <trkpt lat="-29.541955702006817" lon="28.225805377587676">
        <ele>2540.9000000000001</ele>
        <time>2022-12-21T06:56:32Z</time>
      </trkpt>
      <trkpt lat="-29.542074557393789" lon="28.224074766039848">
        <ele>2526.48</ele>
        <time>2022-12-21T06:56:40Z</time>
      </trkpt>
      <trkpt lat="-29.542205315083265" lon="28.222981514409184">
        <ele>2515.4299999999998</ele>
        <time>2022-12-21T06:56:46Z</time>
      </trkpt>
      <trkpt lat="-29.542182432487607" lon="28.222837513312697">
        <ele>2513.98</ele>
        <time>2022-12-21T06:56:47Z</time>
      </trkpt>
      <trkpt lat="-29.542146306484938" lon="28.222715556621552">
        <ele>2512.0599999999999</ele>
        <time>2022-12-21T06:56:48Z</time>
      </trkpt>
      <trkpt lat="-29.542093249037862" lon="28.222613967955112">
        <ele>2510.6199999999999</ele>
        <time>2022-12-21T06:56:49Z</time>
      </trkpt>
      <trkpt lat="-29.542020577937365" lon="28.222530400380492">
        <ele>2509.6599999999999</ele>
        <time>2022-12-21T06:56:50Z</time>
      </trkpt>
      <trkpt lat="-29.541930807754397" lon="28.222461165860295">
        <ele>2508.2199999999998</ele>
        <time>2022-12-21T06:56:51Z</time>
      </trkpt>
      <trkpt lat="-29.541829470545053" lon="28.222405174747109">
        <ele>2506.77</ele>
        <time>2022-12-21T06:56:52Z</time>
      </trkpt>
      <trkpt lat="-29.541723439469934" lon="28.2223607506603">
        <ele>2505.3299999999999</ele>
        <time>2022-12-21T06:56:53Z</time>
      </trkpt>
      <trkpt lat="-29.541460666805506" lon="28.222219934687018">
        <ele>2501.0100000000002</ele>
        <time>2022-12-21T06:56:56Z</time>
      </trkpt>
      <trkpt lat="-29.541404005140066" lon="28.22215992026031">
        <ele>2500.0500000000002</ele>
        <time>2022-12-21T06:56:57Z</time>
      </trkpt>
      <trkpt lat="-29.541369806975126" lon="28.222087500616908">
        <ele>2498.5999999999999</ele>
        <time>2022-12-21T06:56:58Z</time>
      </trkpt>
      <trkpt lat="-29.54136704094708" lon="28.2220050226897">
        <ele>2497.6399999999999</ele>
        <time>2022-12-21T06:56:59Z</time>
      </trkpt>
      <trkpt lat="-29.54139830544591" lon="28.221913492307067">
        <ele>2496.1999999999998</ele>
        <time>2022-12-21T06:57:00Z</time>
      </trkpt>
      <trkpt lat="-29.541461253538728" lon="28.221815256401896">
        <ele>2495.2399999999998</ele>
        <time>2022-12-21T06:57:01Z</time>
      </trkpt>
      <trkpt lat="-29.541551442816854" lon="28.22171475738287">
        <ele>2494.2800000000002</ele>
        <time>2022-12-21T06:57:02Z</time>
      </trkpt>
      <trkpt lat="-29.541653282940388" lon="28.221606714650989">
        <ele>2492.8400000000001</ele>
        <time>2022-12-21T06:57:03Z</time>
      </trkpt>
      <trkpt lat="-29.541925359517336" lon="28.221229193732142">
        <ele>2488.9899999999998</ele>
        <time>2022-12-21T06:57:06Z</time>
      </trkpt>
      <trkpt lat="-29.541988139972091" lon="28.221076726913452">
        <ele>2488.0300000000002</ele>
        <time>2022-12-21T06:57:07Z</time>
      </trkpt>
      <trkpt lat="-29.542027032002807" lon="28.220915962010622">
        <ele>2486.5900000000001</ele>
        <time>2022-12-21T06:57:08Z</time>
      </trkpt>
      <trkpt lat="-29.542048238217831" lon="28.220746228471398">
        <ele>2485.1500000000001</ele>
        <time>2022-12-21T06:57:09Z</time>
      </trkpt>
      <trkpt lat="-29.542053267359734" lon="28.220572974532843">
        <ele>2483.6999999999998</ele>
        <time>2022-12-21T06:57:10Z</time>
      </trkpt>
      <trkpt lat="-29.542053267359734" lon="28.220399804413319">
        <ele>2481.7800000000002</ele>
        <time>2022-12-21T06:57:11Z</time>
      </trkpt>
      <trkpt lat="-29.542075479403138" lon="28.220087829977274">
        <ele>2478.9000000000001</ele>
        <time>2022-12-21T06:57:13Z</time>
      </trkpt>
      <trkpt lat="-29.542114706709981" lon="28.219959419220686">
        <ele>2477.9400000000001</ele>
        <time>2022-12-21T06:57:14Z</time>
      </trkpt>
      <trkpt lat="-29.542183605954051" lon="28.219845173880458">
        <ele>2476.4899999999998</ele>
        <time>2022-12-21T06:57:15Z</time>
      </trkpt>
      <trkpt lat="-29.542283937335014" lon="28.219742914661765">
        <ele>2475.5300000000002</ele>
        <time>2022-12-21T06:57:16Z</time>
      </trkpt>
      <trkpt lat="-29.542402205988765" lon="28.219643337652087">
        <ele>2474.0900000000001</ele>
        <time>2022-12-21T06:57:17Z</time>
      </trkpt>
      <trkpt lat="-29.542633043602109" lon="28.219417361542583">
        <ele>2471.21</ele>
        <time>2022-12-21T06:57:19Z</time>
      </trkpt>
      <trkpt lat="-29.542739996686578" lon="28.219275204464793">
        <ele>2469.7600000000002</ele>
        <time>2022-12-21T06:57:20Z</time>
      </trkpt>
      <trkpt lat="-29.542835801839828" lon="28.219115864485502">
        <ele>2467.8400000000001</ele>
        <time>2022-12-21T06:57:21Z</time>
      </trkpt>
      <trkpt lat="-29.542912328615785" lon="28.218942945823073">
        <ele>2466.4000000000001</ele>
        <time>2022-12-21T06:57:22Z</time>
      </trkpt>
      <trkpt lat="-29.542957507073879" lon="28.218766674399376">
        <ele>2464.96</ele>
        <time>2022-12-21T06:57:23Z</time>
      </trkpt>
      <trkpt lat="-29.54297267831862" lon="28.2185841165483">
        <ele>2463.52</ele>
        <time>2022-12-21T06:57:24Z</time>
      </trkpt>
      <trkpt lat="-29.542962200939655" lon="28.218396864831448">
        <ele>2461.5900000000001</ele>
        <time>2022-12-21T06:57:25Z</time>
      </trkpt>
      <trkpt lat="-29.542937893420458" lon="28.21820349432528">
        <ele>2460.6300000000001</ele>
        <time>2022-12-21T06:57:26Z</time>
      </trkpt>
      <trkpt lat="-29.542726082727313" lon="28.216827688738704">
        <ele>2451.02</ele>
        <time>2022-12-21T06:57:34Z</time>
      </trkpt>
      <trkpt lat="-29.542750390246511" lon="28.216689387336373">
        <ele>2450.0599999999999</ele>
        <time>2022-12-21T06:57:35Z</time>
      </trkpt>
      <trkpt lat="-29.542808644473553" lon="28.216562485322356">
        <ele>2449.0999999999999</ele>
        <time>2022-12-21T06:57:36Z</time>
      </trkpt>
      <trkpt lat="-29.542892295867205" lon="28.216440612450242">
        <ele>2448.1300000000001</ele>
        <time>2022-12-21T06:57:37Z</time>
      </trkpt>
      <trkpt lat="-29.542986173182726" lon="28.216311698779464">
        <ele>2446.6900000000001</ele>
        <time>2022-12-21T06:57:38Z</time>
      </trkpt>
      <trkpt lat="-29.543071668595076" lon="28.21616979315877">
        <ele>2445.73</ele>
        <time>2022-12-21T06:57:39Z</time>
      </trkpt>
      <trkpt lat="-29.543140064924955" lon="28.216016236692667">
        <ele>2444.77</ele>
        <time>2022-12-21T06:57:40Z</time>
      </trkpt>
      <trkpt lat="-29.543186416849494" lon="28.215854465961456">
        <ele>2443.3299999999999</ele>
        <time>2022-12-21T06:57:41Z</time>
      </trkpt>
      <trkpt lat="-29.543204521760345" lon="28.215701496228576">
        <ele>2442.3699999999999</ele>
        <time>2022-12-21T06:57:42Z</time>
      </trkpt>
      <trkpt lat="-29.54320284537971" lon="28.215558165684342">
        <ele>2440.9200000000001</ele>
        <time>2022-12-21T06:57:43Z</time>
      </trkpt>
      <trkpt lat="-29.543194295838475" lon="28.215425899252295">
        <ele>2439.96</ele>
        <time>2022-12-21T06:57:44Z</time>
      </trkpt>
      <trkpt lat="-29.5431999117136" lon="28.215302266180515">
        <ele>2439</ele>
        <time>2022-12-21T06:57:45Z</time>
      </trkpt>
      <trkpt lat="-29.543235786259174" lon="28.215182824060321">
        <ele>2437.5599999999999</ele>
        <time>2022-12-21T06:57:46Z</time>
      </trkpt>
      <trkpt lat="-29.543302757665515" lon="28.215081570670009">
        <ele>2436.5999999999999</ele>
        <time>2022-12-21T06:57:47Z</time>
      </trkpt>
      <trkpt lat="-29.543395461514592" lon="28.214998422190547">
        <ele>2436.1199999999999</ele>
        <time>2022-12-21T06:57:48Z</time>
      </trkpt>
      <trkpt lat="-29.54351264052093" lon="28.21491695009172">
        <ele>2435.1599999999999</ele>
        <time>2022-12-21T06:57:49Z</time>
      </trkpt>
      <trkpt lat="-29.543633423745632" lon="28.21482558734715">
        <ele>2434.1999999999998</ele>
        <time>2022-12-21T06:57:50Z</time>
      </trkpt>
      <trkpt lat="-29.543749848380685" lon="28.214704217389226">
        <ele>2433.23</ele>
        <time>2022-12-21T06:57:51Z</time>
      </trkpt>
      <trkpt lat="-29.543855711817741" lon="28.21455392986536">
        <ele>2432.27</ele>
        <time>2022-12-21T06:57:52Z</time>
      </trkpt>
      <trkpt lat="-29.54394749365747" lon="28.214381765574217">
        <ele>2430.8299999999999</ele>
        <time>2022-12-21T06:57:53Z</time>
      </trkpt>
      <trkpt lat="-29.54402226023376" lon="28.214196525514126">
        <ele>2429.8699999999999</ele>
        <time>2022-12-21T06:57:54Z</time>
      </trkpt>
      <trkpt lat="-29.544079005718231" lon="28.214002568274736">
        <ele>2428.9099999999999</ele>
        <time>2022-12-21T06:57:55Z</time>
      </trkpt>
      <trkpt lat="-29.544124267995358" lon="28.213811879977584">
        <ele>2427.4699999999998</ele>
        <time>2022-12-21T06:57:56Z</time>
      </trkpt>
      <trkpt lat="-29.544244548305869" lon="28.213451709598303">
        <ele>2424.5799999999999</ele>
        <time>2022-12-21T06:57:58Z</time>
      </trkpt>
      <trkpt lat="-29.544336162507534" lon="28.213299410417676">
        <ele>2423.1399999999999</ele>
        <time>2022-12-21T06:57:59Z</time>
      </trkpt>
      <trkpt lat="-29.544445630162954" lon="28.213168904185295">
        <ele>2421.6999999999998</ele>
        <time>2022-12-21T06:58:00Z</time>
      </trkpt>
      <trkpt lat="-29.544910741969943" lon="28.212725333869457">
        <ele>2416.8899999999999</ele>
        <time>2022-12-21T06:58:04Z</time>
      </trkpt>
      <trkpt lat="-29.545012749731541" lon="28.212590049952269">
        <ele>2415.4499999999998</ele>
        <time>2022-12-21T06:58:05Z</time>
      </trkpt>
      <trkpt lat="-29.545092796906829" lon="28.212451748549938">
        <ele>2414.4899999999998</ele>
        <time>2022-12-21T06:58:06Z</time>
      </trkpt>
      <trkpt lat="-29.545162199065089" lon="28.212295174598694">
        <ele>2413.0500000000002</ele>
        <time>2022-12-21T06:58:07Z</time>
      </trkpt>
      <trkpt lat="-29.545215256512165" lon="28.212129548192024">
        <ele>2411.5999999999999</ele>
        <time>2022-12-21T06:58:08Z</time>
      </trkpt>
      <trkpt lat="-29.54524920322001" lon="28.211957970634103">
        <ele>2410.1599999999999</ele>
        <time>2022-12-21T06:58:09Z</time>
      </trkpt>
      <trkpt lat="-29.545261105522513" lon="28.211783962324262">
        <ele>2408.2399999999998</ele>
        <time>2022-12-21T06:58:10Z</time>
      </trkpt>
      <trkpt lat="-29.545256663113832" lon="28.211612971499562">
        <ele>2406.3200000000002</ele>
        <time>2022-12-21T06:58:11Z</time>
      </trkpt>
      <trkpt lat="-29.545243168249726" lon="28.211441813036799">
        <ele>2404.8800000000001</ele>
        <time>2022-12-21T06:58:12Z</time>
      </trkpt>
      <trkpt lat="-29.545361772179604" lon="28.209955282509327">
        <ele>2389.4899999999998</ele>
        <time>2022-12-21T06:58:21Z</time>
      </trkpt>
      <trkpt lat="-29.545943140983582" lon="28.208716940134764">
        <ele>2377.48</ele>
        <time>2022-12-21T06:58:29Z</time>
      </trkpt>
      <trkpt lat="-29.546324098482728" lon="28.207958964630961">
        <ele>2369.79</ele>
        <time>2022-12-21T06:58:34Z</time>
      </trkpt>
      <trkpt lat="-29.546412695199251" lon="28.207826530560851">
        <ele>2368.3499999999999</ele>
        <time>2022-12-21T06:58:35Z</time>
      </trkpt>
      <trkpt lat="-29.546518893912435" lon="28.207712536677718">
        <ele>2366.9000000000001</ele>
        <time>2022-12-21T06:58:36Z</time>
      </trkpt>
      <trkpt lat="-29.547078721225262" lon="28.20721766911447">
        <ele>2358.25</ele>
        <time>2022-12-21T06:58:41Z</time>
      </trkpt>
      <trkpt lat="-29.547156421467662" lon="28.207108872011304">
        <ele>2356.8099999999999</ele>
        <time>2022-12-21T06:58:42Z</time>
      </trkpt>
      <trkpt lat="-29.547212244942784" lon="28.206992615014315">
        <ele>2355.3699999999999</ele>
        <time>2022-12-21T06:58:43Z</time>
      </trkpt>
      <trkpt lat="-29.54724526964128" lon="28.206869149580598">
        <ele>2353.9299999999998</ele>
        <time>2022-12-21T06:58:44Z</time>
      </trkpt>
      <trkpt lat="-29.54725306481123" lon="28.206741409376264">
        <ele>2352.48</ele>
        <time>2022-12-21T06:58:45Z</time>
      </trkpt>
      <trkpt lat="-29.547235127538443" lon="28.20661467500031">
        <ele>2351.04</ele>
        <time>2022-12-21T06:58:46Z</time>
      </trkpt>
      <trkpt lat="-29.547196738421917" lon="28.206496154889464">
        <ele>2349.5999999999999</ele>
        <time>2022-12-21T06:58:47Z</time>
      </trkpt>
      <trkpt lat="-29.547154158353806" lon="28.206381658092141">
        <ele>2348.6399999999999</ele>
        <time>2022-12-21T06:58:48Z</time>
      </trkpt>
      <trkpt lat="-29.547127336263657" lon="28.206267664209008">
        <ele>2347.1999999999998</ele>
        <time>2022-12-21T06:58:49Z</time>
      </trkpt>
      <trkpt lat="-29.547122642397881" lon="28.206166243180633">
        <ele>2346.23</ele>
        <time>2022-12-21T06:58:50Z</time>
      </trkpt>
      <trkpt lat="-29.547138987109065" lon="28.206070186570287">
        <ele>2345.27</ele>
        <time>2022-12-21T06:58:51Z</time>
      </trkpt>
      <trkpt lat="-29.547179471701384" lon="28.205976560711861">
        <ele>2344.3099999999999</ele>
        <time>2022-12-21T06:58:52Z</time>
      </trkpt>
      <trkpt lat="-29.547240659594536" lon="28.205883353948593">
        <ele>2343.8299999999999</ele>
        <time>2022-12-21T06:58:53Z</time>
      </trkpt>
      <trkpt lat="-29.547312073409557" lon="28.205785285681486">
        <ele>2342.8699999999999</ele>
        <time>2022-12-21T06:58:54Z</time>
      </trkpt>
      <trkpt lat="-29.547378709539771" lon="28.205675398930907">
        <ele>2341.9099999999999</ele>
        <time>2022-12-21T06:58:55Z</time>
      </trkpt>
      <trkpt lat="-29.547430174425244" lon="28.205555286258459">
        <ele>2340.9499999999998</ele>
        <time>2022-12-21T06:58:56Z</time>
      </trkpt>
      <trkpt lat="-29.547465797513723" lon="28.205426456406713">
        <ele>2339.5100000000002</ele>
        <time>2022-12-21T06:58:57Z</time>
      </trkpt>
      <trkpt lat="-29.547492787241936" lon="28.205292597413063">
        <ele>2338.54</ele>
        <time>2022-12-21T06:58:58Z</time>
      </trkpt>
      <trkpt lat="-29.547528410330415" lon="28.205160079523921">
        <ele>2337.0999999999999</ele>
        <time>2022-12-21T06:58:59Z</time>
      </trkpt>
      <trkpt lat="-29.547586664557457" lon="28.205035608261824">
        <ele>2336.1399999999999</ele>
        <time>2022-12-21T06:59:00Z</time>
      </trkpt>
      <trkpt lat="-29.547667801380157" lon="28.204926140606403">
        <ele>2334.6999999999998</ele>
        <time>2022-12-21T06:59:01Z</time>
      </trkpt>
      <trkpt lat="-29.547762097790837" lon="28.204830503091216">
        <ele>2333.2600000000002</ele>
        <time>2022-12-21T06:59:02Z</time>
      </trkpt>
      <trkpt lat="-29.547853879630566" lon="28.204739727079868">
        <ele>2331.8099999999999</ele>
        <time>2022-12-21T06:59:03Z</time>
      </trkpt>
      <trkpt lat="-29.547930406406522" lon="28.204642664641142">
        <ele>2330.3699999999999</ele>
        <time>2022-12-21T06:59:04Z</time>
      </trkpt>
      <trkpt lat="-29.54798991791904" lon="28.204534705728292">
        <ele>2328.9299999999998</ele>
        <time>2022-12-21T06:59:05Z</time>
      </trkpt>
      <trkpt lat="-29.548031156882644" lon="28.204418448731303">
        <ele>2327.4899999999998</ele>
        <time>2022-12-21T06:59:06Z</time>
      </trkpt>
      <trkpt lat="-29.548049513250589" lon="28.204296575859189">
        <ele>2326.0500000000002</ele>
        <time>2022-12-21T06:59:07Z</time>
      </trkpt>
      <trkpt lat="-29.54804465174675" lon="28.204175792634487">
        <ele>2324.6100000000001</ele>
        <time>2022-12-21T06:59:08Z</time>
      </trkpt>
      <trkpt lat="-29.548017913475633" lon="28.204060541465878">
        <ele>2323.1599999999999</ele>
        <time>2022-12-21T06:59:09Z</time>
      </trkpt>
      <trkpt lat="-29.547973154112697" lon="28.203953253105283">
        <ele>2321.7199999999998</ele>
        <time>2022-12-21T06:59:10Z</time>
      </trkpt>
      <trkpt lat="-29.547917833551764" lon="28.203854011371732">
        <ele>2320.2800000000002</ele>
        <time>2022-12-21T06:59:11Z</time>
      </trkpt>
      <trkpt lat="-29.547865195199847" lon="28.203757787123322">
        <ele>2319.3200000000002</ele>
        <time>2022-12-21T06:59:12Z</time>
      </trkpt>
      <trkpt lat="-29.547825381159782" lon="28.203658713027835">
        <ele>2318.3600000000001</ele>
        <time>2022-12-21T06:59:13Z</time>
      </trkpt>
      <trkpt lat="-29.547808617353439" lon="28.203560477122664">
        <ele>2317.4000000000001</ele>
        <time>2022-12-21T06:59:14Z</time>
      </trkpt>
      <trkpt lat="-29.547820016741753" lon="28.203465007245541">
        <ele>2316.4299999999998</ele>
        <time>2022-12-21T06:59:15Z</time>
      </trkpt>
      <trkpt lat="-29.547859244048595" lon="28.203376578167081">
        <ele>2315.4699999999998</ele>
        <time>2022-12-21T06:59:16Z</time>
      </trkpt>
      <trkpt lat="-29.547925041988492" lon="28.203301727771759">
        <ele>2314.5100000000002</ele>
        <time>2022-12-21T06:59:17Z</time>
      </trkpt>
      <trkpt lat="-29.5480075199157" lon="28.20323090068996">
        <ele>2313.5500000000002</ele>
        <time>2022-12-21T06:59:18Z</time>
      </trkpt>
      <trkpt lat="-29.548096284270287" lon="28.203154290094972">
        <ele>2312.5900000000001</ele>
        <time>2022-12-21T06:59:19Z</time>
      </trkpt>
      <trkpt lat="-29.548179768025875" lon="28.203067369759083">
        <ele>2311.6300000000001</ele>
        <time>2022-12-21T06:59:20Z</time>
      </trkpt>
      <trkpt lat="-29.548253277316689" lon="28.202966367825866">
        <ele>2310.1900000000001</ele>
        <time>2022-12-21T06:59:21Z</time>
      </trkpt>
      <trkpt lat="-29.548313710838556" lon="28.202848685905337">
        <ele>2309.2199999999998</ele>
        <time>2022-12-21T06:59:22Z</time>
      </trkpt>
      <trkpt lat="-29.548355787992477" lon="28.202714743092656">
        <ele>2307.7800000000002</ele>
        <time>2022-12-21T06:59:23Z</time>
      </trkpt>
      <trkpt lat="-29.548380598425865" lon="28.202569987624884">
        <ele>2306.3400000000001</ele>
        <time>2022-12-21T06:59:24Z</time>
      </trkpt>
      <trkpt lat="-29.54839501529932" lon="28.202421125024557">
        <ele>2304.9000000000001</ele>
        <time>2022-12-21T06:59:25Z</time>
      </trkpt>
      <trkpt lat="-29.548402559012175" lon="28.201693994924426">
        <ele>2298.6500000000001</ele>
        <time>2022-12-21T06:59:30Z</time>
      </trkpt>
      <trkpt lat="-29.548425944522023" lon="28.201554855331779">
        <ele>2297.21</ele>
        <time>2022-12-21T06:59:31Z</time>
      </trkpt>
      <trkpt lat="-29.548484114930034" lon="28.201285544782877">
        <ele>2294.8000000000002</ele>
        <time>2022-12-21T06:59:33Z</time>
      </trkpt>
      <trkpt lat="-29.548496184870601" lon="28.201155625283718">
        <ele>2293.3600000000001</ele>
        <time>2022-12-21T06:59:34Z</time>
      </trkpt>
      <trkpt lat="-29.548485791310668" lon="28.20103065110743">
        <ele>2292.4000000000001</ele>
        <time>2022-12-21T06:59:35Z</time>
      </trkpt>
      <trkpt lat="-29.548453772440553" lon="28.200913723558187">
        <ele>2290.96</ele>
        <time>2022-12-21T06:59:36Z</time>
      </trkpt>
      <trkpt lat="-29.548402139917016" lon="28.200808363035321">
        <ele>2290</ele>
        <time>2022-12-21T06:59:37Z</time>
      </trkpt>
      <trkpt lat="-29.548333492130041" lon="28.200716329738498">
        <ele>2288.5599999999999</ele>
        <time>2022-12-21T06:59:38Z</time>
      </trkpt>
      <trkpt lat="-29.548252355307341" lon="28.200635695829988">
        <ele>2287.5900000000001</ele>
        <time>2022-12-21T06:59:39Z</time>
      </trkpt>
      <trkpt lat="-29.548164512962103" lon="28.200563779100776">
        <ele>2286.1500000000001</ele>
        <time>2022-12-21T06:59:40Z</time>
      </trkpt>
      <trkpt lat="-29.548079269006848" lon="28.200492868199944">
        <ele>2285.1900000000001</ele>
        <time>2022-12-21T06:59:41Z</time>
      </trkpt>
      <trkpt lat="-29.548005424439907" lon="28.200417431071401">
        <ele>2283.75</ele>
        <time>2022-12-21T06:59:42Z</time>
      </trkpt>
      <trkpt lat="-29.547952450811863" lon="28.200334282591939">
        <ele>2282.3099999999999</ele>
        <time>2022-12-21T06:59:43Z</time>
      </trkpt>
      <trkpt lat="-29.54792789183557" lon="28.200244009494781">
        <ele>2281.3499999999999</ele>
        <time>2022-12-21T06:59:44Z</time>
      </trkpt>
      <trkpt lat="-29.547931579872966" lon="28.200145605951548">
        <ele>2280.3800000000001</ele>
        <time>2022-12-21T06:59:45Z</time>
      </trkpt>
      <trkpt lat="-29.547962676733732" lon="28.200043430551887">
        <ele>2278.9400000000001</ele>
        <time>2022-12-21T06:59:46Z</time>
      </trkpt>
      <trkpt lat="-29.548016656190157" lon="28.199941171333194">
        <ele>2277.5</ele>
        <time>2022-12-21T06:59:47Z</time>
      </trkpt>
      <trkpt lat="-29.548084298148751" lon="28.199840672314167">
        <ele>2276.0599999999999</ele>
        <time>2022-12-21T06:59:48Z</time>
      </trkpt>
      <trkpt lat="-29.548156885430217" lon="28.199740760028362">
        <ele>2275.0999999999999</ele>
        <time>2022-12-21T06:59:49Z</time>
      </trkpt>
      <trkpt lat="-29.548289738595486" lon="28.199543869122863">
        <ele>2272.21</ele>
        <time>2022-12-21T06:59:51Z</time>
      </trkpt>
      <trkpt lat="-29.548327121883631" lon="28.199448902159929">
        <ele>2271.25</ele>
        <time>2022-12-21T06:59:52Z</time>
      </trkpt>
      <trkpt lat="-29.548344220966101" lon="28.199341865256429">
        <ele>2269.8099999999999</ele>
        <time>2022-12-21T06:59:53Z</time>
      </trkpt>
      <trkpt lat="-29.548343047499657" lon="28.199227368459105">
        <ele>2268.8499999999999</ele>
        <time>2022-12-21T06:59:54Z</time>
      </trkpt>
      <trkpt lat="-29.548327540978789" lon="28.19911228492856">
        <ele>2267.4099999999999</ele>
        <time>2022-12-21T06:59:55Z</time>
      </trkpt>
      <trkpt lat="-29.548301137983799" lon="28.199000051245093">
        <ele>2265.96</ele>
        <time>2022-12-21T06:59:56Z</time>
      </trkpt>
      <trkpt lat="-29.548260569572449" lon="28.198894271627069">
        <ele>2265</ele>
        <time>2022-12-21T06:59:57Z</time>
      </trkpt>
      <trkpt lat="-29.548203991726041" lon="28.198798215016723">
        <ele>2263.5599999999999</ele>
        <time>2022-12-21T06:59:58Z</time>
      </trkpt>
      <trkpt lat="-29.548134002834558" lon="28.198709450662136">
        <ele>2262.5999999999999</ele>
        <time>2022-12-21T06:59:59Z</time>
      </trkpt>
      <trkpt lat="-29.548054458573461" lon="28.198626469820738">
        <ele>2261.6399999999999</ele>
        <time>2022-12-21T07:00:00Z</time>
      </trkpt>
      <trkpt lat="-29.54797281883657" lon="28.198543656617403">
        <ele>2260.6799999999998</ele>
        <time>2022-12-21T07:00:01Z</time>
      </trkpt>
      <trkpt lat="-29.547835439443588" lon="28.198366044089198">
        <ele>2258.27</ele>
        <time>2022-12-21T07:00:03Z</time>
      </trkpt>
      <trkpt lat="-29.54779596067965" lon="28.198267221450806">
        <ele>2257.3099999999999</ele>
        <time>2022-12-21T07:00:04Z</time>
      </trkpt>
      <trkpt lat="-29.547781124711037" lon="28.198165046051145">
        <ele>2256.3499999999999</ele>
        <time>2022-12-21T07:00:05Z</time>
      </trkpt>
      <trkpt lat="-29.547791015356779" lon="28.198059601709247">
        <ele>2255.3899999999999</ele>
        <time>2022-12-21T07:00:06Z</time>
      </trkpt>
      <trkpt lat="-29.547824375331402" lon="28.197955163195729">
        <ele>2254.4299999999998</ele>
        <time>2022-12-21T07:00:07Z</time>
      </trkpt>
      <trkpt lat="-29.547877684235573" lon="28.197854328900576">
        <ele>2253.4699999999998</ele>
        <time>2022-12-21T07:00:08Z</time>
      </trkpt>
      <trkpt lat="-29.547937782481313" lon="28.197754835709929">
        <ele>2252.5100000000002</ele>
        <time>2022-12-21T07:00:09Z</time>
      </trkpt>
      <trkpt lat="-29.548040041700006" lon="28.197551071643829">
        <ele>2250.0999999999999</ele>
        <time>2022-12-21T07:00:11Z</time>
      </trkpt>
      <trkpt lat="-29.548074910417199" lon="28.197445292025805">
        <ele>2249.1399999999999</ele>
        <time>2022-12-21T07:00:12Z</time>
      </trkpt>
      <trkpt lat="-29.548093099147081" lon="28.197334818542004">
        <ele>2247.6999999999998</ele>
        <time>2022-12-21T07:00:13Z</time>
      </trkpt>
      <trkpt lat="-29.548091338947415" lon="28.197224847972393">
        <ele>2246.2600000000002</ele>
        <time>2022-12-21T07:00:14Z</time>
      </trkpt>
      <trkpt lat="-29.548066193237901" lon="28.197111776098609">
        <ele>2245.3000000000002</ele>
        <time>2022-12-21T07:00:15Z</time>
      </trkpt>
      <trkpt lat="-29.548020092770457" lon="28.196998201310635">
        <ele>2243.8499999999999</ele>
        <time>2022-12-21T07:00:16Z</time>
      </trkpt>
      <trkpt lat="-29.547963682562113" lon="28.196885883808136">
        <ele>2242.8899999999999</ele>
        <time>2022-12-21T07:00:17Z</time>
      </trkpt>
      <trkpt lat="-29.547910708934069" lon="28.196768034249544">
        <ele>2241.4499999999998</ele>
        <time>2022-12-21T07:00:18Z</time>
      </trkpt>
      <trkpt lat="-29.54787072725594" lon="28.196640210226178">
        <ele>2240.4899999999998</ele>
        <time>2022-12-21T07:00:19Z</time>
      </trkpt>
      <trkpt lat="-29.547853711992502" lon="28.196503752842546">
        <ele>2239.0500000000002</ele>
        <time>2022-12-21T07:00:20Z</time>
      </trkpt>
      <trkpt lat="-29.547859998419881" lon="28.196362098678946">
        <ele>2237.6100000000001</ele>
        <time>2022-12-21T07:00:21Z</time>
      </trkpt>
      <trkpt lat="-29.547886401414871" lon="28.196221115067601">
        <ele>2236.1599999999999</ele>
        <time>2022-12-21T07:00:22Z</time>
      </trkpt>
      <trkpt lat="-29.547921102494001" lon="28.196076611056924">
        <ele>2234.7199999999998</ele>
        <time>2022-12-21T07:00:23Z</time>
      </trkpt>
      <trkpt lat="-29.548264089971781" lon="28.194435350596905">
        <ele>2215.98</ele>
        <time>2022-12-21T07:00:34Z</time>
      </trkpt>
      <trkpt lat="-29.548307843506336" lon="28.194285482168198">
        <ele>2214.5300000000002</ele>
        <time>2022-12-21T07:00:35Z</time>
      </trkpt>
      <trkpt lat="-29.548370288684964" lon="28.194143073633313">
        <ele>2212.6100000000001</ele>
        <time>2022-12-21T07:00:36Z</time>
      </trkpt>
      <trkpt lat="-29.548554271459579" lon="28.193734958767891">
        <ele>2207.3200000000002</ele>
        <time>2022-12-21T07:00:39Z</time>
      </trkpt>
      <trkpt lat="-29.548590732738376" lon="28.193593891337514">
        <ele>2205.8800000000001</ele>
        <time>2022-12-21T07:00:40Z</time>
      </trkpt>
      <trkpt lat="-29.54860607162118" lon="28.193453410640359">
        <ele>2203.96</ele>
        <time>2022-12-21T07:00:41Z</time>
      </trkpt>
      <trkpt lat="-29.548599617555737" lon="28.193310583010316">
        <ele>2202.04</ele>
        <time>2022-12-21T07:00:42Z</time>
      </trkpt>
      <trkpt lat="-29.548574388027191" lon="28.193166665732861">
        <ele>2200.5900000000001</ele>
        <time>2022-12-21T07:00:43Z</time>
      </trkpt>
      <trkpt lat="-29.548540273681283" lon="28.193020736798644">
        <ele>2198.6700000000001</ele>
        <time>2022-12-21T07:00:44Z</time>
      </trkpt>
      <trkpt lat="-29.548353189602494" lon="28.192216912284493">
        <ele>2190.98</ele>
        <time>2022-12-21T07:00:50Z</time>
      </trkpt>
      <trkpt lat="-29.548354698345065" lon="28.192094536498189">
        <ele>2189.54</ele>
        <time>2022-12-21T07:00:51Z</time>
      </trkpt>
      <trkpt lat="-29.548380179330707" lon="28.191976770758629">
        <ele>2188.5799999999999</ele>
        <time>2022-12-21T07:00:52Z</time>
      </trkpt>
      <trkpt lat="-29.548430303111672" lon="28.191863279789686">
        <ele>2187.1399999999999</ele>
        <time>2022-12-21T07:00:53Z</time>
      </trkpt>
      <trkpt lat="-29.548498783260584" lon="28.191748196259141">
        <ele>2186.1799999999998</ele>
        <time>2022-12-21T07:00:54Z</time>
      </trkpt>
      <trkpt lat="-29.548566928133368" lon="28.191624814644456">
        <ele>2184.73</ele>
        <time>2022-12-21T07:00:55Z</time>
      </trkpt>
      <trkpt lat="-29.548620656132698" lon="28.191490788012743">
        <ele>2183.29</ele>
        <time>2022-12-21T07:00:56Z</time>
      </trkpt>
      <trkpt lat="-29.548659380525351" lon="28.191349972039461">
        <ele>2181.8499999999999</ele>
        <time>2022-12-21T07:00:57Z</time>
      </trkpt>
      <trkpt lat="-29.54869793727994" lon="28.191210329532623">
        <ele>2180.4099999999999</ele>
        <time>2022-12-21T07:00:58Z</time>
      </trkpt>
      <trkpt lat="-29.548753257840872" lon="28.19107479415834">
        <ele>2178.9699999999998</ele>
        <time>2022-12-21T07:00:59Z</time>
      </trkpt>
      <trkpt lat="-29.548826180398464" lon="28.19095317274332">
        <ele>2178</ele>
        <time>2022-12-21T07:01:00Z</time>
      </trkpt>
      <trkpt lat="-29.548908825963736" lon="28.190838256850839">
        <ele>2176.5599999999999</ele>
        <time>2022-12-21T07:01:01Z</time>
      </trkpt>
      <trkpt lat="-29.548985520377755" lon="28.190716551616788">
        <ele>2174.6399999999999</ele>
        <time>2022-12-21T07:01:02Z</time>
      </trkpt>
      <trkpt lat="-29.549041427671909" lon="28.190582860261202">
        <ele>2173.1999999999998</ele>
        <time>2022-12-21T07:01:03Z</time>
      </trkpt>
      <trkpt lat="-29.549072608351707" lon="28.190439362078905">
        <ele>2171.7600000000002</ele>
        <time>2022-12-21T07:01:04Z</time>
      </trkpt>
      <trkpt lat="-29.549085684120655" lon="28.190292343497276">
        <ele>2169.8299999999999</ele>
        <time>2022-12-21T07:01:05Z</time>
      </trkpt>
      <trkpt lat="-29.549102783203125" lon="28.190146246924996">
        <ele>2168.3899999999999</ele>
        <time>2022-12-21T07:01:06Z</time>
      </trkpt>
      <trkpt lat="-29.549142681062222" lon="28.190014651045203">
        <ele>2166.4699999999998</ele>
        <time>2022-12-21T07:01:07Z</time>
      </trkpt>
      <trkpt lat="-29.549210155382752" lon="28.189901662990451">
        <ele>2165.0300000000002</ele>
        <time>2022-12-21T07:01:08Z</time>
      </trkpt>
      <trkpt lat="-29.54930042847991" lon="28.189808875322342">
        <ele>2163.5799999999999</ele>
        <time>2022-12-21T07:01:09Z</time>
      </trkpt>
      <trkpt lat="-29.549398077651858" lon="28.189725391566753">
        <ele>2162.1399999999999</ele>
        <time>2022-12-21T07:01:10Z</time>
      </trkpt>
      <trkpt lat="-29.549488434568048" lon="28.189631933346391">
        <ele>2160.2199999999998</ele>
        <time>2022-12-21T07:01:11Z</time>
      </trkpt>
      <trkpt lat="-29.549564039334655" lon="28.189518442377448">
        <ele>2158.7800000000002</ele>
        <time>2022-12-21T07:01:12Z</time>
      </trkpt>
      <trkpt lat="-29.54961902461946" lon="28.18939053453505">
        <ele>2156.8600000000001</ele>
        <time>2022-12-21T07:01:13Z</time>
      </trkpt>
      <trkpt lat="-29.549659341573715" lon="28.18925273604691">
        <ele>2155.4099999999999</ele>
        <time>2022-12-21T07:01:14Z</time>
      </trkpt>
      <trkpt lat="-29.549701167270541" lon="28.189113093540072">
        <ele>2153.9699999999998</ele>
        <time>2022-12-21T07:01:15Z</time>
      </trkpt>
      <trkpt lat="-29.549757409840822" lon="28.188980659469962">
        <ele>2152.0500000000002</ele>
        <time>2022-12-21T07:01:16Z</time>
      </trkpt>
      <trkpt lat="-29.549828907474875" lon="28.188860127702355">
        <ele>2150.6100000000001</ele>
        <time>2022-12-21T07:01:17Z</time>
      </trkpt>
      <trkpt lat="-29.549907445907593" lon="28.188746552914381">
        <ele>2149.1599999999999</ele>
        <time>2022-12-21T07:01:18Z</time>
      </trkpt>
      <trkpt lat="-29.549980536103249" lon="28.188629122450948">
        <ele>2147.2399999999998</ele>
        <time>2022-12-21T07:01:19Z</time>
      </trkpt>
      <trkpt lat="-29.550037700682878" lon="28.188502388074994">
        <ele>2145.8000000000002</ele>
        <time>2022-12-21T07:01:20Z</time>
      </trkpt>
      <trkpt lat="-29.550078269094229" lon="28.18836634978652">
        <ele>2144.3600000000001</ele>
        <time>2022-12-21T07:01:21Z</time>
      </trkpt>
      <trkpt lat="-29.550103414803743" lon="28.188230227679014">
        <ele>2142.4400000000001</ele>
        <time>2022-12-21T07:01:22Z</time>
      </trkpt>
      <trkpt lat="-29.550117244943976" lon="28.188090501353145">
        <ele>2140.9899999999998</ele>
        <time>2022-12-21T07:01:23Z</time>
      </trkpt>
      <trkpt lat="-29.550131075084209" lon="28.187948511913419">
        <ele>2139.0700000000002</ele>
        <time>2022-12-21T07:01:24Z</time>
      </trkpt>
      <trkpt lat="-29.550157394260168" lon="28.187809372320771">
        <ele>2137.6300000000001</ele>
        <time>2022-12-21T07:01:25Z</time>
      </trkpt>
      <trkpt lat="-29.550201734527946" lon="28.187676435336471">
        <ele>2136.1900000000001</ele>
        <time>2022-12-21T07:01:26Z</time>
      </trkpt>
      <trkpt lat="-29.550264179706573" lon="28.187551544979215">
        <ele>2134.7399999999998</ele>
        <time>2022-12-21T07:01:27Z</time>
      </trkpt>
      <trkpt lat="-29.550337018445134" lon="28.187433443963528">
        <ele>2133.3000000000002</ele>
        <time>2022-12-21T07:01:28Z</time>
      </trkpt>
      <trkpt lat="-29.550403235480189" lon="28.187317019328475">
        <ele>2131.3800000000001</ele>
        <time>2022-12-21T07:01:29Z</time>
      </trkpt>
      <trkpt lat="-29.55045260488987" lon="28.187193218618631">
        <ele>2129.46</ele>
        <time>2022-12-21T07:01:30Z</time>
      </trkpt>
      <trkpt lat="-29.550478169694543" lon="28.187059527263045">
        <ele>2128.02</ele>
        <time>2022-12-21T07:01:31Z</time>
      </trkpt>
      <trkpt lat="-29.55048143863678" lon="28.186917705461383">
        <ele>2126.0900000000001</ele>
        <time>2022-12-21T07:01:32Z</time>
      </trkpt>
      <trkpt lat="-29.550468698143959" lon="28.186783595010638">
        <ele>2124.6500000000001</ele>
        <time>2022-12-21T07:01:33Z</time>
      </trkpt>
      <trkpt lat="-29.550452185794711" lon="28.186653926968575">
        <ele>2123.21</ele>
        <time>2022-12-21T07:01:34Z</time>
      </trkpt>
      <trkpt lat="-29.550425950437784" lon="28.186383442953229">
        <ele>2120.3200000000002</ele>
        <time>2022-12-21T07:01:36Z</time>
      </trkpt>
      <trkpt lat="-29.550429722294211" lon="28.186247991397977">
        <ele>2118.4000000000001</ele>
        <time>2022-12-21T07:01:37Z</time>
      </trkpt>
      <trkpt lat="-29.55044774338603" lon="28.186113210394979">
        <ele>2117.4400000000001</ele>
        <time>2022-12-21T07:01:38Z</time>
      </trkpt>
      <trkpt lat="-29.550477750599384" lon="28.185976250097156">
        <ele>2116</ele>
        <time>2022-12-21T07:01:39Z</time>
      </trkpt>
      <trkpt lat="-29.550518151372671" lon="28.185837948694825">
        <ele>2114.5599999999999</ele>
        <time>2022-12-21T07:01:40Z</time>
      </trkpt>
      <trkpt lat="-29.550563581287861" lon="28.185699814930558">
        <ele>2113.1199999999999</ele>
        <time>2022-12-21T07:01:41Z</time>
      </trkpt>
      <trkpt lat="-29.550602808594704" lon="28.185557993128896">
        <ele>2111.6700000000001</ele>
        <time>2022-12-21T07:01:42Z</time>
      </trkpt>
      <trkpt lat="-29.550630887970328" lon="28.185411896556616">
        <ele>2110.23</ele>
        <time>2022-12-21T07:01:43Z</time>
      </trkpt>
      <trkpt lat="-29.550640359520912" lon="28.185260435566306">
        <ele>2108.79</ele>
        <time>2022-12-21T07:01:44Z</time>
      </trkpt>
      <trkpt lat="-29.550634492188692" lon="28.185112662613392">
        <ele>2107.3499999999999</ele>
        <time>2022-12-21T07:01:45Z</time>
      </trkpt>
      <trkpt lat="-29.550620578229427" lon="28.184970673173666">
        <ele>2105.9099999999999</ele>
        <time>2022-12-21T07:01:46Z</time>
      </trkpt>
      <trkpt lat="-29.55059920437634" lon="28.184719802811742">
        <ele>2103.5</ele>
        <time>2022-12-21T07:01:48Z</time>
      </trkpt>
      <trkpt lat="-29.550614962354302" lon="28.184602623805404">
        <ele>2102.54</ele>
        <time>2022-12-21T07:01:49Z</time>
      </trkpt>
      <trkpt lat="-29.550654692575336" lon="28.184507824480534">
        <ele>2102.0599999999999</ele>
        <time>2022-12-21T07:01:50Z</time>
      </trkpt>
      <trkpt lat="-29.550715880468488" lon="28.18442065268755">
        <ele>2101.0999999999999</ele>
        <time>2022-12-21T07:01:51Z</time>
      </trkpt>
      <trkpt lat="-29.55077949911356" lon="28.184339599683881">
        <ele>2100.1399999999999</ele>
        <time>2022-12-21T07:01:52Z</time>
      </trkpt>
      <trkpt lat="-29.550828617066145" lon="28.184251338243484">
        <ele>2099.6599999999999</ele>
        <time>2022-12-21T07:01:53Z</time>
      </trkpt>
      <trkpt lat="-29.550855774432421" lon="28.184153605252504">
        <ele>2098.6999999999998</ele>
        <time>2022-12-21T07:01:54Z</time>
      </trkpt>
      <trkpt lat="-29.550858456641436" lon="28.184052435681224">
        <ele>2098.21</ele>
        <time>2022-12-21T07:01:55Z</time>
      </trkpt>
      <trkpt lat="-29.55083766952157" lon="28.183952355757356">
        <ele>2097.25</ele>
        <time>2022-12-21T07:01:56Z</time>
      </trkpt>
      <trkpt lat="-29.550800956785679" lon="28.183852192014456">
        <ele>2096.77</ele>
        <time>2022-12-21T07:01:57Z</time>
      </trkpt>
      <trkpt lat="-29.550756448879838" lon="28.183751944452524">
        <ele>2096.29</ele>
        <time>2022-12-21T07:01:58Z</time>
      </trkpt>
      <trkpt lat="-29.550427375361323" lon="28.182977205142379">
        <ele>2095.3299999999999</ele>
        <time>2022-12-21T07:02:04Z</time>
      </trkpt>
      <trkpt lat="-29.550390159711242" lon="28.182826917618513">
        <ele>2095.3299999999999</ele>
        <time>2022-12-21T07:02:05Z</time>
      </trkpt>
      <trkpt lat="-29.550368366762996" lon="28.182674115523696">
        <ele>2095.3299999999999</ele>
        <time>2022-12-21T07:02:06Z</time>
      </trkpt>
      <trkpt lat="-29.550361661240458" lon="28.182518128305674">
        <ele>2095.8099999999999</ele>
        <time>2022-12-21T07:02:07Z</time>
      </trkpt>
      <trkpt lat="-29.550368366762996" lon="28.182367254048586">
        <ele>2096.29</ele>
        <time>2022-12-21T07:02:08Z</time>
      </trkpt>
      <trkpt lat="-29.550378425046802" lon="28.182227443903685">
        <ele>2096.29</ele>
        <time>2022-12-21T07:02:09Z</time>
      </trkpt>
      <trkpt lat="-29.550379430875182" lon="28.182100038975477">
        <ele>2096.29</ele>
        <time>2022-12-21T07:02:10Z</time>
      </trkpt>
      <trkpt lat="-29.550360152497888" lon="28.181982105597854">
        <ele>2096.77</ele>
        <time>2022-12-21T07:02:11Z</time>
      </trkpt>
      <trkpt lat="-29.550317907705903" lon="28.181870961561799">
        <ele>2096.77</ele>
        <time>2022-12-21T07:02:12Z</time>
      </trkpt>
      <trkpt lat="-29.5502576418221" lon="28.181766523048282">
        <ele>2096.77</ele>
        <time>2022-12-21T07:02:13Z</time>
      </trkpt>
      <trkpt lat="-29.550192262977362" lon="28.181663258001208">
        <ele>2097.25</ele>
        <time>2022-12-21T07:02:14Z</time>
      </trkpt>
      <trkpt lat="-29.550135852769017" lon="28.181556137278676">
        <ele>2097.73</ele>
        <time>2022-12-21T07:02:15Z</time>
      </trkpt>
      <trkpt lat="-29.550101486966014" lon="28.181441137567163">
        <ele>2097.73</ele>
        <time>2022-12-21T07:02:16Z</time>
      </trkpt>
      <trkpt lat="-29.550094865262508" lon="28.181320438161492">
        <ele>2098.21</ele>
        <time>2022-12-21T07:02:17Z</time>
      </trkpt>
      <trkpt lat="-29.55011397600174" lon="28.181195463985205">
        <ele>2098.6999999999998</ele>
        <time>2022-12-21T07:02:18Z</time>
      </trkpt>
      <trkpt lat="-29.550158651545644" lon="28.181078033521771">
        <ele>2099.1799999999998</ele>
        <time>2022-12-21T07:02:19Z</time>
      </trkpt>
      <trkpt lat="-29.550224365666509" lon="28.180964542552829">
        <ele>2099.1799999999998</ele>
        <time>2022-12-21T07:02:20Z</time>
      </trkpt>
      <trkpt lat="-29.550294186919928" lon="28.18085465580225">
        <ele>2099.6599999999999</ele>
        <time>2022-12-21T07:02:21Z</time>
      </trkpt>
      <trkpt lat="-29.550352608785033" lon="28.180742505937815">
        <ele>2099.6599999999999</ele>
        <time>2022-12-21T07:02:22Z</time>
      </trkpt>
      <trkpt lat="-29.550393428653479" lon="28.180628260597587">
        <ele>2100.1399999999999</ele>
        <time>2022-12-21T07:02:23Z</time>
      </trkpt>
      <trkpt lat="-29.550413377583027" lon="28.180510913953185">
        <ele>2100.1399999999999</ele>
        <time>2022-12-21T07:02:24Z</time>
      </trkpt>
      <trkpt lat="-29.550408432260156" lon="28.180388286709785">
        <ele>2100.6199999999999</ele>
        <time>2022-12-21T07:02:25Z</time>
      </trkpt>
      <trkpt lat="-29.55037834122777" lon="28.18026976659894">
        <ele>2100.6199999999999</ele>
        <time>2022-12-21T07:02:26Z</time>
      </trkpt>
      <trkpt lat="-29.550326960161328" lon="28.18014713935554">
        <ele>2101.0999999999999</ele>
        <time>2022-12-21T07:02:27Z</time>
      </trkpt>
      <trkpt lat="-29.550267364829779" lon="28.180016633123159">
        <ele>2101.5799999999999</ele>
        <time>2022-12-21T07:02:28Z</time>
      </trkpt>
      <trkpt lat="-29.55021221190691" lon="28.179873386397958">
        <ele>2102.0599999999999</ele>
        <time>2022-12-21T07:02:29Z</time>
      </trkpt>
      <trkpt lat="-29.550170386210084" lon="28.179723434150219">
        <ele>2102.0599999999999</ele>
        <time>2022-12-21T07:02:30Z</time>
      </trkpt>
      <trkpt lat="-29.550145072862506" lon="28.179578678682446">
        <ele>2102.54</ele>
        <time>2022-12-21T07:02:31Z</time>
      </trkpt>
      <trkpt lat="-29.550131158903241" lon="28.179442724213004">
        <ele>2103.02</ele>
        <time>2022-12-21T07:02:32Z</time>
      </trkpt>
      <trkpt lat="-29.550120430067182" lon="28.179316325113177">
        <ele>2103.5</ele>
        <time>2022-12-21T07:02:33Z</time>
      </trkpt>
      <trkpt lat="-29.550103582441807" lon="28.179202498868108">
        <ele>2103.98</ele>
        <time>2022-12-21T07:02:34Z</time>
      </trkpt>
      <trkpt lat="-29.550072066485882" lon="28.179102335125208">
        <ele>2104.46</ele>
        <time>2022-12-21T07:02:35Z</time>
      </trkpt>
      <trkpt lat="-29.550026636570692" lon="28.179015414789319">
        <ele>2104.46</ele>
        <time>2022-12-21T07:02:36Z</time>
      </trkpt>
      <trkpt lat="-29.549964442849159" lon="28.178945677354932">
        <ele>2104.46</ele>
        <time>2022-12-21T07:02:37Z</time>
      </trkpt>
      <trkpt lat="-29.54988338984549" lon="28.178896978497505">
        <ele>2104.46</ele>
        <time>2022-12-21T07:02:38Z</time>
      </trkpt>
      <trkpt lat="-29.549788171425462" lon="28.178873509168625">
        <ele>2104.9400000000001</ele>
        <time>2022-12-21T07:02:39Z</time>
      </trkpt>
      <trkpt lat="-29.549685744568706" lon="28.178872335702181">
        <ele>2104.9400000000001</ele>
        <time>2022-12-21T07:02:40Z</time>
      </trkpt>
      <trkpt lat="-29.549584658816457" lon="28.178877448663116">
        <ele>2105.4200000000001</ele>
        <time>2022-12-21T07:02:41Z</time>
      </trkpt>
      <trkpt lat="-29.549491368234158" lon="28.178869821131229">
        <ele>2105.4200000000001</ele>
        <time>2022-12-21T07:02:42Z</time>
      </trkpt>
      <trkpt lat="-29.54940595664084" lon="28.17884492687881">
        <ele>2105.4200000000001</ele>
        <time>2022-12-21T07:02:43Z</time>
      </trkpt>
      <trkpt lat="-29.549333788454533" lon="28.178800670430064">
        <ele>2105.9099999999999</ele>
        <time>2022-12-21T07:02:44Z</time>
      </trkpt>
      <trkpt lat="-29.549279641360044" lon="28.178734788671136">
        <ele>2105.9099999999999</ele>
        <time>2022-12-21T07:02:45Z</time>
      </trkpt>
      <trkpt lat="-29.549247706308961" lon="28.178647113963962">
        <ele>2105.9099999999999</ele>
        <time>2022-12-21T07:02:46Z</time>
      </trkpt>
      <trkpt lat="-29.549241922795773" lon="28.178542423993349">
        <ele>2105.9099999999999</ele>
        <time>2022-12-21T07:02:47Z</time>
      </trkpt>
      <trkpt lat="-29.549265643581748" lon="28.178421473130584">
        <ele>2106.3899999999999</ele>
        <time>2022-12-21T07:02:48Z</time>
      </trkpt>
      <trkpt lat="-29.549315767362714" lon="28.178297253325582">
        <ele>2106.3899999999999</ele>
        <time>2022-12-21T07:02:49Z</time>
      </trkpt>
      <trkpt lat="-29.549377458170056" lon="28.178173284977674">
        <ele>2106.3899999999999</ele>
        <time>2022-12-21T07:02:50Z</time>
      </trkpt>
      <trkpt lat="-29.549429845064878" lon="28.178052837029099">
        <ele>2106.3899999999999</ele>
        <time>2022-12-21T07:02:51Z</time>
      </trkpt>
      <trkpt lat="-29.549463037401438" lon="28.177933311089873">
        <ele>2106.3899999999999</ele>
        <time>2022-12-21T07:02:52Z</time>
      </trkpt>
      <trkpt lat="-29.549470748752356" lon="28.177810935303569">
        <ele>2106.8699999999999</ele>
        <time>2022-12-21T07:02:53Z</time>
      </trkpt>
      <trkpt lat="-29.549449207261205" lon="28.177689397707582">
        <ele>2106.8699999999999</ele>
        <time>2022-12-21T07:02:54Z</time>
      </trkpt>
      <trkpt lat="-29.549405369907618" lon="28.177575571462512">
        <ele>2106.8699999999999</ele>
        <time>2022-12-21T07:02:55Z</time>
      </trkpt>
      <trkpt lat="-29.549356335774064" lon="28.17747188732028">
        <ele>2106.8699999999999</ele>
        <time>2022-12-21T07:02:56Z</time>
      </trkpt>
      <trkpt lat="-29.549323478713632" lon="28.177368119359016">
        <ele>2106.8699999999999</ele>
        <time>2022-12-21T07:02:57Z</time>
      </trkpt>
      <trkpt lat="-29.549322724342346" lon="28.177259489893913">
        <ele>2106.8699999999999</ele>
        <time>2022-12-21T07:02:58Z</time>
      </trkpt>
      <trkpt lat="-29.549358766525984" lon="28.177152033895254">
        <ele>2106.8699999999999</ele>
        <time>2022-12-21T07:02:59Z</time>
      </trkpt>
      <trkpt lat="-29.549430850893259" lon="28.177052289247513">
        <ele>2106.8699999999999</ele>
        <time>2022-12-21T07:03:00Z</time>
      </trkpt>
      <trkpt lat="-29.549533277750015" lon="28.176965452730656">
        <ele>2106.8699999999999</ele>
        <time>2022-12-21T07:03:01Z</time>
      </trkpt>
      <trkpt lat="-29.54964391887188" lon="28.176888003945351">
        <ele>2107.3499999999999</ele>
        <time>2022-12-21T07:03:02Z</time>
      </trkpt>
      <trkpt lat="-29.549739388749003" lon="28.176808124408126">
        <ele>2106.8699999999999</ele>
        <time>2022-12-21T07:03:03Z</time>
      </trkpt>
      <trkpt lat="-29.549813317134976" lon="28.17671843804419">
        <ele>2106.8699999999999</ele>
        <time>2022-12-21T07:03:04Z</time>
      </trkpt>
      <trkpt lat="-29.54986335709691" lon="28.176614167168736">
        <ele>2106.8699999999999</ele>
        <time>2022-12-21T07:03:05Z</time>
      </trkpt>
      <trkpt lat="-29.549886826425791" lon="28.176495982334018">
        <ele>2106.8699999999999</ele>
        <time>2022-12-21T07:03:06Z</time>
      </trkpt>
      <trkpt lat="-29.549881629645824" lon="28.176367403939366">
        <ele>2106.8699999999999</ele>
        <time>2022-12-21T07:03:07Z</time>
      </trkpt>
      <trkpt lat="-29.549853214994073" lon="28.176237652078271">
        <ele>2106.8699999999999</ele>
        <time>2022-12-21T07:03:08Z</time>
      </trkpt>
      <trkpt lat="-29.549802923575044" lon="28.176109744235873">
        <ele>2106.8699999999999</ele>
        <time>2022-12-21T07:03:09Z</time>
      </trkpt>
      <trkpt lat="-29.54973871819675" lon="28.175983764231205">
        <ele>2106.8699999999999</ele>
        <time>2022-12-21T07:03:10Z</time>
      </trkpt>
      <trkpt lat="-29.549491200596094" lon="28.175476239994168">
        <ele>2107.8299999999999</ele>
        <time>2022-12-21T07:03:14Z</time>
      </trkpt>
      <trkpt lat="-29.549462366849184" lon="28.175358306616545">
        <ele>2108.3099999999999</ele>
        <time>2022-12-21T07:03:15Z</time>
      </trkpt>
      <trkpt lat="-29.54945825971663" lon="28.175234002992511">
        <ele>2108.3099999999999</ele>
        <time>2022-12-21T07:03:16Z</time>
      </trkpt>
      <trkpt lat="-29.549477118998766" lon="28.175102239474654">
        <ele>2108.79</ele>
        <time>2022-12-21T07:03:17Z</time>
      </trkpt>
      <trkpt lat="-29.549504444003105" lon="28.174968296661973">
        <ele>2109.27</ele>
        <time>2022-12-21T07:03:18Z</time>
      </trkpt>
      <trkpt lat="-29.549516933038831" lon="28.17483133636415">
        <ele>2109.75</ele>
        <time>2022-12-21T07:03:19Z</time>
      </trkpt>
      <trkpt lat="-29.549500336870551" lon="28.174693705514073">
        <ele>2109.75</ele>
        <time>2022-12-21T07:03:20Z</time>
      </trkpt>
      <trkpt lat="-29.549454068765044" lon="28.174559343606234">
        <ele>2110.23</ele>
        <time>2022-12-21T07:03:21Z</time>
      </trkpt>
      <trkpt lat="-29.549389695748687" lon="28.174426490440965">
        <ele>2110.71</ele>
        <time>2022-12-21T07:03:22Z</time>
      </trkpt>
      <trkpt lat="-29.549324568361044" lon="28.174291793256998">
        <ele>2111.1900000000001</ele>
        <time>2022-12-21T07:03:23Z</time>
      </trkpt>
      <trkpt lat="-29.549266565591097" lon="28.174161538481712">
        <ele>2111.6700000000001</ele>
        <time>2022-12-21T07:03:24Z</time>
      </trkpt>
      <trkpt lat="-29.549207640811801" lon="28.174044191837311">
        <ele>2111.6700000000001</ele>
        <time>2022-12-21T07:03:25Z</time>
      </trkpt>
      <trkpt lat="-29.549139915034175" lon="28.173946039751172">
        <ele>2112.1500000000001</ele>
        <time>2022-12-21T07:03:26Z</time>
      </trkpt>
      <trkpt lat="-29.549056179821491" lon="28.173873368650675">
        <ele>2112.1500000000001</ele>
        <time>2022-12-21T07:03:27Z</time>
      </trkpt>
      <trkpt lat="-29.54895593225956" lon="28.173825591802597">
        <ele>2112.1500000000001</ele>
        <time>2022-12-21T07:03:28Z</time>
      </trkpt>
      <trkpt lat="-29.54883967526257" lon="28.1738012842834">
        <ele>2112.1500000000001</ele>
        <time>2022-12-21T07:03:29Z</time>
      </trkpt>
      <trkpt lat="-29.548710593953729" lon="28.173790974542499">
        <ele>2112.1500000000001</ele>
        <time>2022-12-21T07:03:30Z</time>
      </trkpt>
      <trkpt lat="-29.547824207693338" lon="28.173652337864041">
        <ele>2110.23</ele>
        <time>2022-12-21T07:03:37Z</time>
      </trkpt>
      <trkpt lat="-29.547728570178151" lon="28.173606153577566">
        <ele>2109.75</ele>
        <time>2022-12-21T07:03:38Z</time>
      </trkpt>
      <trkpt lat="-29.547645002603531" lon="28.173546893522143">
        <ele>2109.75</ele>
        <time>2022-12-21T07:03:39Z</time>
      </trkpt>
      <trkpt lat="-29.547574846073985" lon="28.173473803326488">
        <ele>2109.27</ele>
        <time>2022-12-21T07:03:40Z</time>
      </trkpt>
      <trkpt lat="-29.547522962093353" lon="28.173385709524155">
        <ele>2109.27</ele>
        <time>2022-12-21T07:03:41Z</time>
      </trkpt>
      <trkpt lat="-29.547491865232587" lon="28.173287389799953">
        <ele>2108.79</ele>
        <time>2022-12-21T07:03:42Z</time>
      </trkpt>
      <trkpt lat="-29.5474808011204" lon="28.173184124752879">
        <ele>2108.3099999999999</ele>
        <time>2022-12-21T07:03:43Z</time>
      </trkpt>
      <trkpt lat="-29.547491865232587" lon="28.173080524429679">
        <ele>2108.3099999999999</ele>
        <time>2022-12-21T07:03:44Z</time>
      </trkpt>
      <trkpt lat="-29.547521872445941" lon="28.172981031239033">
        <ele>2107.8299999999999</ele>
        <time>2022-12-21T07:03:45Z</time>
      </trkpt>
      <trkpt lat="-29.547573840245605" lon="28.172892685979605">
        <ele>2106.8699999999999</ele>
        <time>2022-12-21T07:03:46Z</time>
      </trkpt>
      <trkpt lat="-29.547646343708038" lon="28.172818087041378">
        <ele>2106.3899999999999</ele>
        <time>2022-12-21T07:03:47Z</time>
      </trkpt>
      <trkpt lat="-29.547730581834912" lon="28.172753378748894">
        <ele>2105.4200000000001</ele>
        <time>2022-12-21T07:03:48Z</time>
      </trkpt>
      <trkpt lat="-29.54781205393374" lon="28.172694370150566">
        <ele>2104.46</ele>
        <time>2022-12-21T07:03:49Z</time>
      </trkpt>
      <trkpt lat="-29.548070468008518" lon="28.172514913603663">
        <ele>2101.5799999999999</ele>
        <time>2022-12-21T07:03:53Z</time>
      </trkpt>
      <trkpt lat="-29.548127464950085" lon="28.17245464771986">
        <ele>2100.6199999999999</ele>
        <time>2022-12-21T07:03:54Z</time>
      </trkpt>
      <trkpt lat="-29.548179851844907" lon="28.172378959134221">
        <ele>2099.6599999999999</ele>
        <time>2022-12-21T07:03:55Z</time>
      </trkpt>
      <trkpt lat="-29.548227125778794" lon="28.172291032969952">
        <ele>2098.6999999999998</ele>
        <time>2022-12-21T07:03:56Z</time>
      </trkpt>
      <trkpt lat="-29.548269454389811" lon="28.172194473445415">
        <ele>2097.73</ele>
        <time>2022-12-21T07:03:57Z</time>
      </trkpt>
      <trkpt lat="-29.548311531543732" lon="28.172093974426389">
        <ele>2096.77</ele>
        <time>2022-12-21T07:03:58Z</time>
      </trkpt>
      <trkpt lat="-29.548535328358412" lon="28.1717324629426">
        <ele>2091.9699999999998</ele>
        <time>2022-12-21T07:04:02Z</time>
      </trkpt>
      <trkpt lat="-29.54861294478178" lon="28.171662893146276">
        <ele>2091</ele>
        <time>2022-12-21T07:04:03Z</time>
      </trkpt>
      <trkpt lat="-29.548938497900963" lon="28.171429121866822">
        <ele>2086.1999999999998</ele>
        <time>2022-12-21T07:04:07Z</time>
      </trkpt>
      <trkpt lat="-29.549027513712645" lon="28.171392995864153">
        <ele>2085.2399999999998</ele>
        <time>2022-12-21T07:04:08Z</time>
      </trkpt>
      <trkpt lat="-29.55000308342278" lon="28.17100047133863">
        <ele>2077.0700000000002</ele>
        <time>2022-12-21T07:04:17Z</time>
      </trkpt>
      <trkpt lat="-29.550338191911578" lon="28.170913215726614">
        <ele>2075.1399999999999</ele>
        <time>2022-12-21T07:04:20Z</time>
      </trkpt>
      <trkpt lat="-29.550426620990038" lon="28.170869378373027">
        <ele>2074.6599999999999</ele>
        <time>2022-12-21T07:04:21Z</time>
      </trkpt>
      <trkpt lat="-29.550496526062489" lon="28.170813303440809">
        <ele>2073.6999999999998</ele>
        <time>2022-12-21T07:04:22Z</time>
      </trkpt>
      <trkpt lat="-29.55055033788085" lon="28.170747924596071">
        <ele>2073.2199999999998</ele>
        <time>2022-12-21T07:04:23Z</time>
      </trkpt>
      <trkpt lat="-29.550581267103553" lon="28.170667542144656">
        <ele>2072.7399999999998</ele>
        <time>2022-12-21T07:04:24Z</time>
      </trkpt>
      <trkpt lat="-29.550586966797709" lon="28.170580202713609">
        <ele>2071.7800000000002</ele>
        <time>2022-12-21T07:04:25Z</time>
      </trkpt>
      <trkpt lat="-29.550567353144288" lon="28.170488001778722">
        <ele>2071.3000000000002</ele>
        <time>2022-12-21T07:04:26Z</time>
      </trkpt>
      <trkpt lat="-29.55052150413394" lon="28.170391106978059">
        <ele>2070.8200000000002</ele>
        <time>2022-12-21T07:04:27Z</time>
      </trkpt>
      <trkpt lat="-29.550452856346965" lon="28.17029639147222">
        <ele>2070.3400000000001</ele>
        <time>2022-12-21T07:04:28Z</time>
      </trkpt>
      <trkpt lat="-29.550371216610074" lon="28.17020108923316">
        <ele>2069.8600000000001</ele>
        <time>2022-12-21T07:04:29Z</time>
      </trkpt>
      <trkpt lat="-29.550077095627785" lon="28.169802026823163">
        <ele>2067.9299999999998</ele>
        <time>2022-12-21T07:04:33Z</time>
      </trkpt>
      <trkpt lat="-29.550034767016768" lon="28.16967973485589">
        <ele>2066.9699999999998</ele>
        <time>2022-12-21T07:04:34Z</time>
      </trkpt>
      <trkpt lat="-29.550019847229123" lon="28.169543109834194">
        <ele>2066.4899999999998</ele>
        <time>2022-12-21T07:04:35Z</time>
      </trkpt>
      <trkpt lat="-29.550033761188388" lon="28.169394247233868">
        <ele>2066.0100000000002</ele>
        <time>2022-12-21T07:04:36Z</time>
      </trkpt>
      <trkpt lat="-29.550064187496901" lon="28.169231219217181">
        <ele>2065.0500000000002</ele>
        <time>2022-12-21T07:04:37Z</time>
      </trkpt>
      <trkpt lat="-29.55014331266284" lon="28.168054986745119">
        <ele>2058.3200000000002</ele>
        <time>2022-12-21T07:04:45Z</time>
      </trkpt>
      <trkpt lat="-29.550122441723943" lon="28.167954320088029">
        <ele>2057.3600000000001</ele>
        <time>2022-12-21T07:04:46Z</time>
      </trkpt>
      <trkpt lat="-29.550081957131624" lon="28.167862873524427">
        <ele>2056.4000000000001</ele>
        <time>2022-12-21T07:04:47Z</time>
      </trkpt>
      <trkpt lat="-29.550018757581711" lon="28.167782574892044">
        <ele>2055.9200000000001</ele>
        <time>2022-12-21T07:04:48Z</time>
      </trkpt>
      <trkpt lat="-29.549936112016439" lon="28.167718118056655">
        <ele>2054.96</ele>
        <time>2022-12-21T07:04:49Z</time>
      </trkpt>
      <trkpt lat="-29.549835696816444" lon="28.167668664827943">
        <ele>2053.9899999999998</ele>
        <time>2022-12-21T07:04:50Z</time>
      </trkpt>
      <trkpt lat="-29.549714913591743" lon="28.167629772797227">
        <ele>2053.0300000000002</ele>
        <time>2022-12-21T07:04:51Z</time>
      </trkpt>
      <trkpt lat="-29.549594381824136" lon="28.167597083374858">
        <ele>2051.5900000000001</ele>
        <time>2022-12-21T07:04:52Z</time>
      </trkpt>
      <trkpt lat="-29.549238905310631" lon="28.167486526072025">
        <ele>2047.75</ele>
        <time>2022-12-21T07:04:55Z</time>
      </trkpt>
      <trkpt lat="-29.549132538959384" lon="28.16741930320859">
        <ele>2046.3</ele>
        <time>2022-12-21T07:04:56Z</time>
      </trkpt>
      <trkpt lat="-29.549048133194447" lon="28.167327856644988">
        <ele>2044.3800000000001</ele>
        <time>2022-12-21T07:04:57Z</time>
      </trkpt>
      <trkpt lat="-29.548983341082931" lon="28.167204391211271">
        <ele>2043.4200000000001</ele>
        <time>2022-12-21T07:04:58Z</time>
      </trkpt>
      <trkpt lat="-29.548937575891614" lon="28.167049493640661">
        <ele>2041.5</ele>
        <time>2022-12-21T07:04:59Z</time>
      </trkpt>
      <trkpt lat="-29.54890756867826" lon="28.166872635483742">
        <ele>2040.05</ele>
        <time>2022-12-21T07:05:00Z</time>
      </trkpt>
      <trkpt lat="-29.548884518444538" lon="28.166687395423651">
        <ele>2038.6099999999999</ele>
        <time>2022-12-21T07:05:01Z</time>
      </trkpt>
      <trkpt lat="-29.548872364684939" lon="28.166293278336525">
        <ele>2034.77</ele>
        <time>2022-12-21T07:05:03Z</time>
      </trkpt>
      <trkpt lat="-29.548896588385105" lon="28.166101332753897">
        <ele>2032.8399999999999</ele>
        <time>2022-12-21T07:05:04Z</time>
      </trkpt>
      <trkpt lat="-29.548985939472914" lon="28.165607051923871">
        <ele>2027.0799999999999</ele>
        <time>2022-12-21T07:05:07Z</time>
      </trkpt>
      <trkpt lat="-29.548986274749041" lon="28.165467493236065">
        <ele>2025.1500000000001</ele>
        <time>2022-12-21T07:05:08Z</time>
      </trkpt>
      <trkpt lat="-29.548963392153382" lon="28.165335226804018">
        <ele>2023.23</ele>
        <time>2022-12-21T07:05:09Z</time>
      </trkpt>
      <trkpt lat="-29.548918884247541" lon="28.165215281769633">
        <ele>2021.79</ele>
        <time>2022-12-21T07:05:10Z</time>
      </trkpt>
      <trkpt lat="-29.548855852335691" lon="28.165112771093845">
        <ele>2019.8699999999999</ele>
        <time>2022-12-21T07:05:11Z</time>
      </trkpt>
      <trkpt lat="-29.548783684149384" lon="28.165024342015386">
        <ele>2018.4300000000001</ele>
        <time>2022-12-21T07:05:12Z</time>
      </trkpt>
      <trkpt lat="-29.548719143494964" lon="28.164936751127243">
        <ele>2016.5</ele>
        <time>2022-12-21T07:05:13Z</time>
      </trkpt>
      <trkpt lat="-29.548675222322345" lon="28.16484178416431">
        <ele>2015.0599999999999</ele>
        <time>2022-12-21T07:05:14Z</time>
      </trkpt>
      <trkpt lat="-29.548656195402145" lon="28.16473382525146">
        <ele>2013.6199999999999</ele>
        <time>2022-12-21T07:05:15Z</time>
      </trkpt>
      <trkpt lat="-29.548668935894966" lon="28.164628213271499">
        <ele>2012.1800000000001</ele>
        <time>2022-12-21T07:05:16Z</time>
      </trkpt>
      <trkpt lat="-29.548708833754063" lon="28.164526205509901">
        <ele>2011.22</ele>
        <time>2022-12-21T07:05:17Z</time>
      </trkpt>
      <trkpt lat="-29.548767758533359" lon="28.164439117535949">
        <ele>2010.25</ele>
        <time>2022-12-21T07:05:18Z</time>
      </trkpt>
      <trkpt lat="-29.548834478482604" lon="28.164366111159325">
        <ele>2009.29</ele>
        <time>2022-12-21T07:05:19Z</time>
      </trkpt>
      <trkpt lat="-29.548898013308644" lon="28.164296373724937">
        <ele>2008.3299999999999</ele>
        <time>2022-12-21T07:05:20Z</time>
      </trkpt>
      <trkpt lat="-29.549382654950023" lon="28.16359480842948">
        <ele>1999.2</ele>
        <time>2022-12-21T07:05:31Z</time>
      </trkpt>
      <trkpt lat="-29.549553142860532" lon="28.163106478750706">
        <ele>1995.3499999999999</ele>
        <time>2022-12-21T07:05:38Z</time>
      </trkpt>
      <trkpt lat="-29.549602596089244" lon="28.162794671952724">
        <ele>1993.4300000000001</ele>
        <time>2022-12-21T07:05:40Z</time>
      </trkpt>
      <trkpt lat="-29.549613827839494" lon="28.162615550681949">
        <ele>1991.99</ele>
        <time>2022-12-21T07:05:41Z</time>
      </trkpt>
      <trkpt lat="-29.549783896654844" lon="28.16118199378252">
        <ele>1980.9300000000001</ele>
        <time>2022-12-21T07:05:48Z</time>
      </trkpt>
      <trkpt lat="-29.550333665683866" lon="28.159258347004652">
        <ele>1967.48</ele>
        <time>2022-12-21T07:05:57Z</time>
      </trkpt>
      <trkpt lat="-29.550778577104211" lon="28.157408963888884">
        <ele>1956.4200000000001</ele>
        <time>2022-12-21T07:06:08Z</time>
      </trkpt>
      <trkpt lat="-29.551385678350925" lon="28.156106248497963">
        <ele>1944.8800000000001</ele>
        <time>2022-12-21T07:06:16Z</time>
      </trkpt>
      <trkpt lat="-29.551644679158926" lon="28.155289683490992">
        <ele>1935.75</ele>
        <time>2022-12-21T07:06:21Z</time>
      </trkpt>
      <trkpt lat="-29.551650965586305" lon="28.155138976871967">
        <ele>1933.8299999999999</ele>
        <time>2022-12-21T07:06:22Z</time>
      </trkpt>
      <trkpt lat="-29.55163512378931" lon="28.154987599700689">
        <ele>1931.4300000000001</ele>
        <time>2022-12-21T07:06:23Z</time>
      </trkpt>
      <trkpt lat="-29.551603607833385" lon="28.154852986335754">
        <ele>1929.5</ele>
        <time>2022-12-21T07:06:24Z</time>
      </trkpt>
      <trkpt lat="-29.551575277000666" lon="28.154725162312388">
        <ele>1928.0599999999999</ele>
        <time>2022-12-21T07:06:25Z</time>
      </trkpt>
      <trkpt lat="-29.551564129069448" lon="28.154601026326418">
        <ele>1926.1400000000001</ele>
        <time>2022-12-21T07:06:26Z</time>
      </trkpt>
      <trkpt lat="-29.551572259515524" lon="28.154481248930097">
        <ele>1924.7</ele>
        <time>2022-12-21T07:06:27Z</time>
      </trkpt>
      <trkpt lat="-29.551605032756925" lon="28.15436314791441">
        <ele>1922.77</ele>
        <time>2022-12-21T07:06:28Z</time>
      </trkpt>
      <trkpt lat="-29.551664795726538" lon="28.154259799048305">
        <ele>1921.3299999999999</ele>
        <time>2022-12-21T07:06:29Z</time>
      </trkpt>
      <trkpt lat="-29.551750123500824" lon="28.154164999723434">
        <ele>1919.8900000000001</ele>
        <time>2022-12-21T07:06:30Z</time>
      </trkpt>
      <trkpt lat="-29.551840731874108" lon="28.15407439135015">
        <ele>1917.97</ele>
        <time>2022-12-21T07:06:31Z</time>
      </trkpt>
      <trkpt lat="-29.551920695230365" lon="28.153971880674362">
        <ele>1916.04</ele>
        <time>2022-12-21T07:06:32Z</time>
      </trkpt>
      <trkpt lat="-29.551977356895804" lon="28.153859563171864">
        <ele>1914.5999999999999</ele>
        <time>2022-12-21T07:06:33Z</time>
      </trkpt>
      <trkpt lat="-29.552013734355569" lon="28.153732493519783">
        <ele>1913.1600000000001</ele>
        <time>2022-12-21T07:06:34Z</time>
      </trkpt>
      <trkpt lat="-29.552028570324183" lon="28.15359259955585">
        <ele>1911.72</ele>
        <time>2022-12-21T07:06:35Z</time>
      </trkpt>
      <trkpt lat="-29.552018260583282" lon="28.153444491326809">
        <ele>1909.8</ele>
        <time>2022-12-21T07:06:36Z</time>
      </trkpt>
      <trkpt lat="-29.551986074075103" lon="28.153294790536165">
        <ele>1908.3499999999999</ele>
        <time>2022-12-21T07:06:37Z</time>
      </trkpt>
      <trkpt lat="-29.551944583654404" lon="28.153151292353868">
        <ele>1906.9100000000001</ele>
        <time>2022-12-21T07:06:38Z</time>
      </trkpt>
      <trkpt lat="-29.551901919767261" lon="28.153008799999952">
        <ele>1905.95</ele>
        <time>2022-12-21T07:06:39Z</time>
      </trkpt>
      <trkpt lat="-29.551873337477446" lon="28.152874270454049">
        <ele>1904.51</ele>
        <time>2022-12-21T07:06:40Z</time>
      </trkpt>
      <trkpt lat="-29.551862943917513" lon="28.152737896889448">
        <ele>1903.0699999999999</ele>
        <time>2022-12-21T07:06:41Z</time>
      </trkpt>
      <trkpt lat="-29.551871996372938" lon="28.152603199705482">
        <ele>1902.1099999999999</ele>
        <time>2022-12-21T07:06:42Z</time>
      </trkpt>
      <trkpt lat="-29.551898650825024" lon="28.152470262721181">
        <ele>1900.6600000000001</ele>
        <time>2022-12-21T07:06:43Z</time>
      </trkpt>
      <trkpt lat="-29.551943074911833" lon="28.152341768145561">
        <ele>1899.7</ele>
        <time>2022-12-21T07:06:44Z</time>
      </trkpt>
      <trkpt lat="-29.552010968327522" lon="28.152219727635384">
        <ele>1898.26</ele>
        <time>2022-12-21T07:06:45Z</time>
      </trkpt>
      <trkpt lat="-29.55210224725306" lon="28.152119060978293">
        <ele>1896.8199999999999</ele>
        <time>2022-12-21T07:06:46Z</time>
      </trkpt>
      <trkpt lat="-29.5522141456604" lon="28.152032727375627">
        <ele>1895.3800000000001</ele>
        <time>2022-12-21T07:06:47Z</time>
      </trkpt>
      <trkpt lat="-29.552332581952214" lon="28.151945304125547">
        <ele>1893.9300000000001</ele>
        <time>2022-12-21T07:06:48Z</time>
      </trkpt>
      <trkpt lat="-29.552441295236349" lon="28.151843212544918">
        <ele>1892.49</ele>
        <time>2022-12-21T07:06:49Z</time>
      </trkpt>
      <trkpt lat="-29.552532657980919" lon="28.15171966329217">
        <ele>1891.05</ele>
        <time>2022-12-21T07:06:50Z</time>
      </trkpt>
      <trkpt lat="-29.552606586366892" lon="28.15158043988049">
        <ele>1889.1300000000001</ele>
        <time>2022-12-21T07:06:51Z</time>
      </trkpt>
      <trkpt lat="-29.552671210840344" lon="28.151434427127242">
        <ele>1887.6900000000001</ele>
        <time>2022-12-21T07:06:52Z</time>
      </trkpt>
      <trkpt lat="-29.552808925509453" lon="28.151163775473833">
        <ele>1884.3199999999999</ele>
        <time>2022-12-21T07:06:54Z</time>
      </trkpt>
      <trkpt lat="-29.552892576903105" lon="28.151052882894874">
        <ele>1882.8800000000001</ele>
        <time>2022-12-21T07:06:55Z</time>
      </trkpt>
      <trkpt lat="-29.552989806979895" lon="28.150961101055145">
        <ele>1881.4400000000001</ele>
        <time>2022-12-21T07:06:56Z</time>
      </trkpt>
      <trkpt lat="-29.553099106997252" lon="28.150893040001392">
        <ele>1880</ele>
        <time>2022-12-21T07:06:57Z</time>
      </trkpt>
      <trkpt lat="-29.553216621279716" lon="28.150845682248473">
        <ele>1878.55</ele>
        <time>2022-12-21T07:06:58Z</time>
      </trkpt>
      <trkpt lat="-29.553344864398241" lon="28.150801677256823">
        <ele>1877.1099999999999</ele>
        <time>2022-12-21T07:06:59Z</time>
      </trkpt>
      <trkpt lat="-29.553694976493716" lon="28.150628339499235">
        <ele>1873.27</ele>
        <time>2022-12-21T07:07:02Z</time>
      </trkpt>
      <trkpt lat="-29.553795726969838" lon="28.150544017553329">
        <ele>1871.8199999999999</ele>
        <time>2022-12-21T07:07:03Z</time>
      </trkpt>
      <trkpt lat="-29.553889436647296" lon="28.150444943457842">
        <ele>1870.3800000000001</ele>
        <time>2022-12-21T07:07:04Z</time>
      </trkpt>
      <trkpt lat="-29.553978787735105" lon="28.150336984544992">
        <ele>1868.9400000000001</ele>
        <time>2022-12-21T07:07:05Z</time>
      </trkpt>
      <trkpt lat="-29.55406210385263" lon="28.150221230462193">
        <ele>1867.5</ele>
        <time>2022-12-21T07:07:06Z</time>
      </trkpt>
      <trkpt lat="-29.554139552637935" lon="28.150098184123635">
        <ele>1866.0599999999999</ele>
        <time>2022-12-21T07:07:07Z</time>
      </trkpt>
      <trkpt lat="-29.55421457067132" lon="28.149960972368717">
        <ele>1864.1300000000001</ele>
        <time>2022-12-21T07:07:08Z</time>
      </trkpt>
      <trkpt lat="-29.554281625896692" lon="28.149827616289258">
        <ele>1862.6900000000001</ele>
        <time>2022-12-21T07:07:09Z</time>
      </trkpt>
      <trkpt lat="-29.554432164877653" lon="28.149576494470239">
        <ele>1859.3299999999999</ele>
        <time>2022-12-21T07:07:11Z</time>
      </trkpt>
      <trkpt lat="-29.554522773250937" lon="28.149471385404468">
        <ele>1857.4000000000001</ele>
        <time>2022-12-21T07:07:12Z</time>
      </trkpt>
      <trkpt lat="-29.554625116288662" lon="28.149381447583437">
        <ele>1855.96</ele>
        <time>2022-12-21T07:07:13Z</time>
      </trkpt>
      <trkpt lat="-29.554737014696002" lon="28.149311374872923">
        <ele>1854.04</ele>
        <time>2022-12-21T07:07:14Z</time>
      </trkpt>
      <trkpt lat="-29.554854948073626" lon="28.14925747923553">
        <ele>1852.1199999999999</ele>
        <time>2022-12-21T07:07:15Z</time>
      </trkpt>
      <trkpt lat="-29.554956201463938" lon="28.149216156452894">
        <ele>1850.1900000000001</ele>
        <time>2022-12-21T07:07:16Z</time>
      </trkpt>
      <trkpt lat="-29.555042451247573" lon="28.149171229451895">
        <ele>1848.75</ele>
        <time>2022-12-21T07:07:17Z</time>
      </trkpt>
      <trkpt lat="-29.555110763758421" lon="28.149117333814502">
        <ele>1846.8299999999999</ele>
        <time>2022-12-21T07:07:18Z</time>
      </trkpt>
      <trkpt lat="-29.555159294977784" lon="28.149049105122685">
        <ele>1845.3900000000001</ele>
        <time>2022-12-21T07:07:19Z</time>
      </trkpt>
      <trkpt lat="-29.555181842297316" lon="28.148969393223524">
        <ele>1843.47</ele>
        <time>2022-12-21T07:07:20Z</time>
      </trkpt>
      <trkpt lat="-29.55517815425992" lon="28.148888004943728">
        <ele>1841.54</ele>
        <time>2022-12-21T07:07:21Z</time>
      </trkpt>
      <trkpt lat="-29.555149571970105" lon="28.148811394348741">
        <ele>1840.0999999999999</ele>
        <time>2022-12-21T07:07:22Z</time>
      </trkpt>
      <trkpt lat="-29.555095676332712" lon="28.148742159828544">
        <ele>1838.1800000000001</ele>
        <time>2022-12-21T07:07:23Z</time>
      </trkpt>
      <trkpt lat="-29.555023843422532" lon="28.148695472627878">
        <ele>1836.74</ele>
        <time>2022-12-21T07:07:24Z</time>
      </trkpt>
      <trkpt lat="-29.55493432469666" lon="28.148665213957429">
        <ele>1835.29</ele>
        <time>2022-12-21T07:07:25Z</time>
      </trkpt>
      <trkpt lat="-29.554825611412525" lon="28.148649204522371">
        <ele>1833.3699999999999</ele>
        <time>2022-12-21T07:07:26Z</time>
      </trkpt>
      <trkpt lat="-29.554711282253265" lon="28.148642247542739">
        <ele>1832.4100000000001</ele>
        <time>2022-12-21T07:07:27Z</time>
      </trkpt>
      <trkpt lat="-29.554357985034585" lon="28.148637721315026">
        <ele>1828.0799999999999</ele>
        <time>2022-12-21T07:07:30Z</time>
      </trkpt>
      <trkpt lat="-29.55391307361424" lon="28.148703603073955">
        <ele>1822.3199999999999</ele>
        <time>2022-12-21T07:07:34Z</time>
      </trkpt>
      <trkpt lat="-29.553821627050638" lon="28.148700501769781">
        <ele>1820.8699999999999</ele>
        <time>2022-12-21T07:07:35Z</time>
      </trkpt>
      <trkpt lat="-29.55373571254313" lon="28.148676864802837">
        <ele>1819.4300000000001</ele>
        <time>2022-12-21T07:07:36Z</time>
      </trkpt>
      <trkpt lat="-29.55365801230073" lon="28.148633195087314">
        <ele>1818.47</ele>
        <time>2022-12-21T07:07:37Z</time>
      </trkpt>
      <trkpt lat="-29.553591292351484" lon="28.148575443774462">
        <ele>1817.51</ele>
        <time>2022-12-21T07:07:38Z</time>
      </trkpt>
      <trkpt lat="-29.553509904071689" lon="28.148489277809858">
        <ele>1816.0699999999999</ele>
        <time>2022-12-21T07:07:39Z</time>
      </trkpt>
      <trkpt lat="-29.553126348182559" lon="28.14808183349669">
        <ele>1813.6600000000001</ele>
        <time>2022-12-21T07:07:46Z</time>
      </trkpt>
    </trkseg>
  </trk>

</gpx>