<?xml version="1.0" encoding="utf-8"?><gpx creator="Garmin Desktop App" version="1.1" xsi:schemaLocation="http://www.topografix.com/GPX/1/1 http://www.topografix.com/GPX/1/1/gpx.xsd http://www.garmin.com/xmlschemas/WaypointExtension/v1 http://www8.garmin.com/xmlschemas/WaypointExtensionv1.xsd http://www.garmin.com/xmlschemas/TrackPointExtension/v1 http://www.garmin.com/xmlschemas/TrackPointExtensionv1.xsd http://www.garmin.com/xmlschemas/GpxExtensions/v3 http://www8.garmin.com/xmlschemas/GpxExtensionsv3.xsd http://www.garmin.com/xmlschemas/ActivityExtension/v1 http://www8.garmin.com/xmlschemas/ActivityExtensionv1.xsd http://www.garmin.com/xmlschemas/AdventuresExtensions/v1 http://www8.garmin.com/xmlschemas/AdventuresExtensionv1.xsd http://www.garmin.com/xmlschemas/PressureExtension/v1 http://www.garmin.com/xmlschemas/PressureExtensionv1.xsd http://www.garmin.com/xmlschemas/TripExtensions/v1 http://www.garmin.com/xmlschemas/TripExtensionsv1.xsd http://www.garmin.com/xmlschemas/TripMetaDataExtensions/v1 http://www.garmin.com/xmlschemas/TripMetaDataExtensionsv1.xsd http://www.garmin.com/xmlschemas/ViaPointTransportationModeExtensions/v1 http://www.garmin.com/xmlschemas/ViaPointTransportationModeExtensionsv1.xsd http://www.garmin.com/xmlschemas/CreationTimeExtension/v1 http://www.garmin.com/xmlschemas/CreationTimeExtensionsv1.xsd http://www.garmin.com/xmlschemas/AccelerationExtension/v1 http://www.garmin.com/xmlschemas/AccelerationExtensionv1.xsd http://www.garmin.com/xmlschemas/PowerExtension/v1 http://www.garmin.com/xmlschemas/PowerExtensionv1.xsd http://www.garmin.com/xmlschemas/VideoExtension/v1 http://www.garmin.com/xmlschemas/VideoExtensionv1.xsd" xmlns="http://www.topografix.com/GPX/1/1" xmlns:xsi="http://www.w3.org/2001/XMLSchema-instance" xmlns:wptx1="http://www.garmin.com/xmlschemas/WaypointExtension/v1" xmlns:gpxtrx="http://www.garmin.com/xmlschemas/GpxExtensions/v3" xmlns:gpxtpx="http://www.garmin.com/xmlschemas/TrackPointExtension/v1" xmlns:gpxx="http://www.garmin.com/xmlschemas/GpxExtensions/v3" xmlns:trp="http://www.garmin.com/xmlschemas/TripExtensions/v1" xmlns:adv="http://www.garmin.com/xmlschemas/AdventuresExtensions/v1" xmlns:prs="http://www.garmin.com/xmlschemas/PressureExtension/v1" xmlns:tmd="http://www.garmin.com/xmlschemas/TripMetaDataExtensions/v1" xmlns:vptm="http://www.garmin.com/xmlschemas/ViaPointTransportationModeExtensions/v1" xmlns:ctx="http://www.garmin.com/xmlschemas/CreationTimeExtension/v1" xmlns:gpxacc="http://www.garmin.com/xmlschemas/AccelerationExtension/v1" xmlns:gpxpx="http://www.garmin.com/xmlschemas/PowerExtension/v1" xmlns:vidx1="http://www.garmin.com/xmlschemas/VideoExtension/v1">

  <metadata>
    <link href="http://www.garmin.com">
      <text>Garmin International</text>
    </link>
    <time>2023-06-05T15:17:07Z</time>
    <bounds maxlat="-29.40840289928019" maxlon="29.285028157755733" minlat="-29.584301328286529" minlon="29.099660776555538" />
  </metadata>

  <trk>
    <name>[368] Kotisephola Pass</name>
    <extensions>
      <gpxx:TrackExtension>
        <gpxx:DisplayColor>Green</gpxx:DisplayColor>
      </gpxx:TrackExtension>
    </extensions>
    <trkseg>
      <trkpt lat="-29.584299568086863" lon="29.285028157755733">
        <ele>2883.1300000000001</ele>
        <time>2023-05-06T12:17:06Z</time>
      </trkpt>
      <trkpt lat="-29.584301328286529" lon="29.285005694255233">
        <ele>2883.1300000000001</ele>
        <time>2023-05-06T12:17:07Z</time>
      </trkpt>
      <trkpt lat="-29.584299065172672" lon="29.284999156370759">
        <ele>2882.1700000000001</ele>
        <time>2023-05-06T12:17:19Z</time>
      </trkpt>
      <trkpt lat="-29.584177946671844" lon="29.284611325711012">
        <ele>2881.6900000000001</ele>
        <time>2023-05-06T12:17:26Z</time>
      </trkpt>
      <trkpt lat="-29.583765305578709" lon="29.283653106540442">
        <ele>2882.1700000000001</ele>
        <time>2023-05-06T12:17:36Z</time>
      </trkpt>
      <trkpt lat="-29.583246381953359" lon="29.282361287623644">
        <ele>2882.6500000000001</ele>
        <time>2023-05-06T12:17:46Z</time>
      </trkpt>
      <trkpt lat="-29.582469463348389" lon="29.280762188136578">
        <ele>2881.6900000000001</ele>
        <time>2023-05-06T12:17:57Z</time>
      </trkpt>
      <trkpt lat="-29.581327931955457" lon="29.279690897092223">
        <ele>2881.21</ele>
        <time>2023-05-06T12:18:06Z</time>
      </trkpt>
      <trkpt lat="-29.57960813306272" lon="29.278835859149694">
        <ele>2882.1700000000001</ele>
        <time>2023-05-06T12:18:17Z</time>
      </trkpt>
      <trkpt lat="-29.578526867553592" lon="29.277786780148745">
        <ele>2883.1300000000001</ele>
        <time>2023-05-06T12:18:25Z</time>
      </trkpt>
      <trkpt lat="-29.575842898339033" lon="29.274939280003309">
        <ele>2873.52</ele>
        <time>2023-05-06T12:18:45Z</time>
      </trkpt>
      <trkpt lat="-29.573440561071038" lon="29.272384895011783">
        <ele>2877.3600000000001</ele>
        <time>2023-05-06T12:19:03Z</time>
      </trkpt>
      <trkpt lat="-29.571527978405356" lon="29.270104933530092">
        <ele>2867.75</ele>
        <time>2023-05-06T12:19:17Z</time>
      </trkpt>
      <trkpt lat="-29.570992961525917" lon="29.268366526812315">
        <ele>2862.46</ele>
        <time>2023-05-06T12:19:25Z</time>
      </trkpt>
      <trkpt lat="-29.570895563811064" lon="29.267952963709831">
        <ele>2861.98</ele>
        <time>2023-05-06T12:19:27Z</time>
      </trkpt>
      <trkpt lat="-29.570876117795706" lon="29.267747271806002">
        <ele>2861.98</ele>
        <time>2023-05-06T12:19:28Z</time>
      </trkpt>
      <trkpt lat="-29.570888606831431" lon="29.267543759196997">
        <ele>2861.98</ele>
        <time>2023-05-06T12:19:29Z</time>
      </trkpt>
      <trkpt lat="-29.570930013433099" lon="29.267344856634736">
        <ele>2861.98</ele>
        <time>2023-05-06T12:19:30Z</time>
      </trkpt>
      <trkpt lat="-29.57100042141974" lon="29.267156347632408">
        <ele>2861.98</ele>
        <time>2023-05-06T12:19:31Z</time>
      </trkpt>
      <trkpt lat="-29.571096058934927" lon="29.266979238018394">
        <ele>2861.98</ele>
        <time>2023-05-06T12:19:32Z</time>
      </trkpt>
      <trkpt lat="-29.571211645379663" lon="29.266813276335597">
        <ele>2862.46</ele>
        <time>2023-05-06T12:19:33Z</time>
      </trkpt>
      <trkpt lat="-29.57133712247014" lon="29.266657121479511">
        <ele>2862.9400000000001</ele>
        <time>2023-05-06T12:19:34Z</time>
      </trkpt>
      <trkpt lat="-29.571759067475796" lon="29.266063347458839">
        <ele>2864.8699999999999</ele>
        <time>2023-05-06T12:19:38Z</time>
      </trkpt>
      <trkpt lat="-29.571810532361269" lon="29.265910629183054">
        <ele>2864.8699999999999</ele>
        <time>2023-05-06T12:19:39Z</time>
      </trkpt>
      <trkpt lat="-29.571833750233054" lon="29.265753300860524">
        <ele>2865.3499999999999</ele>
        <time>2023-05-06T12:19:40Z</time>
      </trkpt>
      <trkpt lat="-29.571826457977295" lon="29.265592200681567">
        <ele>2865.3499999999999</ele>
        <time>2023-05-06T12:19:41Z</time>
      </trkpt>
      <trkpt lat="-29.571789745241404" lon="29.265432357788086">
        <ele>2865.3499999999999</ele>
        <time>2023-05-06T12:19:42Z</time>
      </trkpt>
      <trkpt lat="-29.571724617853761" lon="29.265278382226825">
        <ele>2865.3499999999999</ele>
        <time>2023-05-06T12:19:43Z</time>
      </trkpt>
      <trkpt lat="-29.571634260937572" lon="29.265134213492274">
        <ele>2865.3499999999999</ele>
        <time>2023-05-06T12:19:44Z</time>
      </trkpt>
      <trkpt lat="-29.571521524339914" lon="29.265001527965069">
        <ele>2864.8699999999999</ele>
        <time>2023-05-06T12:19:45Z</time>
      </trkpt>
      <trkpt lat="-29.5713962148875" lon="29.264874709770083">
        <ele>2864.3899999999999</ele>
        <time>2023-05-06T12:19:46Z</time>
      </trkpt>
      <trkpt lat="-29.570145299658179" lon="29.263946916908026">
        <ele>2860.54</ele>
        <time>2023-05-06T12:19:54Z</time>
      </trkpt>
      <trkpt lat="-29.569538030773401" lon="29.263489516451955">
        <ele>2859.5799999999999</ele>
        <time>2023-05-06T12:19:58Z</time>
      </trkpt>
      <trkpt lat="-29.569414146244526" lon="29.263342078775167">
        <ele>2859.5799999999999</ele>
        <time>2023-05-06T12:19:59Z</time>
      </trkpt>
      <trkpt lat="-29.569297134876251" lon="29.263179721310735">
        <ele>2859.5799999999999</ele>
        <time>2023-05-06T12:20:00Z</time>
      </trkpt>
      <trkpt lat="-29.567778753116727" lon="29.260721309110522">
        <ele>2861.98</ele>
        <time>2023-05-06T12:20:14Z</time>
      </trkpt>
      <trkpt lat="-29.566647363826632" lon="29.258171366527677">
        <ele>2854.29</ele>
        <time>2023-05-06T12:20:26Z</time>
      </trkpt>
      <trkpt lat="-29.566053003072739" lon="29.256799584254622">
        <ele>2852.3699999999999</ele>
        <time>2023-05-06T12:20:33Z</time>
      </trkpt>
      <trkpt lat="-29.565939847379923" lon="29.256646446883678">
        <ele>2852.3699999999999</ele>
        <time>2023-05-06T12:20:34Z</time>
      </trkpt>
      <trkpt lat="-29.565807413309813" lon="29.256513174623251">
        <ele>2851.8899999999999</ele>
        <time>2023-05-06T12:20:35Z</time>
      </trkpt>
      <trkpt lat="-29.565656539052725" lon="29.256404209882021">
        <ele>2851.8899999999999</ele>
        <time>2023-05-06T12:20:36Z</time>
      </trkpt>
      <trkpt lat="-29.565490577369928" lon="29.256321815773845">
        <ele>2851.4099999999999</ele>
        <time>2023-05-06T12:20:37Z</time>
      </trkpt>
      <trkpt lat="-29.565313635393977" lon="29.256265740841627">
        <ele>2850.4499999999998</ele>
        <time>2023-05-06T12:20:38Z</time>
      </trkpt>
      <trkpt lat="-29.56513007171452" lon="29.256234057247639">
        <ele>2849.9699999999998</ele>
        <time>2023-05-06T12:20:39Z</time>
      </trkpt>
      <trkpt lat="-29.564943155273795" lon="29.2562101688236">
        <ele>2849</ele>
        <time>2023-05-06T12:20:40Z</time>
      </trkpt>
      <trkpt lat="-29.564755568280816" lon="29.256172198802233">
        <ele>2848.04</ele>
        <time>2023-05-06T12:20:41Z</time>
      </trkpt>
      <trkpt lat="-29.564569154754281" lon="29.256111262366176">
        <ele>2846.5999999999999</ele>
        <time>2023-05-06T12:20:42Z</time>
      </trkpt>
      <trkpt lat="-29.564385758712888" lon="29.256024677306414">
        <ele>2845.1599999999999</ele>
        <time>2023-05-06T12:20:43Z</time>
      </trkpt>
      <trkpt lat="-29.564210576936603" lon="29.255911689251661">
        <ele>2844.1999999999998</ele>
        <time>2023-05-06T12:20:44Z</time>
      </trkpt>
      <trkpt lat="-29.564046710729599" lon="29.255774058401585">
        <ele>2842.7600000000002</ele>
        <time>2023-05-06T12:20:45Z</time>
      </trkpt>
      <trkpt lat="-29.563897596672177" lon="29.255613042041659">
        <ele>2841.79</ele>
        <time>2023-05-06T12:20:46Z</time>
      </trkpt>
      <trkpt lat="-29.563760720193386" lon="29.255420928820968">
        <ele>2840.8299999999999</ele>
        <time>2023-05-06T12:20:47Z</time>
      </trkpt>
      <trkpt lat="-29.563660053536296" lon="29.255232252180576">
        <ele>2840.3499999999999</ele>
        <time>2023-05-06T12:20:48Z</time>
      </trkpt>
      <trkpt lat="-29.563574474304914" lon="29.255017675459385">
        <ele>2839.3899999999999</ele>
        <time>2023-05-06T12:20:49Z</time>
      </trkpt>
      <trkpt lat="-29.563509095460176" lon="29.254794046282768">
        <ele>2838.9099999999999</ele>
        <time>2023-05-06T12:20:50Z</time>
      </trkpt>
      <trkpt lat="-29.563463246449828" lon="29.254561280831695">
        <ele>2838.9099999999999</ele>
        <time>2023-05-06T12:20:51Z</time>
      </trkpt>
      <trkpt lat="-29.563435083255172" lon="29.254323905333877">
        <ele>2838.4299999999998</ele>
        <time>2023-05-06T12:20:52Z</time>
      </trkpt>
      <trkpt lat="-29.563417145982385" lon="29.254083344712853">
        <ele>2838.4299999999998</ele>
        <time>2023-05-06T12:20:53Z</time>
      </trkpt>
      <trkpt lat="-29.563045827671885" lon="29.251381354406476">
        <ele>2836.5100000000002</ele>
        <time>2023-05-06T12:21:05Z</time>
      </trkpt>
      <trkpt lat="-29.562826808542013" lon="29.25049714744091">
        <ele>2832.6599999999999</ele>
        <time>2023-05-06T12:21:11Z</time>
      </trkpt>
      <trkpt lat="-29.562552720308304" lon="29.249650742858648">
        <ele>2826.8899999999999</ele>
        <time>2023-05-06T12:21:17Z</time>
      </trkpt>
      <trkpt lat="-29.562187604606152" lon="29.248672490939498">
        <ele>2823.0500000000002</ele>
        <time>2023-05-06T12:21:24Z</time>
      </trkpt>
      <trkpt lat="-29.56130507402122" lon="29.246889157220721">
        <ele>2818.7199999999998</ele>
        <time>2023-05-06T12:21:33Z</time>
      </trkpt>
      <trkpt lat="-29.559022262692451" lon="29.243368338793516">
        <ele>2806.71</ele>
        <time>2023-05-06T12:21:51Z</time>
      </trkpt>
      <trkpt lat="-29.556202171370387" lon="29.239058531820774">
        <ele>2800.9400000000001</ele>
        <time>2023-05-06T12:22:13Z</time>
      </trkpt>
      <trkpt lat="-29.555463138967752" lon="29.237929489463568">
        <ele>2798.54</ele>
        <time>2023-05-06T12:22:20Z</time>
      </trkpt>
      <trkpt lat="-29.554876238107681" lon="29.236615290865302">
        <ele>2795.6500000000001</ele>
        <time>2023-05-06T12:22:27Z</time>
      </trkpt>
      <trkpt lat="-29.554453957825899" lon="29.234530040994287">
        <ele>2793.73</ele>
        <time>2023-05-06T12:22:36Z</time>
      </trkpt>
      <trkpt lat="-29.553912570700049" lon="29.231964088976383">
        <ele>2793.25</ele>
        <time>2023-05-06T12:22:48Z</time>
      </trkpt>
      <trkpt lat="-29.552790317684412" lon="29.227486057206988">
        <ele>2801.9000000000001</ele>
        <time>2023-05-06T12:23:09Z</time>
      </trkpt>
      <trkpt lat="-29.552245745435357" lon="29.226192310452461">
        <ele>2806.23</ele>
        <time>2023-05-06T12:23:16Z</time>
      </trkpt>
      <trkpt lat="-29.550486635416746" lon="29.223582856357098">
        <ele>2804.3000000000002</ele>
        <time>2023-05-06T12:23:31Z</time>
      </trkpt>
      <trkpt lat="-29.549178639426827" lon="29.221535995602608">
        <ele>2807.1900000000001</ele>
        <time>2023-05-06T12:23:43Z</time>
      </trkpt>
      <trkpt lat="-29.549113344401121" lon="29.22134849242866">
        <ele>2807.1900000000001</ele>
        <time>2023-05-06T12:23:44Z</time>
      </trkpt>
      <trkpt lat="-29.549063974991441" lon="29.221151433885098">
        <ele>2807.6700000000001</ele>
        <time>2023-05-06T12:23:45Z</time>
      </trkpt>
      <trkpt lat="-29.548839591443539" lon="29.219933543354273">
        <ele>2811.5100000000002</ele>
        <time>2023-05-06T12:23:51Z</time>
      </trkpt>
      <trkpt lat="-29.548767507076263" lon="29.219761546701193">
        <ele>2812.96</ele>
        <time>2023-05-06T12:23:52Z</time>
      </trkpt>
      <trkpt lat="-29.548677988350391" lon="29.219603715464473">
        <ele>2813.9200000000001</ele>
        <time>2023-05-06T12:23:53Z</time>
      </trkpt>
      <trkpt lat="-29.548571454361081" lon="29.219462983310223">
        <ele>2815.3600000000001</ele>
        <time>2023-05-06T12:23:54Z</time>
      </trkpt>
      <trkpt lat="-29.548448156565428" lon="29.219339350238442">
        <ele>2816.3200000000002</ele>
        <time>2023-05-06T12:23:55Z</time>
      </trkpt>
      <trkpt lat="-29.548310190439224" lon="29.219232397153974">
        <ele>2817.7600000000002</ele>
        <time>2023-05-06T12:23:56Z</time>
      </trkpt>
      <trkpt lat="-29.548160824924707" lon="29.219140615314245">
        <ele>2819.1999999999998</ele>
        <time>2023-05-06T12:23:57Z</time>
      </trkpt>
      <trkpt lat="-29.548005172982812" lon="29.219057634472847">
        <ele>2821.1300000000001</ele>
        <time>2023-05-06T12:23:58Z</time>
      </trkpt>
      <trkpt lat="-29.545210814103484" lon="29.217623407021165">
        <ele>2848.04</ele>
        <time>2023-05-06T12:24:15Z</time>
      </trkpt>
      <trkpt lat="-29.542451659217477" lon="29.216188173741102">
        <ele>2879.77</ele>
        <time>2023-05-06T12:24:32Z</time>
      </trkpt>
      <trkpt lat="-29.541792338714004" lon="29.215809227898717">
        <ele>2892.7399999999998</ele>
        <time>2023-05-06T12:24:37Z</time>
      </trkpt>
      <trkpt lat="-29.54168957658112" lon="29.215715182945132">
        <ele>2895.1500000000001</ele>
        <time>2023-05-06T12:24:38Z</time>
      </trkpt>
      <trkpt lat="-29.541593687608838" lon="29.215611917898059">
        <ele>2897.5500000000002</ele>
        <time>2023-05-06T12:24:39Z</time>
      </trkpt>
      <trkpt lat="-29.541502241045237" lon="29.215495325624943">
        <ele>2899.4699999999998</ele>
        <time>2023-05-06T12:24:40Z</time>
      </trkpt>
      <trkpt lat="-29.541417835280299" lon="29.215375715866685">
        <ele>2901.4000000000001</ele>
        <time>2023-05-06T12:24:41Z</time>
      </trkpt>
      <trkpt lat="-29.541334854438901" lon="29.215249065309763">
        <ele>2903.3200000000002</ele>
        <time>2023-05-06T12:24:42Z</time>
      </trkpt>
      <trkpt lat="-29.540191981941462" lon="29.213817687705159">
        <ele>2929.75</ele>
        <time>2023-05-06T12:24:55Z</time>
      </trkpt>
      <trkpt lat="-29.538491880521178" lon="29.212481109425426">
        <ele>2963.4000000000001</ele>
        <time>2023-05-06T12:25:10Z</time>
      </trkpt>
      <trkpt lat="-29.537161840125918" lon="29.211992779746652">
        <ele>2987.9099999999999</ele>
        <time>2023-05-06T12:25:20Z</time>
      </trkpt>
      <trkpt lat="-29.53559928573668" lon="29.212056566029787">
        <ele>3015.79</ele>
        <time>2023-05-06T12:25:31Z</time>
      </trkpt>
      <trkpt lat="-29.534183079376817" lon="29.212206266820431">
        <ele>3044.1500000000001</ele>
        <time>2023-05-06T12:25:42Z</time>
      </trkpt>
      <trkpt lat="-29.534034300595522" lon="29.212200148031116">
        <ele>3046.5599999999999</ele>
        <time>2023-05-06T12:25:44Z</time>
      </trkpt>
      <trkpt lat="-29.533980069682002" lon="29.212184473872185">
        <ele>3047.52</ele>
        <time>2023-05-06T12:25:45Z</time>
      </trkpt>
      <trkpt lat="-29.533936902880669" lon="29.212154885753989">
        <ele>3048</ele>
        <time>2023-05-06T12:25:46Z</time>
      </trkpt>
      <trkpt lat="-29.533911589533091" lon="29.212113562971354">
        <ele>3048.48</ele>
        <time>2023-05-06T12:25:47Z</time>
      </trkpt>
      <trkpt lat="-29.533906057476997" lon="29.212067127227783">
        <ele>3048.48</ele>
        <time>2023-05-06T12:25:48Z</time>
      </trkpt>
      <trkpt lat="-29.533914104104042" lon="29.212020020931959">
        <ele>3048.48</ele>
        <time>2023-05-06T12:25:49Z</time>
      </trkpt>
      <trkpt lat="-29.5339369866997" lon="29.211974842473865">
        <ele>3048.48</ele>
        <time>2023-05-06T12:25:50Z</time>
      </trkpt>
      <trkpt lat="-29.533975711092353" lon="29.211935698986053">
        <ele>3048.48</ele>
        <time>2023-05-06T12:25:51Z</time>
      </trkpt>
      <trkpt lat="-29.534028600901365" lon="29.211909295991063">
        <ele>3048.48</ele>
        <time>2023-05-06T12:25:52Z</time>
      </trkpt>
      <trkpt lat="-29.534097164869308" lon="29.211891945451498">
        <ele>3048.48</ele>
        <time>2023-05-06T12:25:53Z</time>
      </trkpt>
      <trkpt lat="-29.534177966415882" lon="29.211876438930631">
        <ele>3048.96</ele>
        <time>2023-05-06T12:25:54Z</time>
      </trkpt>
      <trkpt lat="-29.534830329939723" lon="29.211733192205429">
        <ele>3050.8800000000001</ele>
        <time>2023-05-06T12:26:01Z</time>
      </trkpt>
      <trkpt lat="-29.534884812310338" lon="29.211701340973377">
        <ele>3050.8800000000001</ele>
        <time>2023-05-06T12:26:02Z</time>
      </trkpt>
      <trkpt lat="-29.534917920827866" lon="29.211654989048839">
        <ele>3051.3600000000001</ele>
        <time>2023-05-06T12:26:03Z</time>
      </trkpt>
      <trkpt lat="-29.534929823130369" lon="29.211605535820127">
        <ele>3051.3600000000001</ele>
        <time>2023-05-06T12:26:04Z</time>
      </trkpt>
      <trkpt lat="-29.534927476197481" lon="29.211550885811448">
        <ele>3051.3600000000001</ele>
        <time>2023-05-06T12:26:05Z</time>
      </trkpt>
      <trkpt lat="-29.534909790381789" lon="29.211495816707611">
        <ele>3051.8400000000001</ele>
        <time>2023-05-06T12:26:06Z</time>
      </trkpt>
      <trkpt lat="-29.534876430407166" lon="29.211448626592755">
        <ele>3051.8400000000001</ele>
        <time>2023-05-06T12:26:07Z</time>
      </trkpt>
      <trkpt lat="-29.534826138988137" lon="29.211416020989418">
        <ele>3052.3200000000002</ele>
        <time>2023-05-06T12:26:08Z</time>
      </trkpt>
      <trkpt lat="-29.534757826477289" lon="29.211400682106614">
        <ele>3052.3200000000002</ele>
        <time>2023-05-06T12:26:09Z</time>
      </trkpt>
      <trkpt lat="-29.534678030759096" lon="29.211394060403109">
        <ele>3052.8000000000002</ele>
        <time>2023-05-06T12:26:10Z</time>
      </trkpt>
      <trkpt lat="-29.534584823995829" lon="29.211391881108284">
        <ele>3053.2800000000002</ele>
        <time>2023-05-06T12:26:11Z</time>
      </trkpt>
      <trkpt lat="-29.533618725836277" lon="29.211247209459543">
        <ele>3069.1500000000001</ele>
        <time>2023-05-06T12:26:19Z</time>
      </trkpt>
      <trkpt lat="-29.532409803941846" lon="29.210990639403462">
        <ele>3094.1399999999999</ele>
        <time>2023-05-06T12:26:29Z</time>
      </trkpt>
      <trkpt lat="-29.53230008482933" lon="29.210996087640524">
        <ele>3096.0599999999999</ele>
        <time>2023-05-06T12:26:30Z</time>
      </trkpt>
      <trkpt lat="-29.532029936090112" lon="29.211011845618486">
        <ele>3099.9099999999999</ele>
        <time>2023-05-06T12:26:33Z</time>
      </trkpt>
      <trkpt lat="-29.531973693519831" lon="29.210995500907302">
        <ele>3100.3899999999999</ele>
        <time>2023-05-06T12:26:34Z</time>
      </trkpt>
      <trkpt lat="-29.531934885308146" lon="29.210963565856218">
        <ele>3101.3499999999999</ele>
        <time>2023-05-06T12:26:35Z</time>
      </trkpt>
      <trkpt lat="-29.531915439292789" lon="29.210923500359058">
        <ele>3101.8299999999999</ele>
        <time>2023-05-06T12:26:36Z</time>
      </trkpt>
      <trkpt lat="-29.531916445121169" lon="29.210877483710647">
        <ele>3101.8299999999999</ele>
        <time>2023-05-06T12:26:37Z</time>
      </trkpt>
      <trkpt lat="-29.531935723498464" lon="29.210827443748713">
        <ele>3102.3099999999999</ele>
        <time>2023-05-06T12:26:38Z</time>
      </trkpt>
      <trkpt lat="-29.53197268769145" lon="29.210779163986444">
        <ele>3102.3099999999999</ele>
        <time>2023-05-06T12:26:39Z</time>
      </trkpt>
      <trkpt lat="-29.532024152576923" lon="29.210737170651555">
        <ele>3102.79</ele>
        <time>2023-05-06T12:26:40Z</time>
      </trkpt>
      <trkpt lat="-29.532085340470076" lon="29.210699703544378">
        <ele>3102.79</ele>
        <time>2023-05-06T12:26:41Z</time>
      </trkpt>
      <trkpt lat="-29.532213751226664" lon="29.210620243102312">
        <ele>3103.27</ele>
        <time>2023-05-06T12:26:43Z</time>
      </trkpt>
      <trkpt lat="-29.532263539731503" lon="29.210567940026522">
        <ele>3103.27</ele>
        <time>2023-05-06T12:26:44Z</time>
      </trkpt>
      <trkpt lat="-29.532293546944857" lon="29.210508177056909">
        <ele>3103.27</ele>
        <time>2023-05-06T12:26:45Z</time>
      </trkpt>
      <trkpt lat="-29.532297989353538" lon="29.21044522896409">
        <ele>3103.75</ele>
        <time>2023-05-06T12:26:46Z</time>
      </trkpt>
      <trkpt lat="-29.532275944948196" lon="29.210388902574778">
        <ele>3103.75</ele>
        <time>2023-05-06T12:26:47Z</time>
      </trkpt>
      <trkpt lat="-29.532231772318482" lon="29.210342885926366">
        <ele>3104.23</ele>
        <time>2023-05-06T12:26:48Z</time>
      </trkpt>
      <trkpt lat="-29.532169913873076" lon="29.210309525951743">
        <ele>3104.23</ele>
        <time>2023-05-06T12:26:49Z</time>
      </trkpt>
      <trkpt lat="-29.532090956345201" lon="29.21029033139348">
        <ele>3104.71</ele>
        <time>2023-05-06T12:26:50Z</time>
      </trkpt>
      <trkpt lat="-29.532002191990614" lon="29.210282620042562">
        <ele>3105.1999999999998</ele>
        <time>2023-05-06T12:26:51Z</time>
      </trkpt>
      <trkpt lat="-29.531908147037029" lon="29.21028102748096">
        <ele>3105.6799999999998</ele>
        <time>2023-05-06T12:26:52Z</time>
      </trkpt>
      <trkpt lat="-29.530827468261123" lon="29.210383705794811">
        <ele>3122.02</ele>
        <time>2023-05-06T12:27:01Z</time>
      </trkpt>
      <trkpt lat="-29.529844438657165" lon="29.210821744054556">
        <ele>3134.52</ele>
        <time>2023-05-06T12:27:09Z</time>
      </trkpt>
      <trkpt lat="-29.529735809192061" lon="29.210903299972415">
        <ele>3136.4400000000001</ele>
        <time>2023-05-06T12:27:10Z</time>
      </trkpt>
      <trkpt lat="-29.529638746753335" lon="29.210996758192778">
        <ele>3137.8800000000001</ele>
        <time>2023-05-06T12:27:11Z</time>
      </trkpt>
      <trkpt lat="-29.529550150036812" lon="29.211101615801454">
        <ele>3139.3200000000002</ele>
        <time>2023-05-06T12:27:12Z</time>
      </trkpt>
      <trkpt lat="-29.529471527785063" lon="29.211213765665889">
        <ele>3140.7600000000002</ele>
        <time>2023-05-06T12:27:13Z</time>
      </trkpt>
      <trkpt lat="-29.529406148940325" lon="29.211333626881242">
        <ele>3142.21</ele>
        <time>2023-05-06T12:27:14Z</time>
      </trkpt>
      <trkpt lat="-29.529353342950344" lon="29.211459187790751">
        <ele>3143.6500000000001</ele>
        <time>2023-05-06T12:27:15Z</time>
      </trkpt>
      <trkpt lat="-29.529312271624804" lon="29.211589945480227">
        <ele>3144.6100000000001</ele>
        <time>2023-05-06T12:27:16Z</time>
      </trkpt>
      <trkpt lat="-29.529282515868545" lon="29.211726151406765">
        <ele>3146.0500000000002</ele>
        <time>2023-05-06T12:27:17Z</time>
      </trkpt>
      <trkpt lat="-29.529263488948345" lon="29.211868727579713">
        <ele>3147.4899999999998</ele>
        <time>2023-05-06T12:27:18Z</time>
      </trkpt>
      <trkpt lat="-29.529252005741" lon="29.212014572694898">
        <ele>3149.4200000000001</ele>
        <time>2023-05-06T12:27:19Z</time>
      </trkpt>
      <trkpt lat="-29.529246892780066" lon="29.212148180231452">
        <ele>3150.8600000000001</ele>
        <time>2023-05-06T12:27:20Z</time>
      </trkpt>
      <trkpt lat="-29.529227614402771" lon="29.212354039773345">
        <ele>3154.2199999999998</ele>
        <time>2023-05-06T12:27:22Z</time>
      </trkpt>
      <trkpt lat="-29.529203223064542" lon="29.212423441931605">
        <ele>3155.6599999999999</ele>
        <time>2023-05-06T12:27:23Z</time>
      </trkpt>
      <trkpt lat="-29.529167851433158" lon="29.212472727522254">
        <ele>3157.1100000000001</ele>
        <time>2023-05-06T12:27:24Z</time>
      </trkpt>
      <trkpt lat="-29.529122086241841" lon="29.212504411116242">
        <ele>3158.0700000000002</ele>
        <time>2023-05-06T12:27:25Z</time>
      </trkpt>
      <trkpt lat="-29.529069028794765" lon="29.212520588189363">
        <ele>3159.5100000000002</ele>
        <time>2023-05-06T12:27:26Z</time>
      </trkpt>
      <trkpt lat="-29.529015719890594" lon="29.212523018941283">
        <ele>3160.4699999999998</ele>
        <time>2023-05-06T12:27:27Z</time>
      </trkpt>
      <trkpt lat="-29.528961237519979" lon="29.212509356439114">
        <ele>3161.4299999999998</ele>
        <time>2023-05-06T12:27:28Z</time>
      </trkpt>
      <trkpt lat="-29.528906084597111" lon="29.212481109425426">
        <ele>3162.8800000000001</ele>
        <time>2023-05-06T12:27:29Z</time>
      </trkpt>
      <trkpt lat="-29.528852691873908" lon="29.212435763329268">
        <ele>3163.8400000000001</ele>
        <time>2023-05-06T12:27:30Z</time>
      </trkpt>
      <trkpt lat="-29.528800472617149" lon="29.212377509102225">
        <ele>3165.2800000000002</ele>
        <time>2023-05-06T12:27:31Z</time>
      </trkpt>
      <trkpt lat="-29.52875018119812" lon="29.212311711162329">
        <ele>3166.2399999999998</ele>
        <time>2023-05-06T12:27:32Z</time>
      </trkpt>
      <trkpt lat="-29.528167638927698" lon="29.211508221924305">
        <ele>3175.3699999999999</ele>
        <time>2023-05-06T12:27:42Z</time>
      </trkpt>
      <trkpt lat="-29.527777209877968" lon="29.21023216098547">
        <ele>3186.9099999999999</ele>
        <time>2023-05-06T12:27:52Z</time>
      </trkpt>
      <trkpt lat="-29.52773136086762" lon="29.209943152964115">
        <ele>3189.79</ele>
        <time>2023-05-06T12:27:54Z</time>
      </trkpt>
      <trkpt lat="-29.52772649936378" lon="29.209793535992503">
        <ele>3191.23</ele>
        <time>2023-05-06T12:27:55Z</time>
      </trkpt>
      <trkpt lat="-29.527731109410524" lon="29.209640650078654">
        <ele>3192.1999999999998</ele>
        <time>2023-05-06T12:27:56Z</time>
      </trkpt>
      <trkpt lat="-29.527746951207519" lon="29.209483070299029">
        <ele>3193.1599999999999</ele>
        <time>2023-05-06T12:27:57Z</time>
      </trkpt>
      <trkpt lat="-29.527773857116699" lon="29.209319287911057">
        <ele>3194.5999999999999</ele>
        <time>2023-05-06T12:27:58Z</time>
      </trkpt>
      <trkpt lat="-29.527809731662273" lon="29.209160199388862">
        <ele>3195.5599999999999</ele>
        <time>2023-05-06T12:27:59Z</time>
      </trkpt>
      <trkpt lat="-29.527851557359099" lon="29.209002703428268">
        <ele>3196.52</ele>
        <time>2023-05-06T12:28:00Z</time>
      </trkpt>
      <trkpt lat="-29.528026655316353" lon="29.208242045715451">
        <ele>3201.3299999999999</ele>
        <time>2023-05-06T12:28:05Z</time>
      </trkpt>
      <trkpt lat="-29.528034618124366" lon="29.208095278590918">
        <ele>3202.29</ele>
        <time>2023-05-06T12:28:06Z</time>
      </trkpt>
      <trkpt lat="-29.52802455984056" lon="29.207950606942177">
        <ele>3203.25</ele>
        <time>2023-05-06T12:28:07Z</time>
      </trkpt>
      <trkpt lat="-29.527996564283967" lon="29.207809371873736">
        <ele>3204.21</ele>
        <time>2023-05-06T12:28:08Z</time>
      </trkpt>
      <trkpt lat="-29.52795566059649" lon="29.207676351070404">
        <ele>3204.6900000000001</ele>
        <time>2023-05-06T12:28:09Z</time>
      </trkpt>
      <trkpt lat="-29.527902854606509" lon="29.20755154453218">
        <ele>3205.6500000000001</ele>
        <time>2023-05-06T12:28:10Z</time>
      </trkpt>
      <trkpt lat="-29.527841666713357" lon="29.207436461001635">
        <ele>3206.1300000000001</ele>
        <time>2023-05-06T12:28:11Z</time>
      </trkpt>
      <trkpt lat="-29.527770923450589" lon="29.207327580079436">
        <ele>3207.0999999999999</ele>
        <time>2023-05-06T12:28:12Z</time>
      </trkpt>
      <trkpt lat="-29.527687607333064" lon="29.207226661965251">
        <ele>3207.5799999999999</ele>
        <time>2023-05-06T12:28:13Z</time>
      </trkpt>
      <trkpt lat="-29.527592724189162" lon="29.207141501829028">
        <ele>3207.5799999999999</ele>
        <time>2023-05-06T12:28:14Z</time>
      </trkpt>
      <trkpt lat="-29.527485016733408" lon="29.207061706110835">
        <ele>3208.0599999999999</ele>
        <time>2023-05-06T12:28:15Z</time>
      </trkpt>
      <trkpt lat="-29.526152461767197" lon="29.206166099756956">
        <ele>3202.29</ele>
        <time>2023-05-06T12:28:25Z</time>
      </trkpt>
      <trkpt lat="-29.524414390325546" lon="29.204759113490582">
        <ele>3195.0799999999999</ele>
        <time>2023-05-06T12:28:37Z</time>
      </trkpt>
      <trkpt lat="-29.523276714608073" lon="29.203318431973457">
        <ele>3194.5999999999999</ele>
        <time>2023-05-06T12:28:47Z</time>
      </trkpt>
      <trkpt lat="-29.522985946387053" lon="29.202130129560828">
        <ele>3197.96</ele>
        <time>2023-05-06T12:28:54Z</time>
      </trkpt>
      <trkpt lat="-29.522989299148321" lon="29.201993504539132">
        <ele>3198.4400000000001</ele>
        <time>2023-05-06T12:28:55Z</time>
      </trkpt>
      <trkpt lat="-29.523007068783045" lon="29.201865931972861">
        <ele>3198.9200000000001</ele>
        <time>2023-05-06T12:28:56Z</time>
      </trkpt>
      <trkpt lat="-29.523037495091558" lon="29.201743304729462">
        <ele>3199.4000000000001</ele>
        <time>2023-05-06T12:28:57Z</time>
      </trkpt>
      <trkpt lat="-29.523087199777365" lon="29.20161472633481">
        <ele>3199.4000000000001</ele>
        <time>2023-05-06T12:28:58Z</time>
      </trkpt>
      <trkpt lat="-29.523154338821769" lon="29.201489333063364">
        <ele>3199.4000000000001</ele>
        <time>2023-05-06T12:28:59Z</time>
      </trkpt>
      <trkpt lat="-29.523238493129611" lon="29.20136846601963">
        <ele>3198.9200000000001</ele>
        <time>2023-05-06T12:29:00Z</time>
      </trkpt>
      <trkpt lat="-29.523341171443462" lon="29.201245168223977">
        <ele>3198.4400000000001</ele>
        <time>2023-05-06T12:29:01Z</time>
      </trkpt>
      <trkpt lat="-29.523454243317246" lon="29.201125977560878">
        <ele>3197.96</ele>
        <time>2023-05-06T12:29:02Z</time>
      </trkpt>
      <trkpt lat="-29.524417323991656" lon="29.200097853317857">
        <ele>3195.5599999999999</ele>
        <time>2023-05-06T12:29:09Z</time>
      </trkpt>
      <trkpt lat="-29.524914789944887" lon="29.199530147016048">
        <ele>3196.52</ele>
        <time>2023-05-06T12:29:14Z</time>
      </trkpt>
      <trkpt lat="-29.524955023080111" lon="29.199440628290176">
        <ele>3196.52</ele>
        <time>2023-05-06T12:29:15Z</time>
      </trkpt>
      <trkpt lat="-29.524975055828691" lon="29.199349181726575">
        <ele>3196.52</ele>
        <time>2023-05-06T12:29:16Z</time>
      </trkpt>
      <trkpt lat="-29.524976816028357" lon="29.199250359088182">
        <ele>3196.52</ele>
        <time>2023-05-06T12:29:17Z</time>
      </trkpt>
      <trkpt lat="-29.524963656440377" lon="29.199138963595033">
        <ele>3197</ele>
        <time>2023-05-06T12:29:18Z</time>
      </trkpt>
      <trkpt lat="-29.524941109120846" lon="29.199024718254805">
        <ele>3197</ele>
        <time>2023-05-06T12:29:19Z</time>
      </trkpt>
      <trkpt lat="-29.524910682812333" lon="29.198900582268834">
        <ele>3197</ele>
        <time>2023-05-06T12:29:20Z</time>
      </trkpt>
      <trkpt lat="-29.524580435827374" lon="29.197623850777745">
        <ele>3199.4000000000001</ele>
        <time>2023-05-06T12:29:28Z</time>
      </trkpt>
      <trkpt lat="-29.524237783625722" lon="29.196131452918053">
        <ele>3209.5</ele>
        <time>2023-05-06T12:29:36Z</time>
      </trkpt>
      <trkpt lat="-29.524238035082817" lon="29.195952834561467">
        <ele>3210.9400000000001</ele>
        <time>2023-05-06T12:29:37Z</time>
      </trkpt>
      <trkpt lat="-29.524258738383651" lon="29.195775222033262">
        <ele>3212.8600000000001</ele>
        <time>2023-05-06T12:29:38Z</time>
      </trkpt>
      <trkpt lat="-29.524298468604684" lon="29.195596352219582">
        <ele>3214.3099999999999</ele>
        <time>2023-05-06T12:29:39Z</time>
      </trkpt>
      <trkpt lat="-29.524352699518204" lon="29.195418320596218">
        <ele>3215.75</ele>
        <time>2023-05-06T12:29:40Z</time>
      </trkpt>
      <trkpt lat="-29.52441556379199" lon="29.195240372791886">
        <ele>3217.6700000000001</ele>
        <time>2023-05-06T12:29:41Z</time>
      </trkpt>
      <trkpt lat="-29.52508008107543" lon="29.193464582785964">
        <ele>3231.6100000000001</ele>
        <time>2023-05-06T12:29:52Z</time>
      </trkpt>
      <trkpt lat="-29.5250971801579" lon="29.193371878936887">
        <ele>3232.0900000000001</ele>
        <time>2023-05-06T12:29:53Z</time>
      </trkpt>
      <trkpt lat="-29.525100030004978" lon="29.19328018091619">
        <ele>3232.5700000000002</ele>
        <time>2023-05-06T12:29:54Z</time>
      </trkpt>
      <trkpt lat="-29.525087960064411" lon="29.193192506209016">
        <ele>3233.0500000000002</ele>
        <time>2023-05-06T12:29:55Z</time>
      </trkpt>
      <trkpt lat="-29.525064323097467" lon="29.193107513710856">
        <ele>3234.0100000000002</ele>
        <time>2023-05-06T12:29:56Z</time>
      </trkpt>
      <trkpt lat="-29.525029119104147" lon="29.193026795983315">
        <ele>3234.0100000000002</ele>
        <time>2023-05-06T12:29:57Z</time>
      </trkpt>
      <trkpt lat="-29.524979498237371" lon="29.192953454330564">
        <ele>3234.4899999999998</ele>
        <time>2023-05-06T12:29:58Z</time>
      </trkpt>
      <trkpt lat="-29.524914370849729" lon="29.192888494580984">
        <ele>3234.9699999999998</ele>
        <time>2023-05-06T12:29:59Z</time>
      </trkpt>
      <trkpt lat="-29.524835832417011" lon="29.19282772578299">
        <ele>3235.9400000000001</ele>
        <time>2023-05-06T12:30:00Z</time>
      </trkpt>
      <trkpt lat="-29.524748492985964" lon="29.192768381908536">
        <ele>3236.4200000000001</ele>
        <time>2023-05-06T12:30:01Z</time>
      </trkpt>
      <trkpt lat="-29.523767475038767" lon="29.192080898210406">
        <ele>3244.1100000000001</ele>
        <time>2023-05-06T12:30:10Z</time>
      </trkpt>
      <trkpt lat="-29.522662488743663" lon="29.190867617726326">
        <ele>3250.8299999999999</ele>
        <time>2023-05-06T12:30:21Z</time>
      </trkpt>
      <trkpt lat="-29.522492671385407" lon="29.190707942470908">
        <ele>3251.8000000000002</ele>
        <time>2023-05-06T12:30:23Z</time>
      </trkpt>
      <trkpt lat="-29.52240482904017" lon="29.190648263320327">
        <ele>3252.2800000000002</ele>
        <time>2023-05-06T12:30:24Z</time>
      </trkpt>
      <trkpt lat="-29.522316819056869" lon="29.190604845061898">
        <ele>3252.2800000000002</ele>
        <time>2023-05-06T12:30:25Z</time>
      </trkpt>
      <trkpt lat="-29.522233754396439" lon="29.190575927495956">
        <ele>3252.7600000000002</ele>
        <time>2023-05-06T12:30:26Z</time>
      </trkpt>
      <trkpt lat="-29.522152952849865" lon="29.190557738766074">
        <ele>3252.7600000000002</ele>
        <time>2023-05-06T12:30:27Z</time>
      </trkpt>
      <trkpt lat="-29.52207064256072" lon="29.190544411540031">
        <ele>3253.2399999999998</ele>
        <time>2023-05-06T12:30:28Z</time>
      </trkpt>
      <trkpt lat="-29.521982213482261" lon="29.190536784008145">
        <ele>3253.2399999999998</ele>
        <time>2023-05-06T12:30:29Z</time>
      </trkpt>
      <trkpt lat="-29.521545935422182" lon="29.190500909462571">
        <ele>3252.7600000000002</ele>
        <time>2023-05-06T12:30:33Z</time>
      </trkpt>
      <trkpt lat="-29.520744038745761" lon="29.190146271139383">
        <ele>3245.0700000000002</ele>
        <time>2023-05-06T12:30:39Z</time>
      </trkpt>
      <trkpt lat="-29.520622752606869" lon="29.190045017749071">
        <ele>3243.6300000000001</ele>
        <time>2023-05-06T12:30:40Z</time>
      </trkpt>
      <trkpt lat="-29.520117240026593" lon="29.189425762742758">
        <ele>3238.3400000000001</ele>
        <time>2023-05-06T12:30:45Z</time>
      </trkpt>
      <trkpt lat="-29.519748771563172" lon="29.188249865546823">
        <ele>3230.1700000000001</ele>
        <time>2023-05-06T12:30:53Z</time>
      </trkpt>
      <trkpt lat="-29.519859245046973" lon="29.187058378010988">
        <ele>3222.96</ele>
        <time>2023-05-06T12:31:01Z</time>
      </trkpt>
      <trkpt lat="-29.51990844681859" lon="29.186647161841393">
        <ele>3221.0300000000002</ele>
        <time>2023-05-06T12:31:04Z</time>
      </trkpt>
      <trkpt lat="-29.519902495667338" lon="29.186519337818027">
        <ele>3220.5500000000002</ele>
        <time>2023-05-06T12:31:05Z</time>
      </trkpt>
      <trkpt lat="-29.519880702719092" lon="29.186394866555929">
        <ele>3220.0700000000002</ele>
        <time>2023-05-06T12:31:06Z</time>
      </trkpt>
      <trkpt lat="-29.519843989983201" lon="29.186282716691494">
        <ele>3219.1100000000001</ele>
        <time>2023-05-06T12:31:07Z</time>
      </trkpt>
      <trkpt lat="-29.519795207306743" lon="29.186176350340247">
        <ele>3218.1500000000001</ele>
        <time>2023-05-06T12:31:08Z</time>
      </trkpt>
      <trkpt lat="-29.519734522327781" lon="29.18607727624476">
        <ele>3217.1900000000001</ele>
        <time>2023-05-06T12:31:09Z</time>
      </trkpt>
      <trkpt lat="-29.519662940874696" lon="29.185981638729572">
        <ele>3216.23</ele>
        <time>2023-05-06T12:31:10Z</time>
      </trkpt>
      <trkpt lat="-29.519580714404583" lon="29.185896897688508">
        <ele>3215.27</ele>
        <time>2023-05-06T12:31:11Z</time>
      </trkpt>
      <trkpt lat="-29.519484825432301" lon="29.185823136940598">
        <ele>3214.3099999999999</ele>
        <time>2023-05-06T12:31:12Z</time>
      </trkpt>
      <trkpt lat="-29.519376782700419" lon="29.185760524123907">
        <ele>3213.3400000000001</ele>
        <time>2023-05-06T12:31:13Z</time>
      </trkpt>
      <trkpt lat="-29.519262872636318" lon="29.185705371201038">
        <ele>3212.3800000000001</ele>
        <time>2023-05-06T12:31:14Z</time>
      </trkpt>
      <trkpt lat="-29.519141167402267" lon="29.185652900487185">
        <ele>3210.9400000000001</ele>
        <time>2023-05-06T12:31:15Z</time>
      </trkpt>
      <trkpt lat="-29.517853623256087" lon="29.185289712622762">
        <ele>3197.96</ele>
        <time>2023-05-06T12:31:24Z</time>
      </trkpt>
      <trkpt lat="-29.515546672046185" lon="29.185212180018425">
        <ele>3172.0100000000002</ele>
        <time>2023-05-06T12:31:40Z</time>
      </trkpt>
      <trkpt lat="-29.514377899467945" lon="29.184834659099579">
        <ele>3159.0300000000002</ele>
        <time>2023-05-06T12:31:49Z</time>
      </trkpt>
      <trkpt lat="-29.513368885964155" lon="29.183848360553384">
        <ele>3147.9699999999998</ele>
        <time>2023-05-06T12:31:58Z</time>
      </trkpt>
      <trkpt lat="-29.512212434783578" lon="29.182670367881656">
        <ele>3129.23</ele>
        <time>2023-05-06T12:32:08Z</time>
      </trkpt>
      <trkpt lat="-29.512074468657374" lon="29.182578166946769">
        <ele>3127.79</ele>
        <time>2023-05-06T12:32:09Z</time>
      </trkpt>
      <trkpt lat="-29.511933317407966" lon="29.1825005505234">
        <ele>3126.3400000000001</ele>
        <time>2023-05-06T12:32:10Z</time>
      </trkpt>
      <trkpt lat="-29.511781940236688" lon="29.182431483641267">
        <ele>3124.9000000000001</ele>
        <time>2023-05-06T12:32:11Z</time>
      </trkpt>
      <trkpt lat="-29.511626120656729" lon="29.18237348087132">
        <ele>3123.46</ele>
        <time>2023-05-06T12:32:12Z</time>
      </trkpt>
      <trkpt lat="-29.511463763192296" lon="29.182321513071656">
        <ele>3121.54</ele>
        <time>2023-05-06T12:32:13Z</time>
      </trkpt>
      <trkpt lat="-29.509648662060499" lon="29.181504612788558">
        <ele>3111.4400000000001</ele>
        <time>2023-05-06T12:32:25Z</time>
      </trkpt>
      <trkpt lat="-29.50873495079577" lon="29.180554691702127">
        <ele>3107.1199999999999</ele>
        <time>2023-05-06T12:32:33Z</time>
      </trkpt>
      <trkpt lat="-29.508661944419146" lon="29.180439356714487">
        <ele>3106.1599999999999</ele>
        <time>2023-05-06T12:32:34Z</time>
      </trkpt>
      <trkpt lat="-29.508603941649199" lon="29.180314717814326">
        <ele>3105.6799999999998</ele>
        <time>2023-05-06T12:32:35Z</time>
      </trkpt>
      <trkpt lat="-29.508558930829167" lon="29.180182786658406">
        <ele>3104.71</ele>
        <time>2023-05-06T12:32:36Z</time>
      </trkpt>
      <trkpt lat="-29.508524900302291" lon="29.180047083646059">
        <ele>3103.75</ele>
        <time>2023-05-06T12:32:37Z</time>
      </trkpt>
      <trkpt lat="-29.508504113182425" lon="29.179911380633712">
        <ele>3103.27</ele>
        <time>2023-05-06T12:32:38Z</time>
      </trkpt>
      <trkpt lat="-29.508499754592776" lon="29.17977349832654">
        <ele>3102.3099999999999</ele>
        <time>2023-05-06T12:32:39Z</time>
      </trkpt>
      <trkpt lat="-29.508507801219821" lon="29.179638298228383">
        <ele>3101.3499999999999</ele>
        <time>2023-05-06T12:32:40Z</time>
      </trkpt>
      <trkpt lat="-29.508527163416147" lon="29.179507121443748">
        <ele>3100.3899999999999</ele>
        <time>2023-05-06T12:32:41Z</time>
      </trkpt>
      <trkpt lat="-29.508558847010136" lon="29.179381979629397">
        <ele>3099.4299999999998</ele>
        <time>2023-05-06T12:32:42Z</time>
      </trkpt>
      <trkpt lat="-29.508602852001786" lon="29.179262453690171">
        <ele>3098.4699999999998</ele>
        <time>2023-05-06T12:32:43Z</time>
      </trkpt>
      <trkpt lat="-29.508658926934004" lon="29.179147705435753">
        <ele>3097.5100000000002</ele>
        <time>2023-05-06T12:32:44Z</time>
      </trkpt>
      <trkpt lat="-29.508725982159376" lon="29.179037986323237">
        <ele>3096.54</ele>
        <time>2023-05-06T12:32:45Z</time>
      </trkpt>
      <trkpt lat="-29.508803766220808" lon="29.178933883085847">
        <ele>3095.5799999999999</ele>
        <time>2023-05-06T12:32:46Z</time>
      </trkpt>
      <trkpt lat="-29.508889764547348" lon="29.178838580846786">
        <ele>3095.0999999999999</ele>
        <time>2023-05-06T12:32:47Z</time>
      </trkpt>
      <trkpt lat="-29.508980540558696" lon="29.178746296092868">
        <ele>3094.1399999999999</ele>
        <time>2023-05-06T12:32:48Z</time>
      </trkpt>
      <trkpt lat="-29.50944053940475" lon="29.178243968635798">
        <ele>3088.3699999999999</ele>
        <time>2023-05-06T12:32:54Z</time>
      </trkpt>
      <trkpt lat="-29.509484125301242" lon="29.178151348605752">
        <ele>3087.4099999999999</ele>
        <time>2023-05-06T12:32:55Z</time>
      </trkpt>
      <trkpt lat="-29.509515641257167" lon="29.178049257025123">
        <ele>3085.9699999999998</ele>
        <time>2023-05-06T12:32:56Z</time>
      </trkpt>
      <trkpt lat="-29.509530141949654" lon="29.177948841825128">
        <ele>3085.0100000000002</ele>
        <time>2023-05-06T12:32:57Z</time>
      </trkpt>
      <trkpt lat="-29.509529052302241" lon="29.177850438281894">
        <ele>3083.5700000000002</ele>
        <time>2023-05-06T12:32:58Z</time>
      </trkpt>
      <trkpt lat="-29.509512456133962" lon="29.177749436348677">
        <ele>3082.5999999999999</ele>
        <time>2023-05-06T12:32:59Z</time>
      </trkpt>
      <trkpt lat="-29.509482197463512" lon="29.177651116624475">
        <ele>3081.1599999999999</ele>
        <time>2023-05-06T12:33:00Z</time>
      </trkpt>
      <trkpt lat="-29.50944053940475" lon="29.177560340613127">
        <ele>3080.1999999999998</ele>
        <time>2023-05-06T12:33:01Z</time>
      </trkpt>
      <trkpt lat="-29.509387481957674" lon="29.177478868514299">
        <ele>3078.7600000000002</ele>
        <time>2023-05-06T12:33:02Z</time>
      </trkpt>
      <trkpt lat="-29.509324533864856" lon="29.177408879622817">
        <ele>3077.8000000000002</ele>
        <time>2023-05-06T12:33:03Z</time>
      </trkpt>
      <trkpt lat="-29.509252281859517" lon="29.177352972328663">
        <ele>3076.3600000000001</ele>
        <time>2023-05-06T12:33:04Z</time>
      </trkpt>
      <trkpt lat="-29.50917181558907" lon="29.177310140803456">
        <ele>3075.4000000000001</ele>
        <time>2023-05-06T12:33:05Z</time>
      </trkpt>
      <trkpt lat="-29.509081961587071" lon="29.177280720323324">
        <ele>3074.4299999999998</ele>
        <time>2023-05-06T12:33:06Z</time>
      </trkpt>
      <trkpt lat="-29.508985066786408" lon="29.177266471087933">
        <ele>3073.4699999999998</ele>
        <time>2023-05-06T12:33:07Z</time>
      </trkpt>
      <trkpt lat="-29.508881969377398" lon="29.177263621240854">
        <ele>3072.0300000000002</ele>
        <time>2023-05-06T12:33:08Z</time>
      </trkpt>
      <trkpt lat="-29.508773926645517" lon="29.177268147468567">
        <ele>3071.0700000000002</ele>
        <time>2023-05-06T12:33:09Z</time>
      </trkpt>
      <trkpt lat="-29.5076091773808" lon="29.177419440820813">
        <ele>3061.9400000000001</ele>
        <time>2023-05-06T12:33:18Z</time>
      </trkpt>
      <trkpt lat="-29.505484784021974" lon="29.178061746060848">
        <ele>3042.23</ele>
        <time>2023-05-06T12:33:33Z</time>
      </trkpt>
      <trkpt lat="-29.504624214023352" lon="29.178279004991055">
        <ele>3030.6900000000001</ele>
        <time>2023-05-06T12:33:39Z</time>
      </trkpt>
      <trkpt lat="-29.504487589001656" lon="29.178280010819435">
        <ele>3029.73</ele>
        <time>2023-05-06T12:33:40Z</time>
      </trkpt>
      <trkpt lat="-29.504354568198323" lon="29.178262408822775">
        <ele>3028.29</ele>
        <time>2023-05-06T12:33:41Z</time>
      </trkpt>
      <trkpt lat="-29.504226744174957" lon="29.17823089286685">
        <ele>3026.8499999999999</ele>
        <time>2023-05-06T12:33:42Z</time>
      </trkpt>
      <trkpt lat="-29.504104955121875" lon="29.178182948380709">
        <ele>3025.8899999999999</ele>
        <time>2023-05-06T12:33:43Z</time>
      </trkpt>
      <trkpt lat="-29.503988111391664" lon="29.178118240088224">
        <ele>3024.9299999999998</ele>
        <time>2023-05-06T12:33:44Z</time>
      </trkpt>
      <trkpt lat="-29.503874452784657" lon="29.178039198741317">
        <ele>3023.96</ele>
        <time>2023-05-06T12:33:45Z</time>
      </trkpt>
      <trkpt lat="-29.503763895481825" lon="29.177950685843825">
        <ele>3023</ele>
        <time>2023-05-06T12:33:46Z</time>
      </trkpt>
      <trkpt lat="-29.50340548530221" lon="29.177701994776726">
        <ele>3019.6399999999999</ele>
        <time>2023-05-06T12:33:49Z</time>
      </trkpt>
      <trkpt lat="-29.503282522782683" lon="29.177647260949016">
        <ele>3018.6799999999998</ele>
        <time>2023-05-06T12:33:50Z</time>
      </trkpt>
      <trkpt lat="-29.503147825598717" lon="29.177605519071221">
        <ele>3017.7199999999998</ele>
        <time>2023-05-06T12:33:51Z</time>
      </trkpt>
      <trkpt lat="-29.503012876957655" lon="29.177577355876565">
        <ele>3016.75</ele>
        <time>2023-05-06T12:33:52Z</time>
      </trkpt>
      <trkpt lat="-29.502882035449147" lon="29.177556065842509">
        <ele>3015.79</ele>
        <time>2023-05-06T12:33:53Z</time>
      </trkpt>
      <trkpt lat="-29.501958433538675" lon="29.177394211292267">
        <ele>3008.0999999999999</ele>
        <time>2023-05-06T12:34:02Z</time>
      </trkpt>
      <trkpt lat="-29.501870172098279" lon="29.177364958450198">
        <ele>3007.6199999999999</ele>
        <time>2023-05-06T12:34:03Z</time>
      </trkpt>
      <trkpt lat="-29.501780569553375" lon="29.177327575162053">
        <ele>3006.6599999999999</ele>
        <time>2023-05-06T12:34:04Z</time>
      </trkpt>
      <trkpt lat="-29.500878509134054" lon="29.176794402301311">
        <ele>3000.8899999999999</ele>
        <time>2023-05-06T12:34:12Z</time>
      </trkpt>
      <trkpt lat="-29.499669000506401" lon="29.175546336919069">
        <ele>2989.3600000000001</ele>
        <time>2023-05-06T12:34:23Z</time>
      </trkpt>
      <trkpt lat="-29.497886504977942" lon="29.173870543017983">
        <ele>2967.25</ele>
        <time>2023-05-06T12:34:38Z</time>
      </trkpt>
      <trkpt lat="-29.497013529762626" lon="29.172855326905847">
        <ele>2952.8299999999999</ele>
        <time>2023-05-06T12:34:45Z</time>
      </trkpt>
      <trkpt lat="-29.495996134355664" lon="29.172001294791698">
        <ele>2938.8899999999999</ele>
        <time>2023-05-06T12:34:52Z</time>
      </trkpt>
      <trkpt lat="-29.49555809609592" lon="29.171663084998727">
        <ele>2933.5999999999999</ele>
        <time>2023-05-06T12:34:55Z</time>
      </trkpt>
      <trkpt lat="-29.495435636490583" lon="29.171532830223441">
        <ele>2931.6799999999998</ele>
        <time>2023-05-06T12:34:56Z</time>
      </trkpt>
      <trkpt lat="-29.494226379320025" lon="29.170433543622494">
        <ele>2916.7800000000002</ele>
        <time>2023-05-06T12:35:05Z</time>
      </trkpt>
      <trkpt lat="-29.492683773860335" lon="29.169424781575799">
        <ele>2902.3600000000001</ele>
        <time>2023-05-06T12:35:15Z</time>
      </trkpt>
      <trkpt lat="-29.490938829258084" lon="29.168482823297381">
        <ele>2894.6700000000001</ele>
        <time>2023-05-06T12:35:26Z</time>
      </trkpt>
      <trkpt lat="-29.489855719730258" lon="29.168215021491051">
        <ele>2886.5</ele>
        <time>2023-05-06T12:35:33Z</time>
      </trkpt>
      <trkpt lat="-29.488638415932655" lon="29.167553102597594">
        <ele>2875.4400000000001</ele>
        <time>2023-05-06T12:35:41Z</time>
      </trkpt>
      <trkpt lat="-29.488500701263547" lon="29.167461739853024">
        <ele>2874</ele>
        <time>2023-05-06T12:35:42Z</time>
      </trkpt>
      <trkpt lat="-29.488372290506959" lon="29.167351434007287">
        <ele>2872.5599999999999</ele>
        <time>2023-05-06T12:35:43Z</time>
      </trkpt>
      <trkpt lat="-29.488248908892274" lon="29.167224783450365">
        <ele>2871.1100000000001</ele>
        <time>2023-05-06T12:35:44Z</time>
      </trkpt>
      <trkpt lat="-29.486786769703031" lon="29.165630796924233">
        <ele>2848.52</ele>
        <time>2023-05-06T12:35:56Z</time>
      </trkpt>
      <trkpt lat="-29.486719379201531" lon="29.165504733100533">
        <ele>2847.0799999999999</ele>
        <time>2023-05-06T12:35:57Z</time>
      </trkpt>
      <trkpt lat="-29.486674452200532" lon="29.165372969582677">
        <ele>2845.6399999999999</ele>
        <time>2023-05-06T12:35:58Z</time>
      </trkpt>
      <trkpt lat="-29.48665140196681" lon="29.165237937122583">
        <ele>2844.1999999999998</ele>
        <time>2023-05-06T12:35:59Z</time>
      </trkpt>
      <trkpt lat="-29.486648635938764" lon="29.165101228281856">
        <ele>2843.7199999999998</ele>
        <time>2023-05-06T12:36:00Z</time>
      </trkpt>
      <trkpt lat="-29.486661879345775" lon="29.164971057325602">
        <ele>2842.2800000000002</ele>
        <time>2023-05-06T12:36:01Z</time>
      </trkpt>
      <trkpt lat="-29.486680403351784" lon="29.164871061220765">
        <ele>2841.3099999999999</ele>
        <time>2023-05-06T12:36:02Z</time>
      </trkpt>
      <trkpt lat="-29.486707225441933" lon="29.16469001211226">
        <ele>2839.3899999999999</ele>
        <time>2023-05-06T12:36:04Z</time>
      </trkpt>
      <trkpt lat="-29.486704207956791" lon="29.164611054584384">
        <ele>2838.4299999999998</ele>
        <time>2023-05-06T12:36:05Z</time>
      </trkpt>
      <trkpt lat="-29.486685181036592" lon="29.164537126198411">
        <ele>2837.4699999999998</ele>
        <time>2023-05-06T12:36:06Z</time>
      </trkpt>
      <trkpt lat="-29.486647378653288" lon="29.164470406249166">
        <ele>2836.5100000000002</ele>
        <time>2023-05-06T12:36:07Z</time>
      </trkpt>
      <trkpt lat="-29.486590130254626" lon="29.16441299021244">
        <ele>2835.0599999999999</ele>
        <time>2023-05-06T12:36:08Z</time>
      </trkpt>
      <trkpt lat="-29.486516620963812" lon="29.164371835067868">
        <ele>2833.6199999999999</ele>
        <time>2023-05-06T12:36:09Z</time>
      </trkpt>
      <trkpt lat="-29.486429784446955" lon="29.164351215586066">
        <ele>2832.6599999999999</ele>
        <time>2023-05-06T12:36:10Z</time>
      </trkpt>
      <trkpt lat="-29.486335152760148" lon="29.164349623024464">
        <ele>2831.2199999999998</ele>
        <time>2023-05-06T12:36:11Z</time>
      </trkpt>
      <trkpt lat="-29.486237922683358" lon="29.164361609145999">
        <ele>2829.7800000000002</ele>
        <time>2023-05-06T12:36:12Z</time>
      </trkpt>
      <trkpt lat="-29.486136250197887" lon="29.164384407922626">
        <ele>2828.3400000000001</ele>
        <time>2023-05-06T12:36:13Z</time>
      </trkpt>
      <trkpt lat="-29.486029716208577" lon="29.16442078538239">
        <ele>2826.8899999999999</ele>
        <time>2023-05-06T12:36:14Z</time>
      </trkpt>
      <trkpt lat="-29.485920667648315" lon="29.164470909163356">
        <ele>2824.9699999999998</ele>
        <time>2023-05-06T12:36:15Z</time>
      </trkpt>
      <trkpt lat="-29.485810277983546" lon="29.16453025303781">
        <ele>2823.5300000000002</ele>
        <time>2023-05-06T12:36:16Z</time>
      </trkpt>
      <trkpt lat="-29.485694691538811" lon="29.16458104737103">
        <ele>2822.0900000000001</ele>
        <time>2023-05-06T12:36:17Z</time>
      </trkpt>
      <trkpt lat="-29.485570723190904" lon="29.164604684337974">
        <ele>2820.6500000000001</ele>
        <time>2023-05-06T12:36:18Z</time>
      </trkpt>
      <trkpt lat="-29.485438540577888" lon="29.164602672681212">
        <ele>2819.6799999999998</ele>
        <time>2023-05-06T12:36:19Z</time>
      </trkpt>
      <trkpt lat="-29.484291980043054" lon="29.164217859506607">
        <ele>2813.9200000000001</ele>
        <time>2023-05-06T12:36:27Z</time>
      </trkpt>
      <trkpt lat="-29.482574360445142" lon="29.163417471572757">
        <ele>2808.6300000000001</ele>
        <time>2023-05-06T12:36:39Z</time>
      </trkpt>
      <trkpt lat="-29.481460992246866" lon="29.162778770551085">
        <ele>2795.6500000000001</ele>
        <time>2023-05-06T12:36:46Z</time>
      </trkpt>
      <trkpt lat="-29.480288280174136" lon="29.162199078127742">
        <ele>2785.5599999999999</ele>
        <time>2023-05-06T12:36:53Z</time>
      </trkpt>
      <trkpt lat="-29.480153415352106" lon="29.162091622129083">
        <ele>2784.1199999999999</ele>
        <time>2023-05-06T12:36:54Z</time>
      </trkpt>
      <trkpt lat="-29.479070473462343" lon="29.161451412364841">
        <ele>2769.6999999999998</ele>
        <time>2023-05-06T12:37:02Z</time>
      </trkpt>
      <trkpt lat="-29.478967543691397" lon="29.161389973014593">
        <ele>2767.77</ele>
        <time>2023-05-06T12:37:03Z</time>
      </trkpt>
      <trkpt lat="-29.478880958631635" lon="29.161314032971859">
        <ele>2766.3299999999999</ele>
        <time>2023-05-06T12:37:04Z</time>
      </trkpt>
      <trkpt lat="-29.478811640292406" lon="29.161225352436304">
        <ele>2764.4099999999999</ele>
        <time>2023-05-06T12:37:05Z</time>
      </trkpt>
      <trkpt lat="-29.47875757701695" lon="29.161122590303421">
        <ele>2762.4899999999998</ele>
        <time>2023-05-06T12:37:06Z</time>
      </trkpt>
      <trkpt lat="-29.478708878159523" lon="29.161014463752508">
        <ele>2761.04</ele>
        <time>2023-05-06T12:37:07Z</time>
      </trkpt>
      <trkpt lat="-29.478657077997923" lon="29.160915138199925">
        <ele>2759.5999999999999</ele>
        <time>2023-05-06T12:37:08Z</time>
      </trkpt>
      <trkpt lat="-29.478599410504103" lon="29.160832744091749">
        <ele>2758.1599999999999</ele>
        <time>2023-05-06T12:37:09Z</time>
      </trkpt>
      <trkpt lat="-29.478537803515792" lon="29.160772897303104">
        <ele>2757.1999999999998</ele>
        <time>2023-05-06T12:37:10Z</time>
      </trkpt>
      <trkpt lat="-29.478468149900436" lon="29.160732412710786">
        <ele>2755.7600000000002</ele>
        <time>2023-05-06T12:37:11Z</time>
      </trkpt>
      <trkpt lat="-29.478392964228988" lon="29.160711374133825">
        <ele>2754.8000000000002</ele>
        <time>2023-05-06T12:37:12Z</time>
      </trkpt>
      <trkpt lat="-29.478315263986588" lon="29.160711457952857">
        <ele>2753.8299999999999</ele>
        <time>2023-05-06T12:37:13Z</time>
      </trkpt>
      <trkpt lat="-29.478239072486758" lon="29.160730820149183">
        <ele>2752.3899999999999</ele>
        <time>2023-05-06T12:37:14Z</time>
      </trkpt>
      <trkpt lat="-29.4781643897295" lon="29.160770466551185">
        <ele>2751.4299999999998</ele>
        <time>2023-05-06T12:37:15Z</time>
      </trkpt>
      <trkpt lat="-29.478093730285764" lon="29.160828217864037">
        <ele>2750.4699999999998</ele>
        <time>2023-05-06T12:37:16Z</time>
      </trkpt>
      <trkpt lat="-29.478027513250709" lon="29.160905415192246">
        <ele>2749.0300000000002</ele>
        <time>2023-05-06T12:37:17Z</time>
      </trkpt>
      <trkpt lat="-29.477964732795954" lon="29.160998202860355">
        <ele>2748.0700000000002</ele>
        <time>2023-05-06T12:37:18Z</time>
      </trkpt>
      <trkpt lat="-29.477903796359897" lon="29.161103228107095">
        <ele>2746.6199999999999</ele>
        <time>2023-05-06T12:37:19Z</time>
      </trkpt>
      <trkpt lat="-29.477578913792968" lon="29.161629108712077">
        <ele>2737.9699999999998</ele>
        <time>2023-05-06T12:37:24Z</time>
      </trkpt>
      <trkpt lat="-29.477501465007663" lon="29.161687614396214">
        <ele>2736.0500000000002</ele>
        <time>2023-05-06T12:37:25Z</time>
      </trkpt>
      <trkpt lat="-29.477417394518852" lon="29.161715107038617">
        <ele>2734.6100000000001</ele>
        <time>2023-05-06T12:37:26Z</time>
      </trkpt>
      <trkpt lat="-29.477330641821027" lon="29.161710077896714">
        <ele>2733.1700000000001</ele>
        <time>2023-05-06T12:37:27Z</time>
      </trkpt>
      <trkpt lat="-29.477241542190313" lon="29.161674370989203">
        <ele>2731.7199999999998</ele>
        <time>2023-05-06T12:37:28Z</time>
      </trkpt>
      <trkpt lat="-29.477148167788982" lon="29.16161360219121">
        <ele>2730.2800000000002</ele>
        <time>2023-05-06T12:37:29Z</time>
      </trkpt>
      <trkpt lat="-29.47705278173089" lon="29.161540595814586">
        <ele>2729.3200000000002</ele>
        <time>2023-05-06T12:37:30Z</time>
      </trkpt>
      <trkpt lat="-29.476948510855436" lon="29.161471612751484">
        <ele>2728.3600000000001</ele>
        <time>2023-05-06T12:37:31Z</time>
      </trkpt>
      <trkpt lat="-29.476840049028397" lon="29.161414867267013">
        <ele>2727.8800000000001</ele>
        <time>2023-05-06T12:37:32Z</time>
      </trkpt>
      <trkpt lat="-29.476725803688169" lon="29.161366336047649">
        <ele>2727.8800000000001</ele>
        <time>2023-05-06T12:37:33Z</time>
      </trkpt>
      <trkpt lat="-29.476603511720896" lon="29.161330126225948">
        <ele>2727.4000000000001</ele>
        <time>2023-05-06T12:37:34Z</time>
      </trkpt>
      <trkpt lat="-29.476477196440101" lon="29.161305483430624">
        <ele>2726.9200000000001</ele>
        <time>2023-05-06T12:37:35Z</time>
      </trkpt>
      <trkpt lat="-29.476346941664815" lon="29.161290312185884">
        <ele>2726.4400000000001</ele>
        <time>2023-05-06T12:37:36Z</time>
      </trkpt>
      <trkpt lat="-29.476211490109563" lon="29.161291737109423">
        <ele>2726.4400000000001</ele>
        <time>2023-05-06T12:37:37Z</time>
      </trkpt>
      <trkpt lat="-29.476081319153309" lon="29.161307662725449">
        <ele>2725.96</ele>
        <time>2023-05-06T12:37:38Z</time>
      </trkpt>
      <trkpt lat="-29.475953495129943" lon="29.161334149539471">
        <ele>2725.48</ele>
        <time>2023-05-06T12:37:39Z</time>
      </trkpt>
      <trkpt lat="-29.475820139050484" lon="29.16137614287436">
        <ele>2724.5100000000002</ele>
        <time>2023-05-06T12:37:40Z</time>
      </trkpt>
      <trkpt lat="-29.475684016942978" lon="29.161432217806578">
        <ele>2723.5500000000002</ele>
        <time>2023-05-06T12:37:41Z</time>
      </trkpt>
      <trkpt lat="-29.474983876571059" lon="29.161747545003891">
        <ele>2719.23</ele>
        <time>2023-05-06T12:37:46Z</time>
      </trkpt>
      <trkpt lat="-29.474829733371735" lon="29.161785682663321">
        <ele>2718.27</ele>
        <time>2023-05-06T12:37:47Z</time>
      </trkpt>
      <trkpt lat="-29.474672740325332" lon="29.161804039031267">
        <ele>2717.7800000000002</ele>
        <time>2023-05-06T12:37:48Z</time>
      </trkpt>
      <trkpt lat="-29.474505018442869" lon="29.161802195012569">
        <ele>2717.3000000000002</ele>
        <time>2023-05-06T12:37:49Z</time>
      </trkpt>
      <trkpt lat="-29.474321370944381" lon="29.161781491711736">
        <ele>2716.8200000000002</ele>
        <time>2023-05-06T12:37:50Z</time>
      </trkpt>
      <trkpt lat="-29.474127665162086" lon="29.161751652136445">
        <ele>2716.3400000000001</ele>
        <time>2023-05-06T12:37:51Z</time>
      </trkpt>
      <trkpt lat="-29.472992336377501" lon="29.161773445084691">
        <ele>2715.3800000000001</ele>
        <time>2023-05-06T12:37:57Z</time>
      </trkpt>
      <trkpt lat="-29.47247919626534" lon="29.161736480891705">
        <ele>2716.3400000000001</ele>
        <time>2023-05-06T12:38:00Z</time>
      </trkpt>
      <trkpt lat="-29.472312228754163" lon="29.161694822832942">
        <ele>2716.3400000000001</ele>
        <time>2023-05-06T12:38:01Z</time>
      </trkpt>
      <trkpt lat="-29.471540506929159" lon="29.161413945257664">
        <ele>2717.3000000000002</ele>
        <time>2023-05-06T12:38:06Z</time>
      </trkpt>
      <trkpt lat="-29.471405809745193" lon="29.161336161196232">
        <ele>2717.3000000000002</ele>
        <time>2023-05-06T12:38:07Z</time>
      </trkpt>
      <trkpt lat="-29.471276476979256" lon="29.161259550601244">
        <ele>2717.7800000000002</ele>
        <time>2023-05-06T12:38:08Z</time>
      </trkpt>
      <trkpt lat="-29.471142115071416" lon="29.161195009946823">
        <ele>2717.7800000000002</ele>
        <time>2023-05-06T12:38:09Z</time>
      </trkpt>
      <trkpt lat="-29.471002221107483" lon="29.161151256412268">
        <ele>2717.3000000000002</ele>
        <time>2023-05-06T12:38:10Z</time>
      </trkpt>
      <trkpt lat="-29.470855034887791" lon="29.161120662465692">
        <ele>2717.3000000000002</ele>
        <time>2023-05-06T12:38:11Z</time>
      </trkpt>
      <trkpt lat="-29.470712626352906" lon="29.161098534241319">
        <ele>2716.8200000000002</ele>
        <time>2023-05-06T12:38:12Z</time>
      </trkpt>
      <trkpt lat="-29.469561036676168" lon="29.160940367728472">
        <ele>2712.98</ele>
        <time>2023-05-06T12:38:20Z</time>
      </trkpt>
      <trkpt lat="-29.469440588727593" lon="29.160894099622965">
        <ele>2711.54</ele>
        <time>2023-05-06T12:38:21Z</time>
      </trkpt>
      <trkpt lat="-29.469326008111238" lon="29.160826541483402">
        <ele>2709.6100000000001</ele>
        <time>2023-05-06T12:38:22Z</time>
      </trkpt>
      <trkpt lat="-29.469224167987704" lon="29.16074481792748">
        <ele>2707.6900000000001</ele>
        <time>2023-05-06T12:38:23Z</time>
      </trkpt>
      <trkpt lat="-29.469129452481866" lon="29.160647839307785">
        <ele>2705.77</ele>
        <time>2023-05-06T12:38:24Z</time>
      </trkpt>
      <trkpt lat="-29.46904705837369" lon="29.160532588139176">
        <ele>2703.8499999999999</ele>
        <time>2023-05-06T12:38:25Z</time>
      </trkpt>
      <trkpt lat="-29.468974890187383" lon="29.160398142412305">
        <ele>2701.9200000000001</ele>
        <time>2023-05-06T12:38:26Z</time>
      </trkpt>
      <trkpt lat="-29.468910936266184" lon="29.160259338095784">
        <ele>2699.52</ele>
        <time>2023-05-06T12:38:27Z</time>
      </trkpt>
      <trkpt lat="-29.468282964080572" lon="29.159045470878482">
        <ele>2677.8899999999999</ele>
        <time>2023-05-06T12:38:35Z</time>
      </trkpt>
      <trkpt lat="-29.468203922733665" lon="29.15889292024076">
        <ele>2675.4899999999998</ele>
        <time>2023-05-06T12:38:36Z</time>
      </trkpt>
      <trkpt lat="-29.468111470341682" lon="29.158751685172319">
        <ele>2672.5999999999999</ele>
        <time>2023-05-06T12:38:37Z</time>
      </trkpt>
      <trkpt lat="-29.468010049313307" lon="29.158624950796366">
        <ele>2670.1999999999998</ele>
        <time>2023-05-06T12:38:38Z</time>
      </trkpt>
      <trkpt lat="-29.467898402363062" lon="29.158504335209727">
        <ele>2667.3099999999999</ele>
        <time>2023-05-06T12:38:39Z</time>
      </trkpt>
      <trkpt lat="-29.467782732099295" lon="29.158399058505893">
        <ele>2664.9099999999999</ele>
        <time>2023-05-06T12:38:40Z</time>
      </trkpt>
      <trkpt lat="-29.467665804550052" lon="29.158306438475847">
        <ele>2662.5100000000002</ele>
        <time>2023-05-06T12:38:41Z</time>
      </trkpt>
      <trkpt lat="-29.467471512034535" lon="29.158129412680864">
        <ele>2657.6999999999998</ele>
        <time>2023-05-06T12:38:43Z</time>
      </trkpt>
      <trkpt lat="-29.467394314706326" lon="29.158022124320269">
        <ele>2655.7800000000002</ele>
        <time>2023-05-06T12:38:44Z</time>
      </trkpt>
      <trkpt lat="-29.467332120984793" lon="29.157899161800742">
        <ele>2653.3800000000001</ele>
        <time>2023-05-06T12:38:45Z</time>
      </trkpt>
      <trkpt lat="-29.467291384935379" lon="29.157771840691566">
        <ele>2651.4499999999998</ele>
        <time>2023-05-06T12:38:46Z</time>
      </trkpt>
      <trkpt lat="-29.467261461541057" lon="29.157634461298585">
        <ele>2649.0500000000002</ele>
        <time>2023-05-06T12:38:47Z</time>
      </trkpt>
      <trkpt lat="-29.467235142365098" lon="29.157495992258191">
        <ele>2647.1300000000001</ele>
        <time>2023-05-06T12:38:48Z</time>
      </trkpt>
      <trkpt lat="-29.467048645019531" lon="29.156647324562073">
        <ele>2633.6700000000001</ele>
        <time>2023-05-06T12:38:54Z</time>
      </trkpt>
      <trkpt lat="-29.466992234811187" lon="29.156515309587121">
        <ele>2631.75</ele>
        <time>2023-05-06T12:38:55Z</time>
      </trkpt>
      <trkpt lat="-29.466921407729387" lon="29.156388659030199">
        <ele>2629.3400000000001</ele>
        <time>2023-05-06T12:38:56Z</time>
      </trkpt>
      <trkpt lat="-29.466834487393498" lon="29.156267121434212">
        <ele>2627.4200000000001</ele>
        <time>2023-05-06T12:38:57Z</time>
      </trkpt>
      <trkpt lat="-29.466742286458611" lon="29.15616150945425">
        <ele>2625.5</ele>
        <time>2023-05-06T12:38:58Z</time>
      </trkpt>
      <trkpt lat="-29.466643966734409" lon="29.156056651845574">
        <ele>2623.5799999999999</ele>
        <time>2023-05-06T12:38:59Z</time>
      </trkpt>
      <trkpt lat="-29.46561885997653" lon="29.154802802950144">
        <ele>2603.3899999999999</ele>
        <time>2023-05-06T12:39:09Z</time>
      </trkpt>
      <trkpt lat="-29.464905560016632" lon="29.154003923758864">
        <ele>2589.9299999999998</ele>
        <time>2023-05-06T12:39:15Z</time>
      </trkpt>
      <trkpt lat="-29.464836828410625" lon="29.153855480253696">
        <ele>2588.0100000000002</ele>
        <time>2023-05-06T12:39:16Z</time>
      </trkpt>
      <trkpt lat="-29.464794918894768" lon="29.153700415045023">
        <ele>2586.0799999999999</ele>
        <time>2023-05-06T12:39:17Z</time>
      </trkpt>
      <trkpt lat="-29.46477547287941" lon="29.153539733961225">
        <ele>2584.6399999999999</ele>
        <time>2023-05-06T12:39:18Z</time>
      </trkpt>
      <trkpt lat="-29.464775305241346" lon="29.153375113382936">
        <ele>2583.1999999999998</ele>
        <time>2023-05-06T12:39:19Z</time>
      </trkpt>
      <trkpt lat="-29.464795170351863" lon="29.153210073709488">
        <ele>2582.2399999999998</ele>
        <time>2023-05-06T12:39:20Z</time>
      </trkpt>
      <trkpt lat="-29.464833810925484" lon="29.153049476444721">
        <ele>2581.7600000000002</ele>
        <time>2023-05-06T12:39:21Z</time>
      </trkpt>
      <trkpt lat="-29.464885778725147" lon="29.152894411236048">
        <ele>2580.8000000000002</ele>
        <time>2023-05-06T12:39:22Z</time>
      </trkpt>
      <trkpt lat="-29.465016033500433" lon="29.152447739616036">
        <ele>2578.8699999999999</ele>
        <time>2023-05-06T12:39:25Z</time>
      </trkpt>
      <trkpt lat="-29.46503103710711" lon="29.152299212291837">
        <ele>2577.9099999999999</ele>
        <time>2023-05-06T12:39:26Z</time>
      </trkpt>
      <trkpt lat="-29.465023828670382" lon="29.152147499844432">
        <ele>2577.4299999999998</ele>
        <time>2023-05-06T12:39:27Z</time>
      </trkpt>
      <trkpt lat="-29.464995749294758" lon="29.151996206492186">
        <ele>2576.4699999999998</ele>
        <time>2023-05-06T12:39:28Z</time>
      </trkpt>
      <trkpt lat="-29.46495333686471" lon="29.151850445196033">
        <ele>2575.9899999999998</ele>
        <time>2023-05-06T12:39:29Z</time>
      </trkpt>
      <trkpt lat="-29.464904135093093" lon="29.151710299775004">
        <ele>2575.9899999999998</ele>
        <time>2023-05-06T12:39:30Z</time>
      </trkpt>
      <trkpt lat="-29.464846299961209" lon="29.151577278971672">
        <ele>2575.9899999999998</ele>
        <time>2023-05-06T12:39:31Z</time>
      </trkpt>
      <trkpt lat="-29.464773712679744" lon="29.151450712233782">
        <ele>2575.5100000000002</ele>
        <time>2023-05-06T12:39:32Z</time>
      </trkpt>
      <trkpt lat="-29.464684026315808" lon="29.151334706693888">
        <ele>2575.0300000000002</ele>
        <time>2023-05-06T12:39:33Z</time>
      </trkpt>
      <trkpt lat="-29.46457858197391" lon="29.15123320184648">
        <ele>2574.0700000000002</ele>
        <time>2023-05-06T12:39:34Z</time>
      </trkpt>
      <trkpt lat="-29.464456541463733" lon="29.151148712262511">
        <ele>2573.5900000000001</ele>
        <time>2023-05-06T12:39:35Z</time>
      </trkpt>
      <trkpt lat="-29.464321425184608" lon="29.151084674522281">
        <ele>2572.6300000000001</ele>
        <time>2023-05-06T12:39:36Z</time>
      </trkpt>
      <trkpt lat="-29.464172897860408" lon="29.151040837168694">
        <ele>2571.6599999999999</ele>
        <time>2023-05-06T12:39:37Z</time>
      </trkpt>
      <trkpt lat="-29.464014982804656" lon="29.151006639003754">
        <ele>2571.1799999999998</ele>
        <time>2023-05-06T12:39:38Z</time>
      </trkpt>
      <trkpt lat="-29.463051734492183" lon="29.150788206607103">
        <ele>2565.4200000000001</ele>
        <time>2023-05-06T12:39:44Z</time>
      </trkpt>
      <trkpt lat="-29.462919803336263" lon="29.150718301534653">
        <ele>2564.9299999999998</ele>
        <time>2023-05-06T12:39:45Z</time>
      </trkpt>
      <trkpt lat="-29.462800361216068" lon="29.150623753666878">
        <ele>2564.4499999999998</ele>
        <time>2023-05-06T12:39:46Z</time>
      </trkpt>
      <trkpt lat="-29.462693575769663" lon="29.150506742298603">
        <ele>2563.9699999999998</ele>
        <time>2023-05-06T12:39:47Z</time>
      </trkpt>
      <trkpt lat="-29.462602296844125" lon="29.150367686524987">
        <ele>2563.0100000000002</ele>
        <time>2023-05-06T12:39:48Z</time>
      </trkpt>
      <trkpt lat="-29.462523339316249" lon="29.150210777297616">
        <ele>2562.5300000000002</ele>
        <time>2023-05-06T12:39:49Z</time>
      </trkpt>
      <trkpt lat="-29.462452260777354" lon="29.150045737624168">
        <ele>2562.5300000000002</ele>
        <time>2023-05-06T12:39:50Z</time>
      </trkpt>
      <trkpt lat="-29.461971474811435" lon="29.148857267573476">
        <ele>2565.9000000000001</ele>
        <time>2023-05-06T12:39:58Z</time>
      </trkpt>
      <trkpt lat="-29.461918920278549" lon="29.148773867636919">
        <ele>2566.3800000000001</ele>
        <time>2023-05-06T12:39:59Z</time>
      </trkpt>
      <trkpt lat="-29.461858402937651" lon="29.148714020848274">
        <ele>2566.8600000000001</ele>
        <time>2023-05-06T12:40:00Z</time>
      </trkpt>
      <trkpt lat="-29.461786989122629" lon="29.148677559569478">
        <ele>2567.3400000000001</ele>
        <time>2023-05-06T12:40:01Z</time>
      </trkpt>
      <trkpt lat="-29.461707444861531" lon="29.14865761063993">
        <ele>2568.3000000000002</ele>
        <time>2023-05-06T12:40:02Z</time>
      </trkpt>
      <trkpt lat="-29.461617590859532" lon="29.148647887632251">
        <ele>2569.2600000000002</ele>
        <time>2023-05-06T12:40:03Z</time>
      </trkpt>
      <trkpt lat="-29.461514074355364" lon="29.148638248443604">
        <ele>2569.7399999999998</ele>
        <time>2023-05-06T12:40:04Z</time>
      </trkpt>
      <trkpt lat="-29.461109898984432" lon="29.148580497130752">
        <ele>2571.1799999999998</ele>
        <time>2023-05-06T12:40:08Z</time>
      </trkpt>
      <trkpt lat="-29.461022643372416" lon="29.148534648120403">
        <ele>2571.1799999999998</ele>
        <time>2023-05-06T12:40:09Z</time>
      </trkpt>
      <trkpt lat="-29.460943099111319" lon="29.148466503247619">
        <ele>2571.1799999999998</ele>
        <time>2023-05-06T12:40:10Z</time>
      </trkpt>
      <trkpt lat="-29.460877804085612" lon="29.148377655074">
        <ele>2570.6999999999998</ele>
        <time>2023-05-06T12:40:11Z</time>
      </trkpt>
      <trkpt lat="-29.460825249552727" lon="29.148269947618246">
        <ele>2570.6999999999998</ele>
        <time>2023-05-06T12:40:12Z</time>
      </trkpt>
      <trkpt lat="-29.460781328380108" lon="29.148147907108068">
        <ele>2570.2199999999998</ele>
        <time>2023-05-06T12:40:13Z</time>
      </trkpt>
      <trkpt lat="-29.460736149922013" lon="29.148016730323434">
        <ele>2569.7399999999998</ele>
        <time>2023-05-06T12:40:14Z</time>
      </trkpt>
      <trkpt lat="-29.460389893501997" lon="29.146876288577914">
        <ele>2561.5700000000002</ele>
        <time>2023-05-06T12:40:22Z</time>
      </trkpt>
      <trkpt lat="-29.460326274856925" lon="29.146751817315817">
        <ele>2560.1300000000001</ele>
        <time>2023-05-06T12:40:23Z</time>
      </trkpt>
      <trkpt lat="-29.460253771394491" lon="29.146634051576257">
        <ele>2559.1700000000001</ele>
        <time>2023-05-06T12:40:24Z</time>
      </trkpt>
      <trkpt lat="-29.460175903514028" lon="29.146526092663407">
        <ele>2557.73</ele>
        <time>2023-05-06T12:40:25Z</time>
      </trkpt>
      <trkpt lat="-29.460094599053264" lon="29.146425426006317">
        <ele>2556.7600000000002</ele>
        <time>2023-05-06T12:40:26Z</time>
      </trkpt>
      <trkpt lat="-29.460010696202517" lon="29.146334901452065">
        <ele>2555.3200000000002</ele>
        <time>2023-05-06T12:40:27Z</time>
      </trkpt>
      <trkpt lat="-29.45992436259985" lon="29.146252423524857">
        <ele>2554.3600000000001</ele>
        <time>2023-05-06T12:40:28Z</time>
      </trkpt>
      <trkpt lat="-29.459831826388836" lon="29.146179668605328">
        <ele>2553.4000000000001</ele>
        <time>2023-05-06T12:40:29Z</time>
      </trkpt>
      <trkpt lat="-29.459732500836253" lon="29.146120660007">
        <ele>2552.4400000000001</ele>
        <time>2023-05-06T12:40:30Z</time>
      </trkpt>
      <trkpt lat="-29.459627727046609" lon="29.146070117130876">
        <ele>2551.48</ele>
        <time>2023-05-06T12:40:31Z</time>
      </trkpt>
      <trkpt lat="-29.459519684314728" lon="29.146029381081462">
        <ele>2550.5100000000002</ele>
        <time>2023-05-06T12:40:32Z</time>
      </trkpt>
      <trkpt lat="-29.459409629926085" lon="29.145997278392315">
        <ele>2549.5500000000002</ele>
        <time>2023-05-06T12:40:33Z</time>
      </trkpt>
      <trkpt lat="-29.459291696548462" lon="29.145974814891815">
        <ele>2548.5900000000001</ele>
        <time>2023-05-06T12:40:34Z</time>
      </trkpt>
      <trkpt lat="-29.459165213629603" lon="29.145961990579963">
        <ele>2548.1100000000001</ele>
        <time>2023-05-06T12:40:35Z</time>
      </trkpt>
      <trkpt lat="-29.459030097350478" lon="29.145957212895155">
        <ele>2547.1500000000001</ele>
        <time>2023-05-06T12:40:36Z</time>
      </trkpt>
      <trkpt lat="-29.458888275548816" lon="29.145958386361599">
        <ele>2546.6700000000001</ele>
        <time>2023-05-06T12:40:37Z</time>
      </trkpt>
      <trkpt lat="-29.457598803564906" lon="29.145981604233384">
        <ele>2541.3800000000001</ele>
        <time>2023-05-06T12:40:47Z</time>
      </trkpt>
      <trkpt lat="-29.456723984330893" lon="29.145971462130547">
        <ele>2538.02</ele>
        <time>2023-05-06T12:40:55Z</time>
      </trkpt>
      <trkpt lat="-29.456609906628728" lon="29.145940449088812">
        <ele>2537.54</ele>
        <time>2023-05-06T12:40:56Z</time>
      </trkpt>
      <trkpt lat="-29.456488452851772" lon="29.145888397470117">
        <ele>2536.5799999999999</ele>
        <time>2023-05-06T12:40:57Z</time>
      </trkpt>
      <trkpt lat="-29.456368088722229" lon="29.145811954513192">
        <ele>2536.0999999999999</ele>
        <time>2023-05-06T12:40:58Z</time>
      </trkpt>
      <trkpt lat="-29.456255435943604" lon="29.145716233178973">
        <ele>2535.1300000000001</ele>
        <time>2023-05-06T12:40:59Z</time>
      </trkpt>
      <trkpt lat="-29.456154014915228" lon="29.145602574571967">
        <ele>2534.6500000000001</ele>
        <time>2023-05-06T12:41:00Z</time>
      </trkpt>
      <trkpt lat="-29.456066507846117" lon="29.145467206835747">
        <ele>2534.1700000000001</ele>
        <time>2023-05-06T12:41:01Z</time>
      </trkpt>
      <trkpt lat="-29.455989059060812" lon="29.145325133576989">
        <ele>2533.21</ele>
        <time>2023-05-06T12:41:02Z</time>
      </trkpt>
      <trkpt lat="-29.455816391855478" lon="29.145053224638104">
        <ele>2531.77</ele>
        <time>2023-05-06T12:41:04Z</time>
      </trkpt>
      <trkpt lat="-29.45571530610323" lon="29.14493135176599">
        <ele>2531.29</ele>
        <time>2023-05-06T12:41:05Z</time>
      </trkpt>
      <trkpt lat="-29.455605251714587" lon="29.144818363711238">
        <ele>2530.3299999999999</ele>
        <time>2023-05-06T12:41:06Z</time>
      </trkpt>
      <trkpt lat="-29.455489246174693" lon="29.144716188311577">
        <ele>2529.8499999999999</ele>
        <time>2023-05-06T12:41:07Z</time>
      </trkpt>
      <trkpt lat="-29.455367289483547" lon="29.144625412300229">
        <ele>2529.3699999999999</ele>
        <time>2023-05-06T12:41:08Z</time>
      </trkpt>
      <trkpt lat="-29.455240219831467" lon="29.144547879695892">
        <ele>2528.8899999999999</ele>
        <time>2023-05-06T12:41:09Z</time>
      </trkpt>
      <trkpt lat="-29.455108540132642" lon="29.144485434517264">
        <ele>2528.4000000000001</ele>
        <time>2023-05-06T12:41:10Z</time>
      </trkpt>
      <trkpt lat="-29.454971412196755" lon="29.144438160583377">
        <ele>2527.9200000000001</ele>
        <time>2023-05-06T12:41:11Z</time>
      </trkpt>
      <trkpt lat="-29.454830596223474" lon="29.144404968246818">
        <ele>2527.9200000000001</ele>
        <time>2023-05-06T12:41:12Z</time>
      </trkpt>
      <trkpt lat="-29.454116877168417" lon="29.144231043756008">
        <ele>2526</ele>
        <time>2023-05-06T12:41:17Z</time>
      </trkpt>
      <trkpt lat="-29.453980335965753" lon="29.144161976873875">
        <ele>2525.52</ele>
        <time>2023-05-06T12:41:18Z</time>
      </trkpt>
      <trkpt lat="-29.453846141695976" lon="29.144080504775047">
        <ele>2525.04</ele>
        <time>2023-05-06T12:41:19Z</time>
      </trkpt>
      <trkpt lat="-29.453219594433904" lon="29.143572393804789">
        <ele>2521.6799999999998</ele>
        <time>2023-05-06T12:41:24Z</time>
      </trkpt>
      <trkpt lat="-29.453120352700353" lon="29.143444653600454">
        <ele>2521.1900000000001</ele>
        <time>2023-05-06T12:41:25Z</time>
      </trkpt>
      <trkpt lat="-29.453033432364464" lon="29.143305011093616">
        <ele>2520.23</ele>
        <time>2023-05-06T12:41:26Z</time>
      </trkpt>
      <trkpt lat="-29.452957073226571" lon="29.143154053017497">
        <ele>2519.27</ele>
        <time>2023-05-06T12:41:27Z</time>
      </trkpt>
      <trkpt lat="-29.452894628047943" lon="29.143003262579441">
        <ele>2518.79</ele>
        <time>2023-05-06T12:41:28Z</time>
      </trkpt>
      <trkpt lat="-29.452842744067311" lon="29.142844174057245">
        <ele>2517.8299999999999</ele>
        <time>2023-05-06T12:41:29Z</time>
      </trkpt>
      <trkpt lat="-29.452799409627914" lon="29.142681062221527">
        <ele>2516.8699999999999</ele>
        <time>2023-05-06T12:41:30Z</time>
      </trkpt>
      <trkpt lat="-29.45257930085063" lon="29.141712700948119">
        <ele>2514.9499999999998</ele>
        <time>2023-05-06T12:41:36Z</time>
      </trkpt>
      <trkpt lat="-29.452525824308395" lon="29.141573645174503">
        <ele>2514.9499999999998</ele>
        <time>2023-05-06T12:41:37Z</time>
      </trkpt>
      <trkpt lat="-29.452460361644626" lon="29.141449593007565">
        <ele>2514.9499999999998</ele>
        <time>2023-05-06T12:41:38Z</time>
      </trkpt>
      <trkpt lat="-29.452387690544128" lon="29.141341550275683">
        <ele>2514.9499999999998</ele>
        <time>2023-05-06T12:41:39Z</time>
      </trkpt>
      <trkpt lat="-29.452309235930443" lon="29.141248092055321">
        <ele>2514.9499999999998</ele>
        <time>2023-05-06T12:41:40Z</time>
      </trkpt>
      <trkpt lat="-29.452222734689713" lon="29.141169805079699">
        <ele>2514.9499999999998</ele>
        <time>2023-05-06T12:41:41Z</time>
      </trkpt>
      <trkpt lat="-29.452132042497396" lon="29.141108365729451">
        <ele>2514.9499999999998</ele>
        <time>2023-05-06T12:41:42Z</time>
      </trkpt>
      <trkpt lat="-29.45203498005867" lon="29.141058158129454">
        <ele>2515.4299999999998</ele>
        <time>2023-05-06T12:41:43Z</time>
      </trkpt>
      <trkpt lat="-29.451933139935136" lon="29.141017505899072">
        <ele>2515.9099999999999</ele>
        <time>2023-05-06T12:41:44Z</time>
      </trkpt>
      <trkpt lat="-29.451830042526126" lon="29.140982888638973">
        <ele>2515.9099999999999</ele>
        <time>2023-05-06T12:41:45Z</time>
      </trkpt>
      <trkpt lat="-29.451139289885759" lon="29.140707375481725">
        <ele>2516.8699999999999</ele>
        <time>2023-05-06T12:41:51Z</time>
      </trkpt>
      <trkpt lat="-29.450122313573956" lon="29.140438064932823">
        <ele>2511.0999999999999</ele>
        <time>2023-05-06T12:41:58Z</time>
      </trkpt>
      <trkpt lat="-29.449974037706852" lon="29.140368746593595">
        <ele>2509.6599999999999</ele>
        <time>2023-05-06T12:41:59Z</time>
      </trkpt>
      <trkpt lat="-29.449831629171968" lon="29.140274031087756">
        <ele>2508.2199999999998</ele>
        <time>2023-05-06T12:42:00Z</time>
      </trkpt>
      <trkpt lat="-29.44969492033124" lon="29.140156181529164">
        <ele>2506.77</ele>
        <time>2023-05-06T12:42:01Z</time>
      </trkpt>
      <trkpt lat="-29.449558714404702" lon="29.1400230769068">
        <ele>2505.3299999999999</ele>
        <time>2023-05-06T12:42:02Z</time>
      </trkpt>
      <trkpt lat="-29.448165558278561" lon="29.138825973495841">
        <ele>2494.7600000000002</ele>
        <time>2023-05-06T12:42:11Z</time>
      </trkpt>
      <trkpt lat="-29.446864770725369" lon="29.137262580916286">
        <ele>2484.6599999999999</ele>
        <time>2023-05-06T12:42:21Z</time>
      </trkpt>
      <trkpt lat="-29.446443244814873" lon="29.136736700311303">
        <ele>2482.7399999999998</ele>
        <time>2023-05-06T12:42:25Z</time>
      </trkpt>
      <trkpt lat="-29.446330508217216" lon="29.13663879968226">
        <ele>2482.2600000000002</ele>
        <time>2023-05-06T12:42:26Z</time>
      </trkpt>
      <trkpt lat="-29.446213664487004" lon="29.136554142460227">
        <ele>2481.3000000000002</ele>
        <time>2023-05-06T12:42:27Z</time>
      </trkpt>
      <trkpt lat="-29.446089863777161" lon="29.136480968445539">
        <ele>2480.8200000000002</ele>
        <time>2023-05-06T12:42:28Z</time>
      </trkpt>
      <trkpt lat="-29.445959106087685" lon="29.136422295123339">
        <ele>2480.3400000000001</ele>
        <time>2023-05-06T12:42:29Z</time>
      </trkpt>
      <trkpt lat="-29.445823738351464" lon="29.136376278474927">
        <ele>2479.3800000000001</ele>
        <time>2023-05-06T12:42:30Z</time>
      </trkpt>
      <trkpt lat="-29.445684431120753" lon="29.136342918500304">
        <ele>2478.4200000000001</ele>
        <time>2023-05-06T12:42:31Z</time>
      </trkpt>
      <trkpt lat="-29.445539759472013" lon="29.136320371180773">
        <ele>2477.9400000000001</ele>
        <time>2023-05-06T12:42:32Z</time>
      </trkpt>
      <trkpt lat="-29.444514149799943" lon="29.136169413104653">
        <ele>2474.5700000000002</ele>
        <time>2023-05-06T12:42:39Z</time>
      </trkpt>
      <trkpt lat="-29.444393869489431" lon="29.136124569922686">
        <ele>2474.5700000000002</ele>
        <time>2023-05-06T12:42:40Z</time>
      </trkpt>
      <trkpt lat="-29.444293202832341" lon="29.13605835288763">
        <ele>2474.5700000000002</ele>
        <time>2023-05-06T12:42:41Z</time>
      </trkpt>
      <trkpt lat="-29.444213910028338" lon="29.135973108932376">
        <ele>2474.5700000000002</ele>
        <time>2023-05-06T12:42:42Z</time>
      </trkpt>
      <trkpt lat="-29.444155404344201" lon="29.135868083685637">
        <ele>2474.5700000000002</ele>
        <time>2023-05-06T12:42:43Z</time>
      </trkpt>
      <trkpt lat="-29.44411039352417" lon="29.135747971013188">
        <ele>2474.5700000000002</ele>
        <time>2023-05-06T12:42:44Z</time>
      </trkpt>
      <trkpt lat="-29.444062616676092" lon="29.135622326284647">
        <ele>2474.0900000000001</ele>
        <time>2023-05-06T12:42:45Z</time>
      </trkpt>
      <trkpt lat="-29.444000003859401" lon="29.135500285774469">
        <ele>2474.0900000000001</ele>
        <time>2023-05-06T12:42:46Z</time>
      </trkpt>
      <trkpt lat="-29.443919286131859" lon="29.135384615510702">
        <ele>2473.6100000000001</ele>
        <time>2023-05-06T12:42:47Z</time>
      </trkpt>
      <trkpt lat="-29.443826247006655" lon="29.135281518101692">
        <ele>2473.1300000000001</ele>
        <time>2023-05-06T12:42:48Z</time>
      </trkpt>
      <trkpt lat="-29.443719042465091" lon="29.135186551138759">
        <ele>2473.1300000000001</ele>
        <time>2023-05-06T12:42:49Z</time>
      </trkpt>
      <trkpt lat="-29.44360270164907" lon="29.135100468993187">
        <ele>2472.6500000000001</ele>
        <time>2023-05-06T12:42:50Z</time>
      </trkpt>
      <trkpt lat="-29.443482169881463" lon="29.135020924732089">
        <ele>2472.1700000000001</ele>
        <time>2023-05-06T12:42:51Z</time>
      </trkpt>
      <trkpt lat="-29.442893844097853" lon="29.134538797661662">
        <ele>2470.73</ele>
        <time>2023-05-06T12:42:57Z</time>
      </trkpt>
      <trkpt lat="-29.442796446382999" lon="29.134488506242633">
        <ele>2470.2399999999998</ele>
        <time>2023-05-06T12:42:58Z</time>
      </trkpt>
      <trkpt lat="-29.442691002041101" lon="29.134463611990213">
        <ele>2469.7600000000002</ele>
        <time>2023-05-06T12:42:59Z</time>
      </trkpt>
      <trkpt lat="-29.442583378404379" lon="29.13445858284831">
        <ele>2469.2800000000002</ele>
        <time>2023-05-06T12:43:00Z</time>
      </trkpt>
      <trkpt lat="-29.442471312358975" lon="29.134461097419262">
        <ele>2468.8000000000002</ele>
        <time>2023-05-06T12:43:01Z</time>
      </trkpt>
      <trkpt lat="-29.441334558650851" lon="29.134403681382537">
        <ele>2460.1500000000001</ele>
        <time>2023-05-06T12:43:10Z</time>
      </trkpt>
      <trkpt lat="-29.44120304659009" lon="29.134354311972857">
        <ele>2459.6700000000001</ele>
        <time>2023-05-06T12:43:11Z</time>
      </trkpt>
      <trkpt lat="-29.441070696339011" lon="29.134284658357501">
        <ele>2459.1900000000001</ele>
        <time>2023-05-06T12:43:12Z</time>
      </trkpt>
      <trkpt lat="-29.44094748236239" lon="29.134200252592564">
        <ele>2458.71</ele>
        <time>2023-05-06T12:43:13Z</time>
      </trkpt>
      <trkpt lat="-29.440832147374749" lon="29.13410184904933">
        <ele>2458.23</ele>
        <time>2023-05-06T12:43:14Z</time>
      </trkpt>
      <trkpt lat="-29.440724775195122" lon="29.133987184613943">
        <ele>2458.23</ele>
        <time>2023-05-06T12:43:15Z</time>
      </trkpt>
      <trkpt lat="-29.440627293661237" lon="29.133857348933816">
        <ele>2457.75</ele>
        <time>2023-05-06T12:43:16Z</time>
      </trkpt>
      <trkpt lat="-29.440537272021174" lon="29.133716365322471">
        <ele>2457.75</ele>
        <time>2023-05-06T12:43:17Z</time>
      </trkpt>
      <trkpt lat="-29.439537227153778" lon="29.132041661068797">
        <ele>2452.9400000000001</ele>
        <time>2023-05-06T12:43:29Z</time>
      </trkpt>
      <trkpt lat="-29.43944058381021" lon="29.131940742954612">
        <ele>2452.9400000000001</ele>
        <time>2023-05-06T12:43:30Z</time>
      </trkpt>
      <trkpt lat="-29.439329355955124" lon="29.131858181208372">
        <ele>2452.46</ele>
        <time>2023-05-06T12:43:31Z</time>
      </trkpt>
      <trkpt lat="-29.439204465597868" lon="29.131794897839427">
        <ele>2451.98</ele>
        <time>2023-05-06T12:43:32Z</time>
      </trkpt>
      <trkpt lat="-29.439075887203217" lon="29.131745444610715">
        <ele>2451.98</ele>
        <time>2023-05-06T12:43:33Z</time>
      </trkpt>
      <trkpt lat="-29.437775183469057" lon="29.131498681381345">
        <ele>2450.54</ele>
        <time>2023-05-06T12:43:42Z</time>
      </trkpt>
      <trkpt lat="-29.436708083376288" lon="29.131660619750619">
        <ele>2451.5</ele>
        <time>2023-05-06T12:43:50Z</time>
      </trkpt>
      <trkpt lat="-29.436597777530551" lon="29.131720634177327">
        <ele>2451.5</ele>
        <time>2023-05-06T12:43:51Z</time>
      </trkpt>
      <trkpt lat="-29.436363084241748" lon="29.131830940023065">
        <ele>2450.0599999999999</ele>
        <time>2023-05-06T12:43:53Z</time>
      </trkpt>
      <trkpt lat="-29.436233080923557" lon="29.131857845932245">
        <ele>2449.0999999999999</ele>
        <time>2023-05-06T12:43:54Z</time>
      </trkpt>
      <trkpt lat="-29.436092348769307" lon="29.131866479292512">
        <ele>2447.6500000000001</ele>
        <time>2023-05-06T12:43:55Z</time>
      </trkpt>
      <trkpt lat="-29.434768175706267" lon="29.131815265864134">
        <ele>2437.5599999999999</ele>
        <time>2023-05-06T12:44:03Z</time>
      </trkpt>
      <trkpt lat="-29.434610260650516" lon="29.131775870919228">
        <ele>2437.5599999999999</ele>
        <time>2023-05-06T12:44:04Z</time>
      </trkpt>
      <trkpt lat="-29.43445653654635" lon="29.131720634177327">
        <ele>2437.0799999999999</ele>
        <time>2023-05-06T12:44:05Z</time>
      </trkpt>
      <trkpt lat="-29.432949386537075" lon="29.130880851298571">
        <ele>2435.6399999999999</ele>
        <time>2023-05-06T12:44:15Z</time>
      </trkpt>
      <trkpt lat="-29.431845154613256" lon="29.129963032901287">
        <ele>2432.27</ele>
        <time>2023-05-06T12:44:23Z</time>
      </trkpt>
      <trkpt lat="-29.43104007281363" lon="29.129242189228535">
        <ele>2430.8299999999999</ele>
        <time>2023-05-06T12:44:29Z</time>
      </trkpt>
      <trkpt lat="-29.430924318730831" lon="29.12910170853138">
        <ele>2430.8299999999999</ele>
        <time>2023-05-06T12:44:30Z</time>
      </trkpt>
      <trkpt lat="-29.430819796398282" lon="29.128949241712689">
        <ele>2430.3499999999999</ele>
        <time>2023-05-06T12:44:31Z</time>
      </trkpt>
      <trkpt lat="-29.430725751444697" lon="29.128785794600844">
        <ele>2430.3499999999999</ele>
        <time>2023-05-06T12:44:32Z</time>
      </trkpt>
      <trkpt lat="-29.43063891492784" lon="29.128612037748098">
        <ele>2429.8699999999999</ele>
        <time>2023-05-06T12:44:33Z</time>
      </trkpt>
      <trkpt lat="-29.430288383737206" lon="29.127754904329777">
        <ele>2429.3899999999999</ele>
        <time>2023-05-06T12:44:38Z</time>
      </trkpt>
      <trkpt lat="-29.430220071226358" lon="29.127442762255669">
        <ele>2429.8699999999999</ele>
        <time>2023-05-06T12:44:40Z</time>
      </trkpt>
      <trkpt lat="-29.430173970758915" lon="29.127301946282387">
        <ele>2430.3499999999999</ele>
        <time>2023-05-06T12:44:41Z</time>
      </trkpt>
      <trkpt lat="-29.430112112313509" lon="29.12716917693615">
        <ele>2430.8299999999999</ele>
        <time>2023-05-06T12:44:42Z</time>
      </trkpt>
      <trkpt lat="-29.430034998804331" lon="29.127044454216957">
        <ele>2430.8299999999999</ele>
        <time>2023-05-06T12:44:43Z</time>
      </trkpt>
      <trkpt lat="-29.429947072640061" lon="29.126922246068716">
        <ele>2431.3099999999999</ele>
        <time>2023-05-06T12:44:44Z</time>
      </trkpt>
      <trkpt lat="-29.429850596934557" lon="29.126802971586585">
        <ele>2431.3099999999999</ele>
        <time>2023-05-06T12:44:45Z</time>
      </trkpt>
      <trkpt lat="-29.429627470672131" lon="29.126580515876412">
        <ele>2431.3099999999999</ele>
        <time>2023-05-06T12:44:47Z</time>
      </trkpt>
      <trkpt lat="-29.429499562829733" lon="29.126486638560891">
        <ele>2431.79</ele>
        <time>2023-05-06T12:44:48Z</time>
      </trkpt>
      <trkpt lat="-29.429361093789339" lon="29.126406759023666">
        <ele>2431.79</ele>
        <time>2023-05-06T12:44:49Z</time>
      </trkpt>
      <trkpt lat="-29.429214661940932" lon="29.126341380178928">
        <ele>2431.79</ele>
        <time>2023-05-06T12:44:50Z</time>
      </trkpt>
      <trkpt lat="-29.429057920351624" lon="29.126290585845709">
        <ele>2431.79</ele>
        <time>2023-05-06T12:44:51Z</time>
      </trkpt>
      <trkpt lat="-29.428889695554972" lon="29.126251190900803">
        <ele>2431.3099999999999</ele>
        <time>2023-05-06T12:44:52Z</time>
      </trkpt>
      <trkpt lat="-29.428716190159321" lon="29.126219423487782">
        <ele>2431.3099999999999</ele>
        <time>2023-05-06T12:44:53Z</time>
      </trkpt>
      <trkpt lat="-29.427385730668902" lon="29.125993195921183">
        <ele>2430.3499999999999</ele>
        <time>2023-05-06T12:45:02Z</time>
      </trkpt>
      <trkpt lat="-29.427277185022831" lon="29.125934690237045">
        <ele>2429.8699999999999</ele>
        <time>2023-05-06T12:45:03Z</time>
      </trkpt>
      <trkpt lat="-29.427183140069246" lon="29.125852044671774">
        <ele>2429.3899999999999</ele>
        <time>2023-05-06T12:45:04Z</time>
      </trkpt>
      <trkpt lat="-29.42708607763052" lon="29.125743499025702">
        <ele>2428.4299999999998</ele>
        <time>2023-05-06T12:45:05Z</time>
      </trkpt>
      <trkpt lat="-29.426986584439874" lon="29.125618943944573">
        <ele>2427.4699999999998</ele>
        <time>2023-05-06T12:45:06Z</time>
      </trkpt>
      <trkpt lat="-29.426226932555437" lon="29.12429166957736">
        <ele>2416.4099999999999</ele>
        <time>2023-05-06T12:45:15Z</time>
      </trkpt>
      <trkpt lat="-29.426187956705689" lon="29.124088911339641">
        <ele>2414.9699999999998</ele>
        <time>2023-05-06T12:45:16Z</time>
      </trkpt>
      <trkpt lat="-29.426158703863621" lon="29.123859917744994">
        <ele>2412.5700000000002</ele>
        <time>2023-05-06T12:45:17Z</time>
      </trkpt>
      <trkpt lat="-29.425873216241598" lon="29.122131066396832">
        <ele>2401.5100000000002</ele>
        <time>2023-05-06T12:45:23Z</time>
      </trkpt>
      <trkpt lat="-29.425470884889364" lon="29.120370196178555">
        <ele>2390.9400000000001</ele>
        <time>2023-05-06T12:45:29Z</time>
      </trkpt>
      <trkpt lat="-29.425358232110739" lon="29.120144136250019">
        <ele>2389.4899999999998</ele>
        <time>2023-05-06T12:45:30Z</time>
      </trkpt>
      <trkpt lat="-29.4252341799438" lon="29.119940791279078">
        <ele>2388.0500000000002</ele>
        <time>2023-05-06T12:45:31Z</time>
      </trkpt>
      <trkpt lat="-29.425103925168514" lon="29.119759742170572">
        <ele>2387.0900000000001</ele>
        <time>2023-05-06T12:45:32Z</time>
      </trkpt>
      <trkpt lat="-29.424968808889389" lon="29.119597468525171">
        <ele>2386.1300000000001</ele>
        <time>2023-05-06T12:45:33Z</time>
      </trkpt>
      <trkpt lat="-29.424830507487059" lon="29.119453383609653">
        <ele>2385.6500000000001</ele>
        <time>2023-05-06T12:45:34Z</time>
      </trkpt>
      <trkpt lat="-29.424691116437316" lon="29.119325978681445">
        <ele>2384.6900000000001</ele>
        <time>2023-05-06T12:45:35Z</time>
      </trkpt>
      <trkpt lat="-29.424551222473383" lon="29.119211565703154">
        <ele>2384.21</ele>
        <time>2023-05-06T12:45:36Z</time>
      </trkpt>
      <trkpt lat="-29.424408562481403" lon="29.119111821055412">
        <ele>2383.25</ele>
        <time>2023-05-06T12:45:37Z</time>
      </trkpt>
      <trkpt lat="-29.424263639375567" lon="29.119023391976953">
        <ele>2382.7600000000002</ele>
        <time>2023-05-06T12:45:38Z</time>
      </trkpt>
      <trkpt lat="-29.422442000359297" lon="29.118120661005378">
        <ele>2370.27</ele>
        <time>2023-05-06T12:45:50Z</time>
      </trkpt>
      <trkpt lat="-29.420967036858201" lon="29.117391686886549">
        <ele>2372.6700000000001</ele>
        <time>2023-05-06T12:46:01Z</time>
      </trkpt>
      <trkpt lat="-29.420542577281594" lon="29.117151210084558">
        <ele>2374.1100000000001</ele>
        <time>2023-05-06T12:46:05Z</time>
      </trkpt>
      <trkpt lat="-29.420473845675588" lon="29.117131344974041">
        <ele>2374.1100000000001</ele>
        <time>2023-05-06T12:46:06Z</time>
      </trkpt>
      <trkpt lat="-29.420416262000799" lon="29.117119861766696">
        <ele>2373.6300000000001</ele>
        <time>2023-05-06T12:46:07Z</time>
      </trkpt>
      <trkpt lat="-29.420085763558745" lon="29.117186833173037">
        <ele>2370.75</ele>
        <time>2023-05-06T12:46:17Z</time>
      </trkpt>
      <trkpt lat="-29.419987611472607" lon="29.117228491231799">
        <ele>2370.27</ele>
        <time>2023-05-06T12:46:19Z</time>
      </trkpt>
      <trkpt lat="-29.419922651723027" lon="29.117240058258176">
        <ele>2369.79</ele>
        <time>2023-05-06T12:46:20Z</time>
      </trkpt>
      <trkpt lat="-29.419846124947071" lon="29.117237040773034">
        <ele>2369.3099999999999</ele>
        <time>2023-05-06T12:46:21Z</time>
      </trkpt>
      <trkpt lat="-29.419764652848244" lon="29.117217846214771">
        <ele>2368.8299999999999</ele>
        <time>2023-05-06T12:46:22Z</time>
      </trkpt>
      <trkpt lat="-29.419676726683974" lon="29.117180882021785">
        <ele>2368.3499999999999</ele>
        <time>2023-05-06T12:46:23Z</time>
      </trkpt>
      <trkpt lat="-29.419590895995498" lon="29.117129081860185">
        <ele>2367.8600000000001</ele>
        <time>2023-05-06T12:46:24Z</time>
      </trkpt>
      <trkpt lat="-29.419509675353765" lon="29.117074180394411">
        <ele>2367.3800000000001</ele>
        <time>2023-05-06T12:46:25Z</time>
      </trkpt>
      <trkpt lat="-29.418664444237947" lon="29.116291729733348">
        <ele>2360.6500000000001</ele>
        <time>2023-05-06T12:46:37Z</time>
      </trkpt>
      <trkpt lat="-29.418195057660341" lon="29.115268047899008">
        <ele>2352.48</ele>
        <time>2023-05-06T12:46:47Z</time>
      </trkpt>
      <trkpt lat="-29.417855003848672" lon="29.113881681114435">
        <ele>2350.0799999999999</ele>
        <time>2023-05-06T12:46:56Z</time>
      </trkpt>
      <trkpt lat="-29.417140111327171" lon="29.112603776156902">
        <ele>2346.7199999999998</ele>
        <time>2023-05-06T12:47:05Z</time>
      </trkpt>
      <trkpt lat="-29.415997825562954" lon="29.110916331410408">
        <ele>2339.9899999999998</ele>
        <time>2023-05-06T12:47:18Z</time>
      </trkpt>
      <trkpt lat="-29.415282681584358" lon="29.109383951872587">
        <ele>2334.6999999999998</ele>
        <time>2023-05-06T12:47:28Z</time>
      </trkpt>
      <trkpt lat="-29.414373496547341" lon="29.108413998037577">
        <ele>2331.8099999999999</ele>
        <time>2023-05-06T12:47:36Z</time>
      </trkpt>
      <trkpt lat="-29.413551650941372" lon="29.107468351721764">
        <ele>2328.9299999999998</ele>
        <time>2023-05-06T12:47:44Z</time>
      </trkpt>
      <trkpt lat="-29.412483964115381" lon="29.105639504268765">
        <ele>2329.4099999999999</ele>
        <time>2023-05-06T12:47:56Z</time>
      </trkpt>
      <trkpt lat="-29.411422815173864" lon="29.104076195508242">
        <ele>2328.4499999999998</ele>
        <time>2023-05-06T12:48:07Z</time>
      </trkpt>
      <trkpt lat="-29.410342471674085" lon="29.102571560069919">
        <ele>2323.1599999999999</ele>
        <time>2023-05-06T12:48:16Z</time>
      </trkpt>
      <trkpt lat="-29.408628288656473" lon="29.100150028243661">
        <ele>2320.2800000000002</ele>
        <time>2023-05-06T12:48:32Z</time>
      </trkpt>
      <trkpt lat="-29.40856559202075" lon="29.100021701306105">
        <ele>2320.2800000000002</ele>
        <time>2023-05-06T12:48:33Z</time>
      </trkpt>
      <trkpt lat="-29.408462913706899" lon="29.099770495668054">
        <ele>2319.8000000000002</ele>
        <time>2023-05-06T12:48:35Z</time>
      </trkpt>
      <trkpt lat="-29.40840289928019" lon="29.099660776555538">
        <ele>2319.8000000000002</ele>
        <time>2023-05-06T12:48:36Z</time>
      </trkpt>
    </trkseg>
  </trk>

</gpx>